object_id,title,authors,assigned_role,audited_route,source_audit_status,source_audit_flags,decision,final_role,cleaning_policy,included_characters,duplicate_of_object_id,reason,landing_page_url,tei_sha256
bibit001546,Della dissimulazione onesta,"Accetto, Torquato",historical_general,historical_general,activation_candidate,note_multilingual_metadata,activate_core,historical_general,preserve_rendered_tei_text,46455,,passed canonical TEI role audit,http://www.bibliotecaitaliana.it/scheda/bibit001546,5752ca480557aff28b76ff70dd12eccd98dc0b9e457119152857a6381caea4b9
bibit000001,Tragedia di Antigone,"Alamanni, Luigi",historical_general,historical_general,activation_candidate,,activate_core,historical_general,preserve_rendered_tei_text,64483,,passed canonical TEI role audit,http://www.bibliotecaitaliana.it/scheda/bibit000001,f8abb8a372e3a485d9dcfeb8c2a15953869bdf6b437a43e323ea2408d2df1453
bibit000003,Cena familiaris,"Alberti, Leon Battista",historical_general,historical_general,activation_candidate,note_multilingual_metadata,activate_core,historical_general,preserve_rendered_tei_text,24016,,passed canonical TEI role audit,http://www.bibliotecaitaliana.it/scheda/bibit000003,6ab5f9431bdfa176b89c37cd73cb2cd56ee9491bd062303136c4ba53f2ff5400
bibit001200,De amore,"Alberti, Leon Battista",historical_general,historical_general,activation_candidate,,activate_core,historical_general,preserve_rendered_tei_text,35038,,passed canonical TEI role audit,http://www.bibliotecaitaliana.it/scheda/bibit001200,6b18e53bbf042031daf9b59e9ac3e95bf15591aefa6913dd55b73583c708d562
bibit000004,De commodis litterarum atque incommodis,"Alberti, Leon Battista",historical_general,historical_general,review_required,review_non_italian_language,exclude_non_italian,excluded,preserve_rendered_tei_text,0,,TEI language metadata identifies a non-Italian work,http://www.bibliotecaitaliana.it/scheda/bibit000004,cacae9fbb52e277caa0cc42f4ff7799a07e5d9455b973d99e95ad4128e5420f9
bibit001255,De iciarchia,"Alberti, Leon Battista",historical_general,historical_general,activation_candidate,note_multilingual_metadata,activate_core,historical_general,preserve_rendered_tei_text,219761,,passed canonical TEI role audit,http://www.bibliotecaitaliana.it/scheda/bibit001255,bbf6d7e340322481000d94219c78ae349016250d161d635745e306280482281d
bibit000882,De iure,"Alberti, Leon Battista",historical_general,historical_general,activation_candidate,,activate_core,historical_general,preserve_rendered_tei_text,27387,,passed canonical TEI role audit,http://www.bibliotecaitaliana.it/scheda/bibit000882,59fb67da9a209a110be412b87d157cb1a56e6993b6599e4a2df06f1f55f802ae
bibit000005,De pictura [Redazione volgare],"Alberti, Leon Battista",historical_general,historical_general,activation_candidate,,activate_core,historical_general,preserve_rendered_tei_text,96849,,passed canonical TEI role audit,http://www.bibliotecaitaliana.it/scheda/bibit000005,2c4a74bc837ad3f50c61696f6a497e3dd9b3a6b76e36b1d1ca29825e1ba43242
bibit000625,Deifira,"Alberti, Leon Battista",historical_general,historical_general,activation_candidate,,activate_core,historical_general,preserve_rendered_tei_text,45443,,passed canonical TEI role audit,http://www.bibliotecaitaliana.it/scheda/bibit000625,73f901280fca6840518ab4919bc99cbb34a9858e6025f3e9ec12807b7707ba11
bibit001155,Ecatonfilea,"Alberti, Leon Battista",historical_general,historical_general,activation_candidate,note_multilingual_metadata,activate_core,historical_general,preserve_rendered_tei_text,48903,,passed canonical TEI role audit,http://www.bibliotecaitaliana.it/scheda/bibit001155,29517819a18cb73c2b2d5ed68411487d20b426e4d9698af420ec2e4fb7397bf9
bibit000006,Epistola consolatoria,"Alberti, Leon Battista",historical_general,historical_general,activation_candidate,,activate_core,historical_general,preserve_rendered_tei_text,14317,,passed canonical TEI role audit,http://www.bibliotecaitaliana.it/scheda/bibit000006,29ae77318ae014c57b8e19f70225e1557d9cf3165030af6970b196a99428fd65
bibit000010,I libri della famiglia,"Alberti, Leon Battista",historical_general,historical_general,activation_candidate,note_multilingual_metadata,activate_core,historical_general,preserve_rendered_tei_text,702142,,passed canonical TEI role audit,http://www.bibliotecaitaliana.it/scheda/bibit000010,fdabe612e8d2198f06a7c5d5d9e61ef730b19512e225b78850b00690aa888490
bibit000854,Istorietta amorosa fra Leonora de' Bardi e Ippolito Bondelmonti,"Alberti, Leon Battista",historical_general,historical_general,activation_candidate,,activate_core,historical_general,preserve_rendered_tei_text,29082,,passed canonical TEI role audit,http://www.bibliotecaitaliana.it/scheda/bibit000854,3cf7230173723485ec3f534904433e4b51ddec769a3335c8d3a64d379de22f27
bibit000008,Naufragus,"Alberti, Leon Battista",historical_general,historical_general,activation_candidate,,activate_core,historical_general,preserve_rendered_tei_text,15412,,passed canonical TEI role audit,http://www.bibliotecaitaliana.it/scheda/bibit000008,287b1b9dcae0e36ead9b8b3f4a213725217f7e983ab76b9ca1b7307c69094b7d
bibit000368,Proemio al libro III dei Libri della famiglia,"Alberti, Leon Battista",historical_general,historical_general,activation_candidate,,activate_core,historical_general,preserve_rendered_tei_text,6508,,passed canonical TEI role audit,http://www.bibliotecaitaliana.it/scheda/bibit000368,e4348d044efef2c591a7458cddead6a5d3093e5be16e934ca1e645384cb17945
bibit000536,Profugiorum ab aerumna libri III,"Alberti, Leon Battista",historical_general,historical_general,activation_candidate,note_multilingual_metadata,activate_core,historical_general,preserve_rendered_tei_text,167869,,passed canonical TEI role audit,http://www.bibliotecaitaliana.it/scheda/bibit000536,6bc106eaafc5e789fa4ef432081800c68ba1038e5d6036a633d07bd81f7812db
bibit000703,Protesta,"Alberti, Leon Battista",historical_general,historical_general,activation_candidate,,activate_core,historical_general,preserve_rendered_tei_text,12106,,passed canonical TEI role audit,http://www.bibliotecaitaliana.it/scheda/bibit000703,333286a96390f882d5e85bed3a0b62bc00133ac06c4acd57ed6de0a31c73442d
bibit000009,Sentenze pitagoriche,"Alberti, Leon Battista",historical_general,historical_general,activation_candidate,,activate_core,historical_general,preserve_rendered_tei_text,3080,,passed canonical TEI role audit,http://www.bibliotecaitaliana.it/scheda/bibit000009,eefd6bf189ebef9b6f5a17e3b241668a165853d86bba2384e921617883a042ee
bibit000848,Sofrona,"Alberti, Leon Battista",historical_general,historical_general,activation_candidate,,activate_core,historical_general,preserve_rendered_tei_text,9975,,passed canonical TEI role audit,http://www.bibliotecaitaliana.it/scheda/bibit000848,c12101fb7a13d1d952500c61ebea2ccbdf9fdffd75aa7a2e4c9e8a49ada6e298
bibit000517,Theogenius,"Alberti, Leon Battista",historical_general,historical_general,activation_candidate,note_multilingual_metadata,activate_core,historical_general,preserve_rendered_tei_text,110225,,passed canonical TEI role audit,http://www.bibliotecaitaliana.it/scheda/bibit000517,f81c7f392feb4105f569035ff1d492abf9d020fb40f2bcc7423dcb0bcb409ad0
bibit000512,Uxoria,"Alberti, Leon Battista",historical_general,historical_general,activation_candidate,,activate_core,historical_general,preserve_rendered_tei_text,29271,,passed canonical TEI role audit,http://www.bibliotecaitaliana.it/scheda/bibit000512,78679727b5451a7034ceb19055c5a28465e311ecc64a5052bbf8af81b5194e73
bibit001441,Villa,"Alberti, Leon Battista",historical_general,historical_general,activation_candidate,note_multilingual_metadata,activate_core,historical_general,preserve_rendered_tei_text,9168,,passed canonical TEI role audit,http://www.bibliotecaitaliana.it/scheda/bibit001441,c3803ecfa07fbfb820cc997be4ddc9b4ba770e1b1425dbf8d3f9baf7425e3116
bibit000200,Volgarizzamento della Dissuasio Valerii,"Alberti, Leon Battista",historical_general,historical_general,activation_candidate,,activate_core,historical_general,preserve_rendered_tei_text,12143,,passed canonical TEI role audit,http://www.bibliotecaitaliana.it/scheda/bibit000200,1163a4a131c188e4e35b4b199bf1c6c717f2b5996168e57baa847ca0f3bbc697
bibit000017,Agamennone,"Alfieri, Vittorio",historical_general,historical_general,activation_candidate,,activate_core,historical_general,preserve_rendered_tei_text,59371,,passed canonical TEI role audit,http://www.bibliotecaitaliana.it/scheda/bibit000017,3ae22e8da6910b81767b58fb9705ce7d1c62ca0ba461a0b703da7a0535ae16a2
bibit000013,Antigone,"Alfieri, Vittorio",historical_general,historical_general,activation_candidate,,activate_core,historical_general,preserve_rendered_tei_text,56595,,passed canonical TEI role audit,http://www.bibliotecaitaliana.it/scheda/bibit000013,78ce4703e1cbe47cca6f3e47bba5842bc45b7e01ad7382a326f84c4d066269f3
bibit000015,Bruto primo,"Alfieri, Vittorio",historical_general,historical_general,activation_candidate,,activate_core,historical_general,preserve_rendered_tei_text,58094,,passed canonical TEI role audit,http://www.bibliotecaitaliana.it/scheda/bibit000015,158f700844f5062473c25582ab9beec624db9848daf2fc307328360ff2e3cb05
bibit000016,Bruto secondo,"Alfieri, Vittorio",historical_general,historical_general,activation_candidate,,activate_core,historical_general,preserve_rendered_tei_text,61593,,passed canonical TEI role audit,http://www.bibliotecaitaliana.it/scheda/bibit000016,c097f538b34f3c6dcc204db8413760be99683a29445692f5aebac1c4443f3afd
bibit001543,Della tirannide,"Alfieri, Vittorio",historical_general,historical_general,activation_candidate,note_multilingual_metadata,activate_core,historical_general,preserve_rendered_tei_text,200153,,passed canonical TEI role audit,http://www.bibliotecaitaliana.it/scheda/bibit001543,74baee3d5aa7903a414e6db5bd5f125bbf6eba85d6bb581393529631da38065a
bibit000217,Don Garzia,"Alfieri, Vittorio",historical_general,historical_general,activation_candidate,,activate_core,historical_general,preserve_rendered_tei_text,58600,,passed canonical TEI role audit,http://www.bibliotecaitaliana.it/scheda/bibit000217,be7aaeba50c444b092d6f02a33e765e90203e47f9d6282be93b71c680d20dbd4
bibit000834,Filippo,"Alfieri, Vittorio",historical_general,historical_general,activation_candidate,,activate_core,historical_general,preserve_rendered_tei_text,62000,,passed canonical TEI role audit,http://www.bibliotecaitaliana.it/scheda/bibit000834,bceac8fccd16896d16dfb608970d7a1a301570b14dd0ae1ea7a5b876b708e84f
bibit000579,La congiura de' Pazzi,"Alfieri, Vittorio",historical_general,historical_general,activation_candidate,,activate_core,historical_general,preserve_rendered_tei_text,63351,,passed canonical TEI role audit,http://www.bibliotecaitaliana.it/scheda/bibit000579,a4e9a3731ba67494cd32fffb86cd772841f35c35f7d577af94473042cbca9cd3
bibit000232,Maria Stuarda,"Alfieri, Vittorio",historical_general,historical_general,activation_candidate,,activate_core,historical_general,preserve_rendered_tei_text,61997,,passed canonical TEI role audit,http://www.bibliotecaitaliana.it/scheda/bibit000232,69ce7ca4375d36e4f7fde05a88e58bdf4254ea897ecbe7a9cc750b9e54164df8
bibit001624,Merope,"Alfieri, Vittorio",historical_general,historical_general,activation_candidate,,activate_core,historical_general,preserve_rendered_tei_text,63212,,passed canonical TEI role audit,http://www.bibliotecaitaliana.it/scheda/bibit001624,dc405bc22588e7268d89fb826e14a6e6efe836a19751d126e63fd65202220b8c
bibit000479,Mirra,"Alfieri, Vittorio",historical_general,historical_general,activation_candidate,,activate_core,historical_general,preserve_rendered_tei_text,60961,,passed canonical TEI role audit,http://www.bibliotecaitaliana.it/scheda/bibit000479,2e30be1c0ea3cdbdc744d656949cf6921db1282556d4177fbbef1f55ae7103c3
bibit001163,Oreste,"Alfieri, Vittorio",historical_general,historical_general,activation_candidate,,activate_core,historical_general,preserve_rendered_tei_text,62611,,passed canonical TEI role audit,http://www.bibliotecaitaliana.it/scheda/bibit001163,37b8bbc4668ac9147e60a190e83ec95d097dc015882b63eb6a6c6da44bd85f1f
bibit001054,Ottavia,"Alfieri, Vittorio",historical_general,historical_general,activation_candidate,,activate_core,historical_general,preserve_rendered_tei_text,59390,,passed canonical TEI role audit,http://www.bibliotecaitaliana.it/scheda/bibit001054,24d57464452339feb9d2088cddb12bdc0c2268efbb81ff3dc3183856adda709a
bibit000338,Polinice,"Alfieri, Vittorio",historical_general,historical_general,activation_candidate,,activate_core,historical_general,preserve_rendered_tei_text,62891,,passed canonical TEI role audit,http://www.bibliotecaitaliana.it/scheda/bibit000338,a5b632206227dfd2af40240fa80fa960bfe8cb7cb484d4c069c2c0d7ed836996
bibit000705,Rosmunda,"Alfieri, Vittorio",historical_general,historical_general,activation_candidate,,activate_core,historical_general,preserve_rendered_tei_text,61966,,passed canonical TEI role audit,http://www.bibliotecaitaliana.it/scheda/bibit000705,c9068806a87f0e9e4493b624def9e49478e9c273f2814d737ff4e52e620a3e2f
bibit000716,Saul,"Alfieri, Vittorio",historical_general,historical_general,activation_candidate,,activate_core,historical_general,preserve_rendered_tei_text,67248,,passed canonical TEI role audit,http://www.bibliotecaitaliana.it/scheda/bibit000716,4d7e4523ce6c2df8b75b711930fb3cb22910f4ed78101de9a70fd9c4f0972362
bibit000681,Sofonisba,"Alfieri, Vittorio",historical_general,historical_general,activation_candidate,,activate_core,historical_general,preserve_rendered_tei_text,47182,,passed canonical TEI role audit,http://www.bibliotecaitaliana.it/scheda/bibit000681,fd83b50bf1ac7b48852697e883a3cbcae3c09ef99cf5d2168973ef382544b7c9
bibit000880,Timoleone,"Alfieri, Vittorio",historical_general,historical_general,activation_candidate,,activate_core,historical_general,preserve_rendered_tei_text,56980,,passed canonical TEI role audit,http://www.bibliotecaitaliana.it/scheda/bibit000880,f7ecd7d5bf55df342f2553e4b36730d58e1042394c41de88a7a3faed552865ce
bibit001408,Virginia,"Alfieri, Vittorio",historical_general,historical_general,activation_candidate,,activate_core,historical_general,preserve_rendered_tei_text,62104,,passed canonical TEI role audit,http://www.bibliotecaitaliana.it/scheda/bibit001408,e8e70e2be23c998a25650c2d61874ed419f8d59a8deda15e9e5ebe069d7d119b
bibit000012,Vita,"Alfieri, Vittorio",historical_general,historical_general,activation_candidate,note_multilingual_metadata,activate_core,historical_general,preserve_rendered_tei_text,81499,,passed canonical TEI role audit,http://www.bibliotecaitaliana.it/scheda/bibit000012,1fa5f6c32e79f8e09484e58b25b850c7f849e8a02b9b25404fbbf4aca39bb869
bibit000805,Sopra la ricchezza della lingua italiana ne' termini militari,"Algarotti, Francesco",historical_general,historical_general,activation_candidate,note_multilingual_metadata,activate_core,historical_general,preserve_rendered_tei_text,12734,,passed canonical TEI role audit,http://www.bibliotecaitaliana.it/scheda/bibit000805,10b0e3e4c105f0e6d66efc3635d7922e1db0980b7a339de0009b205db9511d61
bibit001673,Convivio,"Alighieri, Dante",historical_general,historical_general,activation_candidate,,activate_core,historical_general,preserve_rendered_tei_text,404058,,passed canonical TEI role audit,http://www.bibliotecaitaliana.it/scheda/bibit001673,9db7cdcae69021db39ceb3b44089ccda33577148cf7790a82e8045776bc8016a
bibit000018,De vulgari eloquentia,"Alighieri, Dante",historical_general,historical_general,activation_candidate,note_multilingual_metadata,activate_core,historical_general,preserve_rendered_tei_text,80554,,passed canonical TEI role audit,http://www.bibliotecaitaliana.it/scheda/bibit000018,8841670222906fa31ec8addaa62258bfa2f8b9f1db5cfefa12f8a243c99a51f9
bibit000312,Epistole,"Alighieri, Dante",historical_general,historical_general,review_required,review_non_italian_language,exclude_non_italian,excluded,preserve_rendered_tei_text,0,,TEI language metadata identifies a non-Italian work,http://www.bibliotecaitaliana.it/scheda/bibit000312,f748479c5a4684ee6e44506cc7960c2abdbac91d2dbaffd8b414c87c9389f353
bibit001024,Monarchia,"Alighieri, Dante",historical_general,historical_general,review_required,review_non_italian_language,exclude_non_italian,excluded,preserve_rendered_tei_text,0,,TEI language metadata identifies a non-Italian work,http://www.bibliotecaitaliana.it/scheda/bibit001024,e710cd9e2db9ac18f34542d353b4c6333162515433129edd08426f17e814973f
bibit001095,Quaestio de aqua et terra,"Alighieri, Dante",historical_general,historical_general,review_required,review_non_italian_language,exclude_non_italian,excluded,preserve_rendered_tei_text,0,,TEI language metadata identifies a non-Italian work,http://www.bibliotecaitaliana.it/scheda/bibit001095,e3529ee50201941babdbbe3bee38079fd146b92f1fdf955eb7513a6189a0f42e
bibit000520,Vita nuova,"Alighieri, Dante",historical_general,historical_general,activation_candidate,note_multilingual_metadata,activate_core,historical_general,preserve_rendered_tei_text,82609,,passed canonical TEI role audit,http://www.bibliotecaitaliana.it/scheda/bibit000520,9c53720480cb749e2857603e2f0b793c7d50154955a53aab8d6def89ded2bbde
bibit000221,Chiose all' Inferno,"Alighieri, Jacopo",historical_general,historical_general,activation_candidate,,activate_core,historical_general,preserve_rendered_tei_text,169728,,passed canonical TEI role audit,http://www.bibliotecaitaliana.it/scheda/bibit000221,6b4d2b4be4959909d7d3405da24e562532609716cfd591db45da04f2b877b4bd
bibit000020,Il dedalione o ver del poeta,"Ammirato, Scipione",historical_general,historical_general,activation_candidate,,activate_core,historical_general,preserve_rendered_tei_text,67941,,passed canonical TEI role audit,http://www.bibliotecaitaliana.it/scheda/bibit000020,24566dcbbe00aacd96325e6f9010b9a901ffede43419ad0c7dce3b6aa43b4226
bibit000674,Le lettere di Gilio de Amoruso,"Amoruso, Gilio de",historical_general,historical_general,activation_candidate,,activate_core,historical_general,preserve_rendered_tei_text,43463,,passed canonical TEI role audit,http://www.bibliotecaitaliana.it/scheda/bibit000674,cee463f7c78a2755c58e1368c8b7cac536ae96be2287144800db67b2a09c528a
bibit000642,Volgarizzamento del Liber de doctrina loquendi et tacendi di Albertano da Brescia,Andrea da Grosseto,historical_general,historical_general,activation_candidate,,activate_core,historical_general,preserve_rendered_tei_text,45278,,passed canonical TEI role audit,http://www.bibliotecaitaliana.it/scheda/bibit000642,3f0547dacd2dc3668886f6fb62aaaab38c4b4365494c6eda7003759f4d53bf0b
bibit001590,Lo schiavetto,"Andreini, Giovan Battista",historical_general,historical_general,activation_candidate,note_multilingual_metadata,activate_core,historical_general,preserve_rendered_tei_text,225701,,passed canonical TEI role audit,http://www.bibliotecaitaliana.it/scheda/bibit001590,4a3a29429dfde3e8ec23a591333daaccb7b5e082241555766f4ad410cd1ac1d6
bibit000021,Cronica,Anonimo romano,historical_general,historical_general,review_required,note_multilingual_metadata;review_editorial_brackets,activate_core_with_bracket_cleanup,historical_general,strip_editorial_square_delimiters_and_labels,366547,,retain supplied historical text while removing editorial bracket notation,http://www.bibliotecaitaliana.it/scheda/bibit000021,b51408aec2f5b6f6a4c6b5f82896f3a0fb8eaa2967fe3ffb32e9b6d2bb5cea16
bibit001008,Educatione Christiana dei figliuoli,"Antoniano, Silvio",historical_general,historical_general,activation_candidate,,activate_core,historical_general,preserve_rendered_tei_text,967856,,passed canonical TEI role audit,http://www.bibliotecaitaliana.it/scheda/bibit001008,141b2a901440a7d07f2fcc97bd2c17aae8a03b5c5f1b6029eb76e1bd2e076d4d
bibit001664,Dialogo,"Aretino, Pietro",historical_general,historical_general,activation_candidate,note_multilingual_metadata,activate_core,historical_general,preserve_rendered_tei_text,423851,,passed canonical TEI role audit,http://www.bibliotecaitaliana.it/scheda/bibit001664,b7a59cba7ab60c0b1ce9f95aeb137fdf4c1d76ba686e8852549d0b19e80099cd
bibit000022,Lettere sull'arte,"Aretino, Pietro",historical_general,historical_general,activation_candidate,note_multilingual_metadata,activate_core,historical_general,preserve_rendered_tei_text,1119313,,passed canonical TEI role audit,http://www.bibliotecaitaliana.it/scheda/bibit000022,b72f18eac305669744b50cab4da40892a7889bf1ff69101ec6575823bf30e439
bibit001477,Ragionamento,"Aretino, Pietro",historical_general,historical_general,activation_candidate,note_multilingual_metadata,activate_core,historical_general,preserve_rendered_tei_text,287608,,passed canonical TEI role audit,http://www.bibliotecaitaliana.it/scheda/bibit001477,4f59adfa4b238df8272c6ae53c2e1a68b955517222ba2f103c2b6b9b7f92c1bf
bibit001389,Gynevera de le clare donne,"Arienti, Giovanni Sabadino degli",historical_general,historical_general,activation_candidate,note_multilingual_metadata,activate_core,historical_general,preserve_rendered_tei_text,358839,,passed canonical TEI role audit,http://www.bibliotecaitaliana.it/scheda/bibit001389,f1447a4fae9db5ad8f0baa84d8a8523b82acabad70e1c0dc0b77d325417fd361
bibit000917,Novelle porretane,"Arienti, Giovanni Sabadino degli",historical_general,historical_general,activation_candidate,,activate_core,historical_general,preserve_rendered_tei_text,746651,,passed canonical TEI role audit,http://www.bibliotecaitaliana.it/scheda/bibit000917,9d3bfddb2298c3974394b5a2893cf2a8d539f91c30f37ac12e238d4ab8154507
bibit000027,Cassaria,"Ariosto, Ludovico",historical_general,historical_general,activation_candidate,,activate_core,historical_general,preserve_rendered_tei_text,92251,,passed canonical TEI role audit,http://www.bibliotecaitaliana.it/scheda/bibit000027,7aab3e7974b5463d65f5a871ad6ae6ee423e8aa10bfb225960ffb5963525b82a
bibit000424,Erbolato,"Ariosto, Ludovico",historical_general,historical_general,activation_candidate,note_multilingual_metadata,activate_core,historical_general,preserve_rendered_tei_text,25589,,passed canonical TEI role audit,http://www.bibliotecaitaliana.it/scheda/bibit000424,daafe87983d08572c96aa3e7bea2a1bdd79577ffaf543c12041c423b168f20b3
bibit000100,Gride fatte pubblicare da Lodovico Ariosto ducale commissario generale in Garfagnana,"Ariosto, Ludovico",historical_general,historical_general,activation_candidate,note_multilingual_metadata,activate_core,historical_general,preserve_rendered_tei_text,1836,,passed canonical TEI role audit,http://www.bibliotecaitaliana.it/scheda/bibit000100,7df8d401f5557cd02151dd3662a5c8f1f4f1c79b71ac1275df5bae426ee1f30e
bibit001048,I Studenti,"Ariosto, Ludovico",historical_general,historical_general,activation_candidate,,activate_core,historical_general,preserve_rendered_tei_text,71105,,passed canonical TEI role audit,http://www.bibliotecaitaliana.it/scheda/bibit001048,0d5801bbd251e1b72b21332fac5e2cb77fe88f8223d59b83d4b17af6cf265c83
bibit000023,I suppositi,"Ariosto, Ludovico",historical_general,historical_general,activation_candidate,,activate_core,historical_general,preserve_rendered_tei_text,88924,,passed canonical TEI role audit,http://www.bibliotecaitaliana.it/scheda/bibit000023,f173c5b78f72d1464b9a7f381660933e25da02062448f7d18cf921d12cf93e0f
bibit000570,Il Negromante,"Ariosto, Ludovico",historical_general,historical_general,activation_candidate,,activate_core,historical_general,preserve_rendered_tei_text,93804,,passed canonical TEI role audit,http://www.bibliotecaitaliana.it/scheda/bibit000570,6a1cabc03aaebf989e8d9a75ee5adb458fa589c91c3bdcd1f6cfc5bb3dd74a8f
bibit001397,Il conto de' contadini,"Ariosto, Ludovico",historical_general,historical_general,activation_candidate,note_multilingual_metadata,activate_core,historical_general,preserve_rendered_tei_text,20272,,passed canonical TEI role audit,http://www.bibliotecaitaliana.it/scheda/bibit001397,d0258f39e4cd2e2b0e9e0602ff1e84b8692308fa7516a1a169f1f2e02e3a9812
bibit000819,La Cassaria (red. in versi),"Ariosto, Ludovico",historical_general,historical_general,activation_candidate,,activate_core,historical_general,preserve_rendered_tei_text,128808,,passed canonical TEI role audit,http://www.bibliotecaitaliana.it/scheda/bibit000819,c86cb099791e417ccdd7727ef7432ee3e6968534228f5f21a287addd1d749c41
bibit000732,La Lena,"Ariosto, Ludovico",historical_general,historical_general,activation_candidate,,activate_core,historical_general,preserve_rendered_tei_text,77427,,passed canonical TEI role audit,http://www.bibliotecaitaliana.it/scheda/bibit000732,13eafafff2d8455448b8849a8f303da25f8fffcdd25ba93aba2536a8f055f4ab
bibit001276,Lettere,"Ariosto, Ludovico",historical_general,historical_general,review_required,note_multilingual_metadata;review_editorial_brackets,activate_core_with_bracket_cleanup,historical_general,strip_editorial_square_delimiters_and_labels,455910,,retain supplied historical text while removing editorial bracket notation,http://www.bibliotecaitaliana.it/scheda/bibit001276,6ea99d1a59e780a3ee56b30d5493633ffe6a48e7a1c23d35305caa4566800f8e
bibit000248,Libro de M. Ludovico Ariosto commissario in Garfagnana dato a' dì 26 de zenaro 1526,"Ariosto, Ludovico",historical_general,historical_general,activation_candidate,note_multilingual_metadata,activate_core,historical_general,preserve_rendered_tei_text,23022,,passed canonical TEI role audit,http://www.bibliotecaitaliana.it/scheda/bibit000248,70bdbdf0c77adc3b0ca548bfff99b6a81ee7009307fa877533bd17ad4b68bd4e
bibit001106,Robe serrate in guardaroba,"Ariosto, Ludovico",historical_general,historical_general,activation_candidate,,activate_core,historical_general,preserve_rendered_tei_text,5842,,passed canonical TEI role audit,http://www.bibliotecaitaliana.it/scheda/bibit001106,8fbe7138899cadb031c6458bb56e4542fbec0dc30a69368808ac03d63ae1ef75
bibit000945,Relazione di Spagna (1578),"Badoer, Alberto",historical_general,historical_general,activation_candidate,,activate_core,historical_general,preserve_rendered_tei_text,9569,,passed canonical TEI role audit,http://www.bibliotecaitaliana.it/scheda/bibit000945,0731c31638b2a390c9b2b719ef83f021e07d5b96e021aee1d22283cd3b67f15b
bibit000694,Relazione di Francia di Angelo Badoer (1603-1605),"Badoer, Angelo",historical_general,historical_general,activation_candidate,,activate_core,historical_general,preserve_rendered_tei_text,200515,,passed canonical TEI role audit,http://www.bibliotecaitaliana.it/scheda/bibit000694,54acf29a17485445a54182c48199098f588370275010e7d8a9aad662f5e2cb15
bibit001442,Relazione di Spagna (1557),"Badoer, Federico",historical_general,historical_general,activation_candidate,note_multilingual_metadata,activate_core,historical_general,preserve_rendered_tei_text,280175,,passed canonical TEI role audit,http://www.bibliotecaitaliana.it/scheda/bibit001442,2542393d8862ce6d93a251f8bf7f333d47ecfd8ba0104ec255d0421e28063721
bibit000031,Della Eloquenza,"Barbaro, Daniele Matteo Alvise",historical_general,historical_general,activation_candidate,,activate_core,historical_general,preserve_rendered_tei_text,228209,,passed canonical TEI role audit,http://www.bibliotecaitaliana.it/scheda/bibit000031,ab7c0ff477a59c441084ea45d2b367ea08fb952b81ec9389fcf4c1164e2f45cb
bibit001439,Prudentissimi et gravi documenti circa l'elettion della moglie,"Barbaro, Francesco",historical_general,historical_general,activation_candidate,,activate_core,historical_general,preserve_rendered_tei_text,164472,,passed canonical TEI role audit,http://www.bibliotecaitaliana.it/scheda/bibit001439,72146558ff903e8e2ff66f81956a4b41fceba189aca8aef1207b60756df0ac85
bibit001564,L'inavertito,"Barbieri, Nicolò",historical_general,historical_general,activation_candidate,note_multilingual_metadata,activate_core,historical_general,preserve_rendered_tei_text,199555,,passed canonical TEI role audit,http://www.bibliotecaitaliana.it/scheda/bibit001564,df37277914396de3447214050ed3a1da02ca312ed53edc8d6493b6ead28e7efa
bibit000651,Epistolario,Barnaba di Nanni di Barnaba,historical_general,historical_general,activation_candidate,note_multilingual_metadata,activate_core,historical_general,preserve_rendered_tei_text,22637,,passed canonical TEI role audit,http://www.bibliotecaitaliana.it/scheda/bibit000651,b5e3dde652f16b61053a589f7b5470d3bf85043c5181be34d541df2bf00f1309
bibit000210,Lo Inferno della Commedia di Dante Alighieri col comento di Guiniforto delli Bargigi,"Barzizza, Guiniforte",historical_general,historical_general,review_required,note_multilingual_metadata;review_editorial_brackets,activate_core_with_bracket_cleanup,historical_general,strip_editorial_square_delimiters_and_labels,1251286,,retain supplied historical text while removing editorial bracket notation,http://www.bibliotecaitaliana.it/scheda/bibit000210,8b939af1896a77c068dfa4887c7ed4b1e7816e89568c47fa4d9b3aec7d086596
bibit001700,Le Muse napolitane,"Basile, Giovan Battista",historical_general,historical_general,review_required,review_language_variety;note_multilingual_metadata,exclude_core_language_variety,excluded_language_variety_evidence,preserve_rendered_tei_text,0,,"dialect, vernacular, or mixed-language variety is not core standard Italian",http://www.bibliotecaitaliana.it/scheda/bibit001700,a8c8465b09d3a7ee05731820d3be994dce5e61b9063621ff5278606a8742eb37
bibit001028,Lettere,"Basile, Giovan Battista",historical_general,historical_general,activation_candidate,note_multilingual_metadata,activate_core,historical_general,preserve_rendered_tei_text,50945,,passed canonical TEI role audit,http://www.bibliotecaitaliana.it/scheda/bibit001028,d1aab34903d0d465079c9fc57ac183773f3eabeafb0166dd0e52692d0fd47506
bibit000652,Lo cunto de li cunti,"Basile, Giovan Battista",historical_general,historical_general,review_required,review_language_variety,exclude_core_language_variety,excluded_language_variety_evidence,preserve_rendered_tei_text,0,,"dialect, vernacular, or mixed-language variety is not core standard Italian",http://www.bibliotecaitaliana.it/scheda/bibit000652,e32f19019f42208dfd1dd157a6ee41c7083e73bed00f2f7f2f14f3a3e06aff05
bibit000701,Il sacrificio (1555),"Beccari, Agostino",historical_general,historical_general,activation_candidate,note_multilingual_metadata,activate_core,historical_general,preserve_rendered_tei_text,98758,,passed canonical TEI role audit,http://www.bibliotecaitaliana.it/scheda/bibit000701,db90ba18dd548074fe716a674726e084c284ec6e209ff7970c1c9cdf741e2a76
bibit000461,Il sacrificio (1587),"Beccari, Agostino",historical_general,historical_general,activation_candidate,,activate_core,historical_general,preserve_rendered_tei_text,116555,,passed canonical TEI role audit,http://www.bibliotecaitaliana.it/scheda/bibit000461,0168274f838ecf34d27574e0c40a985909015cb0f415be5521cd51b4846cb84f
bibit001013,Egloga ovvero Pasturale,"Bellincioni, Bernardo",historical_general,historical_general,activation_candidate,,activate_core,historical_general,preserve_rendered_tei_text,10367,,passed canonical TEI role audit,http://www.bibliotecaitaliana.it/scheda/bibit001013,32ac9283aee09724e24b6d71fa7b9541f699bafb81ff37aaca09d0be42b9e1cc
bibit001683,Ripresentazione di Pavia,"Bellincioni, Bernardo",historical_general,historical_general,activation_candidate,,activate_core,historical_general,preserve_rendered_tei_text,11910,,passed canonical TEI role audit,http://www.bibliotecaitaliana.it/scheda/bibit001683,c76d5e55f5db718aad8625df580cc529e7fa965488da3ec5cadac293e64cea08
bibit000483,Comedia di Malpratico,"Bello, Francesco (detto Cieco da Ferrara)",historical_general,historical_general,review_required,review_language_variety,exclude_core_language_variety,excluded_language_variety_evidence,preserve_rendered_tei_text,0,,"dialect, vernacular, or mixed-language variety is not core standard Italian",http://www.bibliotecaitaliana.it/scheda/bibit000483,a39c2e6889e80948ff4f67acba8e79891c2818c0b1faf90a68befa210de07ac8
bibit000337,Alcune considerazioni intorno all'allegoria,"Beltrami, Fabrizio",historical_general,historical_general,activation_candidate,note_multilingual_metadata,activate_core,historical_general,preserve_rendered_tei_text,26895,,passed canonical TEI role audit,http://www.bibliotecaitaliana.it/scheda/bibit000337,0c4aff68742e6a1a681d9b8ae583af8146b7aac28f8b965050916c136d67e3d5
bibit000035,Asolani,"Bembo, Pietro",historical_general,historical_general,activation_candidate,,activate_core,historical_general,preserve_rendered_tei_text,333730,,passed canonical TEI role audit,http://www.bibliotecaitaliana.it/scheda/bibit000035,5c436d4d966a0ad355b4a399fc2c8d7b0b34c46e02226e057e0147059945cfa0
bibit000034,Prose della volgar lingua,"Bembo, Pietro",historical_general,historical_general,activation_candidate,,activate_core,historical_general,preserve_rendered_tei_text,371303,,passed canonical TEI role audit,http://www.bibliotecaitaliana.it/scheda/bibit000034,d7f6b440529be618cc749920197d96848d3d40d6ebbe51d581360d978cc86275
bibit001254,Il Raverta,"Betussi, Giuseppe",historical_general,historical_general,review_required,note_multilingual_metadata;review_editorial_brackets,activate_core_with_bracket_cleanup,historical_general,strip_editorial_square_delimiters_and_labels,290047,,retain supplied historical text while removing editorial bracket notation,http://www.bibliotecaitaliana.it/scheda/bibit001254,aa70b7771f83212c65efd36b916a6ee0fa3e0f4e64444d24a2e278ae7da5797d
bibit001286,La Leonora,"Betussi, Giuseppe",historical_general,historical_general,activation_candidate,,activate_core,historical_general,preserve_rendered_tei_text,88553,,passed canonical TEI role audit,http://www.bibliotecaitaliana.it/scheda/bibit001286,9842963b3dfcb7c328fccceea65b45aa5783b733b0839bd259b5722e746a8d13
bibit001562,Addizione al libro delle donne illustri di Boccaccio,"Betussi, Giuseppe - Boccaccio, Giovanni",historical_general,historical_general,activation_candidate,,activate_core,historical_general,preserve_rendered_tei_text,242857,,passed canonical TEI role audit,http://www.bibliotecaitaliana.it/scheda/bibit001562,74293f9c910bf30c4cf4fe389420050d7f5c1f0e7eeb19e2d69ee41b379b900e
bibit000383,Allegoria mitologica,"Boccaccio, Giovanni",historical_general,historical_general,review_required,review_non_italian_language,exclude_non_italian,excluded,preserve_rendered_tei_text,0,,TEI language metadata identifies a non-Italian work,http://www.bibliotecaitaliana.it/scheda/bibit000383,5af6fd12f9d1a5319c0229b5a04afd21ca6e1da378b8609579439c8d836915b0
bibit001053,Consolatoria a Pino de' Rossi,"Boccaccio, Giovanni",historical_general,historical_general,activation_candidate,,activate_core,historical_general,preserve_rendered_tei_text,49693,,passed canonical TEI role audit,http://www.bibliotecaitaliana.it/scheda/bibit001053,446bc4ae68e50e3924cf4bf393f7b426f35017dfbc077d9c0e8e4af2e8e26852
bibit000039,Corbaccio,"Boccaccio, Giovanni",historical_general,historical_general,activation_candidate,note_multilingual_metadata,activate_core,historical_general,preserve_rendered_tei_text,169428,,passed canonical TEI role audit,http://www.bibliotecaitaliana.it/scheda/bibit000039,44874361adeacf25638bf3de53ac4acbb536718fe2f2c5ef2f61e13b8b2033ac
bibit000267,Decameron,"Boccaccio, Giovanni",historical_general,historical_general,activation_candidate,note_multilingual_metadata,activate_core,historical_general,preserve_rendered_tei_text,1483378,,passed canonical TEI role audit,http://www.bibliotecaitaliana.it/scheda/bibit000267,216451233024d2dfce9b6918c5abe286341f26497c36d91879e4e613f74dc81d
bibit000043,Elegia di Madonna Fiammetta,"Boccaccio, Giovanni",historical_general,historical_general,review_required,review_editorial_brackets,activate_core_with_bracket_cleanup,historical_general,strip_editorial_square_delimiters_and_labels,334237,,retain supplied historical text while removing editorial bracket notation,http://www.bibliotecaitaliana.it/scheda/bibit000043,45f2dca7368a0a4564581d11a60994b02f211ff4fea8448eaa7bc536991a5543
bibit000919,Epistole e lettere,"Boccaccio, Giovanni",historical_general,historical_general,activation_candidate,,activate_core,historical_general,preserve_rendered_tei_text,264003,,passed canonical TEI role audit,http://www.bibliotecaitaliana.it/scheda/bibit000919,496e0b355f75174f09afb00850c851347dbdcab2308c011ad9aa5c65ebb88c34
bibit000800,Esposizioni sopra la Commedia di Dante,"Boccaccio, Giovanni",historical_general,historical_general,activation_candidate,note_multilingual_metadata,activate_core,historical_general,preserve_rendered_tei_text,1403320,,passed canonical TEI role audit,http://www.bibliotecaitaliana.it/scheda/bibit000800,41cfd12b5fec4f33448c15286c4a9fdc7a217777da29025b2dfeb026227a733f
bibit000042,Filocolo,"Boccaccio, Giovanni",historical_general,historical_general,review_required,review_editorial_brackets,activate_core_with_bracket_cleanup,historical_general,strip_editorial_square_delimiters_and_labels,1211925,,retain supplied historical text while removing editorial bracket notation,http://www.bibliotecaitaliana.it/scheda/bibit000042,784180a28348b18537eaa31e18f5f28a4ea0468bc3324e25d9f99f8b5c8052d1
bibit000101,Trattatello in laude di Dante,"Boccaccio, Giovanni",historical_general,historical_general,activation_candidate,note_multilingual_metadata,activate_core,historical_general,preserve_rendered_tei_text,121523,,passed canonical TEI role audit,http://www.bibliotecaitaliana.it/scheda/bibit000101,748f0d98843c91fcd566f63b6b0c2ebeaa623ef2eb8041c352400a266159f8b2
bibit001277,"Discorso sopra le lite delle armi, et delle lettere; et acui si dee il primo luogo di nobiltà attribuire.","Bocchi, Francesco",historical_general,historical_general,activation_candidate,,activate_core,historical_general,preserve_rendered_tei_text,37401,,passed canonical TEI role audit,http://www.bibliotecaitaliana.it/scheda/bibit001277,451ec073ee59ce3beb99c09ae32129900f377a152ba3d534896c6b24dbd70850
bibit001693,Lettere,"Boiardo, Matteo Maria",historical_general,historical_general,review_required,note_multilingual_metadata;review_editorial_brackets,activate_core_with_bracket_cleanup,historical_general,strip_editorial_square_delimiters_and_labels,561825,,retain supplied historical text while removing editorial bracket notation,http://www.bibliotecaitaliana.it/scheda/bibit001693,d5c7344fb3988a34cb88c512cb19ca0ea509b9630d03f96a52bbf3fdc3aa90ec
bibit000124,Timone,"Boiardo, Matteo Maria",historical_general,historical_general,activation_candidate,,activate_core,historical_general,preserve_rendered_tei_text,76257,,passed canonical TEI role audit,http://www.bibliotecaitaliana.it/scheda/bibit000124,adddebfa551083f0725ef4fc514b0f0ea8e795aa1e421e787a4d13bd1d9cfa9d
bibit000378,Descrizione del Serraglio del Gransignore,"Bon, Ottaviano",historical_general,historical_general,activation_candidate,note_multilingual_metadata,activate_core,historical_general,preserve_rendered_tei_text,141159,,passed canonical TEI role audit,http://www.bibliotecaitaliana.it/scheda/bibit000378,a0f190ca1d6c75e192d43b377828b6db81e3476a3300fc0be781e7460fff41c3
bibit000458,Massime essenziali dell'Impero Ottomano,"Bon, Ottaviano",historical_general,historical_general,activation_candidate,note_multilingual_metadata,activate_core,historical_general,preserve_rendered_tei_text,19178,,passed canonical TEI role audit,http://www.bibliotecaitaliana.it/scheda/bibit000458,b1b3f65970281bc1e22c3edd0498472a506e3ab959914ca24046744f76f75da1
bibit000671,Relazione dell'ambasceria straordinaria in Francia (1617),"Bon, Ottaviano",historical_general,historical_general,activation_candidate,,activate_core,historical_general,preserve_rendered_tei_text,76449,,passed canonical TEI role audit,http://www.bibliotecaitaliana.it/scheda/bibit000671,948a726cb3dc41a2f9c28a34de2776979e8777575740b67d6f09514ce60c9499
bibit000626,"L'oplomachia pisana, ovvero la battaglia del ponte di Pisa","Borghi, Camillo Ranier",historical_general,historical_general,activation_candidate,note_multilingual_metadata,activate_core,historical_general,preserve_rendered_tei_text,251007,,passed canonical TEI role audit,http://www.bibliotecaitaliana.it/scheda/bibit000626,f177a6d40368d451b7838d0420d87f035dd3536553465e312209bbe026452659
bibit001600,Il manuale di mercatura di Saminiato de' Ricci,"Borlandi, Antonia",historical_general,historical_general,activation_candidate,note_multilingual_metadata,activate_core,historical_general,preserve_rendered_tei_text,88463,,passed canonical TEI role audit,http://www.bibliotecaitaliana.it/scheda/bibit001600,bb31ee5072c17658fd00b1f8db71773b0268fe9828b72f80a42999ae7f68ca31
bibit000263,Un memoriale ad Alfonso d'Aragona,Borso e Leonello d'Este,historical_general,historical_general,activation_candidate,note_multilingual_metadata,activate_core,historical_general,preserve_rendered_tei_text,69268,,passed canonical TEI role audit,http://www.bibliotecaitaliana.it/scheda/bibit000263,afca4edcca52e9265ab2436ac6f2e589aef664d22d51fe0f1257b7261d00b160
bibit000345,Aggiunte alla ragion di stato,"Botero, Giovanni",historical_general,historical_general,activation_candidate,note_multilingual_metadata,activate_core,historical_general,preserve_rendered_tei_text,250611,,passed canonical TEI role audit,http://www.bibliotecaitaliana.it/scheda/bibit000345,9990e5e103a70bb012723834892172d24295e24df513afb7ad051e4dbd6234f5
bibit000790,Che numero di gente facesse Roma nel colmo della sua grandezza,"Botero, Giovanni",historical_general,historical_general,activation_candidate,,activate_core,historical_general,preserve_rendered_tei_text,3937,,passed canonical TEI role audit,http://www.bibliotecaitaliana.it/scheda/bibit000790,1ddfe83ce5a888f492add2af51ec8bbc991c466926cc592a0666913a962f74f5
bibit001098,Dell'eccellenza della monarchia,"Botero, Giovanni",historical_general,historical_general,activation_candidate,note_multilingual_metadata,activate_core,historical_general,preserve_rendered_tei_text,16602,,passed canonical TEI role audit,http://www.bibliotecaitaliana.it/scheda/bibit001098,72882389237c3f004ba94b75e3c3f190256910c8d3be6b06b6334d45e369ff7c
bibit000589,Della ragione di stato,"Botero, Giovanni",historical_general,historical_general,activation_candidate,note_multilingual_metadata;empty_or_too_short_after_sonnet_quarantine,exclude_empty_or_too_short,excluded,preserve_rendered_tei_text,0,,fewer than 200 routed characters remain after poem quarantine,http://www.bibliotecaitaliana.it/scheda/bibit000589,5c9dd7a46753c487df79ea90a1d27c335b4eed097069a22f3ad95aa4adf497e1
bibit000618,Della ragione di stato (1598),"Botero, Giovanni",historical_general,historical_general,activation_candidate,note_multilingual_metadata,activate_core,historical_general,preserve_rendered_tei_text,486134,,passed canonical TEI role audit,http://www.bibliotecaitaliana.it/scheda/bibit000618,e51a94863545e94cf768ef4f2c893ce5cf41e82988968f6c312e0a3908a640a4
bibit000780,Delle cause della grandezza e magnificienza delle città,"Botero, Giovanni",historical_general,historical_general,activation_candidate,note_multilingual_metadata,activate_core,historical_general,preserve_rendered_tei_text,105783,,passed canonical TEI role audit,http://www.bibliotecaitaliana.it/scheda/bibit000780,1fdbf0f4a1ceea7198302e18e091000575b6b6edff2fe8b66f89e82e7778f614
bibit001512,Discorso della nobiltà,"Botero, Giovanni",historical_general,historical_general,activation_candidate,note_multilingual_metadata,activate_core,historical_general,preserve_rendered_tei_text,26420,,passed canonical TEI role audit,http://www.bibliotecaitaliana.it/scheda/bibit001512,8ba5c898be3b9a5e2ca06a1eb05bf8104cfdaa4ef46823a3b152e72e31e5b984
bibit000590,Discorso intorno allo Stato della Chiesa,"Botero, Giovanni",historical_general,historical_general,activation_candidate,note_multilingual_metadata,activate_core,historical_general,preserve_rendered_tei_text,43516,,passed canonical TEI role audit,http://www.bibliotecaitaliana.it/scheda/bibit000590,8889894240f6773ab4ffa6c931aa0c553af7416b9c0da86d619b6a4dbcd2c1c0
bibit001196,Discorso sopra il nome dell'isola Taprobana,"Botero, Giovanni",historical_general,historical_general,activation_candidate,,activate_core,historical_general,preserve_rendered_tei_text,4627,,passed canonical TEI role audit,http://www.bibliotecaitaliana.it/scheda/bibit001196,8ccc4721550023fd7375497dec0eb1f7bd3d759708358d5f05958a5d0b6bc56a
bibit001337,I prencipi e i capitani illustri,"Botero, Giovanni",historical_general,historical_general,activation_candidate,,activate_core,historical_general,preserve_rendered_tei_text,24480,,passed canonical TEI role audit,http://www.bibliotecaitaliana.it/scheda/bibit001337,8c6c0320533389d6c61ad2c02cbc46f04a0c0f84c3374f8467aef337be67d847
bibit001657,Relazione della contea di Nizza,"Botero, Giovanni",historical_general,historical_general,activation_candidate,note_multilingual_metadata,activate_core,historical_general,preserve_rendered_tei_text,8259,,passed canonical TEI role audit,http://www.bibliotecaitaliana.it/scheda/bibit001657,6386b3bc0589ef6499284ce8e446ec64c6a9ac894a7d7fcba9dcd783fe225c59
bibit000438,Relazione di Piamonte,"Botero, Giovanni",historical_general,historical_general,activation_candidate,note_multilingual_metadata,activate_core,historical_general,preserve_rendered_tei_text,18411,,passed canonical TEI role audit,http://www.bibliotecaitaliana.it/scheda/bibit000438,110098d2dce8fc618b2cef739c44d2855b7c519676a132eb8471948fdb8fad68
bibit000687,Relazione di Spagna,"Botero, Giovanni",historical_general,historical_general,activation_candidate,note_multilingual_metadata,activate_core,historical_general,preserve_rendered_tei_text,99147,,passed canonical TEI role audit,http://www.bibliotecaitaliana.it/scheda/bibit000687,ae075ed3ce5e37ce4b6f373841972adf167886427f0b015348d44068c5cae81e
bibit000948,Relazione di Germania (1733),"Bragadin, Daniele",historical_general,historical_general,activation_candidate,note_multilingual_metadata,activate_core,historical_general,preserve_rendered_tei_text,28678,,passed canonical TEI role audit,http://www.bibliotecaitaliana.it/scheda/bibit000948,ae42e780efb9da109081404703d5cb0cdfb9a825b33f62d0fadc07e5b86e3c06
bibit001697,Descrizione delle pitture e sculture della città di Ferrara,"Brisighella, Carlo",historical_general,historical_general,activation_candidate,note_multilingual_metadata,activate_core,historical_general,preserve_rendered_tei_text,313368,,passed canonical TEI role audit,http://www.bibliotecaitaliana.it/scheda/bibit001697,8cb0542fe62860eccf2d02e7764ae5a76e9e3d80c71896a19b154161861d50c7
bibit000119,Cabala del cavallo pegaseo,"Bruno, Giordano",historical_general,historical_general,activation_candidate,note_multilingual_metadata,activate_core,historical_general,preserve_rendered_tei_text,113983,,passed canonical TEI role audit,http://www.bibliotecaitaliana.it/scheda/bibit000119,1ec2668dc737e22064a21c0cdaace36306593376d417f6e5a392d0b3928f2ed4
bibit000050,Candelaio,"Bruno, Giordano",historical_general,historical_general,activation_candidate,note_multilingual_metadata,activate_core,historical_general,preserve_rendered_tei_text,213850,,passed canonical TEI role audit,http://www.bibliotecaitaliana.it/scheda/bibit000050,f9b773c5cfe6de9d250e65a93678146e0fbaea9aa4a69861cd7241a9e15e7821
bibit001419,De gli eroici furori,"Bruno, Giordano",historical_general,historical_general,activation_candidate,note_multilingual_metadata,activate_core,historical_general,preserve_rendered_tei_text,302311,,passed canonical TEI role audit,http://www.bibliotecaitaliana.it/scheda/bibit001419,e388eb34b5f10eee48881c6868f1d80c91c31561cc62cde2fbce70287ef2c5b8
bibit000194,"De principiis rerum, elementis et causis","Bruno, Giordano",historical_general,historical_general,activation_candidate,,activate_core,historical_general,preserve_rendered_tei_text,78855,,passed canonical TEI role audit,http://www.bibliotecaitaliana.it/scheda/bibit000194,58ceb2ff41a3381c400be97688a6a2ec9ad5e2208d7fe04d9cec6697907b1f84
bibit000539,Medicina Lulliana,"Bruno, Giordano",historical_general,historical_general,activation_candidate,,activate_core,historical_general,preserve_rendered_tei_text,83512,,passed canonical TEI role audit,http://www.bibliotecaitaliana.it/scheda/bibit000539,ae21080f33f8e5c3e9cffd3fc4878be2b3273539075db3e5cf8676b2bbeff1f3
bibit001138,Lettere,Camilla Pisana,historical_general,historical_general,activation_candidate,note_multilingual_metadata,activate_core,historical_general,preserve_rendered_tei_text,84350,,passed canonical TEI role audit,http://www.bibliotecaitaliana.it/scheda/bibit001138,55ffc361f16996e9d8b7e3508a173f1f4565e839520302a4cca764cca2d17ea5
bibit000204,Dell'imitazione,"Camillo, Giulio (detto Delminio)",historical_general,historical_general,activation_candidate,note_multilingual_metadata,activate_core,historical_general,preserve_rendered_tei_text,56504,,passed canonical TEI role audit,http://www.bibliotecaitaliana.it/scheda/bibit000204,629fae21394c9db541a859ff847a163d163a83c281690275dcd28e61102db61f
bibit001263,La città del sole,"Campanella, Tommaso",historical_general,historical_general,activation_candidate,note_multilingual_metadata,activate_core,historical_general,preserve_rendered_tei_text,76712,,passed canonical TEI role audit,http://www.bibliotecaitaliana.it/scheda/bibit001263,1f84c7b3337d0f0385293dbc194e075c4a981cf6e346c3ca8f7984026ed09095
bibit001404,Relazione di Costantinopoli (1634),"Cappello, Giovanni",historical_general,historical_general,activation_candidate,note_multilingual_metadata,activate_core,historical_general,preserve_rendered_tei_text,126071,,passed canonical TEI role audit,http://www.bibliotecaitaliana.it/scheda/bibit001404,b1577f4c61e3e3693e865f57bc019b0a7fc3c61b782aa04759d5c60c38e67c15
bibit000877,Relazione di Germania,"Cappello, Giovanni",historical_general,historical_general,activation_candidate,note_multilingual_metadata,activate_core,historical_general,preserve_rendered_tei_text,18683,,passed canonical TEI role audit,http://www.bibliotecaitaliana.it/scheda/bibit000877,aaa2c0f30253f86d25b43260486b8a8d3e2782152c3fa356bca6960f9f49358a
bibit001348,Della eccellenza e dignità delle donne,"Capra, Galeazzo Flavio",historical_general,historical_general,activation_candidate,,activate_core,historical_general,preserve_rendered_tei_text,79415,,passed canonical TEI role audit,http://www.bibliotecaitaliana.it/scheda/bibit001348,fc2ba5d50b8cd8054eeb0f27dc1c7a0e9c4d9342c82f06ee5bf70d2d51ae77a7
bibit000130,Della vera poetica,"Capriano, Giovan Pietro",historical_general,historical_general,activation_candidate,note_multilingual_metadata,activate_core,historical_general,preserve_rendered_tei_text,87163,,passed canonical TEI role audit,http://www.bibliotecaitaliana.it/scheda/bibit000130,f965ce2555fb168f2e4e7508d2f2f91af34749407be1c12919bf76d5ccf2a138
bibit000736,Dialogo de la partita soa,"Carbone, Ludovico",historical_general,historical_general,activation_candidate,,activate_core,historical_general,preserve_rendered_tei_text,24504,,passed canonical TEI role audit,http://www.bibliotecaitaliana.it/scheda/bibit000736,9055bb94a4210e50cc921cccfb2d41c27dd687833156721f33e78440a2f0cc63
bibit001640,Facezie,"Carbone, Ludovico",historical_general,historical_general,activation_candidate,,activate_core,historical_general,preserve_rendered_tei_text,62248,,passed canonical TEI role audit,http://www.bibliotecaitaliana.it/scheda/bibit001640,662e9676c3392f01239cca8e7030965d35af20afd8602274de6faa0955b3f891
bibit001445,"Ludovicis carbonis Ferrariensis, artium doctoris et comitis palatini apostolici, oratio habita in funere praestantissimi oratoris et poetae Guarinis Veronensis","Carbone, Ludovico",historical_general,historical_general,activation_candidate,note_multilingual_metadata,activate_core,historical_general,preserve_rendered_tei_text,39611,,passed canonical TEI role audit,http://www.bibliotecaitaliana.it/scheda/bibit001445,4a34717028b40f62b53bdfaa5f7fe730e960980c55322dd9f62bd837f5a5bad9
bibit000059,Polissena,"Carmignani, Giovanni",historical_general,historical_general,activation_candidate,note_multilingual_metadata,activate_core,historical_general,preserve_rendered_tei_text,85700,,passed canonical TEI role audit,http://www.bibliotecaitaliana.it/scheda/bibit000059,96e7d06f291489c55d60313e8b8d5029f3bfb75b710d3dd572981597931c084b
bibit000966,Gli amori pastorali di Dafni e di Cloe,"Caro, Annibale",historical_general,historical_general,activation_candidate,,activate_core,historical_general,preserve_rendered_tei_text,177901,,passed canonical TEI role audit,http://www.bibliotecaitaliana.it/scheda/bibit000966,e4b58ee1f8659852e1394184cd8a35a3b57ee5aefb13c41fdb5d84e00811c0e4
bibit000133,Breve et ingenioso discorso sopra l'opera di Dante,"Carriero, Alessandro",historical_general,historical_general,activation_candidate,,activate_core,historical_general,preserve_rendered_tei_text,58419,,passed canonical TEI role audit,http://www.bibliotecaitaliana.it/scheda/bibit000133,50520399e4578ad9ec9ddc2444a9ef19c1fb9b2b688945c77243cd9657cd762d
bibit000718,Le imagini dei Dei de gli Antichi,"Cartari, Vincenzo",historical_general,historical_general,activation_candidate,note_multilingual_metadata,activate_core,historical_general,preserve_rendered_tei_text,729369,,passed canonical TEI role audit,http://www.bibliotecaitaliana.it/scheda/bibit000718,2879e58fc3c1a3960b94888893ba8b6d2edf08ee5acc793f0d1d1cf6f31ebed6
bibit001316,Alfea reverente,"Cascina, Pietro",historical_general,historical_general,activation_candidate,,activate_core,historical_general,preserve_rendered_tei_text,15950,,passed canonical TEI role audit,http://www.bibliotecaitaliana.it/scheda/bibit001316,b7ad6287a884b81e67f0d63777704b835d4b0fcea9f598c7e52a91704646df12
bibit000575,Quaternuccio e giornale B (1459-1485),"Castellani, Francesco",historical_general,historical_general,review_required,note_multilingual_metadata;review_editorial_brackets,activate_core_with_bracket_cleanup,historical_general,strip_editorial_square_delimiters_and_labels,333306,,retain supplied historical text while removing editorial bracket notation,http://www.bibliotecaitaliana.it/scheda/bibit000575,87d200f55d062c764ee96f38cc9cc3ab1eec6c09a48fb68e0f7513092c0993ff
bibit001633,Ricordanze A (1436-1459),"Castellani, Francesco",historical_general,historical_general,review_required,note_multilingual_metadata;review_editorial_brackets,activate_core_with_bracket_cleanup,historical_general,strip_editorial_square_delimiters_and_labels,200733,,retain supplied historical text while removing editorial bracket notation,http://www.bibliotecaitaliana.it/scheda/bibit001633,70fe52a2b6977e7c522272a28701f4388cab62f9e83c55b5e5b84e2ebf297115
bibit001708,Dieci lettere (1521-1525),"Castiglione, Baldassarre",historical_general,historical_general,activation_candidate,,activate_core,historical_general,preserve_rendered_tei_text,22201,,passed canonical TEI role audit,http://www.bibliotecaitaliana.it/scheda/bibit001708,5de0eb52e0ded8ea7e9aa49661589fbcf5952c27d6e0826ed367c09902ad47cf
bibit000135,Il libro del Cortegiano,"Castiglione, Baldassarre",historical_general,historical_general,activation_candidate,note_multilingual_metadata,activate_core,historical_general,preserve_rendered_tei_text,659572,,passed canonical TEI role audit,http://www.bibliotecaitaliana.it/scheda/bibit000135,af8a8818a7dbce1232d30ae5b8ebdafcb269da06db6060af7017ff044fbbd3c4
bibit000997,Le Lettere (1497-1521),"Castiglione, Baldassarre",historical_general,historical_general,review_required,review_editorial_brackets,activate_core_with_bracket_cleanup,historical_general,strip_editorial_square_delimiters_and_labels,1305621,,retain supplied historical text while removing editorial bracket notation,http://www.bibliotecaitaliana.it/scheda/bibit000997,e1a00e37fce82bf91e64edbddaebed9660069d6b3a77d55426fcfa84b107cdfb
bibit001706,Lettere (1521-1528),"Castiglione, Baldassarre",historical_general,historical_general,activation_candidate,,activate_core,historical_general,preserve_rendered_tei_text,131549,,passed canonical TEI role audit,http://www.bibliotecaitaliana.it/scheda/bibit001706,886a94d3960733f255834eb098f84f671e869e350abb03ebcbed4102d6cb3420
bibit001707,Sette lettere (1522-1525),"Castiglione, Baldassarre",historical_general,historical_general,activation_candidate,,activate_core,historical_general,preserve_rendered_tei_text,18507,,passed canonical TEI role audit,http://www.bibliotecaitaliana.it/scheda/bibit001707,61083826bdb7e1012af8820f670489181b326b0f498f6717fc35346b038af828
bibit000939,Vita di Guidubaldo duca di Urbino,"Castiglione, Baldassarre",historical_general,historical_general,activation_candidate,,activate_core,historical_general,preserve_rendered_tei_text,35598,,passed canonical TEI role audit,http://www.bibliotecaitaliana.it/scheda/bibit000939,01fd89c202c48d55ac159c2bcd8eb5e596e58ef70f99f8415315499f49d64b5a
bibit001648,I tre libri d'amore e il Panegirico all'amore,"Cattani da Diacceto, Francesco",historical_general,historical_general,activation_candidate,,activate_core,historical_general,preserve_rendered_tei_text,129208,,passed canonical TEI role audit,http://www.bibliotecaitaliana.it/scheda/bibit001648,270de5c7211c06478ba0399ebf4a52cc430b1c4d43b75be85e32b86624aa6a35
bibit000892,Relazione di Germania,"Cavalli, Marino",historical_general,historical_general,activation_candidate,note_multilingual_metadata,activate_core,historical_general,preserve_rendered_tei_text,94437,,passed canonical TEI role audit,http://www.bibliotecaitaliana.it/scheda/bibit000892,91956df9df5c319732380e205720efe58c9f730eb7537e364c08d6aecd89637d
bibit000056,Relazione di Marino Cavalli (1551),"Cavalli, Marino",historical_general,historical_general,activation_candidate,note_multilingual_metadata,activate_core,historical_general,preserve_rendered_tei_text,46091,,passed canonical TEI role audit,http://www.bibliotecaitaliana.it/scheda/bibit000056,eb8549e3a353211d9f8e624586053359312356dfe335a0fb1469b7a20dd5ec45
bibit000355,Relazione di Spagna (1570),"Cavalli, Sigismondo",historical_general,historical_general,activation_candidate,note_multilingual_metadata,activate_core,historical_general,preserve_rendered_tei_text,63207,,passed canonical TEI role audit,http://www.bibliotecaitaliana.it/scheda/bibit000355,df129add272f1c1c4d06d028971bbe81861748cd95109b587f5d253390d0a92c
bibit000920,L'amico tradito,"Cecchini, Pier Maria",historical_general,historical_general,activation_candidate,note_multilingual_metadata,activate_core,historical_general,preserve_rendered_tei_text,76665,,passed canonical TEI role audit,http://www.bibliotecaitaliana.it/scheda/bibit000920,0ed39e857a51c698ccfeb177450b5f21a9ad4432736e91a60f6c926e6fcae363
bibit000137,Vita,"Cellini, Benvenuto",historical_general,historical_general,activation_candidate,note_multilingual_metadata,activate_core,historical_general,preserve_rendered_tei_text,917968,,passed canonical TEI role audit,http://www.bibliotecaitaliana.it/scheda/bibit000137,dff49d1ab839afbbb6d6c69925b5a6587a6bcc9dca69771071f33e294665f903
bibit000413,Relazione di Costantinopoli (1682),"Civran, Pietro",historical_general,historical_general,activation_candidate,note_multilingual_metadata,activate_core,historical_general,preserve_rendered_tei_text,71174,,passed canonical TEI role audit,http://www.bibliotecaitaliana.it/scheda/bibit000413,97d2e9abaa4322cd5747586af194cd46957828577581b630362408a6023300dd
bibit000868,Relazione del Concordato,Commissarij,historical_general,historical_general,activation_candidate,note_multilingual_metadata,activate_core,historical_general,preserve_rendered_tei_text,132580,,passed canonical TEI role audit,http://www.bibliotecaitaliana.it/scheda/bibit000868,9e30f5027d1f9dbc6b92105ce12e8205bf6678b34a47be8d55a1e716e38671e3
bibit000140,Cronica,"Compagni, Dino",historical_general,historical_general,activation_candidate,,activate_core,historical_general,preserve_rendered_tei_text,206024,,passed canonical TEI role audit,http://www.bibliotecaitaliana.it/scheda/bibit000140,ca6f32c720241fb5a36e3c0a84f2d9e4a77de788d7336c3556a1fe5ee83ab7e5
bibit000120,Relatione de S. Alvise Contarini Kr. (1650),"Contarini, Alvise",historical_general,historical_general,activation_candidate,note_multilingual_metadata,activate_core,historical_general,preserve_rendered_tei_text,182061,,passed canonical TEI role audit,http://www.bibliotecaitaliana.it/scheda/bibit000120,88904c28d37880a147741768ac90fe8be8084c005bc6fe2d91967c67b62a3a3b
bibit001617,Relazione di Costantinopoli (1636-1641),"Contarini, Alvise",historical_general,historical_general,activation_candidate,note_multilingual_metadata,activate_core,historical_general,preserve_rendered_tei_text,244854,,passed canonical TEI role audit,http://www.bibliotecaitaliana.it/scheda/bibit001617,2a45e10eef07a27a4c3a33bb4afb696e7816b73a0cb8c7da4ecb11d85b0a79d2
bibit000327,Relazione di Francia di Alvise Contarini (1634-1637),"Contarini, Alvise",historical_general,historical_general,activation_candidate,,activate_core,historical_general,preserve_rendered_tei_text,19928,,passed canonical TEI role audit,http://www.bibliotecaitaliana.it/scheda/bibit000327,dd9c6b42e30e9bba9431b06bc9f6ec2f0593921429c91d86da0436b700723ec6
bibit001548,Relazione di Francia di Michele Morosini (1648-1653),"Contarini, Alvise",historical_general,historical_general,activation_candidate,,activate_core,historical_general,preserve_rendered_tei_text,87132,,passed canonical TEI role audit,http://www.bibliotecaitaliana.it/scheda/bibit001548,da028a4128165a9c68c46eccc7b30b5d78af65740dcc2fe1cf8d4e74bb8247af
bibit000796,Relazione d'Austria,"Contarini, Carlo",historical_general,historical_general,activation_candidate,note_multilingual_metadata,activate_core,historical_general,preserve_rendered_tei_text,6513,,passed canonical TEI role audit,http://www.bibliotecaitaliana.it/scheda/bibit000796,44d711f37b1f9fcb83a57b5daab6cf53c741edde9efa0c6f689359b070fdcda0
bibit000959,Relazione di Francia (1686),"Contarini, Domenico",historical_general,historical_general,activation_candidate,note_multilingual_metadata,activate_core,historical_general,preserve_rendered_tei_text,80336,,passed canonical TEI role audit,http://www.bibliotecaitaliana.it/scheda/bibit000959,78c2dd7c7824ec19cd47d194e4c651200ff4a277fce080b7e1fa810df40f1e81
bibit000604,Relazione di Germania (1685),"Contarini, Domenico",historical_general,historical_general,activation_candidate,,activate_core,historical_general,preserve_rendered_tei_text,69236,,passed canonical TEI role audit,http://www.bibliotecaitaliana.it/scheda/bibit000604,900b93705823b23275795d21eadf64735fd5894e29f53c5b08b5150008bfd8f4
bibit001112,Relazione di Germania,"Contarini, Gaspare",historical_general,historical_general,activation_candidate,note_multilingual_metadata,activate_core,historical_general,preserve_rendered_tei_text,102194,,passed canonical TEI role audit,http://www.bibliotecaitaliana.it/scheda/bibit001112,cea0389cf1bc6b4008a5ba9e9fe72c32fd8473010b3d423714873dd8b805cd09
bibit001312,Relazione di Lorenzo Contarini (1548),"Contarini, Lorenzo",historical_general,historical_general,activation_candidate,note_multilingual_metadata,activate_core,historical_general,preserve_rendered_tei_text,159144,,passed canonical TEI role audit,http://www.bibliotecaitaliana.it/scheda/bibit001312,5b57eae3313b61043632fe72710ee64c1cc837676b928ac69d009b12d93b2b15
bibit001418,Estratto della Relazione di Germania,"Contarini, Marcantonio",historical_general,historical_general,activation_candidate,,activate_core,historical_general,preserve_rendered_tei_text,12668,,passed canonical TEI role audit,http://www.bibliotecaitaliana.it/scheda/bibit001418,3a17d8c55e30ffa1166df5558458f208a5c383bb33ddbf331e0900a77443d366
bibit001173,Relazione di Francia di Pietro Contarini (1613 al 1616),"Contarini, Pietro",historical_general,historical_general,activation_candidate,,activate_core,historical_general,preserve_rendered_tei_text,56006,,passed canonical TEI role audit,http://www.bibliotecaitaliana.it/scheda/bibit001173,ed2deb5cc1a29dbfde9a8fb09feae70d771f019c5e042c6f8e0c6bd90dcb5c3c
bibit000853,Relazione di Costantinopoli (1612),"Contarini, Simone",historical_general,historical_general,activation_candidate,note_multilingual_metadata,activate_core,historical_general,preserve_rendered_tei_text,296120,,passed canonical TEI role audit,http://www.bibliotecaitaliana.it/scheda/bibit000853,9772b2c92ba35e102082f49a3a7fdcde6176659772069c5224f698d9ea7be45c
bibit001608,Relazione di Germania,"Contarini, Tommaso",historical_general,historical_general,activation_candidate,note_multilingual_metadata,activate_core,historical_general,preserve_rendered_tei_text,106851,,passed canonical TEI role audit,http://www.bibliotecaitaliana.it/scheda/bibit001608,a1957b7e1b6ff24b696c3f26eb7a9bf2e0947a94dc5bfd3bac999738f49fc927
bibit000719,Ragionamento sopra la proprietà delle imprese,"Contile, Luca",historical_general,historical_general,activation_candidate,note_multilingual_metadata,activate_core,historical_general,preserve_rendered_tei_text,409644,,passed canonical TEI role audit,http://www.bibliotecaitaliana.it/scheda/bibit000719,d7ff5460aee5cc3915e4938233fbee7caef095522d5c0bfe2c858cd294a75847
bibit000664,Relazione di Germania (1690),"Corner, Federico",historical_general,historical_general,activation_candidate,,activate_core,historical_general,preserve_rendered_tei_text,96087,,passed canonical TEI role audit,http://www.bibliotecaitaliana.it/scheda/bibit000664,0263bf1f3e00a2050a80d59b760142b308d0611fe10b5fb8cd5cc4b95b931cd3
bibit000209,Relazione di Germania,"Corraro, Giovanni",historical_general,historical_general,activation_candidate,note_multilingual_metadata,activate_core,historical_general,preserve_rendered_tei_text,93036,,passed canonical TEI role audit,http://www.bibliotecaitaliana.it/scheda/bibit000209,59557d80b8c725e82ac32d174c130369e8f4b25a17b094c9585380665b7d67cc
bibit000918,Relazione di Francia di Angelo Correr (1638-1641),"Correr, Angelo",historical_general,historical_general,activation_candidate,,activate_core,historical_general,preserve_rendered_tei_text,69316,,passed canonical TEI role audit,http://www.bibliotecaitaliana.it/scheda/bibit000918,87a6656b55c99b7aa6f03cb16ed62888011a9b97b487e946fbcd547e7a5d32b4
bibit000335,Avertimenti nel poetare,"Cortese, Giulio",historical_general,historical_general,activation_candidate,note_multilingual_metadata,activate_core,historical_general,preserve_rendered_tei_text,27811,,passed canonical TEI role audit,http://www.bibliotecaitaliana.it/scheda/bibit000335,fa7ff096cbbf8f877ca475b1179c682976297eb4b9432c4df70a8b8a176159c4
bibit001359,Lezioni del sonetto,"Crispolti, Cesare",historical_general,historical_general,activation_candidate,note_multilingual_metadata,activate_core,historical_general,preserve_rendered_tei_text,18906,,passed canonical TEI role audit,http://www.bibliotecaitaliana.it/scheda/bibit001359,c8b77a2cd9621595fdf657c7f6c4a9fd88586a8415f296f4fd37ecac6ad2f053
bibit000143,Le piacevoli e ridicolose simplicità di Bertoldino,"Croce, Giulio Cesare",historical_general,historical_general,activation_candidate,,activate_core,historical_general,preserve_rendered_tei_text,118327,,passed canonical TEI role audit,http://www.bibliotecaitaliana.it/scheda/bibit000143,880fe8a4ab6dfdaa4d0d61ebc2f0d735366af5611750b0669d3218ebdab23c3f
bibit000151,Le sottilissime astuzie di Bertoldo,"Croce, Giulio Cesare",historical_general,historical_general,activation_candidate,,activate_core,historical_general,preserve_rendered_tei_text,105434,,passed canonical TEI role audit,http://www.bibliotecaitaliana.it/scheda/bibit000151,80495d9f547d4f274f0a021229343c29584ae949c2d0acd2b0ae33575fee88c6
bibit000781,Saggio storico sulla rivoluzione napoletana del 1799,"Cuoco, Vincenzo",historical_general,historical_general,activation_candidate,note_multilingual_metadata,activate_core,historical_general,preserve_rendered_tei_text,389749,,passed canonical TEI role audit,http://www.bibliotecaitaliana.it/scheda/bibit000781,d0bb4c7afcfaaecd3514faa72923750ed7a62e909bbcdd92c40ef3c288b99c37
bibit000155,Pisa illustrata nelle arti del disegno,"Da Morrona, Alessandro",historical_general,historical_general,activation_candidate,note_multilingual_metadata,activate_core,historical_general,preserve_rendered_tei_text,600471,,passed canonical TEI role audit,http://www.bibliotecaitaliana.it/scheda/bibit000155,804c1a65870db921a76bd7e54afd2e7f72d4003d9be099e3d302274909ab4f2a
bibit000062,Così fan tutte,"Da Ponte, Lorenzo",historical_general,historical_general,activation_candidate,note_multilingual_metadata,activate_core,historical_general,preserve_rendered_tei_text,64282,,passed canonical TEI role audit,http://www.bibliotecaitaliana.it/scheda/bibit000062,6dacf4c2625fb4acfd1ceda3610097ba9e4d49b72335911126b404d947140b71
bibit000208,Don Giovanni,"Da Ponte, Lorenzo",historical_general,historical_general,activation_candidate,,activate_core,historical_general,preserve_rendered_tei_text,57283,,passed canonical TEI role audit,http://www.bibliotecaitaliana.it/scheda/bibit000208,75825fff0d95331ae3c12a9732f29c075957712f4ca1417d59224d6db808beb9
bibit000933,Le nozze di Figaro,"Da Ponte, Lorenzo",historical_general,historical_general,activation_candidate,note_multilingual_metadata,activate_core,historical_general,preserve_rendered_tei_text,75713,,passed canonical TEI role audit,http://www.bibliotecaitaliana.it/scheda/bibit000933,1407c35ebd9f989e715e220bad23228f15b41302c0bb944a3a2d2a7faa1d737d
bibit000844,Tre lettere,"Da Porto, Luigi",historical_general,historical_general,activation_candidate,,activate_core,historical_general,preserve_rendered_tei_text,17779,,passed canonical TEI role audit,http://www.bibliotecaitaliana.it/scheda/bibit000844,799a23a17fbb8ccba960134e1026ba15f025e09fdf38b2a8f70bd4b0eaa45c47
bibit001514,Comedia de Timon greco,"Dal Carretto, Galeotto",historical_general,historical_general,activation_candidate,note_multilingual_metadata,activate_core,historical_general,preserve_rendered_tei_text,41914,,passed canonical TEI role audit,http://www.bibliotecaitaliana.it/scheda/bibit001514,d140e80f66ee577b81321d95c576d3de23091f34d97d36a2dabf054407943062
bibit000777,Noze de Psiche e Cupidine,"Dal Carretto, Galeotto",historical_general,historical_general,activation_candidate,note_multilingual_metadata,activate_core,historical_general,preserve_rendered_tei_text,92694,,passed canonical TEI role audit,http://www.bibliotecaitaliana.it/scheda/bibit000777,4cd5dafbd272fbd412e8964319bfaec65e06dac66b7fb305187238c01034c715
bibit001158,Della poetica,"Daniello, Bernardino",historical_general,historical_general,activation_candidate,,activate_core,historical_general,preserve_rendered_tei_text,158073,,passed canonical TEI role audit,http://www.bibliotecaitaliana.it/scheda/bibit001158,dbf30180a51669874b17884e2f4eb1b5532a4453b6e11ee686c40ee712a89f99
bibit000785,Lettere alla moglie Margherita,"Datini, Francesco",historical_general,historical_general,review_required,review_editorial_brackets,activate_core_with_bracket_cleanup,historical_general,strip_editorial_square_delimiters_and_labels,449806,,retain supplied historical text while removing editorial bracket notation,http://www.bibliotecaitaliana.it/scheda/bibit000785,b88957dd622ac4eae4f13db5a75e75cdd07706a4e2caadbcbabe67656ff8e7d6
bibit000193,Difesa della lingua italiana,"De Luca, Giambattista",historical_general,historical_general,activation_candidate,,activate_core,historical_general,preserve_rendered_tei_text,76906,,passed canonical TEI role audit,http://www.bibliotecaitaliana.it/scheda/bibit000193,1b6df77289c3268d751ed565e6f186aa22d6bdc376bd9448145825e7d35ef408
bibit000149,Due Discorsi,"Del Bene, Giulio",historical_general,historical_general,activation_candidate,,activate_core,historical_general,preserve_rendered_tei_text,61152,,passed canonical TEI role audit,http://www.bibliotecaitaliana.it/scheda/bibit000149,1494c13555b6cfae37e64f77d068fa663e7ce223b846cbb8b0109ccaa7e42074
bibit001164,"Dialogo morale nel quale si esamina, se siano di maggior pregio l'armi, o le lettere","Della Barba, Pompeo",historical_general,historical_general,activation_candidate,,activate_core,historical_general,preserve_rendered_tei_text,34047,,passed canonical TEI role audit,http://www.bibliotecaitaliana.it/scheda/bibit001164,68b5d920e29e8110b2e4fe49b728a60b0f909352ccd66b4a05e12cacef534fc5
bibit000156,Capitoli,"Della Casa, Giovanni",historical_general,historical_general,activation_candidate,note_multilingual_metadata,activate_core,historical_general,preserve_rendered_tei_text,21853,,passed canonical TEI role audit,http://www.bibliotecaitaliana.it/scheda/bibit000156,c32e92f534d44bcb54f8589f074f5fe627f91e6f6e6ff2d671f5c7af7caecac7
bibit000619,Il Galateo,"Della Casa, Giovanni",historical_general,historical_general,activation_candidate,note_multilingual_metadata,activate_core,historical_general,preserve_rendered_tei_text,128083,,passed canonical TEI role audit,http://www.bibliotecaitaliana.it/scheda/bibit000619,039f81702d8edd914fd952fc51a29474e6971159cc6f61dd8adad3b2aa0059e6
bibit001642,Orazione a Carlo V,"Della Casa, Giovanni",historical_general,historical_general,activation_candidate,,activate_core,historical_general,preserve_rendered_tei_text,35935,,passed canonical TEI role audit,http://www.bibliotecaitaliana.it/scheda/bibit001642,65498b53cc8668e1f3c45b28318159554c0a8811cd708b4458745bfb0ca07c31
bibit001116,La reina di Scozia,"Della Valle, Federico",historical_general,historical_general,activation_candidate,,activate_core,historical_general,preserve_rendered_tei_text,80371,,passed canonical TEI role audit,http://www.bibliotecaitaliana.it/scheda/bibit001116,84a499f79c2e5448980544cff67fdbc1a8d9cb47aa828d54f4e715342e67b4d2
bibit000178,Breve trattato dell'oratore,"Denores, Giason",historical_general,historical_general,activation_candidate,,activate_core,historical_general,preserve_rendered_tei_text,68483,,passed canonical TEI role audit,http://www.bibliotecaitaliana.it/scheda/bibit000178,569ad064a38c616c77507c3db3c446303f8307a58fe2884a6505ea522f9d402a
bibit000177,"Discorso intorno a que' principii, cause et accrescimenti che la comedia, la tragedia et il poema eroico ricevono dalla filosofia morale e civile e da'governatori delle republiche","Denores, Giason",historical_general,historical_general,activation_candidate,note_multilingual_metadata,activate_core,historical_general,preserve_rendered_tei_text,101534,,passed canonical TEI role audit,http://www.bibliotecaitaliana.it/scheda/bibit000177,c0b2a72f7062399db60bbbf9a902f7714ce35fe3b4470bc3a31ffc9057fd9746
bibit000884,L'amore prigioniero,"Di Leo, Mario",historical_general,historical_general,activation_candidate,,activate_core,historical_general,preserve_rendered_tei_text,78356,,passed canonical TEI role audit,http://www.bibliotecaitaliana.it/scheda/bibit000884,9786633c0e75b1e7d7b07aaf136dd58c4c5cf782f1b2292922dd1fd8abb4eb7b
bibit000361,Dialogo della istitutione delle donne,"Dolce, Lodovico",historical_general,historical_general,activation_candidate,,activate_core,historical_general,preserve_rendered_tei_text,232952,,passed canonical TEI role audit,http://www.bibliotecaitaliana.it/scheda/bibit000361,8e4f0d3311292d92242b37fba52faade3f9e943efa8fb278fce9ccfce3eb4abf
bibit001117,Marianna,"Dolce, Lodovico",historical_general,historical_general,activation_candidate,,activate_core,historical_general,preserve_rendered_tei_text,111565,,passed canonical TEI role audit,http://www.bibliotecaitaliana.it/scheda/bibit001117,7474ccc3203874ad0b2452dea7999ea31b76cc0f8cf33c09565981f4c74bb672
bibit001165,Relazione di Germania (1708),"Dolfin, Daniele",historical_general,historical_general,activation_candidate,note_multilingual_metadata,activate_core,historical_general,preserve_rendered_tei_text,95792,,passed canonical TEI role audit,http://www.bibliotecaitaliana.it/scheda/bibit001165,bd3b563d101e0de5b544fcfa28567ceea05527e96972638f89e26e3137bfbde5
bibit000561,Relazione di Germania (1725),"Donado, Francesco",historical_general,historical_general,activation_candidate,note_multilingual_metadata,activate_core,historical_general,preserve_rendered_tei_text,39860,,passed canonical TEI role audit,http://www.bibliotecaitaliana.it/scheda/bibit000561,921dfca0418318b25227eff8479be8efc5a692e7440c34752815e407382d69f6
bibit000706,Relazione di Costantinopoli (1684),"Donado, Giambattista",historical_general,historical_general,activation_candidate,note_multilingual_metadata,activate_core,historical_general,preserve_rendered_tei_text,135011,,passed canonical TEI role audit,http://www.bibliotecaitaliana.it/scheda/bibit000706,3b127f74297c2ba5fb7427b6fed554aa4241c5eebd3b8449bd5e2440f8943699
bibit000416,Aristodemo,"Dottori, Carlo de'",historical_general,historical_general,activation_candidate,,activate_core,historical_general,preserve_rendered_tei_text,101506,,passed canonical TEI role audit,http://www.bibliotecaitaliana.it/scheda/bibit000416,6f5564ef07cd4c60744d7218141271a41e40bd6770ba3905a4639d09e4b5d5b9
bibit000802,La Cecaria,"Epicuro, Marc'Antonio",historical_general,historical_general,activation_candidate,,activate_core,historical_general,preserve_rendered_tei_text,57570,,passed canonical TEI role audit,http://www.bibliotecaitaliana.it/scheda/bibit000802,4708d7efd31951688947b3a30e32ad0ad402a19552decfa287d72aff7e74c9cd
bibit000180,Mirzia,"Epicuro, Marc'Antonio",historical_general,historical_general,activation_candidate,,activate_core,historical_general,preserve_rendered_tei_text,67276,,passed canonical TEI role audit,http://www.bibliotecaitaliana.it/scheda/bibit000180,68ed33f5708e5e38aa59c7e2d1bd0468580153fb54d37f1d235eb0a990aed2e5
bibit000923,Libro de natura de amore (ms.),"Equicola, Mario",historical_general,historical_general,review_required,note_multilingual_metadata;review_editorial_brackets,activate_core_with_bracket_cleanup,historical_general,strip_editorial_square_delimiters_and_labels,563219,,retain supplied historical text while removing editorial bracket notation,http://www.bibliotecaitaliana.it/scheda/bibit000923,f82ddd5c20cfa26d09789d3e2c2862d925c917e7e4d8d00e4a724f0ef7f323b9
bibit001438,Relazione di Germania (1738),"Erizzo, Nicolò",historical_general,historical_general,activation_candidate,note_multilingual_metadata,activate_core,historical_general,preserve_rendered_tei_text,207946,,passed canonical TEI role audit,http://www.bibliotecaitaliana.it/scheda/bibit001438,2e80e3a58ca9578d805f105720a2c24af53105f1921ee98ad3a3534f27a3f7a0
bibit000182,El libro dell'amore,"Ficino, Marsilio",historical_general,historical_general,activation_candidate,note_multilingual_metadata,activate_core,historical_general,preserve_rendered_tei_text,261541,,passed canonical TEI role audit,http://www.bibliotecaitaliana.it/scheda/bibit000182,e8aa69c39d7ab525d87ae9ec40b0c0a971e19c04272caf70f3e2209633ef3d52
bibit000307,Trattato di architettura,Filarete (Antonio Averlino detto il),historical_general,historical_general,activation_candidate,note_multilingual_metadata,activate_core,historical_general,preserve_rendered_tei_text,1254230,,passed canonical TEI role audit,http://www.bibliotecaitaliana.it/scheda/bibit000307,a299513fb73ff825ab66b694737299669b6505082fee93b9dedc902b81ed7b24
bibit000386,Il palazzo Turchi-Trotti-Di Bagno.Elenco degli ambienti e dei quadri all'interno del palazzo del 1813,"Finotti, P.G.",historical_general,historical_general,activation_candidate,note_multilingual_metadata,activate_core,historical_general,preserve_rendered_tei_text,5799,,passed canonical TEI role audit,http://www.bibliotecaitaliana.it/scheda/bibit000386,b42bfbf7647dc5049f6c137461a04dfbf9bf9dbf7c2ec7f5af00724cda3839bc
bibit001294,Il palazzo Turchi-Trotti-Di Bagno.Elenco degli ambienti e dei quadri presenti nel palazzo al 1796,"Fioretti, D.",historical_general,historical_general,activation_candidate,note_multilingual_metadata,activate_core,historical_general,preserve_rendered_tei_text,11059,,passed canonical TEI role audit,http://www.bibliotecaitaliana.it/scheda/bibit001294,822c218982f1d9c2d2d94b70124f0e0b57b120d8674a4ab7e6ad3934c331ade4
bibit001052,La Lucilla costante,"Fiorillo, Silvio",historical_general,historical_general,activation_candidate,note_multilingual_metadata,activate_core,historical_general,preserve_rendered_tei_text,214087,,passed canonical TEI role audit,http://www.bibliotecaitaliana.it/scheda/bibit001052,713f9d87cc09b619510757e2937642e18f317c1d92f975de20bd6ac2af49865a
bibit001081,Dialogo delle bellezze delle donne intitolato Celso,"Firenzuola, Agnolo",historical_general,historical_general,activation_candidate,,activate_core,historical_general,preserve_rendered_tei_text,121202,,passed canonical TEI role audit,http://www.bibliotecaitaliana.it/scheda/bibit001081,a5eeee2c3031ab695c742ddaccfb6da65ca47b9428e4b366ca96a9f4b9ce2583
bibit000183,Ragionamenti,"Firenzuola, Agnolo",historical_general,historical_general,activation_candidate,note_multilingual_metadata,activate_core,historical_general,preserve_rendered_tei_text,252975,,passed canonical TEI role audit,http://www.bibliotecaitaliana.it/scheda/bibit000183,11be20c3e58af49a1038c5ba23acaf34d85961f0726f1b3769c6d8bf0d9f83b0
bibit000415,Regole grammaticali della volgar lingua,"Fortunio, Giovanni Francesco",historical_general,historical_general,activation_candidate,note_multilingual_metadata,activate_core,historical_general,preserve_rendered_tei_text,156533,,passed canonical TEI role audit,http://www.bibliotecaitaliana.it/scheda/bibit000415,5370e422c0904088849ed54d9f7682ed00347670a826caa409995214979fdc96
bibit001042,Legazione di Francia di Antonio Foscarini (1608-1611),"Foscarini, Antonio",historical_general,historical_general,activation_candidate,,activate_core,historical_general,preserve_rendered_tei_text,11807,,passed canonical TEI role audit,http://www.bibliotecaitaliana.it/scheda/bibit001042,86ebaa9e679616aab2b1e3dfb41477202d440f3a4f0c183d764410321e032439
bibit001599,Relazione di Germania (1736),"Foscarini, Marco",historical_general,historical_general,activation_candidate,note_multilingual_metadata,activate_core,historical_general,preserve_rendered_tei_text,131716,,passed canonical TEI role audit,http://www.bibliotecaitaliana.it/scheda/bibit001599,ecbed4d2c33ddf5e6cba5cd197b0333461220c6e7c420c65f9cc9357e0657403
bibit001077,Relazione di Costantinopoli (1793),"Foscarini, Nicolò",historical_general,historical_general,activation_candidate,,activate_core,historical_general,preserve_rendered_tei_text,25824,,passed canonical TEI role audit,http://www.bibliotecaitaliana.it/scheda/bibit001077,9b298d4ca74ab2d2bbf2ca065dcc72eb8bf01dce9499418f0fac97feb8b26d76
bibit001605,Ambasciata straordinaria di Costantinopoli (1641),"Foscarini, Pietro",historical_general,historical_general,activation_candidate,note_multilingual_metadata,activate_core,historical_general,preserve_rendered_tei_text,35505,,passed canonical TEI role audit,http://www.bibliotecaitaliana.it/scheda/bibit001605,34947ec8d8351574c8b737470bf61afdcf3610e13852e9d1715334c7ac17b4c0
bibit001678,Relazione di Costantinopoli (1641),"Foscarini, Pietro",historical_general,historical_general,activation_candidate,note_multilingual_metadata,activate_core,historical_general,preserve_rendered_tei_text,71103,,passed canonical TEI role audit,http://www.bibliotecaitaliana.it/scheda/bibit001678,c093f1fd3ad785bd4c2392dfa5b1a36e45eaebf63715d20bfe9052e95bf24786
bibit001192,Relazione di Francia (1683),"Foscarini, Sebastiano",historical_general,historical_general,activation_candidate,,activate_core,historical_general,preserve_rendered_tei_text,189104,,passed canonical TEI role audit,http://www.bibliotecaitaliana.it/scheda/bibit001192,a945f40df97f13fb49db59384eabfe939d6f36b4bd82a04c8865c6299c58970e
bibit001118,Ricciarda,"Foscolo, Ugo",historical_general,historical_general,activation_candidate,note_multilingual_metadata,activate_core,historical_general,preserve_rendered_tei_text,55364,,passed canonical TEI role audit,http://www.bibliotecaitaliana.it/scheda/bibit001118,eb31f412fcc66cfb2d5ecf1a56b16679ccd463585710d0ba28d668f7ec72aab4
bibit000185,Tieste,"Foscolo, Ugo",historical_general,historical_general,activation_candidate,,activate_core,historical_general,preserve_rendered_tei_text,59194,,passed canonical TEI role audit,http://www.bibliotecaitaliana.it/scheda/bibit000185,786cb534bb15be01c9369b8e7ed7da958213c70bfe5c00b59e657b71249c488e
bibit000905,Lettere,Francesco di Cambio,historical_general,historical_general,activation_candidate,,activate_core,historical_general,preserve_rendered_tei_text,10411,,passed canonical TEI role audit,http://www.bibliotecaitaliana.it/scheda/bibit000905,01f70620c7e374d6aa971ae56fb9b66c2a3c4b9a4d73ec17f513beaa1f875b9d
bibit000795,Viaggio in Terrasanta,"Frescobaldi, Leonardo",historical_general,historical_general,review_required,note_multilingual_metadata;review_editorial_brackets,activate_core_with_bracket_cleanup,historical_general,strip_editorial_square_delimiters_and_labels,138356,,retain supplied historical text while removing editorial bracket notation,http://www.bibliotecaitaliana.it/scheda/bibit000795,dbef8759871e66ecc4645c110904b4486db3cb914b96bd5e661e41c5d35bccda
bibit000142,Della oratoria e poetica facoltà,"Fuscano, Giovanni Berardino",historical_general,historical_general,activation_candidate,note_multilingual_metadata,activate_core,historical_general,preserve_rendered_tei_text,15063,,passed canonical TEI role audit,http://www.bibliotecaitaliana.it/scheda/bibit000142,5ea49ff575bb66516d8ea679820025425277de1ab814cd5fb9d1bfca85fe56b5
bibit001385,Delle vicende e della rigenerazione de' teatri,"Galdi, Matteo Angelo",historical_general,historical_general,activation_candidate,note_multilingual_metadata,activate_core,historical_general,preserve_rendered_tei_text,75891,,passed canonical TEI role audit,http://www.bibliotecaitaliana.it/scheda/bibit001385,49da555e324d9a4a3d9811309b71f98aa31fed376ec5af33b9384c3a510563d9
bibit000188,Dialogo sopra i due massimi sistemi,"Galilei, Galileo",historical_general,historical_general,review_required,note_multilingual_metadata;review_editorial_brackets,activate_core_with_bracket_cleanup,historical_general,strip_editorial_square_delimiters_and_labels,1051480,,retain supplied historical text while removing editorial bracket notation,http://www.bibliotecaitaliana.it/scheda/bibit000188,69e70d9ebddebc33c7aecb820eead6d3992f6e47a5e79ef3adde076e45d69387
bibit000428,Lettere,"Galilei, Galileo",historical_general,historical_general,activation_candidate,note_multilingual_metadata,activate_core,historical_general,preserve_rendered_tei_text,437803,,passed canonical TEI role audit,http://www.bibliotecaitaliana.it/scheda/bibit000428,88eab658e88fc08e6a7d2602623f728dea113683c8b078e2399e653ac818822f
bibit001451,"Lezioni di G.G. intorno la figura, sito e grandezza dell'Inferno di Dante Alighieri","Galilei, Galileo",historical_general,historical_general,activation_candidate,note_multilingual_metadata,activate_core,historical_general,preserve_rendered_tei_text,54128,,passed canonical TEI role audit,http://www.bibliotecaitaliana.it/scheda/bibit001451,7f62c5ec684384814d7d11cf5b4d388cfb8980b3361eedaea69f9e56321661e6
bibit001698,Commento edito e inedito sopra la Divina Commedia,"Gelli, Giovan Battista",historical_general,historical_general,review_required,note_multilingual_metadata;review_editorial_brackets,activate_core_with_bracket_cleanup,historical_general,strip_editorial_square_delimiters_and_labels,2387824,,retain supplied historical text while removing editorial bracket notation,http://www.bibliotecaitaliana.it/scheda/bibit001698,11d8c3ab62f08f91f3c7a13c59235a2be8496a8687f15cd749a95d4e0cb3489e
bibit000333,Memorie autobiografiche,"Genovesi, Antonio",historical_general,historical_general,activation_candidate,,activate_core,historical_general,preserve_rendered_tei_text,65113,,passed canonical TEI role audit,http://www.bibliotecaitaliana.it/scheda/bibit000333,f82a2f0dc25cd41341da3e43fbf0463832f7f70d56b5af628399bba22cf02b84
bibit000195,De la purgatione della tragedia,"Giacomini, Lorenzo",historical_general,historical_general,activation_candidate,,activate_core,historical_general,preserve_rendered_tei_text,54028,,passed canonical TEI role audit,http://www.bibliotecaitaliana.it/scheda/bibit000195,d6adbc6da24f26c600fcd9c8a1cee3ce337eb95ede8ba1877e77a659ec1b53a2
bibit000190,Del furor poetico,"Giacomini, Lorenzo",historical_general,historical_general,activation_candidate,,activate_core,historical_general,preserve_rendered_tei_text,48172,,passed canonical TEI role audit,http://www.bibliotecaitaliana.it/scheda/bibit000190,64372317b659b8139a329f053f91e3cc72dd7b49de54de4ad1766f14a0131165
bibit001596,Fiore di rettorica,"Giamboni, Bono",historical_general,historical_general,activation_candidate,note_multilingual_metadata,activate_core,historical_general,preserve_rendered_tei_text,220003,,passed canonical TEI role audit,http://www.bibliotecaitaliana.it/scheda/bibit001596,e2d81119593e33516a69e4c0b710de02735cd2df14745a09052dbdba5e4ed1b0
bibit000862,Comento sopra il I canto dell'Inferno,"Giambullari, Pier Francesco",historical_general,historical_general,activation_candidate,note_multilingual_metadata,activate_core,historical_general,preserve_rendered_tei_text,75551,,passed canonical TEI role audit,http://www.bibliotecaitaliana.it/scheda/bibit000862,2f0154b87487ee245d16495b349281d849b599b41d6013af81ab1017c4c45777
bibit001470,Lezioni di messer Pierfrancesco Giambullari,"Giambullari, Pier Francesco",historical_general,historical_general,activation_candidate,note_multilingual_metadata,activate_core,historical_general,preserve_rendered_tei_text,155309,,passed canonical TEI role audit,http://www.bibliotecaitaliana.it/scheda/bibit001470,7fe2464c040c02de5843053da6ee7a342a3bc7e3fbabaa6809a2f67eee60f6f3
bibit000318,Regole della lingua fiorentina,"Giambullari, Pier Francesco",historical_general,historical_general,activation_candidate,note_multilingual_metadata,activate_core,historical_general,preserve_rendered_tei_text,387205,,passed canonical TEI role audit,http://www.bibliotecaitaliana.it/scheda/bibit000318,cd18cee8ca6baa9bb53635e70824262fe2da02815acfeb4abe30741b7a02e66c
bibit001572,Memoria relativa alla provincia pisana (7 Maggio 1767),"Gianni, Francesco Maria",historical_general,historical_general,activation_candidate,,activate_core,historical_general,preserve_rendered_tei_text,32590,,passed canonical TEI role audit,http://www.bibliotecaitaliana.it/scheda/bibit001572,cb7d7e6f135af773acc120454d1491dbb43c5e503243e254fbb01de6c53d429c
bibit000861,Per la dimostrazione della situazione economica della Provincia pisana,"Gianni, Francesco Maria",historical_general,historical_general,activation_candidate,,activate_core,historical_general,preserve_rendered_tei_text,4788,,passed canonical TEI role audit,http://www.bibliotecaitaliana.it/scheda/bibit000861,d8fef676fbfb70921777c18240721a2ff2373d4fa14b73a4f1e716ea75af9578
bibit000202,Vita scritta da lui medesimo,"Giannone, Pietro",historical_general,historical_general,review_required,note_multilingual_metadata;review_editorial_brackets,activate_core_with_bracket_cleanup,historical_general,strip_editorial_square_delimiters_and_labels,659026,,retain supplied historical text while removing editorial bracket notation,http://www.bibliotecaitaliana.it/scheda/bibit000202,3956fdd5983b8bced0ae132f5c4255927546d984c6ded736349035efcf4023ce
bibit000727,Della reppubblica de' Viniziani,"Giannotti, Donato",historical_general,historical_general,activation_candidate,note_multilingual_metadata,activate_core,historical_general,preserve_rendered_tei_text,305646,,passed canonical TEI role audit,http://www.bibliotecaitaliana.it/scheda/bibit000727,037adea578cfafdc3b5a5e49bada8e332cf3bc126d0c32b10e4c1915aabff0e3
bibit000955,La Dirindina,"Gigli, Girolamo",historical_general,historical_general,activation_candidate,,activate_core,historical_general,preserve_rendered_tei_text,12244,,passed canonical TEI role audit,http://www.bibliotecaitaliana.it/scheda/bibit000955,c0b4d3454da5250622a8ca3c65031497d948407ec78c131ee8902bbc86d0e7c2
bibit000774,Arbitrato,Giovanni di Bertazzo Montolini,historical_general,historical_general,activation_candidate,note_multilingual_metadata,activate_core,historical_general,preserve_rendered_tei_text,19833,,passed canonical TEI role audit,http://www.bibliotecaitaliana.it/scheda/bibit000774,cf97fa929ddd2483046059bfc2ead0e084f1ff3ce6b7283afee9cc2198e76e78
bibit000224,Dialogo dell'imprese militari e amorose,"Giovio, Paolo",historical_general,historical_general,activation_candidate,note_multilingual_metadata,activate_core,historical_general,preserve_rendered_tei_text,137335,,passed canonical TEI role audit,http://www.bibliotecaitaliana.it/scheda/bibit000224,1da51d3ec16621d558b34362f04d9f588d93f5ef60051d31a1bd920a09a39067
bibit000067,Carteggio,"Giraldi Cinzio, Giambattista",historical_general,historical_general,review_required,note_multilingual_metadata;review_editorial_brackets,activate_core_with_bracket_cleanup,historical_general,strip_editorial_square_delimiters_and_labels,634868,,retain supplied historical text while removing editorial bracket notation,http://www.bibliotecaitaliana.it/scheda/bibit000067,95748b3963a8fa9150c881e162e33cfbd90d5252b9001bf9861a3a83572bcd57
bibit001040,Cleopatra,"Giraldi Cinzio, Giambattista",historical_general,historical_general,activation_candidate,,activate_core,historical_general,preserve_rendered_tei_text,118794,,passed canonical TEI role audit,http://www.bibliotecaitaliana.it/scheda/bibit001040,9af600047ddfef53e0d0a839018e366f674079b2307f4f8ac14323f328634e2d
bibit000550,Dedica all'Orbecche,"Giraldi Cinzio, Giambattista",historical_general,historical_general,activation_candidate,,activate_core,historical_general,preserve_rendered_tei_text,4896,,passed canonical TEI role audit,http://www.bibliotecaitaliana.it/scheda/bibit000550,4360322ecb2a1c8dd51b77b7deac50db79d299099bd7291b205b5cf60aca9dd5
bibit001234,Egle,"Giraldi Cinzio, Giambattista",historical_general,historical_general,activation_candidate,note_multilingual_metadata,activate_core,historical_general,preserve_rendered_tei_text,86916,,passed canonical TEI role audit,http://www.bibliotecaitaliana.it/scheda/bibit001234,c0c24278a721f9848f1e741ce7977f4675ecf116bfd41e77136f90f4ac668a65
bibit000675,Egle (Editio Princeps),"Giraldi Cinzio, Giambattista",historical_general,historical_general,activation_candidate,,activate_core,historical_general,preserve_rendered_tei_text,91460,,passed canonical TEI role audit,http://www.bibliotecaitaliana.it/scheda/bibit000675,b430409956d73ab67ea56dc5ad6194da5004f85a97ea0441d962fb969c80999a
bibit001456,"Egle, ms. Classe I 331","Giraldi Cinzio, Giambattista",historical_general,historical_general,review_required,review_missing_source_edition,exclude_missing_source_provenance,excluded,preserve_rendered_tei_text,0,,TEI lacks both a printed source title and source identifier,http://www.bibliotecaitaliana.it/scheda/bibit001456,117928efd24904b8069cc8885264afcebb11c51b4c7331ef970b07138c22e3d5
bibit001160,Epistola latina,"Giraldi Cinzio, Giambattista",historical_general,historical_general,activation_candidate,note_multilingual_metadata,activate_core,historical_general,preserve_rendered_tei_text,17969,,passed canonical TEI role audit,http://www.bibliotecaitaliana.it/scheda/bibit001160,370e9ae73f75aad9fe577a9283d0729e55528b47a61f068031a1cb3e1c2fcce3
bibit000295,Giudizio d'una tragedia di Canace e Macareo,"Giraldi Cinzio, Giambattista",historical_general,historical_general,activation_candidate,note_multilingual_metadata,activate_core,historical_general,preserve_rendered_tei_text,157050,,passed canonical TEI role audit,http://www.bibliotecaitaliana.it/scheda/bibit000295,4743b88fb3c81094cca921d882c790cae002aa95ab7b247c9f3772ea38e0ffc1
bibit000427,Gli Eudemoni,"Giraldi Cinzio, Giambattista",historical_general,historical_general,activation_candidate,note_multilingual_metadata,activate_core,historical_general,preserve_rendered_tei_text,68516,,passed canonical TEI role audit,http://www.bibliotecaitaliana.it/scheda/bibit000427,d200ce4b325307bd7a42cc62203932cb572ac6aa34c81e81d3520745c7e4822f
bibit001665,L'uomo di corte: discorso intorno a quello che si conviene a giovane nobile e ben creato nel servire un gran principe,"Giraldi Cinzio, Giambattista",historical_general,historical_general,activation_candidate,note_multilingual_metadata,activate_core,historical_general,preserve_rendered_tei_text,183979,,passed canonical TEI role audit,http://www.bibliotecaitaliana.it/scheda/bibit001665,10254aae1aadd029e510e5f4605b81cc5c328d5ae31ede01e9701e7bd9133617
bibit000225,Lettera a Bernardo Tasso,"Giraldi Cinzio, Giambattista",historical_general,historical_general,activation_candidate,note_multilingual_metadata,activate_core,historical_general,preserve_rendered_tei_text,47211,,passed canonical TEI role audit,http://www.bibliotecaitaliana.it/scheda/bibit000225,3a0e1f3beb6b1f772e229a0aa8da72a003a55bc4545bf80aae3e4311d52b3d00
bibit000721,Lettera sovra il comporre le satire atte alla scena,"Giraldi Cinzio, Giambattista",historical_general,historical_general,activation_candidate,note_multilingual_metadata,activate_core,historical_general,preserve_rendered_tei_text,40356,,passed canonical TEI role audit,http://www.bibliotecaitaliana.it/scheda/bibit000721,b395d6c665053ba1daa3b1386dbd91034eab1141d26b078e7ba60247069c1798
bibit001424,Lettera sulla tragedia,"Giraldi Cinzio, Giambattista",historical_general,historical_general,activation_candidate,note_multilingual_metadata,activate_core,historical_general,preserve_rendered_tei_text,34073,,passed canonical TEI role audit,http://www.bibliotecaitaliana.it/scheda/bibit001424,956dcc2ab16149c5ee6d0142de2b0794178a6202acfaff2f0f4fbd373914617f
bibit000565,Orbecche,"Giraldi Cinzio, Giambattista",historical_general,historical_general,activation_candidate,,activate_core,historical_general,preserve_rendered_tei_text,127407,,passed canonical TEI role audit,http://www.bibliotecaitaliana.it/scheda/bibit000565,5317fd4691385467c6f2e1b456538bbee4f951346f1de2c6264c7a0b48e5a193
bibit001335,"Prologo all'Altile""","Giraldi Cinzio, Giambattista",historical_general,historical_general,activation_candidate,,activate_core,historical_general,preserve_rendered_tei_text,3645,,passed canonical TEI role audit,http://www.bibliotecaitaliana.it/scheda/bibit001335,431797d532b702d5b28b63aaa9b3513b40b14bb5ab16f32baad7cd7473f32efa
bibit001114,Super imitatione epistula,"Giraldi Cinzio, Giambattista",historical_general,historical_general,review_required,review_non_italian_language,exclude_non_italian,excluded,preserve_rendered_tei_text,0,,TEI language metadata identifies a non-Italian work,http://www.bibliotecaitaliana.it/scheda/bibit001114,b25c24b11b53c46373d9249d12c27c9952168aa09336ed3c5a3ac5e0899a4977
bibit000470,Relazione di Germania (1682),"Giustinian, Ascanio",historical_general,historical_general,activation_candidate,,activate_core,historical_general,preserve_rendered_tei_text,72646,,passed canonical TEI role audit,http://www.bibliotecaitaliana.it/scheda/bibit000470,2f1a31fb72aaad87a52860e7c14618c99649dcf2ff08b10b5b2c6fa959bd737c
bibit000404,Relazione di Francia (1676),"Giustinian, Ascanio II",historical_general,historical_general,activation_candidate,,activate_core,historical_general,preserve_rendered_tei_text,46016,,passed canonical TEI role audit,http://www.bibliotecaitaliana.it/scheda/bibit000404,d335ce0ababfb096a34a9a2e8b2c6ad7af1fda84777b69ea7b31668a5d2948a8
bibit000623,Relazione di Francia,"Giustinian, Marcantonio",historical_general,historical_general,activation_candidate,,activate_core,historical_general,preserve_rendered_tei_text,78052,,passed canonical TEI role audit,http://www.bibliotecaitaliana.it/scheda/bibit000623,795ce4eab8fef0f172f54c12d9d2c8b752032f8df3719a841d255df52de8ea3e
bibit000893,Relatione di S. Girolamo Giustiniani Cavalier (1654),"Giustiniani, Girolamo",historical_general,historical_general,activation_candidate,note_multilingual_metadata,activate_core,historical_general,preserve_rendered_tei_text,56346,,passed canonical TEI role audit,http://www.bibliotecaitaliana.it/scheda/bibit000893,fa4610d2c4b612f60c8805e9ecf2fb9298340511dd4a995f60885710a9ee358d
bibit001592,Relazione di Germania,"Giustiniano, Marino",historical_general,historical_general,activation_candidate,note_multilingual_metadata,activate_core,historical_general,preserve_rendered_tei_text,63849,,passed canonical TEI role audit,http://www.bibliotecaitaliana.it/scheda/bibit001592,1da37f8501285113a807f49282b7ba984544571c6075cd1260a24d66bd1cc9ff
bibit000556,Gl'innamorati,"Goldoni, Carlo",historical_general,historical_general,activation_candidate,,activate_core,historical_general,preserve_rendered_tei_text,97681,,passed canonical TEI role audit,http://www.bibliotecaitaliana.it/scheda/bibit000556,7b62e048ff26d44de845a2647bcd011383b3070524694dacd1510e7007680d28
bibit000420,I rusteghi,"Goldoni, Carlo",historical_general,historical_general,activation_candidate,note_multilingual_metadata,activate_core,historical_general,preserve_rendered_tei_text,97887,,passed canonical TEI role audit,http://www.bibliotecaitaliana.it/scheda/bibit000420,ee804d7bc9560554fa4a6bb62b09d8e5b589367ec9f5b4cda4d496ef325d9246
bibit000982,Il campiello,"Goldoni, Carlo",historical_general,historical_general,activation_candidate,,activate_core,historical_general,preserve_rendered_tei_text,82102,,passed canonical TEI role audit,http://www.bibliotecaitaliana.it/scheda/bibit000982,a80ee3646540a9ef387965840b46830139ba441db3f681950c0d6cffb1e920ca
bibit001579,Il servitore di due padroni,"Goldoni, Carlo",historical_general,historical_general,activation_candidate,,activate_core,historical_general,preserve_rendered_tei_text,133026,,passed canonical TEI role audit,http://www.bibliotecaitaliana.it/scheda/bibit001579,8565ae0d68e654e8f774be1460cfb737285e2c6afadd357dacf1fc3a374fcae8
bibit001010,Il teatro comico,"Goldoni, Carlo",historical_general,historical_general,activation_candidate,,activate_core,historical_general,preserve_rendered_tei_text,97965,,passed canonical TEI role audit,http://www.bibliotecaitaliana.it/scheda/bibit001010,a391b0c215fbaf17e557ba3c7fde146f8f60fc2c69eeaa16812e6a5a0a1153a5
bibit001297,Il ventaglio,"Goldoni, Carlo",historical_general,historical_general,activation_candidate,note_multilingual_metadata,activate_core,historical_general,preserve_rendered_tei_text,119942,,passed canonical TEI role audit,http://www.bibliotecaitaliana.it/scheda/bibit001297,c42d98165121b8d5d2702c6e40a04065d16b1d74a51233b38d8d1c055fc4a959
bibit000902,La bottega del caffè,"Goldoni, Carlo",historical_general,historical_general,activation_candidate,note_multilingual_metadata,activate_core,historical_general,preserve_rendered_tei_text,120242,,passed canonical TEI role audit,http://www.bibliotecaitaliana.it/scheda/bibit000902,6f262bfe0e2db6d08b4450db54b2835389a514773af41dcd674d775f81c56ca8
bibit000869,La famiglia dell'antiquario,"Goldoni, Carlo",historical_general,historical_general,activation_candidate,,activate_core,historical_general,preserve_rendered_tei_text,132577,,passed canonical TEI role audit,http://www.bibliotecaitaliana.it/scheda/bibit000869,e8007cc39abe43fae82805d40119132bdd8d9b21779cafa08845b894a6af7baf
bibit001280,La locandiera,"Goldoni, Carlo",historical_general,historical_general,activation_candidate,,activate_core,historical_general,preserve_rendered_tei_text,125229,,passed canonical TEI role audit,http://www.bibliotecaitaliana.it/scheda/bibit001280,505acd7d63a891ba4dcdeba0ad6870cba89c8c8b5dd45a9c1cdb93aa905f5926
bibit000643,La sposa persiana,"Goldoni, Carlo",historical_general,historical_general,activation_candidate,note_multilingual_metadata,activate_core,historical_general,preserve_rendered_tei_text,96158,,passed canonical TEI role audit,http://www.bibliotecaitaliana.it/scheda/bibit000643,aaf6f539b6860537e36e35df572291bd81000f0f10d52bf52c35f2d8df71251f
bibit000899,Le baruffe chiozzotte,"Goldoni, Carlo",historical_general,historical_general,activation_candidate,note_multilingual_metadata,activate_core,historical_general,preserve_rendered_tei_text,96054,,passed canonical TEI role audit,http://www.bibliotecaitaliana.it/scheda/bibit000899,4796f47808e0550695ce627c624b051e09a34878c1ef3a265d103f4f5d122275
bibit000779,Le femmine puntigliose,"Goldoni, Carlo",historical_general,historical_general,activation_candidate,,activate_core,historical_general,preserve_rendered_tei_text,127084,,passed canonical TEI role audit,http://www.bibliotecaitaliana.it/scheda/bibit000779,6f117bce3c7cb6fc356c089ad68211bc2334db268523e1045b43514a7bed8fbb
bibit000987,Le smanie per la villeggiatura,"Goldoni, Carlo",historical_general,historical_general,activation_candidate,,activate_core,historical_general,preserve_rendered_tei_text,109610,,passed canonical TEI role audit,http://www.bibliotecaitaliana.it/scheda/bibit000987,ea0ded9f215dcdabc2acf80c8f10df70f5a66e4222424f9c8136c4c0d69d1c96
bibit000163,Una delle ultime sere di carnovale,"Goldoni, Carlo",historical_general,historical_general,activation_candidate,note_multilingual_metadata,activate_core,historical_general,preserve_rendered_tei_text,118629,,passed canonical TEI role audit,http://www.bibliotecaitaliana.it/scheda/bibit000163,e9d83df81eb1c3ac0da6c4fa5e129d430521d2336834d5234f73498d772583ec
bibit000076,Relazione di Francia,"Grimani, Alvise",historical_general,historical_general,activation_candidate,note_multilingual_metadata,activate_core,historical_general,preserve_rendered_tei_text,102625,,passed canonical TEI role audit,http://www.bibliotecaitaliana.it/scheda/bibit000076,9fad37dc8d95f8c9c940defbf98c4f6d7787088e19672e73db37778e506974a6
bibit000343,Relatione de S. Giovanni Grimani,"Grimani, Giovanni",historical_general,historical_general,activation_candidate,,activate_core,historical_general,preserve_rendered_tei_text,132864,,passed canonical TEI role audit,http://www.bibliotecaitaliana.it/scheda/bibit000343,30c98f0a82dbb1fa5ee889cad7a680858b9049a3f0ec556174789d349bebed40
bibit000231,Relatione di Germania (1638),"Grimani, Giovanni",historical_general,historical_general,activation_candidate,note_multilingual_metadata,activate_core,historical_general,preserve_rendered_tei_text,48401,,passed canonical TEI role audit,http://www.bibliotecaitaliana.it/scheda/bibit000231,46859cef459442c2bcfdb5d39af2ae77ad4eb8cfe34c646ba126be40941960a4
bibit000968,Il verrato,"Guarini, Battista",historical_general,historical_general,activation_candidate,note_multilingual_metadata,activate_core,historical_general,preserve_rendered_tei_text,180358,,passed canonical TEI role audit,http://www.bibliotecaitaliana.it/scheda/bibit000968,72b8224b9b8989d6c13aceadd805f10923af7cf7603d5fd49350fb0153d1bd00
bibit000722,La idropica,"Guarini, Battista",historical_general,historical_general,activation_candidate,note_multilingual_metadata,activate_core,historical_general,preserve_rendered_tei_text,206206,,passed canonical TEI role audit,http://www.bibliotecaitaliana.it/scheda/bibit000722,8659760fe3db7bcdfed99164eff7b11b927321080b17cc1338f7d2a9ccfe61eb
bibit000235,La civil conversazione,"Guazzo, Stefano",historical_general,historical_general,activation_candidate,note_multilingual_metadata,activate_core,historical_general,preserve_rendered_tei_text,916861,,passed canonical TEI role audit,http://www.bibliotecaitaliana.it/scheda/bibit000235,08a67445644c0bccdc994871061c2bda311ca4924c7f430c36f93eacc8e7e81f
bibit000398,"Considerazioni intorno ai ""Discorsi"" del Machiavelli sopra la Prima Deca di Tito Livio","Guicciardini, Francesco",historical_general,historical_general,activation_candidate,note_multilingual_metadata,activate_core,historical_general,preserve_rendered_tei_text,110750,,passed canonical TEI role audit,http://www.bibliotecaitaliana.it/scheda/bibit000398,dfd0b4731e8144f964f3f196422bc13ea7bbb55c0d0d67c420cbeaa76d696e18
bibit001107,Del modo di ordinare il governo popolare,"Guicciardini, Francesco",historical_general,historical_general,activation_candidate,note_multilingual_metadata,activate_core,historical_general,preserve_rendered_tei_text,88616,,passed canonical TEI role audit,http://www.bibliotecaitaliana.it/scheda/bibit001107,a7983547b2601f7415a052059a37429f7ae8798e01e013678569d85e25f552bb
bibit000096,Dialogo del reggimento di Firenze,"Guicciardini, Francesco",historical_general,historical_general,activation_candidate,note_multilingual_metadata,activate_core,historical_general,preserve_rendered_tei_text,350885,,passed canonical TEI role audit,http://www.bibliotecaitaliana.it/scheda/bibit000096,e42b628a29658c3674cf89a5bac9660a01a43882d3e601458193229755dc010d
bibit000826,Ricordi,"Guicciardini, Francesco",historical_general,historical_general,activation_candidate,note_multilingual_metadata,activate_core,historical_general,preserve_rendered_tei_text,100287,,passed canonical TEI role audit,http://www.bibliotecaitaliana.it/scheda/bibit000826,dd67605f0df5f76b3f7108ff28fa442ac6efae3a8d26f47cd3ff5ac1481db226
bibit000136,Storia d'Italia,"Guicciardini, Francesco",historical_general,historical_general,review_required,note_multilingual_metadata;review_editorial_brackets,activate_core_with_bracket_cleanup,historical_general,strip_editorial_square_delimiters_and_labels,3722053,,retain supplied historical text while removing editorial bracket notation,http://www.bibliotecaitaliana.it/scheda/bibit000136,75c7429bbb12c2f49b895bc18788ff35c699664b16aa9b036b0d44b17513b258
bibit001203,Le ore di ricreazione,"Guicciardini, Ludovico",historical_general,historical_general,activation_candidate,note_multilingual_metadata,activate_core,historical_general,preserve_rendered_tei_text,514258,,passed canonical TEI role audit,http://www.bibliotecaitaliana.it/scheda/bibit001203,9cbab5966c2ce9684c8b0e867dbd7861eb6b49fdbd34d56032bd03a4ec61ffce
bibit000070,Endimione,"Guidi, Alessandro",historical_general,historical_general,activation_candidate,,activate_core,historical_general,preserve_rendered_tei_text,35420,,passed canonical TEI role audit,http://www.bibliotecaitaliana.it/scheda/bibit000070,23e18558259719fdf3da84847b9aff4bc2c76a03084dd471876dd8824ae60750
bibit001498,Expositiones et glose super Comediam Dantis,Guido da Pisa,historical_general,historical_general,activation_candidate,note_multilingual_metadata,activate_core,historical_general,preserve_rendered_tei_text,1453671,,passed canonical TEI role audit,http://www.bibliotecaitaliana.it/scheda/bibit001498,0cdfdcefece3cfd54364f6d511cc393083f6f2853f04a0858b3a14585d9044f1
bibit000374,Relazione di Francia di Vincenzo Gussoni (1616-1617),"Gussoni, Vincenzo",historical_general,historical_general,activation_candidate,,activate_core,historical_general,preserve_rendered_tei_text,44318,,passed canonical TEI role audit,http://www.bibliotecaitaliana.it/scheda/bibit000374,84825266be74c47023056d7959529f8ad1da88d1a0e2402eba7f0ef2a4811da7
bibit000768,Comedia di Dante degli Allagherii col commento di Jacopo di Giovanni dalla Lana bolognese,Jacopo della Lana,historical_general,historical_general,review_required,review_language_variety;note_multilingual_metadata,exclude_core_language_variety,excluded_language_variety_evidence,preserve_rendered_tei_text,0,,"dialect, vernacular, or mixed-language variety is not core standard Italian",http://www.bibliotecaitaliana.it/scheda/bibit000768,4af44c328eb706a0054426d8f15d77ae59a9fb9a622606338b610476ecbb5ec5
bibit000669,Comento di Cristophoro Landini Fiorentino sopra la Comedia di Dante Alighieri poeta Fiorentino,"Landino, Cristoforo",historical_general,historical_general,review_required,review_editorial_brackets,activate_core_with_bracket_cleanup,historical_general,strip_editorial_square_delimiters_and_labels,3604912,,retain supplied historical text while removing editorial bracket notation,http://www.bibliotecaitaliana.it/scheda/bibit000669,8b2f3db71d7c58e5b9caae46129ca0706f111cdc41e5651ce7d341d335e8b08f
bibit001125,Prolusioni accademiche,"Landino, Cristoforo",historical_general,historical_general,activation_candidate,note_multilingual_metadata,activate_core,historical_general,preserve_rendered_tei_text,81180,,passed canonical TEI role audit,http://www.bibliotecaitaliana.it/scheda/bibit001125,b2a5a803d3619733c75138cb7465df68cc8f7a65d38133ee7121862cf359b6b2
bibit000998,Diario fiorentino,"Landucci, Luca",historical_general,historical_general,activation_candidate,note_multilingual_metadata,activate_core,historical_general,preserve_rendered_tei_text,493023,,passed canonical TEI role audit,http://www.bibliotecaitaliana.it/scheda/bibit000998,6453f53fcbcd179e2ae173884cd6896c0cecbee05edfbe6a316a635ec6acc47a
bibit000951,Liber Abaci,Leonardo Fibonacci,historical_general,historical_general,activation_candidate,note_multilingual_metadata,activate_core,historical_general,preserve_rendered_tei_text,71558,,passed canonical TEI role audit,http://www.bibliotecaitaliana.it/scheda/bibit000951,754bee0b66a84c80edc42184005a74fd55836f698f3fb1f455cc1255bb7e19f4
bibit000215,Codice sul volo degli uccelli,Leonardo da Vinci,historical_general,historical_general,activation_candidate,,activate_core,historical_general,preserve_rendered_tei_text,50466,,passed canonical TEI role audit,http://www.bibliotecaitaliana.it/scheda/bibit000215,8cde91ff70e98c0e0ceaa636d8270b4efc7020c6770c63c934a2782972131127
bibit001667,Codice trivulziano,Leonardo da Vinci,historical_general,historical_general,activation_candidate,,activate_core,historical_general,preserve_rendered_tei_text,126968,,passed canonical TEI role audit,http://www.bibliotecaitaliana.it/scheda/bibit001667,c6af2f0cd4b7cee3a78f623ce21ffb1844d390109f66f1aca96098060cd791c7
bibit000622,Il manoscritto H,Leonardo da Vinci,historical_general,historical_general,activation_candidate,,activate_core,historical_general,preserve_rendered_tei_text,39345,,passed canonical TEI role audit,http://www.bibliotecaitaliana.it/scheda/bibit000622,ef6239298502f9d423294820fb3bda911611f0d7a84fe167b6f35948e8045100
bibit000240,Dialoghi d'Amore,Leone Ebreo,historical_general,historical_general,activation_candidate,,activate_core,historical_general,preserve_rendered_tei_text,811394,,passed canonical TEI role audit,http://www.bibliotecaitaliana.it/scheda/bibit000240,09cedd0d5d0a57ddba0914054229deb1cbcbc81695c10b442d01f76df0429128
bibit000243,Dialoghi dell'invenzione poetica,"Lionardi, Alessandro",historical_general,historical_general,activation_candidate,,activate_core,historical_general,preserve_rendered_tei_text,180395,,passed canonical TEI role audit,http://www.bibliotecaitaliana.it/scheda/bibit000243,e4e35f0a86ef2585b190e326c14bed5dfd5b56687a109e5c61d57c0aeaa29df2
bibit000830,Libro di ricordi,"Machiavelli, Bernardo",historical_general,historical_general,review_required,note_multilingual_metadata;review_editorial_brackets,activate_core_with_bracket_cleanup,historical_general,strip_editorial_square_delimiters_and_labels,293612,,retain supplied historical text while removing editorial bracket notation,http://www.bibliotecaitaliana.it/scheda/bibit000830,5fc12c4308ac7cac0b1321d9bd431610fab9e2db0bd3e89f25705c00454a0339
bibit000245,Capitoli,"Machiavelli, Niccolò",historical_general,historical_general,activation_candidate,,activate_core,historical_general,preserve_rendered_tei_text,22179,,passed canonical TEI role audit,http://www.bibliotecaitaliana.it/scheda/bibit000245,719f52bd05dd2053591d2a910991e2ef59111d4e528a012cb7ac1ad02163b1c0
bibit000181,Clizia,"Machiavelli, Niccolò",historical_general,historical_general,review_required,review_editorial_brackets,activate_core_with_bracket_cleanup,historical_general,strip_editorial_square_delimiters_and_labels,68926,,retain supplied historical text while removing editorial bracket notation,http://www.bibliotecaitaliana.it/scheda/bibit000181,ee4e5287603b1259a876a2baf9f20c241bf1792118f59129150b95dfe91fa42f
bibit000535,Dell'arte della guerra,"Machiavelli, Niccolò",historical_general,historical_general,activation_candidate,,activate_core,historical_general,preserve_rendered_tei_text,361394,,passed canonical TEI role audit,http://www.bibliotecaitaliana.it/scheda/bibit000535,13b76abaf0273acab13481e384512f221d5f6d5c984f8e8f55856b7e6fdb9bdb
bibit000747,Discorsi sopra la prima Deca di Tito Livio,"Machiavelli, Niccolò",historical_general,historical_general,activation_candidate,note_multilingual_metadata,activate_core,historical_general,preserve_rendered_tei_text,707746,,passed canonical TEI role audit,http://www.bibliotecaitaliana.it/scheda/bibit000747,a64df88dcdd8ab8df622cd4c4a8a0240d8e23abf59a63838d31953e18fd8685d
bibit001565,Discorso o dialogo intorno alla nostra lingua,"Machiavelli, Niccolò",historical_general,historical_general,activation_candidate,note_multilingual_metadata,activate_core,historical_general,preserve_rendered_tei_text,26283,,passed canonical TEI role audit,http://www.bibliotecaitaliana.it/scheda/bibit001565,023dbdbef9e2b897bcc44f8bea9452b1cdd8da8352aedee39bd8c1fe5dd6faba
bibit000214,Il Principe,"Machiavelli, Niccolò",historical_general,historical_general,activation_candidate,note_multilingual_metadata,activate_core,historical_general,preserve_rendered_tei_text,162807,,passed canonical TEI role audit,http://www.bibliotecaitaliana.it/scheda/bibit000214,bd7e1aa4b431142667e9bb842122071ec76df75b616a74fe911a61277848c45a
bibit000305,Istorie fiorentine,"Machiavelli, Niccolò",historical_general,historical_general,activation_candidate,,activate_core,historical_general,preserve_rendered_tei_text,867163,,passed canonical TEI role audit,http://www.bibliotecaitaliana.it/scheda/bibit000305,c18a91c863d59a2a51a4cf803d81d77d359ca7e2cf6bf6a5d7a1eb9884374d19
bibit000170,L'asino,"Machiavelli, Niccolò",historical_general,historical_general,activation_candidate,,activate_core,historical_general,preserve_rendered_tei_text,41042,,passed canonical TEI role audit,http://www.bibliotecaitaliana.it/scheda/bibit000170,d56b932b0dfac6e013fa2502fa64d5a060adfad4426718686bd453b37d7d4655
bibit001126,Mandragola,"Machiavelli, Niccolò",historical_general,historical_general,activation_candidate,note_multilingual_metadata,activate_core,historical_general,preserve_rendered_tei_text,72973,,passed canonical TEI role audit,http://www.bibliotecaitaliana.it/scheda/bibit001126,8ec4a934af275155744ab279683ed661946727867accf4ce7f172ab2862d37f6
bibit000555,Novella di Belfagor,"Machiavelli, Niccolò",historical_general,historical_general,activation_candidate,,activate_core,historical_general,preserve_rendered_tei_text,19410,,passed canonical TEI role audit,http://www.bibliotecaitaliana.it/scheda/bibit000555,e714e29dd9d2e6ed39b3143558eaba1470a006bb47ca5f7c78e70f6be62dddf7
bibit000554,Vita di Castruccio Castracani,"Machiavelli, Niccolò",historical_general,historical_general,activation_candidate,,activate_core,historical_general,preserve_rendered_tei_text,55884,,passed canonical TEI role audit,http://www.bibliotecaitaliana.it/scheda/bibit000554,de5d187650c26fc19c3eeaa30cddd1424c5c679416bde71b2a103d0ef7124296
bibit001032,Merope,"Maffei, Scipione",historical_general,historical_general,activation_candidate,,activate_core,historical_general,preserve_rendered_tei_text,82167,,passed canonical TEI role audit,http://www.bibliotecaitaliana.it/scheda/bibit001032,b56d0971be2d8d8dadee92dbbd75695a22afedf9ac30dad8b664ad7fb3fee321
bibit000199,Relazione della China,"Magalotti, Lorenzo",historical_general,historical_general,activation_candidate,note_multilingual_metadata,activate_core,historical_general,preserve_rendered_tei_text,76017,,passed canonical TEI role audit,http://www.bibliotecaitaliana.it/scheda/bibit000199,4ce508841f717bdb804c7e338e4d3835df76b4232b40c67d6f27b6995d2a9acc
bibit000891,Il ritratto del privato politico cristiano,"Malvezzi, Virgilio",historical_general,historical_general,activation_candidate,,activate_core,historical_general,preserve_rendered_tei_text,122510,,passed canonical TEI role audit,http://www.bibliotecaitaliana.it/scheda/bibit000891,651ecfef3816e8490cd030790c3467df9d033c065e762c14b48b7a8563f2bce3
bibit000935,Vita di Torquato Tasso,"Manso, Giovan Battista",historical_general,historical_general,activation_candidate,note_multilingual_metadata,activate_core,historical_general,preserve_rendered_tei_text,395678,,passed canonical TEI role audit,http://www.bibliotecaitaliana.it/scheda/bibit000935,bfe554716420a8c642727c9694e635631879a8cfcc1ea314c4823446d444537d
bibit001181,Annales Pisani,"Maragone, Bernardo",historical_general,historical_general,activation_candidate,note_multilingual_metadata,activate_core,historical_general,preserve_rendered_tei_text,173460,,passed canonical TEI role audit,http://www.bibliotecaitaliana.it/scheda/bibit001181,8a3d2e9d0b27eb4f51123e49f2939a7c0393d75a6ab33e1e9045e35a531fe402
bibit000094,Expositione sopra l'«Inferno» di Dante Alligieri,"Maramauro, Guglielmo",historical_general,historical_general,review_required,note_multilingual_metadata;review_editorial_brackets,activate_core_with_bracket_cleanup,historical_general,strip_editorial_square_delimiters_and_labels,631568,,retain supplied historical text while removing editorial bracket notation,http://www.bibliotecaitaliana.it/scheda/bibit000094,428a936a8f07238016c6e7141ab971087b57c52b2c34e2020004297122762b71
bibit001401,Relazione di Filippo II Re di Spagna (1559),Marcantonio da Mula,historical_general,historical_general,activation_candidate,note_multilingual_metadata,activate_core,historical_general,preserve_rendered_tei_text,27396,,passed canonical TEI role audit,http://www.bibliotecaitaliana.it/scheda/bibit001401,7632f06860a4d1fd53107cb1d027e6a1229038af6616694982985d524e5db408
bibit001537,Il Crispo,"Marchese, Annibale",historical_general,historical_general,activation_candidate,,activate_core,historical_general,preserve_rendered_tei_text,87614,,passed canonical TEI role audit,http://www.bibliotecaitaliana.it/scheda/bibit001537,f3ff1e517d171fb31f4f507f9f13e44984ddc60a3dd5efe951c30ee98f253f91
bibit000316,L'Ermenegildo,"Marchese, Annibale",historical_general,historical_general,activation_candidate,,activate_core,historical_general,preserve_rendered_tei_text,113008,,passed canonical TEI role audit,http://www.bibliotecaitaliana.it/scheda/bibit000316,3d5a5f55f50de266471d69495fce2892b8a4a2da9549cce6da52076965c5e750
bibit000389,Tullia,"Martelli, Lodovico",historical_general,historical_general,activation_candidate,,activate_core,historical_general,preserve_rendered_tei_text,85437,,passed canonical TEI role audit,http://www.bibliotecaitaliana.it/scheda/bibit000389,2b4ca660d419995d604f4170faabd5ece8183633cd0807e11a45293ee7580585
bibit001701,Il Novellino,Masuccio Salernitano,historical_general,historical_general,review_required,review_editorial_brackets,activate_core_with_bracket_cleanup,historical_general,strip_editorial_square_delimiters_and_labels,767090,,retain supplied historical text while removing editorial bracket notation,http://www.bibliotecaitaliana.it/scheda/bibit001701,d788b16bd4052de75422882c652c4c555ce4b284f8fdeb8a48596f3b59aad27a
bibit001619,Novelle,"Medici, Lorenzo de'",historical_general,historical_general,activation_candidate,note_multilingual_metadata,activate_core,historical_general,preserve_rendered_tei_text,42970,,passed canonical TEI role audit,http://www.bibliotecaitaliana.it/scheda/bibit001619,15dae6a29e6eb3e7a9644f21476bba44135496e94bd1843531451f863080340e
bibit000370,Rappresentazione di san Giovanni e Paolo,"Medici, Lorenzo de'",historical_general,historical_general,activation_candidate,,activate_core,historical_general,preserve_rendered_tei_text,47499,,passed canonical TEI role audit,http://www.bibliotecaitaliana.it/scheda/bibit000370,c487853bdea638648cf648736a07f51f4adabbabb0911d2c0e5faa42b41d445d
bibit000543,Achille in Sciro,"Metastasio, Pietro",historical_general,historical_general,activation_candidate,,activate_core,historical_general,preserve_rendered_tei_text,53885,,passed canonical TEI role audit,http://www.bibliotecaitaliana.it/scheda/bibit000543,61228f35b4e74c217ba138c2be214ed6d48f9c003386387908e835efa17e9281
bibit000817,Adriano in Siria,"Metastasio, Pietro",historical_general,historical_general,activation_candidate,,activate_core,historical_general,preserve_rendered_tei_text,49533,,passed canonical TEI role audit,http://www.bibliotecaitaliana.it/scheda/bibit000817,7611e97b3ab6a2e85da33cf7789e88e8fcebd2e2af41b3feafc5bd684f0ec29b
bibit000901,Alessandro nell'Indie,"Metastasio, Pietro",historical_general,historical_general,activation_candidate,,activate_core,historical_general,preserve_rendered_tei_text,47299,,passed canonical TEI role audit,http://www.bibliotecaitaliana.it/scheda/bibit000901,36b5018edd868dc3c6885fa7287674139c19033fdc220579702145c729e00539
bibit000288,Attilio Regolo,"Metastasio, Pietro",historical_general,historical_general,activation_candidate,,activate_core,historical_general,preserve_rendered_tei_text,51250,,passed canonical TEI role audit,http://www.bibliotecaitaliana.it/scheda/bibit000288,e96b6fbf36deef2e989dce3b51ce2241e34f625893732419756e2d266185beff
bibit001353,Demetrio,"Metastasio, Pietro",historical_general,historical_general,activation_candidate,,activate_core,historical_general,preserve_rendered_tei_text,64426,,passed canonical TEI role audit,http://www.bibliotecaitaliana.it/scheda/bibit001353,2811f06449f48dc75e8e14c84f01baf28e7c65102b3a1c8e55532743843e4140
bibit001270,Demofoonte,"Metastasio, Pietro",historical_general,historical_general,activation_candidate,,activate_core,historical_general,preserve_rendered_tei_text,59877,,passed canonical TEI role audit,http://www.bibliotecaitaliana.it/scheda/bibit001270,25712718018e1f7cc9fde50d74e67137a6fff5f674a9d2c3160d0ecb21e0d835
bibit000292,Didone abbandonata,"Metastasio, Pietro",historical_general,historical_general,activation_candidate,,activate_core,historical_general,preserve_rendered_tei_text,52771,,passed canonical TEI role audit,http://www.bibliotecaitaliana.it/scheda/bibit000292,dd9029611ae8986ef6a8823748eb4a451f8026c7dc249f224661bd13524c3aeb
bibit001478,Ezio,"Metastasio, Pietro",historical_general,historical_general,activation_candidate,,activate_core,historical_general,preserve_rendered_tei_text,64972,,passed canonical TEI role audit,http://www.bibliotecaitaliana.it/scheda/bibit001478,16cb8ac3d6c5853e484f36e7dc1946cc3eeacdb6e44f6c62aad01e1a534fddb3
bibit001073,Il re pastore,"Metastasio, Pietro",historical_general,historical_general,activation_candidate,,activate_core,historical_general,preserve_rendered_tei_text,36745,,passed canonical TEI role audit,http://www.bibliotecaitaliana.it/scheda/bibit001073,b5984daeee5ac0ca574f500ad05f10797f2d043cc3ed650c8754960a7967c1e2
bibit000407,Ipermestra,"Metastasio, Pietro",historical_general,historical_general,activation_candidate,,activate_core,historical_general,preserve_rendered_tei_text,40287,,passed canonical TEI role audit,http://www.bibliotecaitaliana.it/scheda/bibit000407,8b9fdb4146148db0dceafa4bb9d38a5db4ba6a10573e16f0c200ea6cbd85b7d3
bibit000485,Issipile,"Metastasio, Pietro",historical_general,historical_general,activation_candidate,,activate_core,historical_general,preserve_rendered_tei_text,46454,,passed canonical TEI role audit,http://www.bibliotecaitaliana.it/scheda/bibit000485,6496cd932c81fd362a999809df5ef632e63b612db8f2ced2b6e3c0d9ddcaab90
bibit000506,L'eroe cinese,"Metastasio, Pietro",historical_general,historical_general,activation_candidate,,activate_core,historical_general,preserve_rendered_tei_text,38807,,passed canonical TEI role audit,http://www.bibliotecaitaliana.it/scheda/bibit000506,342e65f64909d5893c56982bf051468683d72cf2e2ec3abc695579222e53e958
bibit001070,"L'impresario delle Canarie, Intermezzi per la Didone","Metastasio, Pietro",historical_general,historical_general,activation_candidate,,activate_core,historical_general,preserve_rendered_tei_text,12488,,passed canonical TEI role audit,http://www.bibliotecaitaliana.it/scheda/bibit001070,5b1b90c753b774e969d5ced9efa8181b5b5b3c6ddce3b9fc06878da3f9f57809
bibit001202,L'olimpiade,"Metastasio, Pietro",historical_general,historical_general,activation_candidate,,activate_core,historical_general,preserve_rendered_tei_text,59476,,passed canonical TEI role audit,http://www.bibliotecaitaliana.it/scheda/bibit001202,2f6a6b93a6eecfa811e09338389b563d70cabb300e44f4018d6498071d66bc92
bibit000843,Nitteti,"Metastasio, Pietro",historical_general,historical_general,activation_candidate,,activate_core,historical_general,preserve_rendered_tei_text,52801,,passed canonical TEI role audit,http://www.bibliotecaitaliana.it/scheda/bibit000843,fb4fc59778731b2babd56747ef732f857c1fa3073e9f46e13e32c84ea3277ada
bibit000984,Romolo ed Ersilia,"Metastasio, Pietro",historical_general,historical_general,activation_candidate,,activate_core,historical_general,preserve_rendered_tei_text,40237,,passed canonical TEI role audit,http://www.bibliotecaitaliana.it/scheda/bibit000984,e0f920d4d38114632cfc1dc9ed74a1ab50b081075ee60a3b02e6ee88dd4ed4af
bibit001574,Ruggero ovvero l'eroica gratitudine,"Metastasio, Pietro",historical_general,historical_general,activation_candidate,,activate_core,historical_general,preserve_rendered_tei_text,44312,,passed canonical TEI role audit,http://www.bibliotecaitaliana.it/scheda/bibit001574,fe8e7ca850fd713180f6e557308eea05be33f748398345eac293e84c16433f80
bibit000388,Siroe,"Metastasio, Pietro",historical_general,historical_general,activation_candidate,,activate_core,historical_general,preserve_rendered_tei_text,55922,,passed canonical TEI role audit,http://www.bibliotecaitaliana.it/scheda/bibit000388,66f5a380686a0285b7938c5f748b9abdb730f864ec8d3aec2c7ac0982a5baf5b
bibit001604,Temistocle,"Metastasio, Pietro",historical_general,historical_general,activation_candidate,,activate_core,historical_general,preserve_rendered_tei_text,55443,,passed canonical TEI role audit,http://www.bibliotecaitaliana.it/scheda/bibit001604,c8960708368afab26ff6f4b54488daf07df82a9e2890a7efb1d0b3dc08b3eab7
bibit000731,Zenobia,"Metastasio, Pietro",historical_general,historical_general,activation_candidate,,activate_core,historical_general,preserve_rendered_tei_text,50566,,passed canonical TEI role audit,http://www.bibliotecaitaliana.it/scheda/bibit000731,4deb18bf330c8c7dc2a1c5152d9fdf4f33a17a2fd0a967b3962d9261e0d9e793
bibit001242,Relazione di Francia,"Michiel, Francesco",historical_general,historical_general,activation_candidate,note_multilingual_metadata,activate_core,historical_general,preserve_rendered_tei_text,96265,,passed canonical TEI role audit,http://www.bibliotecaitaliana.it/scheda/bibit001242,5271a154570a8bdccec1fe05076d23630a9380f0ab389454f5bdac9b648b24c6
bibit000471,Relazione di Germania (1678),"Michiel, Francesco",historical_general,historical_general,activation_candidate,note_multilingual_metadata,activate_core,historical_general,preserve_rendered_tei_text,103170,,passed canonical TEI role audit,http://www.bibliotecaitaliana.it/scheda/bibit000471,b3c520909a603ae239560c520cab93f3d5e71e2b5c9f06b4a25676ef1826727e
bibit000152,Relazione di Germania (1564),"Michiel, Zuan",historical_general,historical_general,activation_candidate,note_multilingual_metadata,activate_core,historical_general,preserve_rendered_tei_text,109640,,passed canonical TEI role audit,http://www.bibliotecaitaliana.it/scheda/bibit000152,a30905d52e217ed46a1fa457e4797d01a80b6fc4a3f366893a8dba863e04d3f4
bibit001621,Relazione di Germania (1571),"Michiel, Zuan",historical_general,historical_general,activation_candidate,note_multilingual_metadata,activate_core,historical_general,preserve_rendered_tei_text,113508,,passed canonical TEI role audit,http://www.bibliotecaitaliana.it/scheda/bibit001621,5b8c61170918b85929e8ba211f9e1842b63331565e3a3edfb3f9a3a3f1751c2c
bibit000942,Relazione di Germania,"Minio, Polo",historical_general,historical_general,activation_candidate,,activate_core,historical_general,preserve_rendered_tei_text,32459,,passed canonical TEI role audit,http://www.bibliotecaitaliana.it/scheda/bibit000942,fcf0b54239653837bbc1e96342e2873b2e7d57730e69c2fc84a896440b71436c
bibit000745,Amore prigioniero,"Minturno, Antonio",historical_general,historical_general,activation_candidate,,activate_core,historical_general,preserve_rendered_tei_text,145036,,passed canonical TEI role audit,http://www.bibliotecaitaliana.it/scheda/bibit000745,be955865c57b550d795c7d70cc589fb89a0eb9ee8b602362a51570b7a353e55d
bibit001425,Relatione di me Alvise Mocenigo K.,"Mocenigo, Alvise",historical_general,historical_general,activation_candidate,note_multilingual_metadata,activate_core,historical_general,preserve_rendered_tei_text,429985,,passed canonical TEI role audit,http://www.bibliotecaitaliana.it/scheda/bibit001425,d69e1c6643aa53635f1425523317b07c7467ee1dfa060386acd309df2bf330b3
bibit000770,Relazione di Germania,"Mocenigo, Leonardo",historical_general,historical_general,activation_candidate,note_multilingual_metadata,activate_core,historical_general,preserve_rendered_tei_text,88348,,passed canonical TEI role audit,http://www.bibliotecaitaliana.it/scheda/bibit000770,779ff3dc8ce2d237b2a8a0a9ffbf9d34f6e95dc65a65288427ba4a87fb329c24
bibit001544,Relazione di Germania (1661),"Molin, Alvise",historical_general,historical_general,activation_candidate,,activate_core,historical_general,preserve_rendered_tei_text,134706,,passed canonical TEI role audit,http://www.bibliotecaitaliana.it/scheda/bibit001544,e66ab47017b0c9dcd70a21e5c58301987cfb8dd06bcba7dbf55dc415ced619f6
bibit000052,Caio Gracco,"Monti, Vincenzo",historical_general,historical_general,activation_candidate,,activate_core,historical_general,preserve_rendered_tei_text,86108,,passed canonical TEI role audit,http://www.bibliotecaitaliana.it/scheda/bibit000052,880b0eb8d1d05e77adeec8072e98b602512ffd78662e8c3872fff47982b3941f
bibit000460,Epistolario,"Monti, Vincenzo",historical_general,historical_general,review_required,note_multilingual_metadata;review_editorial_brackets,activate_core_with_bracket_cleanup,historical_general,strip_editorial_square_delimiters_and_labels,3639214,,retain supplied historical text while removing editorial bracket notation,http://www.bibliotecaitaliana.it/scheda/bibit000460,decbb714d86f53fa5a6e5cabb9b696daa6238746751dae922aee4ddf58f67130
bibit000286,Ricordi,"Morelli, Giovanni di Pagolo",historical_general,historical_general,activation_candidate,note_multilingual_metadata,activate_core,historical_general,preserve_rendered_tei_text,367664,,passed canonical TEI role audit,http://www.bibliotecaitaliana.it/scheda/bibit000286,87db8665eed4a8d52d6100985377b96a6ceb79b60ca0bc6db5f45eb33ae9e7aa
bibit001029,Atti dalla relazione di Domenico Morosini,"Morosini, Domenico",historical_general,historical_general,activation_candidate,note_multilingual_metadata,activate_core,historical_general,preserve_rendered_tei_text,18528,,passed canonical TEI role audit,http://www.bibliotecaitaliana.it/scheda/bibit001029,630b6016da49d52ee330f5f8db7eb610baf65967c6026134ef3fda4c2c1f3d91
bibit001231,Relazione di Costantinopoli (1675-1680),"Morosini, Giovanni",historical_general,historical_general,activation_candidate,note_multilingual_metadata,activate_core,historical_general,preserve_rendered_tei_text,110191,,passed canonical TEI role audit,http://www.bibliotecaitaliana.it/scheda/bibit001231,bbebbb3a6004d198509f48e697c4e5f6768433e88b036d5694cf87073c45afb0
bibit001282,Relazione di Francia,"Morosini, Giovanni",historical_general,historical_general,activation_candidate,,activate_core,historical_general,preserve_rendered_tei_text,56952,,passed canonical TEI role audit,http://www.bibliotecaitaliana.it/scheda/bibit001282,1655fcb57c384441d96800b75528ddd1899f574c2eb0d2f8409a0daeb34398a9
bibit001303,Relazione di Germania (1674),"Morosini, Giovanni",historical_general,historical_general,activation_candidate,note_multilingual_metadata,activate_core,historical_general,preserve_rendered_tei_text,56449,,passed canonical TEI role audit,http://www.bibliotecaitaliana.it/scheda/bibit001303,2968cf4d3f50bc7aa49e9fba21ac30ebaf82d39045c8f4e16d928578e75b0304
bibit001611,La rappresentazione del vitello sagginato,"Muzi, Piero di Mariano",historical_general,historical_general,activation_candidate,note_multilingual_metadata,activate_core,historical_general,preserve_rendered_tei_text,25212,,passed canonical TEI role audit,http://www.bibliotecaitaliana.it/scheda/bibit001611,3a397dc538828424b3e03cf0d634d39e2f81f76ecf0b243b7c682490718477ec
bibit000904,Battaglie per difesa dell'italica lingua,"Muzio, Girolamo",historical_general,historical_general,review_required,note_multilingual_metadata;review_editorial_brackets,activate_core_with_bracket_cleanup,historical_general,strip_editorial_square_delimiters_and_labels,514013,,retain supplied historical text while removing editorial bracket notation,http://www.bibliotecaitaliana.it/scheda/bibit000904,a23c3e351d0671ee1446aba423ea564202034d43f3cb8f3081266a3c0c02d8f8
bibit001407,Dell'arte poetica,"Muzio, Girolamo",historical_general,historical_general,activation_candidate,,activate_core,historical_general,preserve_rendered_tei_text,59085,,passed canonical TEI role audit,http://www.bibliotecaitaliana.it/scheda/bibit001407,387a977c12d731a4167e54b4a273bcd612322f9562ab4c0b969f937bfebc3732
bibit000300,Il gentilhuomo,"Muzio, Girolamo",historical_general,historical_general,activation_candidate,,activate_core,historical_general,preserve_rendered_tei_text,434464,,passed canonical TEI role audit,http://www.bibliotecaitaliana.it/scheda/bibit000300,9a44d34ffd060e4d24782a529ab184c4e2e22a05347f292c69133347283e2a9e
bibit001189,Lettere,"Muzio, Girolamo",historical_general,historical_general,activation_candidate,note_multilingual_metadata,activate_core,historical_general,preserve_rendered_tei_text,399896,,passed canonical TEI role audit,http://www.bibliotecaitaliana.it/scheda/bibit001189,7eff8a896d786e890680b6aca95c1026dc5d1e477793f6a0cc0e0a3cd9a0d982
bibit001166,Atti del bailaggio di Costantinopoli (1600-1603),"Nani, Agostino",historical_general,historical_general,activation_candidate,note_multilingual_metadata,activate_core,historical_general,preserve_rendered_tei_text,63271,,passed canonical TEI role audit,http://www.bibliotecaitaliana.it/scheda/bibit001166,c98c00ee38e6735d0aa6253df04bd7c679eab3138d1d91925d8ef3f985efed02
bibit000867,Relazione di Francia di Giovanni Battista Nani (1644 al 1648),"Nani, Giovan Battista",historical_general,historical_general,activation_candidate,,activate_core,historical_general,preserve_rendered_tei_text,92326,,passed canonical TEI role audit,http://www.bibliotecaitaliana.it/scheda/bibit000867,24c7f9be6297b94733ea4214caeae51789107f8d3c759f7c72170ee92630efa6
bibit000525,Relazione di Germania (1658),"Nani, Giovan Battista",historical_general,historical_general,activation_candidate,,activate_core,historical_general,preserve_rendered_tei_text,70322,,passed canonical TEI role audit,http://www.bibliotecaitaliana.it/scheda/bibit000525,77368b1c1ad35167d8a6d244a059f938136bec4529956f50f02cd5b628836c88
bibit000896,Relazione di Giovanni Battista Nani (1659-1660),"Nani, Giovan Battista",historical_general,historical_general,activation_candidate,note_multilingual_metadata,activate_core,historical_general,preserve_rendered_tei_text,88515,,passed canonical TEI role audit,http://www.bibliotecaitaliana.it/scheda/bibit000896,d5ecda8a968f253aadc4d24c7b89acace5174fb3a9082437e18946466de2f73a
bibit001652,Sommario di Spagna,"Navagero, Andrea",historical_general,historical_general,activation_candidate,note_multilingual_metadata,activate_core,historical_general,preserve_rendered_tei_text,27892,,passed canonical TEI role audit,http://www.bibliotecaitaliana.it/scheda/bibit001652,117605977091d550fee2e9ce5588f16b0418f5c8805c29ee4e85269c08b3be2b
bibit001314,Relazione di Bernardo Navagero (1546),"Navagero, Bernardo",historical_general,historical_general,activation_candidate,note_multilingual_metadata,activate_core,historical_general,preserve_rendered_tei_text,117546,,passed canonical TEI role audit,http://www.bibliotecaitaliana.it/scheda/bibit001314,c87392a711be64c201adc3e0dd0be66dafe2100b442408a3a493e44235305353
bibit000515,Relazione della visita fatta all'ufizio de fossi di Pisa l'anno 1740,"Neri, Pompeo",historical_general,historical_general,review_required,review_missing_source_edition,exclude_missing_source_provenance,excluded,preserve_rendered_tei_text,0,,TEI lacks both a printed source title and source identifier,http://www.bibliotecaitaliana.it/scheda/bibit000515,cecaababfe258312b078570cecbca063148d2f4167d6b045604c528f939f60e6
bibit000128,Tre lezioni sulla poetica,"Neroni, Baccio",historical_general,historical_general,activation_candidate,note_multilingual_metadata,activate_core,historical_general,preserve_rendered_tei_text,29903,,passed canonical TEI role audit,http://www.bibliotecaitaliana.it/scheda/bibit000128,185e79084d420a3f88b471a0734e6c2ad9d05bc98331db0a6bc6c6a42b9b5628
bibit000366,Il libro degli affari proprii di casa de Lapo di Giovanni Niccolini de'Sirigatti,"Niccolini de' Sirigatti, Lapo",historical_general,historical_general,review_required,review_editorial_brackets,activate_core_with_bracket_cleanup,historical_general,strip_editorial_square_delimiters_and_labels,214626,,retain supplied historical text while removing editorial bracket notation,http://www.bibliotecaitaliana.it/scheda/bibit000366,fc6c479ab85122b0b177a6d9b28ec3a3f8f2abb11b2aac0eb7269eeefcbbe721
bibit000249,Fabula de Cefalo,Niccolò da Correggio,historical_general,historical_general,activation_candidate,,activate_core,historical_general,preserve_rendered_tei_text,45799,,passed canonical TEI role audit,http://www.bibliotecaitaliana.it/scheda/bibit000249,9c58aeaa8a073bb824be8495abb3618488f46531dbca4fd6e2e9309637b563db
bibit000411,"I dilettevoli dialogi, le vere narrationi, le facete epistole di Luciano filosofo",Nicolò da Lonigo,historical_general,historical_general,activation_candidate,,activate_core,historical_general,preserve_rendered_tei_text,745219,,passed canonical TEI role audit,http://www.bibliotecaitaliana.it/scheda/bibit000411,f0fe1ac156584c181ed1c2e41a4a80fdc595ca106e4d39ee8a99391bd4f4e7be
bibit001681,Alcune lettere mercantili toscane da colonie genovesi alla fine del Trecento,Non definito,historical_general,historical_general,activation_candidate,,activate_core,historical_general,preserve_rendered_tei_text,9557,,passed canonical TEI role audit,http://www.bibliotecaitaliana.it/scheda/bibit001681,07dc2096243dfb163c7d2b757ee19eaeb4d858face61104e731aff0b1cd2365a
bibit000081,Alcuni documenti che testimoniano i rapporti tra Pisa e l'Oriente tra la fine del XIII e l'inizio del XIV secolo,Non definito,historical_general,historical_general,activation_candidate,note_multilingual_metadata,activate_core,historical_general,preserve_rendered_tei_text,26929,,passed canonical TEI role audit,http://www.bibliotecaitaliana.it/scheda/bibit000081,28392ef2762fafaa8a3ea8e96b80222431b6c1c2fb7eb3b2fb5bb6367ef4cf7e
bibit001119,Alcuni documenti per la storia economica dei secoli XIII-XVI,Non definito,historical_general,historical_general,activation_candidate,note_multilingual_metadata,activate_core,historical_general,preserve_rendered_tei_text,17956,,passed canonical TEI role audit,http://www.bibliotecaitaliana.it/scheda/bibit001119,cd4c5d9f8f5e90aee340a3d219896fd7f9a663da462370f2e72b03c313919d57
bibit000111,Alcuni documenti relativi ai rapporti economici tra la Sardegna e Pisa nel Medioevo,Non definito,historical_general,historical_general,activation_candidate,note_multilingual_metadata,activate_core,historical_general,preserve_rendered_tei_text,62660,,passed canonical TEI role audit,http://www.bibliotecaitaliana.it/scheda/bibit000111,ba326701936222e2cd0bdac2e9da335021590e1c00769198f33e20f4c9325067
bibit000373,Bibbia Istoriata Padovana della fine del trecento,Non definito,historical_general,historical_general,review_required,note_multilingual_metadata;review_editorial_brackets,activate_core_with_bracket_cleanup,historical_general,strip_editorial_square_delimiters_and_labels,379913,,retain supplied historical text while removing editorial bracket notation,http://www.bibliotecaitaliana.it/scheda/bibit000373,f941da4c7d5a0b23fb63a039cfa2a0019793490828ef1ef625387d4fdd915ace
bibit000895,Breve Vetus seu Chronica Antianorum Civitatis Pisarum,Non definito,historical_general,historical_general,activation_candidate,note_multilingual_metadata,activate_core,historical_general,preserve_rendered_tei_text,342977,,passed canonical TEI role audit,http://www.bibliotecaitaliana.it/scheda/bibit000895,1d38237ed1d0684211e432eda181e698c26b94f365deeb588a15ce3daae3a86c
bibit000824,Carta de logu,Non definito,historical_general,historical_general,activation_candidate,note_multilingual_metadata,activate_core,historical_general,preserve_rendered_tei_text,11185,,passed canonical TEI role audit,http://www.bibliotecaitaliana.it/scheda/bibit000824,299c3c6d172d49a4fdcea4a3250352d10293d0c52c51daf7d845f095afd8a015
bibit000220,Cinque sentenze emanate dai tribunali di Pisa nel XII secolo,Non definito,historical_general,historical_general,activation_candidate,note_multilingual_metadata,activate_core,historical_general,preserve_rendered_tei_text,15019,,passed canonical TEI role audit,http://www.bibliotecaitaliana.it/scheda/bibit000220,cc187256e713ac6e411b3e69d30e7ad204e25dec6552cb1c7f485a6517fd4131
bibit000127,Cleopatra e Marc'Antonio Tragedia,Non definito,historical_general,historical_general,review_required,review_editorial_brackets,activate_core_with_bracket_cleanup,historical_general,strip_editorial_square_delimiters_and_labels,131852,,retain supplied historical text while removing editorial bracket notation,http://www.bibliotecaitaliana.it/scheda/bibit000127,99638f727f6f841fa757430772b5b9153b861d04319e623fbef98404a36280d6
bibit001261,Cronica Roncioniana,Non definito,historical_general,historical_general,review_required,review_missing_source_edition,exclude_missing_source_provenance,excluded,preserve_rendered_tei_text,0,,TEI lacks both a printed source title and source identifier,http://www.bibliotecaitaliana.it/scheda/bibit001261,9938752644dcee97861b53b6e1d55fd2cb801265c6d9283394751306628d8940
bibit001690,Cronica del Convento di Santa Caterina secoli XIV-XV,Non definito,historical_general,historical_general,activation_candidate,note_multilingual_metadata,activate_core,historical_general,preserve_rendered_tei_text,142986,,passed canonical TEI role audit,http://www.bibliotecaitaliana.it/scheda/bibit001690,0eafa4b24d44def803962824b05d32e1bb691a392eb8115f815048c1f7afd18b
bibit000477,Cronica deli Imperadori,Non definito,historical_general,historical_general,review_required,note_multilingual_metadata;review_editorial_brackets,activate_core_with_bracket_cleanup,historical_general,strip_editorial_square_delimiters_and_labels,165952,,retain supplied historical text while removing editorial bracket notation,http://www.bibliotecaitaliana.it/scheda/bibit000477,ba973e2f368e6072139f1c299ecd3f2c75cf7c7ca4dd7ef9ca990697b1b399da
bibit000075,"Cronica di Ferrara, volgarizzamento della Cronica Parva di Riccobaldo",Non definito,historical_general,historical_general,review_required,review_missing_source_edition,exclude_missing_source_provenance,excluded,preserve_rendered_tei_text,0,,TEI lacks both a printed source title and source identifier,http://www.bibliotecaitaliana.it/scheda/bibit000075,1fc57b263f8281592ae898b631f905cb59f55ee712f07a5ec7cbe62e1099ea95
bibit000907,Cronica di Pisa,Non definito,historical_general,historical_general,activation_candidate,note_multilingual_metadata,activate_core,historical_general,preserve_rendered_tei_text,369088,,passed canonical TEI role audit,http://www.bibliotecaitaliana.it/scheda/bibit000907,b7fe7aef8f2590daa61e459aff4b11b32f17e04c4e9b14743b32abec83c43c29
bibit001559,Documenti inediti dal Diplomatico dell'Archivio di Stato di Pisa,Non definito,historical_general,historical_general,review_required,review_missing_source_edition,exclude_missing_source_provenance,excluded,preserve_rendered_tei_text,0,,TEI lacks both a printed source title and source identifier,http://www.bibliotecaitaliana.it/scheda/bibit001559,6b866dc02a4453dfe6aa1782c955d843f82a31ab49fcf597ee29f6a65b5a90c7
bibit001510,Estratti degli Annali del Convento di Santa Caterina,Non definito,historical_general,historical_general,review_required,review_non_italian_language,exclude_non_italian,excluded,preserve_rendered_tei_text,0,,TEI language metadata identifies a non-Italian work,http://www.bibliotecaitaliana.it/scheda/bibit001510,7d68fe4bf0ced52142b899f2ab1447dc88f82b77e7b0e4393a0b34be0135354e
bibit001049,Fabula de Cefalo e Procris,Non definito,historical_general,historical_general,activation_candidate,note_multilingual_metadata,activate_core,historical_general,preserve_rendered_tei_text,5053,,passed canonical TEI role audit,http://www.bibliotecaitaliana.it/scheda/bibit001049,4077e8a92e10d7fbd3684a1bf1ae31a2fe4962e4d95885cb8f2ff9dfda09a393
bibit001452,Fioretti di San Francesco,Non definito,historical_general,historical_general,activation_candidate,,activate_core,historical_general,preserve_rendered_tei_text,223267,,passed canonical TEI role audit,http://www.bibliotecaitaliana.it/scheda/bibit001452,681e8d7a89e3229398ff2e186481e0b36604ad03d6d4ae0b951b56fb0297d068
bibit000601,Gesta Triumphalia per Pisanos Facta,Non definito,historical_general,historical_general,activation_candidate,note_multilingual_metadata,activate_core,historical_general,preserve_rendered_tei_text,21328,,passed canonical TEI role audit,http://www.bibliotecaitaliana.it/scheda/bibit000601,4824e53d156104e204fd208adb7d5007fe1f03cc01e4c8a77d1a6cad7e505419
bibit000717,Grida del 20 ottobre 1424,Non definito,historical_general,historical_general,review_required,review_missing_source_edition,exclude_missing_source_provenance,excluded,preserve_rendered_tei_text,0,,TEI lacks both a printed source title and source identifier,http://www.bibliotecaitaliana.it/scheda/bibit000717,7cdf42c53b6882b648a5955237a2dae3890c131d3001f6bfa8a448b61017e940
bibit000586,Grida del 23 aprile 1435,Non definito,historical_general,historical_general,review_required,review_missing_source_edition,exclude_missing_source_provenance,excluded,preserve_rendered_tei_text,0,,TEI lacks both a printed source title and source identifier,http://www.bibliotecaitaliana.it/scheda/bibit000586,502346def77a5917f5be9058df04928ec158295040a88f50ced87d89d12b20cb
bibit001639,Grida del 24 ottobre 1436,Non definito,historical_general,historical_general,review_required,review_missing_source_edition,exclude_missing_source_provenance,excluded,preserve_rendered_tei_text,0,,TEI lacks both a printed source title and source identifier,http://www.bibliotecaitaliana.it/scheda/bibit001639,622da6bbb853c6b380880d42cf13a87cdc47fd26906cfaeb37005f2ce67de44e
bibit001687,Il codice dei beccai,Non definito,historical_general,historical_general,activation_candidate,note_multilingual_metadata,activate_core,historical_general,preserve_rendered_tei_text,29985,,passed canonical TEI role audit,http://www.bibliotecaitaliana.it/scheda/bibit001687,1cd54cdb6cc2a187fde345febee9b81e422d148f787ba4c829a1f95d2a169bf0
bibit001531,Il codice dei servi,Non definito,historical_general,historical_general,activation_candidate,note_multilingual_metadata,activate_core,historical_general,preserve_rendered_tei_text,47481,,passed canonical TEI role audit,http://www.bibliotecaitaliana.it/scheda/bibit001531,ca3ba02eaad479c713cf8e34412cbd28d202c39f8779b19eb1d2b80822168adc
bibit000616,Il libro dei bilanci di una azienda mercantile del Trecento,Non definito,historical_general,historical_general,activation_candidate,note_multilingual_metadata,activate_core,historical_general,preserve_rendered_tei_text,136138,,passed canonical TEI role audit,http://www.bibliotecaitaliana.it/scheda/bibit000616,47d9c585f28e92e3aecfc8001c6f392963baf8ed6d446b52e429325afbc568c3
bibit000685,Il palazzo Turchi-Trotti-Di Bagno.Elenco dei libri presenti nella libreria del palazzo al 1622 (Parte II),Non definito,historical_general,historical_general,review_required,note_multilingual_metadata;review_missing_source_edition,exclude_missing_source_provenance,excluded,preserve_rendered_tei_text,0,,TEI lacks both a printed source title and source identifier,http://www.bibliotecaitaliana.it/scheda/bibit000685,50c32b529cc910613205ddf1c811eb3610288e55d1063322c5b8c3d9b541b76a
bibit000167,Il palazzo Turchi-Trotti-Di Bagno: Elenco degli ambienti e dei quadri presenti nel palazzo al 1622 (Parte I),Non definito,historical_general,historical_general,review_required,note_multilingual_metadata;review_missing_source_edition,exclude_missing_source_provenance,excluded,preserve_rendered_tei_text,0,,TEI lacks both a printed source title and source identifier,http://www.bibliotecaitaliana.it/scheda/bibit000167,b654fbf5425f5a2b887a02dc0a35d681189853c6d6ef4a604c3a1083fad2e0bb
bibit000733,Inventario,Non definito,historical_general,historical_general,activation_candidate,note_multilingual_metadata,activate_core,historical_general,preserve_rendered_tei_text,6059,,passed canonical TEI role audit,http://www.bibliotecaitaliana.it/scheda/bibit000733,33479b417b14ed0c968887636db9ec7ae224181d1f84ee57e2186067d6415d7c
bibit000028,Iscrizioni obituarie della cattedrale,Non definito,historical_general,historical_general,activation_candidate,note_multilingual_metadata,activate_core,historical_general,preserve_rendered_tei_text,8854,,passed canonical TEI role audit,http://www.bibliotecaitaliana.it/scheda/bibit000028,b2a13a77ee91ab677a884923f7e7a2202fc1ac7b8467ced95d96b058eb168edb
bibit000689,La Canterina,Non definito,historical_general,historical_general,activation_candidate,,activate_core,historical_general,preserve_rendered_tei_text,16401,,passed canonical TEI role audit,http://www.bibliotecaitaliana.it/scheda/bibit000689,55d24f4703c68806d3e10ada28cbe0f613059560cb5235ae8c458d45e7048b2f
bibit001341,La Carta Pisana di Filadelfia,Non definito,historical_general,historical_general,activation_candidate,note_multilingual_metadata,activate_core,historical_general,preserve_rendered_tei_text,1865,,passed canonical TEI role audit,http://www.bibliotecaitaliana.it/scheda/bibit001341,16a058a9c10ecdf7e278ea187e07215475ca37c7d303ab5203c201dcfa6225b8
bibit000171,La Navigazione di San Brandano,Non definito,historical_general,historical_general,review_required,note_multilingual_metadata;review_editorial_brackets,activate_core_with_bracket_cleanup,historical_general,strip_editorial_square_delimiters_and_labels,142026,,retain supplied historical text while removing editorial bracket notation,http://www.bibliotecaitaliana.it/scheda/bibit000171,dc92a67aee3bf50ec892bf85fb6c2de767c0b0b8c695b5c727f0ca07bc72c160
bibit000280,La festa della natività di nostro signore Gesù Cristo,Non definito,historical_general,historical_general,activation_candidate,note_multilingual_metadata,activate_core,historical_general,preserve_rendered_tei_text,9819,,passed canonical TEI role audit,http://www.bibliotecaitaliana.it/scheda/bibit000280,8f31a35ad7185fdb1f2487684815390561441e9ebba638a596fb7bb17d87d7b5
bibit001492,La festa di Susanna,Non definito,historical_general,historical_general,activation_candidate,note_multilingual_metadata,activate_core,historical_general,preserve_rendered_tei_text,23343,,passed canonical TEI role audit,http://www.bibliotecaitaliana.it/scheda/bibit001492,65d91f05d02860e11a3b336d0e47150af6c04c2ec786315a01680189afa99498
bibit000974,La rappresentazione della festa de' Magi,Non definito,historical_general,historical_general,activation_candidate,,activate_core,historical_general,preserve_rendered_tei_text,13241,,passed canonical TEI role audit,http://www.bibliotecaitaliana.it/scheda/bibit000974,33d8bdf3c7c3923c6f1a7320fcf2e4388d9aa5c2e7c8f206adfb61a00c8d9dd4
bibit001097,La rappresentazione della natività di Nostro Signore Gesù Cristo (Stanze della festa di Ottaviano Imperatore),Non definito,historical_general,historical_general,activation_candidate,,activate_core,historical_general,preserve_rendered_tei_text,18335,,passed canonical TEI role audit,http://www.bibliotecaitaliana.it/scheda/bibit001097,db69d21107bddae990f5722a04f5507fd5f06eee52f9a12d6c4f86ba27feaa6d
bibit000259,La rappresentazione della purificazione,Non definito,historical_general,historical_general,activation_candidate,note_multilingual_metadata,activate_core,historical_general,preserve_rendered_tei_text,20428,,passed canonical TEI role audit,http://www.bibliotecaitaliana.it/scheda/bibit000259,5e7bb763736580ebe18f55cf50029815852149e2fbd6cbb6af55da6ffb05cd70
bibit000279,"La rappresentazione di Josef, di Jacob e de' fratelli",Non definito,historical_general,historical_general,activation_candidate,,activate_core,historical_general,preserve_rendered_tei_text,33896,,passed canonical TEI role audit,http://www.bibliotecaitaliana.it/scheda/bibit000279,bcb4e7b7f0ecaf6f6f0b03b0c373c54349037f67f53ab13a30cfc4d199decfe7
bibit000079,La rappresentazione di Moisè e Faraone re d'Egitto,Non definito,historical_general,historical_general,activation_candidate,,activate_core,historical_general,preserve_rendered_tei_text,18863,,passed canonical TEI role audit,http://www.bibliotecaitaliana.it/scheda/bibit000079,6a5ef20508514863ad73a7fef3137499ffb3e833e4b54a2e8755c38582104cc4
bibit001602,La rappresentazione di Salamone,Non definito,historical_general,historical_general,activation_candidate,,activate_core,historical_general,preserve_rendered_tei_text,19811,,passed canonical TEI role audit,http://www.bibliotecaitaliana.it/scheda/bibit001602,f9e8cd8af26296742ee86bc639d747ef0e0f7f2cf1aa22714148075e0154a304
bibit000883,La rappresentazione di San Bernardo d'uno Signore facea rubare le strade,Non definito,historical_general,historical_general,activation_candidate,note_multilingual_metadata,activate_core,historical_general,preserve_rendered_tei_text,21131,,passed canonical TEI role audit,http://www.bibliotecaitaliana.it/scheda/bibit000883,371e320bff714a1f53cf55ef463c582332be21b996ff11d6a49a278fa9323ed9
bibit000787,La rappresentazione di San Giovanni Battista quando fu decollato,Non definito,historical_general,historical_general,activation_candidate,note_multilingual_metadata,activate_core,historical_general,preserve_rendered_tei_text,27076,,passed canonical TEI role audit,http://www.bibliotecaitaliana.it/scheda/bibit000787,825a7454c59836ef355fcdbaf6e678b989fa9157b062c70de0eab1d80c4e4741
bibit000659,La rappresentazione quando Gesù resucitò Lazero,Non definito,historical_general,historical_general,activation_candidate,note_multilingual_metadata,activate_core,historical_general,preserve_rendered_tei_text,15111,,passed canonical TEI role audit,http://www.bibliotecaitaliana.it/scheda/bibit000659,15332b23ce9256a20c893af6916ca88f85fd3ecc2a9044ecba3b77ffcb3a4753
bibit000946,La veniexiana,Non definito,historical_general,historical_general,activation_candidate,note_multilingual_metadata,activate_core,historical_general,preserve_rendered_tei_text,53022,,passed canonical TEI role audit,http://www.bibliotecaitaliana.it/scheda/bibit000946,f65017e72e89d869209e15e180ff0ab08c785621d97763ab220cb977e7b027ef
bibit000690,Le Chiose Ambrosiane alla Commedia,Non definito,historical_general,historical_general,activation_candidate,,activate_core,historical_general,preserve_rendered_tei_text,386149,,passed canonical TEI role audit,http://www.bibliotecaitaliana.it/scheda/bibit000690,a048fb54b89d1ae1f8f072ea6a85ba20653c0dc3f33e3c0373852eb3a73bf8c4
bibit000330,Le Chiose Cagliaritane,Non definito,historical_general,historical_general,activation_candidate,,activate_core,historical_general,preserve_rendered_tei_text,183327,,passed canonical TEI role audit,http://www.bibliotecaitaliana.it/scheda/bibit000330,f684df602368b13e9020cf2adf3e65f519c77944dc4356536182b02a63a91279
bibit000252,Le iscrizioni celebrative della facciata del Duomo,Non definito,historical_general,historical_general,activation_candidate,note_multilingual_metadata,activate_core,historical_general,preserve_rendered_tei_text,3617,,passed canonical TEI role audit,http://www.bibliotecaitaliana.it/scheda/bibit000252,98682985ccc7446bdf69f329dd13f52c50ef7394883547f6a49d2755e269d2d0
bibit001310,Legenda de Misier Sento Alban,Non definito,historical_general,historical_general,review_required,review_language_variety;note_multilingual_metadata,exclude_core_language_variety,excluded_language_variety_evidence,preserve_rendered_tei_text,0,,"dialect, vernacular, or mixed-language variety is not core standard Italian",http://www.bibliotecaitaliana.it/scheda/bibit001310,bd048a652f0aa85bfd676dd1bf407c3c55e56cc9395e7e851b882816e21adc38
bibit001133,Navigatio sancti Brendani,Non definito,historical_general,historical_general,activation_candidate,note_multilingual_metadata,activate_core,historical_general,preserve_rendered_tei_text,159483,,passed canonical TEI role audit,http://www.bibliotecaitaliana.it/scheda/bibit001133,ab1193ee7d0ef43c5ea7f46639519909c9bd666ab8ca185a00b9a8782ac8fdb8
bibit000030,Novella del grasso legnaiuolo,Non definito,historical_general,historical_general,activation_candidate,,activate_core,historical_general,preserve_rendered_tei_text,75448,,passed canonical TEI role audit,http://www.bibliotecaitaliana.it/scheda/bibit000030,1b3b8cd903924e3586358cb05a75fcb3ca3d88b70090cf12976bb59e4b675c2d
bibit000055,Novellino,Non definito,historical_general,historical_general,activation_candidate,,activate_core,historical_general,preserve_rendered_tei_text,146361,,passed canonical TEI role audit,http://www.bibliotecaitaliana.it/scheda/bibit000055,0093e6752b81c62a1b0ce5bfd6d570e6f7ffd78c92ad3e20c091da18b45dfae5
bibit001239,Orphei tragoedia,Non definito,historical_general,historical_general,activation_candidate,note_multilingual_metadata,activate_core,historical_general,preserve_rendered_tei_text,16332,,passed canonical TEI role audit,http://www.bibliotecaitaliana.it/scheda/bibit001239,69c0260312dd45c76766cfb35278bd17d1b1224b154b53db7549a4a00b3f7f2e
bibit001422,Quando Iddio fece il mondo e l'uomo e ogni cosa creata,Non definito,historical_general,historical_general,activation_candidate,note_multilingual_metadata,activate_core,historical_general,preserve_rendered_tei_text,25372,,passed canonical TEI role audit,http://www.bibliotecaitaliana.it/scheda/bibit001422,203cd2ae2f5d57a44acff8cbbb37915a4cd9c286d792455539b5f2f8650d8367
bibit001099,Quattro dispacci dalla Francia di M.V.,Non definito,historical_general,historical_general,activation_candidate,note_multilingual_metadata,activate_core,historical_general,preserve_rendered_tei_text,45266,,passed canonical TEI role audit,http://www.bibliotecaitaliana.it/scheda/bibit001099,d2182a1eed4674874267301b1418d68ddb8e1fe3c887c523e20f43edbb980cc3
bibit001417,Relatione della Pace di Munster del 1658,Non definito,historical_general,historical_general,activation_candidate,note_multilingual_metadata,activate_core,historical_general,preserve_rendered_tei_text,40402,,passed canonical TEI role audit,http://www.bibliotecaitaliana.it/scheda/bibit001417,b56605dc4b78c69dcb82ab8748fe69133cd3d82ad04723ebb70e5f1315914f97
bibit000422,"Relazione di Daniele Dolfin, 1793",Non definito,historical_general,historical_general,activation_candidate,,activate_core,historical_general,preserve_rendered_tei_text,66323,,passed canonical TEI role audit,http://www.bibliotecaitaliana.it/scheda/bibit000422,5b4f76fc25910d71d144f40ee915a11f1c49a89df603695ea01f88ccff018039
bibit001317,Relazione di Francia di Alessandro Zeno (1737),Non definito,historical_general,historical_general,activation_candidate,,activate_core,historical_general,preserve_rendered_tei_text,69041,,passed canonical TEI role audit,http://www.bibliotecaitaliana.it/scheda/bibit001317,c6ac52848ff0118eafa60e8a73966094ba099eb92e3d74fd87267d588419174b
bibit000085,Relazione di Francia di Alvise Mocenigo,Non definito,historical_general,historical_general,activation_candidate,,activate_core,historical_general,preserve_rendered_tei_text,41694,,passed canonical TEI role audit,http://www.bibliotecaitaliana.it/scheda/bibit000085,795beec5c3340c24d0f9b0b480fcbe09fc464eeb86444fc9b1d6fa2f1ecf70c5
bibit001437,Relazione di Francia di Andrea da Lezze (1743),Non definito,historical_general,historical_general,activation_candidate,,activate_core,historical_general,preserve_rendered_tei_text,43939,,passed canonical TEI role audit,http://www.bibliotecaitaliana.it/scheda/bibit001437,ed1478cdc6a693716c340bfaa0679a44c59535a1d1c0af6f8599930dad41496c
bibit001162,Relazione di Francia di Antonio Capello (1790),Non definito,historical_general,historical_general,activation_candidate,,activate_core,historical_general,preserve_rendered_tei_text,16990,,passed canonical TEI role audit,http://www.bibliotecaitaliana.it/scheda/bibit001162,20159e90a557e8d44c56fe047a560130e70be7452cdd023583ed5175f812e8fd
bibit000206,Relazione di Francia di Francesco II Morosini (1752),Non definito,historical_general,historical_general,activation_candidate,,activate_core,historical_general,preserve_rendered_tei_text,30235,,passed canonical TEI role audit,http://www.bibliotecaitaliana.it/scheda/bibit000206,9f3d0b2eea99e37b31aed175cf893e7585cbe19c39ba0f215b704a4e49576b5d
bibit001626,Relazione di Francia di Francesco Venier (1740),Non definito,historical_general,historical_general,activation_candidate,,activate_core,historical_general,preserve_rendered_tei_text,38435,,passed canonical TEI role audit,http://www.bibliotecaitaliana.it/scheda/bibit001626,4466da475804e960d767598228b513238c02b7457ae1ceb13f91af9662c1139d
bibit001670,Relazione di Francia di Lorenzo Tiepolo (1708),Non definito,historical_general,historical_general,activation_candidate,,activate_core,historical_general,preserve_rendered_tei_text,52147,,passed canonical TEI role audit,http://www.bibliotecaitaliana.it/scheda/bibit001670,2e6f3281b61a3e91a48f7732e9fbcf5a26745436da077763920f95a6dfa52f26
bibit000405,Relazione di Francia di Nicolo' Erizzo (1695-1699),Non definito,historical_general,historical_general,activation_candidate,,activate_core,historical_general,preserve_rendered_tei_text,44382,,passed canonical TEI role audit,http://www.bibliotecaitaliana.it/scheda/bibit000405,c30b8f0a5a8cff1218d93766c4577633067f169928267727ccc88b49d613a739
bibit000268,Relazione di Francia di Nicolò Foscarini e Lorenzo Tiepolo (1723),Non definito,historical_general,historical_general,activation_candidate,,activate_core,historical_general,preserve_rendered_tei_text,93499,,passed canonical TEI role audit,http://www.bibliotecaitaliana.it/scheda/bibit000268,49620c7e6ecfec462d0aa80a034b39043836bcabb972c3f4f58c4256f1951342
bibit001020,Relazione di Francia di Pietro Venier (1688-1695),Non definito,historical_general,historical_general,activation_candidate,,activate_core,historical_general,preserve_rendered_tei_text,171036,,passed canonical TEI role audit,http://www.bibliotecaitaliana.it/scheda/bibit001020,c6bae77dc51760a61a3dd439817cedaff360ea7b57befcfc9509a94895606013
bibit000778,Relazione di Giovanni Soranzo dalla Spagna (1565),Non definito,historical_general,historical_general,activation_candidate,note_multilingual_metadata,activate_core,historical_general,preserve_rendered_tei_text,90392,,passed canonical TEI role audit,http://www.bibliotecaitaliana.it/scheda/bibit000778,d6673bd1b9e790360aa1dfb29a918a3bdc298dce3efbe7841fb2c9cd03660452
bibit001551,Relazione di Marco Contarini (1746),Non definito,historical_general,historical_general,activation_candidate,,activate_core,historical_general,preserve_rendered_tei_text,48670,,passed canonical TEI role audit,http://www.bibliotecaitaliana.it/scheda/bibit001551,00265b5dce263e1dc02338fcc18c5c8bcf81884b21cef22bec73eca4feec775f
bibit001045,Relazione di Polo Renier (1769),Non definito,historical_general,historical_general,activation_candidate,,activate_core,historical_general,preserve_rendered_tei_text,35029,,passed canonical TEI role audit,http://www.bibliotecaitaliana.it/scheda/bibit001045,b9752226d6714f97782462d49133c47663f1f6a3e49f42447f670688d44ae112
bibit001296,Representazione di Febo e Feton,Non definito,historical_general,historical_general,activation_candidate,,activate_core,historical_general,preserve_rendered_tei_text,20887,,passed canonical TEI role audit,http://www.bibliotecaitaliana.it/scheda/bibit001296,5a7815965d60e922d872d52547ce9c316558da34853a146f47fe909177aeb417
bibit001219,Ricetta,Non definito,historical_general,historical_general,activation_candidate,empty_or_too_short_after_sonnet_quarantine,exclude_empty_or_too_short,excluded,preserve_rendered_tei_text,0,,fewer than 200 routed characters remain after poem quarantine,http://www.bibliotecaitaliana.it/scheda/bibit001219,ccbdb42ebc470e5d4316c6fa6699f469de7ddadd1e71e816d0778ca0ad54ee2a
bibit001506,Statuta nova,Non definito,historical_general,historical_general,activation_candidate,note_multilingual_metadata,activate_core,historical_general,preserve_rendered_tei_text,40248,,passed canonical TEI role audit,http://www.bibliotecaitaliana.it/scheda/bibit001506,a3dea2c803b91dbc408097d99ba177ff9af0683b54959977a1acc20d417b77f2
bibit000750,Statuta novissima,Non definito,historical_general,historical_general,activation_candidate,note_multilingual_metadata,activate_core,historical_general,preserve_rendered_tei_text,7130,,passed canonical TEI role audit,http://www.bibliotecaitaliana.it/scheda/bibit000750,999bfcb4355017204abc705f306916582f68f75281a9ff9ef07fa195c01bb5e4
bibit000649,"Statuti Capitoli et Constitutioni del Ordine de Cavalieri di Santo Stephano, fondato e dotato dal Illustr. et Eccell. Signor Cosimo Medici Duca di Fiorenza e Siena",Non definito,historical_general,historical_general,activation_candidate,note_multilingual_metadata,activate_core,historical_general,preserve_rendered_tei_text,194997,,passed canonical TEI role audit,http://www.bibliotecaitaliana.it/scheda/bibit000649,75abadb5c53814742cb08d32e7446a9341985a80a6d85d9143d5b434586fba85
bibit001283,Testi pistoiesi della fine del Dugento e dei primi del Trecento,Non definito,historical_general,historical_general,review_required,note_multilingual_metadata;review_editorial_brackets,activate_core_with_bracket_cleanup,historical_general,strip_editorial_square_delimiters_and_labels,293790,,retain supplied historical text while removing editorial bracket notation,http://www.bibliotecaitaliana.it/scheda/bibit001283,86c4207707e24d9cedba9bcd80ccdd0413bc7ad2dcba4089f58e32084d87c2f4
bibit000571,Testi toscani di carattere pratico,Non definito,historical_general,historical_general,review_required,note_multilingual_metadata;review_editorial_brackets,activate_core_with_bracket_cleanup,historical_general,strip_editorial_square_delimiters_and_labels,595958,,retain supplied historical text while removing editorial bracket notation,http://www.bibliotecaitaliana.it/scheda/bibit000571,ddf1635e09a3c0c62eea10004d2c9d84923b7ad90e255e127c9d5e1e5ccf3dcd
bibit000686,Testi veneziani del Duecento e dei primi del Trecento,Non definito,historical_general,historical_general,review_required,review_language_variety;note_multilingual_metadata;review_editorial_brackets,exclude_core_language_variety,excluded_language_variety_evidence,preserve_rendered_tei_text,0,,"dialect, vernacular, or mixed-language variety is not core standard Italian",http://www.bibliotecaitaliana.it/scheda/bibit000686,946331b1b185680fcff6f044d263dd26d21eec220497157c0264af9e1dc37ee8
bibit001035,Tre relazioni anonime dalla Francia,Non definito,historical_general,historical_general,activation_candidate,,activate_core,historical_general,preserve_rendered_tei_text,39987,,passed canonical TEI role audit,http://www.bibliotecaitaliana.it/scheda/bibit001035,9780e820608cf41e67c946403e2e1b59c5efeaf5bab63855843749f93d77bb9b
bibit000502,Viaggio in Terrasanta,Non definito,historical_general,historical_general,activation_candidate,,activate_core,historical_general,preserve_rendered_tei_text,8192,,passed canonical TEI role audit,http://www.bibliotecaitaliana.it/scheda/bibit000502,b50644042226daaeeff28bcd121e4a2e4e18d3383621795ccf42243684bc1e5b
bibit001368,Vita della Beatissima Vergine Ubaldesca,Non definito,historical_general,historical_general,activation_candidate,note_multilingual_metadata,activate_core,historical_general,preserve_rendered_tei_text,12433,,passed canonical TEI role audit,http://www.bibliotecaitaliana.it/scheda/bibit001368,d940287bd1bdb9de1365542d8fc8f2625aee962fe955e1991298316db4b06b41
bibit000927,Vita sancti Rainerii confessoris de civitate pisana,Non definito,historical_general,historical_general,activation_candidate,note_multilingual_metadata,activate_core,historical_general,preserve_rendered_tei_text,177546,,passed canonical TEI role audit,http://www.bibliotecaitaliana.it/scheda/bibit000927,2549fb29ea4f6e2f9568b0c5313d28360078f3d3a3130a6d7a6b6a2f645abf88
bibit000113,Volgarizzamento del De viribus herbarum di Macer Floridus,Non definito,historical_general,historical_general,activation_candidate,note_multilingual_metadata,activate_core,historical_general,preserve_rendered_tei_text,135267,,passed canonical TEI role audit,http://www.bibliotecaitaliana.it/scheda/bibit000113,eebd24626ba389be1038d5ca4e1edbce38cba8e906ec7becdd6cbaeabd20c88f
bibit001082,Il bibliotecario diretto nel formare una pubblica biblioteca,"Paciaudi, Pietro",historical_general,historical_general,activation_candidate,note_multilingual_metadata,activate_core,historical_general,preserve_rendered_tei_text,123032,,passed canonical TEI role audit,http://www.bibliotecaitaliana.it/scheda/bibit001082,7220d13a74cfb78978dd77288c3d96d564e4e572e5ff3919aa7753a42ef4f3c8
bibit000812,Gli esuli tebani,"Pagano, Francesco Mario",historical_general,historical_general,activation_candidate,note_multilingual_metadata,activate_core,historical_general,preserve_rendered_tei_text,55847,,passed canonical TEI role audit,http://www.bibliotecaitaliana.it/scheda/bibit000812,929895f0793680c4ec7f5b2991fa3285bf814c954045c9256fc32c526eb01222
bibit001248,Libro di buoni costumi,Paolo da Certaldo,historical_general,historical_general,review_required,note_multilingual_metadata;review_editorial_brackets,activate_core_with_bracket_cleanup,historical_general,strip_editorial_square_delimiters_and_labels,135993,,retain supplied historical text while removing editorial bracket notation,http://www.bibliotecaitaliana.it/scheda/bibit001248,4d3b32c07635eb10d6528cd6b01791db8afe5670c582fcd3bbb3d95076b90f6e
bibit000433,Dialogo sopra la nobiltà,"Parini, Giuseppe",historical_general,historical_general,activation_candidate,,activate_core,historical_general,preserve_rendered_tei_text,29720,,passed canonical TEI role audit,http://www.bibliotecaitaliana.it/scheda/bibit000433,2505dbad6b0776b18dc7fd71487153966426fd4156dd12d5adc47046c0bf4bd3
bibit000990,Dell'imitazion poetica. Libro primo,"Partenio, Bernardino",historical_general,historical_general,activation_candidate,note_multilingual_metadata,activate_core,historical_general,preserve_rendered_tei_text,72116,,passed canonical TEI role audit,http://www.bibliotecaitaliana.it/scheda/bibit000990,ad76576272ebfd827bd97919b114e83a8f5f514e496f75ef924bc204bc4728f5
bibit000089,La città felice,"Patrizi, Francesco",historical_general,historical_general,activation_candidate,,activate_core,historical_general,preserve_rendered_tei_text,46426,,passed canonical TEI role audit,http://www.bibliotecaitaliana.it/scheda/bibit000089,1d0b59166cf679a3d9f4081a8c88226d252e0907ee1535a178b2a29bbf8cd5b2
bibit001499,"Il Carrafa, o vero della epica poesia","Pellegrino, Camillo",historical_general,historical_general,activation_candidate,note_multilingual_metadata,activate_core,historical_general,preserve_rendered_tei_text,72017,,passed canonical TEI role audit,http://www.bibliotecaitaliana.it/scheda/bibit001499,3b840557c94ff4534b2d43196e6b3e647563c526e6ef0aa2a45cba786f007fed
bibit000832,De viris illustribus (liber II),"Petrarca, Francesco",historical_general,historical_general,activation_candidate,note_multilingual_metadata,activate_core,historical_general,preserve_rendered_tei_text,71992,,passed canonical TEI role audit,http://www.bibliotecaitaliana.it/scheda/bibit000832,d6cd1129b8050bef0092e81847ae48bd2934830e92ece767613fa96b11462589
bibit000395,Epistole Senili (trad. Fracassetti),"Petrarca, Francesco",historical_general,historical_general,activation_candidate,note_multilingual_metadata,activate_core,historical_general,preserve_rendered_tei_text,1570699,,passed canonical TEI role audit,http://www.bibliotecaitaliana.it/scheda/bibit000395,fb3e20026e2b1a7c9090d968881b8617b39829dcaecb601c003a7a6409996f42
bibit001171,Rerum memorandarum libri,"Petrarca, Francesco",historical_general,historical_general,activation_candidate,note_multilingual_metadata,activate_core,historical_general,preserve_rendered_tei_text,349410,,passed canonical TEI role audit,http://www.bibliotecaitaliana.it/scheda/bibit001171,956537aae4bcb4c92f6959ce47530606047eb5cf0c3d7c1d3bdfd19dbb442c58
bibit001201,Dialogo de la bella creanza de le donne,"Piccolomini, Alessandro",historical_general,historical_general,activation_candidate,,activate_core,historical_general,preserve_rendered_tei_text,129383,,passed canonical TEI role audit,http://www.bibliotecaitaliana.it/scheda/bibit001201,9de21efea029c9c94cfaa657f85adb5669b046f0ab39b43d1787c534f22447f3
bibit000752,L'istituzione dell'uomo,"Piccolomini, Alessandro",historical_general,historical_general,review_required,review_editorial_brackets,activate_core_with_bracket_cleanup,historical_general,strip_editorial_square_delimiters_and_labels,935095,,retain supplied historical text while removing editorial bracket notation,http://www.bibliotecaitaliana.it/scheda/bibit000752,4f1324e4c36970cc97c1f0ddf644db3a1e1a450753e0401b5919c3db281681e9
bibit000827,Commento sopra una canzone d'amore di Girolamo Benivieni,"Pico della Mirandola, Giovanni",historical_general,historical_general,activation_candidate,note_multilingual_metadata,activate_core,historical_general,preserve_rendered_tei_text,181217,,passed canonical TEI role audit,http://www.bibliotecaitaliana.it/scheda/bibit000827,e175fdf7b3eeac264cf89979fada706738b039694eb75c14ff0ef4ac408e9ae6
bibit000876,Lettere,"Pico della Mirandola, Giovanni",historical_general,historical_general,activation_candidate,note_multilingual_metadata,activate_core,historical_general,preserve_rendered_tei_text,9393,,passed canonical TEI role audit,http://www.bibliotecaitaliana.it/scheda/bibit000876,dbf68d1f353fdd513b2f4dff8908873563d14e2dd5b987d8988dfa3013c43854
bibit001272,Il Principe,"Pigna (Giovan Battista Nicolucci, detto il)",historical_general,historical_general,activation_candidate,,activate_core,historical_general,preserve_rendered_tei_text,350029,,passed canonical TEI role audit,http://www.bibliotecaitaliana.it/scheda/bibit001272,cea9961ea98cec1f261c9407adba8a996066dbcd4f9ef694227471d0766d8d47
bibit000314,Il palazzo Turchi-Trotti-Di Bagno. Elenco dei quadri presenti nel palazzo al 1572,"Pigna (Giovan Battista Nicolucci, detto il)",historical_general,historical_general,activation_candidate,note_multilingual_metadata,activate_core,historical_general,preserve_rendered_tei_text,961,,passed canonical TEI role audit,http://www.bibliotecaitaliana.it/scheda/bibit000314,1c7a6c15ae63f62c1ec807d2e576aed5c6b5a5c0f5f3b77f0da1a088b99a50dd
bibit000037,Breve considerazione intorno al componimento de la comedia de' nostri tempi,"Pino, Bernardino",historical_general,historical_general,activation_candidate,note_multilingual_metadata,activate_core,historical_general,preserve_rendered_tei_text,41752,,passed canonical TEI role audit,http://www.bibliotecaitaliana.it/scheda/bibit000037,ead98c3bfd714e964e839604e4356791460d65b872797f8e7f8456aac8e067bf
bibit000864,Panfila,"Pistoia (Antonio Cammelli, detto il)",historical_general,historical_general,activation_candidate,,activate_core,historical_general,preserve_rendered_tei_text,61875,,passed canonical TEI role audit,http://www.bibliotecaitaliana.it/scheda/bibit000864,7693d46a3ff1961dafad290cb956583fb102391c5fe83643a23c178c90b1ac38
bibit001396,Ricordi,"Pitti, Bonaccorso",historical_general,historical_general,review_required,note_multilingual_metadata;review_editorial_brackets,activate_core_with_bracket_cleanup,historical_general,strip_editorial_square_delimiters_and_labels,240760,,retain supplied historical text while removing editorial bracket notation,http://www.bibliotecaitaliana.it/scheda/bibit001396,3ce3c7cbb7940b12cf07af0727f4b4d9e594fd2a04717943ff279a5a5c7ba058
bibit000107,Descrizione di Pisa fatta da Vincenzo Pitti l'anno 1616,"Pitti, Vincenzo",historical_general,historical_general,activation_candidate,,activate_core,historical_general,preserve_rendered_tei_text,54558,,passed canonical TEI role audit,http://www.bibliotecaitaliana.it/scheda/bibit000107,e36d8e9a10c82d221fc40732cab0be18d3f4d20fb6f04ad622f4e9de3d2c35a4
bibit001347,Orfeo,"Poliziano, Angelo",historical_general,historical_general,activation_candidate,,activate_core,historical_general,preserve_rendered_tei_text,12885,,passed canonical TEI role audit,http://www.bibliotecaitaliana.it/scheda/bibit001347,1a14028592cb33987fa80a67c4d145c365075d1976299ee0d32a3e151d50d8d0
bibit000823,Il Milione,"Polo, Marco",historical_general,historical_general,review_required,review_editorial_brackets,activate_core_with_bracket_cleanup,historical_general,strip_editorial_square_delimiters_and_labels,316417,,retain supplied historical text while removing editorial bracket notation,http://www.bibliotecaitaliana.it/scheda/bibit000823,89b36f27e255c363622d0e682789a09569029df34cee1f206056a9882ec6d5fa
bibit000394,L'Isole piu famose del mondo,"Porcacchi, Tommaso",historical_general,historical_general,activation_candidate,note_multilingual_metadata,activate_core,historical_general,preserve_rendered_tei_text,398118,,passed canonical TEI role audit,http://www.bibliotecaitaliana.it/scheda/bibit000394,48eb29daa5c076e81afd6d11cae58228d936aed5f1c14b32a59f8cccf06d04b8
bibit001168,Memoriale,"Portoveneri, Giovanni",historical_general,historical_general,activation_candidate,note_multilingual_metadata,activate_core,historical_general,preserve_rendered_tei_text,155315,,passed canonical TEI role audit,http://www.bibliotecaitaliana.it/scheda/bibit001168,e90404408170e979a1d5eb0cb322b7d5d950cdc62d21a0939ad7a85f66c3c606
bibit001375,Relazione di Germania (1722),"Priuli, Giovanni",historical_general,historical_general,activation_candidate,,activate_core,historical_general,preserve_rendered_tei_text,22150,,passed canonical TEI role audit,http://www.bibliotecaitaliana.it/scheda/bibit001375,4115a5cd72691f931ac59f5d15ef2a52134a99dd46398eb889239c37e923e2b7
bibit001326,Relazione di Spagna (1576),"Priuli, Lorenzo",historical_general,historical_general,activation_candidate,note_multilingual_metadata,activate_core,historical_general,preserve_rendered_tei_text,83919,,passed canonical TEI role audit,http://www.bibliotecaitaliana.it/scheda/bibit001326,d370b12227a61965afd4f6a554d63a284aa11f7a18713fe08dcb500ff41412e7
bibit001079,Relazione di Francia (1605-1608),"Priuli, Pietro",historical_general,historical_general,activation_candidate,,activate_core,historical_general,preserve_rendered_tei_text,209455,,passed canonical TEI role audit,http://www.bibliotecaitaliana.it/scheda/bibit001079,7a7b4d27ea5c5b6515e29d51ff8dff4d52ef3a9d830807a0f9d10734085d2ebd
bibit001410,Relazione di Germania,"Quirini, Vincenzo",historical_general,historical_general,activation_candidate,note_multilingual_metadata,activate_core,historical_general,preserve_rendered_tei_text,112505,,passed canonical TEI role audit,http://www.bibliotecaitaliana.it/scheda/bibit001410,5f36f03ab646ade76fb806fe7a6a2abcb54e32436f205c4290339e353b8915fb
bibit001323,Navigazioni e viaggi,"Ramusio, Giovanni Battista",historical_general,historical_general,review_required,note_multilingual_metadata;review_editorial_brackets,activate_core_with_bracket_cleanup,historical_general,strip_editorial_square_delimiters_and_labels,11620580,,retain supplied historical text while removing editorial bracket notation,http://www.bibliotecaitaliana.it/scheda/bibit001323,d6a466b316c212e86b687f9971be338232cdfc4f7740dde5edfe7a5832318311
bibit001493,Dialoghi,"Romei, Annibale",historical_general,historical_general,activation_candidate,,activate_core,historical_general,preserve_rendered_tei_text,560534,,passed canonical TEI role audit,http://www.bibliotecaitaliana.it/scheda/bibit001493,7e73a9bf04372e14c6fe6da909ec0ee0ceccfefd632ca1514dbfc89af5ebd133
bibit001023,Discorsi intorno alla comedia,"Rossi, Nicolò",historical_general,historical_general,activation_candidate,note_multilingual_metadata,activate_core,historical_general,preserve_rendered_tei_text,62079,,passed canonical TEI role audit,http://www.bibliotecaitaliana.it/scheda/bibit001023,768252df71595a3696e8b21c8b676ccdbb5025024b199f3c1bf6088c6e6f6d25
bibit000677,Discorsi intorno alla tragedia,"Rossi, Nicolò",historical_general,historical_general,activation_candidate,note_multilingual_metadata,activate_core,historical_general,preserve_rendered_tei_text,125698,,passed canonical TEI role audit,http://www.bibliotecaitaliana.it/scheda/bibit000677,c53ca90c28e6387aa1c1aae4db213f2554bae528d93779c4e0929a7eb47b48ff
bibit000212,Rosmunda,"Rucellai, Giovanni",historical_general,historical_general,activation_candidate,,activate_core,historical_general,preserve_rendered_tei_text,44778,,passed canonical TEI role audit,http://www.bibliotecaitaliana.it/scheda/bibit000212,8e894c2c033d8172886f95d290a9ae4da3e5276a7867edf4600c6f1da9133f42
bibit001187,Il romanzo arturiano,Rustichello da Pisa,historical_general,historical_general,review_required,note_multilingual_metadata;review_editorial_brackets,activate_core_with_bracket_cleanup,historical_general,strip_editorial_square_delimiters_and_labels,641012,,retain supplied historical text while removing editorial bracket notation,http://www.bibliotecaitaliana.it/scheda/bibit001187,3aa1056703112fa48c2689f8c4f12c1b05cfc1f936ae7f096b762df7449dd942
bibit001476,Relazione di Germania (1699),"Ruzini, Carlo",historical_general,historical_general,activation_candidate,note_multilingual_metadata,activate_core,historical_general,preserve_rendered_tei_text,249777,,passed canonical TEI role audit,http://www.bibliotecaitaliana.it/scheda/bibit001476,dea16e5e4f639deb12919dcba3d7e065d016ad8c51069e514cae0c6566ae9cc9
bibit000161,Il Trecentonovelle,"Sacchetti, Franco",historical_general,historical_general,review_required,note_multilingual_metadata;review_editorial_brackets,activate_core_with_bracket_cleanup,historical_general,strip_editorial_square_delimiters_and_labels,1002746,,retain supplied historical text while removing editorial bracket notation,http://www.bibliotecaitaliana.it/scheda/bibit000161,5c33f54280d1e2454244047f3eaa1b9453804b270b26509259f1b7136bba80b5
bibit000980,Relazione di Francia (1663-1665),"Sagredo, Alvise",historical_general,historical_general,activation_candidate,,activate_core,historical_general,preserve_rendered_tei_text,84233,,passed canonical TEI role audit,http://www.bibliotecaitaliana.it/scheda/bibit000980,ce8831cbf7b40e90c5444f271875cb15f03fb51babf8f39610266a1e175ccb0a
bibit001566,Relazione di Germania (1665),"Sagredo, Giovanni",historical_general,historical_general,activation_candidate,,activate_core,historical_general,preserve_rendered_tei_text,41922,,passed canonical TEI role audit,http://www.bibliotecaitaliana.it/scheda/bibit001566,c05ec694f4abdb8828d2984dd5a95df218d95b80e8ae986ebe5d9b3c541dfdbe
bibit001541,Pausania,"Salfi, Francesco Saverio",historical_general,historical_general,activation_candidate,note_multilingual_metadata,activate_core,historical_general,preserve_rendered_tei_text,68937,,passed canonical TEI role audit,http://www.bibliotecaitaliana.it/scheda/bibit001541,c26f79e7a617ce39326b098146482268a5e4963a29a59e91e4693bb43598fcda
bibit001580,Della poetica. Lezion prima,"Salviati, Lionardo",historical_general,historical_general,activation_candidate,note_multilingual_metadata,activate_core,historical_general,preserve_rendered_tei_text,54918,,passed canonical TEI role audit,http://www.bibliotecaitaliana.it/scheda/bibit001580,aaa34f0c0a3144e5e70cd4f1d4e7b4bc1373041a447a83a91d7e5338ea5aa9c0
bibit001331,Le osservationi grammaticali e poetiche della lingua italiana,"San Martino, Matteo",historical_general,historical_general,activation_candidate,note_multilingual_metadata,activate_core,historical_general,preserve_rendered_tei_text,338025,,passed canonical TEI role audit,http://www.bibliotecaitaliana.it/scheda/bibit001331,c5425f386b17eb465e91031f06531a512d0113848d68879eda8141c756afb3aa
bibit001213,Discorso sopra la materia della satira,"Sansovino, Francesco",historical_general,historical_general,activation_candidate,,activate_core,historical_general,preserve_rendered_tei_text,6379,,passed canonical TEI role audit,http://www.bibliotecaitaliana.it/scheda/bibit001213,e0c12872724eb13c12cbe76cedf13f189520df2f1aeebeb82c0d725d5c8925b2
bibit001034,La Retorica,"Sansovino, Francesco",historical_general,historical_general,activation_candidate,,activate_core,historical_general,preserve_rendered_tei_text,21983,,passed canonical TEI role audit,http://www.bibliotecaitaliana.it/scheda/bibit001034,c25f981a5effb06c15c5cb260a56c7799c1fe1be0030fbf4dbb11fe7a4ac2d58
bibit000912,Posilecheata,"Sarnelli, Pompeo",historical_general,historical_general,activation_candidate,note_multilingual_metadata,activate_core,historical_general,preserve_rendered_tei_text,164488,,passed canonical TEI role audit,http://www.bibliotecaitaliana.it/scheda/bibit000912,8cc7456c64727fc9b728917fe9e080197c88cb560c4478047d03dba4cd9f87ea
bibit000526,Istoria del Concilio tridentino,"Sarpi, Paolo",historical_general,historical_general,review_required,review_editorial_brackets,activate_core_with_bracket_cleanup,historical_general,strip_editorial_square_delimiters_and_labels,2764002,,retain supplied historical text while removing editorial bracket notation,http://www.bibliotecaitaliana.it/scheda/bibit000526,f99cefe1820fb32601891f6a8a31bcaa0725bd6522d9ea415be159c9d56e3b27
bibit001205,De veritate prophetica,"Savonarola, Girolamo",historical_general,historical_general,activation_candidate,,activate_core,historical_general,preserve_rendered_tei_text,176879,,passed canonical TEI role audit,http://www.bibliotecaitaliana.it/scheda/bibit001205,a546b34cce070e58667e08c0833dfa49bb16b4410739c8bbc0ee976e7b50b516
bibit000440,De nuptjis Batibecho et Seraboca,"Savonarola, Michele",historical_general,historical_general,activation_candidate,note_multilingual_metadata,activate_core,historical_general,preserve_rendered_tei_text,92165,,passed canonical TEI role audit,http://www.bibliotecaitaliana.it/scheda/bibit000440,0ebcb64da010603fb54b4da68cb9c79921dc5ad0d69759b6232ba883602f87a3
bibit001089,Del felice progresso di Borso d'Este,"Savonarola, Michele",historical_general,historical_general,activation_candidate,note_multilingual_metadata,activate_core,historical_general,preserve_rendered_tei_text,197182,,passed canonical TEI role audit,http://www.bibliotecaitaliana.it/scheda/bibit001089,8620a9e90700e779d33ee6b781da4f799088f557b22f09a140faed2e219279fc
bibit000989,Libreto de tutte le cosse che se magnano,"Savonarola, Michele",historical_general,historical_general,activation_candidate,,activate_core,historical_general,preserve_rendered_tei_text,297467,,passed canonical TEI role audit,http://www.bibliotecaitaliana.it/scheda/bibit000989,e5859aada3e38878e744a79d0bfadf321fbc2d97f0153ff00185084ca6955628
bibit001491,Il finto marito,"Scala, Flaminio",historical_general,historical_general,activation_candidate,,activate_core,historical_general,preserve_rendered_tei_text,212916,,passed canonical TEI role audit,http://www.bibliotecaitaliana.it/scheda/bibit001491,47c85d1a49aa93a2c36e015e5ee5d1544c93a308201ec6328e3706ca5324c994
bibit000903,Il doge Leonardo Donà (1596),"Seneca, Federico",historical_general,historical_general,activation_candidate,note_multilingual_metadata,activate_core,historical_general,preserve_rendered_tei_text,133875,,passed canonical TEI role audit,http://www.bibliotecaitaliana.it/scheda/bibit000903,22e3c3be9c88d1bfb8f8ff4b640d3aeda1003c96b058ff8f9dacbff400b119dc
bibit000134,Historie dell'antichissima città di Pisa,"Setaioli, Giuseppe",historical_general,historical_general,activation_candidate,note_multilingual_metadata,activate_core,historical_general,preserve_rendered_tei_text,171610,,passed canonical TEI role audit,http://www.bibliotecaitaliana.it/scheda/bibit000134,5a549b5ec448bcc4a8e5a43a428396706aa7f90170eed9dc54905384e823df6b
bibit001582,Viaggio al monte Sinai,"Sigoli, Simone",historical_general,historical_general,review_required,review_editorial_brackets,activate_core_with_bracket_cleanup,historical_general,strip_editorial_square_delimiters_and_labels,109368,,retain supplied historical text while removing editorial bracket notation,http://www.bibliotecaitaliana.it/scheda/bibit001582,d6336d18f6dfe56045c3c366ff872b708fcd274eea699f62c968d0f3d0d4af56
bibit001628,Colloquio spirituale,Simone da Cascina,historical_general,historical_general,activation_candidate,note_multilingual_metadata,activate_core,historical_general,preserve_rendered_tei_text,359545,,passed canonical TEI role audit,http://www.bibliotecaitaliana.it/scheda/bibit001628,a06a0aee635fc61de63a4849e6dc7b1495a8fd97d5a8f40c3e575d148e2a0c9d
bibit000873,Gramatica ragionata della lingua italiana,"Soave, Francesco",historical_general,historical_general,review_required,note_multilingual_metadata;review_editorial_brackets,activate_core_with_bracket_cleanup,historical_general,strip_editorial_square_delimiters_and_labels,274066,,retain supplied historical text while removing editorial bracket notation,http://www.bibliotecaitaliana.it/scheda/bibit000873,94e0d2c070c48edd9edfe8f63111ac16d00c439b1b67b336d83f488563cdd2c3
bibit001692,Relazione di Germania,"Soranzo, Gerolamo",historical_general,historical_general,activation_candidate,note_multilingual_metadata,activate_core,historical_general,preserve_rendered_tei_text,85973,,passed canonical TEI role audit,http://www.bibliotecaitaliana.it/scheda/bibit001692,7d1f589ca52b274fa9a2c263435a8053bb1ffcebfedf1b6a6977f1f463bb946b
bibit000073,Relazione d'Austria,"Soranzo, Giacomo",historical_general,historical_general,activation_candidate,note_multilingual_metadata,activate_core,historical_general,preserve_rendered_tei_text,108074,,passed canonical TEI role audit,http://www.bibliotecaitaliana.it/scheda/bibit000073,9cfa99fb3ac557dec3ca27d39f98d0d28754d295682e1f8618228ed3ea48b913
bibit001614,Relazione di Germania,"Soranzo, Giacomo",historical_general,historical_general,activation_candidate,note_multilingual_metadata,activate_core,historical_general,preserve_rendered_tei_text,75436,,passed canonical TEI role audit,http://www.bibliotecaitaliana.it/scheda/bibit001614,f75ff35b95f96804201e2ecf305368b1b0314bf01d9c44b53ccf50a46fda2a21
bibit001274,Relatione di Michele Soriano (1554),"Soriano, Michele",historical_general,historical_general,activation_candidate,note_multilingual_metadata,activate_core,historical_general,preserve_rendered_tei_text,129978,,passed canonical TEI role audit,http://www.bibliotecaitaliana.it/scheda/bibit001274,f7a99f87c6c2ad96886eb23b0c15852ba17a1e351030fb8c1c7ce9c859acc08e
bibit000350,Canace,"Speroni, Sperone",historical_general,historical_general,activation_candidate,,activate_core,historical_general,preserve_rendered_tei_text,57309,,passed canonical TEI role audit,http://www.bibliotecaitaliana.it/scheda/bibit000350,57a7481c49269db93abf7313ba3516f894a5f6addd46aadec224946172fad184
bibit000766,Dialogo delle lingue,"Speroni, Sperone",historical_general,historical_general,activation_candidate,note_multilingual_metadata,activate_core,historical_general,preserve_rendered_tei_text,74989,,passed canonical TEI role audit,http://www.bibliotecaitaliana.it/scheda/bibit000766,714434b2b38c04966b6cbd5adb2f776b460b75419f04b21a5c056b7f26f20005
bibit000503,Dell'unità della favola,"Strozzi, Giovan Battista, il Giovane",historical_general,historical_general,activation_candidate,,activate_core,historical_general,preserve_rendered_tei_text,19848,,passed canonical TEI role audit,http://www.bibliotecaitaliana.it/scheda/bibit000503,ff615ef4af8d58b9cee3e49ac64e08ea3760106f1878cc60fc48a5ed63d4bbc4
bibit000810,Discorso primo: qual sia il fine della poesia in generale,"Summo, Faustino",historical_general,historical_general,activation_candidate,note_multilingual_metadata,activate_core,historical_general,preserve_rendered_tei_text,61283,,passed canonical TEI role audit,http://www.bibliotecaitaliana.it/scheda/bibit000810,06e89f080533a9f4f6a8465fa619eb8f4b2867923e67408878113baeedfb3360
bibit000095,Relazione di Spagna (1559),"Suriano, Michele",historical_general,historical_general,activation_candidate,note_multilingual_metadata,activate_core,historical_general,preserve_rendered_tei_text,105439,,passed canonical TEI role audit,http://www.bibliotecaitaliana.it/scheda/bibit000095,85c1abfa9a5af3dff6773c312a904ed35628c89b2ff74dde26edc7c7a36bb3a1
bibit001244,Comedia di Danae,"Taccone, Baldassare",historical_general,historical_general,activation_candidate,,activate_core,historical_general,preserve_rendered_tei_text,33196,,passed canonical TEI role audit,http://www.bibliotecaitaliana.it/scheda/bibit001244,38ca747e6b76a750df3b251b60378ef366ce3dde7ce08e291c630bfffb3c0ac9
bibit000328,Ragionamento sulla poesia,"Tasso, Bernardo",historical_general,historical_general,activation_candidate,,activate_core,historical_general,preserve_rendered_tei_text,34426,,passed canonical TEI role audit,http://www.bibliotecaitaliana.it/scheda/bibit000328,4b996c6c1a5182b873d054de6381863a722d8d72f6a72e5fbe7b8fb8662ea0e1
bibit001538,Allegoria della Gerusalemme liberata,"Tasso, Torquato",historical_general,historical_general,activation_candidate,,activate_core,historical_general,preserve_rendered_tei_text,15213,,passed canonical TEI role audit,http://www.bibliotecaitaliana.it/scheda/bibit001538,fa8bbe27dee3aaae389a3ccc92be829302ac0c3cf88659d4140f0ebdb99b1733
bibit000763,Aminta,"Tasso, Torquato",historical_general,historical_general,activation_candidate,,activate_core,historical_general,preserve_rendered_tei_text,73070,,passed canonical TEI role audit,http://www.bibliotecaitaliana.it/scheda/bibit000763,f8b467329b157ca162409ab6c7dea6616a4c69c4290e06c644ea55e344836c69
bibit000352,Aminta (ms. 1197),"Tasso, Torquato",historical_general,historical_general,review_required,review_missing_source_edition,exclude_missing_source_provenance,excluded,preserve_rendered_tei_text,0,,TEI lacks both a printed source title and source identifier,http://www.bibliotecaitaliana.it/scheda/bibit000352,cb2f16387eb443003cae8da94a6b3bfb3995393ecaad92faea4efa868a24e961
bibit000054,Aminta (ms. Campori 491),"Tasso, Torquato",historical_general,historical_general,review_required,review_missing_source_edition,exclude_missing_source_provenance,excluded,preserve_rendered_tei_text,0,,TEI lacks both a printed source title and source identifier,http://www.bibliotecaitaliana.it/scheda/bibit000054,4567881d1610414ca3c4767910a4fadf38920e109520dcae9b12ae8e63b27b8e
bibit001247,Apologia in difesa della Gerusalemme liberata,"Tasso, Torquato",historical_general,historical_general,activation_candidate,note_multilingual_metadata,activate_core,historical_general,preserve_rendered_tei_text,136234,,passed canonical TEI role audit,http://www.bibliotecaitaliana.it/scheda/bibit001247,bbb218422e1de99ecfe246f8d2a96e8fe4ce76b00fe5c017d3ad4c9d095c8153
bibit001142,De la Dignità,"Tasso, Torquato",historical_general,historical_general,activation_candidate,note_multilingual_metadata,activate_core,historical_general,preserve_rendered_tei_text,90287,,passed canonical TEI role audit,http://www.bibliotecaitaliana.it/scheda/bibit001142,169d1c26d882da7d93129cad390680651cfa3330d4e3c70bea80453399604076
bibit001067,Del giudizio sovra la sua Gerusalemme da lui medesimo riformata,"Tasso, Torquato",historical_general,historical_general,activation_candidate,,activate_core,historical_general,preserve_rendered_tei_text,208195,,passed canonical TEI role audit,http://www.bibliotecaitaliana.it/scheda/bibit001067,c686cb625924051de5c5c0f7df46aeb560ae8c20d527c70f9072c48f1ebb48df
bibit000580,"Delle differenze poetiche, per risposta al signor Orazio Ariosto","Tasso, Torquato",historical_general,historical_general,activation_candidate,,activate_core,historical_general,preserve_rendered_tei_text,12524,,passed canonical TEI role audit,http://www.bibliotecaitaliana.it/scheda/bibit000580,aa0105306104d70091ce4d3070bb7a526b21587f8f4e86f8b734abe14ca91500
bibit000646,Dialoghi,"Tasso, Torquato",historical_general,historical_general,activation_candidate,,activate_core,historical_general,preserve_rendered_tei_text,7094,,passed canonical TEI role audit,http://www.bibliotecaitaliana.it/scheda/bibit000646,bdb595182d9919cd5c81230ae1149f19ea705427cf7550d1f1154045876af732
bibit000662,Dialogo,"Tasso, Torquato",historical_general,historical_general,activation_candidate,note_multilingual_metadata,activate_core,historical_general,preserve_rendered_tei_text,32987,,passed canonical TEI role audit,http://www.bibliotecaitaliana.it/scheda/bibit000662,c9ca2b70ed477279a6238a434cf07490a7e34bec9a8569c081e8423a4aa1103a
bibit000954,Discorsi,"Tasso, Torquato",historical_general,historical_general,activation_candidate,note_multilingual_metadata,activate_core,historical_general,preserve_rendered_tei_text,151560,,passed canonical TEI role audit,http://www.bibliotecaitaliana.it/scheda/bibit000954,628b6edfcf91a71bb8a7620a3220859be9e8c10f36ddbe7ac1e529f870802aad
bibit000856,Discorsi del poema eroico,"Tasso, Torquato",historical_general,historical_general,activation_candidate,note_multilingual_metadata,activate_core,historical_general,preserve_rendered_tei_text,383350,,passed canonical TEI role audit,http://www.bibliotecaitaliana.it/scheda/bibit000856,ea85a66474289d2086c5931dcf15f2a21d6c7f45f7bd347ea6c1c64d3a69ab1e
bibit000577,Discorsi dell'arte poetica,"Tasso, Torquato",historical_general,historical_general,activation_candidate,note_multilingual_metadata,activate_core,historical_general,preserve_rendered_tei_text,109913,,passed canonical TEI role audit,http://www.bibliotecaitaliana.it/scheda/bibit000577,524d5d3ac3b476008544ed2deac6502ca7a82412aec16d41c2f661ebfec5f5ea
bibit000426,Discorso dell'arte del dialogo,"Tasso, Torquato",historical_general,historical_general,activation_candidate,note_multilingual_metadata,activate_core,historical_general,preserve_rendered_tei_text,22206,,passed canonical TEI role audit,http://www.bibliotecaitaliana.it/scheda/bibit000426,c8c2a22675620a5d2a990dea36f84ea0fb1dd43937ad738672bc43c5aeba796a
bibit000641,Discorso intorno alla sedizione nata nel Regno di Francia l'anno 1585,"Tasso, Torquato",historical_general,historical_general,activation_candidate,,activate_core,historical_general,preserve_rendered_tei_text,49178,,passed canonical TEI role audit,http://www.bibliotecaitaliana.it/scheda/bibit000641,58133ce4c33e7ad4abbc006846c2a3bfab6c5d6d4187023e4c3e22b52284e3a5
bibit000684,Discorso sopra il Parere fatto dal signor Francesco Patricio in difesa di Lodovico Ariosto,"Tasso, Torquato",historical_general,historical_general,activation_candidate,,activate_core,historical_general,preserve_rendered_tei_text,26361,,passed canonical TEI role audit,http://www.bibliotecaitaliana.it/scheda/bibit000684,8d403578cc8d69712fde85dfdd5879143ecd98940ebef3713a9846756bbff449
bibit001104,Galealto,"Tasso, Torquato",historical_general,historical_general,activation_candidate,,activate_core,historical_general,preserve_rendered_tei_text,46227,,passed canonical TEI role audit,http://www.bibliotecaitaliana.it/scheda/bibit001104,c05d7e448d15981cb0e15031b8c7f676ef37cf99eba7b3e68d1ce576681ec824
bibit000576,Il Beltramo overo de la Cortesia,"Tasso, Torquato",historical_general,historical_general,activation_candidate,note_multilingual_metadata,activate_core,historical_general,preserve_rendered_tei_text,15724,,passed canonical TEI role audit,http://www.bibliotecaitaliana.it/scheda/bibit000576,d0c7a3f045d69d33ac1c387581d6a51bf042d138a92dac8b5bc970aab28e3152
bibit000296,Il Cataneo overo de gli idoli,"Tasso, Torquato",historical_general,historical_general,activation_candidate,note_multilingual_metadata,activate_core,historical_general,preserve_rendered_tei_text,52726,,passed canonical TEI role audit,http://www.bibliotecaitaliana.it/scheda/bibit000296,23078bfee29839508ec797ea76b8cf745be2aca0c4524b5b3e1616259d188f8c
bibit000487,Il Cataneo overo de le conclusioni amorose,"Tasso, Torquato",historical_general,historical_general,activation_candidate,note_multilingual_metadata,activate_core,historical_general,preserve_rendered_tei_text,69909,,passed canonical TEI role audit,http://www.bibliotecaitaliana.it/scheda/bibit000487,ea504d60bd27e54f6c28856e667166a670e5518a602f5ed41aa8462ae5bdb211
bibit000908,Il Conte overo de l'Imprese,"Tasso, Torquato",historical_general,historical_general,activation_candidate,note_multilingual_metadata,activate_core,historical_general,preserve_rendered_tei_text,162384,,passed canonical TEI role audit,http://www.bibliotecaitaliana.it/scheda/bibit000908,c2292d9055bb37d293bafbd14dcfe45865e599b51ba115e2c157dee312dbc240
bibit000116,Il Costante overo de la Clemenza,"Tasso, Torquato",historical_general,historical_general,activation_candidate,note_multilingual_metadata,activate_core,historical_general,preserve_rendered_tei_text,44060,,passed canonical TEI role audit,http://www.bibliotecaitaliana.it/scheda/bibit000116,fc8f8711597af613e0546bc86c974c1df79343eafe7bf45e21f6e17fc9002fbc
bibit001012,Il Ficino overo de l'Arte,"Tasso, Torquato",historical_general,historical_general,activation_candidate,note_multilingual_metadata,activate_core,historical_general,preserve_rendered_tei_text,34947,,passed canonical TEI role audit,http://www.bibliotecaitaliana.it/scheda/bibit001012,0cb89d9f48633ce5ded9359e9714ba365ab7fa1955b94d6f135edac0d52140cd
bibit000849,Il Forestiero napolitano overo de la Gelosia,"Tasso, Torquato",historical_general,historical_general,activation_candidate,note_multilingual_metadata,activate_core,historical_general,preserve_rendered_tei_text,17183,,passed canonical TEI role audit,http://www.bibliotecaitaliana.it/scheda/bibit000849,4e11584559ba880f3800eb61ababf8a418a49a426ae0426ba86bedb93da96d32
bibit000475,Il Forno overo de la Nobiltà,"Tasso, Torquato",historical_general,historical_general,activation_candidate,note_multilingual_metadata,activate_core,historical_general,preserve_rendered_tei_text,152062,,passed canonical TEI role audit,http://www.bibliotecaitaliana.it/scheda/bibit000475,53cabbd9b8a956f00c5d7d8ee1a1b9b26bcd367d89776a0024498c4c16c937fd
bibit000648,Il Ghirlinzone overo l'Epitafio,"Tasso, Torquato",historical_general,historical_general,activation_candidate,note_multilingual_metadata,activate_core,historical_general,preserve_rendered_tei_text,31192,,passed canonical TEI role audit,http://www.bibliotecaitaliana.it/scheda/bibit000648,4e8086f2c0696c3e88bb24440de73a7d003d374b96f22013a7c8069a3e4cde32
bibit000227,Il Gianluca overo delle Maschere,"Tasso, Torquato",historical_general,historical_general,activation_candidate,,activate_core,historical_general,preserve_rendered_tei_text,13213,,passed canonical TEI role audit,http://www.bibliotecaitaliana.it/scheda/bibit000227,d082d18352c70832b2808154d4d19a3989afc0272e45c8ffe28cdab3b3fed525
bibit001211,Il Gonzaga secondo overo del Giuoco,"Tasso, Torquato",historical_general,historical_general,activation_candidate,note_multilingual_metadata,activate_core,historical_general,preserve_rendered_tei_text,70720,,passed canonical TEI role audit,http://www.bibliotecaitaliana.it/scheda/bibit001211,0c2cf817dfe0d2a600fbfbe2924782836f7e3e0dc112269d2b392d6fc4c0a8be
bibit000594,Il Malpiglio overo de la Corte,"Tasso, Torquato",historical_general,historical_general,activation_candidate,,activate_core,historical_general,preserve_rendered_tei_text,31216,,passed canonical TEI role audit,http://www.bibliotecaitaliana.it/scheda/bibit000594,f94d5e2442c149b7721300fcbdf5575bc7c41e767a2878a9803be62fe8255c23
bibit001267,Il Malpiglio secondo overo del fuggir la moltitudine,"Tasso, Torquato",historical_general,historical_general,activation_candidate,note_multilingual_metadata,activate_core,historical_general,preserve_rendered_tei_text,61684,,passed canonical TEI role audit,http://www.bibliotecaitaliana.it/scheda/bibit001267,950a31250b31a67c645851f0fcc5d85f717b669db72f04053507dc60a05cc495
bibit000647,Il Manso overo de l'Amicizia,"Tasso, Torquato",historical_general,historical_general,activation_candidate,note_multilingual_metadata,activate_core,historical_general,preserve_rendered_tei_text,83174,,passed canonical TEI role audit,http://www.bibliotecaitaliana.it/scheda/bibit000647,c68703525f4795e8f71d9172eae14562c4984153a2428d0123949e74929b9cf2
bibit000679,Il Messaggiero,"Tasso, Torquato",historical_general,historical_general,activation_candidate,note_multilingual_metadata,activate_core,historical_general,preserve_rendered_tei_text,131755,,passed canonical TEI role audit,http://www.bibliotecaitaliana.it/scheda/bibit000679,dabf7581b62285f009b444453dbc8508d76a4632b7c11ee1101ff2e16fd5a531
bibit001523,Il Minturno overo de la Bellezza,"Tasso, Torquato",historical_general,historical_general,activation_candidate,note_multilingual_metadata,activate_core,historical_general,preserve_rendered_tei_text,41458,,passed canonical TEI role audit,http://www.bibliotecaitaliana.it/scheda/bibit001523,52e631dc05ec788548f2772068b4777a372916934a9bf548476c95237dd19b75
bibit000591,Il N. overo de la Pietà,"Tasso, Torquato",historical_general,historical_general,activation_candidate,,activate_core,historical_general,preserve_rendered_tei_text,14108,,passed canonical TEI role audit,http://www.bibliotecaitaliana.it/scheda/bibit000591,083e565cb00e3fb1a1793d2fb52f8a2b2a560fdb0742ff480d808d7dc9844996
bibit001176,Il Nifo overo del Piacere,"Tasso, Torquato",historical_general,historical_general,activation_candidate,note_multilingual_metadata,activate_core,historical_general,preserve_rendered_tei_text,118524,,passed canonical TEI role audit,http://www.bibliotecaitaliana.it/scheda/bibit001176,3c8761f086c2b7d0f8cf98b3dce42fbea7837b51c773880659c68a39239b92dc
bibit001467,Il Padre di famiglia,"Tasso, Torquato",historical_general,historical_general,activation_candidate,note_multilingual_metadata,activate_core,historical_general,preserve_rendered_tei_text,97644,,passed canonical TEI role audit,http://www.bibliotecaitaliana.it/scheda/bibit001467,0906deee8d7a2a2d39aa52b77cf8a98098f74f86636b6ba8e55aaba1690367a1
bibit001535,Il Porzio overo de le Virtù,"Tasso, Torquato",historical_general,historical_general,activation_candidate,note_multilingual_metadata,activate_core,historical_general,preserve_rendered_tei_text,149397,,passed canonical TEI role audit,http://www.bibliotecaitaliana.it/scheda/bibit001535,46e9344f1816550bfb95d90377b7e74e4a5ee9cc0f1dfef12e1eec5db5a90c1e
bibit001311,Il Rangone overo de la pace,"Tasso, Torquato",historical_general,historical_general,activation_candidate,,activate_core,historical_general,preserve_rendered_tei_text,21019,,passed canonical TEI role audit,http://www.bibliotecaitaliana.it/scheda/bibit001311,67dc7b34e83f279b36a6eb49305979d95ddee1bf0edd36ea21b14c97becd510f
bibit000253,Intermedi,"Tasso, Torquato",historical_general,historical_general,activation_candidate,,activate_core,historical_general,preserve_rendered_tei_text,4997,,passed canonical TEI role audit,http://www.bibliotecaitaliana.it/scheda/bibit000253,295d3afa053849c83ba8ada39cae63d0794890d97a5e2409871d7ddbcd9bdc81
bibit001343,Intrichi d'Amore,"Tasso, Torquato",historical_general,historical_general,activation_candidate,note_multilingual_metadata,activate_core,historical_general,preserve_rendered_tei_text,281977,,passed canonical TEI role audit,http://www.bibliotecaitaliana.it/scheda/bibit001343,ccb5435b0a0a61183054b97de79c5f06228dbd6b014704676a68402cc0b85a52
bibit001291,La Cavaletta overo de la poesia Toscana,"Tasso, Torquato",historical_general,historical_general,activation_candidate,,activate_core,historical_general,preserve_rendered_tei_text,83790,,passed canonical TEI role audit,http://www.bibliotecaitaliana.it/scheda/bibit001291,998edbf5e629b490d354ffcf1bbee9f985fd1e41d855dc0c97f9711ca935f03a
bibit000419,La Divina Commedia di Dante Alighieri postillata da Torquato Tasso,"Tasso, Torquato",historical_general,historical_general,review_required,note_multilingual_metadata;review_editorial_brackets,activate_core_with_bracket_cleanup,historical_general,strip_editorial_square_delimiters_and_labels,185988,,retain supplied historical text while removing editorial bracket notation,http://www.bibliotecaitaliana.it/scheda/bibit000419,ddd000e1c530f85c70eba9053ef023865ebd729209b23de8456c3323b6d28004
bibit000749,La Molza overo de l'Amore,"Tasso, Torquato",historical_general,historical_general,activation_candidate,note_multilingual_metadata,activate_core,historical_general,preserve_rendered_tei_text,23443,,passed canonical TEI role audit,http://www.bibliotecaitaliana.it/scheda/bibit000749,e1287e139c2bd4afad4f2e8bffd953d7d437cc0aff3812553a5aa0899e2c2494
bibit001677,Le Considerazioni sulle tre Canzoni di m. G.Battista Pigna intitolate Le tre Sorelle,"Tasso, Torquato",historical_general,historical_general,activation_candidate,note_multilingual_metadata,activate_core,historical_general,preserve_rendered_tei_text,62290,,passed canonical TEI role audit,http://www.bibliotecaitaliana.it/scheda/bibit001677,dfbacf576213b0e22f563a65ea0d9cb074e9a959c7ed1d5244735397ef9bee30
bibit001167,Lettere,"Tasso, Torquato",historical_general,historical_general,review_required,review_editorial_brackets,activate_core_with_bracket_cleanup,historical_general,strip_editorial_square_delimiters_and_labels,3030498,,retain supplied historical text while removing editorial bracket notation,http://www.bibliotecaitaliana.it/scheda/bibit001167,4589885efa039b9a281d616a8089dd57a041b06f147048f3247f117473ee0303
bibit000741,Lettere poetiche,"Tasso, Torquato",historical_general,historical_general,review_required,note_multilingual_metadata;review_editorial_brackets,activate_core_with_bracket_cleanup,historical_general,strip_editorial_square_delimiters_and_labels,240135,,retain supplied historical text while removing editorial bracket notation,http://www.bibliotecaitaliana.it/scheda/bibit000741,5bcbd6daf37bbe970eb26637d397b96a47eab6828b717014bde65407de1bbf8b
bibit000992,Lezione sopra un sonetto di monsignor della Casa,"Tasso, Torquato",historical_general,historical_general,activation_candidate,note_multilingual_metadata,activate_core,historical_general,preserve_rendered_tei_text,37233,,passed canonical TEI role audit,http://www.bibliotecaitaliana.it/scheda/bibit000992,8c13603d038e72c11667584d59f7d9df74206edfddc048383cb5117f43ae4e4a
bibit000077,Orazioni,"Tasso, Torquato",historical_general,historical_general,activation_candidate,,activate_core,historical_general,preserve_rendered_tei_text,93024,,passed canonical TEI role audit,http://www.bibliotecaitaliana.it/scheda/bibit000077,30ee33ef7b8b32f417eaa6541c9f3d9f4256ed57cb6cf9583d3cb8bdcc1f7130
bibit001278,Postille alla Divina Commedia (ed. Celani),"Tasso, Torquato",historical_general,historical_general,activation_candidate,,activate_core,historical_general,preserve_rendered_tei_text,27230,,passed canonical TEI role audit,http://www.bibliotecaitaliana.it/scheda/bibit001278,a73567ca1df38f02e03d88c6edf4f64dff68dd4148e59a94f32d8ee35e507c91
bibit000051,Prologhi,"Tasso, Torquato",historical_general,historical_general,activation_candidate,,activate_core,historical_general,preserve_rendered_tei_text,11660,,passed canonical TEI role audit,http://www.bibliotecaitaliana.it/scheda/bibit000051,bc547fd3be8bcbbf97692e6b3469ee8206b8f2cdc131f906c0f18f169b6b08c8
bibit000057,Re Torrismondo,"Tasso, Torquato",historical_general,historical_general,review_required,review_editorial_brackets,activate_core_with_bracket_cleanup,historical_general,strip_editorial_square_delimiters_and_labels,129088,,retain supplied historical text while removing editorial bracket notation,http://www.bibliotecaitaliana.it/scheda/bibit000057,8326adb8f2e95164df3d67015dfc1e405dd3a6662d6ca3796942eec2087c3226
bibit000863,Risposta all'Accademia della Crusca in difesa del suo dialogo del piacere onesto,"Tasso, Torquato",historical_general,historical_general,activation_candidate,,activate_core,historical_general,preserve_rendered_tei_text,36738,,passed canonical TEI role audit,http://www.bibliotecaitaliana.it/scheda/bibit000863,e8dbf9c3fa95a489f4d1a65b55802ae943a782c6403341e81785e69f708968e8
bibit000205,Risposta alle opposizioni d'incerto fatte al sonetto in morte di Pietro Spino,"Tasso, Torquato",historical_general,historical_general,activation_candidate,,activate_core,historical_general,preserve_rendered_tei_text,17364,,passed canonical TEI role audit,http://www.bibliotecaitaliana.it/scheda/bibit000205,03774e93cdc8bea837c7ef24ecde6cdbebb84db5be1aebbae4ed0c7d1fc46a08
bibit000391,Risposta di Roma a Plutarco,"Tasso, Torquato",historical_general,historical_general,activation_candidate,note_multilingual_metadata,activate_core,historical_general,preserve_rendered_tei_text,117115,,passed canonical TEI role audit,http://www.bibliotecaitaliana.it/scheda/bibit000391,8449fc7fbedda8728df0ecfff34f0f60d890e96632eaf1eb7f3c8c063c791972
bibit000788,Trattato della Dignità,"Tasso, Torquato",historical_general,historical_general,activation_candidate,,activate_core,historical_general,preserve_rendered_tei_text,20866,,passed canonical TEI role audit,http://www.bibliotecaitaliana.it/scheda/bibit000788,eecd53ca41e30846fe6418426d6fa70b45aee295bb60eee47c2f3ee94180a294
bibit001229,Filippiche,"Tassoni, Alessandro",historical_general,historical_general,activation_candidate,,activate_core,historical_general,preserve_rendered_tei_text,39691,,passed canonical TEI role audit,http://www.bibliotecaitaliana.it/scheda/bibit001229,110dc9a6e7d4a532f8cd9a4d18112435f8422a33aa6d206097b5e8f777cb4c90
bibit000301,Raguaglio su Pisa,"Tedaldi, Giovan Batista",historical_general,historical_general,review_required,review_missing_source_edition,exclude_missing_source_provenance,excluded,preserve_rendered_tei_text,0,,TEI lacks both a printed source title and source identifier,http://www.bibliotecaitaliana.it/scheda/bibit000301,208b1abcbc938edb9c24910ffd3b61e420820352d24658bb4021e4b2d9c86772
bibit001302,Relazione di Spagna (1567),"Tiepolo, Antonio",historical_general,historical_general,activation_candidate,,activate_core,historical_general,preserve_rendered_tei_text,74443,,passed canonical TEI role audit,http://www.bibliotecaitaliana.it/scheda/bibit001302,a2e796d899bce1d08f9dc03c103ec7a217b9f5f5ef7bdbc4c0d8b8096e8c8e76
bibit001230,Relazione di Spagna e Portogallo (1572),"Tiepolo, Antonio",historical_general,historical_general,activation_candidate,note_multilingual_metadata,activate_core,historical_general,preserve_rendered_tei_text,64787,,passed canonical TEI role audit,http://www.bibliotecaitaliana.it/scheda/bibit001230,a8c75ec499d0c38d81a25115272f8dcae10d44f7ec289b9d256733266ad3d603
bibit001383,Relazione di Francia,"Tiepolo, Niccolò",historical_general,historical_general,activation_candidate,note_multilingual_metadata,activate_core,historical_general,preserve_rendered_tei_text,66178,,passed canonical TEI role audit,http://www.bibliotecaitaliana.it/scheda/bibit001383,22a1fa4d4df0fe603d3973d506969f7841738efe43be535960fb4433e01a4d03
bibit000552,Relazione di Germania,"Tiepolo, Niccolò",historical_general,historical_general,activation_candidate,note_multilingual_metadata,activate_core,historical_general,preserve_rendered_tei_text,172389,,passed canonical TEI role audit,http://www.bibliotecaitaliana.it/scheda/bibit000552,75a5b9fe8f41abb1dda8622c6334d2b500c6f9dfd95d172d1d307d3d489020f0
bibit000587,Relazione di Germania (1557),"Tiepolo, Paolo",historical_general,historical_general,activation_candidate,note_multilingual_metadata,activate_core,historical_general,preserve_rendered_tei_text,52890,,passed canonical TEI role audit,http://www.bibliotecaitaliana.it/scheda/bibit000587,b12d1b68064cbc5c6cd34c0b6958ae5fe7de161a7f74fb85abcb35b56d93d777
bibit000311,La Merope,"Torelli, Pomponio",historical_general,historical_general,activation_candidate,,activate_core,historical_general,preserve_rendered_tei_text,97509,,passed canonical TEI role audit,http://www.bibliotecaitaliana.it/scheda/bibit000311,cf755af00b554014cd7263a7b94b9c482fe53f2fb278829ea7782c7403e2b4cc
bibit000505,Trattato della poesia lirica,"Torelli, Pomponio",historical_general,historical_general,activation_candidate,note_multilingual_metadata,activate_core,historical_general,preserve_rendered_tei_text,174601,,passed canonical TEI role audit,http://www.bibliotecaitaliana.it/scheda/bibit000505,093c869f6ae9e16e289107702171d6d57a6905f9515e0c925f96f80572a4d470
bibit000754,Precetti della poetica,"Toscanella, Orazio",historical_general,historical_general,activation_candidate,,activate_core,historical_general,preserve_rendered_tei_text,11169,,passed canonical TEI role audit,http://www.bibliotecaitaliana.it/scheda/bibit000754,33a39fc25b1854d2fae224eede8bad1edd58784b4f710e57f57b08e5473cfaba
bibit000465,Sofonisba,"Trissino, Gian Giorgio",historical_general,historical_general,activation_candidate,,activate_core,historical_general,preserve_rendered_tei_text,77870,,passed canonical TEI role audit,http://www.bibliotecaitaliana.it/scheda/bibit000465,e90192d1ad8c16835fa3fdd91bc4975ffe7731fc499aa05ffcf88ba2b9140b1c
bibit000348,Sommario della Relazione di Germania,"Tron, Vincenzo",historical_general,historical_general,activation_candidate,note_multilingual_metadata,activate_core,historical_general,preserve_rendered_tei_text,18857,,passed canonical TEI role audit,http://www.bibliotecaitaliana.it/scheda/bibit000348,652b4303eee05d5169b84bbc855510b5a967d6e6a8e5820af25fb3cf77ca1633
bibit001320,"Annali Pisani di Paolo Tronci. Rifusi, arricchiti di molti fatti e seguitati fino all'anno 1839 da Giuseppe Tabani. Seconda edizione accresciuta delle memorie storiche della città di Pisa dal1839 al 1871 scritte da Giovanni Sforza, Tomo II","Tronci, Paolo",historical_general,historical_general,activation_candidate,note_multilingual_metadata,activate_core,historical_general,preserve_rendered_tei_text,399332,,passed canonical TEI role audit,http://www.bibliotecaitaliana.it/scheda/bibit001320,b80a54cee83c78da95e00355757e98ae6401abc9caf276b695bb09ce5bc960a5
bibit000112,Istoria,Uguçon de Laodho,historical_general,historical_general,review_required,review_missing_source_edition,exclude_missing_source_provenance,excluded,preserve_rendered_tei_text,0,,TEI lacks both a printed source title and source identifier,http://www.bibliotecaitaliana.it/scheda/bibit000112,02c1d51a6f084108359787c54f3a39b1ac64299a721c7e2badf762b6230e0e04
bibit000645,Relazione di Costantinopoli (1616),"Valier, Cristoforo",historical_general,historical_general,activation_candidate,,activate_core,historical_general,preserve_rendered_tei_text,135965,,passed canonical TEI role audit,http://www.bibliotecaitaliana.it/scheda/bibit000645,791b77eda1d866260f4e07e45c5f8d50f56b786e7b74d811b6da1bbd613a5a3d
bibit001405,Apologus II,"Valla, Lorenzo",historical_general,historical_general,activation_candidate,,activate_core,historical_general,preserve_rendered_tei_text,24717,,passed canonical TEI role audit,http://www.bibliotecaitaliana.it/scheda/bibit001405,2627be0555c78e9e9b9432c0e0b3a9ad88eaa22c35bbe44a812bae46eba931cd
bibit001495,Due lezioni,"Varchi, Benedetto",historical_general,historical_general,activation_candidate,note_multilingual_metadata,activate_core,historical_general,preserve_rendered_tei_text,180954,,passed canonical TEI role audit,http://www.bibliotecaitaliana.it/scheda/bibit001495,fc13df6e1039f7c6a8f1561367d2a19f54572e2a3b30c3d95629f91c641dd50a
bibit001169,Il discorso della bellezza e della grazia,"Varchi, Benedetto",historical_general,historical_general,activation_candidate,note_multilingual_metadata,activate_core,historical_general,preserve_rendered_tei_text,12901,,passed canonical TEI role audit,http://www.bibliotecaitaliana.it/scheda/bibit001169,a4c8f2f686af583c49c80499e7a2e27d8e4496ce508f0be8e4defd52f047d75b
bibit001650,"Le Vite de' più eccellenti architetti, pittori, et scultori italiani","Vasari, Giorgio",historical_general,historical_general,activation_candidate,note_multilingual_metadata,activate_core,historical_general,preserve_rendered_tei_text,1673705,,passed canonical TEI role audit,http://www.bibliotecaitaliana.it/scheda/bibit001650,638ac825fd39b6fe5f809874a326da7e8b2cfb98f0ac43debcb5a7cc4e2069f9
bibit001429,La Comedia di Dante Aligieri con la nova espositione di Alessandro Vellutello,"Vellutello, Alessandro",historical_general,historical_general,activation_candidate,,activate_core,historical_general,preserve_rendered_tei_text,3207843,,passed canonical TEI role audit,http://www.bibliotecaitaliana.it/scheda/bibit001429,4207eb462823dda537b6a08fd8534f159115c66d77ee154e9b408b971ccc2576
bibit001253,"Prefazione ai ""Tre tiranni""","Vellutello, Alessandro",historical_general,historical_general,activation_candidate,,activate_core,historical_general,preserve_rendered_tei_text,8644,,passed canonical TEI role audit,http://www.bibliotecaitaliana.it/scheda/bibit001253,1ac1c357ccf91ea0d3d99320802fd2b0419720d7e84f596b45308be3a2f01b03
bibit001019,Relazione di Francia (1688),"Venier, Girolamo",historical_general,historical_general,activation_candidate,,activate_core,historical_general,preserve_rendered_tei_text,107336,,passed canonical TEI role audit,http://www.bibliotecaitaliana.it/scheda/bibit001019,9f42a690ab11b488945482a5fbdf02140277f6e9c931dfdf330cea989b7f1192
bibit000367,Relazione di Germania (1692),"Venier, Girolamo",historical_general,historical_general,activation_candidate,,activate_core,historical_general,preserve_rendered_tei_text,84886,,passed canonical TEI role audit,http://www.bibliotecaitaliana.it/scheda/bibit000367,1fa39944bcdc61e9eb86d9da5bf6787924446790fdb9f0096cddbba753f3b071
bibit000608,Relazione di Germania (1630),"Venier, Sebastiano",historical_general,historical_general,activation_candidate,note_multilingual_metadata,activate_core,historical_general,preserve_rendered_tei_text,124627,,passed canonical TEI role audit,http://www.bibliotecaitaliana.it/scheda/bibit000608,3b3655f60f88054e178d3fcce41a7717713a010115ef2f27f97c381ae1de6e43
bibit001680,Breve discorso intorno alla narrazione poetica,"Verdizzotti, Giovan Mario",historical_general,historical_general,activation_candidate,note_multilingual_metadata,activate_core,historical_general,preserve_rendered_tei_text,13258,,passed canonical TEI role audit,http://www.bibliotecaitaliana.it/scheda/bibit001680,47b90887bf7223c2c62cecff59e3a4c97e3d79b9d7f5e7f6b14027e8163b5ce9
bibit000080,Le avventure di Saffo,"Verri, Alessandro",historical_general,historical_general,activation_candidate,,activate_core,historical_general,preserve_rendered_tei_text,267027,,passed canonical TEI role audit,http://www.bibliotecaitaliana.it/scheda/bibit000080,c9817163029de9c0b6d12e785285288aa1451ad5f91bcfbb63864347dc764031
bibit000559,Sull'indole del piacere e del dolore,"Verri, Pietro",historical_general,historical_general,activation_candidate,note_multilingual_metadata,activate_core,historical_general,preserve_rendered_tei_text,126238,,passed canonical TEI role audit,http://www.bibliotecaitaliana.it/scheda/bibit000559,9e49d6bf2d400fdae9ed718dc13f7a35d97239ba3baba7aa0c24e118a454b1c3
bibit001083,Principi di scienza nuova,"Vico, Giambattista",historical_general,historical_general,review_required,note_multilingual_metadata;review_editorial_brackets,activate_core_with_bracket_cleanup,historical_general,strip_editorial_square_delimiters_and_labels,851951,,retain supplied historical text while removing editorial bracket notation,http://www.bibliotecaitaliana.it/scheda/bibit001083,d7e238088ca98501cc84f9b744f3a92aa1c3f9907cd7adcb7f042ea033a52992
bibit000482,Vita scritta da se medesimo,"Vico, Giambattista",historical_general,historical_general,activation_candidate,note_multilingual_metadata,activate_core,historical_general,preserve_rendered_tei_text,162612,,passed canonical TEI role audit,http://www.bibliotecaitaliana.it/scheda/bibit000482,ff489ffc8ad64590cc98d227b2c32e6b57361469d98410387fe0b449a179761d
bibit000264,Christus meus,"Vigri, Caterina",historical_general,historical_general,activation_candidate,note_multilingual_metadata,activate_core,historical_general,preserve_rendered_tei_text,481,,passed canonical TEI role audit,http://www.bibliotecaitaliana.it/scheda/bibit000264,4addcbdf9d9137f202db6c88760849b37d72c976c402f64edbd5fdb1efb80b76
bibit001102,Epistola inspirata da Dio a dover poi fare e sottoscrivere qui in Bologna,"Vigri, Caterina",historical_general,historical_general,activation_candidate,note_multilingual_metadata,activate_core,historical_general,preserve_rendered_tei_text,1337,,passed canonical TEI role audit,http://www.bibliotecaitaliana.it/scheda/bibit001102,134f0500b32810ee72657e932a5327055be4c712722ebf5f8f2fbb4df41a4fd2
bibit001269,Le sette armi spirituali,"Vigri, Caterina",historical_general,historical_general,review_required,note_multilingual_metadata;review_editorial_brackets,activate_core_with_bracket_cleanup,historical_general,strip_editorial_square_delimiters_and_labels,112547,,retain supplied historical text while removing editorial bracket notation,http://www.bibliotecaitaliana.it/scheda/bibit001269,0abe378bad4986792b09edbf9b85603621945c3552df101cda9e00b1f52c85d8
bibit000293,Nuova cronica,"Villani, Giovanni",historical_general,historical_general,review_required,note_multilingual_metadata;review_editorial_brackets,activate_core_with_bracket_cleanup,historical_general,strip_editorial_square_delimiters_and_labels,2237315,,retain supplied historical text while removing editorial bracket notation,http://www.bibliotecaitaliana.it/scheda/bibit000293,3ccacd7e7ec7705246de5c1a71865e4e8466d729d6dd5eb4137f165d7cb08c27
bibit001426,Pasitea,"Visconti, Gasparo",historical_general,historical_general,activation_candidate,note_multilingual_metadata,activate_core,historical_general,preserve_rendered_tei_text,45329,,passed canonical TEI role audit,http://www.bibliotecaitaliana.it/scheda/bibit001426,80d7cff08cce59aa30827025b48fd9a8f7fbad06dfe9ed5f6b4da6b596cb25b0
bibit000538,"Varie avvertenze utili, e necessarie agli amatori de' buoni libri","Volpi, Gaetano",historical_general,historical_general,activation_candidate,note_multilingual_metadata,activate_core,historical_general,preserve_rendered_tei_text,111122,,passed canonical TEI role audit,http://www.bibliotecaitaliana.it/scheda/bibit000538,3ba8c5f68c7bffaa273691cd18741906da451614327f24a3ba0433a84656ca26
bibit001212,Discorso della tragedia,"Zinano, Gabriele",historical_general,historical_general,activation_candidate,note_multilingual_metadata,activate_core,historical_general,preserve_rendered_tei_text,36162,,passed canonical TEI role audit,http://www.bibliotecaitaliana.it/scheda/bibit001212,63e2ae7c29ca61899b6f72fe9dd0b8432df8edfa8dcfea783d22b9346b7630d8
bibit000145,Il viandante,"Zinano, Gabriele",historical_general,historical_general,activation_candidate,,activate_core,historical_general,preserve_rendered_tei_text,48463,,passed canonical TEI role audit,http://www.bibliotecaitaliana.it/scheda/bibit000145,f3c9ca81b0714dd6373ac0e8745eac997550ffb4e9450fc0eee12e47e32ee306
bibit000791,Relazione di Germania (1671),"Zorzi, Marino",historical_general,historical_general,activation_candidate,,activate_core,historical_general,preserve_rendered_tei_text,53043,,passed canonical TEI role audit,http://www.bibliotecaitaliana.it/scheda/bibit000791,53039348ec6fa814922fae21f967439fb0fde6260493fc2ac81af269e4c9d40f
bibit000839,Della ragione di stato,"Zuccolo, Ludovico",historical_general,historical_general,activation_candidate,note_multilingual_metadata,activate_core,historical_general,preserve_rendered_tei_text,35122,,passed canonical TEI role audit,http://www.bibliotecaitaliana.it/scheda/bibit000839,4cdc206c6fc560bd8f10daa3d04ee900769c2b33c767af9bc2021500e17b81a6
bibit000665,"Il Belluzzi, o vero la città felice","Zuccolo, Ludovico",historical_general,historical_general,activation_candidate,note_multilingual_metadata,activate_core,historical_general,preserve_rendered_tei_text,23637,,passed canonical TEI role audit,http://www.bibliotecaitaliana.it/scheda/bibit000665,3dfed2f1fe4f1a756180163f46bd0500938677e474dadb75760be23a0c110893
bibit001129,"Il molino, o vero della amicizia scambievole fra' cittadini","Zuccolo, Ludovico",historical_general,historical_general,activation_candidate,note_multilingual_metadata,activate_core,historical_general,preserve_rendered_tei_text,20695,,passed canonical TEI role audit,http://www.bibliotecaitaliana.it/scheda/bibit001129,0f4e9b3e5025890021c28e65c6dff88a9254ee66ee519c7b0a18769f46db7586
bibit001702,"Il porto, o vero della repubblica d'Evandria","Zuccolo, Ludovico",historical_general,historical_general,activation_candidate,note_multilingual_metadata,activate_core,historical_general,preserve_rendered_tei_text,53755,,passed canonical TEI role audit,http://www.bibliotecaitaliana.it/scheda/bibit001702,b77db1cd8cc1fe21affe7d0aa6a08cf854a3883004c4320d8d869bb71140d5bc
bibit001336,L'aromatario,"Zuccolo, Ludovico",historical_general,historical_general,activation_candidate,note_multilingual_metadata,activate_core,historical_general,preserve_rendered_tei_text,37886,,passed canonical TEI role audit,http://www.bibliotecaitaliana.it/scheda/bibit001336,981e1457fafc8a7cd845f71edab3608339c18839a1c8cb36457f94a0916c3422
bibit001300,Ottave,"Accolti, Bernardo",historical_non_sonnet_poetry,historical_non_sonnet_poetry,activation_candidate,note_multilingual_metadata,activate_core,historical_non_sonnet_poetry,preserve_rendered_tei_text,22964,,passed canonical TEI role audit,http://www.bibliotecaitaliana.it/scheda/bibit001300,b34e36c1bf49901bca6e4f9d6856464a0476170e1661937ce4310ff9167af5b3
bibit001583,Avarchide,"Alamanni, Luigi",historical_non_sonnet_poetry,historical_non_sonnet_poetry,activation_candidate,,activate_core,historical_non_sonnet_poetry,preserve_rendered_tei_text,931277,,passed canonical TEI role audit,http://www.bibliotecaitaliana.it/scheda/bibit001583,429f9bfc7ebab2ae33c4d730f479dc83d12e873a5b85b5fdb9ddef4ccc7138ad
bibit000656,Della coltivazione,"Alamanni, Luigi",historical_non_sonnet_poetry,historical_non_sonnet_poetry,activation_candidate,,activate_core,historical_non_sonnet_poetry,preserve_rendered_tei_text,212286,,passed canonical TEI role audit,http://www.bibliotecaitaliana.it/scheda/bibit000656,0097de26557d1fa50b3b5e83621b5650250262118dc07dafb4e5ecfd2c9e5350
bibit000429,Linguaccio,"Alessandri, Baldassarre Olimpo degli",historical_non_sonnet_poetry,historical_non_sonnet_poetry,activation_candidate,note_multilingual_metadata,activate_core,historical_non_sonnet_poetry,preserve_rendered_tei_text,54434,,passed canonical TEI role audit,http://www.bibliotecaitaliana.it/scheda/bibit000429,47683781f00b815a17ed2a3120234309e37614f6c8b5fc473ba5644c523cac17
bibit000014,Agide,"Alfieri, Vittorio",historical_non_sonnet_poetry,historical_non_sonnet_poetry,activation_candidate,,activate_core,historical_non_sonnet_poetry,preserve_rendered_tei_text,62077,,passed canonical TEI role audit,http://www.bibliotecaitaliana.it/scheda/bibit000014,1da2588e3eae82fb060b23b6bc82010e5836e0190395ad5a52b86f79605891dd
bibit000019,Commedia,"Alighieri, Dante",historical_non_sonnet_poetry,historical_non_sonnet_poetry,activation_candidate,note_multilingual_metadata,activate_core,historical_non_sonnet_poetry,preserve_rendered_tei_text,529428,,passed canonical TEI role audit,http://www.bibliotecaitaliana.it/scheda/bibit000019,511d5f93944ab91e4c9bccfc7236aa135456a5a71f7ad6a38ad9deb46b21f9de
bibit001448,Detto d'amore,"Alighieri, Dante",historical_non_sonnet_poetry,historical_non_sonnet_poetry,activation_candidate,,activate_core,historical_non_sonnet_poetry,preserve_rendered_tei_text,11657,,passed canonical TEI role audit,http://www.bibliotecaitaliana.it/scheda/bibit001448,bc14dfa767fb02d7f200f0e7ee41787c955c5b720fe8c047b57c1b047c55febc
bibit000213,Il Fiore,"Alighieri, Dante",historical_non_sonnet_poetry,historical_non_sonnet_poetry,review_required,review_editorial_brackets,activate_core_with_bracket_cleanup,historical_non_sonnet_poetry,strip_editorial_square_delimiters_and_labels,4713,,retain supplied historical text while removing editorial bracket notation,http://www.bibliotecaitaliana.it/scheda/bibit000213,27c0280e03ad1de4d8d96ce801e9df5fcd8a37478cf3425030978a89feceac5b
bibit000744,Le Metamorfosi di Ovidio,"Anguillara, Giovanni Andrea dell'",historical_non_sonnet_poetry,historical_non_sonnet_poetry,activation_candidate,,activate_core,historical_non_sonnet_poetry,preserve_rendered_tei_text,1504408,,passed canonical TEI role audit,http://www.bibliotecaitaliana.it/scheda/bibit000744,d4c3a9a70f9ddaaa792dfc9d0a8317729c531447ee56436d44305ddcfcf83b2c
bibit001075,Opera nova,"Aretino, Pietro",historical_non_sonnet_poetry,historical_non_sonnet_poetry,activation_candidate,note_multilingual_metadata,activate_core,historical_non_sonnet_poetry,preserve_rendered_tei_text,41146,,passed canonical TEI role audit,http://www.bibliotecaitaliana.it/scheda/bibit001075,b7809906f60924dd93b1059581418f9582bb5d928fe957e81c91ed286deb116a
bibit000251,Stanze in lode di Angela Serena,"Aretino, Pietro",historical_non_sonnet_poetry,historical_non_sonnet_poetry,activation_candidate,,activate_core,historical_non_sonnet_poetry,preserve_rendered_tei_text,18312,,passed canonical TEI role audit,http://www.bibliotecaitaliana.it/scheda/bibit000251,108b8733f0c60a46caa12f12b757593530e4543d8708655debe506ac9d4a1848
bibit001223,Strambotti a la villanesca,"Aretino, Pietro",historical_non_sonnet_poetry,historical_non_sonnet_poetry,activation_candidate,note_multilingual_metadata,activate_core,historical_non_sonnet_poetry,preserve_rendered_tei_text,46706,,passed canonical TEI role audit,http://www.bibliotecaitaliana.it/scheda/bibit001223,07579e5e3b0d39b4ab87dfdb0f3515c5aa03f24a610bb4ddbd05f3dbc5bbbdea
bibit000026,Cinque canti,"Ariosto, Ludovico",historical_non_sonnet_poetry,historical_non_sonnet_poetry,activation_candidate,,activate_core,historical_non_sonnet_poetry,preserve_rendered_tei_text,170753,,passed canonical TEI role audit,http://www.bibliotecaitaliana.it/scheda/bibit000026,702cfd7b9be1997ab14e864a3d640c7cfde661f541b1021ba800eefadd1917bc
bibit001135,Orlando Furioso 1532,"Ariosto, Ludovico",historical_non_sonnet_poetry,historical_non_sonnet_poetry,activation_candidate,note_multilingual_metadata,activate_core,historical_non_sonnet_poetry,preserve_rendered_tei_text,1482786,,passed canonical TEI role audit,http://www.bibliotecaitaliana.it/scheda/bibit001135,d393f2c17f9cfd110bc46ae08b05f8873182f60f52b79ce92cc47e7fb2364078
bibit000025,Satire,"Ariosto, Ludovico",historical_non_sonnet_poetry,historical_non_sonnet_poetry,activation_candidate,,activate_core,historical_non_sonnet_poetry,preserve_rendered_tei_text,72056,,passed canonical TEI role audit,http://www.bibliotecaitaliana.it/scheda/bibit000025,0c84a0afbbcf9f38f59489ab0d3cb5cfe19520ec9e85c6c1657f1cb7966ce3bc
bibit001421,Egloghe miste,"Baldi, Bernardino",historical_non_sonnet_poetry,historical_non_sonnet_poetry,activation_candidate,,activate_core,historical_non_sonnet_poetry,preserve_rendered_tei_text,157753,,passed canonical TEI role audit,http://www.bibliotecaitaliana.it/scheda/bibit001421,3e0bbd5eb52e90a9b17e98bfba2461208c46644746c487a8f861c2715c0bd997
bibit001464,Il Damone,"Baldini, Sebastiano",historical_non_sonnet_poetry,historical_non_sonnet_poetry,review_required,review_missing_source_edition,exclude_missing_source_provenance,excluded,preserve_rendered_tei_text,0,,TEI lacks both a printed source title and source identifier,http://www.bibliotecaitaliana.it/scheda/bibit001464,6c8a45bb5f1599a8cda6a0de32408c53209f927738f7b075a0cba18287d362cb
bibit000277,Lo schiavo liberato,"Baldini, Sebastiano",historical_non_sonnet_poetry,historical_non_sonnet_poetry,activation_candidate,,activate_core,historical_non_sonnet_poetry,preserve_rendered_tei_text,6260,,passed canonical TEI role audit,http://www.bibliotecaitaliana.it/scheda/bibit000277,ff798036e5a1cec2f558399bc2949c993d48d56245433752c207bdb8c80bd255
bibit000985,Stanze,"Bembo, Pietro",historical_non_sonnet_poetry,historical_non_sonnet_poetry,activation_candidate,,activate_core,historical_non_sonnet_poetry,preserve_rendered_tei_text,15627,,passed canonical TEI role audit,http://www.bibliotecaitaliana.it/scheda/bibit000985,6c082028e68b98540094a983269b197c9b67631ed5e60407f67299c75a114bb5
bibit000045,Amorosa visione,"Boccaccio, Giovanni",historical_non_sonnet_poetry,historical_non_sonnet_poetry,activation_candidate,,activate_core,historical_non_sonnet_poetry,preserve_rendered_tei_text,158117,,passed canonical TEI role audit,http://www.bibliotecaitaliana.it/scheda/bibit000045,e7c6433eed5ac5c412428a48082b1d52b62ec2d58e550eaef4372956f1736443
bibit000044,Caccia di Diana,"Boccaccio, Giovanni",historical_non_sonnet_poetry,historical_non_sonnet_poetry,activation_candidate,,activate_core,historical_non_sonnet_poetry,preserve_rendered_tei_text,37900,,passed canonical TEI role audit,http://www.bibliotecaitaliana.it/scheda/bibit000044,a0f645b2657388241c03f0c47472c1ed6587ce67aef84f763d70984915fd7d23
bibit001339,Canzoni del Decameron,"Boccaccio, Giovanni",historical_non_sonnet_poetry,historical_non_sonnet_poetry,activation_candidate,,activate_core,historical_non_sonnet_poetry,preserve_rendered_tei_text,11723,,passed canonical TEI role audit,http://www.bibliotecaitaliana.it/scheda/bibit001339,af6f7bd11ec63097b40b482bcad99c81274d10fe8f3deb25adf36701b3697180
bibit000738,Comedia delle ninfe fiorentine,"Boccaccio, Giovanni",historical_non_sonnet_poetry,historical_non_sonnet_poetry,review_required,note_multilingual_metadata;review_editorial_brackets,activate_core_with_bracket_cleanup,historical_non_sonnet_poetry,strip_editorial_square_delimiters_and_labels,288662,,retain supplied historical text while removing editorial bracket notation,http://www.bibliotecaitaliana.it/scheda/bibit000738,54110398973c50b0bc7df8ec3c248dfb9d6ac68348281abff657bec85ff0d3d1
bibit000046,Filostrato,"Boccaccio, Giovanni",historical_non_sonnet_poetry,historical_non_sonnet_poetry,activation_candidate,,activate_core,historical_non_sonnet_poetry,preserve_rendered_tei_text,209881,,passed canonical TEI role audit,http://www.bibliotecaitaliana.it/scheda/bibit000046,2bdf30c22c6410afcad1c17661a6557c35cb9fa6f5fb25972d96c80f4a2558ef
bibit000047,Ninfale fiesolano,"Boccaccio, Giovanni",historical_non_sonnet_poetry,historical_non_sonnet_poetry,activation_candidate,,activate_core,historical_non_sonnet_poetry,preserve_rendered_tei_text,143975,,passed canonical TEI role audit,http://www.bibliotecaitaliana.it/scheda/bibit000047,37b5270dea75c61af1f88715678be4bde5045d890962b09dc3ca253187ad5934
bibit000041,Teseida,"Boccaccio, Giovanni",historical_non_sonnet_poetry,historical_non_sonnet_poetry,activation_candidate,,activate_core,historical_non_sonnet_poetry,preserve_rendered_tei_text,364731,,passed canonical TEI role audit,http://www.bibliotecaitaliana.it/scheda/bibit000041,b2486845d5c6498434b154fdc52317ac184ca27d1bf197c2487dde2bedd938a1
bibit001251,Ragguagli di Parnaso,"Boccalini, Traiano",historical_non_sonnet_poetry,historical_non_sonnet_poetry,activation_candidate,note_multilingual_metadata,activate_core,historical_non_sonnet_poetry,preserve_rendered_tei_text,1762520,,passed canonical TEI role audit,http://www.bibliotecaitaliana.it/scheda/bibit001251,41f725fd9a4465f8bfaf67c7fa81c9b38a413adb6c971a5c3b2accda6640bbcc
bibit000048,Amorum libri,"Boiardo, Matteo Maria",historical_non_sonnet_poetry,historical_non_sonnet_poetry,activation_candidate,,activate_core,historical_non_sonnet_poetry,preserve_rendered_tei_text,48898,,passed canonical TEI role audit,http://www.bibliotecaitaliana.it/scheda/bibit000048,b7635b8d45b1cc6874282b98dd0769b506932cc12a941c21af025c1cd27f6ea8
bibit001591,I tarocchi,"Boiardo, Matteo Maria",historical_non_sonnet_poetry,historical_non_sonnet_poetry,activation_candidate,note_multilingual_metadata,activate_core,historical_non_sonnet_poetry,preserve_rendered_tei_text,18295,,passed canonical TEI role audit,http://www.bibliotecaitaliana.it/scheda/bibit001591,05b6faaab53c23e5ecb641163303dca4072323e53633f497d55cb07350334f98
bibit000049,Orlando innamorato,"Boiardo, Matteo Maria",historical_non_sonnet_poetry,historical_non_sonnet_poetry,activation_candidate,,activate_core,historical_non_sonnet_poetry,preserve_rendered_tei_text,1349040,,passed canonical TEI role audit,http://www.bibliotecaitaliana.it/scheda/bibit000049,1b986b30ad2f41a76b9d9e1686c18a54dcdcac8e2d04ace7b6475d73695a0d2f
bibit000380,Pastorale,"Boiardo, Matteo Maria",historical_non_sonnet_poetry,historical_non_sonnet_poetry,activation_candidate,,activate_core,historical_non_sonnet_poetry,preserve_rendered_tei_text,52060,,passed canonical TEI role audit,http://www.bibliotecaitaliana.it/scheda/bibit000380,674ad9f21bb00483dcd7c75b824777af9b48279a7f3127ac5aced9351cef79d4
bibit001041,Capitoli letterari,"Bolognetti, Francesco",historical_non_sonnet_poetry,historical_non_sonnet_poetry,activation_candidate,,activate_core,historical_non_sonnet_poetry,preserve_rendered_tei_text,33325,,passed canonical TEI role audit,http://www.bibliotecaitaliana.it/scheda/bibit001041,235816f0385dfb42edd0b4ec9420515cc7ab85a980e4bca003e33fb093239ae6
bibit000607,Satire,"Bolognetti, Francesco",historical_non_sonnet_poetry,historical_non_sonnet_poetry,activation_candidate,note_multilingual_metadata,activate_core,historical_non_sonnet_poetry,preserve_rendered_tei_text,239951,,passed canonical TEI role audit,http://www.bibliotecaitaliana.it/scheda/bibit000607,9c6535ed5cd6cd84ac0416aa7bf0fb11ff0313e8c73f8a602236d96099e91dc4
bibit001372,Introduzione al Poema di Dante per l'allegoria e Difesa di Dante come cattolico,"Borghini, Vincenzio",historical_non_sonnet_poetry,historical_non_sonnet_poetry,activation_candidate,,activate_core,historical_non_sonnet_poetry,preserve_rendered_tei_text,74506,,passed canonical TEI role audit,http://www.bibliotecaitaliana.it/scheda/bibit001372,d27113f51af08668469fd0b061ce58fc1d35664be18c5bb5aa7f820bc4088d0b
bibit001641,Soneti e Canzone,"Braccesi, Alessandro",historical_non_sonnet_poetry,historical_non_sonnet_poetry,activation_candidate,,activate_core,historical_non_sonnet_poetry,preserve_rendered_tei_text,50617,,passed canonical TEI role audit,http://www.bibliotecaitaliana.it/scheda/bibit001641,caad36c6a90e66be43602fbbe95a6f31d1fb73b834d5436fd82865bb2af5bae9
bibit000523,Sermone sul dì del giudizio,Brancaleone da Faenza,historical_non_sonnet_poetry,historical_non_sonnet_poetry,activation_candidate,note_multilingual_metadata,activate_core,historical_non_sonnet_poetry,preserve_rendered_tei_text,14490,,passed canonical TEI role audit,http://www.bibliotecaitaliana.it/scheda/bibit000523,a605dde4b63da2f3263560abe48be43693b2e6b8ddecc019dccfa9cde5956b75
bibit000347,Tirsi,"Castiglione, Baldassarre",historical_non_sonnet_poetry,historical_non_sonnet_poetry,activation_candidate,,activate_core,historical_non_sonnet_poetry,preserve_rendered_tei_text,17424,,passed canonical TEI role audit,http://www.bibliotecaitaliana.it/scheda/bibit000347,fff51f47cd2905131bf924190c26a7b11d331eb7d00ae74140f684d330883d0e
bibit001436,L'Acerba,Cecco d'Ascoli,historical_non_sonnet_poetry,historical_non_sonnet_poetry,activation_candidate,note_multilingual_metadata,activate_core,historical_non_sonnet_poetry,preserve_rendered_tei_text,175489,,passed canonical TEI role audit,http://www.bibliotecaitaliana.it/scheda/bibit001436,88de5a88ad82f53438d6912c451b8c7fa1c8fec3be0bf83e1a9c106b6fc270b6
bibit000637,Endimione,"Chariteo (Benedetto Gareth, detto il)",historical_non_sonnet_poetry,historical_non_sonnet_poetry,activation_candidate,,activate_core,historical_non_sonnet_poetry,preserve_rendered_tei_text,84640,,passed canonical TEI role audit,http://www.bibliotecaitaliana.it/scheda/bibit000637,8820b13ec77ea9df2195b21801f22b832b9f6859920e3fffd237bb64a96a4a7e
bibit001086,Vaiasseide,"Cortese, Giulio Cesare",historical_non_sonnet_poetry,historical_non_sonnet_poetry,activation_candidate,,activate_core,historical_non_sonnet_poetry,preserve_rendered_tei_text,154423,,passed canonical TEI role audit,http://www.bibliotecaitaliana.it/scheda/bibit001086,1b51a4a54db7aad11a96850b1000725f103890f45db3351b6b58196cd8970d1d
bibit000958,Viaggio di Parnaso,"Cortese, Giulio Cesare",historical_non_sonnet_poetry,historical_non_sonnet_poetry,activation_candidate,,activate_core,historical_non_sonnet_poetry,preserve_rendered_tei_text,167788,,passed canonical TEI role audit,http://www.bibliotecaitaliana.it/scheda/bibit000958,c2347af151f51a4026e1d6672c7e671c59af6522653b432835a7eda3468c3dcf
bibit000551,Avemaria,Dolcibene de' Tori,historical_non_sonnet_poetry,historical_non_sonnet_poetry,activation_candidate,note_multilingual_metadata,activate_core,historical_non_sonnet_poetry,preserve_rendered_tei_text,8215,,passed canonical TEI role audit,http://www.bibliotecaitaliana.it/scheda/bibit000551,66a420215ba43d171ad6e79428d8654545e9545e1773ac7a01fa125543eb1cbd
bibit000628,Crudo mar,"Figari, Pompeo",historical_non_sonnet_poetry,historical_non_sonnet_poetry,activation_candidate,,activate_core,historical_non_sonnet_poetry,preserve_rendered_tei_text,1686,,passed canonical TEI role audit,http://www.bibliotecaitaliana.it/scheda/bibit000628,ea1b45eb7e93e0c77b8b4eada8952a374f71eed6b37cfb22909f3f553b826549
bibit001346,Esule dalle sfere,"Figari, Pompeo",historical_non_sonnet_poetry,historical_non_sonnet_poetry,activation_candidate,,activate_core,historical_non_sonnet_poetry,preserve_rendered_tei_text,4223,,passed canonical TEI role audit,http://www.bibliotecaitaliana.it/scheda/bibit001346,9aab1595684d28ead4739f6a17173c100f17efb11478a378b3c513fa1c4a35d4
bibit000272,Ode,"Fontanella, Girolamo",historical_non_sonnet_poetry,historical_non_sonnet_poetry,activation_candidate,,activate_core,historical_non_sonnet_poetry,preserve_rendered_tei_text,280832,,passed canonical TEI role audit,http://www.bibliotecaitaliana.it/scheda/bibit000272,f7898e2df4a679886cfcd5d4a371ca208191afedb6952410d89a75808918ee23
bibit001268,Laudes creaturarum,Francesco d'Assisi,historical_non_sonnet_poetry,historical_non_sonnet_poetry,activation_candidate,,activate_core,historical_non_sonnet_poetry,preserve_rendered_tei_text,1535,,passed canonical TEI role audit,http://www.bibliotecaitaliana.it/scheda/bibit001268,1c88e7663ed855270a40e8de39d63033354507d12a19053f43a6ffe09edf1802
bibit001447,Priapea,"Franco, Nicolò",historical_non_sonnet_poetry,historical_non_sonnet_poetry,activation_candidate,note_multilingual_metadata,activate_core,historical_non_sonnet_poetry,preserve_rendered_tei_text,11848,,passed canonical TEI role audit,http://www.bibliotecaitaliana.it/scheda/bibit001447,37453776cddaf14d2ff71234945a8b73df5945050a696e4c007a0bef2bc86bf8
bibit001653,Cerva Bianca,"Fregoso, Antonio Fileremo",historical_non_sonnet_poetry,historical_non_sonnet_poetry,activation_candidate,,activate_core,historical_non_sonnet_poetry,preserve_rendered_tei_text,153169,,passed canonical TEI role audit,http://www.bibliotecaitaliana.it/scheda/bibit001653,83a07c2be861b2bc61d3b7765b39d2d946aba161aa41552e13b49f71f780c330
bibit000888,Contenzione di Pluto e Iro,"Fregoso, Antonio Fileremo",historical_non_sonnet_poetry,historical_non_sonnet_poetry,activation_candidate,,activate_core,historical_non_sonnet_poetry,preserve_rendered_tei_text,12768,,passed canonical TEI role audit,http://www.bibliotecaitaliana.it/scheda/bibit000888,d4a92fa27316398c5fbc957745892fa7670ddccabc6bd9bf7196f51397037dcb
bibit000963,Dialogo de Fortuna,"Fregoso, Antonio Fileremo",historical_non_sonnet_poetry,historical_non_sonnet_poetry,activation_candidate,,activate_core,historical_non_sonnet_poetry,preserve_rendered_tei_text,60386,,passed canonical TEI role audit,http://www.bibliotecaitaliana.it/scheda/bibit000963,4f1503c5300d081157901d20282d2427acc351dde194b60d73687b294bafbb6c
bibit000977,Riso de Democrito e Pianto di Eraclito,"Fregoso, Antonio Fileremo",historical_non_sonnet_poetry,historical_non_sonnet_poetry,activation_candidate,,activate_core,historical_non_sonnet_poetry,preserve_rendered_tei_text,102496,,passed canonical TEI role audit,http://www.bibliotecaitaliana.it/scheda/bibit000977,9be42bed96bb2a7381762f2965a2d8b6faca1f04be88459837896b4cf10837cc
bibit001695,Silve,"Fregoso, Antonio Fileremo",historical_non_sonnet_poetry,historical_non_sonnet_poetry,activation_candidate,,activate_core,historical_non_sonnet_poetry,preserve_rendered_tei_text,156420,,passed canonical TEI role audit,http://www.bibliotecaitaliana.it/scheda/bibit001695,4df287a1a9dfbc9bc3b3199a79d48bf5fe1930665b5e1263ad840361e0e6f816
bibit000943,Ercole,"Giraldi Cinzio, Giambattista",historical_non_sonnet_poetry,historical_non_sonnet_poetry,activation_candidate,,activate_core,historical_non_sonnet_poetry,preserve_rendered_tei_text,960608,,passed canonical TEI role audit,http://www.bibliotecaitaliana.it/scheda/bibit000943,e06905cd53a3bc7d286c9a278e75d4c2997cae287cfb6bd7985ab02c0833ce98
bibit000981,Favola pastorale,"Giraldi Cinzio, Giambattista",historical_non_sonnet_poetry,historical_non_sonnet_poetry,activation_candidate,,activate_core,historical_non_sonnet_poetry,preserve_rendered_tei_text,18420,,passed canonical TEI role audit,http://www.bibliotecaitaliana.it/scheda/bibit000981,0e98ea09841b1a23b7a292b62f6f57b06d53907f3cf5eb81397a494219078713
bibit001481,Le fiamme,"Giraldi Cinzio, Giambattista",historical_non_sonnet_poetry,historical_non_sonnet_poetry,activation_candidate,,activate_core,historical_non_sonnet_poetry,preserve_rendered_tei_text,48721,,passed canonical TEI role audit,http://www.bibliotecaitaliana.it/scheda/bibit001481,0d12c371eb0562eff2a283c1f1baf45278076f877420cbf55289102859e3e3bf
bibit000453,La Legenda de Sancto Stady,"Grioni, Franceschino",historical_non_sonnet_poetry,historical_non_sonnet_poetry,activation_candidate,,activate_core,historical_non_sonnet_poetry,preserve_rendered_tei_text,137742,,passed canonical TEI role audit,http://www.bibliotecaitaliana.it/scheda/bibit000453,7a364fdef89dd84caba2d880233de3a18488147dee6aaa9ac1da301f049624a4
bibit000799,Il Pastor fido,"Guarini, Battista",historical_non_sonnet_poetry,historical_non_sonnet_poetry,activation_candidate,,activate_core,historical_non_sonnet_poetry,preserve_rendered_tei_text,223487,,passed canonical TEI role audit,http://www.bibliotecaitaliana.it/scheda/bibit000799,fa1c50cc1af23ee7a1bea9259fcd53bc92ae458e0e495036795c6c7fbb271759
bibit001521,Egloghe e prosa,"Guidalotti, Diomede",historical_non_sonnet_poetry,historical_non_sonnet_poetry,activation_candidate,,activate_core,historical_non_sonnet_poetry,preserve_rendered_tei_text,50211,,passed canonical TEI role audit,http://www.bibliotecaitaliana.it/scheda/bibit001521,c9d68c333cfa7a11dd0cafdd9af922ba13e6b6909dc2d53c8ed6e5426681e1a7
bibit000236,De la condizione di Venezia,"Guidi, Iacopo d'Albizzotto",historical_non_sonnet_poetry,historical_non_sonnet_poetry,review_required,note_multilingual_metadata;review_editorial_brackets,activate_core_with_bracket_cleanup,historical_non_sonnet_poetry,strip_editorial_square_delimiters_and_labels,174511,,retain supplied historical text while removing editorial bracket notation,http://www.bibliotecaitaliana.it/scheda/bibit000236,f707781bfd20c2a8f6e24f78ecbc36648384bf0f24f0080edaa5e6a16d90be0d
bibit000640,Laude,Iacopone da Todi,historical_non_sonnet_poetry,historical_non_sonnet_poetry,activation_candidate,note_multilingual_metadata,activate_core,historical_non_sonnet_poetry,preserve_rendered_tei_text,268291,,passed canonical TEI role audit,http://www.bibliotecaitaliana.it/scheda/bibit000640,d53f6495611847f147095dc7c8fc23b6f7504a541201a218bd9743b73ef92130
bibit000875,Proemi programmatici,"Landino, Cristoforo",historical_non_sonnet_poetry,historical_non_sonnet_poetry,activation_candidate,note_multilingual_metadata,activate_core,historical_non_sonnet_poetry,preserve_rendered_tei_text,276974,,passed canonical TEI role audit,http://www.bibliotecaitaliana.it/scheda/bibit000875,4c2ecf69b2f617e7a0c31a5675b240032c0e663234184636e92278dcbea003da
bibit000242,Leporeambi,"Leporeo, Ludovico",historical_non_sonnet_poetry,historical_non_sonnet_poetry,activation_candidate,,activate_core,historical_non_sonnet_poetry,preserve_rendered_tei_text,30013,,passed canonical TEI role audit,http://www.bibliotecaitaliana.it/scheda/bibit000242,70edf1ba1576d671012ec35c961b9ffa851574b48d968c040dadbb47164e6c18
bibit001186,Decennali,"Machiavelli, Niccolò",historical_non_sonnet_poetry,historical_non_sonnet_poetry,activation_candidate,note_multilingual_metadata,activate_core,historical_non_sonnet_poetry,preserve_rendered_tei_text,28042,,passed canonical TEI role audit,http://www.bibliotecaitaliana.it/scheda/bibit001186,519e1c8d51128ffada346b021860a7ba044de1c20bad1fba80f1bad8946cc73f
bibit001362,Petrarca spirituale,"Malipiero, Girolamo",historical_non_sonnet_poetry,historical_non_sonnet_poetry,activation_candidate,note_multilingual_metadata,activate_core,historical_non_sonnet_poetry,preserve_rendered_tei_text,112767,,passed canonical TEI role audit,http://www.bibliotecaitaliana.it/scheda/bibit001362,d1d917f72fa4103145c7937debe606341745ed5d30502ad8f18d17fc14a5a0db
bibit000567,"Spirto gentil, da quel bel grembo sciolto","Malpigli, Nicolò",historical_non_sonnet_poetry,historical_non_sonnet_poetry,activation_candidate,,activate_core,historical_non_sonnet_poetry,preserve_rendered_tei_text,5853,,passed canonical TEI role audit,http://www.bibliotecaitaliana.it/scheda/bibit000567,06f94da4ec53bdd74a9c3782dbfeebfd501553d2250f2d9bf8c7296319adbf7d
bibit000257,Versi d'amore,"Mantelli di Canobio, Giovanni de",historical_non_sonnet_poetry,historical_non_sonnet_poetry,review_required,note_multilingual_metadata;review_editorial_brackets,activate_core_with_bracket_cleanup,historical_non_sonnet_poetry,strip_editorial_square_delimiters_and_labels,179915,,retain supplied historical text while removing editorial bracket notation,http://www.bibliotecaitaliana.it/scheda/bibit000257,3929ce5540085f59e2668bf1201de824f936507e6fdd1d03fdef2e49fbc7d0df
bibit001540,Adone,"Marino, Giovambattista",historical_non_sonnet_poetry,historical_non_sonnet_poetry,activation_candidate,,activate_core,historical_non_sonnet_poetry,preserve_rendered_tei_text,1612072,,passed canonical TEI role audit,http://www.bibliotecaitaliana.it/scheda/bibit001540,95eb921c03cefde2f3635e456947eb2444dd3dd5d3c5e7d7f5895663e2c5b716
bibit000657,La galeria,"Marino, Giovambattista",historical_non_sonnet_poetry,historical_non_sonnet_poetry,activation_candidate,note_multilingual_metadata,activate_core,historical_non_sonnet_poetry,preserve_rendered_tei_text,208194,,passed canonical TEI role audit,http://www.bibliotecaitaliana.it/scheda/bibit000657,80508241790ae80f0a04eb6fb12150efc5a6c845bae5ce21371634304416ba33
bibit000341,La sampogna,"Marino, Giovambattista",historical_non_sonnet_poetry,historical_non_sonnet_poetry,activation_candidate,note_multilingual_metadata,activate_core,historical_non_sonnet_poetry,preserve_rendered_tei_text,324213,,passed canonical TEI role audit,http://www.bibliotecaitaliana.it/scheda/bibit000341,419eda22311758c05c1edaf045004c927a70f25d066ff5e7912055f1202f8af3
bibit001371,Il Pianto d'Aretusa,"Martirano, Bernardino",historical_non_sonnet_poetry,historical_non_sonnet_poetry,activation_candidate,,activate_core,historical_non_sonnet_poetry,preserve_rendered_tei_text,49676,,passed canonical TEI role audit,http://www.bibliotecaitaliana.it/scheda/bibit001371,c3d5e526b1dcf954014d7e127f77424f61486f3798f5ee3da04e77526ec9a4a7
bibit001216,Poemetti in ottava rima,"Medici, Lorenzo de'",historical_non_sonnet_poetry,historical_non_sonnet_poetry,activation_candidate,,activate_core,historical_non_sonnet_poetry,preserve_rendered_tei_text,97768,,passed canonical TEI role audit,http://www.bibliotecaitaliana.it/scheda/bibit001216,536cd275748dfe37ddf9aa0c2ed3b90eb502ffb679bfc8b89a14173529e95c57
bibit001557,Poemetti in terzine,"Medici, Lorenzo de'",historical_non_sonnet_poetry,historical_non_sonnet_poetry,activation_candidate,note_multilingual_metadata,activate_core,historical_non_sonnet_poetry,preserve_rendered_tei_text,112528,,passed canonical TEI role audit,http://www.bibliotecaitaliana.it/scheda/bibit001557,158f5c7ab11c09f7672faa78e63e0ccb25f135b722a8c279d2c34ccc7cf9c9e2
bibit000409,La clemenza di Tito,"Metastasio, Pietro",historical_non_sonnet_poetry,historical_non_sonnet_poetry,activation_candidate,,activate_core,historical_non_sonnet_poetry,preserve_rendered_tei_text,59545,,passed canonical TEI role audit,http://www.bibliotecaitaliana.it/scheda/bibit000409,af98b45fa1a402e91d736ae0f3cd38b9c3fcb434dacfe528426000695afde3e0
bibit000354,Cristo raffigurato nel sasso,"Monti, Vincenzo",historical_non_sonnet_poetry,historical_non_sonnet_poetry,activation_candidate,,activate_core,historical_non_sonnet_poetry,preserve_rendered_tei_text,4843,,passed canonical TEI role audit,http://www.bibliotecaitaliana.it/scheda/bibit000354,eed3029517cc500292fde81473723c4032c99d8e32c02da7e75ba57b8db6b2b9
bibit001638,Il pellegrino apostolico,"Monti, Vincenzo",historical_non_sonnet_poetry,historical_non_sonnet_poetry,activation_candidate,,activate_core,historical_non_sonnet_poetry,preserve_rendered_tei_text,17828,,passed canonical TEI role audit,http://www.bibliotecaitaliana.it/scheda/bibit001638,d4b73109866647b2e40cdd98a9b20a2edfeae427d165ae5cda623f02da35768f
bibit000414,In morte di Ugo di Bassville,"Monti, Vincenzo",historical_non_sonnet_poetry,historical_non_sonnet_poetry,activation_candidate,,activate_core,historical_non_sonnet_poetry,preserve_rendered_tei_text,47236,,passed canonical TEI role audit,http://www.bibliotecaitaliana.it/scheda/bibit000414,10ccbcc238c02f30d2fe0220fdfc22e118e3a6215da2133191f282b6ce32c3f0
bibit001062,La musogonia,"Monti, Vincenzo",historical_non_sonnet_poetry,historical_non_sonnet_poetry,activation_candidate,,activate_core,historical_non_sonnet_poetry,preserve_rendered_tei_text,22931,,passed canonical TEI role audit,http://www.bibliotecaitaliana.it/scheda/bibit001062,6966f4664f96cc55c9703597064671b922d770a6d66a8dfb4df43575d6ee3394
bibit001183,La visione d'Ezechiello,"Monti, Vincenzo",historical_non_sonnet_poetry,historical_non_sonnet_poetry,activation_candidate,note_multilingual_metadata,activate_core,historical_non_sonnet_poetry,preserve_rendered_tei_text,7950,,passed canonical TEI role audit,http://www.bibliotecaitaliana.it/scheda/bibit001183,ff7fafdbafe5f75852033d1b609b8f2d9241755c6bd04356dc6eb5a0149fa458
bibit000302,Pensieri d'amore,"Monti, Vincenzo",historical_non_sonnet_poetry,historical_non_sonnet_poetry,activation_candidate,,activate_core,historical_non_sonnet_poetry,preserve_rendered_tei_text,7844,,passed canonical TEI role audit,http://www.bibliotecaitaliana.it/scheda/bibit000302,ac5a1dc7c4115bb3d3db40b76dd2413c6f38bbabd3644c0d22eff7ac05bf709f
bibit000246,Per S. A. don Pietro Vigilio,"Monti, Vincenzo",historical_non_sonnet_poetry,historical_non_sonnet_poetry,activation_candidate,,activate_core,historical_non_sonnet_poetry,preserve_rendered_tei_text,10704,,passed canonical TEI role audit,http://www.bibliotecaitaliana.it/scheda/bibit000246,531036ab7d7b466c37eb0951853682fbcc938724cc87f6d4dbfd794988d99893
bibit001039,Per S. A. il barone Ludovico d'Erthal,"Monti, Vincenzo",historical_non_sonnet_poetry,historical_non_sonnet_poetry,activation_candidate,,activate_core,historical_non_sonnet_poetry,preserve_rendered_tei_text,7121,,passed canonical TEI role audit,http://www.bibliotecaitaliana.it/scheda/bibit001039,6f63ee0d942a747d278e07fcfa589cd4cf1bb4eb01e7dd5510fac6304d24eaec
bibit000474,Per la passione di Nostro Signore,"Monti, Vincenzo",historical_non_sonnet_poetry,historical_non_sonnet_poetry,activation_candidate,,activate_core,historical_non_sonnet_poetry,preserve_rendered_tei_text,4741,,passed canonical TEI role audit,http://www.bibliotecaitaliana.it/scheda/bibit000474,be97daa27c3580e54237edcb437af657be09559ca14ce718ec9850168e2f2e29
bibit001145,Per sua Em. Guido Calcagnini,"Monti, Vincenzo",historical_non_sonnet_poetry,historical_non_sonnet_poetry,activation_candidate,,activate_core,historical_non_sonnet_poetry,preserve_rendered_tei_text,13741,,passed canonical TEI role audit,http://www.bibliotecaitaliana.it/scheda/bibit001145,aa91b382633820b6110ed9ca968f77a0cdbae08794c635f19839fe6bb037f8a5
bibit001011,Prometeo,"Monti, Vincenzo",historical_non_sonnet_poetry,historical_non_sonnet_poetry,activation_candidate,,activate_core,historical_non_sonnet_poetry,preserve_rendered_tei_text,32230,,passed canonical TEI role audit,http://www.bibliotecaitaliana.it/scheda/bibit001011,471a987c46ea86f1f4b26507baa3d78a5c1db0cdf9bee71d2576a45310014af8
bibit000676,Traduzione dell'Iliade,"Monti, Vincenzo",historical_non_sonnet_poetry,historical_non_sonnet_poetry,activation_candidate,,activate_core,historical_non_sonnet_poetry,preserve_rendered_tei_text,728667,,passed canonical TEI role audit,http://www.bibliotecaitaliana.it/scheda/bibit000676,38eb7d76772e69cf0b05c157150b64f955a0f099750fed5b856ad8371f339a76
bibit001432,Amorosa opra,"Muzzarelli, Giovanni",historical_non_sonnet_poetry,historical_non_sonnet_poetry,activation_candidate,,activate_core,historical_non_sonnet_poetry,preserve_rendered_tei_text,123362,,passed canonical TEI role audit,http://www.bibliotecaitaliana.it/scheda/bibit001432,bfa6387b303ccf4c17af3f203674a45e998a644d0cd6f448b38979a9a5c1700c
bibit001630,Fabula di Narciso,"Muzzarelli, Giovanni",historical_non_sonnet_poetry,historical_non_sonnet_poetry,activation_candidate,,activate_core,historical_non_sonnet_poetry,preserve_rendered_tei_text,16642,,passed canonical TEI role audit,http://www.bibliotecaitaliana.it/scheda/bibit001630,e9b3ab23a08fcf85dbc6386575c48e57a449964be7c4cda27aca29becf8b625a
bibit000406,Epistole d'Ovidio,"Nannini, Remigio",historical_non_sonnet_poetry,historical_non_sonnet_poetry,activation_candidate,,activate_core,historical_non_sonnet_poetry,preserve_rendered_tei_text,324889,,passed canonical TEI role audit,http://www.bibliotecaitaliana.it/scheda/bibit000406,bb106bda8dbb8451fb107f28ef0923d4805dc131f6c8647f9ee041d44f66223b
bibit000845,Silva,Niccolò da Correggio,historical_non_sonnet_poetry,historical_non_sonnet_poetry,activation_candidate,,activate_core,historical_non_sonnet_poetry,preserve_rendered_tei_text,6444,,passed canonical TEI role audit,http://www.bibliotecaitaliana.it/scheda/bibit000845,2db12362c3ec2733c28213957a04d0bb2c36f6f9c285ee79cfe0e12fbab52264
bibit000507,Passion,Niccolò da Verona,historical_non_sonnet_poetry,historical_non_sonnet_poetry,activation_candidate,note_multilingual_metadata,activate_core,historical_non_sonnet_poetry,preserve_rendered_tei_text,43619,,passed canonical TEI role audit,http://www.bibliotecaitaliana.it/scheda/bibit000507,f628858d51876491d413f15db80200b060dd6bfbc53cc663ebd998cb4cd53f78
bibit000748,Ah! troppo è ver,Non definito,historical_non_sonnet_poetry,historical_non_sonnet_poetry,activation_candidate,,activate_core,historical_non_sonnet_poetry,preserve_rendered_tei_text,2444,,passed canonical TEI role audit,http://www.bibliotecaitaliana.it/scheda/bibit000748,c0eff3ff381667233cddc8264f6e7cef2be385cd8bc5b1974e2f2fd9803b18af
bibit001156,Ave Maria,Non definito,historical_non_sonnet_poetry,historical_non_sonnet_poetry,activation_candidate,note_multilingual_metadata,activate_core,historical_non_sonnet_poetry,preserve_rendered_tei_text,2761,,passed canonical TEI role audit,http://www.bibliotecaitaliana.it/scheda/bibit001156,27a474a71f934d96a05c8fafe55fc8c0520214a68d645ec480a043522218b96b
bibit000614,Canti Carnascialeschi del Rinascimento,Non definito,historical_non_sonnet_poetry,historical_non_sonnet_poetry,activation_candidate,note_multilingual_metadata,activate_core,historical_non_sonnet_poetry,preserve_rendered_tei_text,373662,,passed canonical TEI role audit,http://www.bibliotecaitaliana.it/scheda/bibit000614,18c17dcd0336a40b2298b94fef5ddbb3bd1f7f6486787a68ad0d2dd7db592883
bibit000909,Certame coronario,Non definito,historical_non_sonnet_poetry,historical_non_sonnet_poetry,activation_candidate,,activate_core,historical_non_sonnet_poetry,preserve_rendered_tei_text,85930,,passed canonical TEI role audit,http://www.bibliotecaitaliana.it/scheda/bibit000909,09ea2e394f815b3f9c04ba4334b0e57ac86e6222e1692688ce2e44ec1d80aa3a
bibit000447,Da cuspide ferrate,Non definito,historical_non_sonnet_poetry,historical_non_sonnet_poetry,activation_candidate,,activate_core,historical_non_sonnet_poetry,preserve_rendered_tei_text,669,,passed canonical TEI role audit,http://www.bibliotecaitaliana.it/scheda/bibit000447,8a2cc0fac94a3f2d1672e4f940fdbf91d586a754d49efbf547b4994fead55321
bibit000443,Disperata rimembranza,Non definito,historical_non_sonnet_poetry,historical_non_sonnet_poetry,activation_candidate,,activate_core,historical_non_sonnet_poetry,preserve_rendered_tei_text,1288,,passed canonical TEI role audit,http://www.bibliotecaitaliana.it/scheda/bibit000443,77f8de25339444cabceb0c7bc3e43d7a7a3d9b36e50bd76b1d7bfa394c11b7c7
bibit001660,"Forsennato pensier, che far poss'io",Non definito,historical_non_sonnet_poetry,historical_non_sonnet_poetry,activation_candidate,,activate_core,historical_non_sonnet_poetry,preserve_rendered_tei_text,715,,passed canonical TEI role audit,http://www.bibliotecaitaliana.it/scheda/bibit001660,08da2965c197991b43c102b7f4613701ef881ac152c8fb8f9ab6fb8baaeaf449
bibit000720,Già languiva la notte,Non definito,historical_non_sonnet_poetry,historical_non_sonnet_poetry,activation_candidate,,activate_core,historical_non_sonnet_poetry,preserve_rendered_tei_text,3144,,passed canonical TEI role audit,http://www.bibliotecaitaliana.it/scheda/bibit000720,b7f3c7c43f62fd4baf99840986078d1589f88dca9455766b4b4d57db099eda42
bibit001188,Guerra di Ferrara. (1482-1484),Non definito,historical_non_sonnet_poetry,historical_non_sonnet_poetry,activation_candidate,,activate_core,historical_non_sonnet_poetry,preserve_rendered_tei_text,22229,,passed canonical TEI role audit,http://www.bibliotecaitaliana.it/scheda/bibit001188,b379b93e487a8d2e2049611e8bcc51d86beab9b53a8592fe2b946ea1e5f4d74f
bibit000988,Historia nova della ruina de venetiani,Non definito,historical_non_sonnet_poetry,historical_non_sonnet_poetry,activation_candidate,note_multilingual_metadata,activate_core,historical_non_sonnet_poetry,preserve_rendered_tei_text,8744,,passed canonical TEI role audit,http://www.bibliotecaitaliana.it/scheda/bibit000988,fe36f9f0c35700afacdf8c651d193722342ce38a803136f62b40c08796a5b37b
bibit000838,Il barcheggio,Non definito,historical_non_sonnet_poetry,historical_non_sonnet_poetry,activation_candidate,,activate_core,historical_non_sonnet_poetry,preserve_rendered_tei_text,10290,,passed canonical TEI role audit,http://www.bibliotecaitaliana.it/scheda/bibit000838,c97c911a7d772e380f31a08780e37f55fc332338ab4574bec4fdd59ed81dac8b
bibit001682,Il più misero amante,Non definito,historical_non_sonnet_poetry,historical_non_sonnet_poetry,activation_candidate,,activate_core,historical_non_sonnet_poetry,preserve_rendered_tei_text,877,,passed canonical TEI role audit,http://www.bibliotecaitaliana.it/scheda/bibit001682,8567be7a8129e919e3443df5d4422576085fb48ef8aad3da7fba1c04db0fe758
bibit000510,L'avete fatta a me,Non definito,historical_non_sonnet_poetry,historical_non_sonnet_poetry,activation_candidate,,activate_core,historical_non_sonnet_poetry,preserve_rendered_tei_text,1041,,passed canonical TEI role audit,http://www.bibliotecaitaliana.it/scheda/bibit000510,1bec1861ab8684b853260c94ddd82048746feac087b22e3b8a50f3a73fd0f4a9
bibit000773,La Chanson de Roland (testo franco-italiano),Non definito,historical_non_sonnet_poetry,historical_non_sonnet_poetry,review_required,review_language_variety;note_multilingual_metadata,exclude_core_language_variety,excluded_language_variety_evidence,preserve_rendered_tei_text,0,,"dialect, vernacular, or mixed-language variety is not core standard Italian",http://www.bibliotecaitaliana.it/scheda/bibit000773,376784207438045ebcd15f8da9ab1d1bdf1c6fe85a8313eb0b52cda67e95a068
bibit000653,La Spagna,Non definito,historical_non_sonnet_poetry,historical_non_sonnet_poetry,activation_candidate,note_multilingual_metadata,activate_core,historical_non_sonnet_poetry,preserve_rendered_tei_text,525605,,passed canonical TEI role audit,http://www.bibliotecaitaliana.it/scheda/bibit000653,5b57d57567472c5bb028b3148eb6d11ddb818d9088fd9b22558810c5ad2c3dde
bibit001545,La persa e la rescossa de la bastia,Non definito,historical_non_sonnet_poetry,historical_non_sonnet_poetry,activation_candidate,note_multilingual_metadata,activate_core,historical_non_sonnet_poetry,preserve_rendered_tei_text,9700,,passed canonical TEI role audit,http://www.bibliotecaitaliana.it/scheda/bibit001545,a30ff71cdfe10102d02c96fd173c4464755309c72a6242a26cf6021347896aed
bibit000533,La rotta e presa fatta a bresa per li francesi,Non definito,historical_non_sonnet_poetry,historical_non_sonnet_poetry,activation_candidate,,activate_core,historical_non_sonnet_poetry,preserve_rendered_tei_text,10853,,passed canonical TEI role audit,http://www.bibliotecaitaliana.it/scheda/bibit000533,a49f11292049f79242655dc89ab94bc689d4677f14a27ed2c01bb0e90e1736bf
bibit001249,La vera nuova di Brescia,Non definito,historical_non_sonnet_poetry,historical_non_sonnet_poetry,activation_candidate,,activate_core,historical_non_sonnet_poetry,preserve_rendered_tei_text,6100,,passed canonical TEI role audit,http://www.bibliotecaitaliana.it/scheda/bibit001249,a22a70625c18c6ecddb87f1c8a41df017e77bc42fc82d5c54e7f35a84fbf9157
bibit001091,Noiosi pensieri,Non definito,historical_non_sonnet_poetry,historical_non_sonnet_poetry,activation_candidate,,activate_core,historical_non_sonnet_poetry,preserve_rendered_tei_text,1314,,passed canonical TEI role audit,http://www.bibliotecaitaliana.it/scheda/bibit001091,b051b49717024e5c807efdc00f246a35936d8e0c1da9c00eed11b4d845d54a02
bibit000704,Nuovi canti carnascialeschi del Rinascimento,Non definito,historical_non_sonnet_poetry,historical_non_sonnet_poetry,activation_candidate,note_multilingual_metadata,activate_core,historical_non_sonnet_poetry,preserve_rendered_tei_text,117330,,passed canonical TEI role audit,http://www.bibliotecaitaliana.it/scheda/bibit000704,186ea6979f2a4f4a662971eceb47c43cbad3846bdd77bac1d349742e97bd991c
bibit001009,"O mio cor, quanto t'inganni",Non definito,historical_non_sonnet_poetry,historical_non_sonnet_poetry,activation_candidate,,activate_core,historical_non_sonnet_poetry,preserve_rendered_tei_text,604,,passed canonical TEI role audit,http://www.bibliotecaitaliana.it/scheda/bibit001009,0583941faf1c283db54cc13449208e5be3c3252c8eb8c831b948a738bb5acc51
bibit000709,Poeti del Duecento,Non definito,historical_non_sonnet_poetry,historical_non_sonnet_poetry,review_required,note_multilingual_metadata;review_editorial_brackets,activate_core_with_bracket_cleanup,historical_non_sonnet_poetry,strip_editorial_square_delimiters_and_labels,780927,,retain supplied historical text while removing editorial bracket notation,http://www.bibliotecaitaliana.it/scheda/bibit000709,ebc45d2015e4f33a4ddfc333ddf933cbba817cd7f23fd30e642639eb79494950
bibit000762,Presso un rivo ch'avea,Non definito,historical_non_sonnet_poetry,historical_non_sonnet_poetry,activation_candidate,,activate_core,historical_non_sonnet_poetry,preserve_rendered_tei_text,945,,passed canonical TEI role audit,http://www.bibliotecaitaliana.it/scheda/bibit000762,de9d6eddf195f16bb4c6cd24dad310760691700d7320e225caff9fbee9155097
bibit000886,Quando stanco dal corso in grembo a Teti,Non definito,historical_non_sonnet_poetry,historical_non_sonnet_poetry,activation_candidate,,activate_core,historical_non_sonnet_poetry,preserve_rendered_tei_text,1910,,passed canonical TEI role audit,http://www.bibliotecaitaliana.it/scheda/bibit000886,47da766bff9aa310963470673b5fa484426aba624c9a27a1a75149fbd6e62ffd
bibit000298,Rainaldo e Lesengrino (versione dei Memoriali bolognesi),Non definito,historical_non_sonnet_poetry,historical_non_sonnet_poetry,review_required,review_language_variety,exclude_core_language_variety,excluded_language_variety_evidence,preserve_rendered_tei_text,0,,"dialect, vernacular, or mixed-language variety is not core standard Italian",http://www.bibliotecaitaliana.it/scheda/bibit000298,da73798cd13b25ccc4fcbaaac1bef021d618765eb7e6509389544a54b3e65733
bibit001381,Rainaldo e Lesengrino (versione di Oxford),Non definito,historical_non_sonnet_poetry,historical_non_sonnet_poetry,review_required,review_language_variety,exclude_core_language_variety,excluded_language_variety_evidence,preserve_rendered_tei_text,0,,"dialect, vernacular, or mixed-language variety is not core standard Italian",http://www.bibliotecaitaliana.it/scheda/bibit001381,ac0088e655b2c363b0eed2287976706db15daf561ba461e68be3815c91cb21c1
bibit001214,Rainaldo e Lesengrino (versione di Udine),Non definito,historical_non_sonnet_poetry,historical_non_sonnet_poetry,review_required,review_language_variety,exclude_core_language_variety,excluded_language_variety_evidence,preserve_rendered_tei_text,0,,"dialect, vernacular, or mixed-language variety is not core standard Italian",http://www.bibliotecaitaliana.it/scheda/bibit001214,1c73885caa80be059c249e47e61f95f48524867001eb2b85707a9aa9b3f6effc
bibit000631,Rimatori bolognesi del 300,Non definito,historical_non_sonnet_poetry,historical_non_sonnet_poetry,review_required,review_language_variety;note_multilingual_metadata,exclude_core_language_variety,excluded_language_variety_evidence,preserve_rendered_tei_text,0,,"dialect, vernacular, or mixed-language variety is not core standard Italian",http://www.bibliotecaitaliana.it/scheda/bibit000631,1ba12d0029b64667681ee5cd99dfbb62c104e3732ff07190b3975a6c8db7be9f
bibit000069,Rocta facta per Duca die ferrara ala bastia,Non definito,historical_non_sonnet_poetry,historical_non_sonnet_poetry,activation_candidate,,activate_core,historical_non_sonnet_poetry,preserve_rendered_tei_text,18094,,passed canonical TEI role audit,http://www.bibliotecaitaliana.it/scheda/bibit000069,c8c955bad3f72b862d3f8f49653a4a83b0f7682e9640f099c58e65a2d23af54d
bibit001322,S' apra al riso,Non definito,historical_non_sonnet_poetry,historical_non_sonnet_poetry,activation_candidate,,activate_core,historical_non_sonnet_poetry,preserve_rendered_tei_text,2505,,passed canonical TEI role audit,http://www.bibliotecaitaliana.it/scheda/bibit001322,8cc0e7397e36aef54f9b34ae5efc30d44f656dd59d12d46e954c191807698136
bibit001246,Se Nerone lo vuole,Non definito,historical_non_sonnet_poetry,historical_non_sonnet_poetry,activation_candidate,,activate_core,historical_non_sonnet_poetry,preserve_rendered_tei_text,1617,,passed canonical TEI role audit,http://www.bibliotecaitaliana.it/scheda/bibit001246,cdaad82cbb4c5b24f65a1aa6e1f525213bd37531bba6e5be910a793c6e47f020
bibit001093,Moro per amore,"Orsini, Flavio",historical_non_sonnet_poetry,historical_non_sonnet_poetry,activation_candidate,,activate_core,historical_non_sonnet_poetry,preserve_rendered_tei_text,39712,,passed canonical TEI role audit,http://www.bibliotecaitaliana.it/scheda/bibit001093,e9cb0b875c685e73ae031575599fd965a45d010f765507d5013c6cd222756569
bibit000967,Il primo libro dei madrigali,"Parabosco, Girolamo",historical_non_sonnet_poetry,historical_non_sonnet_poetry,activation_candidate,,activate_core,historical_non_sonnet_poetry,preserve_rendered_tei_text,22382,,passed canonical TEI role audit,http://www.bibliotecaitaliana.it/scheda/bibit000967,e8a8112b74df3aab5258625024380437b6fec67501e0441fd2b2548752dc3eeb
bibit000545,Il giorno (1 redazione),"Parini, Giuseppe",historical_non_sonnet_poetry,historical_non_sonnet_poetry,activation_candidate,note_multilingual_metadata,activate_core,historical_non_sonnet_poetry,preserve_rendered_tei_text,88266,,passed canonical TEI role audit,http://www.bibliotecaitaliana.it/scheda/bibit000545,cded67ea7b361c7a9ecb8cd329dc2e2c9e5c2db816d20728ef5a10e32b102c1c
bibit000449,Il giorno (2 redazione),"Parini, Giuseppe",historical_non_sonnet_poetry,historical_non_sonnet_poetry,activation_candidate,,activate_core,historical_non_sonnet_poetry,preserve_rendered_tei_text,124918,,passed canonical TEI role audit,http://www.bibliotecaitaliana.it/scheda/bibit000449,b7405ed1a00e801549bfe0b73b3dc2799ae4c00ac14ae76effa451381722c250
bibit001140,Odi,"Parini, Giuseppe",historical_non_sonnet_poetry,historical_non_sonnet_poetry,activation_candidate,,activate_core,historical_non_sonnet_poetry,preserve_rendered_tei_text,74839,,passed canonical TEI role audit,http://www.bibliotecaitaliana.it/scheda/bibit001140,a1f6b8e62201bc7300985a9b3f06d8afd80e7e907cd80dbaeba2ef5282b37a95
bibit001195,Già passati li miei teneri anni,"Pellegrini, Giacomo",historical_non_sonnet_poetry,historical_non_sonnet_poetry,activation_candidate,empty_or_too_short_after_sonnet_quarantine,exclude_empty_or_too_short,excluded,preserve_rendered_tei_text,0,,fewer than 200 routed characters remain after poem quarantine,http://www.bibliotecaitaliana.it/scheda/bibit001195,545d62b74c885dcdbfbd3839095d6a9e5fe9d2c4dd205c55df753378ed223625
bibit000262,Se stata fosse a ti toa fama rara,"Pellegrini, Giovanni",historical_non_sonnet_poetry,historical_non_sonnet_poetry,activation_candidate,,activate_core,historical_non_sonnet_poetry,preserve_rendered_tei_text,477,,passed canonical TEI role audit,http://www.bibliotecaitaliana.it/scheda/bibit000262,bb73e5a71d8aa954b05157fe43e115d1e321d301115b4c801b896165a37b0766
bibit000929,"Lamento facto per Zoane Peregrino da Ferrà scriptore, quando el Marchese Nicolò el fieze metere in Castel Vechio de Ferrà, al tenpo de Meser Ziliol in quelo inpresonato","Peregrino da Ferrara, Giovanni",historical_non_sonnet_poetry,historical_non_sonnet_poetry,activation_candidate,note_multilingual_metadata,activate_core,historical_non_sonnet_poetry,preserve_rendered_tei_text,11891,,passed canonical TEI role audit,http://www.bibliotecaitaliana.it/scheda/bibit000929,98c272a309fcc61ce6db63e27a597932af43a1438299ce9a8302bc9ceeb7c39a
bibit001257,Testi del Vat.lat. 3196,"Petrarca, Francesco",historical_non_sonnet_poetry,historical_non_sonnet_poetry,review_required,review_editorial_brackets,activate_core_with_bracket_cleanup,historical_non_sonnet_poetry,strip_editorial_square_delimiters_and_labels,36916,,retain supplied historical text while removing editorial bracket notation,http://www.bibliotecaitaliana.it/scheda/bibit001257,556b38b13c9c9136d9cc7237a8179c5a63a7475581ce3f93c159888fa5544f9d
bibit001318,Trionfi,"Petrarca, Francesco",historical_non_sonnet_poetry,historical_non_sonnet_poetry,activation_candidate,,activate_core,historical_non_sonnet_poetry,preserve_rendered_tei_text,87254,,passed canonical TEI role audit,http://www.bibliotecaitaliana.it/scheda/bibit001318,0b94c3a3e366a2b45121acceebb55d45675470cdb2fce54bb4ef6d8b733f835d
bibit000680,Carmina,"Pico della Mirandola, Giovanni",historical_non_sonnet_poetry,historical_non_sonnet_poetry,activation_candidate,,activate_core,historical_non_sonnet_poetry,preserve_rendered_tei_text,34774,,passed canonical TEI role audit,http://www.bibliotecaitaliana.it/scheda/bibit000680,0210d456d952a51124339f8c3aa76aa0e8c158788ed30ce29dacc4e83bc3fe61
bibit000887,Gli amori,"Pigna (Giovan Battista Nicolucci, detto il)",historical_non_sonnet_poetry,historical_non_sonnet_poetry,activation_candidate,,activate_core,historical_non_sonnet_poetry,preserve_rendered_tei_text,80083,,passed canonical TEI role audit,http://www.bibliotecaitaliana.it/scheda/bibit000887,e371d4749565de902ffedbc5e70f9dc8c229e340d710567010c61d965d68613c
bibit001552,Il ben divino,"Pigna (Giovan Battista Nicolucci, detto il)",historical_non_sonnet_poetry,historical_non_sonnet_poetry,activation_candidate,note_multilingual_metadata,activate_core,historical_non_sonnet_poetry,preserve_rendered_tei_text,100315,,passed canonical TEI role audit,http://www.bibliotecaitaliana.it/scheda/bibit001552,a30bd52cb9b0af1c5582e3781c0f530dcd696df925aa87cebfd52fafbc661615
bibit001466,Stanze per la giostra,"Poliziano, Angelo",historical_non_sonnet_poetry,historical_non_sonnet_poetry,activation_candidate,,activate_core,historical_non_sonnet_poetry,preserve_rendered_tei_text,53388,,passed canonical TEI role audit,http://www.bibliotecaitaliana.it/scheda/bibit001466,d86fc55e367d56668baebdee0316f0c5713014391aebeb26d8c33450b21dcbd3
bibit000363,Morgante,"Pulci, Luigi",historical_non_sonnet_poetry,historical_non_sonnet_poetry,activation_candidate,note_multilingual_metadata,activate_core,historical_non_sonnet_poetry,preserve_rendered_tei_text,1119922,,passed canonical TEI role audit,http://www.bibliotecaitaliana.it/scheda/bibit000363,6c90e5a5469a39dffacdca6549ae6331580ba1867865466bcd8966e01baec950
bibit000454,Opere minori,"Pulci, Luigi",historical_non_sonnet_poetry,historical_non_sonnet_poetry,activation_candidate,note_multilingual_metadata,activate_core,historical_non_sonnet_poetry,preserve_rendered_tei_text,30845,,passed canonical TEI role audit,http://www.bibliotecaitaliana.it/scheda/bibit000454,76c7ce46de113e30fcb0b6ddcb663b4ec9a145c2261c0e62499c5cc475fe6381
bibit001124,Poemetti in ottava rima,"Pulci, Luigi",historical_non_sonnet_poetry,historical_non_sonnet_poetry,activation_candidate,note_multilingual_metadata,activate_core,historical_non_sonnet_poetry,preserve_rendered_tei_text,56239,,passed canonical TEI role audit,http://www.bibliotecaitaliana.it/scheda/bibit001124,c56b72c12b475b438cb92f0c5be78a5af403d70717e96fe68d095663b063e900
bibit000916,Egloghe pescatorie,"Rota, Berardino",historical_non_sonnet_poetry,historical_non_sonnet_poetry,activation_candidate,,activate_core,historical_non_sonnet_poetry,preserve_rendered_tei_text,85292,,passed canonical TEI role audit,http://www.bibliotecaitaliana.it/scheda/bibit000916,6f6ea7a177f3cbe93eb289d81ee8f6a3a97401a9c845b8e73c4adcaef3cb6b1c
bibit001688,Non perch'io sia bastante a dechiararte,"Sanguinacci, Iacopo",historical_non_sonnet_poetry,historical_non_sonnet_poetry,activation_candidate,,activate_core,historical_non_sonnet_poetry,preserve_rendered_tei_text,5258,,passed canonical TEI role audit,http://www.bibliotecaitaliana.it/scheda/bibit001688,8efa6be84d728fe4713544d3cc1a2a792fc89e43cd87febbd17caa031dfa222b
bibit001185,Arcadia,"Sannazaro, Iacopo",historical_non_sonnet_poetry,historical_non_sonnet_poetry,activation_candidate,,activate_core,historical_non_sonnet_poetry,preserve_rendered_tei_text,220320,,passed canonical TEI role audit,http://www.bibliotecaitaliana.it/scheda/bibit001185,aff7aa8cd7af186bdafb9df33cbcb31d10a9f4312cb77997b31fdfd27ceee08b
bibit000573,Cantici di Fidenzio,"Scroffa, Camillo",historical_non_sonnet_poetry,historical_non_sonnet_poetry,activation_candidate,,activate_core,historical_non_sonnet_poetry,preserve_rendered_tei_text,17136,,passed canonical TEI role audit,http://www.bibliotecaitaliana.it/scheda/bibit000573,d4c86dc8c85f2de5d54ffdf5e1d653d681e8b3ac6964e21b477783bb3f9b0ce0
bibit001475,Rappresentazione Allegorica,Serafino Aquilano,historical_non_sonnet_poetry,historical_non_sonnet_poetry,activation_candidate,,activate_core,historical_non_sonnet_poetry,preserve_rendered_tei_text,8242,,passed canonical TEI role audit,http://www.bibliotecaitaliana.it/scheda/bibit001475,24a8983b5cc40eda94bd4e2b870e5989205a62dd23ee58c710ddd239f9c45e5b
bibit000444,Strambotti,Serafino Aquilano,historical_non_sonnet_poetry,historical_non_sonnet_poetry,activation_candidate,,activate_core,historical_non_sonnet_poetry,preserve_rendered_tei_text,180973,,passed canonical TEI role audit,http://www.bibliotecaitaliana.it/scheda/bibit000444,9ce184e34f40503f07aa55596e75cb08f8eacb5443e06199d8d58c02acc13e00
bibit000898,La Tiorba a Taccone,"Sgruttendio, Filippo",historical_non_sonnet_poetry,historical_non_sonnet_poetry,review_required,review_language_variety,exclude_core_language_variety,excluded_language_variety_evidence,preserve_rendered_tei_text,0,,"dialect, vernacular, or mixed-language variety is not core standard Italian",http://www.bibliotecaitaliana.it/scheda/bibit000898,928fab97b3dd6d968ba4ca9473e1a2759a47c0539b4003eb13d987bba6fdb9e8
bibit000672,Madrigali,"Strozzi, Giovan Battista, il Giovane",historical_non_sonnet_poetry,historical_non_sonnet_poetry,activation_candidate,,activate_core,historical_non_sonnet_poetry,preserve_rendered_tei_text,84559,,passed canonical TEI role audit,http://www.bibliotecaitaliana.it/scheda/bibit000672,85abfa062dca35d09e816e1eec43e0928172029df84de7e854155af3ba759312
bibit001603,Madrigali inediti,"Strozzi, Giovan Battista, il Vecchio",historical_non_sonnet_poetry,historical_non_sonnet_poetry,activation_candidate,,activate_core,historical_non_sonnet_poetry,preserve_rendered_tei_text,117197,,passed canonical TEI role audit,http://www.bibliotecaitaliana.it/scheda/bibit001603,03fe5155973d2ae16b7c082eb928e82d0f5ff61d7eb889343b6c2bac4afc026e
bibit001584,L'egloga e i poemetti,"Tansillo, Luigi",historical_non_sonnet_poetry,historical_non_sonnet_poetry,activation_candidate,,activate_core,historical_non_sonnet_poetry,preserve_rendered_tei_text,221028,,passed canonical TEI role audit,http://www.bibliotecaitaliana.it/scheda/bibit001584,17851c01b6ec032fca17e84be6bbcd19da131e36ab9ae66f6b5e556a910af5c9
bibit001377,Ode,"Tasso, Bernardo",historical_non_sonnet_poetry,historical_non_sonnet_poetry,activation_candidate,,activate_core,historical_non_sonnet_poetry,preserve_rendered_tei_text,122934,,passed canonical TEI role audit,http://www.bibliotecaitaliana.it/scheda/bibit001377,2a91261016adda0036fe204e46216b74e9ff37c15d205ffb7be065aae3ed4d94
bibit000683,Salmi,"Tasso, Bernardo",historical_non_sonnet_poetry,historical_non_sonnet_poetry,activation_candidate,,activate_core,historical_non_sonnet_poetry,preserve_rendered_tei_text,44227,,passed canonical TEI role audit,http://www.bibliotecaitaliana.it/scheda/bibit000683,57c5d6c943c891a8157a5c1feb57eec1ce9e72e28afa76801bdd1835f55abbfe
bibit000558,Conclusioni amorose,"Tasso, Torquato",historical_non_sonnet_poetry,historical_non_sonnet_poetry,activation_candidate,,activate_core,historical_non_sonnet_poetry,preserve_rendered_tei_text,6549,,passed canonical TEI role audit,http://www.bibliotecaitaliana.it/scheda/bibit000558,3d672254dd95b9d329de0788c0b3ac124a8c4cce2168af1bb2e63b427cd2e9e2
bibit001026,Ecloghe,"Tasso, Torquato",historical_non_sonnet_poetry,historical_non_sonnet_poetry,activation_candidate,,activate_core,historical_non_sonnet_poetry,preserve_rendered_tei_text,28519,,passed canonical TEI role audit,http://www.bibliotecaitaliana.it/scheda/bibit001026,0418c01d1fa08adf27b1501b76e86bb531cc79f1a674bdfede745faa7fe77558
bibit000702,Estratti dalla Poetica di Lodovico Castelvetro,"Tasso, Torquato",historical_non_sonnet_poetry,historical_non_sonnet_poetry,activation_candidate,,activate_core,historical_non_sonnet_poetry,preserve_rendered_tei_text,25239,,passed canonical TEI role audit,http://www.bibliotecaitaliana.it/scheda/bibit000702,28d965da1549365f6637307a89fd674d176ba263b913bd7bab88ec36c257dcbe
bibit000126,Genealogia della Serenissima casa Gonzaga,"Tasso, Torquato",historical_non_sonnet_poetry,historical_non_sonnet_poetry,activation_candidate,,activate_core,historical_non_sonnet_poetry,preserve_rendered_tei_text,38156,,passed canonical TEI role audit,http://www.bibliotecaitaliana.it/scheda/bibit000126,f5ced710cc91726c07677b1c19b9f30fe73412ee194c848a2bd9ed17e0582941
bibit000260,Gerusalemme conquistata,"Tasso, Torquato",historical_non_sonnet_poetry,historical_non_sonnet_poetry,activation_candidate,,activate_core,historical_non_sonnet_poetry,preserve_rendered_tei_text,856262,,passed canonical TEI role audit,http://www.bibliotecaitaliana.it/scheda/bibit000260,c21b4a8e8bca52edaf7de38149ef6bcd7e2140c23bfe6942a2ded431ada9298e
bibit001501,Gerusalemme liberata,"Tasso, Torquato",historical_non_sonnet_poetry,historical_non_sonnet_poetry,activation_candidate,,activate_core,historical_non_sonnet_poetry,preserve_rendered_tei_text,600229,,passed canonical TEI role audit,http://www.bibliotecaitaliana.it/scheda/bibit001501,bdda0da3e54295ba634ae4ea4a6d9fb379836ecd8a44eaa02135ea6f87b98ee4
bibit000169,Il Gierusalemme,"Tasso, Torquato",historical_non_sonnet_poetry,historical_non_sonnet_poetry,activation_candidate,,activate_core,historical_non_sonnet_poetry,preserve_rendered_tei_text,37552,,passed canonical TEI role audit,http://www.bibliotecaitaliana.it/scheda/bibit000169,827e38a887a3cfc5a983250e55e1f164dbbfcaf8c06236a771049bbfb7e63632
bibit001455,Il mondo creato,"Tasso, Torquato",historical_non_sonnet_poetry,historical_non_sonnet_poetry,activation_candidate,,activate_core,historical_non_sonnet_poetry,preserve_rendered_tei_text,331684,,passed canonical TEI role audit,http://www.bibliotecaitaliana.it/scheda/bibit001455,b6569c8582ab6b9578f034f8139dc64b9cecba36b32022d46990889b7006e1c0
bibit000829,Il monte Oliveto,"Tasso, Torquato",historical_non_sonnet_poetry,historical_non_sonnet_poetry,activation_candidate,,activate_core,historical_non_sonnet_poetry,preserve_rendered_tei_text,32258,,passed canonical TEI role audit,http://www.bibliotecaitaliana.it/scheda/bibit000829,f2d59a19323c0e0473d45684d9cbb23cb6dd2a6940d7cbc2112e9670300d7b59
bibit001449,Il secretario,"Tasso, Torquato",historical_non_sonnet_poetry,historical_non_sonnet_poetry,activation_candidate,,activate_core,historical_non_sonnet_poetry,preserve_rendered_tei_text,46727,,passed canonical TEI role audit,http://www.bibliotecaitaliana.it/scheda/bibit001449,c4b1e72c469451eb45eda574ec7bbc55d971c4bca6ebee1c5cb842c0356938cf
bibit001226,La vita di san Benedetto,"Tasso, Torquato",historical_non_sonnet_poetry,historical_non_sonnet_poetry,activation_candidate,,activate_core,historical_non_sonnet_poetry,preserve_rendered_tei_text,2142,,passed canonical TEI role audit,http://www.bibliotecaitaliana.it/scheda/bibit001226,b84094281b80ce0bed99696ec0aa269f76c89f07b800af07a0158bb7fe0d83ac
bibit001522,Le lagrime della beata Vergine,"Tasso, Torquato",historical_non_sonnet_poetry,historical_non_sonnet_poetry,activation_candidate,,activate_core,historical_non_sonnet_poetry,preserve_rendered_tei_text,7978,,passed canonical TEI role audit,http://www.bibliotecaitaliana.it/scheda/bibit001522,3886b25d7305e8cd4df6213a68a6b127731e7cab5f7f01e1039a9e95bad71ed2
bibit000528,Le lagrime di Cristo,"Tasso, Torquato",historical_non_sonnet_poetry,historical_non_sonnet_poetry,activation_candidate,,activate_core,historical_non_sonnet_poetry,preserve_rendered_tei_text,6484,,passed canonical TEI role audit,http://www.bibliotecaitaliana.it/scheda/bibit000528,707e03812c1e990f53104fd7b801a0e7776a87359cfc744e791d815de8ad7fc3
bibit001468,Ottave estravaganti della Gerusalemme liberata,"Tasso, Torquato",historical_non_sonnet_poetry,historical_non_sonnet_poetry,activation_candidate,,activate_core,historical_non_sonnet_poetry,preserve_rendered_tei_text,26057,,passed canonical TEI role audit,http://www.bibliotecaitaliana.it/scheda/bibit001468,c9596ed79f24280d974098e587fa49cb18d98d313c3cb87204f872f64da3ded3
bibit000970,Rinaldo,"Tasso, Torquato",historical_non_sonnet_poetry,historical_non_sonnet_poetry,activation_candidate,,activate_core,historical_non_sonnet_poetry,preserve_rendered_tei_text,296750,,passed canonical TEI role audit,http://www.bibliotecaitaliana.it/scheda/bibit000970,5b9fa9fa1bace1053a3246172d691a395d78955c10b2a029445244473c90d33e
bibit001526,Rogo amoroso,"Tasso, Torquato",historical_non_sonnet_poetry,historical_non_sonnet_poetry,activation_candidate,,activate_core,historical_non_sonnet_poetry,preserve_rendered_tei_text,24894,,passed canonical TEI role audit,http://www.bibliotecaitaliana.it/scheda/bibit001526,2e4b0fa92e7031e4559fd5c6df6bf9e1d7a4bb9bf96de657703dc7d8d145a0a2
bibit000835,Sonetto del signor Torquato Tasso al cavaliere Ercole Cato con la interpretazione e comento del medesimo autore,"Tasso, Torquato",historical_non_sonnet_poetry,historical_non_sonnet_poetry,activation_candidate,,activate_core,historical_non_sonnet_poetry,preserve_rendered_tei_text,18108,,passed canonical TEI role audit,http://www.bibliotecaitaliana.it/scheda/bibit000835,5babcd4143061ce1480c4ab1175852265e696c0e2937ce29cc9b9b2ef1766a44
bibit001101,Stanze aggiunte al Floridante,"Tasso, Torquato",historical_non_sonnet_poetry,historical_non_sonnet_poetry,activation_candidate,,activate_core,historical_non_sonnet_poetry,preserve_rendered_tei_text,13164,,passed canonical TEI role audit,http://www.bibliotecaitaliana.it/scheda/bibit001101,e225607c32d28af46e791532b4caa3d115e4148656b66d5efae24d67a786321a
bibit001643,Stanze della Gelosia,"Tasso, Torquato",historical_non_sonnet_poetry,historical_non_sonnet_poetry,activation_candidate,note_multilingual_metadata,activate_core,historical_non_sonnet_poetry,preserve_rendered_tei_text,29903,,passed canonical TEI role audit,http://www.bibliotecaitaliana.it/scheda/bibit001643,cac5b3865d259af0e1c4d7e70cf04a375f15fddf3ed768ae3be5dabd28c697c1
bibit000540,Varianti della Gerusalemme Liberata,"Tasso, Torquato",historical_non_sonnet_poetry,historical_non_sonnet_poetry,activation_candidate,,activate_core,historical_non_sonnet_poetry,preserve_rendered_tei_text,105302,,passed canonical TEI role audit,http://www.bibliotecaitaliana.it/scheda/bibit000540,1ff4f652e63b757462d72c733b4a0bd8432f018fa4bb8f6b9714d926fb438008
bibit001613,La secchia rapita,"Tassoni, Alessandro",historical_non_sonnet_poetry,historical_non_sonnet_poetry,activation_candidate,,activate_core,historical_non_sonnet_poetry,preserve_rendered_tei_text,261859,,passed canonical TEI role audit,http://www.bibliotecaitaliana.it/scheda/bibit001613,c531b8a9da74251d63502feaef622d6a0f66cbe08c53eb71d18f857d5d60d26e
bibit001577,La Sereide,"Tesauro, Alessandro",historical_non_sonnet_poetry,historical_non_sonnet_poetry,activation_candidate,,activate_core,historical_non_sonnet_poetry,preserve_rendered_tei_text,133601,,passed canonical TEI role audit,http://www.bibliotecaitaliana.it/scheda/bibit001577,eda1a25018323a4e1fb6f4807b68ab0bb9e4d9dfef4797288c4d3431284fd82f
bibit001420,L'Italia liberata dai Goti,"Trissino, Gian Giorgio",historical_non_sonnet_poetry,historical_non_sonnet_poetry,activation_candidate,,activate_core,historical_non_sonnet_poetry,preserve_rendered_tei_text,1054545,,passed canonical TEI role audit,http://www.bibliotecaitaliana.it/scheda/bibit001420,ecfa426cf85381a968fcce8b401366c06360ed114ec1bbd766879a8a3506b25e
bibit001659,Opere volgari,"Valenziano, Luca",historical_non_sonnet_poetry,historical_non_sonnet_poetry,activation_candidate,,activate_core,historical_non_sonnet_poetry,preserve_rendered_tei_text,111274,,passed canonical TEI role audit,http://www.bibliotecaitaliana.it/scheda/bibit001659,6a53a17a9a418d9ebabe9735f68e85d716520095b19e7d5574b806e0756be7d2
bibit000541,Selva,"Vendramin, Giovanni",historical_non_sonnet_poetry,historical_non_sonnet_poetry,activation_candidate,,activate_core,historical_non_sonnet_poetry,preserve_rendered_tei_text,14638,,passed canonical TEI role audit,http://www.bibliotecaitaliana.it/scheda/bibit000541,a57890525f691bfbc67a87a07a89f9658b2a803113ff6c45872d9242f4ecfbd5
bibit001399,De nativitate Christi,"Vigri, Caterina",historical_non_sonnet_poetry,historical_non_sonnet_poetry,activation_candidate,note_multilingual_metadata,activate_core,historical_non_sonnet_poetry,preserve_rendered_tei_text,684,,passed canonical TEI role audit,http://www.bibliotecaitaliana.it/scheda/bibit001399,267da8353bb8fe4592fb417b77f6186e5824aea144e54f70a99a6555f3e69210
bibit000730,Proemio all'Archivio glottologico italiano,"Ascoli, Graziadio Isaia",nineteenth_century_bridge,nineteenth_century_bridge,activation_candidate,note_multilingual_metadata,activate_core,nineteenth_century_bridge,preserve_rendered_tei_text,71919,,passed canonical TEI role audit,http://www.bibliotecaitaliana.it/scheda/bibit000730,d013c0cfb09bc80dd462448ea8858fb64e3ba62015b7127ee6c4244d4e02aaaa
bibit000218,Della Monarchia rappresentativa in Italia,"Balbo, Cesare",nineteenth_century_bridge,nineteenth_century_bridge,activation_candidate,note_multilingual_metadata,activate_core,nineteenth_century_bridge,preserve_rendered_tei_text,853440,,passed canonical TEI role audit,http://www.bibliotecaitaliana.it/scheda/bibit000218,c6bbea70dc285b1da821f9b26d8c546b895dde68c766b3f128643d818301af30
bibit000562,Della Politica nella presente civiltà. Abbozzi.,"Balbo, Cesare",nineteenth_century_bridge,nineteenth_century_bridge,activation_candidate,note_multilingual_metadata,activate_core,nineteenth_century_bridge,preserve_rendered_tei_text,213062,,passed canonical TEI role audit,http://www.bibliotecaitaliana.it/scheda/bibit000562,83babe958ece70ae48ab72e07db29f6715b4c001245407bd133890efaa13c244
bibit001479,Delle Speranze d'Italia,"Balbo, Cesare",nineteenth_century_bridge,nineteenth_century_bridge,activation_candidate,note_multilingual_metadata,activate_core,nineteenth_century_bridge,preserve_rendered_tei_text,507128,,passed canonical TEI role audit,http://www.bibliotecaitaliana.it/scheda/bibit001479,f4ff65db15ff44c7b19b4ebbafa797944742a0732cd9e9ea69fcd8e6e7eb4de0
bibit000032,Dei delitti e delle pene,"Beccaria, Cesare",nineteenth_century_bridge,nineteenth_century_bridge,activation_candidate,,activate_core,nineteenth_century_bridge,preserve_rendered_tei_text,163322,,passed canonical TEI role audit,http://www.bibliotecaitaliana.it/scheda/bibit000032,1d7040328bce5ba89710b0bc6cbb52bc1e5f2050231bd38db7035f3100b3e2a7
bibit001623,Senso. Nuove storielle vane,"Boito, Camillo",nineteenth_century_bridge,nineteenth_century_bridge,activation_candidate,note_multilingual_metadata,activate_core,nineteenth_century_bridge,preserve_rendered_tei_text,353185,,passed canonical TEI role audit,http://www.bibliotecaitaliana.it/scheda/bibit001623,44786231c9a512054e04cc5ea04df556673b6b5de16ff44aed910195a15e7099
bibit000175,I partiti anarchici in Italia,"Bonghi, Ruggero",nineteenth_century_bridge,nineteenth_century_bridge,activation_candidate,note_multilingual_metadata,activate_core,nineteenth_century_bridge,preserve_rendered_tei_text,139725,,passed canonical TEI role audit,http://www.bibliotecaitaliana.it/scheda/bibit000175,719ab561fd3564a2d346aedb63367e99059aeb49479618a00eb1fb6f0442461d
bibit001121,Della canzone di Legnano,"Carducci, Giosue",nineteenth_century_bridge,nineteenth_century_bridge,activation_candidate,,activate_core,nineteenth_century_bridge,preserve_rendered_tei_text,5022,,passed canonical TEI role audit,http://www.bibliotecaitaliana.it/scheda/bibit001121,f11c7dde84146cea928c08c98e7bcb342137e167572f2981ec94467c1977b90b
bibit000132,Giambi ed Epodi,"Carducci, Giosue",nineteenth_century_bridge,nineteenth_century_bridge,activation_candidate,note_multilingual_metadata,activate_core,nineteenth_century_bridge,preserve_rendered_tei_text,63079,,passed canonical TEI role audit,http://www.bibliotecaitaliana.it/scheda/bibit000132,f71d38787c32e4c55e567cc98f7557416a1f9c0d289f133bba820e23e591987a
bibit001443,Inno a Satana,"Carducci, Giosue",nineteenth_century_bridge,nineteenth_century_bridge,activation_candidate,,activate_core,nineteenth_century_bridge,preserve_rendered_tei_text,3511,,passed canonical TEI role audit,http://www.bibliotecaitaliana.it/scheda/bibit001443,d6ba8de120ecc1760d4468c064dcb57be94cd5c6dcadda691f82310d128a4621
bibit001676,Intermezzo,"Carducci, Giosue",nineteenth_century_bridge,nineteenth_century_bridge,activation_candidate,note_multilingual_metadata,activate_core,nineteenth_century_bridge,preserve_rendered_tei_text,12192,,passed canonical TEI role audit,http://www.bibliotecaitaliana.it/scheda/bibit001676,128ed4b24aaf4d71a9caeca7c11cd0c87d463de6b16e8254dbfe1287dabe57eb
bibit001325,Juvenilia,"Carducci, Giosue",nineteenth_century_bridge,nineteenth_century_bridge,activation_candidate,note_multilingual_metadata,activate_core,nineteenth_century_bridge,preserve_rendered_tei_text,100134,,passed canonical TEI role audit,http://www.bibliotecaitaliana.it/scheda/bibit001325,d2e7f03bda2b528702ea9e7d771c2ab91bb65b201bac85b4cc10a44f733d7169
bibit000759,Levia Gravia,"Carducci, Giosue",nineteenth_century_bridge,nineteenth_century_bridge,activation_candidate,,activate_core,nineteenth_century_bridge,preserve_rendered_tei_text,53184,,passed canonical TEI role audit,http://www.bibliotecaitaliana.it/scheda/bibit000759,b0a102783dc75b3f8760f97af033b5511a2fb350541f7e9fe83e97465ff917f6
bibit000131,Odi barbare,"Carducci, Giosue",nineteenth_century_bridge,nineteenth_century_bridge,activation_candidate,note_multilingual_metadata,activate_core,nineteenth_century_bridge,preserve_rendered_tei_text,76876,,passed canonical TEI role audit,http://www.bibliotecaitaliana.it/scheda/bibit000131,41d96c1de07fa670b8be9d98b2509f1e277b017520c76c54274f7fac69a735e3
bibit001148,Una lezione accademica sulla pena di morte,"Carmignani, Giovanni",nineteenth_century_bridge,nineteenth_century_bridge,activation_candidate,note_multilingual_metadata,activate_core,nineteenth_century_bridge,preserve_rendered_tei_text,87634,,passed canonical TEI role audit,http://www.bibliotecaitaliana.it/scheda/bibit001148,a47b357111a7cb94ec506bab7db1a16c3eeb565de2241005744d0a97e27622b6
bibit000688,La politica di Tommaso Campanella,"Cattaneo, Carlo",nineteenth_century_bridge,nineteenth_century_bridge,activation_candidate,note_multilingual_metadata,activate_core,nineteenth_century_bridge,preserve_rendered_tei_text,86342,,passed canonical TEI role audit,http://www.bibliotecaitaliana.it/scheda/bibit000688,da0408372dbeec289e0d73c7fa9fccb02f7b2656ecdb6d9d29a91189aeac86e0
bibit000644,Logica,"Cattaneo, Carlo",nineteenth_century_bridge,nineteenth_century_bridge,activation_candidate,note_multilingual_metadata,activate_core,nineteenth_century_bridge,preserve_rendered_tei_text,169325,,passed canonical TEI role audit,http://www.bibliotecaitaliana.it/scheda/bibit000644,04aedab94252d586c72cbcefa1f9427559fe6bb35a6b0d7177670289d96b5b4c
bibit000655,Psicologia delle menti associate,"Cattaneo, Carlo",nineteenth_century_bridge,nineteenth_century_bridge,activation_candidate,note_multilingual_metadata,activate_core,nineteenth_century_bridge,preserve_rendered_tei_text,109095,,passed canonical TEI role audit,http://www.bibliotecaitaliana.it/scheda/bibit000655,056ca605dd504e7fb2ea31af3a0fbcb307bb048f18d454ff3baa32505fde11d5
bibit001136,Su la Scienza Nuova di Vico,"Cattaneo, Carlo",nineteenth_century_bridge,nineteenth_century_bridge,activation_candidate,note_multilingual_metadata,activate_core,nineteenth_century_bridge,preserve_rendered_tei_text,74454,,passed canonical TEI role audit,http://www.bibliotecaitaliana.it/scheda/bibit001136,cffd713371c859f466faa78a6b8bcfbfc804acae705e4ea5b1aa0c731e210938
bibit001474,Dissertazione sullo stato presente della lingua italiana,"Cesari, Antonio",nineteenth_century_bridge,nineteenth_century_bridge,activation_candidate,note_multilingual_metadata,activate_core,nineteenth_century_bridge,preserve_rendered_tei_text,138629,,passed canonical TEI role audit,http://www.bibliotecaitaliana.it/scheda/bibit001474,f6898ec9ceb317f75903dba97e314c8e770287b90e12ede2e0ca0e7e9fb6ee29
bibit000139,Le avventure di Pinocchio,"Collodi, Carlo",nineteenth_century_bridge,nineteenth_century_bridge,activation_candidate,,activate_core,nineteenth_century_bridge,preserve_rendered_tei_text,239854,,passed canonical TEI role audit,http://www.bibliotecaitaliana.it/scheda/bibit000139,b0b6456ca5074f0d66f0035046ce4dcb56c371d1b1adb6d8932782dfe692c22e
bibit000490,Memorie,"Da Ponte, Lorenzo",nineteenth_century_bridge,nineteenth_century_bridge,activation_candidate,note_multilingual_metadata,activate_core,nineteenth_century_bridge,preserve_rendered_tei_text,809737,,passed canonical TEI role audit,http://www.bibliotecaitaliana.it/scheda/bibit000490,180ac0612be8aeae99136b2eb381647f2d28697cd44673e3c630da89740b8329
bibit001508,Cuore,"De Amicis, Edmondo",nineteenth_century_bridge,nineteenth_century_bridge,activation_candidate,note_multilingual_metadata,activate_core,nineteenth_century_bridge,preserve_rendered_tei_text,485172,,passed canonical TEI role audit,http://www.bibliotecaitaliana.it/scheda/bibit001508,cbb2e82d5e03eaa8481d69577dd2052a5297651315c26103b47d2058b339fb20
bibit000949,Storia della letteratura italiana,"De Sanctis, Francesco",nineteenth_century_bridge,nineteenth_century_bridge,activation_candidate,note_multilingual_metadata,activate_core,nineteenth_century_bridge,preserve_rendered_tei_text,1661172,,passed canonical TEI role audit,http://www.bibliotecaitaliana.it/scheda/bibit000949,4fc3aac87d95ac2f03ca3020f97707f19a9cfb34e7af8de8f84e99ebf6916dc2
bibit001046,Della costruzione e del regolamento di una pubblica universale biblioteca.,"Della Santa, Leopoldo",nineteenth_century_bridge,nineteenth_century_bridge,activation_candidate,,activate_core,nineteenth_century_bridge,preserve_rendered_tei_text,95232,,passed canonical TEI role audit,http://www.bibliotecaitaliana.it/scheda/bibit001046,74c1e28b3128dd97bb3b46110cf9d26b31ddf127c76be38455443401dbaa523c
bibit001588,Della scienza bibliografica dei requisiti di un bibliotecario di sue attribuzioni e doveri tanto nella parte scientifica che nella pratica,"Faccio, Domenico",nineteenth_century_bridge,nineteenth_century_bridge,activation_candidate,note_multilingual_metadata,activate_core,nineteenth_century_bridge,preserve_rendered_tei_text,135606,,passed canonical TEI role audit,http://www.bibliotecaitaliana.it/scheda/bibit001588,08e18abb0f37393a63416b92ebaf02f133fc337d84ef5005f8036d1d1def6c3a
bibit001005,Filosofia della rivoluzione,"Ferrari, Giuseppe",nineteenth_century_bridge,nineteenth_century_bridge,activation_candidate,note_multilingual_metadata,activate_core,nineteenth_century_bridge,preserve_rendered_tei_text,1124114,,passed canonical TEI role audit,http://www.bibliotecaitaliana.it/scheda/bibit001005,9c68affe68c1e93d48cd79378a3c582844c8970235b69435c00530714f83a999
bibit001373,Daniele Cortis,"Fogazzaro, Antonio",nineteenth_century_bridge,nineteenth_century_bridge,activation_candidate,,activate_core,nineteenth_century_bridge,preserve_rendered_tei_text,571327,,passed canonical TEI role audit,http://www.bibliotecaitaliana.it/scheda/bibit001373,2fa58da6b5231061e344ad844a885e6cad91e7f2cd35c131c5c138645b7fa146
bibit000184,Piccolo mondo moderno,"Fogazzaro, Antonio",nineteenth_century_bridge,nineteenth_century_bridge,activation_candidate,,activate_core,nineteenth_century_bridge,preserve_rendered_tei_text,556618,,passed canonical TEI role audit,http://www.bibliotecaitaliana.it/scheda/bibit000184,2e5672b0d7436173abac1c2d0d1a90c9a9e93c17eab0f13a9df6c635c073d804
bibit000815,A Bonaparte: dedica dell'oda,"Foscolo, Ugo",nineteenth_century_bridge,nineteenth_century_bridge,activation_candidate,,activate_core,nineteenth_century_bridge,preserve_rendered_tei_text,2919,,passed canonical TEI role audit,http://www.bibliotecaitaliana.it/scheda/bibit000815,86f0b43d84582994e458746bc1bace674e0a46bda2368fd5ee267f3e2cc735d1
bibit000455,Ajace,"Foscolo, Ugo",nineteenth_century_bridge,nineteenth_century_bridge,activation_candidate,note_multilingual_metadata,activate_core,nineteenth_century_bridge,preserve_rendered_tei_text,79075,,passed canonical TEI role audit,http://www.bibliotecaitaliana.it/scheda/bibit000455,9003e48896254eb032b2fdb5a439367a9748179af7a9e09fd555c5b2bb7a8a2f
bibit001403,Annotazione a Bonaparte liberatore oda,"Foscolo, Ugo",nineteenth_century_bridge,nineteenth_century_bridge,activation_candidate,,activate_core,nineteenth_century_bridge,preserve_rendered_tei_text,921,,passed canonical TEI role audit,http://www.bibliotecaitaliana.it/scheda/bibit001403,3ea0ac0e5aabe51fcabcc7a15c7556a962cedf47006143b328dfce1af00514f6
bibit001387,Commentari della Storia di Napoli,"Foscolo, Ugo",nineteenth_century_bridge,nineteenth_century_bridge,activation_candidate,,activate_core,nineteenth_century_bridge,preserve_rendered_tei_text,41036,,passed canonical TEI role audit,http://www.bibliotecaitaliana.it/scheda/bibit001387,6c75643be0fa94113425acf7156e208111a703e00dee4fe790ba759275b4b5e3
bibit000326,Commentario della battaglia di Marengo,"Foscolo, Ugo",nineteenth_century_bridge,nineteenth_century_bridge,activation_candidate,,activate_core,nineteenth_century_bridge,preserve_rendered_tei_text,47383,,passed canonical TEI role audit,http://www.bibliotecaitaliana.it/scheda/bibit000326,91413b44c65ad0511bce9eee2ab1de4254cf1029c3b087698bf720adc5d201e1
bibit000758,Degli effetti della fame,"Foscolo, Ugo",nineteenth_century_bridge,nineteenth_century_bridge,activation_candidate,,activate_core,nineteenth_century_bridge,preserve_rendered_tei_text,32905,,passed canonical TEI role audit,http://www.bibliotecaitaliana.it/scheda/bibit000758,437a0530d1a9ab362216383b0a8e77b5d334f2e1ff6145e32d98a8d4c9895ac8
bibit000186,Dei Sepolcri,"Foscolo, Ugo",nineteenth_century_bridge,nineteenth_century_bridge,activation_candidate,,activate_core,nineteenth_century_bridge,preserve_rendered_tei_text,10786,,passed canonical TEI role audit,http://www.bibliotecaitaliana.it/scheda/bibit000186,76aeb32d76e653eb2bde0528ec8a161a129ce9f73942da238eb25d383fa77ebf
bibit000729,Dell'origine e dell'ufficio della letteratura,"Foscolo, Ugo",nineteenth_century_bridge,nineteenth_century_bridge,activation_candidate,,activate_core,nineteenth_century_bridge,preserve_rendered_tei_text,66806,,passed canonical TEI role audit,http://www.bibliotecaitaliana.it/scheda/bibit000729,86b8bbb5aae7dabc16f8fe94335f4e7949ad2ad5c62c8012dadcff2ee0d6c2ab
bibit000375,Della morale letteraria,"Foscolo, Ugo",nineteenth_century_bridge,nineteenth_century_bridge,activation_candidate,,activate_core,nineteenth_century_bridge,preserve_rendered_tei_text,135315,,passed canonical TEI role audit,http://www.bibliotecaitaliana.it/scheda/bibit000375,08a5c80421b8f64cb8a904721f05dad203832c2cd846351853e6cc8ee5848f88
bibit001668,Della nuova scuola drammatica italiana,"Foscolo, Ugo",nineteenth_century_bridge,nineteenth_century_bridge,review_required,review_editorial_brackets,activate_core_with_bracket_cleanup,nineteenth_century_bridge,strip_editorial_square_delimiters_and_labels,99083,,retain supplied historical text while removing editorial bracket notation,http://www.bibliotecaitaliana.it/scheda/bibit001668,c1cce0e68084c24cf2070a5a0d14d96a90d1af9e8d1774f991fd7c0fcf99f4d1
bibit001100,Della poesia lirica,"Foscolo, Ugo",nineteenth_century_bridge,nineteenth_century_bridge,activation_candidate,,activate_core,nineteenth_century_bridge,preserve_rendered_tei_text,11024,,passed canonical TEI role audit,http://www.bibliotecaitaliana.it/scheda/bibit001100,2869b9345abedff502c9921496152434eaebadcd9a5a407baa0d00ceb7276e70
bibit001000,Della servitù dell'Italia,"Foscolo, Ugo",nineteenth_century_bridge,nineteenth_century_bridge,activation_candidate,note_multilingual_metadata,activate_core,nineteenth_century_bridge,preserve_rendered_tei_text,372205,,passed canonical TEI role audit,http://www.bibliotecaitaliana.it/scheda/bibit001000,a542cedb0de3f7a9eaf1a253409480e015f2673ada49030dbcee303892c76cdd
bibit000203,Dello scopo di Gregorio VII,"Foscolo, Ugo",nineteenth_century_bridge,nineteenth_century_bridge,activation_candidate,,activate_core,nineteenth_century_bridge,preserve_rendered_tei_text,42078,,passed canonical TEI role audit,http://www.bibliotecaitaliana.it/scheda/bibit000203,dca4bc81017d3c0725be446c5364f1cb7e2a786082b7879dd1181e665b684f89
bibit001027,Difesa del Generale Viani,"Foscolo, Ugo",nineteenth_century_bridge,nineteenth_century_bridge,activation_candidate,,activate_core,nineteenth_century_bridge,preserve_rendered_tei_text,27219,,passed canonical TEI role audit,http://www.bibliotecaitaliana.it/scheda/bibit001027,89f620cb4a49120034eea30b28286f2a9d0295d3087e495f3da5f397ff4ba665
bibit001076,Difesa del sergente Armani,"Foscolo, Ugo",nineteenth_century_bridge,nineteenth_century_bridge,activation_candidate,,activate_core,nineteenth_century_bridge,preserve_rendered_tei_text,23144,,passed canonical TEI role audit,http://www.bibliotecaitaliana.it/scheda/bibit001076,755f1c72269debe7d76fa971cf53a101a36d8abd220dd6598d91f5c2d2c1d9df
bibit001015,Difesa di Melchiorre Gioia,"Foscolo, Ugo",nineteenth_century_bridge,nineteenth_century_bridge,activation_candidate,,activate_core,nineteenth_century_bridge,preserve_rendered_tei_text,3193,,passed canonical TEI role audit,http://www.bibliotecaitaliana.it/scheda/bibit001015,0ddfc64ab8dfbd789447e3001cbaf684a6f98ef7a8c7272ea4e0c8841962c75f
bibit000060,Discorsi sopra gli uomini illustri di Plutarco,"Foscolo, Ugo",nineteenth_century_bridge,nineteenth_century_bridge,activation_candidate,,activate_core,nineteenth_century_bridge,preserve_rendered_tei_text,1789,,passed canonical TEI role audit,http://www.bibliotecaitaliana.it/scheda/bibit000060,7376322417324eec0987e368edb99b9070b7cc902c9b597622614b1587754bef
bibit001004,Discorso su la Italia,"Foscolo, Ugo",nineteenth_century_bridge,nineteenth_century_bridge,activation_candidate,,activate_core,nineteenth_century_bridge,preserve_rendered_tei_text,6422,,passed canonical TEI role audit,http://www.bibliotecaitaliana.it/scheda/bibit001004,d7b2ff8d2ea4f38c77543c76bd37d5c011299499d95f05b5616094855bf2e38b
bibit001500,Discorso sul testo della Commedia,"Foscolo, Ugo",nineteenth_century_bridge,nineteenth_century_bridge,activation_candidate,,activate_core,nineteenth_century_bridge,preserve_rendered_tei_text,597505,,passed canonical TEI role audit,http://www.bibliotecaitaliana.it/scheda/bibit001500,35701b7f8fdf8e2e401f5499efa660d5a792d768def600efb3a5eee473d66b19
bibit000764,Edippo,"Foscolo, Ugo",nineteenth_century_bridge,nineteenth_century_bridge,activation_candidate,,activate_core,nineteenth_century_bridge,preserve_rendered_tei_text,51077,,passed canonical TEI role audit,http://www.bibliotecaitaliana.it/scheda/bibit000764,af4eec0aed9b1b3de63ca481b514b3918ec41944878db46b558b2fc5504d881f
bibit000281,Epistolario (1794-1804),"Foscolo, Ugo",nineteenth_century_bridge,nineteenth_century_bridge,activation_candidate,,activate_core,nineteenth_century_bridge,preserve_rendered_tei_text,512945,,passed canonical TEI role audit,http://www.bibliotecaitaliana.it/scheda/bibit000281,ac60fae4bbe7a51a91f768645a15fc71edec9a0ade32d065efbcdb6208236862
bibit001330,Epistolario (1804-1808),"Foscolo, Ugo",nineteenth_century_bridge,nineteenth_century_bridge,review_required,review_editorial_brackets,activate_core_with_bracket_cleanup,nineteenth_century_bridge,strip_editorial_square_delimiters_and_labels,783363,,retain supplied historical text while removing editorial bracket notation,http://www.bibliotecaitaliana.it/scheda/bibit001330,58ad404ba209f94f0d50f3319bb2c53cd987b6a59263f26a8f7b8715f29e8c1c
bibit001505,Epistolario (1809-1811),"Foscolo, Ugo",nineteenth_century_bridge,nineteenth_century_bridge,activation_candidate,,activate_core,nineteenth_century_bridge,preserve_rendered_tei_text,834336,,passed canonical TEI role audit,http://www.bibliotecaitaliana.it/scheda/bibit001505,2aa1d670658d4c456c032212ded5db08bf4223791279adfb39e8a6f0b9fe2caa
bibit001295,Epistolario (1812-1813),"Foscolo, Ugo",nineteenth_century_bridge,nineteenth_century_bridge,review_required,review_editorial_brackets,activate_core_with_bracket_cleanup,nineteenth_century_bridge,strip_editorial_square_delimiters_and_labels,724394,,retain supplied historical text while removing editorial bracket notation,http://www.bibliotecaitaliana.it/scheda/bibit001295,49ec2f8121974e83a1bac4a865d4d9bef8e7db934fe1298433794626f514294b
bibit001084,Epistolario (1814-1815),"Foscolo, Ugo",nineteenth_century_bridge,nineteenth_century_bridge,review_required,review_editorial_brackets,activate_core_with_bracket_cleanup,nineteenth_century_bridge,strip_editorial_square_delimiters_and_labels,652575,,retain supplied historical text while removing editorial bracket notation,http://www.bibliotecaitaliana.it/scheda/bibit001084,6e5dc70eece29bcf736a4c4f752021356f3a54e7873bbb98a465835afc5d3f38
bibit000457,Epistolario (1815-1816),"Foscolo, Ugo",nineteenth_century_bridge,nineteenth_century_bridge,review_required,review_editorial_brackets,activate_core_with_bracket_cleanup,nineteenth_century_bridge,strip_editorial_square_delimiters_and_labels,934651,,retain supplied historical text while removing editorial bracket notation,http://www.bibliotecaitaliana.it/scheda/bibit000457,d2b53ffff70a19b750f0f06a84637119261329deb19a4a2c43f4fd165bebb89c
bibit000196,Epistolario (1816-1818),"Foscolo, Ugo",nineteenth_century_bridge,nineteenth_century_bridge,review_required,review_editorial_brackets,activate_core_with_bracket_cleanup,nineteenth_century_bridge,strip_editorial_square_delimiters_and_labels,757585,,retain supplied historical text while removing editorial bracket notation,http://www.bibliotecaitaliana.it/scheda/bibit000196,727a56d77f2df68f2ce513c4277fbe1cc8a1fd779e91dfec81ae7d156bef0cf7
bibit000399,Epistolario (1819-1821),"Foscolo, Ugo",nineteenth_century_bridge,nineteenth_century_bridge,review_required,review_editorial_brackets,activate_core_with_bracket_cleanup,nineteenth_century_bridge,strip_editorial_square_delimiters_and_labels,696438,,retain supplied historical text while removing editorial bracket notation,http://www.bibliotecaitaliana.it/scheda/bibit000399,0689e07b8290005607860bae1381786ed123919b25e7d4f3f882441ea3b013ef
bibit001293,Epistolario (1820-1827),"Foscolo, Ugo",nineteenth_century_bridge,nineteenth_century_bridge,activation_candidate,,activate_core,nineteenth_century_bridge,preserve_rendered_tei_text,789806,,passed canonical TEI role audit,http://www.bibliotecaitaliana.it/scheda/bibit001293,f8efdc1c0cb794448d679787dece733d425866f9bdb3cf4ae6dd1ad70e00dc09
bibit001206,Epistolario (1822-1824),"Foscolo, Ugo",nineteenth_century_bridge,nineteenth_century_bridge,review_required,review_editorial_brackets,activate_core_with_bracket_cleanup,nineteenth_century_bridge,strip_editorial_square_delimiters_and_labels,885207,,retain supplied historical text while removing editorial bracket notation,http://www.bibliotecaitaliana.it/scheda/bibit001206,14f92d65c4289f8b0c1b7530abfc16e8f242a35fbefe22875ed120fc97eed509
bibit001411,Epoche della lingua italiana,"Foscolo, Ugo",nineteenth_century_bridge,nineteenth_century_bridge,review_required,review_editorial_brackets,activate_core_with_bracket_cleanup,nineteenth_century_bridge,strip_editorial_square_delimiters_and_labels,494545,,retain supplied historical text while removing editorial bracket notation,http://www.bibliotecaitaliana.it/scheda/bibit001411,9bd2056ac572a702fb6e562de53b89565c0f84b08eb92ad657434f07bc9ad797
bibit001151,Esame su le accuse contro Vincenzo Monti,"Foscolo, Ugo",nineteenth_century_bridge,nineteenth_century_bridge,activation_candidate,,activate_core,nineteenth_century_bridge,preserve_rendered_tei_text,23459,,passed canonical TEI role audit,http://www.bibliotecaitaliana.it/scheda/bibit001151,1e45b25561aec728bd67e9b1e18621b9aa4f0972fae95729f3b2b85caf2eacc4
bibit00332,Esperimento di traduzione dell'Iliade di Omero,"Foscolo, Ugo",nineteenth_century_bridge,,error,fetch_or_parse_error,exclude_empty_or_unavailable,excluded,preserve_rendered_tei_text,0,,ValueError: archive returned empty TEI under catalog and padded identifiers,http://www.bibliotecaitaliana.it/scheda/bibit00332,
bibit000597,Esperimento sopra i principi della letteratura,"Foscolo, Ugo",nineteenth_century_bridge,nineteenth_century_bridge,activation_candidate,,activate_core,nineteenth_century_bridge,preserve_rendered_tei_text,8375,,passed canonical TEI role audit,http://www.bibliotecaitaliana.it/scheda/bibit000597,09b0e2d7a39a0d19a1a941890dba4159b888f3ce21317a38eef90b0c2e0b6d01
bibit000926,In difesa del Generale Pino,"Foscolo, Ugo",nineteenth_century_bridge,nineteenth_century_bridge,activation_candidate,,activate_core,nineteenth_century_bridge,preserve_rendered_tei_text,4178,,passed canonical TEI role audit,http://www.bibliotecaitaliana.it/scheda/bibit000926,e6f8c879356d83c665a67d66a176b1ac7ff02e4e25bb5a49b5ff4772380a2d71
bibit000841,In difesa dell'orazione inaugurale,"Foscolo, Ugo",nineteenth_century_bridge,nineteenth_century_bridge,activation_candidate,,activate_core,nineteenth_century_bridge,preserve_rendered_tei_text,17518,,passed canonical TEI role audit,http://www.bibliotecaitaliana.it/scheda/bibit000841,ab5b0f8a9c3819d2ee5953bf5b761ebb51662bcb8e3a0518161ccb74e6cb1c42
bibit001288,Intorno ad un elogio funebre di Pietro Teuilié,"Foscolo, Ugo",nineteenth_century_bridge,nineteenth_century_bridge,activation_candidate,,activate_core,nineteenth_century_bridge,preserve_rendered_tei_text,12729,,passed canonical TEI role audit,http://www.bibliotecaitaliana.it/scheda/bibit001288,68771f7605ff2e037fd61baf2e3277cf0d06a52d786282bb2abca746d0623fe0
bibit000872,La chioma di Berenice,"Foscolo, Ugo",nineteenth_century_bridge,nineteenth_century_bridge,review_required,review_editorial_brackets,activate_core_with_bracket_cleanup,nineteenth_century_bridge,strip_editorial_square_delimiters_and_labels,301878,,retain supplied historical text while removing editorial bracket notation,http://www.bibliotecaitaliana.it/scheda/bibit000872,cbca4fb5904b7cd2f334c79b3d00dcc8685495b4d743555fb241dcee38051ac1
bibit000187,Le Grazie,"Foscolo, Ugo",nineteenth_century_bridge,nineteenth_century_bridge,review_required,note_multilingual_metadata;review_editorial_brackets,activate_core_with_bracket_cleanup,nineteenth_century_bridge,strip_editorial_square_delimiters_and_labels,51013,,retain supplied historical text while removing editorial bracket notation,http://www.bibliotecaitaliana.it/scheda/bibit000187,a107ef7f1596d03010da5e4f679b76332038e86bd286447065c9f47d3893e221
bibit001144,Le donne italiane,"Foscolo, Ugo",nineteenth_century_bridge,nineteenth_century_bridge,activation_candidate,,activate_core,nineteenth_century_bridge,preserve_rendered_tei_text,106034,,passed canonical TEI role audit,http://www.bibliotecaitaliana.it/scheda/bibit001144,faf27f6a71eb96a0a0e3801806b18438c26d036bcf7b77a49f152ad9761b4638
bibit001328,Lettera a Monsieur Guillon,"Foscolo, Ugo",nineteenth_century_bridge,nineteenth_century_bridge,activation_candidate,,activate_core,nineteenth_century_bridge,preserve_rendered_tei_text,22983,,passed canonical TEI role audit,http://www.bibliotecaitaliana.it/scheda/bibit001328,0e290eed8a15d9b3cc0391825fe4f67c8d22dcb9529853778b9d7663abae8c57
bibit000222,Lettera apologetica,"Foscolo, Ugo",nineteenth_century_bridge,nineteenth_century_bridge,activation_candidate,,activate_core,nineteenth_century_bridge,preserve_rendered_tei_text,226825,,passed canonical TEI role audit,http://www.bibliotecaitaliana.it/scheda/bibit000222,043481adad79d9c696dd7b2c427554cbba2baa383dd70c955f7d3acc2cb77a21
bibit001197,Lettere scritte dall'Inghilterra,"Foscolo, Ugo",nineteenth_century_bridge,nineteenth_century_bridge,activation_candidate,,activate_core,nineteenth_century_bridge,preserve_rendered_tei_text,103653,,passed canonical TEI role audit,http://www.bibliotecaitaliana.it/scheda/bibit001197,849f27d0f72457934609320f65aa6c65943a6fb127090cbbacb1290506da8bd4
bibit001115,Lezioni pavesi su la letteratura e la lingua,"Foscolo, Ugo",nineteenth_century_bridge,nineteenth_century_bridge,activation_candidate,,activate_core,nineteenth_century_bridge,preserve_rendered_tei_text,62575,,passed canonical TEI role audit,http://www.bibliotecaitaliana.it/scheda/bibit001115,10b830c745ac7ec9737ef433ccbe7530d79370cadec015000780e00d92d5c3f4
bibit001252,Memoria intorno ai Druidi,"Foscolo, Ugo",nineteenth_century_bridge,nineteenth_century_bridge,activation_candidate,,activate_core,nineteenth_century_bridge,preserve_rendered_tei_text,63768,,passed canonical TEI role audit,http://www.bibliotecaitaliana.it/scheda/bibit001252,baf39b5e7db23d63458209fc5690e500281dbc2cfeebdf311dd397ba1d588835
bibit000297,Nel Circolo Costituzionale di Milano,"Foscolo, Ugo",nineteenth_century_bridge,nineteenth_century_bridge,activation_candidate,,activate_core,nineteenth_century_bridge,preserve_rendered_tei_text,3650,,passed canonical TEI role audit,http://www.bibliotecaitaliana.it/scheda/bibit000297,d76f07ad27634d942fb7781f9b361513238bfbe6fd733a309e15dd1f8e405f77
bibit000451,Notizia intorno a Didimo Chierico,"Foscolo, Ugo",nineteenth_century_bridge,nineteenth_century_bridge,activation_candidate,,activate_core,nineteenth_century_bridge,preserve_rendered_tei_text,19728,,passed canonical TEI role audit,http://www.bibliotecaitaliana.it/scheda/bibit000451,24b469a9546025d5857e321b3375e5aaee3e1460a3e1e18db7b1025636f2ac6d
bibit001637,Opere di Raimondo Montecuccoli,"Foscolo, Ugo",nineteenth_century_bridge,nineteenth_century_bridge,activation_candidate,,activate_core,nineteenth_century_bridge,preserve_rendered_tei_text,188912,,passed canonical TEI role audit,http://www.bibliotecaitaliana.it/scheda/bibit001637,1d397a7121b3cf1813df02172e6311eb20158dd16ae93a95c3be23f2164399f6
bibit001370,Orazione a Bonaparte pel Congresso di Lione,"Foscolo, Ugo",nineteenth_century_bridge,nineteenth_century_bridge,activation_candidate,,activate_core,nineteenth_century_bridge,preserve_rendered_tei_text,52884,,passed canonical TEI role audit,http://www.bibliotecaitaliana.it/scheda/bibit001370,3207a234d5b0a4f45a0762cdf222fad5f08706c449fb4087fe133ba37e66960a
bibit001071,Osservazioni sul poema del Bardo,"Foscolo, Ugo",nineteenth_century_bridge,nineteenth_century_bridge,activation_candidate,,activate_core,nineteenth_century_bridge,preserve_rendered_tei_text,23084,,passed canonical TEI role audit,http://www.bibliotecaitaliana.it/scheda/bibit001071,be8d4b0e4bd79fcaad6b7c73769ef49050786e8615dbdd2a88f2cb2bb900d0bb
bibit000639,Pagine d'arte sparse originali e tradotte,"Foscolo, Ugo",nineteenth_century_bridge,nineteenth_century_bridge,activation_candidate,,activate_core,nineteenth_century_bridge,preserve_rendered_tei_text,5696,,passed canonical TEI role audit,http://www.bibliotecaitaliana.it/scheda/bibit000639,6cb78f5640b6d02c23f8ec39ac4513367ad5bf8f6b8c8f66f7e1c08ad8a5b2ba
bibit000147,Parere su l'ufficio degl'Ispettori degli studi,"Foscolo, Ugo",nineteenth_century_bridge,nineteenth_century_bridge,activation_candidate,,activate_core,nineteenth_century_bridge,preserve_rendered_tei_text,12050,,passed canonical TEI role audit,http://www.bibliotecaitaliana.it/scheda/bibit000147,ab7bb0052a53e685f53119a802bed70ed837fa24c59ee1dddcbd2ba3240125f1
bibit000670,Per il progetto di un codice militare disciplinare,"Foscolo, Ugo",nineteenth_century_bridge,nineteenth_century_bridge,activation_candidate,,activate_core,nineteenth_century_bridge,preserve_rendered_tei_text,8518,,passed canonical TEI role audit,http://www.bibliotecaitaliana.it/scheda/bibit000670,9041cf03af58e7831b87b6a2bb78d7e1fc20e49d85c582db3316f02e1ff0a056
bibit000353,Per la istituzione d'un teatro civico,"Foscolo, Ugo",nineteenth_century_bridge,nineteenth_century_bridge,activation_candidate,,activate_core,nineteenth_century_bridge,preserve_rendered_tei_text,2228,,passed canonical TEI role audit,http://www.bibliotecaitaliana.it/scheda/bibit000353,b69272b3f1273265fa94917a1b7f15f179c4ff3b8b3f3409a0264f539ca418cf
bibit001487,Ragguaglio d'un'adunanza dell'Accademia de'  Pitagorici (e testi correlati),"Foscolo, Ugo",nineteenth_century_bridge,nineteenth_century_bridge,activation_candidate,,activate_core,nineteenth_century_bridge,preserve_rendered_tei_text,122329,,passed canonical TEI role audit,http://www.bibliotecaitaliana.it/scheda/bibit001487,d91f1629285a2f1735159525346811110a7d4b31d77f9c6437da6c74bf13f671
bibit001198,Saggio di novelle,"Foscolo, Ugo",nineteenth_century_bridge,nineteenth_century_bridge,activation_candidate,,activate_core,nineteenth_century_bridge,preserve_rendered_tei_text,6200,,passed canonical TEI role audit,http://www.bibliotecaitaliana.it/scheda/bibit001198,ae06fa0dcba27dcf98979f5db34e997d5bc716fd82999b5b7626ac5eb007dbde
bibit000165,Scritti sul Boccaccio,"Foscolo, Ugo",nineteenth_century_bridge,nineteenth_century_bridge,activation_candidate,,activate_core,nineteenth_century_bridge,preserve_rendered_tei_text,171600,,passed canonical TEI role audit,http://www.bibliotecaitaliana.it/scheda/bibit000165,2456e47bd9438c4fa86f210427e5269a76f6a2788cf7e2c56540ce2c4998be40
bibit000287,Scritti sulle Isole Ionie,"Foscolo, Ugo",nineteenth_century_bridge,nineteenth_century_bridge,activation_candidate,,activate_core,nineteenth_century_bridge,preserve_rendered_tei_text,113076,,passed canonical TEI role audit,http://www.bibliotecaitaliana.it/scheda/bibit000287,f3dbccbed4991c402c0bbcf979890dcefc069bcee877c056ddfdefa2126c1536
bibit000421,Sesto tomo dell'io,"Foscolo, Ugo",nineteenth_century_bridge,nineteenth_century_bridge,activation_candidate,,activate_core,nineteenth_century_bridge,preserve_rendered_tei_text,16058,,passed canonical TEI role audit,http://www.bibliotecaitaliana.it/scheda/bibit000421,75a8c095b487f8a3e79674f3646bdc61c4847cdca7ce1b402984af8d12f4a424
bibit001527,Sul nuovo Teatro di Como,"Foscolo, Ugo",nineteenth_century_bridge,nineteenth_century_bridge,activation_candidate,,activate_core,nineteenth_century_bridge,preserve_rendered_tei_text,9827,,passed canonical TEI role audit,http://www.bibliotecaitaliana.it/scheda/bibit001527,ffb883578fb69871b4f1246e1119075caf2f66192c52f38a23f6865332835bd7
bibit001703,Sull'origine e i limiti della giustizia,"Foscolo, Ugo",nineteenth_century_bridge,nineteenth_century_bridge,activation_candidate,,activate_core,nineteenth_century_bridge,preserve_rendered_tei_text,38650,,passed canonical TEI role audit,http://www.bibliotecaitaliana.it/scheda/bibit001703,f97e32e15dea47733fc6e43f3a38e5933069ad4c8e86a3eaa2a3f0d56e27d1bf
bibit000274,Sulla traduzione dell'Odissea,"Foscolo, Ugo",nineteenth_century_bridge,nineteenth_century_bridge,activation_candidate,,activate_core,nineteenth_century_bridge,preserve_rendered_tei_text,69446,,passed canonical TEI role audit,http://www.bibliotecaitaliana.it/scheda/bibit000274,8c4d5530fc70f69db57723cc8549a2487ce5adee96871ae33745c74e30443cc5
bibit001627,Ultime lettere di Iacopo Ortis,"Foscolo, Ugo",nineteenth_century_bridge,nineteenth_century_bridge,activation_candidate,,activate_core,nineteenth_century_bridge,preserve_rendered_tei_text,280560,,passed canonical TEI role audit,http://www.bibliotecaitaliana.it/scheda/bibit001627,85f4fb6d669e4b5db389cac6a31d02b8ce364f2dd2a36e22b4290d8141598196
bibit001444,Vestigi della storia del sonetto italiano,"Foscolo, Ugo",nineteenth_century_bridge,nineteenth_century_bridge,activation_candidate,,activate_core,nineteenth_century_bridge,preserve_rendered_tei_text,16502,,passed canonical TEI role audit,http://www.bibliotecaitaliana.it/scheda/bibit001444,90e5ddca0960ff6af5019b0825054290f6384abe3ba5bfd86d503afaa977a500
bibit001413,Viaggio sentimentale di Yorick lungo la Francia e l'Italia,"Foscolo, Ugo",nineteenth_century_bridge,nineteenth_century_bridge,activation_candidate,,activate_core,nineteenth_century_bridge,preserve_rendered_tei_text,252255,,passed canonical TEI role audit,http://www.bibliotecaitaliana.it/scheda/bibit001413,417b85252b9f9aee82e98e2b9c51432176b8837218d42c0ec5a2db7f27afeaa7
bibit001518,Del primato morale e civile degli Italiani,"Gioberti, Vincenzo",nineteenth_century_bridge,nineteenth_century_bridge,activation_candidate,note_multilingual_metadata,activate_core,nineteenth_century_bridge,preserve_rendered_tei_text,1676030,,passed canonical TEI role audit,http://www.bibliotecaitaliana.it/scheda/bibit001518,f90bd0cf3c38fe5c598064a1613d2f94e760f41206bdde20aac19fc4100ff8d3
bibit000578,Del rinnovamento civile d'Italia,"Gioberti, Vincenzo",nineteenth_century_bridge,nineteenth_century_bridge,activation_candidate,note_multilingual_metadata,activate_core,nineteenth_century_bridge,preserve_rendered_tei_text,2090416,,passed canonical TEI role audit,http://www.bibliotecaitaliana.it/scheda/bibit000578,4a8e867a72818048cad4be13ea99e5773f6f4572fe5ed4cff4615c372069446a
bibit000794,Della libertà cattolica,"Gioberti, Vincenzo",nineteenth_century_bridge,nineteenth_century_bridge,activation_candidate,note_multilingual_metadata,activate_core,nineteenth_century_bridge,preserve_rendered_tei_text,86920,,passed canonical TEI role audit,http://www.bibliotecaitaliana.it/scheda/bibit000794,4e604d501c2d1085b870541d5eff4125fe07117067ad9995624406f965cb2ef3
bibit000254,La riforma cattolica,"Gioberti, Vincenzo",nineteenth_century_bridge,nineteenth_century_bridge,review_required,note_multilingual_metadata;review_editorial_brackets,activate_core_with_bracket_cleanup,nineteenth_century_bridge,strip_editorial_square_delimiters_and_labels,423491,,retain supplied historical text while removing editorial bracket notation,http://www.bibliotecaitaliana.it/scheda/bibit000254,2c28127751f4a00e98ee123886cf644abb3d16db2b93dce87c9f1ff68f58129a
bibit001554,Cronaca dei fatti di Toscana (1845-1849),"Giusti, Giuseppe",nineteenth_century_bridge,nineteenth_century_bridge,activation_candidate,note_multilingual_metadata,activate_core,nineteenth_century_bridge,preserve_rendered_tei_text,149162,,passed canonical TEI role audit,http://www.bibliotecaitaliana.it/scheda/bibit001554,8abc7121c06d659649400db6ae0953eb3ecc5e830e76c54a316996c55bfbb177
bibit000230,Pisa e le sue adiacenze...,"Grassi, Ranieri",nineteenth_century_bridge,nineteenth_century_bridge,activation_candidate,note_multilingual_metadata,activate_core,nineteenth_century_bridge,preserve_rendered_tei_text,577765,,passed canonical TEI role audit,http://www.bibliotecaitaliana.it/scheda/bibit000230,9c50b11f1d5c8fac757dff3bf3252e52d1b9d07c4595b76f65959c159c0383d6
bibit000467,I conservatori e l'evoluzione naturale dei partiti politici in Italia,"Jacini, Stefano",nineteenth_century_bridge,nineteenth_century_bridge,activation_candidate,note_multilingual_metadata,activate_core,nineteenth_century_bridge,preserve_rendered_tei_text,232756,,passed canonical TEI role audit,http://www.bibliotecaitaliana.it/scheda/bibit000467,80b2eb195fcc61bfe06d2c80f695fc9dee791e0f471946bd8052b41203dab2a8
bibit000291,A un vincitore nel pallone,"Leopardi, Giacomo",nineteenth_century_bridge,nineteenth_century_bridge,activation_candidate,,activate_core,nineteenth_century_bridge,preserve_rendered_tei_text,1055,,passed canonical TEI role audit,http://www.bibliotecaitaliana.it/scheda/bibit000291,45ca4bca24b6e4346ba1b2684afd971798f540777dd2df435228d724c9456097
bibit000581,A una fanciulla,"Leopardi, Giacomo",nineteenth_century_bridge,nineteenth_century_bridge,activation_candidate,,activate_core,nineteenth_century_bridge,preserve_rendered_tei_text,871,,passed canonical TEI role audit,http://www.bibliotecaitaliana.it/scheda/bibit000581,9cb75b41572aafee66223d6595afbc48163a2594bf1371d52561cbfc76c980f2
bibit000793,Ad Arimane,"Leopardi, Giacomo",nineteenth_century_bridge,nineteenth_century_bridge,activation_candidate,,activate_core,nineteenth_century_bridge,preserve_rendered_tei_text,2099,,passed canonical TEI role audit,http://www.bibliotecaitaliana.it/scheda/bibit000793,2b6ff3b67005447a25b65dbdff25d2739f818bb8feded25a60ea94f8c39f865a
bibit000356,Agl'Italiani. Orazione in occasione della liberazione del Piceno,"Leopardi, Giacomo",nineteenth_century_bridge,nineteenth_century_bridge,activation_candidate,note_multilingual_metadata,activate_core,nineteenth_century_bridge,preserve_rendered_tei_text,29178,,passed canonical TEI role audit,http://www.bibliotecaitaliana.it/scheda/bibit000356,cb96da1476382b556fdb0a5189375d23b3b772c97e15755ea332385a9615d3ea
bibit001575,Angelica,"Leopardi, Giacomo",nineteenth_century_bridge,nineteenth_century_bridge,activation_candidate,,activate_core,nineteenth_century_bridge,preserve_rendered_tei_text,280,,passed canonical TEI role audit,http://www.bibliotecaitaliana.it/scheda/bibit001575,27f75d493347793075ee266135d09147abcb032ebe211e3706a7f8d8b7acaac2
bibit000914,Appressamento della morte,"Leopardi, Giacomo",nineteenth_century_bridge,nineteenth_century_bridge,activation_candidate,,activate_core,nineteenth_century_bridge,preserve_rendered_tei_text,33559,,passed canonical TEI role audit,http://www.bibliotecaitaliana.it/scheda/bibit000914,6542a9c8b6762c09c69f748ad7df410b1dfc2e9f85e694fd937528ae8c40a800
bibit001635,Argomenti di Idilli,"Leopardi, Giacomo",nineteenth_century_bridge,nineteenth_century_bridge,activation_candidate,,activate_core,nineteenth_century_bridge,preserve_rendered_tei_text,1304,,passed canonical TEI role audit,http://www.bibliotecaitaliana.it/scheda/bibit001635,a432b3e6783961e2b21b0ef8277c67bdd6d84f7ec287a1e48fb1a77c7733c3dc
bibit001672,Argomenti di elegie,"Leopardi, Giacomo",nineteenth_century_bridge,nineteenth_century_bridge,activation_candidate,,activate_core,nineteenth_century_bridge,preserve_rendered_tei_text,2976,,passed canonical TEI role audit,http://www.bibliotecaitaliana.it/scheda/bibit001672,9568034d03b50fe914fd48bdd2752909d7776694bdf60789aaa70738718bdfec
bibit000486,Argomento di una Canzone sullo stato presente dell'Italia,"Leopardi, Giacomo",nineteenth_century_bridge,nineteenth_century_bridge,activation_candidate,,activate_core,nineteenth_century_bridge,preserve_rendered_tei_text,5105,,passed canonical TEI role audit,http://www.bibliotecaitaliana.it/scheda/bibit000486,e431f5d4110d7230b2ac14f20369e8e3954e1e62848eb3b27cd47d17e661579f
bibit000850,Canti,"Leopardi, Giacomo",nineteenth_century_bridge,nineteenth_century_bridge,activation_candidate,,activate_core,nineteenth_century_bridge,preserve_rendered_tei_text,134393,,passed canonical TEI role audit,http://www.bibliotecaitaliana.it/scheda/bibit000850,0857e6bc77e9721473e3c00b851988b8f656bef58afe60c641cf654d7bb06309
bibit001021,Canti (ed. Firenze 1831),"Leopardi, Giacomo",nineteenth_century_bridge,nineteenth_century_bridge,activation_candidate,note_multilingual_metadata,activate_core,nineteenth_century_bridge,preserve_rendered_tei_text,78239,,passed canonical TEI role audit,http://www.bibliotecaitaliana.it/scheda/bibit001021,a8c739a070d0ebbcf0ad1b8cbde9ef692589e20f3d9c97677813e486051b17ae
bibit000469,Canti (ed. Napoli 1835),"Leopardi, Giacomo",nineteenth_century_bridge,nineteenth_century_bridge,activation_candidate,note_multilingual_metadata,activate_core,nineteenth_century_bridge,preserve_rendered_tei_text,122175,,passed canonical TEI role audit,http://www.bibliotecaitaliana.it/scheda/bibit000469,6f0a6ca88d6920c1a7813ce26ac9fee47b4ac79f74f39d62a151a7ba1f86289b
bibit001503,Canzone ad Angelo Mai (Bologna 1820),"Leopardi, Giacomo",nineteenth_century_bridge,nineteenth_century_bridge,activation_candidate,,activate_core,nineteenth_century_bridge,preserve_rendered_tei_text,7632,,passed canonical TEI role audit,http://www.bibliotecaitaliana.it/scheda/bibit001503,68c15f34a49a84afcbbcb8d7c8550c5cc84424342e359aab2728277283fede20
bibit000866,Canzone sulla Grecia,"Leopardi, Giacomo",nineteenth_century_bridge,nineteenth_century_bridge,activation_candidate,,activate_core,nineteenth_century_bridge,preserve_rendered_tei_text,2109,,passed canonical TEI role audit,http://www.bibliotecaitaliana.it/scheda/bibit000866,f53f0c88e4f2e93b81f8663e8e08e50f0b5073a387ed3daec9627606373830f1
bibit001671,Canzoni (ed. Bologna 1824),"Leopardi, Giacomo",nineteenth_century_bridge,nineteenth_century_bridge,review_required,review_editorial_brackets,activate_core_with_bracket_cleanup,nineteenth_century_bridge,strip_editorial_square_delimiters_and_labels,123706,,retain supplied historical text while removing editorial bracket notation,http://www.bibliotecaitaliana.it/scheda/bibit001671,92eb519eeb9aee572f5fbf51a05faffada29e8a6e8de92e949aa0128aaaa4e2c
bibit000173,Canzoni (ed. Roma 1818),"Leopardi, Giacomo",nineteenth_century_bridge,nineteenth_century_bridge,activation_candidate,,activate_core,nineteenth_century_bridge,preserve_rendered_tei_text,14993,,passed canonical TEI role audit,http://www.bibliotecaitaliana.it/scheda/bibit000173,3c65eba48a67ffa8748773b2302d2628cad3a1ba2fcaa93935a754185b3c528c
bibit000934,Caratteri morali di Teofrasto,"Leopardi, Giacomo",nineteenth_century_bridge,nineteenth_century_bridge,activation_candidate,,activate_core,nineteenth_century_bridge,preserve_rendered_tei_text,2817,,passed canonical TEI role audit,http://www.bibliotecaitaliana.it/scheda/bibit000934,e406b159a1597ccdc76ff34e07cc4d8e5cbd2738ff1eeffb83b2159e49bc1a1f
bibit001250,Caronte e Menippo,"Leopardi, Giacomo",nineteenth_century_bridge,nineteenth_century_bridge,activation_candidate,,activate_core,nineteenth_century_bridge,preserve_rendered_tei_text,714,,passed canonical TEI role audit,http://www.bibliotecaitaliana.it/scheda/bibit001250,9a6245bbd9832b2eea0e7866040118cdf41fc3a2eb7af9675c57c81f6e118e27
bibit001651,Catone in Affrica,"Leopardi, Giacomo",nineteenth_century_bridge,nineteenth_century_bridge,activation_candidate,,activate_core,nineteenth_century_bridge,preserve_rendered_tei_text,27551,,passed canonical TEI role audit,http://www.bibliotecaitaliana.it/scheda/bibit001651,386643024a4e1f0d7f40b76edbca121a6d26b7dfd005d4daaac7bc2c67ae60a8
bibit000757,Componimenti poetici (1809),"Leopardi, Giacomo",nineteenth_century_bridge,nineteenth_century_bridge,activation_candidate,,activate_core,nineteenth_century_bridge,preserve_rendered_tei_text,4320,,passed canonical TEI role audit,http://www.bibliotecaitaliana.it/scheda/bibit000757,7da24737107a2e2c12de1fa46306a6d4d2d20730159ab6a9db48ae24f3c3431b
bibit000174,Componimenti poetici (1810),"Leopardi, Giacomo",nineteenth_century_bridge,nineteenth_century_bridge,activation_candidate,,activate_core,nineteenth_century_bridge,preserve_rendered_tei_text,34621,,passed canonical TEI role audit,http://www.bibliotecaitaliana.it/scheda/bibit000174,5ed9d58c1dd0fab90d7279cf307ffbf413da7885d160da9544dfc7f964103ff5
bibit001105,Composizioni per il saggio (1810),"Leopardi, Giacomo",nineteenth_century_bridge,nineteenth_century_bridge,activation_candidate,note_multilingual_metadata,activate_core,nineteenth_century_bridge,preserve_rendered_tei_text,21277,,passed canonical TEI role audit,http://www.bibliotecaitaliana.it/scheda/bibit001105,d8e42ffaeada01ae66d119ae86c2147ada77d2a67e1ecb7113f0ef604de330a8
bibit001433,Condanna e viaggio del Redentore al Calvario,"Leopardi, Giacomo",nineteenth_century_bridge,nineteenth_century_bridge,activation_candidate,,activate_core,nineteenth_century_bridge,preserve_rendered_tei_text,12798,,passed canonical TEI role audit,http://www.bibliotecaitaliana.it/scheda/bibit001433,678df3501120a92e86f2ecce9b7bbdf1e1653a2e1e08ae7390c12cdfa365fec0
bibit000118,Crestomazia italiana (Poesia),"Leopardi, Giacomo",nineteenth_century_bridge,nineteenth_century_bridge,activation_candidate,,activate_core,nineteenth_century_bridge,preserve_rendered_tei_text,561231,,passed canonical TEI role audit,http://www.bibliotecaitaliana.it/scheda/bibit000118,2a8a3051f1111fc3fb978a53de8c5af0b8d1fee20fea10bc85dd1b0a669051a9
bibit001080,Crocifissione e morte di Cristo,"Leopardi, Giacomo",nineteenth_century_bridge,nineteenth_century_bridge,activation_candidate,note_multilingual_metadata,activate_core,nineteenth_century_bridge,preserve_rendered_tei_text,9446,,passed canonical TEI role audit,http://www.bibliotecaitaliana.it/scheda/bibit001080,15241c65b59be2bfc9c38cae014f7a69d8dbf789f69b80c7993e886bb675f891
bibit001395,Del fingere poetando un sogno,"Leopardi, Giacomo",nineteenth_century_bridge,nineteenth_century_bridge,activation_candidate,,activate_core,nineteenth_century_bridge,preserve_rendered_tei_text,940,,passed canonical TEI role audit,http://www.bibliotecaitaliana.it/scheda/bibit001395,648a343256e6d796c8b2e9dcad19243be295b8e54ccc80268b5b35b72d258c5d
bibit000840,Dell'educare la gioventù italiana,"Leopardi, Giacomo",nineteenth_century_bridge,nineteenth_century_bridge,activation_candidate,,activate_core,nineteenth_century_bridge,preserve_rendered_tei_text,2009,,passed canonical TEI role audit,http://www.bibliotecaitaliana.it/scheda/bibit000840,a6188a661292859955be86ea37c461643dd0105ec4790df2334f7bea9c1f6227
bibit000938,Dell'errore attribuito a Innocenzo per aver dipinto Apollo piuttosto col violino che con la lira,"Leopardi, Giacomo",nineteenth_century_bridge,nineteenth_century_bridge,activation_candidate,,activate_core,nineteenth_century_bridge,preserve_rendered_tei_text,4965,,passed canonical TEI role audit,http://www.bibliotecaitaliana.it/scheda/bibit000938,7b50a0b8b02c7dda3687cb0ef7a706c545f718f563e2d0cb1e3523995d6160e9
bibit000708,Della eredità di Cleonimo. Orazione d'Iseo,"Leopardi, Giacomo",nineteenth_century_bridge,nineteenth_century_bridge,activation_candidate,,activate_core,nineteenth_century_bridge,preserve_rendered_tei_text,2643,,passed canonical TEI role audit,http://www.bibliotecaitaliana.it/scheda/bibit000708,02d3c9fdd5b03f730468e87273ec90cbc8e2893f25c7ff85d62b4cfbb588bd6e
bibit000410,Della fama di Orazio presso gli antichi,"Leopardi, Giacomo",nineteenth_century_bridge,nineteenth_century_bridge,activation_candidate,note_multilingual_metadata,activate_core,nineteenth_century_bridge,preserve_rendered_tei_text,19512,,passed canonical TEI role audit,http://www.bibliotecaitaliana.it/scheda/bibit000410,0c56c510d27ab7f392fce23dc093b0be515981c8e079c7852bb658d1c5b36453
bibit001601,Dialogo filosofico sopra un moderno libro intitolato,"Leopardi, Giacomo",nineteenth_century_bridge,nineteenth_century_bridge,activation_candidate,note_multilingual_metadata,activate_core,nineteenth_century_bridge,preserve_rendered_tei_text,34470,,passed canonical TEI role audit,http://www.bibliotecaitaliana.it/scheda/bibit001601,72efbf819f922e5d5ceac4d289954a7192b305725d2259f28188115e787cf05c
bibit000198,Diario del primo amore,"Leopardi, Giacomo",nineteenth_century_bridge,nineteenth_century_bridge,activation_candidate,,activate_core,nineteenth_century_bridge,preserve_rendered_tei_text,32374,,passed canonical TEI role audit,http://www.bibliotecaitaliana.it/scheda/bibit000198,e1c2d17304cc985c47bc5f28f3eb450c4ae12bfe27822b9fb85d82c62d199dc9
bibit000241,Discorso dei costumi degli italiani,"Leopardi, Giacomo",nineteenth_century_bridge,nineteenth_century_bridge,activation_candidate,note_multilingual_metadata,activate_core,nineteenth_century_bridge,preserve_rendered_tei_text,68298,,passed canonical TEI role audit,http://www.bibliotecaitaliana.it/scheda/bibit000241,b062787dcbe092e4a95654cf052a6644d3098c72c72f852e4029f20e3a0124db
bibit000847,Discorso di un italiano intorno alla poesia romantica,"Leopardi, Giacomo",nineteenth_century_bridge,nineteenth_century_bridge,activation_candidate,note_multilingual_metadata,activate_core,nineteenth_century_bridge,preserve_rendered_tei_text,170243,,passed canonical TEI role audit,http://www.bibliotecaitaliana.it/scheda/bibit000847,c709d6cef605edcfb4eb0ed6c744dac81319acf5468dcc52dce009f6293b9357
bibit000563,Discorso sopra Mosco,"Leopardi, Giacomo",nineteenth_century_bridge,nineteenth_century_bridge,activation_candidate,note_multilingual_metadata,activate_core,nineteenth_century_bridge,preserve_rendered_tei_text,30358,,passed canonical TEI role audit,http://www.bibliotecaitaliana.it/scheda/bibit000563,efc08d2b272b6bac1b2331526125780e2e3648c0c18dc6c963b182d42260d9bb
bibit000086,Discorso sopra la Batracomiomachia,"Leopardi, Giacomo",nineteenth_century_bridge,nineteenth_century_bridge,activation_candidate,,activate_core,nineteenth_century_bridge,preserve_rendered_tei_text,26721,,passed canonical TEI role audit,http://www.bibliotecaitaliana.it/scheda/bibit000086,8a954ba694ab4efc3cc185fb2cba3774c6814501a8a590b4f7ff1e7736ead931
bibit001446,Discorso sopra la vita e le opere di M.Cornelio Frontone,"Leopardi, Giacomo",nineteenth_century_bridge,nineteenth_century_bridge,activation_candidate,,activate_core,nineteenth_century_bridge,preserve_rendered_tei_text,36243,,passed canonical TEI role audit,http://www.bibliotecaitaliana.it/scheda/bibit001446,0d9e93ca677e8269ee8367172695ed0482f606e178294dc3bf01d9fd8877bbdd
bibit000321,Disegni letterari,"Leopardi, Giacomo",nineteenth_century_bridge,nineteenth_century_bridge,activation_candidate,,activate_core,nineteenth_century_bridge,preserve_rendered_tei_text,28504,,passed canonical TEI role audit,http://www.bibliotecaitaliana.it/scheda/bibit000321,94af513657488d208f938ab34d32953388918ab4e9bcfa35fbbf51755bef27ea
bibit001669,"Dissertazione sopra alcune qualità dell'animo umano, che non sono nè vizj nè virtù","Leopardi, Giacomo",nineteenth_century_bridge,nineteenth_century_bridge,activation_candidate,note_multilingual_metadata,activate_core,nineteenth_century_bridge,preserve_rendered_tei_text,13916,,passed canonical TEI role audit,http://www.bibliotecaitaliana.it/scheda/bibit001669,d1881e0f7a28cebe900b1fa719a75557f8a7ea7df36d6da44f67f6645d4f4c38
bibit000852,"Dissertazione sopra gli attributi, e la provvidenza dell'essere supremo","Leopardi, Giacomo",nineteenth_century_bridge,nineteenth_century_bridge,activation_candidate,,activate_core,nineteenth_century_bridge,preserve_rendered_tei_text,16770,,passed canonical TEI role audit,http://www.bibliotecaitaliana.it/scheda/bibit000852,d208f649094b7d7d465a00ce619f30b9ddd9d0eb7de6e075af9dcefb6ffc71d9
bibit001369,Dissertazione sopra i fluidi elastici,"Leopardi, Giacomo",nineteenth_century_bridge,nineteenth_century_bridge,activation_candidate,,activate_core,nineteenth_century_bridge,preserve_rendered_tei_text,16361,,passed canonical TEI role audit,http://www.bibliotecaitaliana.it/scheda/bibit001369,963235ded6962d02179a9ff98deafcaa17b2f98f63b7f25731cd280eff1622a2
bibit001415,Dissertazione sopra i sogni,"Leopardi, Giacomo",nineteenth_century_bridge,nineteenth_century_bridge,activation_candidate,note_multilingual_metadata,activate_core,nineteenth_century_bridge,preserve_rendered_tei_text,12444,,passed canonical TEI role audit,http://www.bibliotecaitaliana.it/scheda/bibit001415,e6d6f145a3b206040f933564f2ed95303c1e68ac8307e4b802120c6c6a79fb49
bibit000724,Dissertazione sopra il moto,"Leopardi, Giacomo",nineteenth_century_bridge,nineteenth_century_bridge,activation_candidate,note_multilingual_metadata,activate_core,nineteenth_century_bridge,preserve_rendered_tei_text,12452,,passed canonical TEI role audit,http://www.bibliotecaitaliana.it/scheda/bibit000724,749a6f90673c0b20ac8db669cb2c3ea260940f2919bdcdb342c4986761f9d9f4
bibit001108,Dissertazione sopra l'anima delle bestie,"Leopardi, Giacomo",nineteenth_century_bridge,nineteenth_century_bridge,activation_candidate,note_multilingual_metadata,activate_core,nineteenth_century_bridge,preserve_rendered_tei_text,28151,,passed canonical TEI role audit,http://www.bibliotecaitaliana.it/scheda/bibit001108,4dd9d3fd149ba9ab10f96c56955e273ac71198fb847503457481a8019fcf074f
bibit000445,Dissertazione sopra l'astronomia,"Leopardi, Giacomo",nineteenth_century_bridge,nineteenth_century_bridge,activation_candidate,note_multilingual_metadata,activate_core,nineteenth_century_bridge,preserve_rendered_tei_text,17387,,passed canonical TEI role audit,http://www.bibliotecaitaliana.it/scheda/bibit000445,62c500bf944853db642ef4184127c8222c4faf35077ca5cb5143f1a74e9f9dbe
bibit001536,Dissertazione sopra l'attrazione,"Leopardi, Giacomo",nineteenth_century_bridge,nineteenth_century_bridge,activation_candidate,note_multilingual_metadata,activate_core,nineteenth_century_bridge,preserve_rendered_tei_text,10698,,passed canonical TEI role audit,http://www.bibliotecaitaliana.it/scheda/bibit001536,669a5063e2674b812fef01288af7f0c6a6fcfd08302b41d3083117432e6ac8ad
bibit000816,Dissertazione sopra l'elettricismo,"Leopardi, Giacomo",nineteenth_century_bridge,nineteenth_century_bridge,activation_candidate,,activate_core,nineteenth_century_bridge,preserve_rendered_tei_text,13337,,passed canonical TEI role audit,http://www.bibliotecaitaliana.it/scheda/bibit000816,066a593cc822a8b6c9883457d0746f34802ab85875deb520cb6dbbc2efc5995c
bibit001567,Dissertazione sopra l'ente in generale,"Leopardi, Giacomo",nineteenth_century_bridge,nineteenth_century_bridge,activation_candidate,note_multilingual_metadata,activate_core,nineteenth_century_bridge,preserve_rendered_tei_text,12561,,passed canonical TEI role audit,http://www.bibliotecaitaliana.it/scheda/bibit001567,affe03f1ab29f76fcc942d3847d4773f9a976eb47952367a63613bc61dd31a32
bibit000496,Dissertazione sopra l'esistenza di un ente supremo,"Leopardi, Giacomo",nineteenth_century_bridge,nineteenth_century_bridge,activation_candidate,note_multilingual_metadata,activate_core,nineteenth_century_bridge,preserve_rendered_tei_text,13923,,passed canonical TEI role audit,http://www.bibliotecaitaliana.it/scheda/bibit000496,e6d047634162633c46f1c212097eacebccbdad1d9f97905443debf1a6a7bca3a
bibit000285,Dissertazione sopra l'estensione,"Leopardi, Giacomo",nineteenth_century_bridge,nineteenth_century_bridge,activation_candidate,,activate_core,nineteenth_century_bridge,preserve_rendered_tei_text,13707,,passed canonical TEI role audit,http://www.bibliotecaitaliana.it/scheda/bibit000285,aa09d40512a1b53422abff33399884a5604d65cbbf1ab14c5f9d6423edb7ec74
bibit001654,Dissertazione sopra l'idrodinamica,"Leopardi, Giacomo",nineteenth_century_bridge,nineteenth_century_bridge,activation_candidate,,activate_core,nineteenth_century_bridge,preserve_rendered_tei_text,14978,,passed canonical TEI role audit,http://www.bibliotecaitaliana.it/scheda/bibit001654,5b94b63c95c6e6f85ef408b5e030988797f052a423a35b02350f316d0bab438e
bibit000282,"Dissertazione sopra l'origine, e i primi progressi dell'astronomia","Leopardi, Giacomo",nineteenth_century_bridge,nineteenth_century_bridge,activation_candidate,,activate_core,nineteenth_century_bridge,preserve_rendered_tei_text,55759,,passed canonical TEI role audit,http://www.bibliotecaitaliana.it/scheda/bibit000282,f246ec75d9b3a2f2c07fb53bf9e592d54030044756e6a91d06254e9bbea37fa5
bibit001180,Dissertazione sopra l'urto dei corpi,"Leopardi, Giacomo",nineteenth_century_bridge,nineteenth_century_bridge,activation_candidate,,activate_core,nineteenth_century_bridge,preserve_rendered_tei_text,12120,,passed canonical TEI role audit,http://www.bibliotecaitaliana.it/scheda/bibit001180,5cee7f062cd14435e57b998b9691048e713c79ff70d75ff64aef3eb5f5ad39d8
bibit000400,Dissertazione sopra la felicità,"Leopardi, Giacomo",nineteenth_century_bridge,nineteenth_century_bridge,activation_candidate,note_multilingual_metadata,activate_core,nineteenth_century_bridge,preserve_rendered_tei_text,14066,,passed canonical TEI role audit,http://www.bibliotecaitaliana.it/scheda/bibit000400,53a94c9ccda4e95165105bb3ef745b4de9f9a30b80b09c463563a7d5d2ba9ee6
bibit000294,Dissertazione sopra la gravità,"Leopardi, Giacomo",nineteenth_century_bridge,nineteenth_century_bridge,activation_candidate,,activate_core,nineteenth_century_bridge,preserve_rendered_tei_text,11536,,passed canonical TEI role audit,http://www.bibliotecaitaliana.it/scheda/bibit000294,9b8a4e18c776657081bc1cfc151b5ea446d79ebb7bade7e6b76613ee22e97471
bibit000191,Dissertazione sopra la logica universalmente considerata,"Leopardi, Giacomo",nineteenth_century_bridge,nineteenth_century_bridge,activation_candidate,,activate_core,nineteenth_century_bridge,preserve_rendered_tei_text,10402,,passed canonical TEI role audit,http://www.bibliotecaitaliana.it/scheda/bibit000191,1550b2c37c54435378cfde8e5507e2b2ae2194620e2be9d57b7220988dcd1962
bibit000534,Dissertazione sopra la luce,"Leopardi, Giacomo",nineteenth_century_bridge,nineteenth_century_bridge,activation_candidate,,activate_core,nineteenth_century_bridge,preserve_rendered_tei_text,14207,,passed canonical TEI role audit,http://www.bibliotecaitaliana.it/scheda/bibit000534,4a70033dc5061b07b0bc89ac8f32fd8b80ab904d72e8415c6227b436709146b4
bibit000624,"Dissertazione sopra la percezione, il giudizio, e il raziocinio","Leopardi, Giacomo",nineteenth_century_bridge,nineteenth_century_bridge,activation_candidate,note_multilingual_metadata,activate_core,nineteenth_century_bridge,preserve_rendered_tei_text,15486,,passed canonical TEI role audit,http://www.bibliotecaitaliana.it/scheda/bibit000624,8c02fd558115377b36881f950904e7a4a336e2c2f128a425c9d8572ecd3d3e36
bibit001033,Dissertazione sopra la virtù morale in generale,"Leopardi, Giacomo",nineteenth_century_bridge,nineteenth_century_bridge,activation_candidate,note_multilingual_metadata,activate_core,nineteenth_century_bridge,preserve_rendered_tei_text,21937,,passed canonical TEI role audit,http://www.bibliotecaitaliana.it/scheda/bibit001033,450eac48bc1596e789912088a581c70e1f7517a37dc35310b4a95df4142ff25b
bibit000661,Dissertazione sopra le doti dell'anima umana,"Leopardi, Giacomo",nineteenth_century_bridge,nineteenth_century_bridge,activation_candidate,note_multilingual_metadata,activate_core,nineteenth_century_bridge,preserve_rendered_tei_text,30715,,passed canonical TEI role audit,http://www.bibliotecaitaliana.it/scheda/bibit000661,4fe987028513cff76282e3fb4942e0da9cef0b126eca37e188ebc548f41e0cc7
bibit000164,Dissertazione sopra le virtù intellettuali,"Leopardi, Giacomo",nineteenth_century_bridge,nineteenth_century_bridge,activation_candidate,,activate_core,nineteenth_century_bridge,preserve_rendered_tei_text,12730,,passed canonical TEI role audit,http://www.bibliotecaitaliana.it/scheda/bibit000164,b1d81f58bad164d221e5e4b07a82484e2f05fa8e88a87bd834de2385d53696ba
bibit000450,Dissertazione sopra le virtù morali in particolare,"Leopardi, Giacomo",nineteenth_century_bridge,nineteenth_century_bridge,activation_candidate,note_multilingual_metadata,activate_core,nineteenth_century_bridge,preserve_rendered_tei_text,13965,,passed canonical TEI role audit,http://www.bibliotecaitaliana.it/scheda/bibit000450,02cfe6f071a8b10591c17cfb02a16c4b70889e4ea4bf0041f61c7259df2008fb
bibit001622,Dissertazioni (1810),"Leopardi, Giacomo",nineteenth_century_bridge,nineteenth_century_bridge,activation_candidate,,activate_core,nineteenth_century_bridge,preserve_rendered_tei_text,18499,,passed canonical TEI role audit,http://www.bibliotecaitaliana.it/scheda/bibit001622,86fd5f8884a9cba5e61cc249a0cd6b7ba49ea0c2dbabea587f5833d60778e7b6
bibit001090,Epigrammi (1812),"Leopardi, Giacomo",nineteenth_century_bridge,nineteenth_century_bridge,activation_candidate,note_multilingual_metadata,activate_core,nineteenth_century_bridge,preserve_rendered_tei_text,14596,,passed canonical TEI role audit,http://www.bibliotecaitaliana.it/scheda/bibit001090,90ffe9b57623c08e3da9c1345596d36b6b87fbbe5a02e6328dd0fcde33798aa1
bibit000098,Epistolario,"Leopardi, Giacomo",nineteenth_century_bridge,nineteenth_century_bridge,review_required,review_editorial_brackets,activate_core_with_bracket_cleanup,nineteenth_century_bridge,strip_editorial_square_delimiters_and_labels,4082784,,retain supplied historical text while removing editorial bracket notation,http://www.bibliotecaitaliana.it/scheda/bibit000098,0295a2075cb77c1054e5d73e0f6faa6d45c6ea18416664512a84ef34f4816739
bibit001309,Ercole. Favola di Prodico,"Leopardi, Giacomo",nineteenth_century_bridge,nineteenth_century_bridge,activation_candidate,,activate_core,nineteenth_century_bridge,preserve_rendered_tei_text,9027,,passed canonical TEI role audit,http://www.bibliotecaitaliana.it/scheda/bibit001309,ae6680b1a7beeb30b7f836362729982966e1ba8aaa176ec51757f0e7689ab18a
bibit001379,Erminia,"Leopardi, Giacomo",nineteenth_century_bridge,nineteenth_century_bridge,activation_candidate,,activate_core,nineteenth_century_bridge,preserve_rendered_tei_text,6314,,passed canonical TEI role audit,http://www.bibliotecaitaliana.it/scheda/bibit001379,cd71919b01695c9e7d3e25df33a287c32ee52a3f6dd1c6c84117ff3504598162
bibit001409,Esercizi di memoria,"Leopardi, Giacomo",nineteenth_century_bridge,nineteenth_century_bridge,activation_candidate,,activate_core,nineteenth_century_bridge,preserve_rendered_tei_text,2867,,passed canonical TEI role audit,http://www.bibliotecaitaliana.it/scheda/bibit001409,9bacc6fef1fc6fa1b700e0cf08f6c57aa415fd7a1126cdbcbebfc3b991742c22
bibit000072,Frammenti autobiografici,"Leopardi, Giacomo",nineteenth_century_bridge,nineteenth_century_bridge,activation_candidate,,activate_core,nineteenth_century_bridge,preserve_rendered_tei_text,29912,,passed canonical TEI role audit,http://www.bibliotecaitaliana.it/scheda/bibit000072,f0cbead6886d1989de55397bb6297e4d699f6ec7429755e55e9d1e8709df26b8
bibit000922,"Frammento di una traduzione in volgare dell'impresa di Ciro, descritta da Senofonte","Leopardi, Giacomo",nineteenth_century_bridge,nineteenth_century_bridge,activation_candidate,,activate_core,nineteenth_century_bridge,preserve_rendered_tei_text,10736,,passed canonical TEI role audit,http://www.bibliotecaitaliana.it/scheda/bibit000922,5da41743036bcaf9dd66918598e3939b54ebb71d1f80e3dfc65c348daa9c8c17
bibit001589,Guerra de' topi e delle rane (1821-1822),"Leopardi, Giacomo",nineteenth_century_bridge,nineteenth_century_bridge,activation_candidate,,activate_core,nineteenth_century_bridge,preserve_rendered_tei_text,16567,,passed canonical TEI role audit,http://www.bibliotecaitaliana.it/scheda/bibit001589,a5bfdd16a52641162ffebaf95006046d896c63aa75069081afc0df4951b83bac
bibit001558,Guerra dei topi e delle rane (1826),"Leopardi, Giacomo",nineteenth_century_bridge,nineteenth_century_bridge,activation_candidate,,activate_core,nineteenth_century_bridge,preserve_rendered_tei_text,16782,,passed canonical TEI role audit,http://www.bibliotecaitaliana.it/scheda/bibit001558,5baf51f51bca942cd8ab25ea19780f70f44e9274cafdecbdb6a4a9a26357f962
bibit000369,Idilli e volgarizzamenti di alcuni versi morali dal greco (,"Leopardi, Giacomo",nineteenth_century_bridge,nineteenth_century_bridge,activation_candidate,,activate_core,nineteenth_century_bridge,preserve_rendered_tei_text,11379,,passed canonical TEI role audit,http://www.bibliotecaitaliana.it/scheda/bibit000369,67ec48241ff0666ee3cb4b0ebfbf7b3260fa23db8ceb983247c0891af7d062ab
bibit001047,Il Balaamo,"Leopardi, Giacomo",nineteenth_century_bridge,nineteenth_century_bridge,activation_candidate,,activate_core,nineteenth_century_bridge,preserve_rendered_tei_text,16064,,passed canonical TEI role audit,http://www.bibliotecaitaliana.it/scheda/bibit001047,985c190019b590ed0572d79663fd9471624c5e32793c6b9f3488a26e0dbb2db7
bibit001440,Il Diluvio Universale,"Leopardi, Giacomo",nineteenth_century_bridge,nineteenth_century_bridge,activation_candidate,,activate_core,nineteenth_century_bridge,preserve_rendered_tei_text,5799,,passed canonical TEI role audit,http://www.bibliotecaitaliana.it/scheda/bibit001440,52802927763fd105a7585ef0143da4fa96b7a690183dabf368f796cd9e827713
bibit000154,Il canto della fanciulla,"Leopardi, Giacomo",nineteenth_century_bridge,nineteenth_century_bridge,activation_candidate,,activate_core,nineteenth_century_bridge,preserve_rendered_tei_text,468,,passed canonical TEI role audit,http://www.bibliotecaitaliana.it/scheda/bibit000154,9486bf55a24f0530f7c1eeeeb508e3039961afe50d76776d0ce6307ed4c4cd84
bibit000994,Il sogno. Elegia inedita,"Leopardi, Giacomo",nineteenth_century_bridge,nineteenth_century_bridge,activation_candidate,,activate_core,nineteenth_century_bridge,preserve_rendered_tei_text,3831,,passed canonical TEI role audit,http://www.bibliotecaitaliana.it/scheda/bibit000994,0c9ddcb846ebcc6bc04652a411fb54b47a696072eb846087befe171cc803dd20
bibit001003,Il trionfo della Croce,"Leopardi, Giacomo",nineteenth_century_bridge,nineteenth_century_bridge,activation_candidate,,activate_core,nineteenth_century_bridge,preserve_rendered_tei_text,9100,,passed canonical TEI role audit,http://www.bibliotecaitaliana.it/scheda/bibit001003,bfea7eebd6210ef912335034e6a6406e91f9eb3a321a1eaa1b3f9921a9922368
bibit001127,Indice del mio Zibaldone di pensieri,"Leopardi, Giacomo",nineteenth_century_bridge,nineteenth_century_bridge,review_required,review_editorial_brackets,activate_core_with_bracket_cleanup,nineteenth_century_bridge,strip_editorial_square_delimiters_and_labels,94995,,retain supplied historical text while removing editorial bracket notation,http://www.bibliotecaitaliana.it/scheda/bibit001127,b0ede4f97907637459004485a0000a3a210598084b2d1bc92782e2e4dab2ab39
bibit001655,Indici delle opere composte da Giacomo Leopardi compilati da lui stesso,"Leopardi, Giacomo",nineteenth_century_bridge,nineteenth_century_bridge,activation_candidate,,activate_core,nineteenth_century_bridge,preserve_rendered_tei_text,14320,,passed canonical TEI role audit,http://www.bibliotecaitaliana.it/scheda/bibit001655,e711810b68c1df069a66211b8fff6771be4c81f2c603bbf79262215996e1849f
bibit001484,Inni cristiani,"Leopardi, Giacomo",nineteenth_century_bridge,nineteenth_century_bridge,activation_candidate,,activate_core,nineteenth_century_bridge,preserve_rendered_tei_text,4861,,passed canonical TEI role audit,http://www.bibliotecaitaliana.it/scheda/bibit001484,8cf47541844e8aaab9965f6389c6122b10b3082138d25a69fed3e0b2560c0d85
bibit001265,Inno a Nettuno d'incerto autore,"Leopardi, Giacomo",nineteenth_century_bridge,nineteenth_century_bridge,activation_candidate,,activate_core,nineteenth_century_bridge,preserve_rendered_tei_text,37562,,passed canonical TEI role audit,http://www.bibliotecaitaliana.it/scheda/bibit001265,af6cb38c1bca12b194ab09369ce124d6682e41e2a5e5bcb83f8481e06dbc1ab6
bibit000801,Inno ai Patriarchi o de' principii del genere umano,"Leopardi, Giacomo",nineteenth_century_bridge,nineteenth_century_bridge,activation_candidate,,activate_core,nineteenth_century_bridge,preserve_rendered_tei_text,9430,,passed canonical TEI role audit,http://www.bibliotecaitaliana.it/scheda/bibit000801,e65839610084b835cb44315d23d227b2f3731e865299c2aba1914f0166fadddb
bibit001220,Inscrizioni greche triopee,"Leopardi, Giacomo",nineteenth_century_bridge,nineteenth_century_bridge,activation_candidate,,activate_core,nineteenth_century_bridge,preserve_rendered_tei_text,5618,,passed canonical TEI role audit,http://www.bibliotecaitaliana.it/scheda/bibit001220,2a27c447cce40d4348cddf9b081fb13c470b0a85a142a617d30afbf8c5390137
bibit001001,L'Arte Poetica di Orazio travestita ed esposta in ottava rima (1811),"Leopardi, Giacomo",nineteenth_century_bridge,nineteenth_century_bridge,activation_candidate,note_multilingual_metadata,activate_core,nineteenth_century_bridge,preserve_rendered_tei_text,15981,,passed canonical TEI role audit,http://www.bibliotecaitaliana.it/scheda/bibit001001,31aac075eaec6282bcef26aab3013ebbd8c6a8875c89c790269a555bc9b95ee9
bibit000371,La Campagna,"Leopardi, Giacomo",nineteenth_century_bridge,nineteenth_century_bridge,activation_candidate,,activate_core,nineteenth_century_bridge,preserve_rendered_tei_text,5386,,passed canonical TEI role audit,http://www.bibliotecaitaliana.it/scheda/bibit000371,44fb1e44dba53fe2b2ebb4f40ac0d6498f5460e4ebccf9f8d892bf218bcfba3a
bibit001064,La Torta,"Leopardi, Giacomo",nineteenth_century_bridge,nineteenth_century_bridge,activation_candidate,,activate_core,nineteenth_century_bridge,preserve_rendered_tei_text,6119,,passed canonical TEI role audit,http://www.bibliotecaitaliana.it/scheda/bibit001064,f978feb19fd8dadf3b4f331009b55ac38b97060203dd9f298767baec5f468ec7
bibit000146,La flagellazione,"Leopardi, Giacomo",nineteenth_century_bridge,nineteenth_century_bridge,activation_candidate,note_multilingual_metadata,activate_core,nineteenth_century_bridge,preserve_rendered_tei_text,12446,,passed canonical TEI role audit,http://www.bibliotecaitaliana.it/scheda/bibit000146,ae1f95ea85a80007d9606a06c803e6f28bdc5f4b895838b5d134daeee696beb5
bibit000617,La guerra dei topi e delle rane (1815),"Leopardi, Giacomo",nineteenth_century_bridge,nineteenth_century_bridge,activation_candidate,,activate_core,nineteenth_century_bridge,preserve_rendered_tei_text,16669,,passed canonical TEI role audit,http://www.bibliotecaitaliana.it/scheda/bibit000617,a2917c601dde2e124076533d17125dbe061544510da8abef98dc394c507f7ef1
bibit000940,La virtù indiana (1811),"Leopardi, Giacomo",nineteenth_century_bridge,nineteenth_century_bridge,activation_candidate,,activate_core,nineteenth_century_bridge,preserve_rendered_tei_text,30682,,passed canonical TEI role audit,http://www.bibliotecaitaliana.it/scheda/bibit000940,b59fa4469b4266f74ae448e272a77b9def43d86e1af3631c67291d710131a151
bibit000837,Le Notti Puniche,"Leopardi, Giacomo",nineteenth_century_bridge,nineteenth_century_bridge,activation_candidate,,activate_core,nineteenth_century_bridge,preserve_rendered_tei_text,16692,,passed canonical TEI role audit,http://www.bibliotecaitaliana.it/scheda/bibit000837,37c57b53dcfc1178777b4074d299b7dbb54933d104363b67c37ec0894ad1a8f0
bibit001175,Le rimembranze,"Leopardi, Giacomo",nineteenth_century_bridge,nineteenth_century_bridge,activation_candidate,,activate_core,nineteenth_century_bridge,preserve_rendered_tei_text,5364,,passed canonical TEI role audit,http://www.bibliotecaitaliana.it/scheda/bibit001175,55719c10119ead331c93c8a78da2c101e02dd1478a21bb5df42e60ab574ac2e0
bibit000789,Lettera ai Sigg. compilatori della Biblioteca Italiana in risposta a quella di Mad. la baronessa di Staël Holstein ai medesimi,"Leopardi, Giacomo",nineteenth_century_bridge,nineteenth_century_bridge,activation_candidate,,activate_core,nineteenth_century_bridge,preserve_rendered_tei_text,13141,,passed canonical TEI role audit,http://www.bibliotecaitaliana.it/scheda/bibit000789,0810b5ec43d845c8af403a5a8699014b7d72e2c78fae8fd7a7b47361e82c3166
bibit001595,Lettera al Ch. Pietro Giordani sopra il Frontone del Mai,"Leopardi, Giacomo",nineteenth_century_bridge,nineteenth_century_bridge,activation_candidate,,activate_core,nineteenth_century_bridge,preserve_rendered_tei_text,52708,,passed canonical TEI role audit,http://www.bibliotecaitaliana.it/scheda/bibit001595,8e796f4bce2595236294b1546c8ca2390a374cb3936fe2aeb14a2063243b8f5d
bibit000104,Manifesti e annuncio bibliografico di un'edizione delle opere di Cicerone,"Leopardi, Giacomo",nineteenth_century_bridge,nineteenth_century_bridge,activation_candidate,note_multilingual_metadata,activate_core,nineteenth_century_bridge,preserve_rendered_tei_text,16004,,passed canonical TEI role audit,http://www.bibliotecaitaliana.it/scheda/bibit000104,c865230ee58b2109bb657eaa82fac15881efa6ae8a6d79a965dc58ce7f7a2eba
bibit000755,Manuale di Epitteto,"Leopardi, Giacomo",nineteenth_century_bridge,nineteenth_century_bridge,activation_candidate,,activate_core,nineteenth_century_bridge,preserve_rendered_tei_text,50001,,passed canonical TEI role audit,http://www.bibliotecaitaliana.it/scheda/bibit000755,48cb3c0ec42ebab5d170e2d2d53b3fb302d0559599d888185af89b70cad7bd15
bibit001266,Maria Antonietta,"Leopardi, Giacomo",nineteenth_century_bridge,nineteenth_century_bridge,activation_candidate,,activate_core,nineteenth_century_bridge,preserve_rendered_tei_text,4331,,passed canonical TEI role audit,http://www.bibliotecaitaliana.it/scheda/bibit001266,2a573a8e529c0b1dfaaa814e157652be56321281ad93bfcd98a04045a0ab35b2
bibit000885,Martirio de' santi padri del monte Sinai e dell'eremo di Raitu composto da Ammonio monaco,"Leopardi, Giacomo",nineteenth_century_bridge,nineteenth_century_bridge,activation_candidate,note_multilingual_metadata,activate_core,nineteenth_century_bridge,preserve_rendered_tei_text,38471,,passed canonical TEI role audit,http://www.bibliotecaitaliana.it/scheda/bibit000885,35ec6699f86026443020d5aeb2d93f50bc4e555be73b63c31a683d42429ba908
bibit001058,Nella morte di una donna fatta trucidare col suo portato dal corruttore,"Leopardi, Giacomo",nineteenth_century_bridge,nineteenth_century_bridge,activation_candidate,,activate_core,nineteenth_century_bridge,preserve_rendered_tei_text,2112,,passed canonical TEI role audit,http://www.bibliotecaitaliana.it/scheda/bibit001058,181e7e6c65bf2fa09b4ecec7bbc1b76d9efb5dd7f31f96db5ad5d5f64cc72989
bibit000066,Notizie istoriche e geografiche sulla città e chiesa arcivescovile di Damiata,"Leopardi, Giacomo",nineteenth_century_bridge,nineteenth_century_bridge,activation_candidate,note_multilingual_metadata,activate_core,nineteenth_century_bridge,preserve_rendered_tei_text,9309,,passed canonical TEI role audit,http://www.bibliotecaitaliana.it/scheda/bibit000066,985dd719f1bd9b05084e8734e0374c5c94dab01bbd3ffc6249eae19f41df508d
bibit001502,Odae adespotae,"Leopardi, Giacomo",nineteenth_century_bridge,nineteenth_century_bridge,activation_candidate,,activate_core,nineteenth_century_bridge,preserve_rendered_tei_text,179358,,passed canonical TEI role audit,http://www.bibliotecaitaliana.it/scheda/bibit001502,2b2f50b71d3857b0bb3c8539c7279245a63baf0bf6bac38fe158285617d2c868
bibit001662,Odi di Orazio (1809),"Leopardi, Giacomo",nineteenth_century_bridge,nineteenth_century_bridge,activation_candidate,,activate_core,nineteenth_century_bridge,preserve_rendered_tei_text,40818,,passed canonical TEI role audit,http://www.bibliotecaitaliana.it/scheda/bibit001662,e9072c2f67c68c6382c0515007c66b131c34cc66c08f1571cc7176fd3d90e40f
bibit000058,Operette morali d'Isocrate,"Leopardi, Giacomo",nineteenth_century_bridge,nineteenth_century_bridge,activation_candidate,,activate_core,nineteenth_century_bridge,preserve_rendered_tei_text,127588,,passed canonical TEI role audit,http://www.bibliotecaitaliana.it/scheda/bibit000058,45e81d7a40ddc75b0d7ee5b43fac5f4ffdf97d4ea731864b9c537ff13b61859e
bibit000466,Paralipomeni della Batracomiomachia,"Leopardi, Giacomo",nineteenth_century_bridge,nineteenth_century_bridge,activation_candidate,,activate_core,nineteenth_century_bridge,preserve_rendered_tei_text,112587,,passed canonical TEI role audit,http://www.bibliotecaitaliana.it/scheda/bibit000466,0a3b72a90e367b512abda0d5de392279cf192496bc995fe35ef2c4b382f65b1d
bibit000531,Parere sopra il Salterio ebraico,"Leopardi, Giacomo",nineteenth_century_bridge,nineteenth_century_bridge,activation_candidate,,activate_core,nineteenth_century_bridge,preserve_rendered_tei_text,15097,,passed canonical TEI role audit,http://www.bibliotecaitaliana.it/scheda/bibit000531,4e4fc571f5b4413d6d87b73a35bfe412444db34d5a84de5dcd162bb904799ac9
bibit000436,Pensieri,"Leopardi, Giacomo",nineteenth_century_bridge,nineteenth_century_bridge,activation_candidate,,activate_core,nineteenth_century_bridge,preserve_rendered_tei_text,113066,,passed canonical TEI role audit,http://www.bibliotecaitaliana.it/scheda/bibit000436,fd30b57df606e7021e937b9f53109740b0dfd09380f4c83a96e094ffa4a85ae4
bibit000870,Pensieri di varia filosofia e di bella letteratura,"Leopardi, Giacomo",nineteenth_century_bridge,nineteenth_century_bridge,activation_candidate,,activate_core,nineteenth_century_bridge,preserve_rendered_tei_text,28787,,passed canonical TEI role audit,http://www.bibliotecaitaliana.it/scheda/bibit000870,293fdfa7cc95f67e647487ef4a4c3f7501336d50d6dfbcab9773406dc73ed4f8
bibit000632,Per il Giorno delle Ceneri,"Leopardi, Giacomo",nineteenth_century_bridge,nineteenth_century_bridge,activation_candidate,,activate_core,nineteenth_century_bridge,preserve_rendered_tei_text,1311,,passed canonical TEI role audit,http://www.bibliotecaitaliana.it/scheda/bibit000632,2c8cf1f3c1677b46170eee0287ba3fe0f0b428042970f6eb27dc22663ac1e25a
bibit001430,Per una donna malata di malattia lunga e mortale,"Leopardi, Giacomo",nineteenth_century_bridge,nineteenth_century_bridge,activation_candidate,,activate_core,nineteenth_century_bridge,preserve_rendered_tei_text,3267,,passed canonical TEI role audit,http://www.bibliotecaitaliana.it/scheda/bibit001430,b282aa33f775f5b868f5d8647f46a7dbc53c9c43bc77d284df61aefa0dbb8660
bibit001666,Pompeo in Egitto,"Leopardi, Giacomo",nineteenth_century_bridge,nineteenth_century_bridge,activation_candidate,note_multilingual_metadata,activate_core,nineteenth_century_bridge,preserve_rendered_tei_text,38208,,passed canonical TEI role audit,http://www.bibliotecaitaliana.it/scheda/bibit001666,3b5d764315a2487f8e821d1ea9aac2fb3b62afeb9d9a5c95358e011837a5e585
bibit000334,Premessa all'ultimo canto di Saffo,"Leopardi, Giacomo",nineteenth_century_bridge,nineteenth_century_bridge,activation_candidate,,activate_core,nineteenth_century_bridge,preserve_rendered_tei_text,2738,,passed canonical TEI role audit,http://www.bibliotecaitaliana.it/scheda/bibit000334,328e9cac6e3cd7b312e5a53fc37ea23279cab137874b994574b9590e1f796db5
bibit000172,"Presentazione delle Canzoni (Nuovo Ricoglitore, 1825)","Leopardi, Giacomo",nineteenth_century_bridge,nineteenth_century_bridge,activation_candidate,,activate_core,nineteenth_century_bridge,preserve_rendered_tei_text,6541,,passed canonical TEI role audit,http://www.bibliotecaitaliana.it/scheda/bibit000172,6a72cf553956b1c030a16725e368ff6bde0f07c590e0f60abe3875a96a7cab7a
bibit001279,Principio di un rifacimento del Saggio sopra gli errori popolari degli antichi,"Leopardi, Giacomo",nineteenth_century_bridge,nineteenth_century_bridge,activation_candidate,,activate_core,nineteenth_century_bridge,preserve_rendered_tei_text,20254,,passed canonical TEI role audit,http://www.bibliotecaitaliana.it/scheda/bibit001279,6e210d19f2aa8aa0131d87ed25fe2803eefe5323f8bb625fa77a885e3f0571a2
bibit000329,Prose varie (1809),"Leopardi, Giacomo",nineteenth_century_bridge,nineteenth_century_bridge,activation_candidate,,activate_core,nineteenth_century_bridge,preserve_rendered_tei_text,27670,,passed canonical TEI role audit,http://www.bibliotecaitaliana.it/scheda/bibit000329,1dd6ab676f7a919a4d63f87d795c8ba9a9f5fc65d24330d1647cf7db71048c8d
bibit000583,Ragionamento d'Isocrate a Filippo,"Leopardi, Giacomo",nineteenth_century_bridge,nineteenth_century_bridge,activation_candidate,,activate_core,nineteenth_century_bridge,preserve_rendered_tei_text,7843,,passed canonical TEI role audit,http://www.bibliotecaitaliana.it/scheda/bibit000583,348734c87e7d971073655be89deafbf47e62347a8c184806dd1aa8d39458fe7e
bibit000088,Saggio sopra gli errori popolari degli antichi,"Leopardi, Giacomo",nineteenth_century_bridge,nineteenth_century_bridge,activation_candidate,,activate_core,nineteenth_century_bridge,preserve_rendered_tei_text,331921,,passed canonical TEI role audit,http://www.bibliotecaitaliana.it/scheda/bibit000088,d5c07468947e70694331ead3a328f57a1f17a2d4e839cc1ff1a12470531a8f1c
bibit000372,Sansone (1809),"Leopardi, Giacomo",nineteenth_century_bridge,nineteenth_century_bridge,activation_candidate,,activate_core,nineteenth_century_bridge,preserve_rendered_tei_text,2604,,passed canonical TEI role audit,http://www.bibliotecaitaliana.it/scheda/bibit000372,1f6b1db571b79b0545fa7e3e4ecf09e68a945351803c388f12a38227ccf12b6d
bibit000606,Scherzi epigrammatici,"Leopardi, Giacomo",nineteenth_century_bridge,nineteenth_century_bridge,activation_candidate,,activate_core,nineteenth_century_bridge,preserve_rendered_tei_text,3694,,passed canonical TEI role audit,http://www.bibliotecaitaliana.it/scheda/bibit000606,17fd92b0d36eedafafef0a9ff9913925a10ce3d9a7efa9cc736e2e56bab05d18
bibit000105,Scritti vari,"Leopardi, Giacomo",nineteenth_century_bridge,nineteenth_century_bridge,activation_candidate,note_multilingual_metadata,activate_core,nineteenth_century_bridge,preserve_rendered_tei_text,14923,,passed canonical TEI role audit,http://www.bibliotecaitaliana.it/scheda/bibit000105,7dcda3b1b1e2edb23e93d7bf011f55f64f5ec6f5ad8909eeb367db198b874d3f
bibit001496,Scritti vari (1810),"Leopardi, Giacomo",nineteenth_century_bridge,nineteenth_century_bridge,activation_candidate,note_multilingual_metadata,activate_core,nineteenth_century_bridge,preserve_rendered_tei_text,12748,,passed canonical TEI role audit,http://www.bibliotecaitaliana.it/scheda/bibit001496,63aa0060e3d5453134687fd27edef01338dce79d4da1517f276fdd86b2db991e
bibit000290,Sopra due voci italiane,"Leopardi, Giacomo",nineteenth_century_bridge,nineteenth_century_bridge,activation_candidate,,activate_core,nineteenth_century_bridge,preserve_rendered_tei_text,11728,,passed canonical TEI role audit,http://www.bibliotecaitaliana.it/scheda/bibit000290,ad25c48128648752db888185ba6af72539859db9baf03c69b22102dc3722e260
bibit000629,Sopra un sepolcro aperto da un aratore,"Leopardi, Giacomo",nineteenth_century_bridge,nineteenth_century_bridge,activation_candidate,,activate_core,nineteenth_century_bridge,preserve_rendered_tei_text,433,,passed canonical TEI role audit,http://www.bibliotecaitaliana.it/scheda/bibit000629,c7d3ac5476f09244363be5ab6e9b7d93df91cdab8ef08a13f9cd172b49cae3ed
bibit001598,Storia dell'astronomia,"Leopardi, Giacomo",nineteenth_century_bridge,nineteenth_century_bridge,activation_candidate,,activate_core,nineteenth_century_bridge,preserve_rendered_tei_text,684202,,passed canonical TEI role audit,http://www.bibliotecaitaliana.it/scheda/bibit001598,bcc25a1a2b4ed5675516911092a866406bdeb4fa9660cd8b96a9fda9c37b5f45
bibit000324,Storia di un'anima,"Leopardi, Giacomo",nineteenth_century_bridge,nineteenth_century_bridge,activation_candidate,,activate_core,nineteenth_century_bridge,preserve_rendered_tei_text,2705,,passed canonical TEI role audit,http://www.bibliotecaitaliana.it/scheda/bibit000324,cf7d20bf51c85c3dcbc488d493ba2b568f74ad8103694445120156c7985605ea
bibit001285,Sull'Eusebio del Mai,"Leopardi, Giacomo",nineteenth_century_bridge,nineteenth_century_bridge,activation_candidate,,activate_core,nineteenth_century_bridge,preserve_rendered_tei_text,12983,,passed canonical TEI role audit,http://www.bibliotecaitaliana.it/scheda/bibit001285,fb136c9fc1d92366db49b12791aa1ec0b6ac95dc9ae03396f2ea5b603ebfc0e4
bibit001059,"Supplemento al progetto di varie opere: Il primo delitto, o la vergine guasta","Leopardi, Giacomo",nineteenth_century_bridge,nineteenth_century_bridge,activation_candidate,,activate_core,nineteenth_century_bridge,preserve_rendered_tei_text,504,,passed canonical TEI role audit,http://www.bibliotecaitaliana.it/scheda/bibit001059,afce942e6f950890b15e3ff0c2d62e8e557dd5f4da4802547faa1628b9b830e8
bibit000397,Telesilla,"Leopardi, Giacomo",nineteenth_century_bridge,nineteenth_century_bridge,activation_candidate,,activate_core,nineteenth_century_bridge,preserve_rendered_tei_text,34629,,passed canonical TEI role audit,http://www.bibliotecaitaliana.it/scheda/bibit000397,a072d55696080e95c67b5576b50664c74194b8aecc0d70bd2857d706baa6f067
bibit000995,Titanomachia di Esiodo,"Leopardi, Giacomo",nineteenth_century_bridge,nineteenth_century_bridge,activation_candidate,note_multilingual_metadata,activate_core,nineteenth_century_bridge,preserve_rendered_tei_text,2689,,passed canonical TEI role audit,http://www.bibliotecaitaliana.it/scheda/bibit000995,c6dd49246f48df14d1c059cfcf2bdd89962d6f90456a3753e157d554819c617a
bibit001511,Traduzioni dall'Eneide,"Leopardi, Giacomo",nineteenth_century_bridge,nineteenth_century_bridge,activation_candidate,,activate_core,nineteenth_century_bridge,preserve_rendered_tei_text,42081,,passed canonical TEI role audit,http://www.bibliotecaitaliana.it/scheda/bibit001511,6270ddd01deec411df42e3f74020d42c422a1617d5008d96c4f8421db8cd4464
bibit001333,Traduzioni poetiche varie,"Leopardi, Giacomo",nineteenth_century_bridge,nineteenth_century_bridge,activation_candidate,,activate_core,nineteenth_century_bridge,preserve_rendered_tei_text,10834,,passed canonical TEI role audit,http://www.bibliotecaitaliana.it/scheda/bibit001333,75dbdb8879abfc8b634ed5c121179791636e9696e97b3e0e092886cc8daf6916
bibit000786,Trattato del sublime,"Leopardi, Giacomo",nineteenth_century_bridge,nineteenth_century_bridge,activation_candidate,,activate_core,nineteenth_century_bridge,preserve_rendered_tei_text,482,,passed canonical TEI role audit,http://www.bibliotecaitaliana.it/scheda/bibit000786,f8155e5bc4d5fac94f0c1cef9ed529e6926127b5bbc0ff81259ad8db1b98c667
bibit001190,Versi (ed. Bologna 1826),"Leopardi, Giacomo",nineteenth_century_bridge,nineteenth_century_bridge,activation_candidate,,activate_core,nineteenth_century_bridge,preserve_rendered_tei_text,24529,,passed canonical TEI role audit,http://www.bibliotecaitaliana.it/scheda/bibit001190,8557c16cdb0e057b7e5c872506df280d3681a9fea5a353f40a539924f2a79ae0
bibit001704,Volgarizzamento da Luciano,"Leopardi, Giacomo",nineteenth_century_bridge,nineteenth_century_bridge,activation_candidate,,activate_core,nineteenth_century_bridge,preserve_rendered_tei_text,2175,,passed canonical TEI role audit,http://www.bibliotecaitaliana.it/scheda/bibit001704,44f76aeaff2f9e366309393f86a8471721a35d4d231bf51fdc08fef0f2db3c8a
bibit001705,Zibaldone di pensieri,"Leopardi, Giacomo",nineteenth_century_bridge,nineteenth_century_bridge,review_required,review_editorial_references,activate_core,nineteenth_century_bridge,preserve_rendered_tei_text,5550879,,cross-reference phrases are authorial text and remain unchanged,http://www.bibliotecaitaliana.it/scheda/bibit001705,8068e1b27fd92fc73df98ebfe5c86cff807ac7dc2090e6b0e2ed529e750255f5
bibit001644,Lettere ai figli esuli,"Macinghi Strozzi, Alessandra",nineteenth_century_bridge,nineteenth_century_bridge,activation_candidate,,activate_core,nineteenth_century_bridge,preserve_rendered_tei_text,388283,,passed canonical TEI role audit,http://www.bibliotecaitaliana.it/scheda/bibit001644,1ca9fadd5e70d6aebec5d57944fde9663bb0bd06879f0a7748fb80a6c4fc4e8a
bibit000620,Adelchi,"Manzoni, Alessandro",nineteenth_century_bridge,nineteenth_century_bridge,activation_candidate,,activate_core,nineteenth_century_bridge,preserve_rendered_tei_text,90963,,passed canonical TEI role audit,http://www.bibliotecaitaliana.it/scheda/bibit000620,03d951a3e70aa75c6120dafeb34398a2a57ab6759c09530221cde0ce1868d0e3
bibit000572,Appunti per Spartaco,"Manzoni, Alessandro",nineteenth_century_bridge,nineteenth_century_bridge,activation_candidate,,activate_core,nineteenth_century_bridge,preserve_rendered_tei_text,18440,,passed canonical TEI role audit,http://www.bibliotecaitaliana.it/scheda/bibit000572,5a989f3a652c12716dd69f5edbc4ebf91e80c8f7b16f8f966874c45170ac5fe8
bibit000714,Avviso per la traduzione dell'Essai sur l'indifférence en matière de religion dell'abate Lamennais,"Manzoni, Alessandro",nineteenth_century_bridge,nineteenth_century_bridge,activation_candidate,,activate_core,nineteenth_century_bridge,preserve_rendered_tei_text,2769,,passed canonical TEI role audit,http://www.bibliotecaitaliana.it/scheda/bibit000714,10c70178fc5dfcec3fc31e967896af93af27f3a74062494fe7f669f4e205949c
bibit001488,Del romanzo storico,"Manzoni, Alessandro",nineteenth_century_bridge,nineteenth_century_bridge,activation_candidate,,activate_core,nineteenth_century_bridge,preserve_rendered_tei_text,125408,,passed canonical TEI role audit,http://www.bibliotecaitaliana.it/scheda/bibit001488,f1909755f27b8fb5e3766c2faeb75f687e5fe3c3bfb83862c192c491ce90a45f
bibit000753,Dell'indipendenza dell'Italia,"Manzoni, Alessandro",nineteenth_century_bridge,nineteenth_century_bridge,activation_candidate,,activate_core,nineteenth_century_bridge,preserve_rendered_tei_text,36974,,passed canonical TEI role audit,http://www.bibliotecaitaliana.it/scheda/bibit000753,16ecfa044916ee5153d8172a6009a901204636cb1f0875c0c60b4d171976e597
bibit001568,Dell'invenzione. Dialogo,"Manzoni, Alessandro",nineteenth_century_bridge,nineteenth_century_bridge,activation_candidate,,activate_core,nineteenth_century_bridge,preserve_rendered_tei_text,119865,,passed canonical TEI role audit,http://www.bibliotecaitaliana.it/scheda/bibit001568,77bddb79bcfeacc6cc0c833f31664e5ef0c39cbb29dfdf812e4cb336ca145a71
bibit001465,Dell'unità della lingua e dei mezzi di diffonderla,"Manzoni, Alessandro",nineteenth_century_bridge,nineteenth_century_bridge,activation_candidate,,activate_core,nineteenth_century_bridge,preserve_rendered_tei_text,159056,,passed canonical TEI role audit,http://www.bibliotecaitaliana.it/scheda/bibit001465,b7da967fac89d59c76febf1e418d00d14d27130b6973faa0ed95708d1f8f2f25
bibit001453,Dell'unità della lingua. Appendice alla relazione,"Manzoni, Alessandro",nineteenth_century_bridge,nineteenth_century_bridge,activation_candidate,,activate_core,nineteenth_century_bridge,preserve_rendered_tei_text,118331,,passed canonical TEI role audit,http://www.bibliotecaitaliana.it/scheda/bibit001453,b20987c39269b35f243557798eb2adcffa86328f3545d66eb81eb8ec636b3af4
bibit000965,Della lingua italiana. Quinta redazione e appendice.,"Manzoni, Alessandro",nineteenth_century_bridge,nineteenth_century_bridge,activation_candidate,note_multilingual_metadata,activate_core,nineteenth_century_bridge,preserve_rendered_tei_text,551069,,passed canonical TEI role audit,http://www.bibliotecaitaliana.it/scheda/bibit000965,dcc4beebcb6d72428686b6bf8cc7afe53d32206853db551d333a587ec76fa286
bibit000437,Della moralità delle opere tragiche,"Manzoni, Alessandro",nineteenth_century_bridge,nineteenth_century_bridge,activation_candidate,,activate_core,nineteenth_century_bridge,preserve_rendered_tei_text,23239,,passed canonical TEI role audit,http://www.bibliotecaitaliana.it/scheda/bibit000437,7cece0fa41624e79f1adbdb209946870dfef77a379e7a89fb9fba670afe7655e
bibit001237,Della parte che possa competere agli scrittori nelle lingue,"Manzoni, Alessandro",nineteenth_century_bridge,nineteenth_century_bridge,activation_candidate,,activate_core,nineteenth_century_bridge,preserve_rendered_tei_text,3735,,passed canonical TEI role audit,http://www.bibliotecaitaliana.it/scheda/bibit001237,1e03de3f41ff28744b5993cd53dd00b71d7763315ab86fd0ba5332f6b1409b52
bibit001170,Di alcuni modi di dire opposti alle regole ricevute,"Manzoni, Alessandro",nineteenth_century_bridge,nineteenth_century_bridge,activation_candidate,,activate_core,nineteenth_century_bridge,preserve_rendered_tei_text,8628,,passed canonical TEI role audit,http://www.bibliotecaitaliana.it/scheda/bibit001170,e35f7a8283e493e1728f98dba424676f41ec696f88e80c3635b48e1bc1f7dac0
bibit000975,Discorso sopra alcuni punti della storia longobardica in Italia,"Manzoni, Alessandro",nineteenth_century_bridge,nineteenth_century_bridge,activation_candidate,,activate_core,nineteenth_century_bridge,preserve_rendered_tei_text,432250,,passed canonical TEI role audit,http://www.bibliotecaitaliana.it/scheda/bibit000975,4a41680fc8c4d5ea8ebdd127cc2d86fd2d7e76f33d45aaffc9433eb56dfcdb5b
bibit000897,Epistolario. Carteggio A. Manzoni - A.Rosmini,"Manzoni, Alessandro",nineteenth_century_bridge,nineteenth_century_bridge,activation_candidate,,activate_core,nineteenth_century_bridge,preserve_rendered_tei_text,221971,,passed canonical TEI role audit,http://www.bibliotecaitaliana.it/scheda/bibit000897,7f09d8aedc04ceece320a4ce7c3039ab5f1cb6d2e7e7d134cde50cbb06c5cb90
bibit001398,Epistolario. Carteggio A. Manzoni-C. Fauriel,"Manzoni, Alessandro",nineteenth_century_bridge,nineteenth_century_bridge,activation_candidate,,activate_core,nineteenth_century_bridge,preserve_rendered_tei_text,430396,,passed canonical TEI role audit,http://www.bibliotecaitaliana.it/scheda/bibit001398,2316414dbb918b4a7feb05bfc08fea2597ed8137be5ee41e3fc050e0ef8c8454
bibit000303,Epistolario. Lettere dal 1803 al 1832,"Manzoni, Alessandro",nineteenth_century_bridge,nineteenth_century_bridge,review_required,review_editorial_brackets,activate_core_with_bracket_cleanup,nineteenth_century_bridge,strip_editorial_square_delimiters_and_labels,1182719,,retain supplied historical text while removing editorial bracket notation,http://www.bibliotecaitaliana.it/scheda/bibit000303,e651cc4895e8dad51078974ee22e88355b8c3bc88a16e5d318fcfa355c086966
bibit000600,Epistolario. Lettere dal 1833 al 1853,"Manzoni, Alessandro",nineteenth_century_bridge,nineteenth_century_bridge,review_required,review_editorial_brackets,activate_core_with_bracket_cleanup,nineteenth_century_bridge,strip_editorial_square_delimiters_and_labels,1067852,,retain supplied historical text while removing editorial bracket notation,http://www.bibliotecaitaliana.it/scheda/bibit000600,bcbe17dccfe01a976cf15609894f7deaf2a78ba7ddbedbf1821e1c9b5bd37ee7
bibit000925,Epistolario. Lettere dal 1854 al 1873,"Manzoni, Alessandro",nineteenth_century_bridge,nineteenth_century_bridge,review_required,review_editorial_brackets,activate_core_with_bracket_cleanup,nineteenth_century_bridge,strip_editorial_square_delimiters_and_labels,775732,,retain supplied historical text while removing editorial bracket notation,http://www.bibliotecaitaliana.it/scheda/bibit000925,a188cc83468519e89f4345b4c847aa1cc8fb539abedfade34189b359d0fe87f6
bibit000431,Fermo e Lucia,"Manzoni, Alessandro",nineteenth_century_bridge,nineteenth_century_bridge,activation_candidate,note_multilingual_metadata,activate_core,nineteenth_century_bridge,preserve_rendered_tei_text,1318796,,passed canonical TEI role audit,http://www.bibliotecaitaliana.it/scheda/bibit000431,e6a4b4467f1d1143888a296551ddb6e3df32a19893359365185352d2b80cbc6b
bibit000598,Frammenti di un libro d'avanzo,"Manzoni, Alessandro",nineteenth_century_bridge,nineteenth_century_bridge,activation_candidate,,activate_core,nineteenth_century_bridge,preserve_rendered_tei_text,4228,,passed canonical TEI role audit,http://www.bibliotecaitaliana.it/scheda/bibit000598,d18a7157dbd0227d20da7e0a40e0205d01914f603a710be66972fc3a3bd546ec
bibit000612,Il conte di Carmagnola,"Manzoni, Alessandro",nineteenth_century_bridge,nineteenth_century_bridge,activation_candidate,,activate_core,nineteenth_century_bridge,preserve_rendered_tei_text,83080,,passed canonical TEI role audit,http://www.bibliotecaitaliana.it/scheda/bibit000612,7b228705039c037da3875919c3fcea693484ac1fdcc6e362aa2788536c30023d
bibit001364,Indipendenza politica e liberismo economico,"Manzoni, Alessandro",nineteenth_century_bridge,nineteenth_century_bridge,activation_candidate,,activate_core,nineteenth_century_bridge,preserve_rendered_tei_text,9113,,passed canonical TEI role audit,http://www.bibliotecaitaliana.it/scheda/bibit001364,70e1edbf40f3ad19abed804636528703b337dc877f0cf947242da6e04586ae74
bibit000695,Inni e Odi,"Manzoni, Alessandro",nineteenth_century_bridge,nineteenth_century_bridge,activation_candidate,,activate_core,nineteenth_century_bridge,preserve_rendered_tei_text,25246,,passed canonical TEI role audit,http://www.bibliotecaitaliana.it/scheda/bibit000695,2c0e36b3492d1c94c2da21d4997d3a69583fe7f917e4e2c10d85761f7097eeb8
bibit000403,L'unità dell'Italia e la quadratura del circolo,"Manzoni, Alessandro",nineteenth_century_bridge,nineteenth_century_bridge,activation_candidate,,activate_core,nineteenth_century_bridge,preserve_rendered_tei_text,3047,,passed canonical TEI role audit,http://www.bibliotecaitaliana.it/scheda/bibit000403,1ff6eda04410f69092fc2a05d5dce214117d6ab4df2c9d97d005ba522c3fe24b
bibit000986,La Rivoluzione francese del 1789 e la rivoluzione italiana del 1859. Saggio comparativo,"Manzoni, Alessandro",nineteenth_century_bridge,nineteenth_century_bridge,activation_candidate,,activate_core,nineteenth_century_bridge,preserve_rendered_tei_text,437529,,passed canonical TEI role audit,http://www.bibliotecaitaliana.it/scheda/bibit000986,aa69bf5e57f9bd7399ca051ca391d5398591240b8aaebfe5034972bc3dcfaf21
bibit001533,Lettera a Rosmini Sul Piacere,"Manzoni, Alessandro",nineteenth_century_bridge,nineteenth_century_bridge,activation_candidate,,activate_core,nineteenth_century_bridge,preserve_rendered_tei_text,16112,,passed canonical TEI role audit,http://www.bibliotecaitaliana.it/scheda/bibit001533,34609560f7ce55103e2ae09bba647cf71cf50d1b1553c835dda646e876067a17
bibit000322,Lettera ad Alphonse de Lamartine,"Manzoni, Alessandro",nineteenth_century_bridge,nineteenth_century_bridge,activation_candidate,,activate_core,nineteenth_century_bridge,preserve_rendered_tei_text,2749,,passed canonical TEI role audit,http://www.bibliotecaitaliana.it/scheda/bibit000322,3b900adf33cea19fb72bb87979163d5d6004b0732fd84dfca19647c5a14a14e1
bibit000797,Lettera ad Antonio Cesari,"Manzoni, Alessandro",nineteenth_century_bridge,nineteenth_century_bridge,activation_candidate,,activate_core,nineteenth_century_bridge,preserve_rendered_tei_text,30319,,passed canonical TEI role audit,http://www.bibliotecaitaliana.it/scheda/bibit000797,4c806410882329db286dc5d346dca51b697e8d17f3d8003cdade417822edbcf8
bibit001494,Lettera al Casanova,"Manzoni, Alessandro",nineteenth_century_bridge,nineteenth_century_bridge,activation_candidate,,activate_core,nineteenth_century_bridge,preserve_rendered_tei_text,17639,,passed canonical TEI role audit,http://www.bibliotecaitaliana.it/scheda/bibit001494,aa27c04e8905769760b9ce72bd27e15b44da8de9b13195b882f1d86fbcc0dcbc
bibit001578,Lettera al s. prof. Girolamo Boccardo,"Manzoni, Alessandro",nineteenth_century_bridge,nineteenth_century_bridge,activation_candidate,,activate_core,nineteenth_century_bridge,preserve_rendered_tei_text,58569,,passed canonical TEI role audit,http://www.bibliotecaitaliana.it/scheda/bibit001578,7b44b32e4c99255b36fcd1cedee8412c94ed1b842ac91c8a90762a0a13f6f4e3
bibit001392,Lettera intorno al libro De vulgari eloquio,"Manzoni, Alessandro",nineteenth_century_bridge,nineteenth_century_bridge,activation_candidate,,activate_core,nineteenth_century_bridge,preserve_rendered_tei_text,15069,,passed canonical TEI role audit,http://www.bibliotecaitaliana.it/scheda/bibit001392,bf600f2dbc25992b37690a7cab367c91e7232f18bd84669edd3dac5228f067e6
bibit000993,Lettera intorno al vocabolario,"Manzoni, Alessandro",nineteenth_century_bridge,nineteenth_century_bridge,activation_candidate,,activate_core,nineteenth_century_bridge,preserve_rendered_tei_text,24933,,passed canonical TEI role audit,http://www.bibliotecaitaliana.it/scheda/bibit000993,815eba34e9f6db7ee60105e6de2336a64c05dbe3392cd7ff453f29a7a9828fdc
bibit001524,Lettre à M.r C***,"Manzoni, Alessandro",nineteenth_century_bridge,nineteenth_century_bridge,activation_candidate,,activate_core,nineteenth_century_bridge,preserve_rendered_tei_text,166624,,passed canonical TEI role audit,http://www.bibliotecaitaliana.it/scheda/bibit001524,1ee3fabd031ca97eb3523d1d9433a108ad63fe05ed3e73947c3f8a29e4333073
bibit000930,Materiali estetici,"Manzoni, Alessandro",nineteenth_century_bridge,nineteenth_century_bridge,activation_candidate,,activate_core,nineteenth_century_bridge,preserve_rendered_tei_text,82821,,passed canonical TEI role audit,http://www.bibliotecaitaliana.it/scheda/bibit000930,5407b109fe6b197dccc885c4b63c2214b823a82215bec8a2641095941322220a
bibit001458,Osservazione sulla morale cattolica,"Manzoni, Alessandro",nineteenth_century_bridge,nineteenth_century_bridge,activation_candidate,,activate_core,nineteenth_century_bridge,preserve_rendered_tei_text,342052,,passed canonical TEI role audit,http://www.bibliotecaitaliana.it/scheda/bibit001458,ab40a997149339c5018db015b5d2c4bc1cb099009d1ae5ec4f219d5ac4144677
bibit000820,"Osservazioni sulla morale cattolica, appendice al cap. III: Del sistema che fonda la morale sull'utilità","Manzoni, Alessandro",nineteenth_century_bridge,nineteenth_century_bridge,activation_candidate,,activate_core,nineteenth_century_bridge,preserve_rendered_tei_text,102925,,passed canonical TEI role audit,http://www.bibliotecaitaliana.it/scheda/bibit000820,5adfc62acb82af64ec273b4bbcfa3b7dc3c80ebcc53751ea252c866c43383b90
bibit001149,Pensieri sparsi,"Manzoni, Alessandro",nineteenth_century_bridge,nineteenth_century_bridge,review_required,review_editorial_brackets,activate_core_with_bracket_cleanup,nineteenth_century_bridge,strip_editorial_square_delimiters_and_labels,35017,,retain supplied historical text while removing editorial bracket notation,http://www.bibliotecaitaliana.it/scheda/bibit001149,15a671609c6b2a3b6da4939eed6845067113913226f01ebb5a38bae48d693071
bibit000666,Promessi Sposi,"Manzoni, Alessandro",nineteenth_century_bridge,nineteenth_century_bridge,activation_candidate,note_multilingual_metadata,activate_core,nineteenth_century_bridge,preserve_rendered_tei_text,1304768,,passed canonical TEI role audit,http://www.bibliotecaitaliana.it/scheda/bibit000666,d94d0fa66e2fa26a5701ccd0fd3d6f4d2bdeebef2d443895258f55bcd06c7dff
bibit000596,Saggio di una nomenclatura botanica,"Manzoni, Alessandro",nineteenth_century_bridge,nineteenth_century_bridge,activation_candidate,,activate_core,nineteenth_century_bridge,preserve_rendered_tei_text,23747,,passed canonical TEI role audit,http://www.bibliotecaitaliana.it/scheda/bibit000596,42a35a4f25700e5b9bac706a0265bfc51e46646fb4a9f7128b3100442c12f299
bibit000715,Sentir messa,"Manzoni, Alessandro",nineteenth_century_bridge,nineteenth_century_bridge,activation_candidate,,activate_core,nineteenth_century_bridge,preserve_rendered_tei_text,113659,,passed canonical TEI role audit,http://www.bibliotecaitaliana.it/scheda/bibit000715,ca5a8765d5fccd120ff451c4089f8d8c17796bf3d62630b9570fd9756e6b3fcc
bibit000743,Sopra una staffilata del Monti ai Romantici,"Manzoni, Alessandro",nineteenth_century_bridge,nineteenth_century_bridge,activation_candidate,,activate_core,nineteenth_century_bridge,preserve_rendered_tei_text,9111,,passed canonical TEI role audit,http://www.bibliotecaitaliana.it/scheda/bibit000743,3787e41c23d48e748733c2d07ab8dffa9ee6a29ad17ef8ff51a9171d0b93404b
bibit001222,Storia della colonna infame,"Manzoni, Alessandro",nineteenth_century_bridge,nineteenth_century_bridge,activation_candidate,note_multilingual_metadata,activate_core,nineteenth_century_bridge,preserve_rendered_tei_text,212873,,passed canonical TEI role audit,http://www.bibliotecaitaliana.it/scheda/bibit001222,051e1c6beb0fed2b5d4d7c2d6688869ac083d466d46f48244d259f836c088414
bibit000247,Sul Romanticismo. Lettera al marchese Cesare D'Azeglio,"Manzoni, Alessandro",nineteenth_century_bridge,nineteenth_century_bridge,activation_candidate,,activate_core,nineteenth_century_bridge,preserve_rendered_tei_text,114733,,passed canonical TEI role audit,http://www.bibliotecaitaliana.it/scheda/bibit000247,5892c46a02a32884466123f88c551c08f1e9168dc1bd583b1cca0fac13c1bf60
bibit000271,Sulla lingua italiana. Lettera a Giacinto Carena,"Manzoni, Alessandro",nineteenth_century_bridge,nineteenth_century_bridge,activation_candidate,,activate_core,nineteenth_century_bridge,preserve_rendered_tei_text,60758,,passed canonical TEI role audit,http://www.bibliotecaitaliana.it/scheda/bibit000271,504b45ed61af8f4d8b1abffeee2f02de6bc34e93d5918379629beca9eb4dffe8
bibit001618,Sulla polemica fra Branda e Parini,"Manzoni, Alessandro",nineteenth_century_bridge,nineteenth_century_bridge,activation_candidate,,activate_core,nineteenth_century_bridge,preserve_rendered_tei_text,5038,,passed canonical TEI role audit,http://www.bibliotecaitaliana.it/scheda/bibit001618,20ee5ffc6fa219354ef00bfa4e2ed8a1b7919dda3f02c4f2117964fb000d720b
bibit000382,Un argomento ad personam,"Manzoni, Alessandro",nineteenth_century_bridge,nineteenth_century_bridge,activation_candidate,,activate_core,nineteenth_century_bridge,preserve_rendered_tei_text,2543,,passed canonical TEI role audit,http://www.bibliotecaitaliana.it/scheda/bibit000382,064d76b3443e040d5a7a5976903812dd8da8021f426d0344b6a8d8b81488dbae
bibit000064,Studii di bibliografia analitica,"Manzoni, Giacomo",nineteenth_century_bridge,nineteenth_century_bridge,activation_candidate,note_multilingual_metadata,activate_core,nineteenth_century_bridge,preserve_rendered_tei_text,53509,,passed canonical TEI role audit,http://www.bibliotecaitaliana.it/scheda/bibit000064,2e3fee0f4109a9f81eba06b225fe56335db60cbde54aefddd2550afa0ce196ea
bibit001581,Agli Italiani,"Mazzini, Giuseppe",nineteenth_century_bridge,nineteenth_century_bridge,activation_candidate,note_multilingual_metadata,activate_core,nineteenth_century_bridge,preserve_rendered_tei_text,108409,,passed canonical TEI role audit,http://www.bibliotecaitaliana.it/scheda/bibit001581,deff699f49eb63b52b63a1bfadba32745e0b7c0ee2b11d5721452815f03bc948
bibit001103,D'alcune cause che impedirono finora lo sviluppo della libertà in Italia,"Mazzini, Giuseppe",nineteenth_century_bridge,nineteenth_century_bridge,activation_candidate,note_multilingual_metadata,activate_core,nineteenth_century_bridge,preserve_rendered_tei_text,122561,,passed canonical TEI role audit,http://www.bibliotecaitaliana.it/scheda/bibit001103,55ffb7c5c13296f8f6426c85e8bc3397718fbf26f911efcefacdeae8efa0ed8e
bibit000423,Dei doveri dell'uomo,"Mazzini, Giuseppe",nineteenth_century_bridge,nineteenth_century_bridge,activation_candidate,,activate_core,nineteenth_century_bridge,preserve_rendered_tei_text,85094,,passed canonical TEI role audit,http://www.bibliotecaitaliana.it/scheda/bibit000423,adb1a8991b9859446006f8285696cd1b2aeb191790f8792732b485c3a1d3b532
bibit001560,Della Giovine Italia,"Mazzini, Giuseppe",nineteenth_century_bridge,nineteenth_century_bridge,activation_candidate,note_multilingual_metadata,activate_core,nineteenth_century_bridge,preserve_rendered_tei_text,48741,,passed canonical TEI role audit,http://www.bibliotecaitaliana.it/scheda/bibit001560,8e2eb016716783868c7ea61d675e0461f4148d5dcc582225de0e980a743765d7
bibit000516,I sistemi e la democrazia. Pensieri,"Mazzini, Giuseppe",nineteenth_century_bridge,nineteenth_century_bridge,activation_candidate,note_multilingual_metadata,activate_core,nineteenth_century_bridge,preserve_rendered_tei_text,132911,,passed canonical TEI role audit,http://www.bibliotecaitaliana.it/scheda/bibit000516,d9d87f961544853893345a3b0b8e172edc31569dd0808e6ebab2bdab6589db06
bibit001245,Istruzione generale per gli affratellati nella Giovine Italia,"Mazzini, Giuseppe",nineteenth_century_bridge,nineteenth_century_bridge,activation_candidate,,activate_core,nineteenth_century_bridge,preserve_rendered_tei_text,18016,,passed canonical TEI role audit,http://www.bibliotecaitaliana.it/scheda/bibit001245,6469a9c36352516615d7c5e9679c5bf066f35c259463c2efd560c28093be04b3
bibit001462,Stato e Chiesa,"Minghetti, Marco",nineteenth_century_bridge,nineteenth_century_bridge,activation_candidate,note_multilingual_metadata,activate_core,nineteenth_century_bridge,preserve_rendered_tei_text,456283,,passed canonical TEI role audit,http://www.bibliotecaitaliana.it/scheda/bibit001462,06b97afe238666557519179e2aca01cdaccadc9b4fabf92a0f00a07cd588c891
bibit001305,Il Bardo della Selva Nera,"Monti, Vincenzo",nineteenth_century_bridge,nineteenth_century_bridge,activation_candidate,,activate_core,nineteenth_century_bridge,preserve_rendered_tei_text,94542,,passed canonical TEI role audit,http://www.bibliotecaitaliana.it/scheda/bibit001305,6481c3b73dcad31a9d699a09e8a01cf68296292d3e8c0b35b8cd0eadd6dd2233
bibit001329,Il beneficio,"Monti, Vincenzo",nineteenth_century_bridge,nineteenth_century_bridge,activation_candidate,,activate_core,nineteenth_century_bridge,preserve_rendered_tei_text,10688,,passed canonical TEI role audit,http://www.bibliotecaitaliana.it/scheda/bibit001329,39d4527ce9dec9483b5f9a576e236cc5532c8f0481d05b4f9877b4052ba56705
bibit001646,In morte di Lorenzo Mascheroni,"Monti, Vincenzo",nineteenth_century_bridge,nineteenth_century_bridge,activation_candidate,,activate_core,nineteenth_century_bridge,preserve_rendered_tei_text,53969,,passed canonical TEI role audit,http://www.bibliotecaitaliana.it/scheda/bibit001646,15ed1fd88f7ede1e4eb445399cbe366aed128277e95702f60914ed19a56d4f10
bibit000735,La Feroniade,"Monti, Vincenzo",nineteenth_century_bridge,nineteenth_century_bridge,activation_candidate,,activate_core,nineteenth_century_bridge,preserve_rendered_tei_text,70336,,passed canonical TEI role audit,http://www.bibliotecaitaliana.it/scheda/bibit000735,d14d9afce9e2d646b0136d55f07bbc33a2fe340d6b80cc4ac269635c24953696
bibit000114,La palingenesi politica,"Monti, Vincenzo",nineteenth_century_bridge,nineteenth_century_bridge,activation_candidate,,activate_core,nineteenth_century_bridge,preserve_rendered_tei_text,18521,,passed canonical TEI role audit,http://www.bibliotecaitaliana.it/scheda/bibit000114,c99814ee96f6e64af48a5dccb85a0fb656fbb3e4da4faa0bca0c18bf1311089d
bibit000950,La spada di Federico II,"Monti, Vincenzo",nineteenth_century_bridge,nineteenth_century_bridge,activation_candidate,,activate_core,nineteenth_century_bridge,preserve_rendered_tei_text,11116,,passed canonical TEI role audit,http://www.bibliotecaitaliana.it/scheda/bibit000950,7fcf66a97aedd5382675d59d82c9e157f7fab5dbd9988194223bb5b78bbcabfa
bibit001238,Confessioni di un Italiano,"Nievo, Ippolito",nineteenth_century_bridge,nineteenth_century_bridge,activation_candidate,note_multilingual_metadata,activate_core,nineteenth_century_bridge,preserve_rendered_tei_text,2007316,,passed canonical TEI role audit,http://www.bibliotecaitaliana.it/scheda/bibit001238,504d3f615e1f4fb287d0269c5b7c5cdf24dbee413eeb7c960c501c6c0bef2cc3
bibit000627,Canzonette,"Parini, Giuseppe",nineteenth_century_bridge,nineteenth_century_bridge,activation_candidate,,activate_core,nineteenth_century_bridge,preserve_rendered_tei_text,8409,,passed canonical TEI role audit,http://www.bibliotecaitaliana.it/scheda/bibit000627,7649242ec2495f4e9b94bb344a2a270916efa3fde0f9d712f27185758debd7ca
bibit001038,Frammenti,"Parini, Giuseppe",nineteenth_century_bridge,nineteenth_century_bridge,activation_candidate,,activate_core,nineteenth_century_bridge,preserve_rendered_tei_text,6864,,passed canonical TEI role audit,http://www.bibliotecaitaliana.it/scheda/bibit001038,0c306c8622bbca2141de665013ac57d065d56b70e993b8e41c096e9979647673
bibit000969,La rivoluzione,"Pisacane, Carlo, 1818-1857",nineteenth_century_bridge,nineteenth_century_bridge,activation_candidate,note_multilingual_metadata,activate_core,nineteenth_century_bridge,preserve_rendered_tei_text,463082,,passed canonical TEI role audit,http://www.bibliotecaitaliana.it/scheda/bibit000969,85f7c854935d5c9f5171b4c62443f134df8f70423df1821ab1ec739b9953d959
bibit001228,Saggio su la Rivoluzione,"Pisacane, Carlo, 1818-1857",nineteenth_century_bridge,nineteenth_century_bridge,activation_candidate,note_multilingual_metadata,activate_core,nineteenth_century_bridge,preserve_rendered_tei_text,336411,,passed canonical TEI role audit,http://www.bibliotecaitaliana.it/scheda/bibit001228,8b5b1f0c7d14982db8fa05f540f80662f70695a6afb16cc865b8581bd25602e3
bibit000663,Edmenegarda,"Prati, Giovanni",nineteenth_century_bridge,nineteenth_century_bridge,activation_candidate,note_multilingual_metadata,activate_core,nineteenth_century_bridge,preserve_rendered_tei_text,75462,,passed canonical TEI role audit,http://www.bibliotecaitaliana.it/scheda/bibit000663,a7c717b2733bb35eefcfeebc6c102129f23345020bdb8a0ba612d6aba4432ac5
bibit000831,Psiche,"Prati, Giovanni",nineteenth_century_bridge,nineteenth_century_bridge,activation_candidate,note_multilingual_metadata,activate_core,nineteenth_century_bridge,preserve_rendered_tei_text,1633,,passed canonical TEI role audit,http://www.bibliotecaitaliana.it/scheda/bibit000831,3310d50d7a937c8c2bfaf52591295ee85b7e3bf6394df8c390a63ef830703747
bibit001037,Delle famiglie pisane,"Roncioni, Raffaello",nineteenth_century_bridge,nineteenth_century_bridge,activation_candidate,note_multilingual_metadata,activate_core,nineteenth_century_bridge,preserve_rendered_tei_text,281834,,passed canonical TEI role audit,http://www.bibliotecaitaliana.it/scheda/bibit001037,d395099fa092c1236c7161c7f3d0ae00107c5e042a8a8a4f66e3f0cfcdf665f1
bibit000806,L'animo della folla,"Rossi, Pasquale",nineteenth_century_bridge,nineteenth_century_bridge,activation_candidate,note_multilingual_metadata,activate_core,nineteenth_century_bridge,preserve_rendered_tei_text,487536,,passed canonical TEI role audit,http://www.bibliotecaitaliana.it/scheda/bibit000806,22cabaec5f44e995a70a497a6869a104f75f5f41ae2ba2f8659a71b4af887784
bibit001204,Del modo di ordinare una pubblica biblioteca,"Salvioni, Agostino",nineteenth_century_bridge,nineteenth_century_bridge,activation_candidate,note_multilingual_metadata,activate_core,nineteenth_century_bridge,preserve_rendered_tei_text,33450,,passed canonical TEI role audit,http://www.bibliotecaitaliana.it/scheda/bibit001204,55c43a77cc0001293a645e8bd2b8ec6286176b783551ac88a0bfad23970175de
bibit000123,Una vita,"Svevo, Italo",nineteenth_century_bridge,nineteenth_century_bridge,activation_candidate,note_multilingual_metadata,activate_core,nineteenth_century_bridge,preserve_rendered_tei_text,701828,,passed canonical TEI role audit,http://www.bibliotecaitaliana.it/scheda/bibit000123,51ec31b5120e766a350ff04f13f300e11f03e7647d08729935866f5af6dd8538
bibit000537,Fosca,"Tarchetti, Ugo Iginio",nineteenth_century_bridge,nineteenth_century_bridge,activation_candidate,note_multilingual_metadata,activate_core,nineteenth_century_bridge,preserve_rendered_tei_text,338324,,passed canonical TEI role audit,http://www.bibliotecaitaliana.it/scheda/bibit000537,82dbce6049c4a68b305fcc7f3f56a134b7ebb2605843093f2fd4af40511cf545
bibit001225,Fede e bellezza,"Tommaseo, Niccolò",nineteenth_century_bridge,nineteenth_century_bridge,activation_candidate,note_multilingual_metadata,activate_core,nineteenth_century_bridge,preserve_rendered_tei_text,278804,,passed canonical TEI role audit,http://www.bibliotecaitaliana.it/scheda/bibit001225,4d9df5a09aaa47d77b1aabf9f08100c0799e3266631196317cf513405d0527e3
bibit000621,Don Candeloro e C.,"Verga, Giovanni",nineteenth_century_bridge,nineteenth_century_bridge,activation_candidate,note_multilingual_metadata,activate_core,nineteenth_century_bridge,preserve_rendered_tei_text,219220,,passed canonical TEI role audit,http://www.bibliotecaitaliana.it/scheda/bibit000621,6714768a9d39cff37fe9d9d9add33e626d3b03cf160b014f6edf5c9f8f365e57
bibit000804,Eros,"Verga, Giovanni",nineteenth_century_bridge,nineteenth_century_bridge,activation_candidate,,activate_core,nineteenth_century_bridge,preserve_rendered_tei_text,325237,,passed canonical TEI role audit,http://www.bibliotecaitaliana.it/scheda/bibit000804,aad98c3d0a7733bee912a5bb367fb15f372daa3ef12203b26eee660191c20d21
bibit000402,Eva,"Verga, Giovanni",nineteenth_century_bridge,nineteenth_century_bridge,activation_candidate,note_multilingual_metadata,activate_core,nineteenth_century_bridge,preserve_rendered_tei_text,166503,,passed canonical TEI role audit,http://www.bibliotecaitaliana.it/scheda/bibit000402,96c2bf85d9eab5bce45045fa41819bd46dff5d06be467f033c77b2a6bef4a7c7
bibit001233,I Malavoglia,"Verga, Giovanni",nineteenth_century_bridge,nineteenth_century_bridge,activation_candidate,,activate_core,nineteenth_century_bridge,preserve_rendered_tei_text,503637,,passed canonical TEI role audit,http://www.bibliotecaitaliana.it/scheda/bibit001233,03cf36c5cf543316803968d5d226e1f1e2cde8eb6661f5bb2418fc148d649473
bibit001345,I ricordi del capitano d'Arce,"Verga, Giovanni",nineteenth_century_bridge,nineteenth_century_bridge,activation_candidate,note_multilingual_metadata,activate_core,nineteenth_century_bridge,preserve_rendered_tei_text,175416,,passed canonical TEI role audit,http://www.bibliotecaitaliana.it/scheda/bibit001345,a1d5b0c154611b5134d18d61bbffe407c94f325f519246cf0f0b0d5f4efe76ef
bibit001610,Mastro don Gesualdo,"Verga, Giovanni",nineteenth_century_bridge,nineteenth_century_bridge,activation_candidate,note_multilingual_metadata,activate_core,nineteenth_century_bridge,preserve_rendered_tei_text,658019,,passed canonical TEI role audit,http://www.bibliotecaitaliana.it/scheda/bibit001610,51986b5e7322594a4364d21d049a791c13bc3239e315b583159ed09ba512c14f
bibit001218,Nedda,"Verga, Giovanni",nineteenth_century_bridge,nineteenth_century_bridge,activation_candidate,,activate_core,nineteenth_century_bridge,preserve_rendered_tei_text,44980,,passed canonical TEI role audit,http://www.bibliotecaitaliana.it/scheda/bibit001218,dec9be0dff26352b0da12c8e2fdf02b84107e2ab6a4bebb92d02cc626567412d
bibit001123,Novelle rusticane,"Verga, Giovanni",nineteenth_century_bridge,nineteenth_century_bridge,activation_candidate,,activate_core,nineteenth_century_bridge,preserve_rendered_tei_text,223124,,passed canonical TEI role audit,http://www.bibliotecaitaliana.it/scheda/bibit001123,11372659c69bdbae93ff620e070655b46acd87cb4428f888a487737955309f20
bibit001259,Novelle sparse,"Verga, Giovanni",nineteenth_century_bridge,nineteenth_century_bridge,activation_candidate,note_multilingual_metadata,activate_core,nineteenth_century_bridge,preserve_rendered_tei_text,160052,,passed canonical TEI role audit,http://www.bibliotecaitaliana.it/scheda/bibit001259,c4ccfd9e86f1aec696b00185dc22e6704a7803f21bf58755004bbe9caf0b6bf7
bibit001161,Per le vie,"Verga, Giovanni",nineteenth_century_bridge,nineteenth_century_bridge,activation_candidate,note_multilingual_metadata,activate_core,nineteenth_century_bridge,preserve_rendered_tei_text,164337,,passed canonical TEI role audit,http://www.bibliotecaitaliana.it/scheda/bibit001161,b5aea4ed931c902b2ca6f5afc474036f0f291f833e4886e37423a6a65f1ca689
bibit001594,Primavera e altri racconti,"Verga, Giovanni",nineteenth_century_bridge,nineteenth_century_bridge,activation_candidate,note_multilingual_metadata,activate_core,nineteenth_century_bridge,preserve_rendered_tei_text,158778,,passed canonical TEI role audit,http://www.bibliotecaitaliana.it/scheda/bibit001594,ba31951c74cfb9644e349bdcc7767f31e1bb17db1eb945b6cf3e181ce296a49d
bibit000569,Storia di una capinera,"Verga, Giovanni",nineteenth_century_bridge,nineteenth_century_bridge,activation_candidate,,activate_core,nineteenth_century_bridge,preserve_rendered_tei_text,182242,,passed canonical TEI role audit,http://www.bibliotecaitaliana.it/scheda/bibit000569,6b80eba8e6389ec41dadc9a424915465079147d2beb9363772901a5166d048cb
bibit000972,Vagabondaggio,"Verga, Giovanni",nineteenth_century_bridge,nineteenth_century_bridge,activation_candidate,note_multilingual_metadata,activate_core,nineteenth_century_bridge,preserve_rendered_tei_text,257788,,passed canonical TEI role audit,http://www.bibliotecaitaliana.it/scheda/bibit000972,8311f3575d8bd5a48d03f45775dbcd03e1cdf15b10ff5e94a6e7a4f31e4ca17b
bibit000092,Vita dei campi,"Verga, Giovanni",nineteenth_century_bridge,nineteenth_century_bridge,activation_candidate,note_multilingual_metadata,activate_core,nineteenth_century_bridge,preserve_rendered_tei_text,174121,,passed canonical TEI role audit,http://www.bibliotecaitaliana.it/scheda/bibit000092,99098ac023269852dc3eaa694f94d35acd4c0252daba394e4a4f0a59de57cb2f
bibit000542,Poesie,"Agli, Antonio degli",sonnet_only,historical_non_sonnet_poetry,review_required,review_no_sonnet_candidates,activate_as_non_sonnet_poetry,historical_non_sonnet_poetry,preserve_rendered_tei_text,32811,,sonnet composition guess was false; TEI contains reusable non-sonnet verse,http://www.bibliotecaitaliana.it/scheda/bibit000542,3d70edceb240c48d508a3f60b993ea66c31ba7521b5e60e00aa6daddb7d9eaf7
bibit000493,Rime,"Alamanni, Luigi",sonnet_only,historical_non_sonnet_poetry,activation_candidate,,activate_core,historical_non_sonnet_poetry,preserve_rendered_tei_text,767884,,passed canonical TEI role audit,http://www.bibliotecaitaliana.it/scheda/bibit000493,4ce331694334bca6a31de1cfce8c94997e4cc60c5b579ad9e3b0f25bc33f87b8
bibit000275,Poesie,"Alberti, Alberto d'Adovardo",sonnet_only,historical_non_sonnet_poetry,review_required,duplicate_exact_bibit_document,exclude_duplicate_document,excluded,preserve_rendered_tei_text,0,bibit001193,exact canonical-text duplicate of bibit001193,http://www.bibliotecaitaliana.it/scheda/bibit000275,3038bce61f067e2aca36d7a01d384dd5d5dc0c77f175bef89db4a87bb7f7faee
bibit001394,Poesie,"Alberti, Francesco d'Altobianco",sonnet_only,historical_non_sonnet_poetry,activation_candidate,note_multilingual_metadata,activate_core,historical_non_sonnet_poetry,preserve_rendered_tei_text,53339,,passed canonical TEI role audit,http://www.bibliotecaitaliana.it/scheda/bibit001394,4a699b44d535f20f369794b597ef672c646479dda46e379caf207f6d6420e977
bibit000002,Rime,"Alberti, Leon Battista",sonnet_only,historical_non_sonnet_poetry,review_required,note_multilingual_metadata;review_editorial_brackets,activate_core_with_bracket_cleanup,historical_non_sonnet_poetry,strip_editorial_square_delimiters_and_labels,39674,,retain supplied historical text while removing editorial bracket notation,http://www.bibliotecaitaliana.it/scheda/bibit000002,7becd2d354c2c50525234be4cf8c6d4484d5963a99fe8bdff8d1282c800c70da
bibit000761,Poesie,"Albizzi, Piero degli",sonnet_only,historical_non_sonnet_poetry,review_required,review_no_sonnet_candidates,activate_as_non_sonnet_poetry,historical_non_sonnet_poetry,preserve_rendered_tei_text,3230,,sonnet composition guess was false; TEI contains reusable non-sonnet verse,http://www.bibliotecaitaliana.it/scheda/bibit000761,7b00dc7d21be6adfe42c604faf36d941c4f0c96cf7a765259bcccfbb8f2529fb
bibit000691,Rime,"Alighieri, Dante",sonnet_only,historical_non_sonnet_poetry,activation_candidate,,activate_core,historical_non_sonnet_poetry,preserve_rendered_tei_text,37943,,passed canonical TEI role audit,http://www.bibliotecaitaliana.it/scheda/bibit000691,23a70f326a49955a647fe72d253ab539b105cd4c649e32c8b7310c22de654cd7
bibit000346,Poesie,"Altoviti, Bernardo",sonnet_only,historical_non_sonnet_poetry,activation_candidate,,activate_core,historical_non_sonnet_poetry,preserve_rendered_tei_text,1502,,passed canonical TEI role audit,http://www.bibliotecaitaliana.it/scheda/bibit000346,8a9f51330cfeede3e6982637a422bcdb1540614d57bd304c34ede1e2cdc82667
bibit000728,Rime,"Angiolieri, Cecco",sonnet_only,historical_non_sonnet_poetry,activation_candidate,,activate_core,historical_non_sonnet_poetry,preserve_rendered_tei_text,0,,passed canonical TEI role audit,http://www.bibliotecaitaliana.it/scheda/bibit000728,0f3b422496fec1435369e98e274b48ee02b62c98172647f5f257fe2b6630e092
bibit001193,Poesie,Antonio da Bacchereto,sonnet_only,historical_non_sonnet_poetry,activation_candidate,,activate_core,historical_non_sonnet_poetry,preserve_rendered_tei_text,2,,passed canonical TEI role audit,http://www.bibliotecaitaliana.it/scheda/bibit001193,c9d2cca5db99098601476945d4b979de1483b9dcad6dd9e69738c93e8d0e618c
bibit000871,Poesie,Antonio da Castello San Niccolò,sonnet_only,historical_non_sonnet_poetry,review_required,review_no_sonnet_candidates,activate_as_non_sonnet_poetry,historical_non_sonnet_poetry,preserve_rendered_tei_text,5385,,sonnet composition guess was false; TEI contains reusable non-sonnet verse,http://www.bibliotecaitaliana.it/scheda/bibit000871,76c311065edd287c63c5a67111b47e1e3c17acba802103b40f7d9ae03fe0ce57
bibit000446,Poesie,Antonio da San Miniato,sonnet_only,historical_non_sonnet_poetry,review_required,review_no_sonnet_candidates,activate_as_non_sonnet_poetry,historical_non_sonnet_poetry,preserve_rendered_tei_text,5584,,sonnet composition guess was false; TEI contains reusable non-sonnet verse,http://www.bibliotecaitaliana.it/scheda/bibit000446,a84472a45b1e15b86aaf90e55dfef1a7850fc973a621534d62d1b22552c3072b
bibit000941,Poesie,Antonio di Guido,sonnet_only,historical_non_sonnet_poetry,activation_candidate,,activate_core,historical_non_sonnet_poetry,preserve_rendered_tei_text,26729,,passed canonical TEI role audit,http://www.bibliotecaitaliana.it/scheda/bibit000941,2ecf76fd1d848df008ca9f2b19ff23230911a896df643d2d71f3806abac55b95
bibit001563,Rime d'encomio,"Aretino, Pietro",sonnet_only,historical_non_sonnet_poetry,activation_candidate,note_multilingual_metadata,activate_core,historical_non_sonnet_poetry,preserve_rendered_tei_text,82180,,passed canonical TEI role audit,http://www.bibliotecaitaliana.it/scheda/bibit001563,0f804e3738f47be7769735f9410a06fc298581bced31780519e2c83190d995c6
bibit000024,Rime,"Ariosto, Ludovico",sonnet_only,historical_non_sonnet_poetry,activation_candidate,note_multilingual_metadata,activate_core,historical_non_sonnet_poetry,preserve_rendered_tei_text,106116,,passed canonical TEI role audit,http://www.bibliotecaitaliana.it/scheda/bibit000024,1d8fe022b6df2a35974c6135dbbf7ed1b0c42e9802adffeb6b78229bb97a1ba0
bibit000239,Poesie,"Banchelli, Zanobi",sonnet_only,historical_non_sonnet_poetry,review_required,duplicate_exact_bibit_document,exclude_duplicate_document,excluded,preserve_rendered_tei_text,0,bibit001193,exact canonical-text duplicate of bibit001193,http://www.bibliotecaitaliana.it/scheda/bibit000239,8e217eb094d73fbc2ccd34850315427010043db9d49262324ad49ab77a525738
bibit000957,Rime,"Bandello, Matteo",sonnet_only,historical_non_sonnet_poetry,review_required,review_editorial_brackets,activate_core_with_bracket_cleanup,historical_non_sonnet_poetry,strip_editorial_square_delimiters_and_labels,89285,,retain supplied historical text while removing editorial bracket notation,http://www.bibliotecaitaliana.it/scheda/bibit000957,1d670229bbdecc231f2b8f5031686e5014c874be64ab825d374707d4e6c11316
bibit001177,Poesie,"Barducci, Ottavante",sonnet_only,historical_non_sonnet_poetry,activation_candidate,,activate_core,historical_non_sonnet_poetry,preserve_rendered_tei_text,309,,passed canonical TEI role audit,http://www.bibliotecaitaliana.it/scheda/bibit001177,aa51f582f4e87112c74fb51919826ea6899d0a9004ec1abbacf23793c04a0153
bibit001324,Rime,"Barignano, Pietro",sonnet_only,historical_non_sonnet_poetry,activation_candidate,,activate_core,historical_non_sonnet_poetry,preserve_rendered_tei_text,39712,,passed canonical TEI role audit,http://www.bibliotecaitaliana.it/scheda/bibit001324,a9076e1427dd494d746f747fb553df85d5934f6b7abe9ea341af091a1e447921
bibit000258,Poesie,"Bartolini, Andrea",sonnet_only,historical_non_sonnet_poetry,review_required,duplicate_exact_bibit_document,exclude_duplicate_document,excluded,preserve_rendered_tei_text,0,bibit001055,exact canonical-text duplicate of bibit001055,http://www.bibliotecaitaliana.it/scheda/bibit000258,d949b377b6abefada71309c2771a0cc797339d3dcf25852f9b60af4da2826575
bibit001342,Rime,"Beccari, Antonio (detto Antonio da Ferrara)",sonnet_only,historical_non_sonnet_poetry,review_required,note_multilingual_metadata;review_editorial_brackets,activate_core_with_bracket_cleanup,historical_non_sonnet_poetry,strip_editorial_square_delimiters_and_labels,119319,,retain supplied historical text while removing editorial bracket notation,http://www.bibliotecaitaliana.it/scheda/bibit001342,5a36c51ee58ea5acdbea1d6ee500cde933255810fe251b3ac46924924439cfb5
bibit000158,Rime,"Beccuti, Francesco (detto il Coppetta)",sonnet_only,historical_non_sonnet_poetry,activation_candidate,,activate_core,historical_non_sonnet_poetry,preserve_rendered_tei_text,180013,,passed canonical TEI role audit,http://www.bibliotecaitaliana.it/scheda/bibit000158,d484ac70382554522064b0a64d829a3cf4fca0659cfd71d7d44b3993e48cb85e
bibit000168,Poesie,"Belcari, Feo",sonnet_only,historical_non_sonnet_poetry,activation_candidate,note_multilingual_metadata,activate_core,historical_non_sonnet_poetry,preserve_rendered_tei_text,3615,,passed canonical TEI role audit,http://www.bibliotecaitaliana.it/scheda/bibit000168,334051b7b344395ca186a9764c85531ef1a0a3e4108af9aecc3f7935deda6777
bibit000712,Poesie,"Bellacci, Andrea",sonnet_only,historical_non_sonnet_poetry,review_required,review_no_sonnet_candidates,activate_as_non_sonnet_poetry,historical_non_sonnet_poetry,preserve_rendered_tei_text,9536,,sonnet composition guess was false; TEI contains reusable non-sonnet verse,http://www.bibliotecaitaliana.it/scheda/bibit000712,3cc329699067616f493128c9809fb22614a2623873544cc5dda3815c512a7b2b
bibit001120,Rime,"Bembo, Pietro",sonnet_only,historical_non_sonnet_poetry,activation_candidate,,activate_core,historical_non_sonnet_poetry,preserve_rendered_tei_text,42663,,passed canonical TEI role audit,http://www.bibliotecaitaliana.it/scheda/bibit001120,4947ee95873df4d19bd8a369daead792815380ad53e47290c43efd19b23971c8
bibit001497,Poesie,"Benci, Leonardo",sonnet_only,historical_non_sonnet_poetry,review_required,review_no_sonnet_candidates,activate_as_non_sonnet_poetry,historical_non_sonnet_poetry,preserve_rendered_tei_text,3707,,sonnet composition guess was false; TEI contains reusable non-sonnet verse,http://www.bibliotecaitaliana.it/scheda/bibit001497,2ae2ba3acf0baa411237c1c2105f55d09c769e19f84bdb702caa6d074c68567f
bibit001137,Poesie,"Benci, Lorenzo",sonnet_only,historical_non_sonnet_poetry,activation_candidate,,activate_core,historical_non_sonnet_poetry,preserve_rendered_tei_text,844,,passed canonical TEI role audit,http://www.bibliotecaitaliana.it/scheda/bibit001137,e0fea5e5c00a4e37723b3ca4b6a199405dc3bcf133627133be3ace75baf46868
bibit000707,Poesie,"Benci, Tommaso",sonnet_only,historical_non_sonnet_poetry,activation_candidate,,activate_core,historical_non_sonnet_poetry,preserve_rendered_tei_text,5109,,passed canonical TEI role audit,http://www.bibliotecaitaliana.it/scheda/bibit000707,63acd1b5cc34d9bec4a82af9e4f8d8b30375c1e0b7fbcbfbc024e590eefedbd9
bibit000308,Poesie,"Benino, Francesco del",sonnet_only,historical_non_sonnet_poetry,activation_candidate,,activate_core,historical_non_sonnet_poetry,preserve_rendered_tei_text,1410,,passed canonical TEI role audit,http://www.bibliotecaitaliana.it/scheda/bibit000308,f6a6cfa20ef502ab3e7452531b3efd7848f07208571aab540443a4ab11100490
bibit001587,Poesie,Benuccio,sonnet_only,historical_non_sonnet_poetry,activation_candidate,,activate_core,historical_non_sonnet_poetry,preserve_rendered_tei_text,1820,,passed canonical TEI role audit,http://www.bibliotecaitaliana.it/scheda/bibit001587,5ea90caa53f4ea65260e97470a0c94db4b372384e65d93e97f414693b250704c
bibit000036,Poesie politiche e romanze,"Berchet, Giovanni",sonnet_only,historical_non_sonnet_poetry,review_required,note_multilingual_metadata;review_no_sonnet_candidates,activate_as_non_sonnet_poetry,historical_non_sonnet_poetry,preserve_rendered_tei_text,106433,,sonnet composition guess was false; TEI contains reusable non-sonnet verse,http://www.bibliotecaitaliana.it/scheda/bibit000036,0ee30f23f68b392ab26f4c8d26d65d27e59922972c87232419e879176692e490
bibit000038,Rime,"Berni, Francesco",sonnet_only,historical_non_sonnet_poetry,review_required,review_editorial_brackets,activate_core_with_bracket_cleanup,historical_non_sonnet_poetry,strip_editorial_square_delimiters_and_labels,126550,,retain supplied historical text while removing editorial bracket notation,http://www.bibliotecaitaliana.it/scheda/bibit000038,ff7af7279e4e41fdb847d876db403ac6a685f45028e27f241777b0b43b3506ca
bibit001356,Canzoniere dei vent'anni,"Betteloni, Vittorio",sonnet_only,historical_non_sonnet_poetry,review_required,note_multilingual_metadata;review_no_sonnet_candidates,activate_as_non_sonnet_poetry,historical_non_sonnet_poetry,preserve_rendered_tei_text,55992,,sonnet composition guess was false; TEI contains reusable non-sonnet verse,http://www.bibliotecaitaliana.it/scheda/bibit001356,080244f80c962e793f36b3ddcfca1ba9d33874545944422e2c55067642d26239
bibit000234,Poesie,"Betti, Giovanni",sonnet_only,historical_non_sonnet_poetry,activation_candidate,,activate_core,historical_non_sonnet_poetry,preserve_rendered_tei_text,911,,passed canonical TEI role audit,http://www.bibliotecaitaliana.it/scheda/bibit000234,e4adb8c4e6ef09802835e46a31272a48370a441afc493c543a30132c2c7219e8
bibit000498,Poesie,"Biffoli, Benedetto",sonnet_only,historical_non_sonnet_poetry,activation_candidate,note_multilingual_metadata,activate_core,historical_non_sonnet_poetry,preserve_rendered_tei_text,2776,,passed canonical TEI role audit,http://www.bibliotecaitaliana.it/scheda/bibit000498,e2a64be0e9a222beea77a144535d0b33a1dbf2b07db54b22d61557355cb2a19c
bibit000040,Rime,"Boccaccio, Giovanni",sonnet_only,historical_non_sonnet_poetry,activation_candidate,note_multilingual_metadata,activate_core,historical_non_sonnet_poetry,preserve_rendered_tei_text,44332,,passed canonical TEI role audit,http://www.bibliotecaitaliana.it/scheda/bibit000040,9071b990e776b38942a170b3d3e9e8e0b6025949792fa08e36ef3d5dabb310c8
bibit001365,Poesie,"Bonciani, Antonio",sonnet_only,historical_non_sonnet_poetry,activation_candidate,note_multilingual_metadata,activate_core,historical_non_sonnet_poetry,preserve_rendered_tei_text,33400,,passed canonical TEI role audit,http://www.bibliotecaitaliana.it/scheda/bibit001365,e0154080104f1c030bc4e3d09a58c4265dafb0702eb37458dcf8f8fe2e9e4968
bibit000792,Poesie,"Borgianni, Iacopo",sonnet_only,historical_non_sonnet_poetry,activation_candidate,,activate_core,historical_non_sonnet_poetry,preserve_rendered_tei_text,829,,passed canonical TEI role audit,http://www.bibliotecaitaliana.it/scheda/bibit000792,dee492862d0469767bc444fea15a844469dc6c0b86b6fec6d1a2d32dead14755
bibit001380,Amorose rime,"Borra, Luigi",sonnet_only,historical_non_sonnet_poetry,activation_candidate,,activate_core,historical_non_sonnet_poetry,preserve_rendered_tei_text,26194,,passed canonical TEI role audit,http://www.bibliotecaitaliana.it/scheda/bibit001380,01c1c023607dda18fbea074ecae86bd42cf6a4f464da3e76869ef80303697416
bibit000207,Poesie,"Brancacci, Branca",sonnet_only,historical_non_sonnet_poetry,review_required,duplicate_exact_bibit_document,exclude_duplicate_document,excluded,preserve_rendered_tei_text,0,bibit001193,exact canonical-text duplicate of bibit001193,http://www.bibliotecaitaliana.it/scheda/bibit000207,06fe3db90e4ea4671cfe864a04ad3d66a7d8644b5cb7ce92ccb16ba8d58e93e5
bibit001570,Rime,"Brocardo, Antonio",sonnet_only,historical_non_sonnet_poetry,activation_candidate,,activate_core,historical_non_sonnet_poetry,preserve_rendered_tei_text,16988,,passed canonical TEI role audit,http://www.bibliotecaitaliana.it/scheda/bibit001570,eab67570f42a0aadc7da25dd96dc600f499fc2af4f362d625889f3ab73415323
bibit001679,Rime in burla,"Bronzino, Agnolo",sonnet_only,historical_non_sonnet_poetry,activation_candidate,,activate_core,historical_non_sonnet_poetry,preserve_rendered_tei_text,417636,,passed canonical TEI role audit,http://www.bibliotecaitaliana.it/scheda/bibit001679,ba9f73bd85c25a22588b746b8350c6852e814b0b92af91828b9f07ebb2fcc04f
bibit001561,Poesie,"Bruni, Leonardo",sonnet_only,historical_non_sonnet_poetry,activation_candidate,,activate_core,historical_non_sonnet_poetry,preserve_rendered_tei_text,8165,,passed canonical TEI role audit,http://www.bibliotecaitaliana.it/scheda/bibit001561,0dab4c5b4c4dfeaf355266e6e6edbe2efd02b310645150840487ee72d6506288
bibit000162,Rime,Buonaccorso da Montemagno il Giovane,sonnet_only,historical_non_sonnet_poetry,activation_candidate,,activate_core,historical_non_sonnet_poetry,preserve_rendered_tei_text,1059,,passed canonical TEI role audit,http://www.bibliotecaitaliana.it/scheda/bibit000162,64dbd08a9b19d7a6cdc0e94873817b0af3d8d32546dd0d3b1d1a7415844a3e93
bibit001423,Rime,Buonaccorso da Montemagno il Vecchio,sonnet_only,historical_non_sonnet_poetry,activation_candidate,,activate_core,historical_non_sonnet_poetry,preserve_rendered_tei_text,576,,passed canonical TEI role audit,http://www.bibliotecaitaliana.it/scheda/bibit001423,7ac9592bab207d7d231fefaf467ebe788d86d1cacc3b3fc69995c699c9841a04
bibit000129,Rime,"Buonarroti, Michelangelo",sonnet_only,historical_non_sonnet_poetry,activation_candidate,note_multilingual_metadata,activate_core,historical_non_sonnet_poetry,preserve_rendered_tei_text,87283,,passed canonical TEI role audit,http://www.bibliotecaitaliana.it/scheda/bibit000129,5e299128dbaeb139846e9f089c729aa3e7aa15081aac8e6b35cf717a4ecaa532
bibit001061,Rime,Burchiello (Domenico di Giovanni detto il),sonnet_only,historical_non_sonnet_poetry,activation_candidate,,activate_core,historical_non_sonnet_poetry,preserve_rendered_tei_text,11089,,passed canonical TEI role audit,http://www.bibliotecaitaliana.it/scheda/bibit001061,76b9e9c87a2e2efecc984fdcb14866815e5bee962ea94bd395b7e04daaddf4c6
bibit000379,Sonetti inediti,"Burchiello (Domenico di Giovanni, detto il)",sonnet_only,historical_non_sonnet_poetry,activation_candidate,,activate_core,historical_non_sonnet_poetry,preserve_rendered_tei_text,76,,passed canonical TEI role audit,http://www.bibliotecaitaliana.it/scheda/bibit000379,48c53c8b4c97f7e47e96e73c91dbcc6e0f3331bf918da3e1436fc283b2295d54
bibit000519,Poesie,"Busini, Betto",sonnet_only,historical_non_sonnet_poetry,review_required,duplicate_exact_bibit_document,exclude_duplicate_document,excluded,preserve_rendered_tei_text,0,bibit001016,exact canonical-text duplicate of bibit001016,http://www.bibliotecaitaliana.it/scheda/bibit000519,81c80e782d41817be4eb636513966ae2f627681d0dbae3e2c1506fd9e34bedb4
bibit001460,Poesie,"Calderoni, Anselmo",sonnet_only,historical_non_sonnet_poetry,activation_candidate,,activate_core,historical_non_sonnet_poetry,preserve_rendered_tei_text,20072,,passed canonical TEI role audit,http://www.bibliotecaitaliana.it/scheda/bibit001460,a73c2fc4816d21c332a6a1c91612532c4edd78fcb320ec871db3ca6fa5ed3ff9
bibit000166,Poesie,"Calzaiuolo, Antonio",sonnet_only,historical_non_sonnet_poetry,activation_candidate,,activate_core,historical_non_sonnet_poetry,preserve_rendered_tei_text,601,,passed canonical TEI role audit,http://www.bibliotecaitaliana.it/scheda/bibit000166,d4f9820bbfc87e8bbc5b4718d0528a88a6597679c48d2ae5f9db61ace266de64
bibit000858,Poesie,"Calzaiuolo, Giovanni di Gino",sonnet_only,historical_non_sonnet_poetry,review_required,review_no_sonnet_candidates,activate_as_non_sonnet_poetry,historical_non_sonnet_poetry,preserve_rendered_tei_text,6091,,sonnet composition guess was false; TEI contains reusable non-sonnet verse,http://www.bibliotecaitaliana.it/scheda/bibit000858,de1307ee0c7ac50ec422db35ece7aef1cad238215bac176746c5fd39a29149df
bibit001085,Poesie,"Cambini, Bernardo di Piero",sonnet_only,historical_non_sonnet_poetry,activation_candidate,note_multilingual_metadata,activate_core,historical_non_sonnet_poetry,preserve_rendered_tei_text,23833,,passed canonical TEI role audit,http://www.bibliotecaitaliana.it/scheda/bibit001085,d9b2605f98feca70e0a56a47ffa178970dd9c36819a6e49a452a1c63edbfa517
bibit000557,Poesie,"Campanella, Tommaso",sonnet_only,historical_non_sonnet_poetry,activation_candidate,note_multilingual_metadata,activate_core,historical_non_sonnet_poetry,preserve_rendered_tei_text,167061,,passed canonical TEI role audit,http://www.bibliotecaitaliana.it/scheda/bibit000557,042a0b42abecd793bb8012c225c8a79a8c8485c14f67ffe1e12aab3bd4e8bc52
bibit001174,Poesie,"Capponi, Gino di Neri",sonnet_only,historical_non_sonnet_poetry,review_required,duplicate_exact_bibit_document,exclude_duplicate_document,excluded,preserve_rendered_tei_text,0,bibit001193,exact canonical-text duplicate of bibit001193,http://www.bibliotecaitaliana.it/scheda/bibit001174,3b747f2c6f77eb350b0c06421503837b1b50c857877f7fc98ec6f1cb90e565f7
bibit000521,Rime e ritmi,"Carducci, Giosue",sonnet_only,historical_non_sonnet_poetry,activation_candidate,note_multilingual_metadata,activate_core,historical_non_sonnet_poetry,preserve_rendered_tei_text,42780,,passed canonical TEI role audit,http://www.bibliotecaitaliana.it/scheda/bibit000521,9949e4dc1fe60b0b196e4d2feb5d0803791fbd1b65d16ac307ba8dcf5b1ddb59
bibit001111,Rime nuove,"Carducci, Giosue",sonnet_only,historical_non_sonnet_poetry,activation_candidate,note_multilingual_metadata,activate_core,historical_non_sonnet_poetry,preserve_rendered_tei_text,77859,,passed canonical TEI role audit,http://www.bibliotecaitaliana.it/scheda/bibit001111,2d762e32c78b8da90ccb163e1c7b06a089c7c03a3595f90f885c87d58d1f973e
bibit000441,Rime,"Castiglione, Baldassarre",sonnet_only,historical_non_sonnet_poetry,activation_candidate,,activate_core,historical_non_sonnet_poetry,preserve_rendered_tei_text,22587,,passed canonical TEI role audit,http://www.bibliotecaitaliana.it/scheda/bibit000441,c4d0d759c2ad476e5de747080789a6d24043d1db2fcf199503948cd56101ba01
bibit001585,Rime,"Cavalcanti, Guido",sonnet_only,historical_non_sonnet_poetry,activation_candidate,note_multilingual_metadata,activate_core,historical_non_sonnet_poetry,preserve_rendered_tei_text,13983,,passed canonical TEI role audit,http://www.bibliotecaitaliana.it/scheda/bibit001585,5463fda7741104c5339ff7a759c49f0249bcbacec2cfa90f837c04327aaeccc6
bibit001130,Poesie,"Cellini, Benvenuto",sonnet_only,historical_non_sonnet_poetry,activation_candidate,,activate_core,historical_non_sonnet_poetry,preserve_rendered_tei_text,26745,,passed canonical TEI role audit,http://www.bibliotecaitaliana.it/scheda/bibit001130,e8e4729a30e2cef9f56a5f8644f2bc15383825441213678d751e4144361d603a
bibit001060,Risposta ai Sonetti dei mesi,Cenne dalla Chitarra,sonnet_only,historical_non_sonnet_poetry,activation_candidate,,activate_core,historical_non_sonnet_poetry,preserve_rendered_tei_text,267,,passed canonical TEI role audit,http://www.bibliotecaitaliana.it/scheda/bibit001060,dc7231f3f4e1d03d88afbf5b5319d07232fbaf831c5f6e3e728c6c6c9e1998f5
bibit000122,Poesie di Ossian,"Cesarotti, Melchiorre",sonnet_only,historical_non_sonnet_poetry,activation_candidate,,activate_core,historical_non_sonnet_poetry,preserve_rendered_tei_text,573708,,passed canonical TEI role audit,http://www.bibliotecaitaliana.it/scheda/bibit000122,21df05db2403190bc6ebb7eed0b22e82d8d292fdd2b2d6f24bea698dbdc0a6b2
bibit000339,Canzoni e altre rime,"Chariteo (Benedetto Gareth, detto il)",sonnet_only,historical_non_sonnet_poetry,activation_candidate,note_multilingual_metadata,activate_core,historical_non_sonnet_poetry,preserve_rendered_tei_text,142364,,passed canonical TEI role audit,http://www.bibliotecaitaliana.it/scheda/bibit000339,a428929f7e30f9e45905b6f2231bc0b4713e1cb9f608cb2eb5b627b5da5680bb
bibit000678,Poesie,"Ciai, Giovanni",sonnet_only,historical_non_sonnet_poetry,activation_candidate,,activate_core,historical_non_sonnet_poetry,preserve_rendered_tei_text,7469,,passed canonical TEI role audit,http://www.bibliotecaitaliana.it/scheda/bibit000678,4dd1bd4aeff33d75475d7d16ac384830aa4ab8902c3d6dabf44c21a5129fe9ab
bibit000189,Poesie,"Cieco, Niccolò",sonnet_only,historical_non_sonnet_poetry,activation_candidate,note_multilingual_metadata,activate_core,historical_non_sonnet_poetry,preserve_rendered_tei_text,59535,,passed canonical TEI role audit,http://www.bibliotecaitaliana.it/scheda/bibit000189,968e0c87a54ebd606c7dfdfccdaeb05ce7de513f114ed1895d900460f2e914b1
bibit001110,Poesie,Cino da Pistoia,sonnet_only,historical_non_sonnet_poetry,activation_candidate,,activate_core,historical_non_sonnet_poetry,preserve_rendered_tei_text,39713,,passed canonical TEI role audit,http://www.bibliotecaitaliana.it/scheda/bibit001110,db65a2ccea2aa8cd7c877abef356688cfa2e61140e1216d29ddadf1cf32193f2
bibit000564,Rime,"Colonna, Vittoria",sonnet_only,historical_non_sonnet_poetry,activation_candidate,,activate_core,historical_non_sonnet_poetry,preserve_rendered_tei_text,15860,,passed canonical TEI role audit,http://www.bibliotecaitaliana.it/scheda/bibit000564,b5beddb602d1458225f8a1b0eeb0ab1e6727e7c3ad6618b37cd4efffd80d5117
bibit000874,Canzoniere,"Conti, Giusto de'",sonnet_only,historical_non_sonnet_poetry,review_required,note_multilingual_metadata;review_editorial_brackets,activate_core_with_bracket_cleanup,historical_non_sonnet_poetry,strip_editorial_square_delimiters_and_labels,54789,,retain supplied historical text while removing editorial bracket notation,http://www.bibliotecaitaliana.it/scheda/bibit000874,cf406434e73a2b889387f885261e0b619c0b79366a96064f40df643ca31b7a44
bibit001338,Rime cristiane,"Contile, Luca",sonnet_only,historical_non_sonnet_poetry,activation_candidate,,activate_core,historical_non_sonnet_poetry,preserve_rendered_tei_text,13474,,passed canonical TEI role audit,http://www.bibliotecaitaliana.it/scheda/bibit001338,8f43bfe41f7fa3cf53ccebd2fab4f84dcb42427e2a33359fcf0f4a465515ce50
bibit000141,Tutte le poesie,"Corazzini, Sergio",sonnet_only,historical_non_sonnet_poetry,activation_candidate,note_multilingual_metadata,activate_core,historical_non_sonnet_poetry,preserve_rendered_tei_text,69428,,passed canonical TEI role audit,http://www.bibliotecaitaliana.it/scheda/bibit000141,45fb13c0adbc55c2ca8be5355cb6b122a32fdb0904d6eb3eb7fe140db1802d5f
bibit000053,Poesie,"Corsellini, Pietro (detto Canterino)",sonnet_only,historical_non_sonnet_poetry,review_required,review_no_sonnet_candidates,activate_as_non_sonnet_poetry,historical_non_sonnet_poetry,preserve_rendered_tei_text,3583,,sonnet composition guess was false; TEI contains reusable non-sonnet verse,http://www.bibliotecaitaliana.it/scheda/bibit000053,537a4635c364f959042967883e6b0bcf84304460bdee45ec21355d129cc7d3b1
bibit000822,Poesie,"Cresci, Migliore di Lorenzo",sonnet_only,historical_non_sonnet_poetry,review_required,duplicate_exact_bibit_document,exclude_duplicate_document,excluded,preserve_rendered_tei_text,0,bibit001055,exact canonical-text duplicate of bibit001055,http://www.bibliotecaitaliana.it/scheda/bibit000822,e7161599790bab90a9b64327e4acb0f43afc31b0e324a13c42adb60d3b9e54f2
bibit000359,Rime,"Curti, Lancino",sonnet_only,historical_non_sonnet_poetry,activation_candidate,note_multilingual_metadata,activate_core,historical_non_sonnet_poetry,preserve_rendered_tei_text,193,,passed canonical TEI role audit,http://www.bibliotecaitaliana.it/scheda/bibit000359,e48b2b883dd1d7e8a367fea6b9b104b633a734d352dafbc07a12a8fa22f69068
bibit001313,Rime,"Da Porto, Luigi",sonnet_only,historical_non_sonnet_poetry,activation_candidate,note_multilingual_metadata,activate_core,historical_non_sonnet_poetry,preserve_rendered_tei_text,3816,,passed canonical TEI role audit,http://www.bibliotecaitaliana.it/scheda/bibit001313,b971f744ca81bf3433c73f3051142cb3bd37621ae344a7770259304d55c78391
bibit000480,Poesie,"Damiani, Lorenzo",sonnet_only,historical_non_sonnet_poetry,activation_candidate,,activate_core,historical_non_sonnet_poetry,preserve_rendered_tei_text,624,,passed canonical TEI role audit,http://www.bibliotecaitaliana.it/scheda/bibit000480,f311bcd5b32bfa4046072e1e71b3c5624ba8f38691d764f38f2e73709464874c
bibit000588,Poesie,"Dati, Leonardo",sonnet_only,historical_non_sonnet_poetry,activation_candidate,,activate_core,historical_non_sonnet_poetry,preserve_rendered_tei_text,17540,,passed canonical TEI role audit,http://www.bibliotecaitaliana.it/scheda/bibit000588,de8775ebf788de75c1dbb4974862fbf2cd21b3d0f36b95f663ed50dd807bf147
bibit000495,Poesie,"Davanzati, Mariotto",sonnet_only,historical_non_sonnet_poetry,activation_candidate,,activate_core,historical_non_sonnet_poetry,preserve_rendered_tei_text,19071,,passed canonical TEI role audit,http://www.bibliotecaitaliana.it/scheda/bibit000495,ef8894879ebb799b0f87688c85e447023a0b8b7d596c8eb640838c0ea5eadff4
bibit001556,Rime e lettere,"De Jennaro, Pietro Jacopo",sonnet_only,historical_non_sonnet_poetry,activation_candidate,note_multilingual_metadata,activate_core,historical_non_sonnet_poetry,preserve_rendered_tei_text,62008,,passed canonical TEI role audit,http://www.bibliotecaitaliana.it/scheda/bibit001556,1bd65e54a4bb2e604db6c8c1b01a683148a8b65468663f855cb3ed478da67240
bibit001134,Poesie,"Della Casa, Bernardo",sonnet_only,historical_non_sonnet_poetry,review_required,note_multilingual_metadata;duplicate_exact_bibit_document,exclude_duplicate_document,excluded,preserve_rendered_tei_text,0,bibit001193,exact canonical-text duplicate of bibit001193,http://www.bibliotecaitaliana.it/scheda/bibit001134,4af413a9a21edc22b325f565075e1f6180927af36429f7757b69eb11d39e22ac
bibit000150,Rime,"Della Casa, Giovanni",sonnet_only,historical_non_sonnet_poetry,activation_candidate,,activate_core,historical_non_sonnet_poetry,preserve_rendered_tei_text,16204,,passed canonical TEI role audit,http://www.bibliotecaitaliana.it/scheda/bibit000150,3a081946a4b06796f65f3c38348aed3e7f1999d2e6886299360b73638ad1bc0c
bibit000499,Rime,"Di Costanzo, Angelo",sonnet_only,historical_non_sonnet_poetry,activation_candidate,,activate_core,historical_non_sonnet_poetry,preserve_rendered_tei_text,566,,passed canonical TEI role audit,http://www.bibliotecaitaliana.it/scheda/bibit000499,7b0ff36436820094c7523366e2faabad7f1333e24584e9530208fb97b27714db
bibit000065,Rime,"Di Tarsia, Galeazzo",sonnet_only,historical_non_sonnet_poetry,activation_candidate,note_multilingual_metadata,activate_core,historical_non_sonnet_poetry,preserve_rendered_tei_text,12405,,passed canonical TEI role audit,http://www.bibliotecaitaliana.it/scheda/bibit000065,3ea023f1202cfd98c3e7fcb6c40cf04dc47bf4d8c6f19a7bc3a7446b86104108
bibit000504,Poesie,Domenico da Prato,sonnet_only,historical_non_sonnet_poetry,activation_candidate,note_multilingual_metadata,activate_core,historical_non_sonnet_poetry,preserve_rendered_tei_text,178269,,passed canonical TEI role audit,http://www.bibliotecaitaliana.it/scheda/bibit000504,830a634ce1a5f1953f0be3c9da372c0e81badb4bcddb763a4d8f7472e12de0ac
bibit001699,Poesie,"Donati, Jacopo",sonnet_only,historical_non_sonnet_poetry,activation_candidate,note_multilingual_metadata,activate_core,historical_non_sonnet_poetry,preserve_rendered_tei_text,22,,passed canonical TEI role audit,http://www.bibliotecaitaliana.it/scheda/bibit001699,b6304b98536421adc2a7daa9013588455447fce3ca07eb9ee37039eccd5c81b2
bibit000584,Poesie,"Donati, Sinibaldino",sonnet_only,historical_non_sonnet_poetry,review_required,duplicate_exact_bibit_document,exclude_duplicate_document,excluded,preserve_rendered_tei_text,0,bibit001055,exact canonical-text duplicate of bibit001055,http://www.bibliotecaitaliana.it/scheda/bibit000584,78d013e1c777ddd4dc22c166380b01c842ef8e8e9a49dceef72ba153484c4c33
bibit000325,Rime,"Dondi Dall'Orologio, Giovanni",sonnet_only,historical_non_sonnet_poetry,activation_candidate,note_multilingual_metadata,activate_core,historical_non_sonnet_poetry,preserve_rendered_tei_text,2450,,passed canonical TEI role audit,http://www.bibliotecaitaliana.it/scheda/bibit000325,1996c0d73c7694c3cf72c5943f40f3dbab6e99ebf6e5c3ceac0b49518988694f
bibit000179,Poesie italiane,"Epicuro, Marc'Antonio",sonnet_only,historical_non_sonnet_poetry,activation_candidate,,activate_core,historical_non_sonnet_poetry,preserve_rendered_tei_text,18304,,passed canonical TEI role audit,http://www.bibliotecaitaliana.it/scheda/bibit000179,1db6420cd20798ae30ac62e7db9393dd54a7a5721e463d9189da9a39af12100a
bibit001357,Sonetti e Madrigali,"Errico, Scipione",sonnet_only,historical_non_sonnet_poetry,activation_candidate,,activate_core,historical_non_sonnet_poetry,preserve_rendered_tei_text,55294,,passed canonical TEI role audit,http://www.bibliotecaitaliana.it/scheda/bibit001357,bb09f7e79a57ff7097f5082860426bc6b33b6a3642ec81716905acb77f1001b4
bibit000944,Poesie,Filippo da Massa,sonnet_only,historical_non_sonnet_poetry,review_required,note_multilingual_metadata;review_no_sonnet_candidates,activate_as_non_sonnet_poetry,historical_non_sonnet_poetry,preserve_rendered_tei_text,9918,,sonnet composition guess was false; TEI contains reusable non-sonnet verse,http://www.bibliotecaitaliana.it/scheda/bibit000944,2c50db30f88778451cbd52d16d81e65cb45e569ea5bc6a167b8ad5ee220ab5c7
bibit000068,Rime,"Firenzuola, Agnolo",sonnet_only,historical_non_sonnet_poetry,activation_candidate,,activate_core,historical_non_sonnet_poetry,preserve_rendered_tei_text,223935,,passed canonical TEI role audit,http://www.bibliotecaitaliana.it/scheda/bibit000068,a8df67cdb37d99aa2103a8eed31eb7f7b4e77525edf9f5acab7a019fdbda987a
bibit000304,Sonetti dei mesi,Folgore da San Gimignano,sonnet_only,historical_non_sonnet_poetry,activation_candidate,,activate_core,historical_non_sonnet_poetry,preserve_rendered_tei_text,434,,passed canonical TEI role audit,http://www.bibliotecaitaliana.it/scheda/bibit000304,7307b84801c2cef11b3c751ff8fec19a066b1b7679c846f6c672a2f19634fd34
bibit001069,Odi e sonetti,"Foscolo, Ugo",sonnet_only,historical_non_sonnet_poetry,activation_candidate,,activate_core,historical_non_sonnet_poetry,preserve_rendered_tei_text,5806,,passed canonical TEI role audit,http://www.bibliotecaitaliana.it/scheda/bibit001069,b15f73becdb7997745afb99ef4b72f5f735b876884a5abd1b5efa66006fd8999
bibit000412,Poesie minori (versi giovanili e altre poesie),"Foscolo, Ugo",sonnet_only,historical_non_sonnet_poetry,review_required,review_editorial_brackets,activate_core_with_bracket_cleanup,historical_non_sonnet_poetry,strip_editorial_square_delimiters_and_labels,157044,,retain supplied historical text while removing editorial bracket notation,http://www.bibliotecaitaliana.it/scheda/bibit000412,6444d2876301d3faada8c6c9a3ad61c0fbc4e7833b6fcc1fd0fd10bc314ef9ef
bibit001199,Rime contro Pietro Aretino,"Franco, Nicolò",sonnet_only,historical_non_sonnet_poetry,activation_candidate,note_multilingual_metadata,activate_core,historical_non_sonnet_poetry,preserve_rendered_tei_text,17862,,passed canonical TEI role audit,http://www.bibliotecaitaliana.it/scheda/bibit001199,d5cc1cadbc894bf4c82a3e0348a14185ea1e99816172c0dfd514432bc762787d
bibit001593,Rime,"Franco, Veronica",sonnet_only,historical_non_sonnet_poetry,activation_candidate,,activate_core,historical_non_sonnet_poetry,preserve_rendered_tei_text,149202,,passed canonical TEI role audit,http://www.bibliotecaitaliana.it/scheda/bibit001593,367190086e700d712ec01fad48768569e83fa745dedc5f2705c1da4dfec7b17d
bibit001321,Rime,"Fregoso, Antonio Fileremo",sonnet_only,historical_non_sonnet_poetry,activation_candidate,,activate_core,historical_non_sonnet_poetry,preserve_rendered_tei_text,10919,,passed canonical TEI role audit,http://www.bibliotecaitaliana.it/scheda/bibit001321,58327756a5c9fc8db50b819945a5781a9e7e51a5d87ffaa19f81ef92b1708766
bibit001609,Rime incerte,"Fregoso, Antonio Fileremo",sonnet_only,historical_non_sonnet_poetry,review_required,review_no_sonnet_candidates,activate_as_non_sonnet_poetry,historical_non_sonnet_poetry,preserve_rendered_tei_text,8788,,sonnet composition guess was false; TEI contains reusable non-sonnet verse,http://www.bibliotecaitaliana.it/scheda/bibit001609,549e1781a57a8933faeb1036691f4b2a7aa6fa5d8cd627d61769368a9cc04db1
bibit001480,Poesie,"Frescobaldi, Giovanni",sonnet_only,historical_non_sonnet_poetry,activation_candidate,,activate_core,historical_non_sonnet_poetry,preserve_rendered_tei_text,9480,,passed canonical TEI role audit,http://www.bibliotecaitaliana.it/scheda/bibit001480,76f053ccba8ca1dd5432f36c2f83a7d5c6aea709453d141aa92c21d990039a9e
bibit001275,Cento sonetti in vernacolo pisano,"Fucini, Renato",sonnet_only,historical_non_sonnet_poetry,review_required,review_language_variety;note_multilingual_metadata,exclude_core_language_variety,excluded_language_variety_evidence,preserve_rendered_tei_text,0,,"dialect, vernacular, or mixed-language variety is not core standard Italian",http://www.bibliotecaitaliana.it/scheda/bibit001275,46152f5db6d02d76ec48a1d13cc9db26472029653ad22909f7295786ea878525
bibit000365,Cinquanta nuovi sonetti in vernacolo pisano,"Fucini, Renato",sonnet_only,historical_non_sonnet_poetry,review_required,review_language_variety;note_multilingual_metadata,exclude_core_language_variety,excluded_language_variety_evidence,preserve_rendered_tei_text,0,,"dialect, vernacular, or mixed-language variety is not core standard Italian",http://www.bibliotecaitaliana.it/scheda/bibit000365,77e88b7b8deecd9657093b51efcf8720ba70286276f6aa6800683e6f9af4d5a0
bibit001674,Canzoniere,"Galli, Angelo",sonnet_only,historical_non_sonnet_poetry,activation_candidate,note_multilingual_metadata,activate_core,historical_non_sonnet_poetry,preserve_rendered_tei_text,214165,,passed canonical TEI role audit,http://www.bibliotecaitaliana.it/scheda/bibit001674,e0a33d6ae259519394595d21239414c1933abe6c54a0757b623a6537dff574ed
bibit000592,Rime,"Gallo, Filenio",sonnet_only,historical_non_sonnet_poetry,activation_candidate,note_multilingual_metadata,activate_core,historical_non_sonnet_poetry,preserve_rendered_tei_text,179811,,passed canonical TEI role audit,http://www.bibliotecaitaliana.it/scheda/bibit000592,142fd2e49f73370421c78d732bf2ac15374ed326824954a4444f1d8e40b6f3d1
bibit000192,Poesie,"Gherardi, Giovanni",sonnet_only,historical_non_sonnet_poetry,activation_candidate,note_multilingual_metadata,activate_core,historical_non_sonnet_poetry,preserve_rendered_tei_text,56100,,passed canonical TEI role audit,http://www.bibliotecaitaliana.it/scheda/bibit000192,067d73a384c1455f99aef371cb938e543da7eec8a1037728004f50b6f3c09973
bibit000201,Poesie,Giacomo da Lentini,sonnet_only,historical_non_sonnet_poetry,review_required,review_editorial_brackets,activate_core_with_bracket_cleanup,historical_non_sonnet_poetry,strip_editorial_square_delimiters_and_labels,21041,,retain supplied historical text while removing editorial bracket notation,http://www.bibliotecaitaliana.it/scheda/bibit000201,f4f01903e6dc44f945c61cc1185696e4b1b922ad534661c1284d30ef30ca9b56
bibit000568,Poesie in ottava rima,"Giambullari, Bernardo",sonnet_only,historical_non_sonnet_poetry,review_required,review_no_sonnet_candidates,activate_as_non_sonnet_poetry,historical_non_sonnet_poetry,preserve_rendered_tei_text,60222,,sonnet composition guess was false; TEI contains reusable non-sonnet verse,http://www.bibliotecaitaliana.it/scheda/bibit000568,6d80ff050bde7514ba9e3b86d625c220e3456094dbf22876d50e03040c0c7f58
bibit001393,Rime varie,"Giambullari, Bernardo",sonnet_only,historical_non_sonnet_poetry,activation_candidate,,activate_core,historical_non_sonnet_poetry,preserve_rendered_tei_text,72176,,passed canonical TEI role audit,http://www.bibliotecaitaliana.it/scheda/bibit001393,917a3d6cefcc8e7f56c1319c6284cadc5e8d4093f9b6addc1f140705ae951940
bibit001391,Poesie,"Giogante, Michele del",sonnet_only,historical_non_sonnet_poetry,activation_candidate,note_multilingual_metadata,activate_core,historical_non_sonnet_poetry,preserve_rendered_tei_text,9341,,passed canonical TEI role audit,http://www.bibliotecaitaliana.it/scheda/bibit001391,b33a7a741508b9b6b73b7acd1960c5b3a6d91dab0b9e7eaaadf348975e79e9c8
bibit001483,Poesie,Giovanni di Maffeo da Barberino,sonnet_only,historical_non_sonnet_poetry,activation_candidate,note_multilingual_metadata,activate_core,historical_non_sonnet_poetry,preserve_rendered_tei_text,1493,,passed canonical TEI role audit,http://www.bibliotecaitaliana.it/scheda/bibit001483,dcfd55a1dcae23fbc708f9c2471e00c683ee05c5ed538c6c9298a6a5f36abdf2
bibit000226,Poesie,"Giusti, Giuseppe",sonnet_only,historical_non_sonnet_poetry,review_required,note_multilingual_metadata;review_editorial_brackets,activate_core_with_bracket_cleanup,historical_non_sonnet_poetry,strip_editorial_square_delimiters_and_labels,282379,,retain supplied historical text while removing editorial bracket notation,http://www.bibliotecaitaliana.it/scheda/bibit000226,0a25cadcdcc66d4c2404fbf4eae7acd60fa88b23d82b499c8ee4183af30f3a63
bibit000700,Poesie,Giusto da Volterra,sonnet_only,historical_non_sonnet_poetry,review_required,duplicate_exact_bibit_document,exclude_duplicate_document,excluded,preserve_rendered_tei_text,0,bibit001055,exact canonical-text duplicate of bibit001055,http://www.bibliotecaitaliana.it/scheda/bibit000700,4f2d3622f9dd66915bea78dea64685b75e45be1441c03d40be5ab2df45a3383b
bibit000740,Rime,"Gradenigo, Giorgio",sonnet_only,historical_non_sonnet_poetry,activation_candidate,,activate_core,historical_non_sonnet_poetry,preserve_rendered_tei_text,1659,,passed canonical TEI role audit,http://www.bibliotecaitaliana.it/scheda/bibit000740,ddc16d3797cf861655b6a25d667238cc1b87208e648b0694e87255793125e429
bibit000385,Rime,"Grazzini, Anton Francesco",sonnet_only,historical_non_sonnet_poetry,activation_candidate,note_multilingual_metadata,activate_core,historical_non_sonnet_poetry,preserve_rendered_tei_text,120047,,passed canonical TEI role audit,http://www.bibliotecaitaliana.it/scheda/bibit000385,68d922a880ebeb92daf6c17d7207a4f777a4bd50ee8bef442212c33f286662d6
bibit001454,Raccolta completa delle poesie giocose,"Guadagnoli, Antonio",sonnet_only,historical_non_sonnet_poetry,activation_candidate,note_multilingual_metadata,activate_core,historical_non_sonnet_poetry,preserve_rendered_tei_text,228305,,passed canonical TEI role audit,http://www.bibliotecaitaliana.it/scheda/bibit001454,2ef3f4fb4b97dce52c8cfff625b7bb8cdcf975796024c528c22d416fe443afa3
bibit000765,Rime,"Guarini, Battista",sonnet_only,historical_non_sonnet_poetry,activation_candidate,note_multilingual_metadata,activate_core,historical_non_sonnet_poetry,preserve_rendered_tei_text,48335,,passed canonical TEI role audit,http://www.bibliotecaitaliana.it/scheda/bibit000765,37b76f2d7ffe8be1d5355d7d79e488de71452ab52c0634afb32db8e70ef81dc6
bibit000418,Poesie,"Guazzalotri, Antonio",sonnet_only,historical_non_sonnet_poetry,review_required,note_multilingual_metadata;review_no_sonnet_candidates,activate_as_non_sonnet_poetry,historical_non_sonnet_poetry,preserve_rendered_tei_text,4916,,sonnet composition guess was false; TEI contains reusable non-sonnet verse,http://www.bibliotecaitaliana.it/scheda/bibit000418,402d76ff600233fb0215f2d94edf69d21cac3ba5e45f6bae0f64875215fd4821
bibit000237,Rime,"Guidiccioni, Giovanni",sonnet_only,historical_non_sonnet_poetry,activation_candidate,,activate_core,historical_non_sonnet_poetry,preserve_rendered_tei_text,24843,,passed canonical TEI role audit,http://www.bibliotecaitaliana.it/scheda/bibit000237,3e591bcb55be373fc5daa09c74211d911402877eace4024daee24b42fb53074a
bibit001542,Poesie,"Guinizzelli, Guido",sonnet_only,historical_non_sonnet_poetry,activation_candidate,,activate_core,historical_non_sonnet_poetry,preserve_rendered_tei_text,9619,,passed canonical TEI role audit,http://www.bibliotecaitaliana.it/scheda/bibit001542,24a5ac92adeee4e0cc4a590299c661fb9f781225535e6ba83d020629881f0192
bibit000238,Rime,Guittone d'Arezzo,sonnet_only,historical_non_sonnet_poetry,activation_candidate,,activate_core,historical_non_sonnet_poetry,preserve_rendered_tei_text,121218,,passed canonical TEI role audit,http://www.bibliotecaitaliana.it/scheda/bibit000238,de25533f41a8aebd6634de15270952d8fd17944ecf7896d00295e21b2b966cd3
bibit000309,Poesie,Jacopo da Bibbiena,sonnet_only,historical_non_sonnet_poetry,review_required,note_multilingual_metadata;review_no_sonnet_candidates,activate_as_non_sonnet_poetry,historical_non_sonnet_poetry,preserve_rendered_tei_text,328,,sonnet composition guess was false; TEI contains reusable non-sonnet verse,http://www.bibliotecaitaliana.it/scheda/bibit000309,bc2ac79c3f34b19ac9eba8be32ecfdb26f6d371cb782f15b4c1b8e9937e73089
bibit000157,Poesie,"Lapaccini, Filippo",sonnet_only,historical_non_sonnet_poetry,activation_candidate,,activate_core,historical_non_sonnet_poetry,preserve_rendered_tei_text,29574,,passed canonical TEI role audit,http://www.bibliotecaitaliana.it/scheda/bibit000157,7393a4076f788598799bda966c49ee1cd80d17979149a83af6d774e2ec3a83b5
bibit001366,Poesie ebraiche,Leone Ebreo,sonnet_only,historical_non_sonnet_poetry,review_required,review_no_sonnet_candidates,activate_as_non_sonnet_poetry,historical_non_sonnet_poetry,preserve_rendered_tei_text,23188,,sonnet composition guess was false; TEI contains reusable non-sonnet verse,http://www.bibliotecaitaliana.it/scheda/bibit001366,b7ca254f2e398e74db81e51012c0b82a85d22af803b1528e35f49309ef60674d
bibit000952,Altre poesie varie,"Leopardi, Giacomo",sonnet_only,historical_non_sonnet_poetry,activation_candidate,,activate_core,historical_non_sonnet_poetry,preserve_rendered_tei_text,14690,,passed canonical TEI role audit,http://www.bibliotecaitaliana.it/scheda/bibit000952,36cebe39fedf9d4c29647981971f63511c377a9bef16f3173cbf1071c9d2b446
bibit000613,Poesie di Mosco,"Leopardi, Giacomo",sonnet_only,historical_non_sonnet_poetry,review_required,review_no_sonnet_candidates,activate_as_non_sonnet_poetry,historical_non_sonnet_poetry,preserve_rendered_tei_text,27256,,sonnet composition guess was false; TEI contains reusable non-sonnet verse,http://www.bibliotecaitaliana.it/scheda/bibit000613,d7da94d84da263af15260bf62d711eef7759947a320f7f859c15715c4efe6e6f
bibit001172,Rime di F. Petrarca con l'interpretazione di G. Leopardi,"Leopardi, Giacomo",sonnet_only,historical_non_sonnet_poetry,activation_candidate,note_multilingual_metadata,activate_core,historical_non_sonnet_poetry,preserve_rendered_tei_text,189503,,passed canonical TEI role audit,http://www.bibliotecaitaliana.it/scheda/bibit001172,4e483525cf8ccb0b3402dc60cdb7f9bb0f3f5ec19226d58e75e86b8640230201
bibit000472,Sonetti in persona di ser Pecora fiorentino beccaio,"Leopardi, Giacomo",sonnet_only,historical_non_sonnet_poetry,activation_candidate,,activate_core,historical_non_sonnet_poetry,preserve_rendered_tei_text,710,,passed canonical TEI role audit,http://www.bibliotecaitaliana.it/scheda/bibit000472,920f714d34538881a341c8c7115006745073a714484c3bd1076c8ac2c5581b2e
bibit000842,Sonetti,"Lubrano, Giacomo",sonnet_only,historical_non_sonnet_poetry,activation_candidate,note_multilingual_metadata,activate_core,historical_non_sonnet_poetry,preserve_rendered_tei_text,941,,passed canonical TEI role audit,http://www.bibliotecaitaliana.it/scheda/bibit000842,25198911aaec5a2b1ae8a8344621e720e5f83c2de5b1c840c847a0061e89503d
bibit001304,Rime,"Magno, Celio",sonnet_only,historical_non_sonnet_poetry,activation_candidate,note_multilingual_metadata,activate_core,historical_non_sonnet_poetry,preserve_rendered_tei_text,139196,,passed canonical TEI role audit,http://www.bibliotecaitaliana.it/scheda/bibit001304,ad98fee7277899314683dd9da7713b5928e063152afb3399e009d129c1ebc4e5
bibit000978,Rime,"Malatesti, Malatesta",sonnet_only,historical_non_sonnet_poetry,activation_candidate,,activate_core,historical_non_sonnet_poetry,preserve_rendered_tei_text,33322,,passed canonical TEI role audit,http://www.bibliotecaitaliana.it/scheda/bibit000978,a00780b9b4139ff4803859d983c902cfee945fdadd554ccb80bcb9f8e5ca4541
bibit001645,Poesie,"Malecarni, Francesco",sonnet_only,historical_non_sonnet_poetry,activation_candidate,note_multilingual_metadata,activate_core,historical_non_sonnet_poetry,preserve_rendered_tei_text,16289,,passed canonical TEI role audit,http://www.bibliotecaitaliana.it/scheda/bibit001645,d3db9132ff31249660602c3ab56f8467661de39079109d4a7c17a0b0e6621a43
bibit000387,Poesie,"Manetti, Antonio",sonnet_only,historical_non_sonnet_poetry,review_required,note_multilingual_metadata;duplicate_exact_bibit_document,exclude_duplicate_document,excluded,preserve_rendered_tei_text,0,bibit001055,exact canonical-text duplicate of bibit001055,http://www.bibliotecaitaliana.it/scheda/bibit000387,efa09966718a945118247fd2b6ae6ee3d2f26797ef082810428c71dda9fe21df
bibit000315,Poesie,"Manetti, Giannozzo",sonnet_only,historical_non_sonnet_poetry,review_required,note_multilingual_metadata;duplicate_exact_bibit_document,exclude_duplicate_document,excluded,preserve_rendered_tei_text,0,bibit001193,exact canonical-text duplicate of bibit001193,http://www.bibliotecaitaliana.it/scheda/bibit000315,517a211c90e77232e538855e8757ef8561a14541a7b6a7c79a1470bddbf32b35
bibit000996,Rime,"Mantegna, Giovanni Alfonso",sonnet_only,historical_non_sonnet_poetry,activation_candidate,,activate_core,historical_non_sonnet_poetry,preserve_rendered_tei_text,71602,,passed canonical TEI role audit,http://www.bibliotecaitaliana.it/scheda/bibit000996,b29dcd1f36dcaa561fc10ec817e77944b0f177ec31695bef53a7477f76dd3091
bibit000266,Poesie giovanili,"Manzoni, Alessandro",sonnet_only,historical_non_sonnet_poetry,review_required,review_editorial_brackets,activate_core_with_bracket_cleanup,historical_non_sonnet_poetry,strip_editorial_square_delimiters_and_labels,126993,,retain supplied historical text while removing editorial bracket notation,http://www.bibliotecaitaliana.it/scheda/bibit000266,abe556d3d8cb973f85f623adb7958546db0cedbbb2b7d37c557fff949faf02cb
bibit001555,Rime amorose,"Marino, Giovambattista",sonnet_only,historical_non_sonnet_poetry,activation_candidate,,activate_core,historical_non_sonnet_poetry,preserve_rendered_tei_text,314,,passed canonical TEI role audit,http://www.bibliotecaitaliana.it/scheda/bibit001555,4a9106299c7b429fa6dffc08c8606c7c9b6b40d28ae9fba108b1ded900c85019
bibit000396,Rime boscherecce,"Marino, Giovambattista",sonnet_only,historical_non_sonnet_poetry,activation_candidate,,activate_core,historical_non_sonnet_poetry,preserve_rendered_tei_text,342,,passed canonical TEI role audit,http://www.bibliotecaitaliana.it/scheda/bibit000396,775aeb47cb2050ba56c7e86328af4ba96de1ea1580541fa9eab2976cef4d9abc
bibit000776,Rime lugubri,"Marino, Giovambattista",sonnet_only,historical_non_sonnet_poetry,activation_candidate,,activate_core,historical_non_sonnet_poetry,preserve_rendered_tei_text,214,,passed canonical TEI role audit,http://www.bibliotecaitaliana.it/scheda/bibit000776,d47c2164c8739c7ee55e835592d1eb1cc3db521c2aa1af75cb0e29c69a5e6cf2
bibit001632,Rime marittime,"Marino, Giovambattista",sonnet_only,historical_non_sonnet_poetry,activation_candidate,,activate_core,historical_non_sonnet_poetry,preserve_rendered_tei_text,190,,passed canonical TEI role audit,http://www.bibliotecaitaliana.it/scheda/bibit001632,2e4e184bf569c1573aa31719f1ecba4699d384dba47a9b1f6750d7dd3c8c4d0d
bibit001014,Poesie,"Martelli, Carlo",sonnet_only,historical_non_sonnet_poetry,activation_candidate,note_multilingual_metadata,activate_core,historical_non_sonnet_poetry,preserve_rendered_tei_text,27,,passed canonical TEI role audit,http://www.bibliotecaitaliana.it/scheda/bibit001014,fe3764c5c34db0b3f867dce89148f1c7d0e1d601943326ca16edb5c997317aec
bibit000083,Poesie,"Martini, Giovanni",sonnet_only,historical_non_sonnet_poetry,review_required,review_no_sonnet_candidates,activate_as_non_sonnet_poetry,historical_non_sonnet_poetry,preserve_rendered_tei_text,4042,,sonnet composition guess was false; TEI contains reusable non-sonnet verse,http://www.bibliotecaitaliana.it/scheda/bibit000083,302616d070504b83cd045583d2d50e20382bc2cdc9e108afad935e479b2be7fb
bibit001182,Rime,"Matraini Contarini, Chiara",sonnet_only,historical_non_sonnet_poetry,activation_candidate,,activate_core,historical_non_sonnet_poetry,preserve_rendered_tei_text,60508,,passed canonical TEI role audit,http://www.bibliotecaitaliana.it/scheda/bibit001182,18a057d6229329cd214b2421a02c7b1995916efba33f6644135061c689c2c0c1
bibit000269,Poesie,"Medici, Cambiozzo de'",sonnet_only,historical_non_sonnet_poetry,review_required,duplicate_exact_bibit_document,exclude_duplicate_document,excluded,preserve_rendered_tei_text,0,bibit001055,exact canonical-text duplicate of bibit001055,http://www.bibliotecaitaliana.it/scheda/bibit000269,86deb6b5d396bd685d765657c473fdd4873c33a8f2c3c71f1432d27be4f1c327
bibit001025,Poesie,"Medici, Carlo de'",sonnet_only,historical_non_sonnet_poetry,activation_candidate,,activate_core,historical_non_sonnet_poetry,preserve_rendered_tei_text,582,,passed canonical TEI role audit,http://www.bibliotecaitaliana.it/scheda/bibit001025,f25a8a9ca982f10fc174fac84977c0592c75a6817e2d7e27c3a72d41be209c85
bibit000751,Poesie,"Medici, Cosimo de'",sonnet_only,historical_non_sonnet_poetry,review_required,review_no_sonnet_candidates,activate_as_non_sonnet_poetry,historical_non_sonnet_poetry,preserve_rendered_tei_text,2118,,sonnet composition guess was false; TEI contains reusable non-sonnet verse,http://www.bibliotecaitaliana.it/scheda/bibit000751,d608352ae6d1e376fbbb83cf81d5cb0e689f78d1961a8c4cce3a2f5a831ed2de
bibit001036,Canzoniere,"Medici, Lorenzo de'",sonnet_only,historical_non_sonnet_poetry,activation_candidate,note_multilingual_metadata,activate_core,historical_non_sonnet_poetry,preserve_rendered_tei_text,42458,,passed canonical TEI role audit,http://www.bibliotecaitaliana.it/scheda/bibit001036,4626e6b5a6e8d4d816f8459e4dde43d30e4a522723f9d5d202c00c37f93de3c2
bibit001002,Comento de' miei sonetti,"Medici, Lorenzo de'",sonnet_only,historical_non_sonnet_poetry,activation_candidate,note_multilingual_metadata,activate_core,historical_non_sonnet_poetry,preserve_rendered_tei_text,228485,,passed canonical TEI role audit,http://www.bibliotecaitaliana.it/scheda/bibit001002,dd3705d69f89194f4bb608973337470fbf61c3aec1b568961c9eeab3b56d3ed2
bibit001264,Rime in forma di ballata,"Medici, Lorenzo de'",sonnet_only,historical_non_sonnet_poetry,review_required,review_no_sonnet_candidates,activate_as_non_sonnet_poetry,historical_non_sonnet_poetry,preserve_rendered_tei_text,63030,,sonnet composition guess was false; TEI contains reusable non-sonnet verse,http://www.bibliotecaitaliana.it/scheda/bibit001264,3ff5dffebf380cfedac86878b8da33d2a3657284b6326dc74e6e896e02a5edc0
bibit001240,Poesie,"Meglio, Antonio di",sonnet_only,historical_non_sonnet_poetry,activation_candidate,,activate_core,historical_non_sonnet_poetry,preserve_rendered_tei_text,108559,,passed canonical TEI role audit,http://www.bibliotecaitaliana.it/scheda/bibit001240,6e1ccb41968cc6a0b7170111afb4454a761cf69bfe3632a2501331e18827b173
bibit000915,Poesie,"Meglio, Giovan Matteo di",sonnet_only,historical_non_sonnet_poetry,activation_candidate,note_multilingual_metadata,activate_core,historical_non_sonnet_poetry,preserve_rendered_tei_text,7829,,passed canonical TEI role audit,http://www.bibliotecaitaliana.it/scheda/bibit000915,83ba64c69d4a96ce71525525e753b2b92f19e84370aae5af5e64d0be194514f6
bibit000599,Rime,"Meglio, Giovan Matteo di",sonnet_only,historical_non_sonnet_poetry,activation_candidate,,activate_core,historical_non_sonnet_poetry,preserve_rendered_tei_text,32873,,passed canonical TEI role audit,http://www.bibliotecaitaliana.it/scheda/bibit000599,27fa6dba2f7dbfc57e5788cfb8e77233f187b7f9b567f135f7331fc96672e648
bibit001221,Cantate e altre poesie,"Metastasio, Pietro",sonnet_only,historical_non_sonnet_poetry,activation_candidate,note_multilingual_metadata,activate_core,historical_non_sonnet_poetry,preserve_rendered_tei_text,240443,,passed canonical TEI role audit,http://www.bibliotecaitaliana.it/scheda/bibit001221,a1040404261f150aae8f3c148f71730b97078ad8f791560605662a2bc1925857
bibit000696,Le poesie liriche,"Monti, Vincenzo",sonnet_only,historical_non_sonnet_poetry,review_required,note_multilingual_metadata;review_editorial_brackets,activate_core_with_bracket_cleanup,historical_non_sonnet_poetry,strip_editorial_square_delimiters_and_labels,252811,,retain supplied historical text while removing editorial bracket notation,http://www.bibliotecaitaliana.it/scheda/bibit000696,85353af37a28b7608f59f2b5ce5187d6bff49b9f17709c4b5ccf679330e9abd9
bibit000430,Poesie,"Monti, Vincenzo",sonnet_only,historical_non_sonnet_poetry,activation_candidate,,activate_core,historical_non_sonnet_poetry,preserve_rendered_tei_text,99843,,passed canonical TEI role audit,http://www.bibliotecaitaliana.it/scheda/bibit000430,d82d8cd9f4be503e32504d2a76bd3d5d082a48507aaf2c1367dc4035584e8dae
bibit000635,Poesie,"Morandi, Niccolò",sonnet_only,historical_non_sonnet_poetry,activation_candidate,,activate_core,historical_non_sonnet_poetry,preserve_rendered_tei_text,18,,passed canonical TEI role audit,http://www.bibliotecaitaliana.it/scheda/bibit000635,ce1dc9b61f26c8333121413d573320d9725a3f25560621096278108537403a87
bibit000434,Rime,"Morra, Isabella di",sonnet_only,historical_non_sonnet_poetry,activation_candidate,,activate_core,historical_non_sonnet_poetry,preserve_rendered_tei_text,8678,,passed canonical TEI role audit,http://www.bibliotecaitaliana.it/scheda/bibit000434,c5288ea268dad539016a6bbe3eb4562c4991cc2e039c4f28c3daa215f68c6db5
bibit000549,Rime,"Muzzarelli, Giovanni",sonnet_only,historical_non_sonnet_poetry,activation_candidate,,activate_core,historical_non_sonnet_poetry,preserve_rendered_tei_text,28076,,passed canonical TEI role audit,http://www.bibliotecaitaliana.it/scheda/bibit000549,e73887f3d83bd53cd10604604368dad059986be03e07f7c508e6bf3927bdd5a7
bibit000513,Rime,"Nannini, Remigio",sonnet_only,historical_non_sonnet_poetry,activation_candidate,note_multilingual_metadata,activate_core,historical_non_sonnet_poetry,preserve_rendered_tei_text,27855,,passed canonical TEI role audit,http://www.bibliotecaitaliana.it/scheda/bibit000513,726ae8b266f886fff2a332debce44fff0bdcbd00753ab04855059578872ad054
bibit000746,Rime,Niccolò da Correggio,sonnet_only,historical_non_sonnet_poetry,activation_candidate,note_multilingual_metadata,activate_core,historical_non_sonnet_poetry,preserve_rendered_tei_text,224078,,passed canonical TEI role audit,http://www.bibliotecaitaliana.it/scheda/bibit000746,317abe0b2fe98ec4cb296825b074865a9a52042fed9ed827cbd2759c01389096
bibit001068,Poesie,Niccolò da Uzzano,sonnet_only,historical_non_sonnet_poetry,review_required,review_no_sonnet_candidates,activate_as_non_sonnet_poetry,historical_non_sonnet_poetry,preserve_rendered_tei_text,3404,,sonnet composition guess was false; TEI contains reusable non-sonnet verse,http://www.bibliotecaitaliana.it/scheda/bibit001068,48abcf38e54eed141a8d677bf1ab29d65afd1bf650304b221a68c13d3f8ab459
bibit000284,Canzoniere italiano inedito del sec. XIV (Beinecke Phillips 8826),Non definito,sonnet_only,historical_non_sonnet_poetry,review_required,review_no_sonnet_candidates;review_editorial_brackets,activate_as_non_sonnet_poetry_with_bracket_cleanup,historical_non_sonnet_poetry,strip_editorial_square_delimiters_and_labels,103033,,sonnet composition guess was false; TEI contains reusable non-sonnet verse,http://www.bibliotecaitaliana.it/scheda/bibit000284,8cb94b288ff2e5f72be6bf702b0c932e6123bff746545cbea50f10ee6357ae49
bibit000818,Le rime del codice isoldiano,Non definito,sonnet_only,historical_non_sonnet_poetry,activation_candidate,note_multilingual_metadata,activate_core,historical_non_sonnet_poetry,preserve_rendered_tei_text,449811,,passed canonical TEI role audit,http://www.bibliotecaitaliana.it/scheda/bibit000818,0508fd822be77c48ae95b67dc9de9a97cad9429ac61e4b998b7c9387cff2d886
bibit001319,Le rime della scuola siciliana,Non definito,sonnet_only,historical_non_sonnet_poetry,review_required,note_multilingual_metadata;review_editorial_brackets,activate_core_with_bracket_cleanup,historical_non_sonnet_poetry,strip_editorial_square_delimiters_and_labels,300645,,retain supplied historical text while removing editorial bracket notation,http://www.bibliotecaitaliana.it/scheda/bibit001319,4886de2a5606b4ae7874c2745eab6c1cc21451bb09e758b460a4d9b707b743d4
bibit000807,"Rime degli Arcadi, tomo primo",Non definito,sonnet_only,historical_non_sonnet_poetry,activation_candidate,note_multilingual_metadata,activate_core,historical_non_sonnet_poetry,preserve_rendered_tei_text,200187,,passed canonical TEI role audit,http://www.bibliotecaitaliana.it/scheda/bibit000807,a83e93fbffa8751c0965cd297ac001bc2052ac410112e80f4622805c9aa606da
bibit000524,"Rime degli Arcadi, tomo quarto",Non definito,sonnet_only,historical_non_sonnet_poetry,activation_candidate,note_multilingual_metadata,activate_core,historical_non_sonnet_poetry,preserve_rendered_tei_text,157431,,passed canonical TEI role audit,http://www.bibliotecaitaliana.it/scheda/bibit000524,590059f4d268ce16af02bf996a2bf12154ec1cb94f9330199ff37cbc36ca833c
bibit000384,"Rime degli Arcadi, tomo quinto",Non definito,sonnet_only,historical_non_sonnet_poetry,activation_candidate,,activate_core,historical_non_sonnet_poetry,preserve_rendered_tei_text,113035,,passed canonical TEI role audit,http://www.bibliotecaitaliana.it/scheda/bibit000384,54893335c10667d6e49e2f58e5c1c6e53b0d5a96e902f2767298052b66fc64b6
bibit001063,"Rime degli Arcadi, tomo secondo",Non definito,sonnet_only,historical_non_sonnet_poetry,activation_candidate,note_multilingual_metadata,activate_core,historical_non_sonnet_poetry,preserve_rendered_tei_text,214221,,passed canonical TEI role audit,http://www.bibliotecaitaliana.it/scheda/bibit001063,b5f8937b469d8a2dadcf626c96c498f0d2ff75bc3195a84cd556588776bb4d48
bibit001414,"Rime degli Arcadi, tomo sesto",Non definito,sonnet_only,historical_non_sonnet_poetry,activation_candidate,note_multilingual_metadata,activate_core,historical_non_sonnet_poetry,preserve_rendered_tei_text,116315,,passed canonical TEI role audit,http://www.bibliotecaitaliana.it/scheda/bibit001414,8e8552727332e21e674796624a350d528b7074b1d62a690e7d570ee35d9d249c
bibit000532,"Rime degli Arcadi, tomo terzo",Non definito,sonnet_only,historical_non_sonnet_poetry,activation_candidate,note_multilingual_metadata,activate_core,historical_non_sonnet_poetry,preserve_rendered_tei_text,124770,,passed canonical TEI role audit,http://www.bibliotecaitaliana.it/scheda/bibit000532,0af09880891818a7889bf7dd3f8320d49ed278770a969d4a5bc0591c83105e52
bibit001194,Rime inedite del Cinquecento,Non definito,sonnet_only,historical_non_sonnet_poetry,activation_candidate,note_multilingual_metadata,activate_core,historical_non_sonnet_poetry,preserve_rendered_tei_text,177506,,passed canonical TEI role audit,http://www.bibliotecaitaliana.it/scheda/bibit001194,2f25ab7a55a9f6b3f2055e2fd9a29104879fe4600cb3f30b2994b9840f04ab22
bibit001363,Sonetti ferraresi del '400 in una raccolta di poeti cortigiani,Non definito,sonnet_only,historical_non_sonnet_poetry,activation_candidate,,activate_core,historical_non_sonnet_poetry,preserve_rendered_tei_text,25,,passed canonical TEI role audit,http://www.bibliotecaitaliana.it/scheda/bibit001363,2462dac1f2b43819f71afdb05a32982e7e2187b41a264b5b1b4ae8393d920fda
bibit000071,Poesie,"Pandolfini, Giovannale",sonnet_only,historical_non_sonnet_poetry,review_required,note_multilingual_metadata;duplicate_exact_bibit_document,exclude_duplicate_document,excluded,preserve_rendered_tei_text,0,bibit001193,exact canonical-text duplicate of bibit001193,http://www.bibliotecaitaliana.it/scheda/bibit000071,7a031923df151ec4915bbbf6c2a097cdb3a501ac3cfbb81459a459f16c041e18
bibit000102,Alcune poesie di Ripano Eupilino,"Parini, Giuseppe",sonnet_only,historical_non_sonnet_poetry,activation_candidate,note_multilingual_metadata,activate_core,historical_non_sonnet_poetry,preserve_rendered_tei_text,53190,,passed canonical TEI role audit,http://www.bibliotecaitaliana.it/scheda/bibit000102,e769785ad5a445cc72723d10e304d9a776a07f0c3c22f2a22b5d1a61999466ab
bibit001157,Sonetti,"Parini, Giuseppe",sonnet_only,historical_non_sonnet_poetry,activation_candidate,,activate_core,historical_non_sonnet_poetry,preserve_rendered_tei_text,1255,,passed canonical TEI role audit,http://www.bibliotecaitaliana.it/scheda/bibit001157,60eb77f4b3a919d22e699383c43d4ab667873cffa783a8b130d8655ae04ef534
bibit001450,Poesie,"Pegolotti, Giovanni",sonnet_only,historical_non_sonnet_poetry,activation_candidate,note_multilingual_metadata,activate_core,historical_non_sonnet_poetry,preserve_rendered_tei_text,35012,,passed canonical TEI role audit,http://www.bibliotecaitaliana.it/scheda/bibit001450,b61431410ae13736e1f6946466ae0f46219a15f03983d256db98c77df08f24e5
bibit000219,Poesie,Pellegrino da Castiglion Fiorentino,sonnet_only,historical_non_sonnet_poetry,activation_candidate,note_multilingual_metadata,activate_core,historical_non_sonnet_poetry,preserve_rendered_tei_text,17661,,passed canonical TEI role audit,http://www.bibliotecaitaliana.it/scheda/bibit000219,f1afc53461db8609112909bba227d088505d2582e6e925c94dcde80905818a13
bibit000760,Canzoniere,"Petrarca, Francesco",sonnet_only,historical_non_sonnet_poetry,activation_candidate,note_multilingual_metadata,activate_core,historical_non_sonnet_poetry,preserve_rendered_tei_text,110030,,passed canonical TEI role audit,http://www.bibliotecaitaliana.it/scheda/bibit000760,fb29956d9a94cdcdd15d0994a67af1e5f5d816a89602d372ec9e961ee1726b2b
bibit000756,Frammenti e rime extravaganti,"Petrarca, Francesco",sonnet_only,historical_non_sonnet_poetry,activation_candidate,,activate_core,historical_non_sonnet_poetry,preserve_rendered_tei_text,12077,,passed canonical TEI role audit,http://www.bibliotecaitaliana.it/scheda/bibit000756,a89e4bc284a387daf7736b6f49ed55e6c72e6276b281f1e1979ae10df90edef7
bibit000509,Rime disperse e attribuite,"Petrarca, Francesco",sonnet_only,historical_non_sonnet_poetry,activation_candidate,note_multilingual_metadata,activate_core,historical_non_sonnet_poetry,preserve_rendered_tei_text,56652,,passed canonical TEI role audit,http://www.bibliotecaitaliana.it/scheda/bibit000509,e0fb45c991a856179c20e8e1bc3077c27accb837152c9a0f6bdbaea56e8919fb
bibit000082,Poesie,"Petroni, Ludovico",sonnet_only,historical_non_sonnet_poetry,activation_candidate,note_multilingual_metadata,activate_core,historical_non_sonnet_poetry,preserve_rendered_tei_text,58,,passed canonical TEI role audit,http://www.bibliotecaitaliana.it/scheda/bibit000082,481f5220590611856ec9f3dd3738ae4b0ec7e5369520f80b2584800a12140474
bibit000605,Sonetti,"Pico della Mirandola, Gianfrancesco",sonnet_only,historical_non_sonnet_poetry,activation_candidate,,activate_core,historical_non_sonnet_poetry,preserve_rendered_tei_text,844,,passed canonical TEI role audit,http://www.bibliotecaitaliana.it/scheda/bibit000605,c2ce93051d2e082fe6c1902783455939f1747e74966d2f6127847fea8a177477
bibit001360,Poesie volgari,"Pico della Mirandola, Giovanni",sonnet_only,historical_non_sonnet_poetry,activation_candidate,,activate_core,historical_non_sonnet_poetry,preserve_rendered_tei_text,6666,,passed canonical TEI role audit,http://www.bibliotecaitaliana.it/scheda/bibit001360,1e9378893fd07c4cecc2ec6f44200e36b67bf358aac71840d62425068827f0d4
bibit001159,Poesie,"Pigli, Giovanni di Iacopo",sonnet_only,historical_non_sonnet_poetry,activation_candidate,note_multilingual_metadata,activate_core,historical_non_sonnet_poetry,preserve_rendered_tei_text,2623,,passed canonical TEI role audit,http://www.bibliotecaitaliana.it/scheda/bibit001159,9790e38589c3e4763df616ed3378e1bec1f7ffceeaebd9a200d4aec6583994eb
bibit000084,Rime,"Pignatelli, Ascanio",sonnet_only,historical_non_sonnet_poetry,activation_candidate,note_multilingual_metadata,activate_core,historical_non_sonnet_poetry,preserve_rendered_tei_text,15515,,passed canonical TEI role audit,http://www.bibliotecaitaliana.it/scheda/bibit000084,e4f7aedc30f88179a5b665ec75dd241c4102c0685a5939852700a5bdcfaca8d2
bibit001489,Poesie campestri,"Pindemonte, Ippolito",sonnet_only,historical_non_sonnet_poetry,activation_candidate,,activate_core,historical_non_sonnet_poetry,preserve_rendered_tei_text,51167,,passed canonical TEI role audit,http://www.bibliotecaitaliana.it/scheda/bibit001489,a1fdda9c3ef8cf18fb8283b00059f1390fcf563fa809c7d6e99b6e96413606e6
bibit000425,Poesie,"Pitti, Bonaccorso",sonnet_only,historical_non_sonnet_poetry,review_required,note_multilingual_metadata;review_no_sonnet_candidates,activate_as_non_sonnet_poetry,historical_non_sonnet_poetry,preserve_rendered_tei_text,5433,,sonnet composition guess was false; TEI contains reusable non-sonnet verse,http://www.bibliotecaitaliana.it/scheda/bibit000425,a02d85b4f1c41f3eca8e60e0b99b177f3105a7eb1aa7bcb767995b675755c9c2
bibit001113,Rime,"Poliziano, Angelo",sonnet_only,historical_non_sonnet_poetry,activation_candidate,note_multilingual_metadata,activate_core,historical_non_sonnet_poetry,preserve_rendered_tei_text,67666,,passed canonical TEI role audit,http://www.bibliotecaitaliana.it/scheda/bibit001113,caf18299d4ee1534bd6d75b02e3fca9f33cb39ca8f41991b65a07ddf75fcb3ac
bibit001258,Tutte le poesie,"Praga, Emilio",sonnet_only,historical_non_sonnet_poetry,activation_candidate,,activate_core,historical_non_sonnet_poetry,preserve_rendered_tei_text,279740,,passed canonical TEI role audit,http://www.bibliotecaitaliana.it/scheda/bibit001258,38ce3e0786588eada49d471672e66f999f279e8b923982746f819437c7a02651
bibit000364,Poesie,"Preti, Girolamo",sonnet_only,historical_non_sonnet_poetry,activation_candidate,,activate_core,historical_non_sonnet_poetry,preserve_rendered_tei_text,113799,,passed canonical TEI role audit,http://www.bibliotecaitaliana.it/scheda/bibit000364,02b2208dadbf5150e10b5ba10e89b39992dc5a30a028ebe73117f881fe992b08
bibit000463,Poesie,"Pulci, Bernardo",sonnet_only,historical_non_sonnet_poetry,activation_candidate,note_multilingual_metadata,activate_core,historical_non_sonnet_poetry,preserve_rendered_tei_text,67860,,passed canonical TEI role audit,http://www.bibliotecaitaliana.it/scheda/bibit000463,f7a30f74b3a2e1cc056b974601dc3aa18c34c3c0a014ae36c4b9bf9c85e8829a
bibit001016,Poesie,"Ricci, Bernardo de'",sonnet_only,historical_non_sonnet_poetry,activation_candidate,note_multilingual_metadata,activate_core,historical_non_sonnet_poetry,preserve_rendered_tei_text,11,,passed canonical TEI role audit,http://www.bibliotecaitaliana.it/scheda/bibit001016,96589a66b240ac66a8e4bca7e668f6ac24859fdabb8b2747212fdd67af6c8a38
bibit000936,Poesie,"Ricci, Niccolò de'",sonnet_only,historical_non_sonnet_poetry,review_required,note_multilingual_metadata;review_no_sonnet_candidates,activate_as_non_sonnet_poetry,historical_non_sonnet_poetry,preserve_rendered_tei_text,2187,,sonnet composition guess was false; TEI contains reusable non-sonnet verse,http://www.bibliotecaitaliana.it/scheda/bibit000936,c83ed1b88c724d954b6930188aa93d48f120a6dcc11cc560bd99159981751e53
bibit000710,Poesie,"Risorboli, Niccolò",sonnet_only,historical_non_sonnet_poetry,activation_candidate,note_multilingual_metadata,activate_core,historical_non_sonnet_poetry,preserve_rendered_tei_text,2927,,passed canonical TEI role audit,http://www.bibliotecaitaliana.it/scheda/bibit000710,483f6b8a403e668d4180b002fb585739fdf6799e2b1dcd0a2902a284988a8482
bibit001684,Poesie,"Roselli, Antonio",sonnet_only,historical_non_sonnet_poetry,review_required,note_multilingual_metadata;review_no_sonnet_candidates,activate_as_non_sonnet_poetry,historical_non_sonnet_poetry,preserve_rendered_tei_text,5463,,sonnet composition guess was false; TEI contains reusable non-sonnet verse,http://www.bibliotecaitaliana.it/scheda/bibit001684,f3fa8fdfb99ed5cd50c19cfd0f5301bbf266c6a4e442f11454be1868fa4c817f
bibit000283,Poesie,"Roselli, Bernardo",sonnet_only,historical_non_sonnet_poetry,review_required,note_multilingual_metadata;review_no_sonnet_candidates,activate_as_non_sonnet_poetry,historical_non_sonnet_poetry,preserve_rendered_tei_text,3223,,sonnet composition guess was false; TEI contains reusable non-sonnet verse,http://www.bibliotecaitaliana.it/scheda/bibit000283,123e3c1ee59b79b466799ed6436bb84f91b68c2cdfeab7eea9f20ef6b3c91f62
bibit001096,Poesie,"Roselli, Giovanni",sonnet_only,historical_non_sonnet_poetry,activation_candidate,note_multilingual_metadata,activate_core,historical_non_sonnet_poetry,preserve_rendered_tei_text,13839,,passed canonical TEI role audit,http://www.bibliotecaitaliana.it/scheda/bibit001096,e9ad60870d9807914ced6d5b9d16cf7450ffa3c321b8e01ded7f23b9de05e104
bibit001262,Poesie,"Roselli, Rosello",sonnet_only,historical_non_sonnet_poetry,activation_candidate,note_multilingual_metadata,activate_core,historical_non_sonnet_poetry,preserve_rendered_tei_text,30284,,passed canonical TEI role audit,http://www.bibliotecaitaliana.it/scheda/bibit001262,61a4751cedfa5f745bea12572d1f836a8b3710dc7fe16e830c0b7ddcfd48ddc6
bibit000798,Canzoniere,"Rossi, Niccolò de'",sonnet_only,historical_non_sonnet_poetry,activation_candidate,note_multilingual_metadata,activate_core,historical_non_sonnet_poetry,preserve_rendered_tei_text,30300,,passed canonical TEI role audit,http://www.bibliotecaitaliana.it/scheda/bibit000798,4dcbd7afded142526b6ed8f73326cde52ef2774c56c8d9d144e069f26d28d06c
bibit000121,Poesie,"Rossi, Roberto de'",sonnet_only,historical_non_sonnet_poetry,activation_candidate,note_multilingual_metadata,activate_core,historical_non_sonnet_poetry,preserve_rendered_tei_text,104,,passed canonical TEI role audit,http://www.bibliotecaitaliana.it/scheda/bibit000121,6b050e68a0be2d271effd6245ecba78dbd13da3a2dcc6116d5f89390fdac9d87
bibit001469,Rime,"Rota, Berardino",sonnet_only,historical_non_sonnet_poetry,activation_candidate,note_multilingual_metadata,activate_core,historical_non_sonnet_poetry,preserve_rendered_tei_text,32935,,passed canonical TEI role audit,http://www.bibliotecaitaliana.it/scheda/bibit001469,a34cbe2603b6871739b1ef729ba756fe9a28b2f9bfda0c2c27f9dcc50d8c4f4d
bibit000991,Rime extravaganti,"Rota, Berardino",sonnet_only,historical_non_sonnet_poetry,activation_candidate,note_multilingual_metadata,activate_core,historical_non_sonnet_poetry,preserve_rendered_tei_text,405,,passed canonical TEI role audit,http://www.bibliotecaitaliana.it/scheda/bibit000991,e353f364822e1df101d766843f609e1caf6fc59735ae384b096a82c4cb7720ef
bibit000159,Rime rifiutate,"Rota, Berardino",sonnet_only,historical_non_sonnet_poetry,activation_candidate,note_multilingual_metadata,activate_core,historical_non_sonnet_poetry,preserve_rendered_tei_text,1755,,passed canonical TEI role audit,http://www.bibliotecaitaliana.it/scheda/bibit000159,2dd8fd604988c6d08bd2228b1eac896fc6d49512ec60f5adcea288ff6514d28d
bibit000349,Sonetti,Rustico Filippi,sonnet_only,historical_non_sonnet_poetry,activation_candidate,,activate_core,historical_non_sonnet_poetry,preserve_rendered_tei_text,424,,passed canonical TEI role audit,http://www.bibliotecaitaliana.it/scheda/bibit000349,cfc79e80ca4a306ed259babe9a99e1e7c946d9afbf55410588ac45b02eb5059a
bibit000742,Il libro delle rime,"Sacchetti, Franco",sonnet_only,historical_non_sonnet_poetry,review_required,note_multilingual_metadata;review_editorial_brackets,activate_core_with_bracket_cleanup,historical_non_sonnet_poetry,strip_editorial_square_delimiters_and_labels,253519,,retain supplied historical text while removing editorial bracket notation,http://www.bibliotecaitaliana.it/scheda/bibit000742,b3e24bcc2671e4d886a66e6f892d3299459f30e99b5381069b354211e694bf1e
bibit000809,Poesie,"Salutati, Coluccio",sonnet_only,historical_non_sonnet_poetry,activation_candidate,note_multilingual_metadata,activate_core,historical_non_sonnet_poetry,preserve_rendered_tei_text,312,,passed canonical TEI role audit,http://www.bibliotecaitaliana.it/scheda/bibit000809,7284e4732eb6a4ab3e5c89e5971aacbb5b696e7e4afbd77b895a153245ddb67e
bibit000278,Rime,"Sandoval De Castro, Diego",sonnet_only,historical_non_sonnet_poetry,activation_candidate,,activate_core,historical_non_sonnet_poetry,preserve_rendered_tei_text,38338,,passed canonical TEI role audit,http://www.bibliotecaitaliana.it/scheda/bibit000278,5181513ada0f8d2910fe61ed311f3b835f1fe9fbb555ddf770e92c5618bc4cd4
bibit001597,Rime disperse,"Sannazaro, Iacopo",sonnet_only,historical_non_sonnet_poetry,activation_candidate,note_multilingual_metadata,activate_core,historical_non_sonnet_poetry,preserve_rendered_tei_text,20366,,passed canonical TEI role audit,http://www.bibliotecaitaliana.it/scheda/bibit001597,ce1fffb6680e8564fd5cc285965342dbfa61657f83f4c05c85b9c9a46dff3542
bibit000408,Sonetti e canzoni,"Sannazaro, Iacopo",sonnet_only,historical_non_sonnet_poetry,activation_candidate,,activate_core,historical_non_sonnet_poetry,preserve_rendered_tei_text,47189,,passed canonical TEI role audit,http://www.bibliotecaitaliana.it/scheda/bibit000408,e31a635dc90098583b6fe4a95c3a297f43b4bda9af43cd24b2e9b03e3b8f1553
bibit001349,Poesie,"Scambrilla, Francesco",sonnet_only,historical_non_sonnet_poetry,activation_candidate,note_multilingual_metadata,activate_core,historical_non_sonnet_poetry,preserve_rendered_tei_text,4460,,passed canonical TEI role audit,http://www.bibliotecaitaliana.it/scheda/bibit001349,c559a48a6cba3119db326613f78f5958e9ee167d97bde0c40ff3ee7ab6ca79b0
bibit001006,Poesie,"Scapuccini, Antonio",sonnet_only,historical_non_sonnet_poetry,activation_candidate,,activate_core,historical_non_sonnet_poetry,preserve_rendered_tei_text,5387,,passed canonical TEI role audit,http://www.bibliotecaitaliana.it/scheda/bibit001006,af081efe6b5d9479e303c1aa3ae00f68731024f08f69c5c9edd78c2d24dbb853
bibit000197,Poesie,"Scarlatti, Filippo",sonnet_only,historical_non_sonnet_poetry,activation_candidate,note_multilingual_metadata,activate_core,historical_non_sonnet_poetry,preserve_rendered_tei_text,187314,,passed canonical TEI role audit,http://www.bibliotecaitaliana.it/scheda/bibit000197,55ed1283ace7697846197d15253620e63325af6ae5462b412a09ba6970a116e3
bibit001620,Le rime,Serafino Aquilano,sonnet_only,historical_non_sonnet_poetry,activation_candidate,note_multilingual_metadata,activate_core,historical_non_sonnet_poetry,preserve_rendered_tei_text,84774,,passed canonical TEI role audit,http://www.bibliotecaitaliana.it/scheda/bibit001620,4119f4d5504456107b1bcce3853b8169d0fda39d08986f29ce5aac2163ceea9a
bibit000725,Rime,"Serdini, Simone (detto il Saviozzo)",sonnet_only,historical_non_sonnet_poetry,activation_candidate,note_multilingual_metadata,activate_core,historical_non_sonnet_poetry,preserve_rendered_tei_text,212916,,passed canonical TEI role audit,http://www.bibliotecaitaliana.it/scheda/bibit000725,d5794cd886c494d9ded52a6f9354eef7be8bda05574bf5cee5f22f44e33aaefa
bibit001691,Il canzoniere,"Sforza, Alessandro",sonnet_only,historical_non_sonnet_poetry,activation_candidate,,activate_core,historical_non_sonnet_poetry,preserve_rendered_tei_text,45706,,passed canonical TEI role audit,http://www.bibliotecaitaliana.it/scheda/bibit001691,37f6584c5e69c23a96e06ba1ae1fe436406b91446a2555b0053f493e45cfe500
bibit000603,Poesie,"Soderini, Niccolò",sonnet_only,historical_non_sonnet_poetry,review_required,duplicate_exact_bibit_document,exclude_duplicate_document,excluded,preserve_rendered_tei_text,0,bibit001055,exact canonical-text duplicate of bibit001055,http://www.bibliotecaitaliana.it/scheda/bibit000603,f7302866507ada019b6146b3b2e10f4771ee1e8cf88109da75c9b0b1c96038aa
bibit000468,Rime,"Stampa, Gaspara",sonnet_only,historical_non_sonnet_poetry,activation_candidate,,activate_core,historical_non_sonnet_poetry,preserve_rendered_tei_text,35128,,passed canonical TEI role audit,http://www.bibliotecaitaliana.it/scheda/bibit000468,bf05e868a7678d4d681d4f38aff5f1b873d23b98bdb3af57f27bb0f2ecd0755d
bibit001629,Canzoniere,"Tansillo, Luigi",sonnet_only,historical_non_sonnet_poetry,activation_candidate,,activate_core,historical_non_sonnet_poetry,preserve_rendered_tei_text,154604,,passed canonical TEI role audit,http://www.bibliotecaitaliana.it/scheda/bibit001629,d57fe3e23b10d3605cabcc865f4cec6ff82cdd2360eb2a4a0271dec8f9b3b533
bibit001631,Poesie liriche,"Tansillo, Luigi",sonnet_only,historical_non_sonnet_poetry,activation_candidate,,activate_core,historical_non_sonnet_poetry,preserve_rendered_tei_text,102047,,passed canonical TEI role audit,http://www.bibliotecaitaliana.it/scheda/bibit001631,a23eb68b1115e38892bbdca724ab71920326d667804031b9581d8221333be1cb
bibit001547,Rime,"Tasso, Bernardo",sonnet_only,historical_non_sonnet_poetry,activation_candidate,note_multilingual_metadata,activate_core,historical_non_sonnet_poetry,preserve_rendered_tei_text,310981,,passed canonical TEI role audit,http://www.bibliotecaitaliana.it/scheda/bibit001547,16ab15216cdc169bd15f280ac11af7d4d6576fb71c94b3ccbbb58b7c776c9bdd
bibit000099,Rime,"Tasso, Torquato",sonnet_only,historical_non_sonnet_poetry,activation_candidate,note_multilingual_metadata,activate_core,historical_non_sonnet_poetry,preserve_rendered_tei_text,438847,,passed canonical TEI role audit,http://www.bibliotecaitaliana.it/scheda/bibit000099,d5eea9a4215e10efa2cfb20b79dd081be2e79e43065f552d93b8a083034447ce
bibit000682,Rime d'amore secondo il codice chigiano,"Tasso, Torquato",sonnet_only,historical_non_sonnet_poetry,activation_candidate,,activate_core,historical_non_sonnet_poetry,preserve_rendered_tei_text,37257,,passed canonical TEI role audit,http://www.bibliotecaitaliana.it/scheda/bibit000682,c0feb8576acb33c37c4a2e33eb5b376974faf155af17c3adfb36c99213cdda28
bibit001390,Rime di T. Tasso detto il Pentito,"Tasso, Torquato",sonnet_only,historical_non_sonnet_poetry,activation_candidate,,activate_core,historical_non_sonnet_poetry,preserve_rendered_tei_text,1244,,passed canonical TEI role audit,http://www.bibliotecaitaliana.it/scheda/bibit001390,a3b7a67d9ad8e3a125928f1014162d58139d81eb517317d48f158684c1d6a568
bibit000256,Rime eteree,"Tasso, Torquato",sonnet_only,historical_non_sonnet_poetry,activation_candidate,,activate_core,historical_non_sonnet_poetry,preserve_rendered_tei_text,1299,,passed canonical TEI role audit,http://www.bibliotecaitaliana.it/scheda/bibit000256,c65c1588f93438274a62bc431f6681848dc3aaa020315fdc8f8d9f5fe04002ec
bibit001217,Rime per Lucrezia Bendidio,"Tasso, Torquato",sonnet_only,historical_non_sonnet_poetry,activation_candidate,,activate_core,historical_non_sonnet_poetry,preserve_rendered_tei_text,21917,,passed canonical TEI role audit,http://www.bibliotecaitaliana.it/scheda/bibit001217,b911dfa7fc131e09d45c902df4b4de5b4c171b22ff5a660a53acb8e112c66bfb
bibit001147,Rime,"Tebaldeo, Antonio",sonnet_only,historical_non_sonnet_poetry,activation_candidate,note_multilingual_metadata,activate_core,historical_non_sonnet_poetry,preserve_rendered_tei_text,228294,,passed canonical TEI role audit,http://www.bibliotecaitaliana.it/scheda/bibit001147,354227992a4dcd11c4e9b9de7b4ce93c4916b2e5166b57b79a9e903050602ddf
bibit000462,Poesie,"Tedaldi, Francesco",sonnet_only,historical_non_sonnet_poetry,activation_candidate,note_multilingual_metadata,activate_core,historical_non_sonnet_poetry,preserve_rendered_tei_text,38,,passed canonical TEI role audit,http://www.bibliotecaitaliana.it/scheda/bibit000462,3adc3e2669456c7b041c415a518bf30723962ec6facfc062b3057d6fe137dc2c
bibit001122,Poesie,"Tedaldi, Jacopo",sonnet_only,historical_non_sonnet_poetry,review_required,note_multilingual_metadata;duplicate_exact_bibit_document,exclude_duplicate_document,excluded,preserve_rendered_tei_text,0,bibit001193,exact canonical-text duplicate of bibit001193,http://www.bibliotecaitaliana.it/scheda/bibit001122,0a57da28f194b55cf54a736343eed839523536ab74cb90b94cb196a6a22a5ee0
bibit001055,Poesie,"Tedaldi, Piero di Maffeo",sonnet_only,historical_non_sonnet_poetry,activation_candidate,note_multilingual_metadata,activate_core,historical_non_sonnet_poetry,preserve_rendered_tei_text,6,,passed canonical TEI role audit,http://www.bibliotecaitaliana.it/scheda/bibit001055,5da7728cf4cc52fdde7a6df31d250f48ff9ea4552970da1e4ed3132a73699ecd
bibit001361,Rime,"Tinucci, Niccolò",sonnet_only,historical_non_sonnet_poetry,activation_candidate,note_multilingual_metadata,activate_core,historical_non_sonnet_poetry,preserve_rendered_tei_text,4129,,passed canonical TEI role audit,http://www.bibliotecaitaliana.it/scheda/bibit001361,8f042663078b2029d3a3d287d1d2c7958925ecec70d23c8f19d79fbd96f3e380
bibit000698,Poesie,"Tommaseo, Niccolò",sonnet_only,historical_non_sonnet_poetry,activation_candidate,,activate_core,historical_non_sonnet_poetry,preserve_rendered_tei_text,109334,,passed canonical TEI role audit,http://www.bibliotecaitaliana.it/scheda/bibit000698,7616a216a6a43faeee75eedbe28ad276f2a167f292950741dc0f7add46df8604
bibit001056,Rime,"Trissino, Gian Giorgio",sonnet_only,historical_non_sonnet_poetry,activation_candidate,,activate_core,historical_non_sonnet_poetry,preserve_rendered_tei_text,68672,,passed canonical TEI role audit,http://www.bibliotecaitaliana.it/scheda/bibit001056,7b36d9bae1c6abdc48096887d24471420cf181004f695b945750eda6318b0807
bibit000859,Rime,Tullia d'Aragona,sonnet_only,historical_non_sonnet_poetry,activation_candidate,,activate_core,historical_non_sonnet_poetry,preserve_rendered_tei_text,68004,,passed canonical TEI role audit,http://www.bibliotecaitaliana.it/scheda/bibit000859,4e1813f39491322b7ee30cdc18b94952f9326f33d5f53fc5129e8af35e9a6fd3
bibit001132,Rime,"Valvasone, Erasmo da",sonnet_only,historical_non_sonnet_poetry,activation_candidate,,activate_core,historical_non_sonnet_poetry,preserve_rendered_tei_text,29996,,passed canonical TEI role audit,http://www.bibliotecaitaliana.it/scheda/bibit001132,82bd30f562d99bd17ab5779ea309efee7b7b11af4b928f28bb495f1cf369608d
bibit001146,Rime,"Varchi, Benedetto",sonnet_only,historical_non_sonnet_poetry,activation_candidate,,activate_core,historical_non_sonnet_poetry,preserve_rendered_tei_text,68260,,passed canonical TEI role audit,http://www.bibliotecaitaliana.it/scheda/bibit001146,12ed83f173cf51d82a3a58384ccfdf422aa60f0900e89cc4ea3b982221352033
bibit001236,Canzoni e Sonetti,"Venier, Maffio",sonnet_only,historical_non_sonnet_poetry,activation_candidate,,activate_core,historical_non_sonnet_poetry,preserve_rendered_tei_text,55559,,passed canonical TEI role audit,http://www.bibliotecaitaliana.it/scheda/bibit001236,ee8970fa05bca96463e8da820744e441296f2b231eae2672bf14831ffd11f233
bibit001532,Poesie,"Venuti, Comedio",sonnet_only,historical_non_sonnet_poetry,activation_candidate,,activate_core,historical_non_sonnet_poetry,preserve_rendered_tei_text,17494,,passed canonical TEI role audit,http://www.bibliotecaitaliana.it/scheda/bibit001532,00de75f1a7115a0add5521c2d98c304bb8ba9ab270428bbad88dfa11360f6aa4
bibit000456,Poesie,"Vettori, Andrea",sonnet_only,historical_non_sonnet_poetry,activation_candidate,,activate_core,historical_non_sonnet_poetry,preserve_rendered_tei_text,4871,,passed canonical TEI role audit,http://www.bibliotecaitaliana.it/scheda/bibit000456,b6ef6886a7a6778137585f21e7c6f3dc0e718bd95ee936795e9dbd9eebcb4acc
bibit000784,Poesie,"Vico, Giambattista",sonnet_only,historical_non_sonnet_poetry,activation_candidate,,activate_core,historical_non_sonnet_poetry,preserve_rendered_tei_text,75654,,passed canonical TEI role audit,http://www.bibliotecaitaliana.it/scheda/bibit000784,5c49438b374fbfe71c1ac8d87d8282414bda0b17c22b3a62ef3b728cc52bf8ec
