left_unit_id,right_unit_id,pair_scope,left_containment,right_containment,matching_shingles,exact_normalized_text,preferred_unit_id,decision_effect
bibit:record:bibit000034,existing:record:ll_bembo_prose_volgar_lingua,same_role,0.998957,0.991089,67063,false,existing:record:ll_bembo_prose_volgar_lingua,exclude_lower_priority:bibit:record:bibit000034
bibit:record:bibit000042,existing:record:ll_boccaccio_filocolo,same_role,0.999806,0.999810,210884,false,existing:record:ll_boccaccio_filocolo,exclude_lower_priority:bibit:record:bibit000042
bibit:record:bibit000051,bibit:record:bibit001643,same_role,0.922807,0.364455,2104,false,bibit:record:bibit000051,quarantine_left_span_from_right
bibit:record:bibit000067,bibit:record:bibit000225,same_role,0.068804,0.863781,7045,false,bibit:record:bibit000067,exclude_right
bibit:record:bibit000067,bibit:record:bibit001424,same_role,0.051098,0.906131,5232,false,bibit:record:bibit000067,exclude_right
bibit:record:bibit000099,bibit:record:bibit001217,same_role,0.046417,0.900530,3911,false,bibit:record:bibit000099,exclude_right
bibit:record:bibit000101,existing:record:ll_boccaccio_trattatello,same_role,0.899761,0.891675,18455,false,existing:record:ll_boccaccio_trattatello,exclude_lower_priority:bibit:record:bibit000101
bibit:record:bibit000135,existing:record:ll_castiglione_cortegiano,same_role,0.979701,0.858529,112069,false,existing:record:ll_castiglione_cortegiano,exclude_lower_priority:bibit:record:bibit000135
bibit:record:bibit000136,existing:record:ll_guicciardini_storia_italia,same_role,0.994707,0.968897,601318,false,existing:record:ll_guicciardini_storia_italia,exclude_lower_priority:bibit:record:bibit000136
bibit:record:bibit000140,existing:record:ll_dino_compagni_cronica,same_role,0.942865,0.886235,33170,false,existing:record:ll_dino_compagni_cronica,exclude_lower_priority:bibit:record:bibit000140
bibit:record:bibit000161,existing:record:ll_sacchetti_trecentonovelle,same_role,0.991129,0.954030,178209,false,existing:record:ll_sacchetti_trecentonovelle,exclude_lower_priority:bibit:record:bibit000161
bibit:record:bibit000188,existing:record:ws_galileo_dialogo,same_role,0.942449,0.900707,168443,false,existing:record:ws_galileo_dialogo,exclude_lower_priority:bibit:record:bibit000188
bibit:record:bibit000253,bibit:record:bibit001643,same_role,0.872165,0.146544,846,false,bibit:record:bibit000253,quarantine_left_span_from_right
bibit:record:bibit000256,bibit:record:bibit001390,same_role,0.862348,0.880165,213,false,bibit:record:bibit000256,exclude_lower_priority:bibit:record:bibit001390
bibit:record:bibit000267,existing:record:ll_boccaccio_decameron_mondadori,same_role,0.985508,0.966376,260393,false,existing:record:ll_boccaccio_decameron_mondadori,exclude_lower_priority:bibit:record:bibit000267
bibit:record:bibit000293,existing:record:ll_giovanni_villani_nuova_cronica,same_role,0.976310,0.804207,390150,false,existing:record:ll_giovanni_villani_nuova_cronica,exclude_lower_priority:bibit:record:bibit000293
bibit:record:bibit000303,bibit:record:bibit000797,same_role,0.024042,0.960023,5019,false,bibit:record:bibit000303,exclude_right
bibit:record:bibit000305,existing:record:ll_machiavelli_istorie_fiorentine,same_role,0.985945,0.968704,143592,false,existing:record:ll_machiavelli_istorie_fiorentine,exclude_lower_priority:bibit:record:bibit000305
bibit:record:bibit000369,bibit:record:bibit001190,same_role,0.956881,0.444681,2086,false,bibit:record:bibit000369,quarantine_left_span_from_right
bibit:record:bibit000469,bibit:record:bibit000850,same_role,0.975430,0.887061,21835,false,bibit:record:bibit000469,exclude_lower_priority:bibit:record:bibit000850
bibit:record:bibit000535,existing:record:ll_machiavelli_arte_guerra,same_role,0.998710,0.983560,61921,false,existing:record:ll_machiavelli_arte_guerra,exclude_lower_priority:bibit:record:bibit000535
bibit:record:bibit000600,bibit:record:bibit001364,same_role,0.007515,0.889820,1381,false,bibit:record:bibit000600,exclude_right
bibit:record:bibit000600,bibit:record:bibit001533,same_role,0.012614,0.860431,2318,false,bibit:record:bibit000600,exclude_right
bibit:record:bibit000646,bibit:record:bibit001643,same_role,0.899425,0.216872,1252,false,bibit:record:bibit000646,quarantine_left_span_from_right
bibit:record:bibit000709,bibit:record:bibit001585,same_role,0.015605,0.902149,2351,false,bibit:record:bibit000709,exclude_right
bibit:record:bibit000733,bibit:record:bibit001106,same_role,0.859182,0.882698,903,false,bibit:record:bibit000733,exclude_lower_priority:bibit:record:bibit001106
bibit:record:bibit000747,existing:record:ll_machiavelli_discorsi,same_role,0.999164,0.995313,119566,false,existing:record:ll_machiavelli_discorsi,exclude_lower_priority:bibit:record:bibit000747
bibit:record:bibit000826,existing:record:ll_guicciardini_ricordi,same_role,0.802377,0.474291,13772,false,existing:record:ll_guicciardini_ricordi,exclude_left
bibit:record:bibit000897,bibit:record:bibit001533,same_role,0.071705,0.978099,2635,false,bibit:record:bibit000897,exclude_right
bibit:record:bibit000925,bibit:record:bibit001494,same_role,0.021427,0.891326,2723,false,bibit:record:bibit000925,exclude_right
bibit:record:bibit000985,bibit:record:bibit001120,same_role,0.847231,0.310567,2601,false,bibit:record:bibit000985,quarantine_left_span_from_right
bibit:record:bibit001083,existing:record:ll_vico_principj_scienza_nuova,same_role,0.979834,0.885218,137701,false,existing:record:ll_vico_principj_scienza_nuova,exclude_lower_priority:bibit:record:bibit001083
bibit:record:bibit001323,existing:record:ll_ramusio_navigazioni_viaggi,same_role,0.987622,0.959668,2009691,false,existing:record:ll_ramusio_navigazioni_viaggi,exclude_lower_priority:bibit:record:bibit001323
bibit:record:bibit001453,bibit:record:bibit001465,same_role,0.973419,0.727076,19482,false,bibit:record:bibit001453,quarantine_left_span_from_right
bibit:sonnet:bibit000038:sonnet_0028,bibit:sonnet:bibit001146:sonnet_0608,same_role,0.919192,0.919192,91,false,bibit:sonnet:bibit000038:sonnet_0028,exclude_lower_priority:bibit:sonnet:bibit001146:sonnet_0608
bibit:sonnet:bibit000040:sonnet_0153,bibit:sonnet:bibit000509:structural_0097,same_role,0.824176,0.824176,75,false,bibit:sonnet:bibit000040:sonnet_0153,exclude_lower_priority:bibit:sonnet:bibit000509:structural_0097
bibit:sonnet:bibit000099:sonnet_0001,bibit:sonnet:bibit001217:structural_0001,same_role,0.833333,0.833333,85,false,bibit:sonnet:bibit000099:sonnet_0001,exclude_lower_priority:bibit:sonnet:bibit001217:structural_0001
bibit:sonnet:bibit000099:sonnet_0002,bibit:sonnet:bibit001217:structural_0002,same_role,1.000000,1.000000,94,true,bibit:sonnet:bibit000099:sonnet_0002,exclude_lower_priority:bibit:sonnet:bibit001217:structural_0002
bibit:sonnet:bibit000099:sonnet_0003,bibit:sonnet:bibit001217:structural_0003,same_role,1.000000,1.000000,99,true,bibit:sonnet:bibit000099:sonnet_0003,exclude_lower_priority:bibit:sonnet:bibit001217:structural_0003
bibit:sonnet:bibit000099:sonnet_0004,bibit:sonnet:bibit001217:structural_0004,same_role,1.000000,1.000000,93,true,bibit:sonnet:bibit000099:sonnet_0004,exclude_lower_priority:bibit:sonnet:bibit001217:structural_0004
bibit:sonnet:bibit000099:sonnet_0005,bibit:sonnet:bibit001217:structural_0005,same_role,1.000000,1.000000,100,true,bibit:sonnet:bibit000099:sonnet_0005,exclude_lower_priority:bibit:sonnet:bibit001217:structural_0005
bibit:sonnet:bibit000099:sonnet_0006,bibit:sonnet:bibit001217:structural_0006,same_role,1.000000,1.000000,106,true,bibit:sonnet:bibit000099:sonnet_0006,exclude_lower_priority:bibit:sonnet:bibit001217:structural_0006
bibit:sonnet:bibit000099:sonnet_0007,bibit:sonnet:bibit001217:structural_0007,same_role,1.000000,1.000000,90,true,bibit:sonnet:bibit000099:sonnet_0007,exclude_lower_priority:bibit:sonnet:bibit001217:structural_0007
bibit:sonnet:bibit000099:sonnet_0008,bibit:sonnet:bibit001217:structural_0008,same_role,1.000000,1.000000,105,true,bibit:sonnet:bibit000099:sonnet_0008,exclude_lower_priority:bibit:sonnet:bibit001217:structural_0008
bibit:sonnet:bibit000099:sonnet_0009,bibit:sonnet:bibit001217:structural_0009,same_role,1.000000,1.000000,103,true,bibit:sonnet:bibit000099:sonnet_0009,exclude_lower_priority:bibit:sonnet:bibit001217:structural_0009
bibit:sonnet:bibit000099:sonnet_0010,bibit:sonnet:bibit001217:structural_0010,same_role,1.000000,1.000000,110,true,bibit:sonnet:bibit000099:sonnet_0010,exclude_lower_priority:bibit:sonnet:bibit001217:structural_0010
bibit:sonnet:bibit000099:sonnet_0011,bibit:sonnet:bibit001217:structural_0011,same_role,1.000000,1.000000,98,true,bibit:sonnet:bibit000099:sonnet_0011,exclude_lower_priority:bibit:sonnet:bibit001217:structural_0011
bibit:sonnet:bibit000099:sonnet_0012,bibit:sonnet:bibit001217:structural_0014,same_role,1.000000,1.000000,103,true,bibit:sonnet:bibit000099:sonnet_0012,exclude_lower_priority:bibit:sonnet:bibit001217:structural_0014
bibit:sonnet:bibit000099:sonnet_0013,bibit:sonnet:bibit001217:structural_0015,same_role,0.920792,0.920792,93,false,bibit:sonnet:bibit000099:sonnet_0013,exclude_lower_priority:bibit:sonnet:bibit001217:structural_0015
bibit:sonnet:bibit000099:sonnet_0014,bibit:sonnet:bibit001217:structural_0016,same_role,1.000000,1.000000,97,true,bibit:sonnet:bibit000099:sonnet_0014,exclude_lower_priority:bibit:sonnet:bibit001217:structural_0016
bibit:sonnet:bibit000099:sonnet_0015,bibit:sonnet:bibit001217:structural_0017,same_role,1.000000,1.000000,108,true,bibit:sonnet:bibit000099:sonnet_0015,exclude_lower_priority:bibit:sonnet:bibit001217:structural_0017
bibit:sonnet:bibit000099:sonnet_0016,bibit:sonnet:bibit001217:structural_0018,same_role,0.990654,0.981481,106,false,bibit:sonnet:bibit000099:sonnet_0016,exclude_lower_priority:bibit:sonnet:bibit001217:structural_0018
bibit:sonnet:bibit000099:sonnet_0017,bibit:sonnet:bibit001217:structural_0019,same_role,1.000000,1.000000,100,true,bibit:sonnet:bibit000099:sonnet_0017,exclude_lower_priority:bibit:sonnet:bibit001217:structural_0019
bibit:sonnet:bibit000099:sonnet_0018,bibit:sonnet:bibit001217:structural_0020,same_role,0.920792,0.920792,93,false,bibit:sonnet:bibit000099:sonnet_0018,exclude_lower_priority:bibit:sonnet:bibit001217:structural_0020
bibit:sonnet:bibit000099:sonnet_0020,bibit:sonnet:bibit001217:structural_0022,same_role,1.000000,1.000000,100,true,bibit:sonnet:bibit000099:sonnet_0020,exclude_lower_priority:bibit:sonnet:bibit001217:structural_0022
bibit:sonnet:bibit000099:sonnet_0021,bibit:sonnet:bibit001217:structural_0023,same_role,1.000000,1.000000,96,true,bibit:sonnet:bibit000099:sonnet_0021,exclude_lower_priority:bibit:sonnet:bibit001217:structural_0023
bibit:sonnet:bibit000099:sonnet_0022,bibit:sonnet:bibit001217:structural_0024,same_role,0.959184,0.969072,94,false,bibit:sonnet:bibit000099:sonnet_0022,exclude_lower_priority:bibit:sonnet:bibit001217:structural_0024
bibit:sonnet:bibit000099:sonnet_0023,bibit:sonnet:bibit001217:structural_0028,same_role,1.000000,1.000000,96,true,bibit:sonnet:bibit000099:sonnet_0023,exclude_lower_priority:bibit:sonnet:bibit001217:structural_0028
bibit:sonnet:bibit000099:sonnet_0024,bibit:sonnet:bibit001217:structural_0029,same_role,0.911111,0.911111,82,false,bibit:sonnet:bibit000099:sonnet_0024,exclude_lower_priority:bibit:sonnet:bibit001217:structural_0029
bibit:sonnet:bibit000099:sonnet_0026,bibit:sonnet:bibit001217:structural_0031,same_role,1.000000,1.000000,96,true,bibit:sonnet:bibit000099:sonnet_0026,exclude_lower_priority:bibit:sonnet:bibit001217:structural_0031
bibit:sonnet:bibit000099:sonnet_0027,bibit:sonnet:bibit001217:structural_0032,same_role,1.000000,1.000000,103,true,bibit:sonnet:bibit000099:sonnet_0027,exclude_lower_priority:bibit:sonnet:bibit001217:structural_0032
bibit:sonnet:bibit000099:sonnet_0028,bibit:sonnet:bibit001217:structural_0033,same_role,1.000000,1.000000,101,true,bibit:sonnet:bibit000099:sonnet_0028,exclude_lower_priority:bibit:sonnet:bibit001217:structural_0033
bibit:sonnet:bibit000099:sonnet_0029,bibit:sonnet:bibit001217:structural_0034,same_role,1.000000,1.000000,99,true,bibit:sonnet:bibit000099:sonnet_0029,exclude_lower_priority:bibit:sonnet:bibit001217:structural_0034
bibit:sonnet:bibit000099:sonnet_0030,bibit:sonnet:bibit001217:structural_0035,same_role,1.000000,1.000000,95,true,bibit:sonnet:bibit000099:sonnet_0030,exclude_lower_priority:bibit:sonnet:bibit001217:structural_0035
bibit:sonnet:bibit000099:sonnet_0031,bibit:sonnet:bibit001217:structural_0036,same_role,0.853211,0.853211,93,false,bibit:sonnet:bibit000099:sonnet_0031,exclude_lower_priority:bibit:sonnet:bibit001217:structural_0036
bibit:sonnet:bibit000099:sonnet_0032,bibit:sonnet:bibit001217:structural_0037,same_role,1.000000,1.000000,100,true,bibit:sonnet:bibit000099:sonnet_0032,exclude_lower_priority:bibit:sonnet:bibit001217:structural_0037
bibit:sonnet:bibit000099:sonnet_0033,bibit:sonnet:bibit001217:structural_0038,same_role,0.915789,0.915789,87,false,bibit:sonnet:bibit000099:sonnet_0033,exclude_lower_priority:bibit:sonnet:bibit001217:structural_0038
bibit:sonnet:bibit000099:sonnet_0034,bibit:sonnet:bibit001217:structural_0039,same_role,0.833333,0.833333,80,false,bibit:sonnet:bibit000099:sonnet_0034,exclude_lower_priority:bibit:sonnet:bibit001217:structural_0039
bibit:sonnet:bibit000099:sonnet_0035,bibit:sonnet:bibit001217:structural_0040,same_role,0.923810,0.923810,97,false,bibit:sonnet:bibit000099:sonnet_0035,exclude_lower_priority:bibit:sonnet:bibit001217:structural_0040
bibit:sonnet:bibit000099:sonnet_0036,bibit:sonnet:bibit001217:structural_0041,same_role,0.924528,0.915888,98,false,bibit:sonnet:bibit000099:sonnet_0036,exclude_lower_priority:bibit:sonnet:bibit001217:structural_0041
bibit:sonnet:bibit000099:sonnet_0037,bibit:sonnet:bibit001217:structural_0042,same_role,1.000000,1.000000,105,true,bibit:sonnet:bibit000099:sonnet_0037,exclude_lower_priority:bibit:sonnet:bibit001217:structural_0042
bibit:sonnet:bibit000099:sonnet_0039,bibit:sonnet:bibit001217:structural_0044,same_role,1.000000,1.000000,103,true,bibit:sonnet:bibit000099:sonnet_0039,exclude_lower_priority:bibit:sonnet:bibit001217:structural_0044
bibit:sonnet:bibit000099:sonnet_0040,bibit:sonnet:bibit001217:structural_0045,same_role,1.000000,1.000000,98,true,bibit:sonnet:bibit000099:sonnet_0040,exclude_lower_priority:bibit:sonnet:bibit001217:structural_0045
bibit:sonnet:bibit000099:sonnet_0041,bibit:sonnet:bibit001217:structural_0046,same_role,1.000000,1.000000,100,true,bibit:sonnet:bibit000099:sonnet_0041,exclude_lower_priority:bibit:sonnet:bibit001217:structural_0046
bibit:sonnet:bibit000099:sonnet_0042,bibit:sonnet:bibit001217:structural_0047,same_role,0.991071,0.982301,111,false,bibit:sonnet:bibit000099:sonnet_0042,exclude_lower_priority:bibit:sonnet:bibit001217:structural_0047
bibit:sonnet:bibit000099:sonnet_0043,bibit:sonnet:bibit001217:structural_0048,same_role,1.000000,1.000000,97,true,bibit:sonnet:bibit000099:sonnet_0043,exclude_lower_priority:bibit:sonnet:bibit001217:structural_0048
bibit:sonnet:bibit000099:sonnet_0044,bibit:sonnet:bibit001217:structural_0049,same_role,1.000000,1.000000,97,true,bibit:sonnet:bibit000099:sonnet_0044,exclude_lower_priority:bibit:sonnet:bibit001217:structural_0049
bibit:sonnet:bibit000099:sonnet_0046,bibit:sonnet:bibit001217:structural_0051,same_role,1.000000,1.000000,106,true,bibit:sonnet:bibit000099:sonnet_0046,exclude_lower_priority:bibit:sonnet:bibit001217:structural_0051
bibit:sonnet:bibit000099:sonnet_0047,bibit:sonnet:bibit001217:structural_0052,same_role,1.000000,1.000000,99,true,bibit:sonnet:bibit000099:sonnet_0047,exclude_lower_priority:bibit:sonnet:bibit001217:structural_0052
bibit:sonnet:bibit000099:sonnet_0048,bibit:sonnet:bibit001217:structural_0053,same_role,1.000000,1.000000,99,true,bibit:sonnet:bibit000099:sonnet_0048,exclude_lower_priority:bibit:sonnet:bibit001217:structural_0053
bibit:sonnet:bibit000099:sonnet_0049,bibit:sonnet:bibit001217:structural_0054,same_role,0.912088,0.912088,83,false,bibit:sonnet:bibit000099:sonnet_0049,exclude_lower_priority:bibit:sonnet:bibit001217:structural_0054
bibit:sonnet:bibit000099:sonnet_0050,bibit:sonnet:bibit001217:structural_0055,same_role,0.866667,0.866667,91,false,bibit:sonnet:bibit000099:sonnet_0050,exclude_lower_priority:bibit:sonnet:bibit001217:structural_0055
bibit:sonnet:bibit000099:sonnet_0051,bibit:sonnet:bibit001217:structural_0056,same_role,1.000000,1.000000,93,true,bibit:sonnet:bibit000099:sonnet_0051,exclude_lower_priority:bibit:sonnet:bibit001217:structural_0056
bibit:sonnet:bibit000099:sonnet_0052,bibit:sonnet:bibit001217:structural_0057,same_role,0.919192,0.928571,91,false,bibit:sonnet:bibit000099:sonnet_0052,exclude_lower_priority:bibit:sonnet:bibit001217:structural_0057
bibit:sonnet:bibit000099:sonnet_0053,bibit:sonnet:bibit001217:structural_0058,same_role,0.919192,0.919192,91,false,bibit:sonnet:bibit000099:sonnet_0053,exclude_lower_priority:bibit:sonnet:bibit001217:structural_0058
bibit:sonnet:bibit000099:sonnet_0054,bibit:sonnet:bibit001217:structural_0059,same_role,1.000000,1.000000,97,true,bibit:sonnet:bibit000099:sonnet_0054,exclude_lower_priority:bibit:sonnet:bibit001217:structural_0059
bibit:sonnet:bibit000099:sonnet_0055,bibit:sonnet:bibit001217:structural_0060,same_role,0.926606,0.926606,101,false,bibit:sonnet:bibit000099:sonnet_0055,exclude_lower_priority:bibit:sonnet:bibit001217:structural_0060
bibit:sonnet:bibit000099:sonnet_0056,bibit:sonnet:bibit001217:structural_0061,same_role,1.000000,1.000000,103,true,bibit:sonnet:bibit000099:sonnet_0056,exclude_lower_priority:bibit:sonnet:bibit001217:structural_0061
bibit:sonnet:bibit000099:sonnet_0057,bibit:sonnet:bibit001217:structural_0062,same_role,1.000000,1.000000,100,true,bibit:sonnet:bibit000099:sonnet_0057,exclude_lower_priority:bibit:sonnet:bibit001217:structural_0062
bibit:sonnet:bibit000099:sonnet_0058,bibit:sonnet:bibit001217:structural_0063,same_role,0.917526,0.917526,89,false,bibit:sonnet:bibit000099:sonnet_0058,exclude_lower_priority:bibit:sonnet:bibit001217:structural_0063
bibit:sonnet:bibit000099:sonnet_0059,bibit:sonnet:bibit001217:structural_0064,same_role,1.000000,1.000000,100,true,bibit:sonnet:bibit000099:sonnet_0059,exclude_lower_priority:bibit:sonnet:bibit001217:structural_0064
bibit:sonnet:bibit000099:sonnet_0060,bibit:sonnet:bibit001217:structural_0065,same_role,0.918367,0.918367,90,false,bibit:sonnet:bibit000099:sonnet_0060,exclude_lower_priority:bibit:sonnet:bibit001217:structural_0065
bibit:sonnet:bibit000099:sonnet_0061,bibit:sonnet:bibit001217:structural_0066,same_role,1.000000,1.000000,99,true,bibit:sonnet:bibit000099:sonnet_0061,exclude_lower_priority:bibit:sonnet:bibit001217:structural_0066
bibit:sonnet:bibit000099:sonnet_0062,bibit:sonnet:bibit001217:structural_0067,same_role,1.000000,1.000000,100,true,bibit:sonnet:bibit000099:sonnet_0062,exclude_lower_priority:bibit:sonnet:bibit001217:structural_0067
bibit:sonnet:bibit000099:sonnet_0063,bibit:sonnet:bibit001217:structural_0068,same_role,1.000000,1.000000,99,true,bibit:sonnet:bibit000099:sonnet_0063,exclude_lower_priority:bibit:sonnet:bibit001217:structural_0068
bibit:sonnet:bibit000099:sonnet_0064,bibit:sonnet:bibit001217:structural_0069,same_role,1.000000,1.000000,93,true,bibit:sonnet:bibit000099:sonnet_0064,exclude_lower_priority:bibit:sonnet:bibit001217:structural_0069
bibit:sonnet:bibit000099:sonnet_0065,bibit:sonnet:bibit001217:structural_0070,same_role,1.000000,1.000000,103,true,bibit:sonnet:bibit000099:sonnet_0065,exclude_lower_priority:bibit:sonnet:bibit001217:structural_0070
bibit:sonnet:bibit000099:sonnet_0066,bibit:sonnet:bibit001217:structural_0071,same_role,0.919192,0.919192,91,false,bibit:sonnet:bibit000099:sonnet_0066,exclude_lower_priority:bibit:sonnet:bibit001217:structural_0071
bibit:sonnet:bibit000099:sonnet_0067,bibit:sonnet:bibit001217:structural_0072,same_role,1.000000,1.000000,109,true,bibit:sonnet:bibit000099:sonnet_0067,exclude_lower_priority:bibit:sonnet:bibit001217:structural_0072
bibit:sonnet:bibit000099:sonnet_0068,bibit:sonnet:bibit001217:structural_0073,same_role,1.000000,1.000000,104,true,bibit:sonnet:bibit000099:sonnet_0068,exclude_lower_priority:bibit:sonnet:bibit001217:structural_0073
bibit:sonnet:bibit000099:sonnet_0069,bibit:sonnet:bibit001217:structural_0074,same_role,0.930435,0.938596,107,false,bibit:sonnet:bibit000099:sonnet_0069,exclude_lower_priority:bibit:sonnet:bibit001217:structural_0074
bibit:sonnet:bibit000099:sonnet_0070,bibit:sonnet:bibit001217:structural_0075,same_role,1.000000,1.000000,98,true,bibit:sonnet:bibit000099:sonnet_0070,exclude_lower_priority:bibit:sonnet:bibit001217:structural_0075
bibit:sonnet:bibit000099:sonnet_0071,bibit:sonnet:bibit001217:structural_0076,same_role,0.912088,0.902174,83,false,bibit:sonnet:bibit000099:sonnet_0071,exclude_lower_priority:bibit:sonnet:bibit001217:structural_0076
bibit:sonnet:bibit000099:sonnet_0072,bibit:sonnet:bibit001217:structural_0077,same_role,1.000000,1.000000,97,true,bibit:sonnet:bibit000099:sonnet_0072,exclude_lower_priority:bibit:sonnet:bibit001217:structural_0077
bibit:sonnet:bibit000099:sonnet_0073,bibit:sonnet:bibit001217:structural_0078,same_role,1.000000,1.000000,88,true,bibit:sonnet:bibit000099:sonnet_0073,exclude_lower_priority:bibit:sonnet:bibit001217:structural_0078
bibit:sonnet:bibit000099:sonnet_0074,bibit:sonnet:bibit001217:structural_0079,same_role,0.948454,0.948454,92,false,bibit:sonnet:bibit000099:sonnet_0074,exclude_lower_priority:bibit:sonnet:bibit001217:structural_0079
bibit:sonnet:bibit000099:sonnet_0075,bibit:sonnet:bibit001217:structural_0080,same_role,1.000000,1.000000,95,true,bibit:sonnet:bibit000099:sonnet_0075,exclude_lower_priority:bibit:sonnet:bibit001217:structural_0080
bibit:sonnet:bibit000099:sonnet_0076,bibit:sonnet:bibit000682:structural_0052,same_role,0.830189,0.838095,88,false,bibit:sonnet:bibit000099:sonnet_0076,exclude_lower_priority:bibit:sonnet:bibit000682:structural_0052
bibit:sonnet:bibit000099:sonnet_0076,bibit:sonnet:bibit001217:structural_0081,same_role,1.000000,1.000000,106,true,bibit:sonnet:bibit000099:sonnet_0076,exclude_lower_priority:bibit:sonnet:bibit001217:structural_0081
bibit:sonnet:bibit000099:sonnet_0077,bibit:sonnet:bibit001217:structural_0082,same_role,0.923077,0.923077,96,false,bibit:sonnet:bibit000099:sonnet_0077,exclude_lower_priority:bibit:sonnet:bibit001217:structural_0082
bibit:sonnet:bibit000099:sonnet_0078,bibit:sonnet:bibit001217:structural_0083,same_role,0.826923,0.826923,86,false,bibit:sonnet:bibit000099:sonnet_0078,exclude_lower_priority:bibit:sonnet:bibit001217:structural_0083
bibit:sonnet:bibit000099:sonnet_0079,bibit:sonnet:bibit001217:structural_0084,same_role,1.000000,1.000000,101,true,bibit:sonnet:bibit000099:sonnet_0079,exclude_lower_priority:bibit:sonnet:bibit001217:structural_0084
bibit:sonnet:bibit000099:sonnet_0080,bibit:sonnet:bibit001217:structural_0085,same_role,1.000000,1.000000,102,true,bibit:sonnet:bibit000099:sonnet_0080,exclude_lower_priority:bibit:sonnet:bibit001217:structural_0085
bibit:sonnet:bibit000099:sonnet_0081,bibit:sonnet:bibit001217:structural_0086,same_role,1.000000,1.000000,106,true,bibit:sonnet:bibit000099:sonnet_0081,exclude_lower_priority:bibit:sonnet:bibit001217:structural_0086
bibit:sonnet:bibit000099:sonnet_0082,bibit:sonnet:bibit001217:structural_0087,same_role,1.000000,1.000000,97,true,bibit:sonnet:bibit000099:sonnet_0082,exclude_lower_priority:bibit:sonnet:bibit001217:structural_0087
bibit:sonnet:bibit000099:sonnet_0083,bibit:sonnet:bibit001217:structural_0088,same_role,1.000000,1.000000,94,true,bibit:sonnet:bibit000099:sonnet_0083,exclude_lower_priority:bibit:sonnet:bibit001217:structural_0088
bibit:sonnet:bibit000099:sonnet_0084,bibit:sonnet:bibit001217:structural_0089,same_role,0.912088,0.912088,83,false,bibit:sonnet:bibit000099:sonnet_0084,exclude_lower_priority:bibit:sonnet:bibit001217:structural_0089
bibit:sonnet:bibit000099:sonnet_0085,bibit:sonnet:bibit001217:structural_0090,same_role,0.897959,0.897959,88,false,bibit:sonnet:bibit000099:sonnet_0085,exclude_lower_priority:bibit:sonnet:bibit001217:structural_0090
bibit:sonnet:bibit000099:sonnet_0086,bibit:sonnet:bibit001217:structural_0091,same_role,1.000000,1.000000,103,true,bibit:sonnet:bibit000099:sonnet_0086,exclude_lower_priority:bibit:sonnet:bibit001217:structural_0091
bibit:sonnet:bibit000099:sonnet_0087,bibit:sonnet:bibit001217:structural_0092,same_role,0.902913,0.902913,93,false,bibit:sonnet:bibit000099:sonnet_0087,exclude_lower_priority:bibit:sonnet:bibit001217:structural_0092
bibit:sonnet:bibit000099:sonnet_0089,bibit:sonnet:bibit001217:structural_0094,same_role,1.000000,1.000000,105,true,bibit:sonnet:bibit000099:sonnet_0089,exclude_lower_priority:bibit:sonnet:bibit001217:structural_0094
bibit:sonnet:bibit000099:sonnet_0090,bibit:sonnet:bibit001217:structural_0095,same_role,1.000000,1.000000,97,true,bibit:sonnet:bibit000099:sonnet_0090,exclude_lower_priority:bibit:sonnet:bibit001217:structural_0095
bibit:sonnet:bibit000099:sonnet_0091,bibit:sonnet:bibit001217:structural_0096,same_role,0.920792,0.920792,93,false,bibit:sonnet:bibit000099:sonnet_0091,exclude_lower_priority:bibit:sonnet:bibit001217:structural_0096
bibit:sonnet:bibit000099:sonnet_0092,bibit:sonnet:bibit001217:structural_0097,same_role,0.916667,0.907216,88,false,bibit:sonnet:bibit000099:sonnet_0092,exclude_lower_priority:bibit:sonnet:bibit001217:structural_0097
bibit:sonnet:bibit000099:sonnet_0093,bibit:sonnet:bibit001217:structural_0098,same_role,1.000000,1.000000,100,true,bibit:sonnet:bibit000099:sonnet_0093,exclude_lower_priority:bibit:sonnet:bibit001217:structural_0098
bibit:sonnet:bibit000099:sonnet_0094,bibit:sonnet:bibit001217:structural_0099,same_role,1.000000,1.000000,96,true,bibit:sonnet:bibit000099:sonnet_0094,exclude_lower_priority:bibit:sonnet:bibit001217:structural_0099
bibit:sonnet:bibit000099:sonnet_0095,bibit:sonnet:bibit001217:structural_0100,same_role,1.000000,1.000000,95,true,bibit:sonnet:bibit000099:sonnet_0095,exclude_lower_priority:bibit:sonnet:bibit001217:structural_0100
bibit:sonnet:bibit000099:sonnet_0096,bibit:sonnet:bibit001217:structural_0101,same_role,1.000000,1.000000,100,true,bibit:sonnet:bibit000099:sonnet_0096,exclude_lower_priority:bibit:sonnet:bibit001217:structural_0101
bibit:sonnet:bibit000099:sonnet_0097,bibit:sonnet:bibit001217:structural_0102,same_role,1.000000,1.000000,102,true,bibit:sonnet:bibit000099:sonnet_0097,exclude_lower_priority:bibit:sonnet:bibit001217:structural_0102
bibit:sonnet:bibit000099:sonnet_0098,bibit:sonnet:bibit001217:structural_0103,same_role,1.000000,1.000000,101,true,bibit:sonnet:bibit000099:sonnet_0098,exclude_lower_priority:bibit:sonnet:bibit001217:structural_0103
bibit:sonnet:bibit000099:sonnet_0100,bibit:sonnet:bibit001217:structural_0105,same_role,1.000000,1.000000,97,true,bibit:sonnet:bibit000099:sonnet_0100,exclude_lower_priority:bibit:sonnet:bibit001217:structural_0105
bibit:sonnet:bibit000099:sonnet_0101,bibit:sonnet:bibit001217:structural_0106,same_role,1.000000,1.000000,103,true,bibit:sonnet:bibit000099:sonnet_0101,exclude_lower_priority:bibit:sonnet:bibit001217:structural_0106
bibit:sonnet:bibit000099:sonnet_0102,bibit:sonnet:bibit001217:structural_0107,same_role,1.000000,1.000000,112,true,bibit:sonnet:bibit000099:sonnet_0102,exclude_lower_priority:bibit:sonnet:bibit001217:structural_0107
bibit:sonnet:bibit000099:sonnet_0103,bibit:sonnet:bibit001217:structural_0108,same_role,0.927928,0.927928,103,false,bibit:sonnet:bibit000099:sonnet_0103,exclude_lower_priority:bibit:sonnet:bibit001217:structural_0108
bibit:sonnet:bibit000099:sonnet_0104,bibit:sonnet:bibit001217:structural_0109,same_role,1.000000,1.000000,105,true,bibit:sonnet:bibit000099:sonnet_0104,exclude_lower_priority:bibit:sonnet:bibit001217:structural_0109
bibit:sonnet:bibit000099:sonnet_0106,bibit:sonnet:bibit000682:structural_0065,same_role,0.830000,0.838384,83,false,bibit:sonnet:bibit000099:sonnet_0106,exclude_lower_priority:bibit:sonnet:bibit000682:structural_0065
bibit:sonnet:bibit000099:sonnet_0128,bibit:sonnet:bibit000682:structural_0088,same_role,0.979798,0.979798,97,false,bibit:sonnet:bibit000099:sonnet_0128,exclude_lower_priority:bibit:sonnet:bibit000682:structural_0088
bibit:sonnet:bibit000099:sonnet_0232,bibit:sonnet:bibit000256:structural_0033,same_role,0.826531,0.826531,81,false,bibit:sonnet:bibit000099:sonnet_0232,exclude_lower_priority:bibit:sonnet:bibit000256:structural_0033
bibit:sonnet:bibit000099:sonnet_0232,bibit:sonnet:bibit001390:structural_0033,same_role,0.908163,0.908163,89,false,bibit:sonnet:bibit000099:sonnet_0232,exclude_lower_priority:bibit:sonnet:bibit001390:structural_0033
bibit:sonnet:bibit000099:sonnet_0247,bibit:sonnet:bibit000256:structural_0036,same_role,0.873786,0.873786,90,false,bibit:sonnet:bibit000099:sonnet_0247,exclude_lower_priority:bibit:sonnet:bibit000256:structural_0036
bibit:sonnet:bibit000099:sonnet_0247,bibit:sonnet:bibit001390:structural_0036,same_role,0.873786,0.873786,90,false,bibit:sonnet:bibit000099:sonnet_0247,exclude_lower_priority:bibit:sonnet:bibit001390:structural_0036
bibit:sonnet:bibit000099:sonnet_0257,bibit:sonnet:bibit000256:structural_0034,same_role,0.922330,0.922330,95,false,bibit:sonnet:bibit000099:sonnet_0257,exclude_lower_priority:bibit:sonnet:bibit000256:structural_0034
bibit:sonnet:bibit000099:sonnet_0257,bibit:sonnet:bibit001390:structural_0034,same_role,0.922330,0.922330,95,false,bibit:sonnet:bibit000099:sonnet_0257,exclude_lower_priority:bibit:sonnet:bibit001390:structural_0034
bibit:sonnet:bibit000099:sonnet_0258,bibit:sonnet:bibit000256:structural_0035,same_role,1.000000,1.000000,102,true,bibit:sonnet:bibit000099:sonnet_0258,exclude_lower_priority:bibit:sonnet:bibit000256:structural_0035
bibit:sonnet:bibit000099:sonnet_0258,bibit:sonnet:bibit001390:structural_0035,same_role,1.000000,1.000000,102,true,bibit:sonnet:bibit000099:sonnet_0258,exclude_lower_priority:bibit:sonnet:bibit001390:structural_0035
bibit:sonnet:bibit000099:sonnet_0317,bibit:sonnet:bibit000118:sonnet_0015,same_role,0.908163,0.917526,89,false,bibit:sonnet:bibit000099:sonnet_0317,exclude_lower_priority:bibit:sonnet:bibit000118:sonnet_0015
bibit:sonnet:bibit000099:sonnet_0416,bibit:sonnet:bibit000118:sonnet_0014,same_role,0.915789,0.925532,87,false,bibit:sonnet:bibit000099:sonnet_0416,exclude_lower_priority:bibit:sonnet:bibit000118:sonnet_0014
bibit:sonnet:bibit000099:sonnet_0744,bibit:sonnet:bibit000682:structural_0059,same_role,0.823529,0.823529,84,false,bibit:sonnet:bibit000099:sonnet_0744,exclude_lower_priority:bibit:sonnet:bibit000682:structural_0059
bibit:sonnet:bibit000099:structural_0002,bibit:sonnet:bibit001217:structural_0013,same_role,1.000000,1.000000,85,true,bibit:sonnet:bibit000099:structural_0002,exclude_lower_priority:bibit:sonnet:bibit001217:structural_0013
bibit:sonnet:bibit000099:structural_0003,bibit:sonnet:bibit001217:structural_0025,same_role,1.000000,1.000000,98,true,bibit:sonnet:bibit000099:structural_0003,exclude_lower_priority:bibit:sonnet:bibit001217:structural_0025
bibit:sonnet:bibit000099:structural_0004,bibit:sonnet:bibit001217:structural_0026,same_role,1.000000,1.000000,109,true,bibit:sonnet:bibit000099:structural_0004,exclude_lower_priority:bibit:sonnet:bibit001217:structural_0026
bibit:sonnet:bibit000099:structural_0005,bibit:sonnet:bibit001217:structural_0027,same_role,1.000000,1.000000,93,true,bibit:sonnet:bibit000099:structural_0005,exclude_lower_priority:bibit:sonnet:bibit001217:structural_0027
bibit:sonnet:bibit000099:structural_0015,bibit:sonnet:bibit000118:sonnet_0017,same_role,1.000000,1.000000,67,true,bibit:sonnet:bibit000099:structural_0015,exclude_lower_priority:bibit:sonnet:bibit000118:sonnet_0017
bibit:sonnet:bibit000099:structural_0032,bibit:sonnet:bibit000256:structural_0045,same_role,0.913978,0.913978,85,false,bibit:sonnet:bibit000099:structural_0032,exclude_lower_priority:bibit:sonnet:bibit000256:structural_0045
bibit:sonnet:bibit000099:structural_0032,bibit:sonnet:bibit001390:structural_0045,same_role,0.913978,0.913978,85,false,bibit:sonnet:bibit000099:structural_0032,exclude_lower_priority:bibit:sonnet:bibit001390:structural_0045
bibit:sonnet:bibit000099:structural_0034,bibit:sonnet:bibit000256:structural_0047,same_role,0.824176,0.824176,75,false,bibit:sonnet:bibit000099:structural_0034,exclude_lower_priority:bibit:sonnet:bibit000256:structural_0047
bibit:sonnet:bibit000099:structural_0034,bibit:sonnet:bibit001390:structural_0047,same_role,0.824176,0.824176,75,false,bibit:sonnet:bibit000099:structural_0034,exclude_lower_priority:bibit:sonnet:bibit001390:structural_0047
bibit:sonnet:bibit000099:structural_0035,bibit:sonnet:bibit000256:structural_0048,same_role,0.829787,0.829787,78,false,bibit:sonnet:bibit000099:structural_0035,exclude_lower_priority:bibit:sonnet:bibit000256:structural_0048
bibit:sonnet:bibit000099:structural_0035,bibit:sonnet:bibit001390:structural_0048,same_role,0.914894,0.914894,86,false,bibit:sonnet:bibit000099:structural_0035,exclude_lower_priority:bibit:sonnet:bibit001390:structural_0048
bibit:sonnet:bibit000118:sonnet_0010,bibit:sonnet:bibit000150:sonnet_0059,same_role,0.896226,0.896226,95,false,bibit:sonnet:bibit000118:sonnet_0010,exclude_lower_priority:bibit:sonnet:bibit000150:sonnet_0059
bibit:sonnet:bibit000118:sonnet_0019,bibit:sonnet:bibit001304:structural_0078,same_role,0.838710,0.838710,78,false,bibit:sonnet:bibit000118:sonnet_0019,exclude_lower_priority:bibit:sonnet:bibit001304:structural_0078
bibit:sonnet:bibit000118:sonnet_0024,bibit:sonnet:bibit000807:sonnet_0216,same_role,0.795918,0.804124,78,false,bibit:sonnet:bibit000118:sonnet_0024,exclude_right
bibit:sonnet:bibit000118:sonnet_0027,bibit:sonnet:bibit001063:sonnet_0031,same_role,0.783505,0.800000,76,false,bibit:sonnet:bibit000118:sonnet_0027,exclude_right
bibit:sonnet:bibit000118:sonnet_0054,bibit:sonnet:bibit000430:structural_0002,same_role,0.910000,0.919192,91,false,bibit:sonnet:bibit000118:sonnet_0054,exclude_lower_priority:bibit:sonnet:bibit000430:structural_0002
bibit:sonnet:bibit000192:sonnet_0018,bibit:sonnet:bibit000742:sonnet_0107,same_role,0.819149,0.827957,77,false,bibit:sonnet:bibit000192:sonnet_0018,exclude_lower_priority:bibit:sonnet:bibit000742:sonnet_0107
bibit:sonnet:bibit000256:structural_0001,bibit:sonnet:bibit001390:structural_0001,same_role,1.000000,1.000000,97,true,bibit:sonnet:bibit000256:structural_0001,exclude_lower_priority:bibit:sonnet:bibit001390:structural_0001
bibit:sonnet:bibit000256:structural_0002,bibit:sonnet:bibit001390:structural_0002,same_role,1.000000,1.000000,99,true,bibit:sonnet:bibit000256:structural_0002,exclude_lower_priority:bibit:sonnet:bibit001390:structural_0002
bibit:sonnet:bibit000256:structural_0003,bibit:sonnet:bibit001390:structural_0003,same_role,1.000000,1.000000,102,true,bibit:sonnet:bibit000256:structural_0003,exclude_lower_priority:bibit:sonnet:bibit001390:structural_0003
bibit:sonnet:bibit000256:structural_0004,bibit:sonnet:bibit001390:structural_0004,same_role,0.916667,0.916667,88,false,bibit:sonnet:bibit000256:structural_0004,exclude_lower_priority:bibit:sonnet:bibit001390:structural_0004
bibit:sonnet:bibit000256:structural_0005,bibit:sonnet:bibit001390:structural_0005,same_role,0.888889,0.888889,88,false,bibit:sonnet:bibit000256:structural_0005,exclude_lower_priority:bibit:sonnet:bibit001390:structural_0005
bibit:sonnet:bibit000256:structural_0006,bibit:sonnet:bibit001390:structural_0006,same_role,1.000000,1.000000,103,true,bibit:sonnet:bibit000256:structural_0006,exclude_lower_priority:bibit:sonnet:bibit001390:structural_0006
bibit:sonnet:bibit000256:structural_0007,bibit:sonnet:bibit001390:structural_0007,same_role,0.917526,0.917526,89,false,bibit:sonnet:bibit000256:structural_0007,exclude_lower_priority:bibit:sonnet:bibit001390:structural_0007
bibit:sonnet:bibit000256:structural_0008,bibit:sonnet:bibit001390:structural_0008,same_role,0.848485,0.840000,84,false,bibit:sonnet:bibit000256:structural_0008,exclude_lower_priority:bibit:sonnet:bibit001390:structural_0008
bibit:sonnet:bibit000256:structural_0009,bibit:sonnet:bibit001390:structural_0009,same_role,0.923810,0.923810,97,false,bibit:sonnet:bibit000256:structural_0009,exclude_lower_priority:bibit:sonnet:bibit001390:structural_0009
bibit:sonnet:bibit000256:structural_0010,bibit:sonnet:bibit001390:structural_0010,same_role,1.000000,1.000000,104,true,bibit:sonnet:bibit000256:structural_0010,exclude_lower_priority:bibit:sonnet:bibit001390:structural_0010
bibit:sonnet:bibit000256:structural_0011,bibit:sonnet:bibit001390:structural_0011,same_role,1.000000,1.000000,109,true,bibit:sonnet:bibit000256:structural_0011,exclude_lower_priority:bibit:sonnet:bibit001390:structural_0011
bibit:sonnet:bibit000256:structural_0012,bibit:sonnet:bibit001390:structural_0012,same_role,1.000000,1.000000,94,true,bibit:sonnet:bibit000256:structural_0012,exclude_lower_priority:bibit:sonnet:bibit001390:structural_0012
bibit:sonnet:bibit000256:structural_0013,bibit:sonnet:bibit001390:structural_0013,same_role,0.918367,0.918367,90,false,bibit:sonnet:bibit000256:structural_0013,exclude_lower_priority:bibit:sonnet:bibit001390:structural_0013
bibit:sonnet:bibit000256:structural_0014,bibit:sonnet:bibit001390:structural_0014,same_role,1.000000,1.000000,105,true,bibit:sonnet:bibit000256:structural_0014,exclude_lower_priority:bibit:sonnet:bibit001390:structural_0014
bibit:sonnet:bibit000256:structural_0015,bibit:sonnet:bibit001390:structural_0015,same_role,1.000000,1.000000,100,true,bibit:sonnet:bibit000256:structural_0015,exclude_lower_priority:bibit:sonnet:bibit001390:structural_0015
bibit:sonnet:bibit000256:structural_0016,bibit:sonnet:bibit001390:structural_0016,same_role,0.921569,0.921569,94,false,bibit:sonnet:bibit000256:structural_0016,exclude_lower_priority:bibit:sonnet:bibit001390:structural_0016
bibit:sonnet:bibit000256:structural_0017,bibit:sonnet:bibit001390:structural_0017,same_role,0.923810,0.923810,97,false,bibit:sonnet:bibit000256:structural_0017,exclude_lower_priority:bibit:sonnet:bibit001390:structural_0017
bibit:sonnet:bibit000256:structural_0018,bibit:sonnet:bibit001390:structural_0018,same_role,0.936170,0.936170,88,false,bibit:sonnet:bibit000256:structural_0018,exclude_lower_priority:bibit:sonnet:bibit001390:structural_0018
bibit:sonnet:bibit000256:structural_0019,bibit:sonnet:bibit001390:structural_0019,same_role,1.000000,1.000000,103,true,bibit:sonnet:bibit000256:structural_0019,exclude_lower_priority:bibit:sonnet:bibit001390:structural_0019
bibit:sonnet:bibit000256:structural_0020,bibit:sonnet:bibit001390:structural_0020,same_role,0.919192,0.919192,91,false,bibit:sonnet:bibit000256:structural_0020,exclude_lower_priority:bibit:sonnet:bibit001390:structural_0020
bibit:sonnet:bibit000256:structural_0021,bibit:sonnet:bibit001390:structural_0021,same_role,0.926606,0.935185,101,false,bibit:sonnet:bibit000256:structural_0021,exclude_lower_priority:bibit:sonnet:bibit001390:structural_0021
bibit:sonnet:bibit000256:structural_0022,bibit:sonnet:bibit001390:structural_0022,same_role,0.920792,0.920792,93,false,bibit:sonnet:bibit000256:structural_0022,exclude_lower_priority:bibit:sonnet:bibit001390:structural_0022
bibit:sonnet:bibit000256:structural_0023,bibit:sonnet:bibit001390:structural_0023,same_role,0.920792,0.911765,93,false,bibit:sonnet:bibit000256:structural_0023,exclude_lower_priority:bibit:sonnet:bibit001390:structural_0023
bibit:sonnet:bibit000256:structural_0024,bibit:sonnet:bibit001390:structural_0024,same_role,1.000000,1.000000,103,true,bibit:sonnet:bibit000256:structural_0024,exclude_lower_priority:bibit:sonnet:bibit001390:structural_0024
bibit:sonnet:bibit000256:structural_0025,bibit:sonnet:bibit001390:structural_0025,same_role,1.000000,1.000000,96,true,bibit:sonnet:bibit000256:structural_0025,exclude_lower_priority:bibit:sonnet:bibit001390:structural_0025
bibit:sonnet:bibit000256:structural_0026,bibit:sonnet:bibit001390:structural_0026,same_role,1.000000,1.000000,97,true,bibit:sonnet:bibit000256:structural_0026,exclude_lower_priority:bibit:sonnet:bibit001390:structural_0026
bibit:sonnet:bibit000256:structural_0027,bibit:sonnet:bibit001390:structural_0027,same_role,0.919192,0.919192,91,false,bibit:sonnet:bibit000256:structural_0027,exclude_lower_priority:bibit:sonnet:bibit001390:structural_0027
bibit:sonnet:bibit000256:structural_0028,bibit:sonnet:bibit001390:structural_0028,same_role,0.931373,0.922330,95,false,bibit:sonnet:bibit000256:structural_0028,exclude_lower_priority:bibit:sonnet:bibit001390:structural_0028
bibit:sonnet:bibit000256:structural_0029,bibit:sonnet:bibit001390:structural_0029,same_role,1.000000,1.000000,106,true,bibit:sonnet:bibit000256:structural_0029,exclude_lower_priority:bibit:sonnet:bibit001390:structural_0029
bibit:sonnet:bibit000256:structural_0030,bibit:sonnet:bibit001390:structural_0030,same_role,0.914286,0.923077,96,false,bibit:sonnet:bibit000256:structural_0030,exclude_lower_priority:bibit:sonnet:bibit001390:structural_0030
bibit:sonnet:bibit000256:structural_0031,bibit:sonnet:bibit001390:structural_0031,same_role,1.000000,1.000000,101,true,bibit:sonnet:bibit000256:structural_0031,exclude_lower_priority:bibit:sonnet:bibit001390:structural_0031
bibit:sonnet:bibit000256:structural_0032,bibit:sonnet:bibit001390:structural_0032,same_role,1.000000,1.000000,101,true,bibit:sonnet:bibit000256:structural_0032,exclude_lower_priority:bibit:sonnet:bibit001390:structural_0032
bibit:sonnet:bibit000256:structural_0033,bibit:sonnet:bibit001390:structural_0033,same_role,0.918367,0.918367,90,false,bibit:sonnet:bibit000256:structural_0033,exclude_lower_priority:bibit:sonnet:bibit001390:structural_0033
bibit:sonnet:bibit000256:structural_0034,bibit:sonnet:bibit001390:structural_0034,same_role,1.000000,1.000000,103,true,bibit:sonnet:bibit000256:structural_0034,exclude_lower_priority:bibit:sonnet:bibit001390:structural_0034
bibit:sonnet:bibit000256:structural_0035,bibit:sonnet:bibit001390:structural_0035,same_role,1.000000,1.000000,102,true,bibit:sonnet:bibit000256:structural_0035,exclude_lower_priority:bibit:sonnet:bibit001390:structural_0035
bibit:sonnet:bibit000256:structural_0036,bibit:sonnet:bibit001390:structural_0036,same_role,1.000000,1.000000,103,true,bibit:sonnet:bibit000256:structural_0036,exclude_lower_priority:bibit:sonnet:bibit001390:structural_0036
bibit:sonnet:bibit000256:structural_0037,bibit:sonnet:bibit001390:structural_0037,same_role,1.000000,1.000000,102,true,bibit:sonnet:bibit000256:structural_0037,exclude_lower_priority:bibit:sonnet:bibit001390:structural_0037
bibit:sonnet:bibit000256:structural_0038,bibit:sonnet:bibit001390:structural_0038,same_role,1.000000,1.000000,103,true,bibit:sonnet:bibit000256:structural_0038,exclude_lower_priority:bibit:sonnet:bibit001390:structural_0038
bibit:sonnet:bibit000256:structural_0040,bibit:sonnet:bibit001390:structural_0040,same_role,0.925234,0.925234,99,false,bibit:sonnet:bibit000256:structural_0040,exclude_lower_priority:bibit:sonnet:bibit001390:structural_0040
bibit:sonnet:bibit000256:structural_0041,bibit:sonnet:bibit001390:structural_0041,same_role,1.000000,1.000000,93,true,bibit:sonnet:bibit000256:structural_0041,exclude_lower_priority:bibit:sonnet:bibit001390:structural_0041
bibit:sonnet:bibit000256:structural_0042,bibit:sonnet:bibit001390:structural_0042,same_role,1.000000,1.000000,97,true,bibit:sonnet:bibit000256:structural_0042,exclude_lower_priority:bibit:sonnet:bibit001390:structural_0042
bibit:sonnet:bibit000256:structural_0043,bibit:sonnet:bibit001390:structural_0043,same_role,0.920000,0.929293,92,false,bibit:sonnet:bibit000256:structural_0043,exclude_lower_priority:bibit:sonnet:bibit001390:structural_0043
bibit:sonnet:bibit000256:structural_0045,bibit:sonnet:bibit001390:structural_0045,same_role,1.000000,1.000000,93,true,bibit:sonnet:bibit000256:structural_0045,exclude_lower_priority:bibit:sonnet:bibit001390:structural_0045
bibit:sonnet:bibit000256:structural_0047,bibit:sonnet:bibit001390:structural_0047,same_role,1.000000,1.000000,91,true,bibit:sonnet:bibit000256:structural_0047,exclude_lower_priority:bibit:sonnet:bibit001390:structural_0047
bibit:sonnet:bibit000256:structural_0048,bibit:sonnet:bibit001390:structural_0048,same_role,0.914894,0.914894,86,false,bibit:sonnet:bibit000256:structural_0048,exclude_lower_priority:bibit:sonnet:bibit001390:structural_0048
bibit:sonnet:bibit000256:structural_0049,bibit:sonnet:bibit001390:structural_0049,same_role,0.897727,0.908046,79,false,bibit:sonnet:bibit000256:structural_0049,exclude_lower_priority:bibit:sonnet:bibit001390:structural_0049
bibit:sonnet:bibit000456:sonnet_0002,bibit:sonnet:bibit000742:sonnet_0093,same_role,0.836735,0.836735,82,false,bibit:sonnet:bibit000456:sonnet_0002,exclude_lower_priority:bibit:sonnet:bibit000742:sonnet_0093
bibit:sonnet:bibit000460:sonnet_0009,bibit:sonnet:bibit000460:sonnet_0011,same_role,0.944444,0.904255,85,false,bibit:sonnet:bibit000460:sonnet_0009,exclude_lower_priority:bibit:sonnet:bibit000460:sonnet_0011
bibit:sonnet:bibit000493:sonnet_0211,bibit:sonnet:bibit001146:sonnet_0751,same_role,0.912621,0.912621,94,false,bibit:sonnet:bibit000493:sonnet_0211,exclude_lower_priority:bibit:sonnet:bibit001146:sonnet_0751
bibit:sonnet:bibit000493:sonnet_0213,bibit:sonnet:bibit001146:sonnet_0753,same_role,0.896907,0.896907,87,false,bibit:sonnet:bibit000493:sonnet_0213,exclude_lower_priority:bibit:sonnet:bibit001146:sonnet_0753
bibit:sonnet:bibit000504:sonnet_0023,bibit:sonnet:bibit001361:structural_0034,same_role,0.904255,0.904255,85,false,bibit:sonnet:bibit000504:sonnet_0023,exclude_lower_priority:bibit:sonnet:bibit001361:structural_0034
bibit:sonnet:bibit000509:sonnet_0005,bibit:sonnet:bibit001342:sonnet_0064,same_role,0.824742,0.833333,80,false,bibit:sonnet:bibit000509:sonnet_0005,exclude_lower_priority:bibit:sonnet:bibit001342:sonnet_0064
bibit:sonnet:bibit000509:structural_0018,bibit:sonnet:bibit000756:structural_0007,same_role,1.000000,1.000000,95,true,bibit:sonnet:bibit000509:structural_0018,exclude_lower_priority:bibit:sonnet:bibit000756:structural_0007
bibit:sonnet:bibit000605:structural_0001,bibit:sonnet:bibit001360:sonnet_0001,same_role,1.000000,1.000000,103,true,bibit:sonnet:bibit000605:structural_0001,exclude_lower_priority:bibit:sonnet:bibit001360:sonnet_0001
bibit:sonnet:bibit000605:structural_0002,bibit:sonnet:bibit001360:sonnet_0002,same_role,1.000000,1.000000,101,true,bibit:sonnet:bibit000605:structural_0002,exclude_lower_priority:bibit:sonnet:bibit001360:sonnet_0002
bibit:sonnet:bibit000605:structural_0005,bibit:sonnet:bibit001360:sonnet_0005,same_role,0.894737,0.894737,68,false,bibit:sonnet:bibit000605:structural_0005,exclude_lower_priority:bibit:sonnet:bibit001360:sonnet_0005
bibit:sonnet:bibit000605:structural_0006,bibit:sonnet:bibit001360:sonnet_0006,same_role,0.858586,0.858586,85,false,bibit:sonnet:bibit000605:structural_0006,exclude_lower_priority:bibit:sonnet:bibit001360:sonnet_0006
bibit:sonnet:bibit000605:structural_0011,bibit:sonnet:bibit001360:sonnet_0011,same_role,1.000000,1.000000,98,true,bibit:sonnet:bibit000605:structural_0011,exclude_lower_priority:bibit:sonnet:bibit001360:sonnet_0011
bibit:sonnet:bibit000605:structural_0013,bibit:sonnet:bibit001360:sonnet_0013,same_role,0.970297,0.970297,98,false,bibit:sonnet:bibit000605:structural_0013,exclude_lower_priority:bibit:sonnet:bibit001360:sonnet_0013
bibit:sonnet:bibit000605:structural_0014,bibit:sonnet:bibit001360:sonnet_0014,same_role,1.000000,1.000000,107,true,bibit:sonnet:bibit000605:structural_0014,exclude_lower_priority:bibit:sonnet:bibit001360:sonnet_0014
bibit:sonnet:bibit000605:structural_0018,bibit:sonnet:bibit001360:sonnet_0018,same_role,0.920000,0.920000,92,false,bibit:sonnet:bibit000605:structural_0018,exclude_lower_priority:bibit:sonnet:bibit001360:sonnet_0018
bibit:sonnet:bibit000605:structural_0020,bibit:sonnet:bibit001360:sonnet_0020,same_role,1.000000,1.000000,105,true,bibit:sonnet:bibit000605:structural_0020,exclude_lower_priority:bibit:sonnet:bibit001360:sonnet_0020
bibit:sonnet:bibit000605:structural_0021,bibit:sonnet:bibit001360:sonnet_0021,same_role,1.000000,1.000000,105,true,bibit:sonnet:bibit000605:structural_0021,exclude_lower_priority:bibit:sonnet:bibit001360:sonnet_0021
bibit:sonnet:bibit000605:structural_0023,bibit:sonnet:bibit001360:sonnet_0023,same_role,0.844660,0.844660,87,false,bibit:sonnet:bibit000605:structural_0023,exclude_lower_priority:bibit:sonnet:bibit001360:sonnet_0023
bibit:sonnet:bibit000605:structural_0024,bibit:sonnet:bibit001360:sonnet_0024,same_role,1.000000,1.000000,105,true,bibit:sonnet:bibit000605:structural_0024,exclude_lower_priority:bibit:sonnet:bibit001360:sonnet_0024
bibit:sonnet:bibit000605:structural_0027,bibit:sonnet:bibit001360:sonnet_0027,same_role,1.000000,1.000000,101,true,bibit:sonnet:bibit000605:structural_0027,exclude_lower_priority:bibit:sonnet:bibit001360:sonnet_0027
bibit:sonnet:bibit000605:structural_0029,bibit:sonnet:bibit001360:sonnet_0029,same_role,1.000000,1.000000,101,true,bibit:sonnet:bibit000605:structural_0029,exclude_lower_priority:bibit:sonnet:bibit001360:sonnet_0029
bibit:sonnet:bibit000605:structural_0030,bibit:sonnet:bibit001360:sonnet_0030,same_role,1.000000,1.000000,98,true,bibit:sonnet:bibit000605:structural_0030,exclude_lower_priority:bibit:sonnet:bibit001360:sonnet_0030
bibit:sonnet:bibit000605:structural_0036,bibit:sonnet:bibit001360:sonnet_0036,same_role,0.836735,0.836735,82,false,bibit:sonnet:bibit000605:structural_0036,exclude_lower_priority:bibit:sonnet:bibit001360:sonnet_0036
bibit:sonnet:bibit000605:structural_0037,bibit:sonnet:bibit001360:sonnet_0037,same_role,1.000000,1.000000,97,true,bibit:sonnet:bibit000605:structural_0037,exclude_lower_priority:bibit:sonnet:bibit001360:sonnet_0037
bibit:sonnet:bibit000605:structural_0040,bibit:sonnet:bibit001360:sonnet_0040,same_role,1.000000,1.000000,97,true,bibit:sonnet:bibit000605:structural_0040,exclude_lower_priority:bibit:sonnet:bibit001360:sonnet_0040
bibit:sonnet:bibit000605:structural_0042,bibit:sonnet:bibit001360:sonnet_0042,same_role,0.914894,0.914894,86,false,bibit:sonnet:bibit000605:structural_0042,exclude_lower_priority:bibit:sonnet:bibit001360:sonnet_0042
bibit:sonnet:bibit000605:structural_0043,bibit:sonnet:bibit001360:sonnet_0043,same_role,1.000000,1.000000,101,true,bibit:sonnet:bibit000605:structural_0043,exclude_lower_priority:bibit:sonnet:bibit001360:sonnet_0043
bibit:sonnet:bibit000657:sonnet_0106,bibit:sonnet:bibit001555:sonnet_0030,same_role,1.000000,1.000000,106,true,bibit:sonnet:bibit000657:sonnet_0106,exclude_lower_priority:bibit:sonnet:bibit001555:sonnet_0030
bibit:sonnet:bibit000657:sonnet_0109,bibit:sonnet:bibit001555:sonnet_0033,same_role,1.000000,1.000000,96,true,bibit:sonnet:bibit000657:sonnet_0109,exclude_lower_priority:bibit:sonnet:bibit001555:sonnet_0033
bibit:sonnet:bibit000682:structural_0052,bibit:sonnet:bibit001217:structural_0081,same_role,0.838095,0.830189,88,false,bibit:sonnet:bibit000682:structural_0052,exclude_lower_priority:bibit:sonnet:bibit001217:structural_0081
bibit:sonnet:bibit000756:structural_0002,bibit:sonnet:bibit001257:structural_0045,same_role,1.000000,1.000000,104,true,bibit:sonnet:bibit000756:structural_0002,exclude_lower_priority:bibit:sonnet:bibit001257:structural_0045
bibit:sonnet:bibit000756:structural_0005,bibit:sonnet:bibit001257:structural_0052,same_role,0.830000,0.830000,83,false,bibit:sonnet:bibit000756:structural_0005,exclude_lower_priority:bibit:sonnet:bibit001257:structural_0052
bibit:sonnet:bibit000756:structural_0006,bibit:sonnet:bibit001257:structural_0056,same_role,1.000000,1.000000,98,true,bibit:sonnet:bibit000756:structural_0006,exclude_lower_priority:bibit:sonnet:bibit001257:structural_0056
bibit:sonnet:bibit000756:structural_0009,bibit:sonnet:bibit001342:sonnet_0063,same_role,1.000000,1.000000,81,true,bibit:sonnet:bibit000756:structural_0009,exclude_lower_priority:bibit:sonnet:bibit001342:sonnet_0063
bibit:sonnet:bibit000818:sonnet_0175,bibit:sonnet:bibit001502:sonnet_0032,same_role,0.820225,0.820225,73,false,bibit:sonnet:bibit000818:sonnet_0175,exclude_lower_priority:bibit:sonnet:bibit001502:sonnet_0032
bibit:sonnet:bibit000996:sonnet_0037,bibit:sonnet:bibit001146:sonnet_0881,same_role,0.835052,0.818182,81,false,bibit:sonnet:bibit000996:sonnet_0037,exclude_lower_priority:bibit:sonnet:bibit001146:sonnet_0881
bibit:sonnet:bibit001002:sonnet_0001,bibit:sonnet:bibit001036:sonnet_0073,same_role,0.861702,0.861702,81,false,bibit:sonnet:bibit001002:sonnet_0001,exclude_lower_priority:bibit:sonnet:bibit001036:sonnet_0073
bibit:sonnet:bibit001002:sonnet_0002,bibit:sonnet:bibit001036:sonnet_0074,same_role,0.833333,0.824742,80,false,bibit:sonnet:bibit001002:sonnet_0002,exclude_lower_priority:bibit:sonnet:bibit001036:sonnet_0074
bibit:sonnet:bibit001002:sonnet_0003,bibit:sonnet:bibit001036:sonnet_0075,same_role,1.000000,1.000000,99,true,bibit:sonnet:bibit001002:sonnet_0003,exclude_lower_priority:bibit:sonnet:bibit001036:sonnet_0075
bibit:sonnet:bibit001002:sonnet_0004,bibit:sonnet:bibit001036:sonnet_0076,same_role,0.920000,0.920000,92,false,bibit:sonnet:bibit001002:sonnet_0004,exclude_lower_priority:bibit:sonnet:bibit001036:sonnet_0076
bibit:sonnet:bibit001002:sonnet_0005,bibit:sonnet:bibit001036:sonnet_0104,same_role,0.918367,0.918367,90,false,bibit:sonnet:bibit001002:sonnet_0005,exclude_lower_priority:bibit:sonnet:bibit001036:sonnet_0104
bibit:sonnet:bibit001002:sonnet_0006,bibit:sonnet:bibit001036:sonnet_0080,same_role,0.836735,0.836735,82,false,bibit:sonnet:bibit001002:sonnet_0006,exclude_lower_priority:bibit:sonnet:bibit001036:sonnet_0080
bibit:sonnet:bibit001002:sonnet_0008,bibit:sonnet:bibit001036:sonnet_0067,same_role,1.000000,1.000000,100,true,bibit:sonnet:bibit001002:sonnet_0008,exclude_lower_priority:bibit:sonnet:bibit001036:sonnet_0067
bibit:sonnet:bibit001002:sonnet_0009,bibit:sonnet:bibit001036:sonnet_0066,same_role,0.826087,0.826087,76,false,bibit:sonnet:bibit001002:sonnet_0009,exclude_lower_priority:bibit:sonnet:bibit001036:sonnet_0066
bibit:sonnet:bibit001002:sonnet_0010,bibit:sonnet:bibit001036:sonnet_0077,same_role,0.915789,0.915789,87,false,bibit:sonnet:bibit001002:sonnet_0010,exclude_lower_priority:bibit:sonnet:bibit001036:sonnet_0077
bibit:sonnet:bibit001002:sonnet_0012,bibit:sonnet:bibit001036:sonnet_0084,same_role,0.910112,0.910112,81,false,bibit:sonnet:bibit001002:sonnet_0012,exclude_lower_priority:bibit:sonnet:bibit001036:sonnet_0084
bibit:sonnet:bibit001002:sonnet_0013,bibit:sonnet:bibit001036:sonnet_0085,same_role,0.915789,0.915789,87,false,bibit:sonnet:bibit001002:sonnet_0013,exclude_lower_priority:bibit:sonnet:bibit001036:sonnet_0085
bibit:sonnet:bibit001002:sonnet_0014,bibit:sonnet:bibit001036:sonnet_0086,same_role,0.913043,0.913043,84,false,bibit:sonnet:bibit001002:sonnet_0014,exclude_lower_priority:bibit:sonnet:bibit001036:sonnet_0086
bibit:sonnet:bibit001002:sonnet_0015,bibit:sonnet:bibit001036:sonnet_0088,same_role,0.913043,0.913043,84,false,bibit:sonnet:bibit001002:sonnet_0015,exclude_lower_priority:bibit:sonnet:bibit001036:sonnet_0088
bibit:sonnet:bibit001002:sonnet_0017,bibit:sonnet:bibit001036:sonnet_0082,same_role,1.000000,1.000000,101,true,bibit:sonnet:bibit001002:sonnet_0017,exclude_lower_priority:bibit:sonnet:bibit001036:sonnet_0082
bibit:sonnet:bibit001002:sonnet_0018,bibit:sonnet:bibit001036:sonnet_0083,same_role,0.934783,0.924731,86,false,bibit:sonnet:bibit001002:sonnet_0018,exclude_lower_priority:bibit:sonnet:bibit001036:sonnet_0083
bibit:sonnet:bibit001002:sonnet_0019,bibit:sonnet:bibit001036:sonnet_0089,same_role,0.820225,0.820225,73,false,bibit:sonnet:bibit001002:sonnet_0019,exclude_lower_priority:bibit:sonnet:bibit001036:sonnet_0089
bibit:sonnet:bibit001002:sonnet_0020,bibit:sonnet:bibit001036:sonnet_0090,same_role,0.820225,0.820225,73,false,bibit:sonnet:bibit001002:sonnet_0020,exclude_lower_priority:bibit:sonnet:bibit001036:sonnet_0090
bibit:sonnet:bibit001002:sonnet_0021,bibit:sonnet:bibit001036:sonnet_0091,same_role,0.945055,0.945055,86,false,bibit:sonnet:bibit001002:sonnet_0021,exclude_lower_priority:bibit:sonnet:bibit001036:sonnet_0091
bibit:sonnet:bibit001002:sonnet_0022,bibit:sonnet:bibit001036:sonnet_0092,same_role,0.934066,0.934066,85,false,bibit:sonnet:bibit001002:sonnet_0022,exclude_lower_priority:bibit:sonnet:bibit001036:sonnet_0092
bibit:sonnet:bibit001002:sonnet_0023,bibit:sonnet:bibit001036:sonnet_0094,same_role,0.898876,0.898876,80,false,bibit:sonnet:bibit001002:sonnet_0023,exclude_lower_priority:bibit:sonnet:bibit001036:sonnet_0094
bibit:sonnet:bibit001002:sonnet_0024,bibit:sonnet:bibit001036:sonnet_0102,same_role,0.917526,0.917526,89,false,bibit:sonnet:bibit001002:sonnet_0024,exclude_lower_priority:bibit:sonnet:bibit001036:sonnet_0102
bibit:sonnet:bibit001002:sonnet_0027,bibit:sonnet:bibit001036:sonnet_0099,same_role,0.847826,0.847826,78,false,bibit:sonnet:bibit001002:sonnet_0027,exclude_lower_priority:bibit:sonnet:bibit001036:sonnet_0099
bibit:sonnet:bibit001002:sonnet_0028,bibit:sonnet:bibit001036:sonnet_0100,same_role,0.915789,0.915789,87,false,bibit:sonnet:bibit001002:sonnet_0028,exclude_lower_priority:bibit:sonnet:bibit001036:sonnet_0100
bibit:sonnet:bibit001002:sonnet_0029,bibit:sonnet:bibit001036:sonnet_0101,same_role,0.919192,0.919192,91,false,bibit:sonnet:bibit001002:sonnet_0029,exclude_lower_priority:bibit:sonnet:bibit001036:sonnet_0101
bibit:sonnet:bibit001002:sonnet_0032,bibit:sonnet:bibit001036:sonnet_0106,same_role,1.000000,1.000000,99,true,bibit:sonnet:bibit001002:sonnet_0032,exclude_lower_priority:bibit:sonnet:bibit001036:sonnet_0106
bibit:sonnet:bibit001002:sonnet_0034,bibit:sonnet:bibit001036:sonnet_0108,same_role,0.917526,0.917526,89,false,bibit:sonnet:bibit001002:sonnet_0034,exclude_lower_priority:bibit:sonnet:bibit001036:sonnet_0108
bibit:sonnet:bibit001002:sonnet_0035,bibit:sonnet:bibit001036:sonnet_0115,same_role,1.000000,1.000000,106,true,bibit:sonnet:bibit001002:sonnet_0035,exclude_lower_priority:bibit:sonnet:bibit001036:sonnet_0115
bibit:sonnet:bibit001002:sonnet_0036,bibit:sonnet:bibit001036:sonnet_0111,same_role,1.000000,1.000000,101,true,bibit:sonnet:bibit001002:sonnet_0036,exclude_lower_priority:bibit:sonnet:bibit001036:sonnet_0111
bibit:sonnet:bibit001002:sonnet_0037,bibit:sonnet:bibit001036:sonnet_0110,same_role,1.000000,1.000000,97,true,bibit:sonnet:bibit001002:sonnet_0037,exclude_lower_priority:bibit:sonnet:bibit001036:sonnet_0110
bibit:sonnet:bibit001002:sonnet_0038,bibit:sonnet:bibit001036:sonnet_0112,same_role,1.000000,1.000000,99,true,bibit:sonnet:bibit001002:sonnet_0038,exclude_lower_priority:bibit:sonnet:bibit001036:sonnet_0112
bibit:sonnet:bibit001002:sonnet_0039,bibit:sonnet:bibit001036:sonnet_0113,same_role,0.910112,0.910112,81,false,bibit:sonnet:bibit001002:sonnet_0039,exclude_lower_priority:bibit:sonnet:bibit001036:sonnet_0113
bibit:sonnet:bibit001002:sonnet_0040,bibit:sonnet:bibit001036:sonnet_0114,same_role,1.000000,1.000000,109,true,bibit:sonnet:bibit001002:sonnet_0040,exclude_lower_priority:bibit:sonnet:bibit001036:sonnet_0114
bibit:sonnet:bibit001002:sonnet_0041,bibit:sonnet:bibit001036:sonnet_0116,same_role,1.000000,1.000000,98,true,bibit:sonnet:bibit001002:sonnet_0041,exclude_lower_priority:bibit:sonnet:bibit001036:sonnet_0116
bibit:sonnet:bibit001146:sonnet_0102,bibit:sonnet:bibit001146:sonnet_1121,same_role,0.907216,0.907216,88,false,bibit:sonnet:bibit001146:sonnet_0102,exclude_lower_priority:bibit:sonnet:bibit001146:sonnet_1121
bibit:sonnet:bibit001146:sonnet_0103,bibit:sonnet:bibit001146:sonnet_1123,same_role,0.915789,0.915789,87,false,bibit:sonnet:bibit001146:sonnet_0103,exclude_lower_priority:bibit:sonnet:bibit001146:sonnet_1123
bibit:sonnet:bibit001146:sonnet_0120,bibit:sonnet:bibit001146:sonnet_1032,same_role,0.887850,0.887850,95,false,bibit:sonnet:bibit001146:sonnet_0120,exclude_lower_priority:bibit:sonnet:bibit001146:sonnet_1032
bibit:sonnet:bibit001146:sonnet_0322,bibit:sonnet:bibit001146:sonnet_1017,same_role,1.000000,1.000000,95,true,bibit:sonnet:bibit001146:sonnet_0322,exclude_lower_priority:bibit:sonnet:bibit001146:sonnet_1017
bibit:sonnet:bibit001146:sonnet_0323,bibit:sonnet:bibit001146:sonnet_1007,same_role,0.917526,0.927083,89,false,bibit:sonnet:bibit001146:sonnet_0323,exclude_lower_priority:bibit:sonnet:bibit001146:sonnet_1007
bibit:sonnet:bibit001146:sonnet_0326,bibit:sonnet:bibit001146:sonnet_0985,same_role,0.838710,0.838710,78,false,bibit:sonnet:bibit001146:sonnet_0326,exclude_lower_priority:bibit:sonnet:bibit001146:sonnet_0985
bibit:sonnet:bibit001146:sonnet_0330,bibit:sonnet:bibit001146:sonnet_1019,same_role,0.888889,0.888889,88,false,bibit:sonnet:bibit001146:sonnet_0330,exclude_lower_priority:bibit:sonnet:bibit001146:sonnet_1019
bibit:sonnet:bibit001146:sonnet_0462,bibit:sonnet:bibit001146:sonnet_1036,same_role,0.829787,0.829787,78,false,bibit:sonnet:bibit001146:sonnet_0462,exclude_lower_priority:bibit:sonnet:bibit001146:sonnet_1036
bibit:sonnet:bibit001146:sonnet_0463,bibit:sonnet:bibit001146:sonnet_1053,same_role,0.838384,0.846939,83,false,bibit:sonnet:bibit001146:sonnet_0463,exclude_lower_priority:bibit:sonnet:bibit001146:sonnet_1053
bibit:sonnet:bibit001146:sonnet_0484,bibit:sonnet:bibit001146:sonnet_1009,same_role,0.826087,0.826087,76,false,bibit:sonnet:bibit001146:sonnet_0484,exclude_lower_priority:bibit:sonnet:bibit001146:sonnet_1009
bibit:sonnet:bibit001146:sonnet_0506,bibit:sonnet:bibit001146:sonnet_1038,same_role,0.836735,0.836735,82,false,bibit:sonnet:bibit001146:sonnet_0506,exclude_lower_priority:bibit:sonnet:bibit001146:sonnet_1038
bibit:sonnet:bibit001146:sonnet_0569,bibit:sonnet:bibit001146:sonnet_1023,same_role,0.843137,0.843137,86,false,bibit:sonnet:bibit001146:sonnet_0569,exclude_lower_priority:bibit:sonnet:bibit001146:sonnet_1023
bibit:sonnet:bibit001146:sonnet_0581,bibit:sonnet:bibit001146:sonnet_1057,same_role,0.920000,0.920000,92,false,bibit:sonnet:bibit001146:sonnet_0581,exclude_lower_priority:bibit:sonnet:bibit001146:sonnet_1057
bibit:sonnet:bibit001146:sonnet_0661,bibit:sonnet:bibit001146:sonnet_0984,same_role,0.875000,0.884211,84,false,bibit:sonnet:bibit001146:sonnet_0661,exclude_lower_priority:bibit:sonnet:bibit001146:sonnet_0984
bibit:sonnet:bibit001146:sonnet_0667,bibit:sonnet:bibit001146:sonnet_1103,same_role,0.852632,0.852632,81,false,bibit:sonnet:bibit001146:sonnet_0667,exclude_lower_priority:bibit:sonnet:bibit001146:sonnet_1103
bibit:sonnet:bibit001182:structural_0054,bibit:sonnet:bibit001182:structural_0152,same_role,0.820000,0.828283,82,false,bibit:sonnet:bibit001182:structural_0054,exclude_lower_priority:bibit:sonnet:bibit001182:structural_0152
bibit:sonnet:bibit001182:structural_0079,bibit:sonnet:bibit001182:structural_0147,same_role,0.826923,0.826923,86,false,bibit:sonnet:bibit001182:structural_0079,exclude_lower_priority:bibit:sonnet:bibit001182:structural_0147
bibit:sonnet:bibit001629:sonnet_0012,bibit:sonnet:bibit001631:sonnet_0069,same_role,0.913978,0.913978,85,false,bibit:sonnet:bibit001629:sonnet_0012,exclude_lower_priority:bibit:sonnet:bibit001631:sonnet_0069
bibit:sonnet:bibit001629:sonnet_0033,bibit:sonnet:bibit001631:sonnet_0147,same_role,0.923077,0.923077,96,false,bibit:sonnet:bibit001629:sonnet_0033,exclude_lower_priority:bibit:sonnet:bibit001631:sonnet_0147
bibit:sonnet:bibit001629:sonnet_0047,bibit:sonnet:bibit001631:sonnet_0067,same_role,0.833333,0.833333,80,false,bibit:sonnet:bibit001629:sonnet_0047,exclude_lower_priority:bibit:sonnet:bibit001631:sonnet_0067
bibit:sonnet:bibit001629:sonnet_0059,bibit:sonnet:bibit001631:sonnet_0057,same_role,0.812500,0.829787,78,false,bibit:sonnet:bibit001629:sonnet_0059,exclude_lower_priority:bibit:sonnet:bibit001631:sonnet_0057
bibit:sonnet:bibit001629:sonnet_0078,bibit:sonnet:bibit001631:sonnet_0148,same_role,0.898990,0.890000,89,false,bibit:sonnet:bibit001629:sonnet_0078,exclude_lower_priority:bibit:sonnet:bibit001631:sonnet_0148
bibit:sonnet:bibit001629:sonnet_0091,bibit:sonnet:bibit001631:sonnet_0005,same_role,0.914286,0.914286,96,false,bibit:sonnet:bibit001629:sonnet_0091,exclude_lower_priority:bibit:sonnet:bibit001631:sonnet_0005
bibit:sonnet:bibit001629:sonnet_0141,bibit:sonnet:bibit001631:sonnet_0048,same_role,0.927928,0.927928,103,false,bibit:sonnet:bibit001629:sonnet_0141,exclude_lower_priority:bibit:sonnet:bibit001631:sonnet_0048
bibit:sonnet:bibit001629:sonnet_0143,bibit:sonnet:bibit001631:sonnet_0136,same_role,1.000000,1.000000,101,true,bibit:sonnet:bibit001629:sonnet_0143,exclude_lower_priority:bibit:sonnet:bibit001631:sonnet_0136
bibit:sonnet:bibit001629:sonnet_0176,bibit:sonnet:bibit001631:sonnet_0157,same_role,1.000000,1.000000,100,true,bibit:sonnet:bibit001629:sonnet_0176,exclude_lower_priority:bibit:sonnet:bibit001631:sonnet_0157
bibit:sonnet:bibit001629:sonnet_0177,bibit:sonnet:bibit001631:sonnet_0132,same_role,1.000000,1.000000,111,true,bibit:sonnet:bibit001629:sonnet_0177,exclude_lower_priority:bibit:sonnet:bibit001631:sonnet_0132
bibit:sonnet:bibit001629:sonnet_0178,bibit:sonnet:bibit001631:sonnet_0133,same_role,1.000000,1.000000,94,true,bibit:sonnet:bibit001629:sonnet_0178,exclude_lower_priority:bibit:sonnet:bibit001631:sonnet_0133
bibit:sonnet:bibit001629:sonnet_0183,bibit:sonnet:bibit001631:sonnet_0013,same_role,0.851064,0.860215,80,false,bibit:sonnet:bibit001629:sonnet_0183,exclude_lower_priority:bibit:sonnet:bibit001631:sonnet_0013
bibit:sonnet:bibit001629:sonnet_0192,bibit:sonnet:bibit001631:sonnet_0152,same_role,0.915888,0.924528,98,false,bibit:sonnet:bibit001629:sonnet_0192,exclude_lower_priority:bibit:sonnet:bibit001631:sonnet_0152
bibit:sonnet:bibit001629:sonnet_0194,bibit:sonnet:bibit001631:sonnet_0131,same_role,0.846154,0.846154,88,false,bibit:sonnet:bibit001629:sonnet_0194,exclude_lower_priority:bibit:sonnet:bibit001631:sonnet_0131
bibit:sonnet:bibit001629:sonnet_0196,bibit:sonnet:bibit001631:sonnet_0158,same_role,1.000000,1.000000,108,true,bibit:sonnet:bibit001629:sonnet_0196,exclude_lower_priority:bibit:sonnet:bibit001631:sonnet_0158
bibit:sonnet:bibit001629:sonnet_0197,bibit:sonnet:bibit001631:sonnet_0159,same_role,1.000000,1.000000,104,true,bibit:sonnet:bibit001629:sonnet_0197,exclude_lower_priority:bibit:sonnet:bibit001631:sonnet_0159
bibit:sonnet:bibit001629:sonnet_0198,bibit:sonnet:bibit001631:sonnet_0160,same_role,0.948980,0.948980,93,false,bibit:sonnet:bibit001629:sonnet_0198,exclude_lower_priority:bibit:sonnet:bibit001631:sonnet_0160
bibit:sonnet:bibit001629:sonnet_0199,bibit:sonnet:bibit001631:sonnet_0161,same_role,0.920000,0.920000,92,false,bibit:sonnet:bibit001629:sonnet_0199,exclude_lower_priority:bibit:sonnet:bibit001631:sonnet_0161
bibit:sonnet:bibit001629:sonnet_0200,bibit:sonnet:bibit001631:sonnet_0162,same_role,0.918367,0.918367,90,false,bibit:sonnet:bibit001629:sonnet_0200,exclude_lower_priority:bibit:sonnet:bibit001631:sonnet_0162
bibit:sonnet:bibit001629:sonnet_0201,bibit:sonnet:bibit001631:sonnet_0163,same_role,1.000000,1.000000,100,true,bibit:sonnet:bibit001629:sonnet_0201,exclude_lower_priority:bibit:sonnet:bibit001631:sonnet_0163
bibit:sonnet:bibit001629:sonnet_0202,bibit:sonnet:bibit001631:sonnet_0164,same_role,1.000000,1.000000,98,true,bibit:sonnet:bibit001629:sonnet_0202,exclude_lower_priority:bibit:sonnet:bibit001631:sonnet_0164
bibit:sonnet:bibit001629:sonnet_0203,bibit:sonnet:bibit001631:sonnet_0165,same_role,0.925926,0.925926,100,false,bibit:sonnet:bibit001629:sonnet_0203,exclude_lower_priority:bibit:sonnet:bibit001631:sonnet_0165
bibit:sonnet:bibit001629:sonnet_0204,bibit:sonnet:bibit001631:sonnet_0169,same_role,1.000000,1.000000,101,true,bibit:sonnet:bibit001629:sonnet_0204,exclude_lower_priority:bibit:sonnet:bibit001631:sonnet_0169
bibit:sonnet:bibit001629:sonnet_0205,bibit:sonnet:bibit001631:sonnet_0170,same_role,0.904762,0.904762,95,false,bibit:sonnet:bibit001629:sonnet_0205,exclude_lower_priority:bibit:sonnet:bibit001631:sonnet_0170
bibit:sonnet:bibit001629:sonnet_0206,bibit:sonnet:bibit001631:sonnet_0171,same_role,0.922330,0.922330,95,false,bibit:sonnet:bibit001629:sonnet_0206,exclude_lower_priority:bibit:sonnet:bibit001631:sonnet_0171
bibit:sonnet:bibit001629:sonnet_0207,bibit:sonnet:bibit001631:sonnet_0172,same_role,0.847619,0.839623,89,false,bibit:sonnet:bibit001629:sonnet_0207,exclude_lower_priority:bibit:sonnet:bibit001631:sonnet_0172
bibit:sonnet:bibit001629:sonnet_0208,bibit:sonnet:bibit001631:sonnet_0166,same_role,0.851852,0.851852,92,false,bibit:sonnet:bibit001629:sonnet_0208,exclude_lower_priority:bibit:sonnet:bibit001631:sonnet_0166
bibit:sonnet:bibit001629:sonnet_0209,bibit:sonnet:bibit001631:sonnet_0167,same_role,1.000000,1.000000,102,true,bibit:sonnet:bibit001629:sonnet_0209,exclude_lower_priority:bibit:sonnet:bibit001631:sonnet_0167
bibit:sonnet:bibit001629:sonnet_0210,bibit:sonnet:bibit001631:sonnet_0168,same_role,0.841584,0.841584,85,false,bibit:sonnet:bibit001629:sonnet_0210,exclude_lower_priority:bibit:sonnet:bibit001631:sonnet_0168
bibit:sonnet:bibit001629:sonnet_0212,bibit:sonnet:bibit001631:sonnet_0153,same_role,0.847619,0.847619,89,false,bibit:sonnet:bibit001629:sonnet_0212,exclude_lower_priority:bibit:sonnet:bibit001631:sonnet_0153
bibit:sonnet:bibit001629:sonnet_0213,bibit:sonnet:bibit001631:sonnet_0155,same_role,1.000000,1.000000,106,true,bibit:sonnet:bibit001629:sonnet_0213,exclude_lower_priority:bibit:sonnet:bibit001631:sonnet_0155
bibit:sonnet:bibit001629:sonnet_0244,bibit:sonnet:bibit001631:sonnet_0008,same_role,0.919192,0.919192,91,false,bibit:sonnet:bibit001629:sonnet_0244,exclude_lower_priority:bibit:sonnet:bibit001631:sonnet_0008
bibit:sonnet:bibit001629:sonnet_0245,bibit:sonnet:bibit001631:sonnet_0009,same_role,0.841584,0.841584,85,false,bibit:sonnet:bibit001629:sonnet_0245,exclude_lower_priority:bibit:sonnet:bibit001631:sonnet_0009
bibit:sonnet:bibit001629:sonnet_0246,bibit:sonnet:bibit001631:sonnet_0010,same_role,0.841584,0.833333,85,false,bibit:sonnet:bibit001629:sonnet_0246,exclude_lower_priority:bibit:sonnet:bibit001631:sonnet_0010
bibit:sonnet:bibit001629:sonnet_0249,bibit:sonnet:bibit001631:sonnet_0060,same_role,1.000000,1.000000,93,true,bibit:sonnet:bibit001629:sonnet_0249,exclude_lower_priority:bibit:sonnet:bibit001631:sonnet_0060
bibit:sonnet:bibit001629:sonnet_0251,bibit:sonnet:bibit001631:sonnet_0045,same_role,1.000000,1.000000,97,true,bibit:sonnet:bibit001629:sonnet_0251,exclude_lower_priority:bibit:sonnet:bibit001631:sonnet_0045
bibit:sonnet:bibit001629:sonnet_0253,bibit:sonnet:bibit001631:sonnet_0061,same_role,0.877551,0.877551,86,false,bibit:sonnet:bibit001629:sonnet_0253,exclude_lower_priority:bibit:sonnet:bibit001631:sonnet_0061
bibit:sonnet:bibit001629:sonnet_0277,bibit:sonnet:bibit001631:sonnet_0140,same_role,0.810526,0.810526,77,false,bibit:sonnet:bibit001629:sonnet_0277,exclude_lower_priority:bibit:sonnet:bibit001631:sonnet_0140
bibit:sonnet:bibit001629:sonnet_0307,bibit:sonnet:bibit001631:sonnet_0015,same_role,0.898990,0.908163,89,false,bibit:sonnet:bibit001629:sonnet_0307,exclude_lower_priority:bibit:sonnet:bibit001631:sonnet_0015
bibit:sonnet:bibit001629:sonnet_0312,bibit:sonnet:bibit001631:sonnet_0055,same_role,0.829787,0.829787,78,false,bibit:sonnet:bibit001629:sonnet_0312,exclude_lower_priority:bibit:sonnet:bibit001631:sonnet_0055
bibit:sonnet:bibit001629:sonnet_0313,bibit:sonnet:bibit001631:sonnet_0064,same_role,0.914286,0.923077,96,false,bibit:sonnet:bibit001629:sonnet_0313,exclude_lower_priority:bibit:sonnet:bibit001631:sonnet_0064
bibit:sonnet:bibit001629:sonnet_0315,bibit:sonnet:bibit001631:sonnet_0041,same_role,0.871287,0.880000,88,false,bibit:sonnet:bibit001629:sonnet_0315,exclude_lower_priority:bibit:sonnet:bibit001631:sonnet_0041
bibit:sonnet:bibit001629:sonnet_0317,bibit:sonnet:bibit001631:sonnet_0058,same_role,0.844660,0.844660,87,false,bibit:sonnet:bibit001629:sonnet_0317,exclude_lower_priority:bibit:sonnet:bibit001631:sonnet_0058
bibit:sonnet:bibit001629:sonnet_0328,bibit:sonnet:bibit001631:sonnet_0138,same_role,0.891089,0.891089,90,false,bibit:sonnet:bibit001629:sonnet_0328,exclude_lower_priority:bibit:sonnet:bibit001631:sonnet_0138
bibit:sonnet:bibit001629:sonnet_0333,bibit:sonnet:bibit001631:sonnet_0050,same_role,0.977778,0.977778,88,false,bibit:sonnet:bibit001629:sonnet_0333,exclude_lower_priority:bibit:sonnet:bibit001631:sonnet_0050
bibit:sonnet:bibit001629:sonnet_0334,bibit:sonnet:bibit001631:sonnet_0072,same_role,1.000000,1.000000,97,true,bibit:sonnet:bibit001629:sonnet_0334,exclude_lower_priority:bibit:sonnet:bibit001631:sonnet_0072
bibit:sonnet:bibit001629:sonnet_0335,bibit:sonnet:bibit001631:sonnet_0073,same_role,0.920000,0.920000,92,false,bibit:sonnet:bibit001629:sonnet_0335,exclude_lower_priority:bibit:sonnet:bibit001631:sonnet_0073
bibit:sonnet:bibit001629:sonnet_0346,bibit:sonnet:bibit001631:sonnet_0071,same_role,0.920792,0.920792,93,false,bibit:sonnet:bibit001629:sonnet_0346,exclude_lower_priority:bibit:sonnet:bibit001631:sonnet_0071
v6:sonnet:folgore_019,v6:sonnet:folgore_038,same_role,0.794872,0.805195,62,false,v6:sonnet:folgore_019,exclude_right
bibit:record:bibit000118,bibit:sonnet:bibit001304:structural_0005,sonnet_cross_role,0.000920,0.923810,97,false,bibit:sonnet:bibit001304:structural_0005,segment_quarantine_7b
bibit:record:bibit000278,bibit:sonnet:bibit001629:structural_0011,sonnet_cross_role,0.011510,0.912088,83,false,bibit:sonnet:bibit001629:structural_0011,segment_quarantine_7b
bibit:record:bibit000682,bibit:sonnet:bibit000099:structural_0006,sonnet_cross_role,0.010947,0.833333,80,false,bibit:sonnet:bibit000099:structural_0006,segment_quarantine_7b
bibit:record:bibit000709,bibit:sonnet:bibit001585:structural_0002,sonnet_cross_role,0.000584,1.000000,88,false,bibit:sonnet:bibit001585:structural_0002,segment_quarantine_7b
bibit:record:bibit000709,bibit:sonnet:bibit001585:structural_0003,sonnet_cross_role,0.000577,1.000000,87,false,bibit:sonnet:bibit001585:structural_0003,segment_quarantine_7b
bibit:record:bibit000709,bibit:sonnet:bibit001585:structural_0004,sonnet_cross_role,0.000571,1.000000,86,false,bibit:sonnet:bibit001585:structural_0004,segment_quarantine_7b
bibit:record:bibit000709,bibit:sonnet:bibit001585:structural_0006,sonnet_cross_role,0.000584,0.967033,88,false,bibit:sonnet:bibit001585:structural_0006,segment_quarantine_7b
bibit:record:bibit000709,bibit:sonnet:bibit001585:structural_0007,sonnet_cross_role,0.000471,0.898734,71,false,bibit:sonnet:bibit001585:structural_0007,segment_quarantine_7b
bibit:record:bibit000709,bibit:sonnet:bibit001585:structural_0010,sonnet_cross_role,0.000577,1.000000,87,false,bibit:sonnet:bibit001585:structural_0010,segment_quarantine_7b
bibit:record:bibit000709,wikisource:sonnet:itws:260006:sonnet0001,sonnet_cross_role,0.000345,0.825397,52,false,wikisource:sonnet:itws:260006:sonnet0001,segment_quarantine_7b
bibit:record:bibit000935,bibit:sonnet:bibit000099:sonnet_0386,sonnet_cross_role,0.001280,0.809524,85,false,bibit:sonnet:bibit000099:sonnet_0386,segment_quarantine_7b
bibit:record:bibit000935,bibit:sonnet:bibit000099:sonnet_0483,sonnet_cross_role,0.001280,0.833333,85,false,bibit:sonnet:bibit000099:sonnet_0483,segment_quarantine_7b
bibit:record:bibit001063,wikisource:sonnet:itws:987480:sonnet0001,sonnet_cross_role,0.001878,0.925000,74,false,wikisource:sonnet:itws:987480:sonnet0001,segment_quarantine_7b
bibit:record:bibit001063,wikisource:sonnet:itws:988061:sonnet0001,sonnet_cross_role,0.001573,0.885714,62,false,wikisource:sonnet:itws:988061:sonnet0001,segment_quarantine_7b
bibit:record:bibit001217,bibit:sonnet:bibit000099:structural_0006,sonnet_cross_role,0.022105,1.000000,96,false,bibit:sonnet:bibit000099:structural_0006,segment_quarantine_7b
bibit:record:bibit001217,bibit:sonnet:bibit000099:structural_0007,sonnet_cross_role,0.022565,1.000000,98,false,bibit:sonnet:bibit000099:structural_0007,segment_quarantine_7b
bibit:record:bibit001217,bibit:sonnet:bibit000099:structural_0008,sonnet_cross_role,0.022565,1.000000,98,false,bibit:sonnet:bibit000099:structural_0008,segment_quarantine_7b
bibit:record:bibit001495,bibit:sonnet:bibit001495:sonnet_0001,sonnet_cross_role,0.002907,0.866667,91,false,bibit:sonnet:bibit001495:sonnet_0001,segment_quarantine_7b
bibit:record:bibit001585,wikisource:sonnet:itws:260006:sonnet0001,sonnet_cross_role,0.019954,0.825397,52,false,wikisource:sonnet:itws:260006:sonnet0001,segment_quarantine_7b
gutenberg:record:pg38698,bibit:sonnet:bibit001111:sonnet_0033,sonnet_cross_role,0.001455,0.843137,86,false,bibit:sonnet:bibit001111:sonnet_0033,segment_quarantine_7b
gutenberg:record:pg38698,gutenberg:sonnet:pg27825:char33248-33795,sonnet_cross_role,0.001252,0.850575,74,false,gutenberg:sonnet:pg27825:char33248-33795,segment_quarantine_7b
gutenberg:record:pg46717,bibit:sonnet:bibit001063:sonnet_0005,sonnet_cross_role,0.001065,0.836957,77,false,bibit:sonnet:bibit001063:sonnet_0005,segment_quarantine_7b
gutenberg:record:pg47276,v6:sonnet:colonna_sonetti_spirituali_sonetto_cxcvi,sonnet_cross_role,0.000467,0.920792,93,false,v6:sonnet:colonna_sonetti_spirituali_sonetto_cxcvi,segment_quarantine_7b
gutenberg:record:pg47276,v6:sonnet:colonna_sonetti_spirituali_sonetto_lxxvi,sonnet_cross_role,0.000436,0.887755,87,false,v6:sonnet:colonna_sonetti_spirituali_sonetto_lxxvi,segment_quarantine_7b
gutenberg:record:pg47276,wikisource:sonnet:itws:826865:sonnet0001,sonnet_cross_role,0.000492,1.000000,98,false,wikisource:sonnet:itws:826865:sonnet0001,segment_quarantine_7b
ilc_ota:record:ota_0304:rime-0304,bibit:sonnet:bibit000129:sonnet_0033,sonnet_cross_role,0.006380,1.000000,111,false,bibit:sonnet:bibit000129:sonnet_0033,segment_quarantine_7b
ilc_ota:record:ota_0304:rime-0304,bibit:sonnet:bibit000129:sonnet_0034,sonnet_cross_role,0.006150,1.000000,107,false,bibit:sonnet:bibit000129:sonnet_0034,segment_quarantine_7b
ilc_ota:record:ota_0304:rime-0304,bibit:sonnet:bibit000129:sonnet_0035,sonnet_cross_role,0.005977,1.000000,104,false,bibit:sonnet:bibit000129:sonnet_0035,segment_quarantine_7b
ilc_ota:record:ota_0304:rime-0304,bibit:sonnet:bibit000129:sonnet_0036,sonnet_cross_role,0.006207,0.990826,108,false,bibit:sonnet:bibit000129:sonnet_0036,segment_quarantine_7b
ilc_ota:record:ota_0304:rime-0304,bibit:sonnet:bibit000129:sonnet_0037,sonnet_cross_role,0.005633,0.924528,98,false,bibit:sonnet:bibit000129:sonnet_0037,segment_quarantine_7b
ilc_ota:record:ota_0304:rime-0304,bibit:sonnet:bibit000129:sonnet_0038,sonnet_cross_role,0.006092,1.000000,106,false,bibit:sonnet:bibit000129:sonnet_0038,segment_quarantine_7b
ilc_ota:record:ota_0304:rime-0304,bibit:sonnet:bibit000129:sonnet_0039,sonnet_cross_role,0.005575,0.923810,97,false,bibit:sonnet:bibit000129:sonnet_0039,segment_quarantine_7b
ilc_ota:record:ota_0304:rime-0304,bibit:sonnet:bibit000129:sonnet_0040,sonnet_cross_role,0.006322,1.000000,110,false,bibit:sonnet:bibit000129:sonnet_0040,segment_quarantine_7b
ilc_ota:record:ota_0304:rime-0304,bibit:sonnet:bibit000129:sonnet_0041,sonnet_cross_role,0.005575,0.923810,97,false,bibit:sonnet:bibit000129:sonnet_0041,segment_quarantine_7b
ilc_ota:record:ota_0304:rime-0304,bibit:sonnet:bibit000129:sonnet_0042,sonnet_cross_role,0.006092,1.000000,106,false,bibit:sonnet:bibit000129:sonnet_0042,segment_quarantine_7b
ilc_ota:record:ota_0304:rime-0304,bibit:sonnet:bibit000129:sonnet_0043,sonnet_cross_role,0.005173,0.918367,90,false,bibit:sonnet:bibit000129:sonnet_0043,segment_quarantine_7b
ilc_ota:record:ota_0304:rime-0304,bibit:sonnet:bibit000129:sonnet_0044,sonnet_cross_role,0.005288,0.920000,92,false,bibit:sonnet:bibit000129:sonnet_0044,segment_quarantine_7b
ilc_ota:record:ota_0304:rime-0304,bibit:sonnet:bibit000129:sonnet_0045,sonnet_cross_role,0.005230,0.850467,91,false,bibit:sonnet:bibit000129:sonnet_0045,segment_quarantine_7b
ilc_ota:record:ota_0304:rime-0304,bibit:sonnet:bibit000129:sonnet_0046,sonnet_cross_role,0.006035,1.000000,105,false,bibit:sonnet:bibit000129:sonnet_0046,segment_quarantine_7b
ilc_ota:record:ota_0304:rime-0304,bibit:sonnet:bibit000129:sonnet_0047,sonnet_cross_role,0.005920,1.000000,103,false,bibit:sonnet:bibit000129:sonnet_0047,segment_quarantine_7b
ilc_ota:record:ota_0304:rime-0304,bibit:sonnet:bibit000129:sonnet_0048,sonnet_cross_role,0.005747,1.000000,100,false,bibit:sonnet:bibit000129:sonnet_0048,segment_quarantine_7b
ilc_ota:record:ota_0304:rime-0304,bibit:sonnet:bibit000129:sonnet_0049,sonnet_cross_role,0.006035,1.000000,105,false,bibit:sonnet:bibit000129:sonnet_0049,segment_quarantine_7b
ilc_ota:record:ota_0304:rime-0304,bibit:sonnet:bibit000129:sonnet_0050,sonnet_cross_role,0.005058,0.916667,88,false,bibit:sonnet:bibit000129:sonnet_0050,segment_quarantine_7b
ilc_ota:record:ota_0304:rime-0304,bibit:sonnet:bibit000129:sonnet_0051,sonnet_cross_role,0.005115,0.967391,89,false,bibit:sonnet:bibit000129:sonnet_0051,segment_quarantine_7b
ilc_ota:record:ota_0304:rime-0304,bibit:sonnet:bibit000129:sonnet_0052,sonnet_cross_role,0.005920,0.927928,103,false,bibit:sonnet:bibit000129:sonnet_0052,segment_quarantine_7b
ilc_ota:record:ota_0304:rime-0304,bibit:sonnet:bibit000129:sonnet_0053,sonnet_cross_role,0.005690,1.000000,99,false,bibit:sonnet:bibit000129:sonnet_0053,segment_quarantine_7b
ilc_ota:record:ota_0304:rime-0304,bibit:sonnet:bibit000129:sonnet_0054,sonnet_cross_role,0.006035,1.000000,105,false,bibit:sonnet:bibit000129:sonnet_0054,segment_quarantine_7b
ilc_ota:record:ota_0304:rime-0304,bibit:sonnet:bibit000129:sonnet_0056,sonnet_cross_role,0.005575,0.923810,97,false,bibit:sonnet:bibit000129:sonnet_0056,segment_quarantine_7b
ilc_ota:record:ota_0304:rime-0304,bibit:sonnet:bibit000129:sonnet_0057,sonnet_cross_role,0.004828,0.840000,84,false,bibit:sonnet:bibit000129:sonnet_0057,segment_quarantine_7b
ilc_ota:record:ota_0304:rime-0304,bibit:sonnet:bibit000129:sonnet_0058,sonnet_cross_role,0.005805,0.926606,101,false,bibit:sonnet:bibit000129:sonnet_0058,segment_quarantine_7b
ilc_ota:record:ota_0304:rime-0304,bibit:sonnet:bibit000129:sonnet_0059,sonnet_cross_role,0.005805,0.943925,101,false,bibit:sonnet:bibit000129:sonnet_0059,segment_quarantine_7b
ilc_ota:record:ota_0304:rime-0304,bibit:sonnet:bibit000129:sonnet_0060,sonnet_cross_role,0.005288,0.920000,92,false,bibit:sonnet:bibit000129:sonnet_0060,segment_quarantine_7b
ilc_ota:record:ota_0304:rime-0304,bibit:sonnet:bibit000129:sonnet_0061,sonnet_cross_role,0.005920,1.000000,103,false,bibit:sonnet:bibit000129:sonnet_0061,segment_quarantine_7b
ilc_ota:record:ota_0304:rime-0304,bibit:sonnet:bibit000129:sonnet_0062,sonnet_cross_role,0.005345,1.000000,93,false,bibit:sonnet:bibit000129:sonnet_0062,segment_quarantine_7b
ilc_ota:record:ota_0304:rime-0304,bibit:sonnet:bibit000129:sonnet_0063,sonnet_cross_role,0.005690,0.961165,99,false,bibit:sonnet:bibit000129:sonnet_0063,segment_quarantine_7b
ilc_ota:record:ota_0304:rime-0304,bibit:sonnet:bibit000129:sonnet_0064,sonnet_cross_role,0.005805,0.926606,101,false,bibit:sonnet:bibit000129:sonnet_0064,segment_quarantine_7b
ilc_ota:record:ota_0304:rime-0304,bibit:sonnet:bibit000129:sonnet_0065,sonnet_cross_role,0.005403,0.854545,94,false,bibit:sonnet:bibit000129:sonnet_0065,segment_quarantine_7b
ilc_ota:record:ota_0304:rime-0304,bibit:sonnet:bibit000129:sonnet_0066,sonnet_cross_role,0.005805,1.000000,101,false,bibit:sonnet:bibit000129:sonnet_0066,segment_quarantine_7b
ilc_ota:record:ota_0304:rime-0304,bibit:sonnet:bibit000129:sonnet_0067,sonnet_cross_role,0.005805,0.926606,101,false,bibit:sonnet:bibit000129:sonnet_0067,segment_quarantine_7b
ilc_ota:record:ota_0304:rime-0304,bibit:sonnet:bibit000129:sonnet_0068,sonnet_cross_role,0.005403,1.000000,94,false,bibit:sonnet:bibit000129:sonnet_0068,segment_quarantine_7b
ilc_ota:record:ota_0304:rime-0304,bibit:sonnet:bibit000129:sonnet_0069,sonnet_cross_role,0.005288,0.920000,92,false,bibit:sonnet:bibit000129:sonnet_0069,segment_quarantine_7b
ilc_ota:record:ota_0304:rime-0304,bibit:sonnet:bibit000129:sonnet_0071,sonnet_cross_role,0.005977,1.000000,104,false,bibit:sonnet:bibit000129:sonnet_0071,segment_quarantine_7b
ilc_ota:record:ota_0304:rime-0304,bibit:sonnet:bibit000129:sonnet_0072,sonnet_cross_role,0.004885,0.867347,85,false,bibit:sonnet:bibit000129:sonnet_0072,segment_quarantine_7b
ilc_ota:record:ota_0304:rime-0304,bibit:sonnet:bibit000129:sonnet_0073,sonnet_cross_role,0.006092,1.000000,106,false,bibit:sonnet:bibit000129:sonnet_0073,segment_quarantine_7b
ilc_ota:record:ota_0304:rime-0304,bibit:sonnet:bibit000129:sonnet_0074,sonnet_cross_role,0.005575,1.000000,97,false,bibit:sonnet:bibit000129:sonnet_0074,segment_quarantine_7b
ilc_ota:record:ota_0304:rime-0304,bibit:sonnet:bibit000129:sonnet_0075,sonnet_cross_role,0.004828,0.840000,84,false,bibit:sonnet:bibit000129:sonnet_0075,segment_quarantine_7b
ilc_ota:record:ota_0304:rime-0304,bibit:sonnet:bibit000129:sonnet_0076,sonnet_cross_role,0.005690,1.000000,99,false,bibit:sonnet:bibit000129:sonnet_0076,segment_quarantine_7b
ilc_ota:record:ota_0304:rime-0304,bibit:sonnet:bibit000129:sonnet_0077,sonnet_cross_role,0.005690,0.925234,99,false,bibit:sonnet:bibit000129:sonnet_0077,segment_quarantine_7b
ilc_ota:record:ota_0304:rime-0304,bibit:sonnet:bibit000129:sonnet_0078,sonnet_cross_role,0.005115,0.917526,89,false,bibit:sonnet:bibit000129:sonnet_0078,segment_quarantine_7b
ilc_ota:record:ota_0304:rime-0304,bibit:sonnet:bibit000129:sonnet_0080,sonnet_cross_role,0.004770,0.838384,83,false,bibit:sonnet:bibit000129:sonnet_0080,segment_quarantine_7b
ilc_ota:record:ota_0304:rime-0304,bibit:sonnet:bibit000129:sonnet_0081,sonnet_cross_role,0.006092,1.000000,106,false,bibit:sonnet:bibit000129:sonnet_0081,segment_quarantine_7b
ilc_ota:record:ota_0304:rime-0304,bibit:sonnet:bibit000129:structural_0003,sonnet_cross_role,0.005518,1.000000,96,false,bibit:sonnet:bibit000129:structural_0003,segment_quarantine_7b
ilc_ota:record:ota_0304:rime-0304,bibit:sonnet:bibit000129:structural_0004,sonnet_cross_role,0.005115,1.000000,89,false,bibit:sonnet:bibit000129:structural_0004,segment_quarantine_7b
ilc_ota:record:ota_0304:rime-0304,bibit:sonnet:bibit000129:structural_0006,sonnet_cross_role,0.003851,0.893333,67,false,bibit:sonnet:bibit000129:structural_0006,segment_quarantine_7b
ilc_ota:record:ota_0304:rime-0304,bibit:sonnet:bibit000129:structural_0007,sonnet_cross_role,0.005460,1.000000,95,false,bibit:sonnet:bibit000129:structural_0007,segment_quarantine_7b
ilc_ota:record:ota_0304:rime-0304,bibit:sonnet:bibit000129:structural_0010,sonnet_cross_role,0.004885,1.000000,85,false,bibit:sonnet:bibit000129:structural_0010,segment_quarantine_7b
ilc_ota:record:ota_0304:rime-0304,bibit:sonnet:bibit000129:structural_0011,sonnet_cross_role,0.005288,0.876190,92,false,bibit:sonnet:bibit000129:structural_0011,segment_quarantine_7b
ilc_ota:record:ota_1062:amori-1062,bibit:sonnet:bibit000887:structural_0004,sonnet_cross_role,0.001511,0.875000,70,false,bibit:sonnet:bibit000887:structural_0004,segment_quarantine_7b
ilc_ota:record:ota_1062:amori-1062,bibit:sonnet:bibit000887:structural_0005,sonnet_cross_role,0.001878,0.915789,87,false,bibit:sonnet:bibit000887:structural_0005,segment_quarantine_7b
ilc_ota:record:ota_1062:amori-1062,bibit:sonnet:bibit000887:structural_0006,sonnet_cross_role,0.002008,0.869159,93,false,bibit:sonnet:bibit000887:structural_0006,segment_quarantine_7b
ilc_ota:record:ota_1062:amori-1062,bibit:sonnet:bibit000887:structural_0007,sonnet_cross_role,0.001792,0.830000,83,false,bibit:sonnet:bibit000887:structural_0007,segment_quarantine_7b
ilc_ota:record:ota_1062:amori-1062,bibit:sonnet:bibit000887:structural_0015,sonnet_cross_role,0.001900,0.846154,88,false,bibit:sonnet:bibit000887:structural_0015,segment_quarantine_7b
ilc_ota:record:ota_1062:amori-1062,bibit:sonnet:bibit000887:structural_0021,sonnet_cross_role,0.001813,0.831683,84,false,bibit:sonnet:bibit000887:structural_0021,segment_quarantine_7b
ilc_ota:record:ota_1062:amori-1062,bibit:sonnet:bibit000887:structural_0031,sonnet_cross_role,0.001684,0.906977,78,false,bibit:sonnet:bibit000887:structural_0031,segment_quarantine_7b
ilc_ota:record:ota_1062:amori-1062,bibit:sonnet:bibit000887:structural_0042,sonnet_cross_role,0.001986,0.920000,92,false,bibit:sonnet:bibit000887:structural_0042,segment_quarantine_7b
ilc_ota:record:ota_1062:amori-1062,bibit:sonnet:bibit000887:structural_0043,sonnet_cross_role,0.001641,0.826087,76,false,bibit:sonnet:bibit000887:structural_0043,segment_quarantine_7b
ilc_ota:record:ota_1062:amori-1062,bibit:sonnet:bibit000887:structural_0047,sonnet_cross_role,0.002094,0.923810,97,false,bibit:sonnet:bibit000887:structural_0047,segment_quarantine_7b
ilc_ota:record:ota_1062:amori-1062,bibit:sonnet:bibit000887:structural_0048,sonnet_cross_role,0.001576,0.811111,73,false,bibit:sonnet:bibit000887:structural_0048,segment_quarantine_7b
ilc_ota:record:ota_1062:amori-1062,bibit:sonnet:bibit000887:structural_0049,sonnet_cross_role,0.001878,0.844660,87,false,bibit:sonnet:bibit000887:structural_0049,segment_quarantine_7b
ilc_ota:record:ota_1062:amori-1062,bibit:sonnet:bibit000887:structural_0050,sonnet_cross_role,0.001986,0.920000,92,false,bibit:sonnet:bibit000887:structural_0050,segment_quarantine_7b
ilc_ota:record:ota_1062:amori-1062,bibit:sonnet:bibit000887:structural_0051,sonnet_cross_role,0.001900,0.814815,88,false,bibit:sonnet:bibit000887:structural_0051,segment_quarantine_7b
ilc_ota:record:ota_1062:amori-1062,bibit:sonnet:bibit000887:structural_0056,sonnet_cross_role,0.001921,0.917526,89,false,bibit:sonnet:bibit000887:structural_0056,segment_quarantine_7b
ilc_ota:record:ota_1062:amori-1062,bibit:sonnet:bibit000887:structural_0058,sonnet_cross_role,0.001792,0.855670,83,false,bibit:sonnet:bibit000887:structural_0058,segment_quarantine_7b
ilc_ota:record:ota_1062:amori-1062,bibit:sonnet:bibit000887:structural_0065,sonnet_cross_role,0.001857,0.811321,86,false,bibit:sonnet:bibit000887:structural_0065,segment_quarantine_7b
liber_liber:record:ll:2344155,bibit:sonnet:bibit000002:sonnet_0004,sonnet_cross_role,0.009455,0.835294,71,false,bibit:sonnet:bibit000002:sonnet_0004,segment_quarantine_7b
liber_liber:record:ll:2344155,bibit:sonnet:bibit000002:sonnet_0007,sonnet_cross_role,0.010521,0.831579,79,false,bibit:sonnet:bibit000002:sonnet_0007,segment_quarantine_7b
wikisource:record:itws:121070,wikisource:sonnet:itws:879961:sonnet0003,sonnet_cross_role,0.047799,0.904762,76,false,wikisource:sonnet:itws:879961:sonnet0003,segment_quarantine_7b
wikisource:record:itws:121070,wikisource:sonnet:itws:879961:sonnet0004,sonnet_cross_role,0.049057,0.876404,78,false,wikisource:sonnet:itws:879961:sonnet0004,segment_quarantine_7b
wikisource:record:itws:285691,bibit:sonnet:bibit000266:sonnet_0001,sonnet_cross_role,1.000000,1.000000,104,true,bibit:sonnet:bibit000266:sonnet_0001,exclude_role_mismatch
wikisource:record:itws:3107,bibit:sonnet:bibit000266:sonnet_0005,sonnet_cross_role,0.907407,0.915888,98,false,bibit:sonnet:bibit000266:sonnet_0005,exclude_role_mismatch
wikisource:record:itws:364875,bibit:sonnet:bibit000242:sonnet_0135,sonnet_cross_role,0.797872,0.815217,75,false,bibit:sonnet:bibit000242:sonnet_0135,segment_quarantine_7b
wikisource:record:itws:394391,bibit:sonnet:bibit001555:sonnet_0007,sonnet_cross_role,0.936170,1.000000,88,false,bibit:sonnet:bibit001555:sonnet_0007,exclude_role_mismatch
wikisource:record:itws:394394,bibit:sonnet:bibit001555:sonnet_0028,sonnet_cross_role,0.796296,0.843137,86,false,bibit:sonnet:bibit001555:sonnet_0028,segment_quarantine_7b
wikisource:record:itws:394398,bibit:sonnet:bibit001555:sonnet_0011,sonnet_cross_role,0.851852,0.893204,92,false,bibit:sonnet:bibit001555:sonnet_0011,exclude_role_mismatch
wikisource:record:itws:394399,bibit:sonnet:bibit001555:sonnet_0013,sonnet_cross_role,0.968085,1.000000,91,false,bibit:sonnet:bibit001555:sonnet_0013,exclude_role_mismatch
wikisource:record:itws:394401,bibit:sonnet:bibit001555:sonnet_0023,sonnet_cross_role,0.871287,0.916667,88,false,bibit:sonnet:bibit001555:sonnet_0023,exclude_role_mismatch
wikisource:record:itws:394403,bibit:sonnet:bibit001555:sonnet_0075,sonnet_cross_role,0.776699,0.824742,80,false,bibit:sonnet:bibit001555:sonnet_0075,segment_quarantine_7b
wikisource:record:itws:394405,bibit:sonnet:bibit000396:sonnet_0021,sonnet_cross_role,0.786408,0.835052,81,false,bibit:sonnet:bibit000396:sonnet_0021,segment_quarantine_7b
wikisource:record:itws:394406,bibit:sonnet:bibit000396:sonnet_0025,sonnet_cross_role,0.824742,0.851064,80,false,bibit:sonnet:bibit000396:sonnet_0025,exclude_role_mismatch
wikisource:record:itws:394407,bibit:sonnet:bibit000396:sonnet_0026,sonnet_cross_role,0.869565,0.898876,80,false,bibit:sonnet:bibit000396:sonnet_0026,exclude_role_mismatch
wikisource:record:itws:394412,bibit:sonnet:bibit001555:sonnet_0016,sonnet_cross_role,0.774194,0.800000,72,false,bibit:sonnet:bibit001555:sonnet_0016,segment_quarantine_7b
wikisource:record:itws:394413,bibit:sonnet:bibit001555:sonnet_0017,sonnet_cross_role,0.830189,0.916667,88,false,bibit:sonnet:bibit001555:sonnet_0017,exclude_role_mismatch
wikisource:record:itws:394414,bibit:sonnet:bibit001555:sonnet_0074,sonnet_cross_role,0.784483,0.850467,91,false,bibit:sonnet:bibit001555:sonnet_0074,segment_quarantine_7b
wikisource:record:itws:394419,bibit:sonnet:bibit001555:sonnet_0051,sonnet_cross_role,0.807018,0.920000,92,false,bibit:sonnet:bibit001555:sonnet_0051,exclude_role_mismatch
wikisource:record:itws:394420,bibit:sonnet:bibit000396:sonnet_0037,sonnet_cross_role,0.805556,0.836538,87,false,bibit:sonnet:bibit000396:sonnet_0037,exclude_role_mismatch
wikisource:record:itws:394422,bibit:sonnet:bibit000396:sonnet_0039,sonnet_cross_role,0.834783,0.857143,96,false,bibit:sonnet:bibit000396:sonnet_0039,exclude_role_mismatch
wikisource:record:itws:394428,bibit:sonnet:bibit000396:sonnet_0001,sonnet_cross_role,0.842593,0.892157,91,false,bibit:sonnet:bibit000396:sonnet_0001,exclude_role_mismatch
wikisource:record:itws:394431,bibit:sonnet:bibit001632:sonnet_0003,sonnet_cross_role,0.867347,0.913978,85,false,bibit:sonnet:bibit001632:sonnet_0003,exclude_role_mismatch
wikisource:record:itws:394434,bibit:sonnet:bibit001632:sonnet_0030,sonnet_cross_role,0.811321,0.843137,86,false,bibit:sonnet:bibit001632:sonnet_0030,exclude_role_mismatch
wikisource:record:itws:394438,bibit:sonnet:bibit001632:sonnet_0037,sonnet_cross_role,0.793814,0.819149,77,false,bibit:sonnet:bibit001632:sonnet_0037,segment_quarantine_7b
wikisource:record:itws:394439,bibit:sonnet:bibit001632:sonnet_0009,sonnet_cross_role,0.805310,0.827273,91,false,bibit:sonnet:bibit001632:sonnet_0009,exclude_role_mismatch
wikisource:record:itws:394440,bibit:sonnet:bibit001632:sonnet_0019,sonnet_cross_role,0.787234,0.813187,74,false,bibit:sonnet:bibit001632:sonnet_0019,segment_quarantine_7b
wikisource:record:itws:394441,bibit:sonnet:bibit001632:sonnet_0018,sonnet_cross_role,0.772727,0.841584,85,false,bibit:sonnet:bibit001632:sonnet_0018,segment_quarantine_7b
wikisource:record:itws:394443,bibit:sonnet:bibit001632:sonnet_0025,sonnet_cross_role,0.877193,0.892857,100,false,bibit:sonnet:bibit001632:sonnet_0025,exclude_role_mismatch
wikisource:record:itws:394444,bibit:sonnet:bibit001632:sonnet_0043,sonnet_cross_role,0.970874,1.000000,100,false,bibit:sonnet:bibit001632:sonnet_0043,exclude_role_mismatch
wikisource:record:itws:394445,bibit:sonnet:bibit000396:sonnet_0010,sonnet_cross_role,0.822430,0.907216,88,false,bibit:sonnet:bibit000396:sonnet_0010,exclude_role_mismatch
wikisource:record:itws:394446,bibit:sonnet:bibit000396:sonnet_0003,sonnet_cross_role,0.787234,0.822222,74,false,bibit:sonnet:bibit000396:sonnet_0003,segment_quarantine_7b
wikisource:record:itws:394448,bibit:sonnet:bibit000396:sonnet_0009,sonnet_cross_role,0.808081,0.833333,80,false,bibit:sonnet:bibit000396:sonnet_0009,exclude_role_mismatch
wikisource:record:itws:394481,bibit:sonnet:bibit001555:sonnet_0057,sonnet_cross_role,0.960784,1.000000,98,false,bibit:sonnet:bibit001555:sonnet_0057,exclude_role_mismatch
wikisource:record:itws:394482,bibit:sonnet:bibit001555:sonnet_0059,sonnet_cross_role,0.876289,0.913978,85,false,bibit:sonnet:bibit001555:sonnet_0059,exclude_role_mismatch
wikisource:record:itws:394485,bibit:sonnet:bibit001555:sonnet_0060,sonnet_cross_role,0.432558,0.920792,93,false,bibit:sonnet:bibit001555:sonnet_0060,segment_quarantine_7b
wikisource:record:itws:394486,bibit:sonnet:bibit001555:sonnet_0005,sonnet_cross_role,0.790000,0.831579,79,false,bibit:sonnet:bibit001555:sonnet_0005,segment_quarantine_7b
wikisource:record:itws:394489,bibit:sonnet:bibit001555:sonnet_0079,sonnet_cross_role,0.980392,1.000000,100,false,bibit:sonnet:bibit001555:sonnet_0079,exclude_role_mismatch
wikisource:record:itws:394491,bibit:sonnet:bibit000776:sonnet_0007,sonnet_cross_role,0.846154,0.905882,77,false,bibit:sonnet:bibit000776:sonnet_0007,exclude_role_mismatch
wikisource:record:itws:394600,bibit:sonnet:bibit000396:sonnet_0065,sonnet_cross_role,0.035102,0.907216,88,false,bibit:sonnet:bibit000396:sonnet_0065,segment_quarantine_7b
wikisource:record:itws:394600,bibit:sonnet:bibit000396:sonnet_0066,sonnet_cross_role,0.029517,0.822222,74,false,bibit:sonnet:bibit000396:sonnet_0066,segment_quarantine_7b
wikisource:record:itws:394600,bibit:sonnet:bibit000396:sonnet_0067,sonnet_cross_role,0.031512,0.806122,79,false,bibit:sonnet:bibit000396:sonnet_0067,segment_quarantine_7b
wikisource:record:itws:394600,bibit:sonnet:bibit000396:sonnet_0069,sonnet_cross_role,0.041085,0.971698,103,false,bibit:sonnet:bibit000396:sonnet_0069,segment_quarantine_7b
wikisource:record:itws:394600,bibit:sonnet:bibit000396:sonnet_0070,sonnet_cross_role,0.038692,1.000000,97,false,bibit:sonnet:bibit000396:sonnet_0070,segment_quarantine_7b
wikisource:record:itws:394600,bibit:sonnet:bibit000396:sonnet_0071,sonnet_cross_role,0.034703,0.805556,87,false,bibit:sonnet:bibit000396:sonnet_0071,segment_quarantine_7b
wikisource:record:itws:394600,bibit:sonnet:bibit000396:sonnet_0072,sonnet_cross_role,0.037096,0.920792,93,false,bibit:sonnet:bibit000396:sonnet_0072,segment_quarantine_7b
wikisource:record:itws:394600,bibit:sonnet:bibit000396:sonnet_0073,sonnet_cross_role,0.040287,1.000000,101,false,bibit:sonnet:bibit000396:sonnet_0073,segment_quarantine_7b
wikisource:record:itws:394600,bibit:sonnet:bibit000396:sonnet_0074,sonnet_cross_role,0.040686,0.927273,102,false,bibit:sonnet:bibit000396:sonnet_0074,segment_quarantine_7b
wikisource:record:itws:394600,bibit:sonnet:bibit000396:sonnet_0075,sonnet_cross_role,0.030714,0.905882,77,false,bibit:sonnet:bibit000396:sonnet_0075,segment_quarantine_7b
wikisource:record:itws:394600,bibit:sonnet:bibit000396:sonnet_0077,sonnet_cross_role,0.034304,0.843137,86,false,bibit:sonnet:bibit000396:sonnet_0077,segment_quarantine_7b
wikisource:record:itws:394600,bibit:sonnet:bibit000396:sonnet_0079,sonnet_cross_role,0.034304,0.905263,86,false,bibit:sonnet:bibit000396:sonnet_0079,segment_quarantine_7b
wikisource:record:itws:394600,bibit:sonnet:bibit000396:sonnet_0085,sonnet_cross_role,0.035899,0.909091,90,false,bibit:sonnet:bibit000396:sonnet_0085,segment_quarantine_7b
wikisource:record:itws:394600,bibit:sonnet:bibit000396:sonnet_0086,sonnet_cross_role,0.029916,0.824176,75,false,bibit:sonnet:bibit000396:sonnet_0086,segment_quarantine_7b
wikisource:record:itws:394600,bibit:sonnet:bibit000396:sonnet_0087,sonnet_cross_role,0.030714,0.827957,77,false,bibit:sonnet:bibit000396:sonnet_0087,segment_quarantine_7b
wikisource:record:itws:394600,bibit:sonnet:bibit000396:sonnet_0088,sonnet_cross_role,0.035102,0.926316,88,false,bibit:sonnet:bibit000396:sonnet_0088,segment_quarantine_7b
wikisource:record:itws:394601,bibit:sonnet:bibit000396:sonnet_0032,sonnet_cross_role,0.867347,0.913978,85,false,bibit:sonnet:bibit000396:sonnet_0032,exclude_role_mismatch
wikisource:record:itws:394821,bibit:sonnet:bibit000657:sonnet_0001,sonnet_cross_role,0.814159,0.851852,92,false,bibit:sonnet:bibit000657:sonnet_0001,exclude_role_mismatch
wikisource:record:itws:394823,bibit:sonnet:bibit000657:sonnet_0003,sonnet_cross_role,0.742268,0.818182,72,false,bibit:sonnet:bibit000657:sonnet_0003,segment_quarantine_7b
wikisource:record:itws:394825,bibit:sonnet:bibit000657:sonnet_0006,sonnet_cross_role,0.855769,0.908163,89,false,bibit:sonnet:bibit000657:sonnet_0006,exclude_role_mismatch
wikisource:record:itws:394827,bibit:sonnet:bibit000657:sonnet_0008,sonnet_cross_role,0.804124,0.838710,78,false,bibit:sonnet:bibit000657:sonnet_0008,exclude_role_mismatch
wikisource:record:itws:394828,bibit:sonnet:bibit000657:sonnet_0016,sonnet_cross_role,0.740000,0.804348,74,false,bibit:sonnet:bibit000657:sonnet_0016,segment_quarantine_7b
wikisource:record:itws:394831,bibit:sonnet:bibit000657:sonnet_0020,sonnet_cross_role,0.866667,0.919192,91,false,bibit:sonnet:bibit000657:sonnet_0020,exclude_role_mismatch
wikisource:record:itws:394834,bibit:sonnet:bibit000657:sonnet_0017,sonnet_cross_role,0.873950,0.928571,104,false,bibit:sonnet:bibit000657:sonnet_0017,exclude_role_mismatch
wikisource:record:itws:394861,bibit:sonnet:bibit000657:sonnet_0036,sonnet_cross_role,0.851064,0.909091,80,false,bibit:sonnet:bibit000657:sonnet_0036,exclude_role_mismatch
wikisource:record:itws:394870,bibit:sonnet:bibit000657:sonnet_0087,sonnet_cross_role,0.844037,0.920000,92,false,bibit:sonnet:bibit000657:sonnet_0087,exclude_role_mismatch
wikisource:record:itws:394881,bibit:sonnet:bibit000657:sonnet_0120,sonnet_cross_role,0.735294,0.833333,75,false,bibit:sonnet:bibit000657:sonnet_0120,segment_quarantine_7b
wikisource:record:itws:394883,bibit:sonnet:bibit000657:sonnet_0127,sonnet_cross_role,0.913462,0.989583,95,false,bibit:sonnet:bibit000657:sonnet_0127,exclude_role_mismatch
wikisource:record:itws:394897,bibit:sonnet:bibit000776:sonnet_0025,sonnet_cross_role,0.786408,0.852632,81,false,bibit:sonnet:bibit000776:sonnet_0025,segment_quarantine_7b
wikisource:record:itws:394898,bibit:sonnet:bibit000776:sonnet_0024,sonnet_cross_role,0.864078,0.917526,89,false,bibit:sonnet:bibit000776:sonnet_0024,exclude_role_mismatch
wikisource:record:itws:394901,bibit:sonnet:bibit001632:sonnet_0045,sonnet_cross_role,0.809091,0.890000,89,false,bibit:sonnet:bibit001632:sonnet_0045,exclude_role_mismatch
wikisource:record:itws:394906,bibit:sonnet:bibit001555:sonnet_0019,sonnet_cross_role,0.786408,0.852632,81,false,bibit:sonnet:bibit001555:sonnet_0019,segment_quarantine_7b
wikisource:record:itws:394908,bibit:sonnet:bibit001555:sonnet_0040,sonnet_cross_role,0.752212,0.867347,85,false,bibit:sonnet:bibit001555:sonnet_0040,segment_quarantine_7b
wikisource:record:itws:394909,bibit:sonnet:bibit001555:sonnet_0048,sonnet_cross_role,0.901786,1.000000,101,false,bibit:sonnet:bibit001555:sonnet_0048,exclude_role_mismatch
wikisource:record:itws:394913,bibit:sonnet:bibit001632:sonnet_0004,sonnet_cross_role,0.723810,0.826087,76,false,bibit:sonnet:bibit001632:sonnet_0004,segment_quarantine_7b
wikisource:record:itws:394915,bibit:sonnet:bibit001632:sonnet_0008,sonnet_cross_role,0.814433,0.831579,79,false,bibit:sonnet:bibit001632:sonnet_0008,exclude_role_mismatch
wikisource:record:itws:394916,bibit:sonnet:bibit001632:sonnet_0049,sonnet_cross_role,0.859813,0.920000,92,false,bibit:sonnet:bibit001632:sonnet_0049,exclude_role_mismatch
wikisource:record:itws:394941,bibit:sonnet:bibit000776:sonnet_0043,sonnet_cross_role,0.734513,0.805825,83,false,bibit:sonnet:bibit000776:sonnet_0043,segment_quarantine_7b
wikisource:record:itws:394943,bibit:sonnet:bibit000776:sonnet_0039,sonnet_cross_role,0.855856,1.000000,95,false,bibit:sonnet:bibit000776:sonnet_0039,exclude_role_mismatch
wikisource:record:itws:43762,bibit:sonnet:bibit001063:sonnet_0036,sonnet_cross_role,0.901099,0.911111,82,false,bibit:sonnet:bibit001063:sonnet_0036,exclude_role_mismatch
wikisource:record:itws:43926,bibit:sonnet:bibit001063:sonnet_0048,sonnet_cross_role,0.861702,0.870968,81,false,bibit:sonnet:bibit001063:sonnet_0048,exclude_role_mismatch
wikisource:record:itws:473919,wikisource:sonnet:itws:474572:sonnet0001,sonnet_cross_role,0.022124,1.000000,90,false,wikisource:sonnet:itws:474572:sonnet0001,segment_quarantine_7b
wikisource:record:itws:473919,wikisource:sonnet:itws:480660:sonnet0001,sonnet_cross_role,0.024582,1.000000,100,false,wikisource:sonnet:itws:480660:sonnet0001,segment_quarantine_7b
wikisource:record:itws:473919,wikisource:sonnet:itws:480680:sonnet0001,sonnet_cross_role,0.022370,1.000000,91,false,wikisource:sonnet:itws:480680:sonnet0001,segment_quarantine_7b
wikisource:record:itws:473919,wikisource:sonnet:itws:481037:sonnet0001,sonnet_cross_role,0.022370,1.000000,91,false,wikisource:sonnet:itws:481037:sonnet0001,segment_quarantine_7b
wikisource:record:itws:483524,bibit:sonnet:bibit001036:sonnet_0001,sonnet_cross_role,0.769231,0.824742,80,false,bibit:sonnet:bibit001036:sonnet_0001,segment_quarantine_7b
wikisource:record:itws:483532,bibit:sonnet:bibit001036:sonnet_0005,sonnet_cross_role,0.843137,0.945055,86,false,bibit:sonnet:bibit001036:sonnet_0005,exclude_role_mismatch
wikisource:record:itws:483547,bibit:sonnet:bibit001036:sonnet_0009,sonnet_cross_role,0.861702,0.931034,81,false,bibit:sonnet:bibit001036:sonnet_0009,exclude_role_mismatch
wikisource:record:itws:483548,bibit:sonnet:bibit001036:sonnet_0010,sonnet_cross_role,0.765306,0.824176,75,false,bibit:sonnet:bibit001036:sonnet_0010,segment_quarantine_7b
wikisource:record:itws:483549,bibit:sonnet:bibit001036:sonnet_0011,sonnet_cross_role,0.685714,0.818182,72,false,bibit:sonnet:bibit001036:sonnet_0011,segment_quarantine_7b
wikisource:record:itws:483550,bibit:sonnet:bibit001036:sonnet_0012,sonnet_cross_role,0.848485,0.913043,84,false,bibit:sonnet:bibit001036:sonnet_0012,exclude_role_mismatch
wikisource:record:itws:483551,bibit:sonnet:bibit001036:sonnet_0013,sonnet_cross_role,0.754717,0.816327,80,false,bibit:sonnet:bibit001036:sonnet_0013,segment_quarantine_7b
wikisource:record:itws:483553,bibit:sonnet:bibit001036:sonnet_0016,sonnet_cross_role,0.785714,0.846154,88,false,bibit:sonnet:bibit001036:sonnet_0016,segment_quarantine_7b
wikisource:record:itws:483577,bibit:sonnet:bibit001036:sonnet_0019,sonnet_cross_role,0.781818,0.895833,86,false,bibit:sonnet:bibit001036:sonnet_0019,segment_quarantine_7b
wikisource:record:itws:483579,bibit:sonnet:bibit001036:sonnet_0021,sonnet_cross_role,0.795082,0.923810,97,false,bibit:sonnet:bibit001036:sonnet_0021,segment_quarantine_7b
wikisource:record:itws:483580,bibit:sonnet:bibit001036:sonnet_0022,sonnet_cross_role,0.798246,0.919192,91,false,bibit:sonnet:bibit001036:sonnet_0022,segment_quarantine_7b
wikisource:record:itws:483583,bibit:sonnet:bibit001036:sonnet_0025,sonnet_cross_role,0.696429,0.829787,78,false,bibit:sonnet:bibit001036:sonnet_0025,segment_quarantine_7b
wikisource:record:itws:483586,bibit:sonnet:bibit001036:sonnet_0028,sonnet_cross_role,0.855856,0.922330,95,false,bibit:sonnet:bibit001036:sonnet_0028,exclude_role_mismatch
wikisource:record:itws:483588,bibit:sonnet:bibit001036:sonnet_0033,sonnet_cross_role,0.811321,0.886598,86,false,bibit:sonnet:bibit001036:sonnet_0033,exclude_role_mismatch
wikisource:record:itws:483590,bibit:sonnet:bibit001036:sonnet_0034,sonnet_cross_role,0.775701,0.902174,83,false,bibit:sonnet:bibit001036:sonnet_0034,segment_quarantine_7b
wikisource:record:itws:483593,bibit:sonnet:bibit001036:sonnet_0038,sonnet_cross_role,0.766355,0.811881,82,false,bibit:sonnet:bibit001036:sonnet_0038,segment_quarantine_7b
wikisource:record:itws:483594,bibit:sonnet:bibit001036:sonnet_0039,sonnet_cross_role,0.871795,1.000000,102,false,bibit:sonnet:bibit001036:sonnet_0039,exclude_role_mismatch
wikisource:record:itws:483632,bibit:sonnet:bibit001036:sonnet_0043,sonnet_cross_role,0.780000,0.829787,78,false,bibit:sonnet:bibit001036:sonnet_0043,segment_quarantine_7b
wikisource:record:itws:483635,bibit:sonnet:bibit001036:sonnet_0046,sonnet_cross_role,0.737374,0.820225,73,false,bibit:sonnet:bibit001036:sonnet_0046,segment_quarantine_7b
wikisource:record:itws:483636,bibit:sonnet:bibit001036:sonnet_0048,sonnet_cross_role,0.794643,0.839623,89,false,bibit:sonnet:bibit001036:sonnet_0048,segment_quarantine_7b
wikisource:record:itws:483641,bibit:sonnet:bibit001036:sonnet_0051,sonnet_cross_role,0.765306,0.842697,75,false,bibit:sonnet:bibit001036:sonnet_0051,segment_quarantine_7b
wikisource:record:itws:483643,bibit:sonnet:bibit001036:sonnet_0053,sonnet_cross_role,0.819048,0.886598,86,false,bibit:sonnet:bibit001036:sonnet_0053,exclude_role_mismatch
wikisource:record:itws:483645,bibit:sonnet:bibit001036:sonnet_0055,sonnet_cross_role,0.870690,1.000000,101,false,bibit:sonnet:bibit001036:sonnet_0055,exclude_role_mismatch
wikisource:record:itws:483647,bibit:sonnet:bibit001036:sonnet_0056,sonnet_cross_role,0.867925,1.000000,92,false,bibit:sonnet:bibit001036:sonnet_0056,exclude_role_mismatch
wikisource:record:itws:483652,bibit:sonnet:bibit001036:sonnet_0061,sonnet_cross_role,0.887755,0.915789,87,false,bibit:sonnet:bibit001036:sonnet_0061,exclude_role_mismatch
wikisource:record:itws:483661,bibit:sonnet:bibit000807:sonnet_0192,sonnet_cross_role,0.834951,0.843137,86,false,bibit:sonnet:bibit000807:sonnet_0192,exclude_role_mismatch
wikisource:record:itws:483663,bibit:sonnet:bibit000807:sonnet_0206,sonnet_cross_role,0.812500,0.821053,78,false,bibit:sonnet:bibit000807:sonnet_0206,exclude_role_mismatch
wikisource:record:itws:483678,bibit:sonnet:bibit000807:sonnet_0202,sonnet_cross_role,0.917431,0.925926,100,false,bibit:sonnet:bibit000807:sonnet_0202,exclude_role_mismatch
wikisource:record:itws:483715,bibit:sonnet:bibit001036:sonnet_0062,sonnet_cross_role,0.754386,0.819048,86,false,bibit:sonnet:bibit001036:sonnet_0062,segment_quarantine_7b
wikisource:record:itws:483716,bibit:sonnet:bibit001036:sonnet_0063,sonnet_cross_role,0.917526,1.000000,89,false,bibit:sonnet:bibit001036:sonnet_0063,exclude_role_mismatch
wikisource:record:itws:483719,bibit:sonnet:bibit001036:sonnet_0068,sonnet_cross_role,0.917526,1.000000,89,false,bibit:sonnet:bibit001036:sonnet_0068,exclude_role_mismatch
wikisource:record:itws:483724,bibit:sonnet:bibit001036:sonnet_0081,sonnet_cross_role,0.816327,0.898876,80,false,bibit:sonnet:bibit001036:sonnet_0081,exclude_role_mismatch
wikisource:record:itws:483727,bibit:sonnet:bibit001036:sonnet_0107,sonnet_cross_role,0.872549,0.917526,89,false,bibit:sonnet:bibit001036:sonnet_0107,exclude_role_mismatch
wikisource:record:itws:483733,bibit:sonnet:bibit001036:sonnet_0122,sonnet_cross_role,0.785714,0.827957,77,false,bibit:sonnet:bibit001036:sonnet_0122,segment_quarantine_7b
wikisource:record:itws:483734,bibit:sonnet:bibit001036:sonnet_0123,sonnet_cross_role,0.810000,0.843750,81,false,bibit:sonnet:bibit001036:sonnet_0123,exclude_role_mismatch
wikisource:record:itws:483735,bibit:sonnet:bibit001036:sonnet_0124,sonnet_cross_role,0.858696,0.908046,79,false,bibit:sonnet:bibit001036:sonnet_0124,exclude_role_mismatch
wikisource:record:itws:483736,bibit:sonnet:bibit001036:sonnet_0125,sonnet_cross_role,0.898876,0.952381,80,false,bibit:sonnet:bibit001036:sonnet_0125,exclude_role_mismatch
wikisource:record:itws:483745,bibit:sonnet:bibit001036:sonnet_0135,sonnet_cross_role,0.872549,0.917526,89,false,bibit:sonnet:bibit001036:sonnet_0135,exclude_role_mismatch
wikisource:record:itws:483797,bibit:sonnet:bibit001036:sonnet_0143,sonnet_cross_role,0.919192,1.000000,91,false,bibit:sonnet:bibit001036:sonnet_0143,exclude_role_mismatch
wikisource:record:itws:483798,bibit:sonnet:bibit001036:sonnet_0144,sonnet_cross_role,0.930693,1.000000,94,false,bibit:sonnet:bibit001036:sonnet_0144,exclude_role_mismatch
wikisource:record:itws:483801,bibit:sonnet:bibit001036:sonnet_0147,sonnet_cross_role,0.843137,0.868687,86,false,bibit:sonnet:bibit001036:sonnet_0147,exclude_role_mismatch
wikisource:record:itws:483803,bibit:sonnet:bibit001036:sonnet_0149,sonnet_cross_role,0.850000,0.913978,85,false,bibit:sonnet:bibit001036:sonnet_0149,exclude_role_mismatch
wikisource:record:itws:483804,bibit:sonnet:bibit001036:sonnet_0150,sonnet_cross_role,0.800000,0.847059,72,false,bibit:sonnet:bibit001036:sonnet_0150,exclude_role_mismatch
wikisource:record:itws:484108,bibit:sonnet:bibit000807:sonnet_0212,sonnet_cross_role,0.870000,0.878788,87,false,bibit:sonnet:bibit000807:sonnet_0212,exclude_role_mismatch
wikisource:record:itws:484115,bibit:sonnet:bibit000532:sonnet_0526,sonnet_cross_role,0.736364,0.835052,81,false,bibit:sonnet:bibit000532:sonnet_0526,segment_quarantine_7b
wikisource:record:itws:518160,bibit:sonnet:bibit000524:sonnet_0227,sonnet_cross_role,0.905660,0.923077,96,false,bibit:sonnet:bibit000524:sonnet_0227,exclude_role_mismatch
wikisource:record:itws:742777,bibit:sonnet:bibit000831:sonnet_0108,sonnet_cross_role,0.957895,1.000000,91,false,bibit:sonnet:bibit000831:sonnet_0108,exclude_role_mismatch
wikisource:record:itws:746025,v6:sonnet:cecco_lx_io_combattei_con_amor_ed_hol_morto,sonnet_cross_role,0.808696,0.920792,93,false,v6:sonnet:cecco_lx_io_combattei_con_amor_ed_hol_morto,exclude_role_mismatch
wikisource:record:itws:746043,v6:sonnet:cecco_lxxv_in_una_ch_e_danar_mi_danno_meno,sonnet_cross_role,0.680000,0.858586,85,false,v6:sonnet:cecco_lxxv_in_una_ch_e_danar_mi_danno_meno,segment_quarantine_7b
wikisource:record:itws:746049,v6:sonnet:cecco_cxv_con_gran_malinconia_sempre_istò,sonnet_cross_role,0.688073,0.824176,75,false,v6:sonnet:cecco_cxv_con_gran_malinconia_sempre_istò,segment_quarantine_7b
wikisource:record:itws:746051,v6:sonnet:cecco_lxxxi_per_sì_gran_somma_ho_mpegnate_le_risa,sonnet_cross_role,0.730435,0.884211,84,false,v6:sonnet:cecco_lxxxi_per_sì_gran_somma_ho_mpegnate_le_risa,segment_quarantine_7b
wikisource:record:itws:754073,wikisource:sonnet:itws:847571:sonnet0001,sonnet_cross_role,0.021049,0.890625,114,false,wikisource:sonnet:itws:847571:sonnet0001,segment_quarantine_7b
wikisource:record:itws:754073,wikisource:sonnet:itws:847571:sonnet0002,sonnet_cross_role,0.021233,0.942623,115,false,wikisource:sonnet:itws:847571:sonnet0002,segment_quarantine_7b
wikisource:record:itws:826718,bibit:sonnet:bibit001172:structural_0320,sonnet_cross_role,0.105121,0.821053,78,false,bibit:sonnet:bibit001172:structural_0320,segment_quarantine_7b
wikisource:record:itws:826718,bibit:sonnet:bibit001172:structural_0324,sonnet_cross_role,0.114555,0.913978,85,false,bibit:sonnet:bibit001172:structural_0324,segment_quarantine_7b
wikisource:record:itws:826718,bibit:sonnet:bibit001172:structural_0325,sonnet_cross_role,0.106469,0.908046,79,false,bibit:sonnet:bibit001172:structural_0325,segment_quarantine_7b
wikisource:record:itws:826728,bibit:sonnet:bibit000949:sonnet_0007,sonnet_cross_role,0.831461,0.860465,74,false,bibit:sonnet:bibit000949:sonnet_0007,exclude_role_mismatch
wikisource:record:itws:826919,bibit:sonnet:bibit000099:sonnet_0393,sonnet_cross_role,1.000000,1.000000,100,true,bibit:sonnet:bibit000099:sonnet_0393,exclude_role_mismatch
wikisource:record:itws:826944,wikisource:sonnet:itws:976431:sonnet0001,sonnet_cross_role,0.082860,0.901235,73,false,wikisource:sonnet:itws:976431:sonnet0001,segment_quarantine_7b
wikisource:record:itws:826952,wikisource:sonnet:itws:987480:sonnet0001,sonnet_cross_role,0.120846,1.000000,80,false,wikisource:sonnet:itws:987480:sonnet0001,segment_quarantine_7b
wikisource:record:itws:827086,bibit:sonnet:bibit001111:sonnet_0010,sonnet_cross_role,0.773913,0.839623,89,false,bibit:sonnet:bibit001111:sonnet_0010,segment_quarantine_7b
wikisource:record:itws:82994,v6:sonnet:cecco_xi_e_m_è_sì_malamente_rincresciuto,sonnet_cross_role,0.680328,0.838384,83,false,v6:sonnet:cecco_xi_e_m_è_sì_malamente_rincresciuto,segment_quarantine_7b
wikisource:record:itws:838040,wikisource:sonnet:itws:827018:sonnet0001,sonnet_cross_role,0.049299,0.969388,95,false,wikisource:sonnet:itws:827018:sonnet0001,segment_quarantine_7b
wikisource:record:itws:882555,bibit:sonnet:bibit000364:sonnet_0075,sonnet_cross_role,0.888889,0.916667,88,false,bibit:sonnet:bibit000364:sonnet_0075,exclude_role_mismatch
wikisource:record:itws:970093,bibit:sonnet:bibit000807:structural_0085,sonnet_cross_role,0.061958,0.877193,50,false,bibit:sonnet:bibit000807:structural_0085,segment_quarantine_7b
wikisource:record:itws:975995,bibit:sonnet:bibit001002:sonnet_0014,sonnet_cross_role,0.826087,0.826087,76,false,bibit:sonnet:bibit001002:sonnet_0014,exclude_role_mismatch
wikisource:record:itws:975995,bibit:sonnet:bibit001036:sonnet_0086,sonnet_cross_role,0.913043,0.913043,84,false,bibit:sonnet:bibit001036:sonnet_0086,exclude_role_mismatch
wikisource:record:itws:989206,bibit:sonnet:bibit000807:structural_0061,sonnet_cross_role,0.056851,0.896552,78,false,bibit:sonnet:bibit000807:structural_0061,segment_quarantine_7b
wikisource:record:itws:989206,bibit:sonnet:bibit000807:structural_0062,sonnet_cross_role,0.051020,0.897436,70,false,bibit:sonnet:bibit000807:structural_0062,segment_quarantine_7b
wikisource:record:itws:989206,bibit:sonnet:bibit000807:structural_0064,sonnet_cross_role,0.046647,0.888889,64,false,bibit:sonnet:bibit000807:structural_0064,segment_quarantine_7b
wikisource:record:itws:989206,bibit:sonnet:bibit000807:structural_0066,sonnet_cross_role,0.053207,0.890244,73,false,bibit:sonnet:bibit000807:structural_0066,segment_quarantine_7b
wikisource:record:itws:989206,bibit:sonnet:bibit000807:structural_0068,sonnet_cross_role,0.051020,0.886076,70,false,bibit:sonnet:bibit000807:structural_0068,segment_quarantine_7b
wikisource:record:itws:989206,bibit:sonnet:bibit000807:structural_0069,sonnet_cross_role,0.054665,0.903614,75,false,bibit:sonnet:bibit000807:structural_0069,segment_quarantine_7b
wikisource:record:itws:989206,bibit:sonnet:bibit000807:structural_0070,sonnet_cross_role,0.051749,0.898734,71,false,bibit:sonnet:bibit000807:structural_0070,segment_quarantine_7b
wikisource:record:itws:989206,bibit:sonnet:bibit000807:structural_0071,sonnet_cross_role,0.051749,0.898734,71,false,bibit:sonnet:bibit000807:structural_0071,segment_quarantine_7b
wikisource:record:itws:989206,bibit:sonnet:bibit000807:structural_0072,sonnet_cross_role,0.055394,0.950000,76,false,bibit:sonnet:bibit000807:structural_0072,segment_quarantine_7b
wikisource:record:itws:989206,bibit:sonnet:bibit000807:structural_0073,sonnet_cross_role,0.050292,0.896104,69,false,bibit:sonnet:bibit000807:structural_0073,segment_quarantine_7b
wikisource:record:itws:989206,bibit:sonnet:bibit000807:structural_0074,sonnet_cross_role,0.052478,0.837209,72,false,bibit:sonnet:bibit000807:structural_0074,segment_quarantine_7b
wikisource:record:itws:991032,wikisource:sonnet:itws:991109:sonnet0001,sonnet_cross_role,0.017651,1.000000,90,false,wikisource:sonnet:itws:991109:sonnet0001,segment_quarantine_7b
