routing_id,source_unit_id,reference_unit_id,candidate_id,source_group,source_title,poem_author,character_start,character_end,line_count,source_text_sha256,cleaned_character_count,cleaned_sha256,form_evidence,language_evidence,overlap_reference_ids,routing_decision,final_role,activation_status
route:ilc_ota:sonnet:ilc_rosmini:Antonio_Rosmini_R00:block_0019,ilc_ota:record:ilc_rosmini:Antonio_Rosmini_R00,,ilc_ota:sonnet:ilc_rosmini:Antonio_Rosmini_R00:block_0019,ilc_ota,Versione elettronica di testi relativi al periodo 800 - 900 Opuscoli morali Vol.II,Antonio Rosmini,17067,18018,14,5f06a637f82108c850d4c6a8909004cfb19d35ebd7fc173294982866a049d163,951,3055c9bfb23c7d162c4c02180d21512a0cdd591c863429adc87ea2ba8a41d8f4,raw 14-line blank-separated block; full-length sonnet layout failed,checkpoint-6D standard-Italian unit gate,,hold_14_line_block_insufficient_sonnet_or_attribution_evidence,conditioned_or_inactive_hold,inactive_hold
route:ilc_ota:sonnet:ilc_rosmini:Antonio_Rosmini_R00:block_0074,ilc_ota:record:ilc_rosmini:Antonio_Rosmini_R00,,ilc_ota:sonnet:ilc_rosmini:Antonio_Rosmini_R00:block_0074,ilc_ota,Versione elettronica di testi relativi al periodo 800 - 900 Opuscoli morali Vol.II,Antonio Rosmini,71648,72641,14,5f06a637f82108c850d4c6a8909004cfb19d35ebd7fc173294982866a049d163,993,1b0d98fd00082688f8f10ab34fbda3efda7786e2085128562ac7c76575f5986a,raw 14-line blank-separated block; full-length sonnet layout failed,checkpoint-6D standard-Italian unit gate,,hold_14_line_block_insufficient_sonnet_or_attribution_evidence,conditioned_or_inactive_hold,inactive_hold
route:ilc_ota:sonnet:ilc_rosmini:Antonio_Rosmini_R00:block_0089,ilc_ota:record:ilc_rosmini:Antonio_Rosmini_R00,,ilc_ota:sonnet:ilc_rosmini:Antonio_Rosmini_R00:block_0089,ilc_ota,Versione elettronica di testi relativi al periodo 800 - 900 Opuscoli morali Vol.II,Antonio Rosmini,97759,98749,14,5f06a637f82108c850d4c6a8909004cfb19d35ebd7fc173294982866a049d163,990,7d4c05d7be0018a951fb5b9f441179bb56997ab4b26bbca64fa3a5551dc6ef25,raw 14-line blank-separated block; full-length sonnet layout failed,checkpoint-6D standard-Italian unit gate,,hold_14_line_block_insufficient_sonnet_or_attribution_evidence,conditioned_or_inactive_hold,inactive_hold
route:ilc_ota:sonnet:ilc_rosmini:Antonio_Rosmini_R00:block_0105,ilc_ota:record:ilc_rosmini:Antonio_Rosmini_R00,,ilc_ota:sonnet:ilc_rosmini:Antonio_Rosmini_R00:block_0105,ilc_ota,Versione elettronica di testi relativi al periodo 800 - 900 Opuscoli morali Vol.II,Antonio Rosmini,113575,114416,14,5f06a637f82108c850d4c6a8909004cfb19d35ebd7fc173294982866a049d163,841,08516045cde6117ee2e14d2e0b8757d5769ba0b90bc4b34516aa48b9251cdcee,raw 14-line blank-separated block; full-length sonnet layout failed,checkpoint-6D standard-Italian unit gate,,hold_14_line_block_insufficient_sonnet_or_attribution_evidence,conditioned_or_inactive_hold,inactive_hold
route:ilc_ota:sonnet:ilc_rosmini:Antonio_Rosmini_R00:block_0150,ilc_ota:record:ilc_rosmini:Antonio_Rosmini_R00,,ilc_ota:sonnet:ilc_rosmini:Antonio_Rosmini_R00:block_0150,ilc_ota,Versione elettronica di testi relativi al periodo 800 - 900 Opuscoli morali Vol.II,Antonio Rosmini,144833,145585,14,5f06a637f82108c850d4c6a8909004cfb19d35ebd7fc173294982866a049d163,752,589cc83bee241a61fc1e131b0a256a29f2d708ae0d8d6b03466c53e4630c3a70,raw 14-line blank-separated block; full-length sonnet layout failed,checkpoint-6D standard-Italian unit gate,,hold_14_line_block_insufficient_sonnet_or_attribution_evidence,conditioned_or_inactive_hold,inactive_hold
route:ilc_ota:sonnet:ilc_rosmini:Antonio_Rosmini_R00:block_0206,ilc_ota:record:ilc_rosmini:Antonio_Rosmini_R00,,ilc_ota:sonnet:ilc_rosmini:Antonio_Rosmini_R00:block_0206,ilc_ota,Versione elettronica di testi relativi al periodo 800 - 900 Opuscoli morali Vol.II,Antonio Rosmini,193221,194174,14,5f06a637f82108c850d4c6a8909004cfb19d35ebd7fc173294982866a049d163,953,8537e00a0cfb29e4c2606dc531c755ab25bee911351f965c63dbbeb71f4dc6bf,raw 14-line blank-separated block; full-length sonnet layout failed,checkpoint-6D standard-Italian unit gate,,hold_14_line_block_insufficient_sonnet_or_attribution_evidence,conditioned_or_inactive_hold,inactive_hold
route:ilc_ota:sonnet:ilc_rosmini:Antonio_Rosmini_R00:block_0259,ilc_ota:record:ilc_rosmini:Antonio_Rosmini_R00,,ilc_ota:sonnet:ilc_rosmini:Antonio_Rosmini_R00:block_0259,ilc_ota,Versione elettronica di testi relativi al periodo 800 - 900 Opuscoli morali Vol.II,Antonio Rosmini,235171,236150,14,5f06a637f82108c850d4c6a8909004cfb19d35ebd7fc173294982866a049d163,979,e49f596ab5c2999620f15a08418520ee1e8b2e19d2b866884b4b76efdfdd1ed3,raw 14-line blank-separated block; full-length sonnet layout failed,checkpoint-6D standard-Italian unit gate,,hold_14_line_block_insufficient_sonnet_or_attribution_evidence,conditioned_or_inactive_hold,inactive_hold
route:ilc_ota:sonnet:ilc_rosmini:Antonio_Rosmini_R01:block_0010,ilc_ota:record:ilc_rosmini:Antonio_Rosmini_R01,,ilc_ota:sonnet:ilc_rosmini:Antonio_Rosmini_R01:block_0010,ilc_ota,Versione elettronica di testi relativi al periodo 800 - 900 Andropologia in servizio della scienza morale,Antonio Rosmini,14225,15180,14,eef01bd5cf26e795088c72265d9a52bf3607a9b338b4844f734d3c492af14499,955,6218f7baadfa4a34554912a14eac8e389947722351765ab015c3221cc9798c26,raw 14-line blank-separated block; full-length sonnet layout failed,checkpoint-6D standard-Italian unit gate,,hold_14_line_block_insufficient_sonnet_or_attribution_evidence,conditioned_or_inactive_hold,inactive_hold
route:ilc_ota:sonnet:ilc_rosmini:Antonio_Rosmini_R01:block_0045,ilc_ota:record:ilc_rosmini:Antonio_Rosmini_R01,,ilc_ota:sonnet:ilc_rosmini:Antonio_Rosmini_R01:block_0045,ilc_ota,Versione elettronica di testi relativi al periodo 800 - 900 Andropologia in servizio della scienza morale,Antonio Rosmini,44327,45198,14,eef01bd5cf26e795088c72265d9a52bf3607a9b338b4844f734d3c492af14499,871,a54845eda5b0c853ee1dd2c6186c29615b86820eb4111121660c64a931a374e2,raw 14-line blank-separated block; full-length sonnet layout failed,checkpoint-6D standard-Italian unit gate,,hold_14_line_block_insufficient_sonnet_or_attribution_evidence,conditioned_or_inactive_hold,inactive_hold
route:ilc_ota:sonnet:ilc_rosmini:Antonio_Rosmini_R01:block_0137,ilc_ota:record:ilc_rosmini:Antonio_Rosmini_R01,,ilc_ota:sonnet:ilc_rosmini:Antonio_Rosmini_R01:block_0137,ilc_ota,Versione elettronica di testi relativi al periodo 800 - 900 Andropologia in servizio della scienza morale,Antonio Rosmini,165731,166630,14,eef01bd5cf26e795088c72265d9a52bf3607a9b338b4844f734d3c492af14499,899,c62904a7c1e7eaccc8f8a56d72aabdddddaf6b94e9e1561b683c34b30b581737,raw 14-line blank-separated block; full-length sonnet layout failed,checkpoint-6D standard-Italian unit gate,,hold_14_line_block_insufficient_sonnet_or_attribution_evidence,conditioned_or_inactive_hold,inactive_hold
route:ilc_ota:sonnet:ilc_rosmini:Antonio_Rosmini_R01:block_0171,ilc_ota:record:ilc_rosmini:Antonio_Rosmini_R01,,ilc_ota:sonnet:ilc_rosmini:Antonio_Rosmini_R01:block_0171,ilc_ota,Versione elettronica di testi relativi al periodo 800 - 900 Andropologia in servizio della scienza morale,Antonio Rosmini,217904,218843,14,eef01bd5cf26e795088c72265d9a52bf3607a9b338b4844f734d3c492af14499,939,fe250571d95695229d713b84210f90f24ed5dd4b45e92638293354fddbaad0e7,raw 14-line blank-separated block; full-length sonnet layout failed,checkpoint-6D standard-Italian unit gate,,hold_14_line_block_insufficient_sonnet_or_attribution_evidence,conditioned_or_inactive_hold,inactive_hold
route:ilc_ota:sonnet:ilc_rosmini:Antonio_Rosmini_R01:block_0173,ilc_ota:record:ilc_rosmini:Antonio_Rosmini_R01,,ilc_ota:sonnet:ilc_rosmini:Antonio_Rosmini_R01:block_0173,ilc_ota,Versione elettronica di testi relativi al periodo 800 - 900 Andropologia in servizio della scienza morale,Antonio Rosmini,219143,220086,14,eef01bd5cf26e795088c72265d9a52bf3607a9b338b4844f734d3c492af14499,943,4c6eaa5ada9b2c2791235a0a419085e7d9344f860976e9942ee12c9fb8a1d54e,raw 14-line blank-separated block; full-length sonnet layout failed,checkpoint-6D standard-Italian unit gate,,hold_14_line_block_insufficient_sonnet_or_attribution_evidence,conditioned_or_inactive_hold,inactive_hold
route:ilc_ota:sonnet:ilc_rosmini:Antonio_Rosmini_R01:block_0218,ilc_ota:record:ilc_rosmini:Antonio_Rosmini_R01,,ilc_ota:sonnet:ilc_rosmini:Antonio_Rosmini_R01:block_0218,ilc_ota,Versione elettronica di testi relativi al periodo 800 - 900 Andropologia in servizio della scienza morale,Antonio Rosmini,274037,274917,14,eef01bd5cf26e795088c72265d9a52bf3607a9b338b4844f734d3c492af14499,880,24c26b764e92196e74be10ed8aff402bed71cf49e82942857a7e36ac047dc761,raw 14-line blank-separated block; full-length sonnet layout failed,checkpoint-6D standard-Italian unit gate,,hold_14_line_block_insufficient_sonnet_or_attribution_evidence,conditioned_or_inactive_hold,inactive_hold
route:ilc_ota:sonnet:ilc_rosmini:Antonio_Rosmini_R01:block_0271,ilc_ota:record:ilc_rosmini:Antonio_Rosmini_R01,,ilc_ota:sonnet:ilc_rosmini:Antonio_Rosmini_R01:block_0271,ilc_ota,Versione elettronica di testi relativi al periodo 800 - 900 Andropologia in servizio della scienza morale,Antonio Rosmini,342998,343906,14,eef01bd5cf26e795088c72265d9a52bf3607a9b338b4844f734d3c492af14499,908,ee2a554c7f1b444fca8220e3192dd18262c2bbd3011c6b49564b96078e9cd7a7,raw 14-line blank-separated block; full-length sonnet layout failed,checkpoint-6D standard-Italian unit gate,,hold_14_line_block_insufficient_sonnet_or_attribution_evidence,conditioned_or_inactive_hold,inactive_hold
route:ilc_ota:sonnet:ilc_rosmini:Antonio_Rosmini_R01:block_0323,ilc_ota:record:ilc_rosmini:Antonio_Rosmini_R01,,ilc_ota:sonnet:ilc_rosmini:Antonio_Rosmini_R01:block_0323,ilc_ota,Versione elettronica di testi relativi al periodo 800 - 900 Andropologia in servizio della scienza morale,Antonio Rosmini,418856,419737,14,eef01bd5cf26e795088c72265d9a52bf3607a9b338b4844f734d3c492af14499,881,9f1d9f87f8d011d23c0a8e2fb64dcde45a66d1d3c90a10bff8205bb89874bbf5,raw 14-line blank-separated block; full-length sonnet layout failed,checkpoint-6D standard-Italian unit gate,,hold_14_line_block_insufficient_sonnet_or_attribution_evidence,conditioned_or_inactive_hold,inactive_hold
route:ilc_ota:sonnet:ilc_rosmini:Antonio_Rosmini_R01:block_0391,ilc_ota:record:ilc_rosmini:Antonio_Rosmini_R01,,ilc_ota:sonnet:ilc_rosmini:Antonio_Rosmini_R01:block_0391,ilc_ota,Versione elettronica di testi relativi al periodo 800 - 900 Andropologia in servizio della scienza morale,Antonio Rosmini,513134,514048,14,eef01bd5cf26e795088c72265d9a52bf3607a9b338b4844f734d3c492af14499,914,44d8686e24680f4d59c4afdd6750177306a3892d5a9d4d683882eabfc44041fb,raw 14-line blank-separated block; full-length sonnet layout failed,checkpoint-6D standard-Italian unit gate,,hold_14_line_block_insufficient_sonnet_or_attribution_evidence,conditioned_or_inactive_hold,inactive_hold
route:ilc_ota:sonnet:ilc_rosmini:Antonio_Rosmini_R01:block_0480,ilc_ota:record:ilc_rosmini:Antonio_Rosmini_R01,,ilc_ota:sonnet:ilc_rosmini:Antonio_Rosmini_R01:block_0480,ilc_ota,Versione elettronica di testi relativi al periodo 800 - 900 Andropologia in servizio della scienza morale,Antonio Rosmini,619143,620056,14,eef01bd5cf26e795088c72265d9a52bf3607a9b338b4844f734d3c492af14499,913,169b4cece831a5a577fb344b66fb04e15861167645071fa6ce6ab862b55c74fa,raw 14-line blank-separated block; full-length sonnet layout failed,checkpoint-6D standard-Italian unit gate,,hold_14_line_block_insufficient_sonnet_or_attribution_evidence,conditioned_or_inactive_hold,inactive_hold
route:ilc_ota:sonnet:ilc_rosmini:Antonio_Rosmini_R01:block_0483,ilc_ota:record:ilc_rosmini:Antonio_Rosmini_R01,,ilc_ota:sonnet:ilc_rosmini:Antonio_Rosmini_R01:block_0483,ilc_ota,Versione elettronica di testi relativi al periodo 800 - 900 Andropologia in servizio della scienza morale,Antonio Rosmini,622647,623494,14,eef01bd5cf26e795088c72265d9a52bf3607a9b338b4844f734d3c492af14499,847,c32f439be47ab0f079a33d241df225e2fd74cd98576c56dbba678cae8d5c4f40,raw 14-line blank-separated block; full-length sonnet layout failed,checkpoint-6D standard-Italian unit gate,,hold_14_line_block_insufficient_sonnet_or_attribution_evidence,conditioned_or_inactive_hold,inactive_hold
route:ilc_ota:sonnet:ilc_rosmini:Antonio_Rosmini_R01:block_0535,ilc_ota:record:ilc_rosmini:Antonio_Rosmini_R01,,ilc_ota:sonnet:ilc_rosmini:Antonio_Rosmini_R01:block_0535,ilc_ota,Versione elettronica di testi relativi al periodo 800 - 900 Andropologia in servizio della scienza morale,Antonio Rosmini,688077,688922,14,eef01bd5cf26e795088c72265d9a52bf3607a9b338b4844f734d3c492af14499,845,c3593e8df8f60c26d8737d498c273f2b162c33682117577df023acfaaf9c5613,raw 14-line blank-separated block; full-length sonnet layout failed,checkpoint-6D standard-Italian unit gate,,hold_14_line_block_insufficient_sonnet_or_attribution_evidence,conditioned_or_inactive_hold,inactive_hold
route:ilc_ota:sonnet:ilc_rosmini:Antonio_Rosmini_R01:block_0606,ilc_ota:record:ilc_rosmini:Antonio_Rosmini_R01,,ilc_ota:sonnet:ilc_rosmini:Antonio_Rosmini_R01:block_0606,ilc_ota,Versione elettronica di testi relativi al periodo 800 - 900 Andropologia in servizio della scienza morale,Antonio Rosmini,783200,784146,14,eef01bd5cf26e795088c72265d9a52bf3607a9b338b4844f734d3c492af14499,946,db1e22128c1ac9fa6ea1aafabf2b11ca7939479fdc78a82296aa643ff818536e,raw 14-line blank-separated block; full-length sonnet layout failed,checkpoint-6D standard-Italian unit gate,,hold_14_line_block_insufficient_sonnet_or_attribution_evidence,conditioned_or_inactive_hold,inactive_hold
route:ilc_ota:sonnet:ilc_rosmini:Antonio_Rosmini_R01:block_0643,ilc_ota:record:ilc_rosmini:Antonio_Rosmini_R01,,ilc_ota:sonnet:ilc_rosmini:Antonio_Rosmini_R01:block_0643,ilc_ota,Versione elettronica di testi relativi al periodo 800 - 900 Andropologia in servizio della scienza morale,Antonio Rosmini,835797,836699,14,eef01bd5cf26e795088c72265d9a52bf3607a9b338b4844f734d3c492af14499,902,7c511029a1bf949de81e3fb68041691634d3f8906f5a42e942fcd85b5cd8c90b,raw 14-line blank-separated block; full-length sonnet layout failed,checkpoint-6D standard-Italian unit gate,,hold_14_line_block_insufficient_sonnet_or_attribution_evidence,conditioned_or_inactive_hold,inactive_hold
route:ilc_ota:sonnet:ilc_rosmini:Antonio_Rosmini_R01:block_0650,ilc_ota:record:ilc_rosmini:Antonio_Rosmini_R01,,ilc_ota:sonnet:ilc_rosmini:Antonio_Rosmini_R01:block_0650,ilc_ota,Versione elettronica di testi relativi al periodo 800 - 900 Andropologia in servizio della scienza morale,Antonio Rosmini,841505,842294,14,eef01bd5cf26e795088c72265d9a52bf3607a9b338b4844f734d3c492af14499,789,45ed6ef032341c88497b8755868786b9f25a4116f78357e1804dc905cf876f6c,raw 14-line blank-separated block; full-length sonnet layout failed,checkpoint-6D standard-Italian unit gate,,hold_14_line_block_insufficient_sonnet_or_attribution_evidence,conditioned_or_inactive_hold,inactive_hold
route:ilc_ota:sonnet:ilc_rosmini:Antonio_Rosmini_R01:block_0659,ilc_ota:record:ilc_rosmini:Antonio_Rosmini_R01,,ilc_ota:sonnet:ilc_rosmini:Antonio_Rosmini_R01:block_0659,ilc_ota,Versione elettronica di testi relativi al periodo 800 - 900 Andropologia in servizio della scienza morale,Antonio Rosmini,848627,849465,14,eef01bd5cf26e795088c72265d9a52bf3607a9b338b4844f734d3c492af14499,838,e7d9832f927ed604be0a99893f3cf13cecbcdfa64a16512fc90a121c50e3f1c7,raw 14-line blank-separated block; full-length sonnet layout failed,checkpoint-6D standard-Italian unit gate,,hold_14_line_block_insufficient_sonnet_or_attribution_evidence,conditioned_or_inactive_hold,inactive_hold
route:ilc_ota:sonnet:ilc_rosmini:Antonio_Rosmini_R01:block_0672,ilc_ota:record:ilc_rosmini:Antonio_Rosmini_R01,,ilc_ota:sonnet:ilc_rosmini:Antonio_Rosmini_R01:block_0672,ilc_ota,Versione elettronica di testi relativi al periodo 800 - 900 Andropologia in servizio della scienza morale,Antonio Rosmini,870684,871479,14,eef01bd5cf26e795088c72265d9a52bf3607a9b338b4844f734d3c492af14499,795,75d27a5f7e7ddfa140f0adc7761ebeb5f80e357373668cadc82b0f19fdeaac6d,raw 14-line blank-separated block; full-length sonnet layout failed,checkpoint-6D standard-Italian unit gate,,hold_14_line_block_insufficient_sonnet_or_attribution_evidence,conditioned_or_inactive_hold,inactive_hold
route:ilc_ota:sonnet:ilc_rosmini:Antonio_Rosmini_R01:block_0673,ilc_ota:record:ilc_rosmini:Antonio_Rosmini_R01,,ilc_ota:sonnet:ilc_rosmini:Antonio_Rosmini_R01:block_0673,ilc_ota,Versione elettronica di testi relativi al periodo 800 - 900 Andropologia in servizio della scienza morale,Antonio Rosmini,871480,872319,14,eef01bd5cf26e795088c72265d9a52bf3607a9b338b4844f734d3c492af14499,839,389ecfb0e878b22d0a16dcbaf02778b44520d835b0289bcc9f58a0ec130f8be1,raw 14-line blank-separated block; full-length sonnet layout failed,checkpoint-6D standard-Italian unit gate,,hold_14_line_block_insufficient_sonnet_or_attribution_evidence,conditioned_or_inactive_hold,inactive_hold
route:ilc_ota:sonnet:ilc_rosmini:Antonio_Rosmini_R01:block_0678,ilc_ota:record:ilc_rosmini:Antonio_Rosmini_R01,,ilc_ota:sonnet:ilc_rosmini:Antonio_Rosmini_R01:block_0678,ilc_ota,Versione elettronica di testi relativi al periodo 800 - 900 Andropologia in servizio della scienza morale,Antonio Rosmini,877072,877938,14,eef01bd5cf26e795088c72265d9a52bf3607a9b338b4844f734d3c492af14499,866,8aa9d4e44002dbe4ee4a6dd771aa3e7fc17248526d7b79e6ff0ee6e9767ae3cb,raw 14-line blank-separated block; full-length sonnet layout failed,checkpoint-6D standard-Italian unit gate,,hold_14_line_block_insufficient_sonnet_or_attribution_evidence,conditioned_or_inactive_hold,inactive_hold
route:ilc_ota:sonnet:ilc_rosmini:Antonio_Rosmini_R01:block_0733,ilc_ota:record:ilc_rosmini:Antonio_Rosmini_R01,,ilc_ota:sonnet:ilc_rosmini:Antonio_Rosmini_R01:block_0733,ilc_ota,Versione elettronica di testi relativi al periodo 800 - 900 Andropologia in servizio della scienza morale,Antonio Rosmini,941752,942685,14,eef01bd5cf26e795088c72265d9a52bf3607a9b338b4844f734d3c492af14499,933,78226612a3a6b79401c7e197073d8de18471c59a96f8ba90b942b5627ac64483,raw 14-line blank-separated block; full-length sonnet layout failed,checkpoint-6D standard-Italian unit gate,,hold_14_line_block_insufficient_sonnet_or_attribution_evidence,conditioned_or_inactive_hold,inactive_hold
route:ilc_ota:sonnet:ilc_rosmini:Antonio_Rosmini_R02:block_0093,ilc_ota:record:ilc_rosmini:Antonio_Rosmini_R02,,ilc_ota:sonnet:ilc_rosmini:Antonio_Rosmini_R02:block_0093,ilc_ota,Versione elettronica di testi relativi al periodo 800 - 900 Antropologia soprannaturale Vol.I,Antonio Rosmini,111040,112042,14,4a749d246227d0cbfeb8ca348b40258f01a7115a77c8c2e2d98054356f130894,1002,ca482cb6b12bd28b9481a08e512c8095626a6b407916fcbbe0cd4f000a2389a2,raw 14-line blank-separated block; full-length sonnet layout failed,checkpoint-6D standard-Italian unit gate,,hold_14_line_block_insufficient_sonnet_or_attribution_evidence,conditioned_or_inactive_hold,inactive_hold
route:ilc_ota:sonnet:ilc_rosmini:Antonio_Rosmini_R02:block_0175,ilc_ota:record:ilc_rosmini:Antonio_Rosmini_R02,,ilc_ota:sonnet:ilc_rosmini:Antonio_Rosmini_R02:block_0175,ilc_ota,Versione elettronica di testi relativi al periodo 800 - 900 Antropologia soprannaturale Vol.I,Antonio Rosmini,182023,182959,14,4a749d246227d0cbfeb8ca348b40258f01a7115a77c8c2e2d98054356f130894,936,40135924bb2ead9e650a08775a0270ea3d62c14e6f089255a8e11def24e0518a,raw 14-line blank-separated block; full-length sonnet layout failed,checkpoint-6D standard-Italian unit gate,,hold_14_line_block_insufficient_sonnet_or_attribution_evidence,conditioned_or_inactive_hold,inactive_hold
route:ilc_ota:sonnet:ilc_rosmini:Antonio_Rosmini_R02:block_0223,ilc_ota:record:ilc_rosmini:Antonio_Rosmini_R02,,ilc_ota:sonnet:ilc_rosmini:Antonio_Rosmini_R02:block_0223,ilc_ota,Versione elettronica di testi relativi al periodo 800 - 900 Antropologia soprannaturale Vol.I,Antonio Rosmini,230074,230939,14,4a749d246227d0cbfeb8ca348b40258f01a7115a77c8c2e2d98054356f130894,865,4d1c3b883893c0afe7727b917f9eead7ed7f40f7e9b69577b84a689076113867,raw 14-line blank-separated block; full-length sonnet layout failed,checkpoint-6D standard-Italian unit gate,,hold_14_line_block_insufficient_sonnet_or_attribution_evidence,conditioned_or_inactive_hold,inactive_hold
route:ilc_ota:sonnet:ilc_rosmini:Antonio_Rosmini_R02:block_0266,ilc_ota:record:ilc_rosmini:Antonio_Rosmini_R02,,ilc_ota:sonnet:ilc_rosmini:Antonio_Rosmini_R02:block_0266,ilc_ota,Versione elettronica di testi relativi al periodo 800 - 900 Antropologia soprannaturale Vol.I,Antonio Rosmini,274437,275415,14,4a749d246227d0cbfeb8ca348b40258f01a7115a77c8c2e2d98054356f130894,978,b3cae3dfd81a10cd4d9dab9f426640afb48bb69682b818bc627cc2402c2f83ff,raw 14-line blank-separated block; full-length sonnet layout failed,checkpoint-6D standard-Italian unit gate,,hold_14_line_block_insufficient_sonnet_or_attribution_evidence,conditioned_or_inactive_hold,inactive_hold
route:ilc_ota:sonnet:ilc_rosmini:Antonio_Rosmini_R02:block_0332,ilc_ota:record:ilc_rosmini:Antonio_Rosmini_R02,,ilc_ota:sonnet:ilc_rosmini:Antonio_Rosmini_R02:block_0332,ilc_ota,Versione elettronica di testi relativi al periodo 800 - 900 Antropologia soprannaturale Vol.I,Antonio Rosmini,346453,347408,14,4a749d246227d0cbfeb8ca348b40258f01a7115a77c8c2e2d98054356f130894,955,2a5b5ee8d4db21d0239b667d167b04a40a8620976bfce469f56b762a65c8b0fa,raw 14-line blank-separated block; full-length sonnet layout failed,checkpoint-6D standard-Italian unit gate,,hold_14_line_block_insufficient_sonnet_or_attribution_evidence,conditioned_or_inactive_hold,inactive_hold
route:ilc_ota:sonnet:ilc_rosmini:Antonio_Rosmini_R02:block_0367,ilc_ota:record:ilc_rosmini:Antonio_Rosmini_R02,,ilc_ota:sonnet:ilc_rosmini:Antonio_Rosmini_R02:block_0367,ilc_ota,Versione elettronica di testi relativi al periodo 800 - 900 Antropologia soprannaturale Vol.I,Antonio Rosmini,376304,377283,14,4a749d246227d0cbfeb8ca348b40258f01a7115a77c8c2e2d98054356f130894,979,cf443192b23c6a24ebf744cace69265259c405c5c4fda72bdd46df7876ab51bc,raw 14-line blank-separated block; full-length sonnet layout failed,checkpoint-6D standard-Italian unit gate,,hold_14_line_block_insufficient_sonnet_or_attribution_evidence,conditioned_or_inactive_hold,inactive_hold
route:ilc_ota:sonnet:ilc_rosmini:Antonio_Rosmini_R02:block_0394,ilc_ota:record:ilc_rosmini:Antonio_Rosmini_R02,,ilc_ota:sonnet:ilc_rosmini:Antonio_Rosmini_R02:block_0394,ilc_ota,Versione elettronica di testi relativi al periodo 800 - 900 Antropologia soprannaturale Vol.I,Antonio Rosmini,403305,404241,14,4a749d246227d0cbfeb8ca348b40258f01a7115a77c8c2e2d98054356f130894,936,048d86508f510a127b174db77efee952bf23fbedfadaa4b4d5d8cca274a996c7,raw 14-line blank-separated block; full-length sonnet layout failed,checkpoint-6D standard-Italian unit gate,,hold_14_line_block_insufficient_sonnet_or_attribution_evidence,conditioned_or_inactive_hold,inactive_hold
route:ilc_ota:sonnet:ilc_rosmini:Antonio_Rosmini_R02:block_0429,ilc_ota:record:ilc_rosmini:Antonio_Rosmini_R02,,ilc_ota:sonnet:ilc_rosmini:Antonio_Rosmini_R02:block_0429,ilc_ota,Versione elettronica di testi relativi al periodo 800 - 900 Antropologia soprannaturale Vol.I,Antonio Rosmini,470901,471742,14,4a749d246227d0cbfeb8ca348b40258f01a7115a77c8c2e2d98054356f130894,841,111cbbfca5fa5e5e11ea86b8cf9cbf9c12e200cfa819930476c7d280c24a15e3,raw 14-line blank-separated block; full-length sonnet layout failed,checkpoint-6D standard-Italian unit gate,,hold_14_line_block_insufficient_sonnet_or_attribution_evidence,conditioned_or_inactive_hold,inactive_hold
route:ilc_ota:sonnet:ilc_rosmini:Antonio_Rosmini_R02:block_0637,ilc_ota:record:ilc_rosmini:Antonio_Rosmini_R02,,ilc_ota:sonnet:ilc_rosmini:Antonio_Rosmini_R02:block_0637,ilc_ota,Versione elettronica di testi relativi al periodo 800 - 900 Antropologia soprannaturale Vol.I,Antonio Rosmini,749075,750031,14,4a749d246227d0cbfeb8ca348b40258f01a7115a77c8c2e2d98054356f130894,956,27cb701c86f8e6beb3b232de1cdde123d9e7798eaff331371f7ac570a36badbc,raw 14-line blank-separated block; full-length sonnet layout failed,checkpoint-6D standard-Italian unit gate,,hold_14_line_block_insufficient_sonnet_or_attribution_evidence,conditioned_or_inactive_hold,inactive_hold
route:ilc_ota:sonnet:ilc_rosmini:Antonio_Rosmini_R02:block_0646,ilc_ota:record:ilc_rosmini:Antonio_Rosmini_R02,,ilc_ota:sonnet:ilc_rosmini:Antonio_Rosmini_R02:block_0646,ilc_ota,Versione elettronica di testi relativi al periodo 800 - 900 Antropologia soprannaturale Vol.I,Antonio Rosmini,762218,763193,14,4a749d246227d0cbfeb8ca348b40258f01a7115a77c8c2e2d98054356f130894,975,e662f4ef0e5a45671d6b73df5bd6c1b69cde5d2b58e024321d7f8b5cc19309bd,raw 14-line blank-separated block; full-length sonnet layout failed,checkpoint-6D standard-Italian unit gate,,hold_14_line_block_insufficient_sonnet_or_attribution_evidence,conditioned_or_inactive_hold,inactive_hold
route:ilc_ota:sonnet:ilc_rosmini:Antonio_Rosmini_R02:block_0703,ilc_ota:record:ilc_rosmini:Antonio_Rosmini_R02,,ilc_ota:sonnet:ilc_rosmini:Antonio_Rosmini_R02:block_0703,ilc_ota,Versione elettronica di testi relativi al periodo 800 - 900 Antropologia soprannaturale Vol.I,Antonio Rosmini,830095,830890,14,4a749d246227d0cbfeb8ca348b40258f01a7115a77c8c2e2d98054356f130894,795,49fbaa043c5ba30965f2cea6a7b363e24577f4ccb392be66ad109f31749e45d7,raw 14-line blank-separated block; full-length sonnet layout failed,checkpoint-6D standard-Italian unit gate,,hold_14_line_block_insufficient_sonnet_or_attribution_evidence,conditioned_or_inactive_hold,inactive_hold
route:ilc_ota:sonnet:ilc_rosmini:Antonio_Rosmini_R02:block_0712,ilc_ota:record:ilc_rosmini:Antonio_Rosmini_R02,,ilc_ota:sonnet:ilc_rosmini:Antonio_Rosmini_R02:block_0712,ilc_ota,Versione elettronica di testi relativi al periodo 800 - 900 Antropologia soprannaturale Vol.I,Antonio Rosmini,841895,842814,14,4a749d246227d0cbfeb8ca348b40258f01a7115a77c8c2e2d98054356f130894,919,a69c8c1659139c69b0635582fc8443be61bc3936f5ffef8ddf86cc52cb0e22f5,raw 14-line blank-separated block; full-length sonnet layout failed,checkpoint-6D standard-Italian unit gate,,hold_14_line_block_insufficient_sonnet_or_attribution_evidence,conditioned_or_inactive_hold,inactive_hold
route:ilc_ota:sonnet:ilc_rosmini:Antonio_Rosmini_R03:block_0020,ilc_ota:record:ilc_rosmini:Antonio_Rosmini_R03,,ilc_ota:sonnet:ilc_rosmini:Antonio_Rosmini_R03:block_0020,ilc_ota,Versione elettronica di testi relativi al periodo 800 - 900 Antropologia soprannaturale Vol.II,Antonio Rosmini,23590,24479,14,00656ad5b591e7bcf44023da2b06fc5f9e163dab2ce5e86951a9e4e0a3928ab7,889,0d438da44441d63a64643e150b11bd75c7b898ff2963ba503261cc6a357b9eb9,raw 14-line blank-separated block; full-length sonnet layout failed,checkpoint-6D standard-Italian unit gate,,hold_14_line_block_insufficient_sonnet_or_attribution_evidence,conditioned_or_inactive_hold,inactive_hold
route:ilc_ota:sonnet:ilc_rosmini:Antonio_Rosmini_R03:block_0064,ilc_ota:record:ilc_rosmini:Antonio_Rosmini_R03,,ilc_ota:sonnet:ilc_rosmini:Antonio_Rosmini_R03:block_0064,ilc_ota,Versione elettronica di testi relativi al periodo 800 - 900 Antropologia soprannaturale Vol.II,Antonio Rosmini,85368,86277,14,00656ad5b591e7bcf44023da2b06fc5f9e163dab2ce5e86951a9e4e0a3928ab7,909,d3cb81eca5293059ea14a1fbfa7baf8f3a568fe53b8eb69e811b696513da4e12,raw 14-line blank-separated block; full-length sonnet layout failed,checkpoint-6D standard-Italian unit gate,,hold_14_line_block_insufficient_sonnet_or_attribution_evidence,conditioned_or_inactive_hold,inactive_hold
route:ilc_ota:sonnet:ilc_rosmini:Antonio_Rosmini_R03:block_0244,ilc_ota:record:ilc_rosmini:Antonio_Rosmini_R03,,ilc_ota:sonnet:ilc_rosmini:Antonio_Rosmini_R03:block_0244,ilc_ota,Versione elettronica di testi relativi al periodo 800 - 900 Antropologia soprannaturale Vol.II,Antonio Rosmini,271316,272278,14,00656ad5b591e7bcf44023da2b06fc5f9e163dab2ce5e86951a9e4e0a3928ab7,962,42a36c514a66607180642e234346e8c417339f8b0713eaaf673e329aaad31e7a,raw 14-line blank-separated block; full-length sonnet layout failed,checkpoint-6D standard-Italian unit gate,,hold_14_line_block_insufficient_sonnet_or_attribution_evidence,conditioned_or_inactive_hold,inactive_hold
route:ilc_ota:sonnet:ilc_rosmini:Antonio_Rosmini_R03:block_0305,ilc_ota:record:ilc_rosmini:Antonio_Rosmini_R03,,ilc_ota:sonnet:ilc_rosmini:Antonio_Rosmini_R03:block_0305,ilc_ota,Versione elettronica di testi relativi al periodo 800 - 900 Antropologia soprannaturale Vol.II,Antonio Rosmini,317168,318050,14,00656ad5b591e7bcf44023da2b06fc5f9e163dab2ce5e86951a9e4e0a3928ab7,882,d5302561d5749e1badab8b5f138fd3b28c27379416f40284ad6669d8c72194b2,raw 14-line blank-separated block; full-length sonnet layout failed,checkpoint-6D standard-Italian unit gate,,hold_14_line_block_insufficient_sonnet_or_attribution_evidence,conditioned_or_inactive_hold,inactive_hold
route:ilc_ota:sonnet:ilc_rosmini:Antonio_Rosmini_R03:block_0322,ilc_ota:record:ilc_rosmini:Antonio_Rosmini_R03,,ilc_ota:sonnet:ilc_rosmini:Antonio_Rosmini_R03:block_0322,ilc_ota,Versione elettronica di testi relativi al periodo 800 - 900 Antropologia soprannaturale Vol.II,Antonio Rosmini,330974,331935,14,00656ad5b591e7bcf44023da2b06fc5f9e163dab2ce5e86951a9e4e0a3928ab7,961,c1c09bf8a9104ce1a31ab6fa95e7db7b8dfc8dd84861261e30f3fe32cdc8da8e,raw 14-line blank-separated block; full-length sonnet layout failed,checkpoint-6D standard-Italian unit gate,,hold_14_line_block_insufficient_sonnet_or_attribution_evidence,conditioned_or_inactive_hold,inactive_hold
route:ilc_ota:sonnet:ilc_rosmini:Antonio_Rosmini_R03:block_0339,ilc_ota:record:ilc_rosmini:Antonio_Rosmini_R03,,ilc_ota:sonnet:ilc_rosmini:Antonio_Rosmini_R03:block_0339,ilc_ota,Versione elettronica di testi relativi al periodo 800 - 900 Antropologia soprannaturale Vol.II,Antonio Rosmini,342961,343886,14,00656ad5b591e7bcf44023da2b06fc5f9e163dab2ce5e86951a9e4e0a3928ab7,925,5539d600a8a3a2900e8594144d1617cd86ac65b91b047e463d3861b9c2dabf87,raw 14-line blank-separated block; full-length sonnet layout failed,checkpoint-6D standard-Italian unit gate,,hold_14_line_block_insufficient_sonnet_or_attribution_evidence,conditioned_or_inactive_hold,inactive_hold
route:ilc_ota:sonnet:ilc_rosmini:Antonio_Rosmini_R03:block_0380,ilc_ota:record:ilc_rosmini:Antonio_Rosmini_R03,,ilc_ota:sonnet:ilc_rosmini:Antonio_Rosmini_R03:block_0380,ilc_ota,Versione elettronica di testi relativi al periodo 800 - 900 Antropologia soprannaturale Vol.II,Antonio Rosmini,375728,376618,14,00656ad5b591e7bcf44023da2b06fc5f9e163dab2ce5e86951a9e4e0a3928ab7,890,0f1e395a009bb3dc8e2489b3c99810ab4d594c0f4ad2695637a00f257965b10a,raw 14-line blank-separated block; full-length sonnet layout failed,checkpoint-6D standard-Italian unit gate,,hold_14_line_block_insufficient_sonnet_or_attribution_evidence,conditioned_or_inactive_hold,inactive_hold
route:ilc_ota:sonnet:ilc_rosmini:Antonio_Rosmini_R03:block_0411,ilc_ota:record:ilc_rosmini:Antonio_Rosmini_R03,,ilc_ota:sonnet:ilc_rosmini:Antonio_Rosmini_R03:block_0411,ilc_ota,Versione elettronica di testi relativi al periodo 800 - 900 Antropologia soprannaturale Vol.II,Antonio Rosmini,398421,399386,14,00656ad5b591e7bcf44023da2b06fc5f9e163dab2ce5e86951a9e4e0a3928ab7,965,72574421b86b37b65368ed0bf218aac5fc59b4eda25ff38bdb462286f6a6d679,raw 14-line blank-separated block; full-length sonnet layout failed,checkpoint-6D standard-Italian unit gate,,hold_14_line_block_insufficient_sonnet_or_attribution_evidence,conditioned_or_inactive_hold,inactive_hold
route:ilc_ota:sonnet:ilc_rosmini:Antonio_Rosmini_R03:block_0428,ilc_ota:record:ilc_rosmini:Antonio_Rosmini_R03,,ilc_ota:sonnet:ilc_rosmini:Antonio_Rosmini_R03:block_0428,ilc_ota,Versione elettronica di testi relativi al periodo 800 - 900 Antropologia soprannaturale Vol.II,Antonio Rosmini,409798,410674,14,00656ad5b591e7bcf44023da2b06fc5f9e163dab2ce5e86951a9e4e0a3928ab7,876,5f753022ee9e2cac68a94a81680b934dd268481f12ee5d643fc7e7e1d52d21b4,raw 14-line blank-separated block; full-length sonnet layout failed,checkpoint-6D standard-Italian unit gate,,hold_14_line_block_insufficient_sonnet_or_attribution_evidence,conditioned_or_inactive_hold,inactive_hold
route:ilc_ota:sonnet:ilc_rosmini:Antonio_Rosmini_R03:block_0464,ilc_ota:record:ilc_rosmini:Antonio_Rosmini_R03,,ilc_ota:sonnet:ilc_rosmini:Antonio_Rosmini_R03:block_0464,ilc_ota,Versione elettronica di testi relativi al periodo 800 - 900 Antropologia soprannaturale Vol.II,Antonio Rosmini,433319,434242,14,00656ad5b591e7bcf44023da2b06fc5f9e163dab2ce5e86951a9e4e0a3928ab7,923,484395b845c7bfe8000e9aa009b8ea6452eecc33970a50cd22c8ad56c64355bc,raw 14-line blank-separated block; full-length sonnet layout failed,checkpoint-6D standard-Italian unit gate,,hold_14_line_block_insufficient_sonnet_or_attribution_evidence,conditioned_or_inactive_hold,inactive_hold
route:ilc_ota:sonnet:ilc_rosmini:Antonio_Rosmini_R03:block_0472,ilc_ota:record:ilc_rosmini:Antonio_Rosmini_R03,,ilc_ota:sonnet:ilc_rosmini:Antonio_Rosmini_R03:block_0472,ilc_ota,Versione elettronica di testi relativi al periodo 800 - 900 Antropologia soprannaturale Vol.II,Antonio Rosmini,438791,439759,14,00656ad5b591e7bcf44023da2b06fc5f9e163dab2ce5e86951a9e4e0a3928ab7,968,2a6ac205f1b9011086060493f04387fe8b54ee0cbda04dbeb82cc9ef523e277f,raw 14-line blank-separated block; full-length sonnet layout failed,checkpoint-6D standard-Italian unit gate,,hold_14_line_block_insufficient_sonnet_or_attribution_evidence,conditioned_or_inactive_hold,inactive_hold
route:ilc_ota:sonnet:ilc_rosmini:Antonio_Rosmini_R03:block_0574,ilc_ota:record:ilc_rosmini:Antonio_Rosmini_R03,,ilc_ota:sonnet:ilc_rosmini:Antonio_Rosmini_R03:block_0574,ilc_ota,Versione elettronica di testi relativi al periodo 800 - 900 Antropologia soprannaturale Vol.II,Antonio Rosmini,512890,513794,14,00656ad5b591e7bcf44023da2b06fc5f9e163dab2ce5e86951a9e4e0a3928ab7,904,421a1343fc2ba2db8b5d82df1ecac2f0bde3c5d4b656bb9565b5f4464f895cec,raw 14-line blank-separated block; full-length sonnet layout failed,checkpoint-6D standard-Italian unit gate,,hold_14_line_block_insufficient_sonnet_or_attribution_evidence,conditioned_or_inactive_hold,inactive_hold
route:ilc_ota:sonnet:ilc_rosmini:Antonio_Rosmini_R03:block_0577,ilc_ota:record:ilc_rosmini:Antonio_Rosmini_R03,,ilc_ota:sonnet:ilc_rosmini:Antonio_Rosmini_R03:block_0577,ilc_ota,Versione elettronica di testi relativi al periodo 800 - 900 Antropologia soprannaturale Vol.II,Antonio Rosmini,516230,517158,14,00656ad5b591e7bcf44023da2b06fc5f9e163dab2ce5e86951a9e4e0a3928ab7,928,e137623775728e6061cd532b123bf8ee39652bb0efe7ddf64a03f43507fb1bce,raw 14-line blank-separated block; full-length sonnet layout failed,checkpoint-6D standard-Italian unit gate,,hold_14_line_block_insufficient_sonnet_or_attribution_evidence,conditioned_or_inactive_hold,inactive_hold
route:ilc_ota:sonnet:ilc_rosmini:Antonio_Rosmini_R03:block_0609,ilc_ota:record:ilc_rosmini:Antonio_Rosmini_R03,,ilc_ota:sonnet:ilc_rosmini:Antonio_Rosmini_R03:block_0609,ilc_ota,Versione elettronica di testi relativi al periodo 800 - 900 Antropologia soprannaturale Vol.II,Antonio Rosmini,541936,542748,14,00656ad5b591e7bcf44023da2b06fc5f9e163dab2ce5e86951a9e4e0a3928ab7,812,bffc11c896513b80d8a500ed3810de28d46407e3cba2decc5514da40f9328001,raw 14-line blank-separated block; full-length sonnet layout failed,checkpoint-6D standard-Italian unit gate,,hold_14_line_block_insufficient_sonnet_or_attribution_evidence,conditioned_or_inactive_hold,inactive_hold
route:ilc_ota:sonnet:ilc_rosmini:Antonio_Rosmini_R03:block_0613,ilc_ota:record:ilc_rosmini:Antonio_Rosmini_R03,,ilc_ota:sonnet:ilc_rosmini:Antonio_Rosmini_R03:block_0613,ilc_ota,Versione elettronica di testi relativi al periodo 800 - 900 Antropologia soprannaturale Vol.II,Antonio Rosmini,548194,549053,14,00656ad5b591e7bcf44023da2b06fc5f9e163dab2ce5e86951a9e4e0a3928ab7,859,eb629d0c68b5423e0fceb3a41725d7c987a84088ddf19a412c63ba9051296696,raw 14-line blank-separated block; full-length sonnet layout failed,checkpoint-6D standard-Italian unit gate,,hold_14_line_block_insufficient_sonnet_or_attribution_evidence,conditioned_or_inactive_hold,inactive_hold
route:ilc_ota:sonnet:ilc_rosmini:Antonio_Rosmini_R03:block_0648,ilc_ota:record:ilc_rosmini:Antonio_Rosmini_R03,,ilc_ota:sonnet:ilc_rosmini:Antonio_Rosmini_R03:block_0648,ilc_ota,Versione elettronica di testi relativi al periodo 800 - 900 Antropologia soprannaturale Vol.II,Antonio Rosmini,576610,577514,14,00656ad5b591e7bcf44023da2b06fc5f9e163dab2ce5e86951a9e4e0a3928ab7,904,749b68342854811938fd112de8cf506f88ae39cdad18eaab20c55047ab3fd142,raw 14-line blank-separated block; full-length sonnet layout failed,checkpoint-6D standard-Italian unit gate,,hold_14_line_block_insufficient_sonnet_or_attribution_evidence,conditioned_or_inactive_hold,inactive_hold
route:ilc_ota:sonnet:ilc_rosmini:Antonio_Rosmini_R03:block_0683,ilc_ota:record:ilc_rosmini:Antonio_Rosmini_R03,,ilc_ota:sonnet:ilc_rosmini:Antonio_Rosmini_R03:block_0683,ilc_ota,Versione elettronica di testi relativi al periodo 800 - 900 Antropologia soprannaturale Vol.II,Antonio Rosmini,605884,606752,14,00656ad5b591e7bcf44023da2b06fc5f9e163dab2ce5e86951a9e4e0a3928ab7,868,f46292068b3becdc3e0230e50f1828cbadd460f3033cc0ed9b22d7c7043c6f97,raw 14-line blank-separated block; full-length sonnet layout failed,checkpoint-6D standard-Italian unit gate,,hold_14_line_block_insufficient_sonnet_or_attribution_evidence,conditioned_or_inactive_hold,inactive_hold
route:ilc_ota:sonnet:ilc_rosmini:Antonio_Rosmini_R03:block_0831,ilc_ota:record:ilc_rosmini:Antonio_Rosmini_R03,,ilc_ota:sonnet:ilc_rosmini:Antonio_Rosmini_R03:block_0831,ilc_ota,Versione elettronica di testi relativi al periodo 800 - 900 Antropologia soprannaturale Vol.II,Antonio Rosmini,751304,752264,14,00656ad5b591e7bcf44023da2b06fc5f9e163dab2ce5e86951a9e4e0a3928ab7,960,1909a42cf0706e48be60718c38cba485114e25b7390269c5b3f88fe9a0c341bc,raw 14-line blank-separated block; full-length sonnet layout failed,checkpoint-6D standard-Italian unit gate,,hold_14_line_block_insufficient_sonnet_or_attribution_evidence,conditioned_or_inactive_hold,inactive_hold
route:ilc_ota:sonnet:ilc_rosmini:Antonio_Rosmini_R03:block_0849,ilc_ota:record:ilc_rosmini:Antonio_Rosmini_R03,,ilc_ota:sonnet:ilc_rosmini:Antonio_Rosmini_R03:block_0849,ilc_ota,Versione elettronica di testi relativi al periodo 800 - 900 Antropologia soprannaturale Vol.II,Antonio Rosmini,768015,769046,14,00656ad5b591e7bcf44023da2b06fc5f9e163dab2ce5e86951a9e4e0a3928ab7,1031,379b6b41783c55f088d0eb35bb7dbc19f99fdfdd91009599c7ad95c252f5f930,raw 14-line blank-separated block; full-length sonnet layout failed,checkpoint-6D standard-Italian unit gate,,hold_14_line_block_insufficient_sonnet_or_attribution_evidence,conditioned_or_inactive_hold,inactive_hold
route:ilc_ota:sonnet:ilc_rosmini:Antonio_Rosmini_R03:block_0853,ilc_ota:record:ilc_rosmini:Antonio_Rosmini_R03,,ilc_ota:sonnet:ilc_rosmini:Antonio_Rosmini_R03:block_0853,ilc_ota,Versione elettronica di testi relativi al periodo 800 - 900 Antropologia soprannaturale Vol.II,Antonio Rosmini,772070,773089,14,00656ad5b591e7bcf44023da2b06fc5f9e163dab2ce5e86951a9e4e0a3928ab7,1019,c64e2a81e89f283436563fb994df73ab3ca12ae62d0d9f132f135d2bbda25217,raw 14-line blank-separated block; full-length sonnet layout failed,checkpoint-6D standard-Italian unit gate,,hold_14_line_block_insufficient_sonnet_or_attribution_evidence,conditioned_or_inactive_hold,inactive_hold
route:ilc_ota:sonnet:ilc_rosmini:Antonio_Rosmini_R03:block_0856,ilc_ota:record:ilc_rosmini:Antonio_Rosmini_R03,,ilc_ota:sonnet:ilc_rosmini:Antonio_Rosmini_R03:block_0856,ilc_ota,Versione elettronica di testi relativi al periodo 800 - 900 Antropologia soprannaturale Vol.II,Antonio Rosmini,775563,776489,14,00656ad5b591e7bcf44023da2b06fc5f9e163dab2ce5e86951a9e4e0a3928ab7,926,da0f59b6c5f17f665f2cb013d7fc3d44a657a3e48116d6561be7b8f45d8db8ca,raw 14-line blank-separated block; full-length sonnet layout failed,checkpoint-6D standard-Italian unit gate,,hold_14_line_block_insufficient_sonnet_or_attribution_evidence,conditioned_or_inactive_hold,inactive_hold
route:ilc_ota:sonnet:ilc_rosmini:Antonio_Rosmini_R03:block_0860,ilc_ota:record:ilc_rosmini:Antonio_Rosmini_R03,,ilc_ota:sonnet:ilc_rosmini:Antonio_Rosmini_R03:block_0860,ilc_ota,Versione elettronica di testi relativi al periodo 800 - 900 Antropologia soprannaturale Vol.II,Antonio Rosmini,777937,778909,14,00656ad5b591e7bcf44023da2b06fc5f9e163dab2ce5e86951a9e4e0a3928ab7,972,7a4340b22e1f7789f2d2d6fb903cb3dcee6555ae330137030919bd487697ff46,raw 14-line blank-separated block; full-length sonnet layout failed,checkpoint-6D standard-Italian unit gate,,hold_14_line_block_insufficient_sonnet_or_attribution_evidence,conditioned_or_inactive_hold,inactive_hold
route:ilc_ota:sonnet:ilc_rosmini:Antonio_Rosmini_R03:block_0909,ilc_ota:record:ilc_rosmini:Antonio_Rosmini_R03,,ilc_ota:sonnet:ilc_rosmini:Antonio_Rosmini_R03:block_0909,ilc_ota,Versione elettronica di testi relativi al periodo 800 - 900 Antropologia soprannaturale Vol.II,Antonio Rosmini,851403,852419,14,00656ad5b591e7bcf44023da2b06fc5f9e163dab2ce5e86951a9e4e0a3928ab7,1017,6864cf4d58c08523047def3c6ea2333bceb630b3211450c66ee23e7da8e7a392,raw 14-line blank-separated block; full-length sonnet layout failed,checkpoint-6D standard-Italian unit gate,,hold_14_line_block_insufficient_sonnet_or_attribution_evidence,conditioned_or_inactive_hold,inactive_hold
route:ilc_ota:sonnet:ilc_rosmini:Antonio_Rosmini_R04:block_0018,ilc_ota:record:ilc_rosmini:Antonio_Rosmini_R04,,ilc_ota:sonnet:ilc_rosmini:Antonio_Rosmini_R04:block_0018,ilc_ota,Versione elettronica di testi relativi al periodo 800 - 900 Apologetica,Antonio Rosmini,23777,24646,14,1d95079cca04e53a362bcf900c5f13689a9e6022a3e4502e84dd5d976a62381c,869,6ebf7e48ec883e4f3aad77891e8dfae13cf8837e7fbcdeb848e96f50c9853b21,raw 14-line blank-separated block; full-length sonnet layout failed,checkpoint-6D standard-Italian unit gate,,hold_14_line_block_insufficient_sonnet_or_attribution_evidence,conditioned_or_inactive_hold,inactive_hold
route:ilc_ota:sonnet:ilc_rosmini:Antonio_Rosmini_R04:block_0036,ilc_ota:record:ilc_rosmini:Antonio_Rosmini_R04,,ilc_ota:sonnet:ilc_rosmini:Antonio_Rosmini_R04:block_0036,ilc_ota,Versione elettronica di testi relativi al periodo 800 - 900 Apologetica,Antonio Rosmini,44394,45142,14,1d95079cca04e53a362bcf900c5f13689a9e6022a3e4502e84dd5d976a62381c,748,10f782bc33dc33152a7507b985ade257d7cd88f6bd3f8babb221593d30880aed,raw 14-line blank-separated block; full-length sonnet layout failed,checkpoint-6D standard-Italian unit gate,,hold_14_line_block_insufficient_sonnet_or_attribution_evidence,conditioned_or_inactive_hold,inactive_hold
route:ilc_ota:sonnet:ilc_rosmini:Antonio_Rosmini_R04:block_0052,ilc_ota:record:ilc_rosmini:Antonio_Rosmini_R04,,ilc_ota:sonnet:ilc_rosmini:Antonio_Rosmini_R04:block_0052,ilc_ota,Versione elettronica di testi relativi al periodo 800 - 900 Apologetica,Antonio Rosmini,56470,57148,14,1d95079cca04e53a362bcf900c5f13689a9e6022a3e4502e84dd5d976a62381c,678,f9266e244fddd582b8016ca570101085281706e82e81210d235d25a2e683657c,raw 14-line blank-separated block; full-length sonnet layout failed,checkpoint-6D standard-Italian unit gate,,hold_14_line_block_insufficient_sonnet_or_attribution_evidence,conditioned_or_inactive_hold,inactive_hold
route:ilc_ota:sonnet:ilc_rosmini:Antonio_Rosmini_R04:block_0196,ilc_ota:record:ilc_rosmini:Antonio_Rosmini_R04,,ilc_ota:sonnet:ilc_rosmini:Antonio_Rosmini_R04:block_0196,ilc_ota,Versione elettronica di testi relativi al periodo 800 - 900 Apologetica,Antonio Rosmini,206049,206844,14,1d95079cca04e53a362bcf900c5f13689a9e6022a3e4502e84dd5d976a62381c,795,5c463489fd5740b4a9ebe99ad18183134f034535f4c9e19a0d634e869f47b64e,raw 14-line blank-separated block; full-length sonnet layout failed,checkpoint-6D standard-Italian unit gate,,hold_14_line_block_insufficient_sonnet_or_attribution_evidence,conditioned_or_inactive_hold,inactive_hold
route:ilc_ota:sonnet:ilc_rosmini:Antonio_Rosmini_R05:block_0068,ilc_ota:record:ilc_rosmini:Antonio_Rosmini_R05,,ilc_ota:sonnet:ilc_rosmini:Antonio_Rosmini_R05:block_0068,ilc_ota,Versione elettronica di testi relativi al periodo 800 - 900 Aristotele esposto ed esaminato vol. I,Antonio Rosmini,108328,109299,14,dd73561773acbe94fbcf5016948079fd0bf9ef28370f529fa13472399a45dfc2,971,ad393890003b0df045b100c86d827ac7f1720b3c0058d757276df80aefbd4107,raw 14-line blank-separated block; full-length sonnet layout failed,checkpoint-6D standard-Italian unit gate,,hold_14_line_block_insufficient_sonnet_or_attribution_evidence,conditioned_or_inactive_hold,inactive_hold
route:ilc_ota:sonnet:ilc_rosmini:Antonio_Rosmini_R05:block_0080,ilc_ota:record:ilc_rosmini:Antonio_Rosmini_R05,,ilc_ota:sonnet:ilc_rosmini:Antonio_Rosmini_R05:block_0080,ilc_ota,Versione elettronica di testi relativi al periodo 800 - 900 Aristotele esposto ed esaminato vol. I,Antonio Rosmini,125520,126453,14,dd73561773acbe94fbcf5016948079fd0bf9ef28370f529fa13472399a45dfc2,933,dea592cf3a58fcb079398013bc7de6f77edbcadd87df291a768f8ec76f68e6e6,raw 14-line blank-separated block; full-length sonnet layout failed,checkpoint-6D standard-Italian unit gate,,hold_14_line_block_insufficient_sonnet_or_attribution_evidence,conditioned_or_inactive_hold,inactive_hold
route:ilc_ota:sonnet:ilc_rosmini:Antonio_Rosmini_R05:block_0140,ilc_ota:record:ilc_rosmini:Antonio_Rosmini_R05,,ilc_ota:sonnet:ilc_rosmini:Antonio_Rosmini_R05:block_0140,ilc_ota,Versione elettronica di testi relativi al periodo 800 - 900 Aristotele esposto ed esaminato vol. I,Antonio Rosmini,177420,178401,14,dd73561773acbe94fbcf5016948079fd0bf9ef28370f529fa13472399a45dfc2,981,539964f6ba15d0ac5c7a153f95edc5ad4e9b17d17ae1043ca5d04b111809957a,raw 14-line blank-separated block; full-length sonnet layout failed,checkpoint-6D standard-Italian unit gate,,hold_14_line_block_insufficient_sonnet_or_attribution_evidence,conditioned_or_inactive_hold,inactive_hold
route:ilc_ota:sonnet:ilc_rosmini:Antonio_Rosmini_R05:block_0150,ilc_ota:record:ilc_rosmini:Antonio_Rosmini_R05,,ilc_ota:sonnet:ilc_rosmini:Antonio_Rosmini_R05:block_0150,ilc_ota,Versione elettronica di testi relativi al periodo 800 - 900 Aristotele esposto ed esaminato vol. I,Antonio Rosmini,188635,189536,14,dd73561773acbe94fbcf5016948079fd0bf9ef28370f529fa13472399a45dfc2,901,81d76fecb1372ed88c580280f08fe2760e603dffa99675a108e1bc029f6dbe40,raw 14-line blank-separated block; full-length sonnet layout failed,checkpoint-6D standard-Italian unit gate,,hold_14_line_block_insufficient_sonnet_or_attribution_evidence,conditioned_or_inactive_hold,inactive_hold
route:ilc_ota:sonnet:ilc_rosmini:Antonio_Rosmini_R05:block_0155,ilc_ota:record:ilc_rosmini:Antonio_Rosmini_R05,,ilc_ota:sonnet:ilc_rosmini:Antonio_Rosmini_R05:block_0155,ilc_ota,Versione elettronica di testi relativi al periodo 800 - 900 Aristotele esposto ed esaminato vol. I,Antonio Rosmini,195910,196850,14,dd73561773acbe94fbcf5016948079fd0bf9ef28370f529fa13472399a45dfc2,940,fd146cf1c61672ac819b82af3ec85e6e6be9f2136d622a0dfecb6bcea0635131,raw 14-line blank-separated block; full-length sonnet layout failed,checkpoint-6D standard-Italian unit gate,,hold_14_line_block_insufficient_sonnet_or_attribution_evidence,conditioned_or_inactive_hold,inactive_hold
route:ilc_ota:sonnet:ilc_rosmini:Antonio_Rosmini_R05:block_0158,ilc_ota:record:ilc_rosmini:Antonio_Rosmini_R05,,ilc_ota:sonnet:ilc_rosmini:Antonio_Rosmini_R05:block_0158,ilc_ota,Versione elettronica di testi relativi al periodo 800 - 900 Aristotele esposto ed esaminato vol. I,Antonio Rosmini,198148,199046,14,dd73561773acbe94fbcf5016948079fd0bf9ef28370f529fa13472399a45dfc2,898,8b59734b856406f1391e3ceaf83f035a916a0fd30240f2483781eabce7458b22,raw 14-line blank-separated block; full-length sonnet layout failed,checkpoint-6D standard-Italian unit gate,,hold_14_line_block_insufficient_sonnet_or_attribution_evidence,conditioned_or_inactive_hold,inactive_hold
route:ilc_ota:sonnet:ilc_rosmini:Antonio_Rosmini_R05:block_0160,ilc_ota:record:ilc_rosmini:Antonio_Rosmini_R05,,ilc_ota:sonnet:ilc_rosmini:Antonio_Rosmini_R05:block_0160,ilc_ota,Versione elettronica di testi relativi al periodo 800 - 900 Aristotele esposto ed esaminato vol. I,Antonio Rosmini,199331,200308,14,dd73561773acbe94fbcf5016948079fd0bf9ef28370f529fa13472399a45dfc2,977,7bafba65a5878a28726c62328bc833269c2a48c9eb63f98313d57df6ed9fd3d1,raw 14-line blank-separated block; full-length sonnet layout failed,checkpoint-6D standard-Italian unit gate,,hold_14_line_block_insufficient_sonnet_or_attribution_evidence,conditioned_or_inactive_hold,inactive_hold
route:ilc_ota:sonnet:ilc_rosmini:Antonio_Rosmini_R05:block_0205,ilc_ota:record:ilc_rosmini:Antonio_Rosmini_R05,,ilc_ota:sonnet:ilc_rosmini:Antonio_Rosmini_R05:block_0205,ilc_ota,Versione elettronica di testi relativi al periodo 800 - 900 Aristotele esposto ed esaminato vol. I,Antonio Rosmini,246658,247551,14,dd73561773acbe94fbcf5016948079fd0bf9ef28370f529fa13472399a45dfc2,893,e3e0fe27f204d9b3aeb909a442b9a951d9f4fdbf999fd6f6c6d85421f553d555,raw 14-line blank-separated block; full-length sonnet layout failed,checkpoint-6D standard-Italian unit gate,,hold_14_line_block_insufficient_sonnet_or_attribution_evidence,conditioned_or_inactive_hold,inactive_hold
route:ilc_ota:sonnet:ilc_rosmini:Antonio_Rosmini_R05:block_0221,ilc_ota:record:ilc_rosmini:Antonio_Rosmini_R05,,ilc_ota:sonnet:ilc_rosmini:Antonio_Rosmini_R05:block_0221,ilc_ota,Versione elettronica di testi relativi al periodo 800 - 900 Aristotele esposto ed esaminato vol. I,Antonio Rosmini,258404,259260,14,dd73561773acbe94fbcf5016948079fd0bf9ef28370f529fa13472399a45dfc2,856,fe492e178e717670b8ba114f7e17f0481dfa7824857d4d1391efdf9ce8c417ae,raw 14-line blank-separated block; full-length sonnet layout failed,checkpoint-6D standard-Italian unit gate,,hold_14_line_block_insufficient_sonnet_or_attribution_evidence,conditioned_or_inactive_hold,inactive_hold
route:ilc_ota:sonnet:ilc_rosmini:Antonio_Rosmini_R05:block_0285,ilc_ota:record:ilc_rosmini:Antonio_Rosmini_R05,,ilc_ota:sonnet:ilc_rosmini:Antonio_Rosmini_R05:block_0285,ilc_ota,Versione elettronica di testi relativi al periodo 800 - 900 Aristotele esposto ed esaminato vol. I,Antonio Rosmini,302635,303532,14,dd73561773acbe94fbcf5016948079fd0bf9ef28370f529fa13472399a45dfc2,897,ebc245487602f467db14fcb268cd0f41509910113271b1d7d758e4a612f38b3a,raw 14-line blank-separated block; full-length sonnet layout failed,checkpoint-6D standard-Italian unit gate,,hold_14_line_block_insufficient_sonnet_or_attribution_evidence,conditioned_or_inactive_hold,inactive_hold
route:ilc_ota:sonnet:ilc_rosmini:Antonio_Rosmini_R05:block_0306,ilc_ota:record:ilc_rosmini:Antonio_Rosmini_R05,,ilc_ota:sonnet:ilc_rosmini:Antonio_Rosmini_R05:block_0306,ilc_ota,Versione elettronica di testi relativi al periodo 800 - 900 Aristotele esposto ed esaminato vol. I,Antonio Rosmini,325205,326061,14,dd73561773acbe94fbcf5016948079fd0bf9ef28370f529fa13472399a45dfc2,856,7e8c8499887e25c9bb4d2d77df11c50a21510310f15e2fb7ac292e801b0d7508,raw 14-line blank-separated block; full-length sonnet layout failed,checkpoint-6D standard-Italian unit gate,,hold_14_line_block_insufficient_sonnet_or_attribution_evidence,conditioned_or_inactive_hold,inactive_hold
route:ilc_ota:sonnet:ilc_rosmini:Antonio_Rosmini_R05:block_0308,ilc_ota:record:ilc_rosmini:Antonio_Rosmini_R05,,ilc_ota:sonnet:ilc_rosmini:Antonio_Rosmini_R05:block_0308,ilc_ota,Versione elettronica di testi relativi al periodo 800 - 900 Aristotele esposto ed esaminato vol. I,Antonio Rosmini,327747,328766,14,dd73561773acbe94fbcf5016948079fd0bf9ef28370f529fa13472399a45dfc2,1019,f37aa17bbc0cafaaac3bde4ee56929a98f6548bc9f6127509320964d8cad24bc,raw 14-line blank-separated block; full-length sonnet layout failed,checkpoint-6D standard-Italian unit gate,,hold_14_line_block_insufficient_sonnet_or_attribution_evidence,conditioned_or_inactive_hold,inactive_hold
route:ilc_ota:sonnet:ilc_rosmini:Antonio_Rosmini_R05:block_0344,ilc_ota:record:ilc_rosmini:Antonio_Rosmini_R05,,ilc_ota:sonnet:ilc_rosmini:Antonio_Rosmini_R05:block_0344,ilc_ota,Versione elettronica di testi relativi al periodo 800 - 900 Aristotele esposto ed esaminato vol. I,Antonio Rosmini,364689,365635,14,dd73561773acbe94fbcf5016948079fd0bf9ef28370f529fa13472399a45dfc2,946,53134c18e5862779f12aeb7fde820876b54f866c49aec9a43cf0844d4c5c1fbe,raw 14-line blank-separated block; full-length sonnet layout failed,checkpoint-6D standard-Italian unit gate,,hold_14_line_block_insufficient_sonnet_or_attribution_evidence,conditioned_or_inactive_hold,inactive_hold
route:ilc_ota:sonnet:ilc_rosmini:Antonio_Rosmini_R05:block_0396,ilc_ota:record:ilc_rosmini:Antonio_Rosmini_R05,,ilc_ota:sonnet:ilc_rosmini:Antonio_Rosmini_R05:block_0396,ilc_ota,Versione elettronica di testi relativi al periodo 800 - 900 Aristotele esposto ed esaminato vol. I,Antonio Rosmini,439640,440547,14,dd73561773acbe94fbcf5016948079fd0bf9ef28370f529fa13472399a45dfc2,907,bab7866f10846d362d5d93cc9507805ba2cacc5fd0d6b8617d0157e070ae0a06,raw 14-line blank-separated block; full-length sonnet layout failed,checkpoint-6D standard-Italian unit gate,,hold_14_line_block_insufficient_sonnet_or_attribution_evidence,conditioned_or_inactive_hold,inactive_hold
route:ilc_ota:sonnet:ilc_rosmini:Antonio_Rosmini_R05:block_0397,ilc_ota:record:ilc_rosmini:Antonio_Rosmini_R05,,ilc_ota:sonnet:ilc_rosmini:Antonio_Rosmini_R05:block_0397,ilc_ota,Versione elettronica di testi relativi al periodo 800 - 900 Aristotele esposto ed esaminato vol. I,Antonio Rosmini,440548,441534,14,dd73561773acbe94fbcf5016948079fd0bf9ef28370f529fa13472399a45dfc2,986,552519aea6c2e0459a9b3da04780187c791e317ccaac630da90289b7e296b545,raw 14-line blank-separated block; full-length sonnet layout failed,checkpoint-6D standard-Italian unit gate,,hold_14_line_block_insufficient_sonnet_or_attribution_evidence,conditioned_or_inactive_hold,inactive_hold
route:ilc_ota:sonnet:ilc_rosmini:Antonio_Rosmini_R05:block_0408,ilc_ota:record:ilc_rosmini:Antonio_Rosmini_R05,,ilc_ota:sonnet:ilc_rosmini:Antonio_Rosmini_R05:block_0408,ilc_ota,Versione elettronica di testi relativi al periodo 800 - 900 Aristotele esposto ed esaminato vol. I,Antonio Rosmini,454087,455074,14,dd73561773acbe94fbcf5016948079fd0bf9ef28370f529fa13472399a45dfc2,987,00b2bb4a6d7aa5ee2470331e72c94987a600e2003562bcdd9d0822c154877b8a,raw 14-line blank-separated block; full-length sonnet layout failed,checkpoint-6D standard-Italian unit gate,,hold_14_line_block_insufficient_sonnet_or_attribution_evidence,conditioned_or_inactive_hold,inactive_hold
route:ilc_ota:sonnet:ilc_rosmini:Antonio_Rosmini_R05:block_0409,ilc_ota:record:ilc_rosmini:Antonio_Rosmini_R05,,ilc_ota:sonnet:ilc_rosmini:Antonio_Rosmini_R05:block_0409,ilc_ota,Versione elettronica di testi relativi al periodo 800 - 900 Aristotele esposto ed esaminato vol. I,Antonio Rosmini,455075,456076,14,dd73561773acbe94fbcf5016948079fd0bf9ef28370f529fa13472399a45dfc2,1001,67a74864e3f222429d304b8fbdeaf43edd168f3243e4736a13832c445ebf7358,raw 14-line blank-separated block; full-length sonnet layout failed,checkpoint-6D standard-Italian unit gate,,hold_14_line_block_insufficient_sonnet_or_attribution_evidence,conditioned_or_inactive_hold,inactive_hold
route:ilc_ota:sonnet:ilc_rosmini:Antonio_Rosmini_R05:block_0453,ilc_ota:record:ilc_rosmini:Antonio_Rosmini_R05,,ilc_ota:sonnet:ilc_rosmini:Antonio_Rosmini_R05:block_0453,ilc_ota,Versione elettronica di testi relativi al periodo 800 - 900 Aristotele esposto ed esaminato vol. I,Antonio Rosmini,489545,490452,14,dd73561773acbe94fbcf5016948079fd0bf9ef28370f529fa13472399a45dfc2,907,aa12eea1b253eef4add8fb517e504bf4f3c045b3986e1d72057eeb7cdb899344,raw 14-line blank-separated block; full-length sonnet layout failed,checkpoint-6D standard-Italian unit gate,,hold_14_line_block_insufficient_sonnet_or_attribution_evidence,conditioned_or_inactive_hold,inactive_hold
route:ilc_ota:sonnet:ilc_rosmini:Antonio_Rosmini_R05:block_0464,ilc_ota:record:ilc_rosmini:Antonio_Rosmini_R05,,ilc_ota:sonnet:ilc_rosmini:Antonio_Rosmini_R05:block_0464,ilc_ota,Versione elettronica di testi relativi al periodo 800 - 900 Aristotele esposto ed esaminato vol. I,Antonio Rosmini,499621,500623,14,dd73561773acbe94fbcf5016948079fd0bf9ef28370f529fa13472399a45dfc2,1002,02c096567cb5242f44d72b2f7041d594f7669cde298c1ac25a4bb24899f4d1f5,raw 14-line blank-separated block; full-length sonnet layout failed,checkpoint-6D standard-Italian unit gate,,hold_14_line_block_insufficient_sonnet_or_attribution_evidence,conditioned_or_inactive_hold,inactive_hold
route:ilc_ota:sonnet:ilc_rosmini:Antonio_Rosmini_R06:block_0064,ilc_ota:record:ilc_rosmini:Antonio_Rosmini_R06,,ilc_ota:sonnet:ilc_rosmini:Antonio_Rosmini_R06:block_0064,ilc_ota,Versione elettronica di testi relativi al periodo 800 - 900 Aristotele esposto ed esaminato vol. II,Antonio Rosmini,63106,64055,14,53eeeb5073abbb52ba1d44be91b7c4c0ac5c484e01b7cf0ac9a1e3dfd36b84d2,949,bb5c237b6c1647639f7046f1826895acf9b9433539e5eb65a1f004d0fdac1349,raw 14-line blank-separated block; full-length sonnet layout failed,checkpoint-6D standard-Italian unit gate,,hold_14_line_block_insufficient_sonnet_or_attribution_evidence,conditioned_or_inactive_hold,inactive_hold
route:ilc_ota:sonnet:ilc_rosmini:Antonio_Rosmini_R06:block_0095,ilc_ota:record:ilc_rosmini:Antonio_Rosmini_R06,,ilc_ota:sonnet:ilc_rosmini:Antonio_Rosmini_R06:block_0095,ilc_ota,Versione elettronica di testi relativi al periodo 800 - 900 Aristotele esposto ed esaminato vol. II,Antonio Rosmini,103898,104845,14,53eeeb5073abbb52ba1d44be91b7c4c0ac5c484e01b7cf0ac9a1e3dfd36b84d2,947,3e8bc8d53ff23669ed44aac27e2c8e1ef8af07fe2809228464f86bc56ca7e21c,raw 14-line blank-separated block; full-length sonnet layout failed,checkpoint-6D standard-Italian unit gate,,hold_14_line_block_insufficient_sonnet_or_attribution_evidence,conditioned_or_inactive_hold,inactive_hold
route:ilc_ota:sonnet:ilc_rosmini:Antonio_Rosmini_R06:block_0148,ilc_ota:record:ilc_rosmini:Antonio_Rosmini_R06,,ilc_ota:sonnet:ilc_rosmini:Antonio_Rosmini_R06:block_0148,ilc_ota,Versione elettronica di testi relativi al periodo 800 - 900 Aristotele esposto ed esaminato vol. II,Antonio Rosmini,163340,164156,14,53eeeb5073abbb52ba1d44be91b7c4c0ac5c484e01b7cf0ac9a1e3dfd36b84d2,816,6b6a11b2d337500113ecc80f51c3e859f871bd80eb5fc49513097444c897950a,raw 14-line blank-separated block; full-length sonnet layout failed,checkpoint-6D standard-Italian unit gate,,hold_14_line_block_insufficient_sonnet_or_attribution_evidence,conditioned_or_inactive_hold,inactive_hold
route:ilc_ota:sonnet:ilc_rosmini:Antonio_Rosmini_R06:block_0179,ilc_ota:record:ilc_rosmini:Antonio_Rosmini_R06,,ilc_ota:sonnet:ilc_rosmini:Antonio_Rosmini_R06:block_0179,ilc_ota,Versione elettronica di testi relativi al periodo 800 - 900 Aristotele esposto ed esaminato vol. II,Antonio Rosmini,189586,190563,14,53eeeb5073abbb52ba1d44be91b7c4c0ac5c484e01b7cf0ac9a1e3dfd36b84d2,977,8a31fbf0a2450132be3b99bd379d7915ae34556771abba0b8633d08d9b07c61a,raw 14-line blank-separated block; full-length sonnet layout failed,checkpoint-6D standard-Italian unit gate,,hold_14_line_block_insufficient_sonnet_or_attribution_evidence,conditioned_or_inactive_hold,inactive_hold
route:ilc_ota:sonnet:ilc_rosmini:Antonio_Rosmini_R06:block_0196,ilc_ota:record:ilc_rosmini:Antonio_Rosmini_R06,,ilc_ota:sonnet:ilc_rosmini:Antonio_Rosmini_R06:block_0196,ilc_ota,Versione elettronica di testi relativi al periodo 800 - 900 Aristotele esposto ed esaminato vol. II,Antonio Rosmini,205285,206309,14,53eeeb5073abbb52ba1d44be91b7c4c0ac5c484e01b7cf0ac9a1e3dfd36b84d2,1024,c2cfc7865ca4c2fb1f1ad797466ccd5003426fe7cdf7f7e0f2c0b62be8e37fac,raw 14-line blank-separated block; full-length sonnet layout failed,checkpoint-6D standard-Italian unit gate,,hold_14_line_block_insufficient_sonnet_or_attribution_evidence,conditioned_or_inactive_hold,inactive_hold
route:ilc_ota:sonnet:ilc_rosmini:Antonio_Rosmini_R06:block_0326,ilc_ota:record:ilc_rosmini:Antonio_Rosmini_R06,,ilc_ota:sonnet:ilc_rosmini:Antonio_Rosmini_R06:block_0326,ilc_ota,Versione elettronica di testi relativi al periodo 800 - 900 Aristotele esposto ed esaminato vol. II,Antonio Rosmini,341996,342918,14,53eeeb5073abbb52ba1d44be91b7c4c0ac5c484e01b7cf0ac9a1e3dfd36b84d2,922,77bf8056997e71968a71ad9a9338fe695457cec75064810f2bab8e1b62b3bffd,raw 14-line blank-separated block; full-length sonnet layout failed,checkpoint-6D standard-Italian unit gate,,hold_14_line_block_insufficient_sonnet_or_attribution_evidence,conditioned_or_inactive_hold,inactive_hold
route:ilc_ota:sonnet:ilc_rosmini:Antonio_Rosmini_R07:block_0049,ilc_ota:record:ilc_rosmini:Antonio_Rosmini_R07,,ilc_ota:sonnet:ilc_rosmini:Antonio_Rosmini_R07:block_0049,ilc_ota,Versione elettronica di testi relativi al periodo 800 - 900 Aristotele esposto ed esaminato vol. II,Antonio Rosmini,61944,62702,14,8b3b6fecebc13f3e51ebff3298a3963dad02a0d989e1eccbe09711eb4caedf10,758,1e87b40c6166a9f46ebedc4557f4fd4fd91bd5476b200ab8728142e537ab2ad8,raw 14-line blank-separated block; full-length sonnet layout failed,checkpoint-6D standard-Italian unit gate,,hold_14_line_block_insufficient_sonnet_or_attribution_evidence,conditioned_or_inactive_hold,inactive_hold
route:ilc_ota:sonnet:ilc_rosmini:Antonio_Rosmini_R07:block_0105,ilc_ota:record:ilc_rosmini:Antonio_Rosmini_R07,,ilc_ota:sonnet:ilc_rosmini:Antonio_Rosmini_R07:block_0105,ilc_ota,Versione elettronica di testi relativi al periodo 800 - 900 Aristotele esposto ed esaminato vol. II,Antonio Rosmini,136567,137274,14,8b3b6fecebc13f3e51ebff3298a3963dad02a0d989e1eccbe09711eb4caedf10,707,d1bd871733a9d042132d0705e2ab5c4635c11c16c528bb90719cdbbbed4b0ebf,raw 14-line blank-separated block; full-length sonnet layout failed,checkpoint-6D standard-Italian unit gate,,hold_14_line_block_insufficient_sonnet_or_attribution_evidence,conditioned_or_inactive_hold,inactive_hold
route:ilc_ota:sonnet:ilc_rosmini:Antonio_Rosmini_R07:block_0107,ilc_ota:record:ilc_rosmini:Antonio_Rosmini_R07,,ilc_ota:sonnet:ilc_rosmini:Antonio_Rosmini_R07:block_0107,ilc_ota,Versione elettronica di testi relativi al periodo 800 - 900 Aristotele esposto ed esaminato vol. II,Antonio Rosmini,137560,138250,14,8b3b6fecebc13f3e51ebff3298a3963dad02a0d989e1eccbe09711eb4caedf10,690,f69784c1c3ecb5cedc9e88090494d6a9d995fc9a78a0df99bdbf938d1ab1414c,raw 14-line blank-separated block; full-length sonnet layout failed,checkpoint-6D standard-Italian unit gate,,hold_14_line_block_insufficient_sonnet_or_attribution_evidence,conditioned_or_inactive_hold,inactive_hold
route:ilc_ota:sonnet:ilc_rosmini:Antonio_Rosmini_R09:block_0073,ilc_ota:record:ilc_rosmini:Antonio_Rosmini_R09,,ilc_ota:sonnet:ilc_rosmini:Antonio_Rosmini_R09:block_0073,ilc_ota,Versione elettronica di testi relativi al periodo 800 - 900 Costituzione secondo giustizia sociale,Antonio Rosmini,92489,93333,14,f3c4cc76afefe28a80cf6cf374e45ba351af7b29159c05713609eab4058ffa05,844,3a8c67bc6746be3eff1ddbb6f5404f4c797531b5b27b39f3843dc4d49f798285,raw 14-line blank-separated block; full-length sonnet layout failed,checkpoint-6D standard-Italian unit gate,,hold_14_line_block_insufficient_sonnet_or_attribution_evidence,conditioned_or_inactive_hold,inactive_hold
route:ilc_ota:sonnet:ilc_rosmini:Antonio_Rosmini_R09:block_0106,ilc_ota:record:ilc_rosmini:Antonio_Rosmini_R09,,ilc_ota:sonnet:ilc_rosmini:Antonio_Rosmini_R09:block_0106,ilc_ota,Versione elettronica di testi relativi al periodo 800 - 900 Costituzione secondo giustizia sociale,Antonio Rosmini,152092,153017,14,f3c4cc76afefe28a80cf6cf374e45ba351af7b29159c05713609eab4058ffa05,925,748dcac6796db9fe183629c0be8ceddc5504e0086caa6e1eb171bc69c64e0a20,raw 14-line blank-separated block; full-length sonnet layout failed,checkpoint-6D standard-Italian unit gate,,hold_14_line_block_insufficient_sonnet_or_attribution_evidence,conditioned_or_inactive_hold,inactive_hold
route:ilc_ota:sonnet:ilc_rosmini:Antonio_Rosmini_R09:block_0189,ilc_ota:record:ilc_rosmini:Antonio_Rosmini_R09,,ilc_ota:sonnet:ilc_rosmini:Antonio_Rosmini_R09:block_0189,ilc_ota,Versione elettronica di testi relativi al periodo 800 - 900 Costituzione secondo giustizia sociale,Antonio Rosmini,310932,311963,14,f3c4cc76afefe28a80cf6cf374e45ba351af7b29159c05713609eab4058ffa05,1031,8906cd56d1d77cec9eb53dfb0575356a69841ae6ae1b52ecce8e2f6a9dff93ef,raw 14-line blank-separated block; full-length sonnet layout failed,checkpoint-6D standard-Italian unit gate,,hold_14_line_block_insufficient_sonnet_or_attribution_evidence,conditioned_or_inactive_hold,inactive_hold
route:ilc_ota:sonnet:ilc_rosmini:Antonio_Rosmini_R09:block_0220,ilc_ota:record:ilc_rosmini:Antonio_Rosmini_R09,,ilc_ota:sonnet:ilc_rosmini:Antonio_Rosmini_R09:block_0220,ilc_ota,Versione elettronica di testi relativi al periodo 800 - 900 Costituzione secondo giustizia sociale,Antonio Rosmini,382828,383637,14,f3c4cc76afefe28a80cf6cf374e45ba351af7b29159c05713609eab4058ffa05,809,046890858c8a9593c588b1e47da2c1c571113ebf9330167e570b17c676368334,raw 14-line blank-separated block; full-length sonnet layout failed,checkpoint-6D standard-Italian unit gate,,hold_14_line_block_insufficient_sonnet_or_attribution_evidence,conditioned_or_inactive_hold,inactive_hold
route:ilc_ota:sonnet:ilc_rosmini:Antonio_Rosmini_R09:block_0235,ilc_ota:record:ilc_rosmini:Antonio_Rosmini_R09,,ilc_ota:sonnet:ilc_rosmini:Antonio_Rosmini_R09:block_0235,ilc_ota,Versione elettronica di testi relativi al periodo 800 - 900 Costituzione secondo giustizia sociale,Antonio Rosmini,407965,408834,14,f3c4cc76afefe28a80cf6cf374e45ba351af7b29159c05713609eab4058ffa05,869,db1a02c57976eaeb60829c6823e61b3431543006838b4b7bb08965662d801154,raw 14-line blank-separated block; full-length sonnet layout failed,checkpoint-6D standard-Italian unit gate,,hold_14_line_block_insufficient_sonnet_or_attribution_evidence,conditioned_or_inactive_hold,inactive_hold
route:ilc_ota:sonnet:ilc_rosmini:Antonio_Rosmini_R0A:block_0035,ilc_ota:record:ilc_rosmini:Antonio_Rosmini_R0A,,ilc_ota:sonnet:ilc_rosmini:Antonio_Rosmini_R0A:block_0035,ilc_ota,Versione elettronica di testi relativi al periodo 800 - 900 Del divino della natura,Antonio Rosmini,37670,38503,14,1db1de83fc0feabb0004ae2101fbcc543745b58a9754417a7a050803c871514c,833,9ece82020c9695da79871ab10671ee30eebf66c1297ee6abfe82c891346698ac,raw 14-line blank-separated block; full-length sonnet layout failed,checkpoint-6D standard-Italian unit gate,,hold_14_line_block_insufficient_sonnet_or_attribution_evidence,conditioned_or_inactive_hold,inactive_hold
route:ilc_ota:sonnet:ilc_rosmini:Antonio_Rosmini_R0A:block_0043,ilc_ota:record:ilc_rosmini:Antonio_Rosmini_R0A,,ilc_ota:sonnet:ilc_rosmini:Antonio_Rosmini_R0A:block_0043,ilc_ota,Versione elettronica di testi relativi al periodo 800 - 900 Del divino della natura,Antonio Rosmini,44274,45090,14,1db1de83fc0feabb0004ae2101fbcc543745b58a9754417a7a050803c871514c,816,43c783ab067810590cf53c371690c711fff6343ca494005b695aa5ab9576e510,raw 14-line blank-separated block; full-length sonnet layout failed,checkpoint-6D standard-Italian unit gate,,hold_14_line_block_insufficient_sonnet_or_attribution_evidence,conditioned_or_inactive_hold,inactive_hold
route:ilc_ota:sonnet:ilc_rosmini:Antonio_Rosmini_R0A:block_0101,ilc_ota:record:ilc_rosmini:Antonio_Rosmini_R0A,,ilc_ota:sonnet:ilc_rosmini:Antonio_Rosmini_R0A:block_0101,ilc_ota,Versione elettronica di testi relativi al periodo 800 - 900 Del divino della natura,Antonio Rosmini,102854,103661,14,1db1de83fc0feabb0004ae2101fbcc543745b58a9754417a7a050803c871514c,807,bfe5b4a848dfa8f55c71030626001d194782dd50449827a6aa208421cb699058,raw 14-line blank-separated block; full-length sonnet layout failed,checkpoint-6D standard-Italian unit gate,,hold_14_line_block_insufficient_sonnet_or_attribution_evidence,conditioned_or_inactive_hold,inactive_hold
route:ilc_ota:sonnet:ilc_rosmini:Antonio_Rosmini_R0A:block_0177,ilc_ota:record:ilc_rosmini:Antonio_Rosmini_R0A,,ilc_ota:sonnet:ilc_rosmini:Antonio_Rosmini_R0A:block_0177,ilc_ota,Versione elettronica di testi relativi al periodo 800 - 900 Del divino della natura,Antonio Rosmini,176249,177128,14,1db1de83fc0feabb0004ae2101fbcc543745b58a9754417a7a050803c871514c,879,f48be420b085f064372187ca4908881e93c07b1009ee2e18beebb563f11721c0,raw 14-line blank-separated block; full-length sonnet layout failed,checkpoint-6D standard-Italian unit gate,,hold_14_line_block_insufficient_sonnet_or_attribution_evidence,conditioned_or_inactive_hold,inactive_hold
route:ilc_ota:sonnet:ilc_rosmini:Antonio_Rosmini_R0A:block_0208,ilc_ota:record:ilc_rosmini:Antonio_Rosmini_R0A,,ilc_ota:sonnet:ilc_rosmini:Antonio_Rosmini_R0A:block_0208,ilc_ota,Versione elettronica di testi relativi al periodo 800 - 900 Del divino della natura,Antonio Rosmini,200829,201728,14,1db1de83fc0feabb0004ae2101fbcc543745b58a9754417a7a050803c871514c,899,ffe4bdd01e49daaea64caf44ef299a207630638d4d1cef5c7eae6bbaf0f058a0,raw 14-line blank-separated block; full-length sonnet layout failed,checkpoint-6D standard-Italian unit gate,,hold_14_line_block_insufficient_sonnet_or_attribution_evidence,conditioned_or_inactive_hold,inactive_hold
route:ilc_ota:sonnet:ilc_rosmini:Antonio_Rosmini_R0A:block_0231,ilc_ota:record:ilc_rosmini:Antonio_Rosmini_R0A,,ilc_ota:sonnet:ilc_rosmini:Antonio_Rosmini_R0A:block_0231,ilc_ota,Versione elettronica di testi relativi al periodo 800 - 900 Del divino della natura,Antonio Rosmini,213064,213872,14,1db1de83fc0feabb0004ae2101fbcc543745b58a9754417a7a050803c871514c,808,af83b49b62ddb7c34cd1b3152529c403ace8eb4fedbcbdd9da86f625d0c62f22,raw 14-line blank-separated block; full-length sonnet layout failed,checkpoint-6D standard-Italian unit gate,,hold_14_line_block_insufficient_sonnet_or_attribution_evidence,conditioned_or_inactive_hold,inactive_hold
route:ilc_ota:sonnet:ilc_rosmini:Antonio_Rosmini_R0A:block_0235,ilc_ota:record:ilc_rosmini:Antonio_Rosmini_R0A,,ilc_ota:sonnet:ilc_rosmini:Antonio_Rosmini_R0A:block_0235,ilc_ota,Versione elettronica di testi relativi al periodo 800 - 900 Del divino della natura,Antonio Rosmini,216226,217072,14,1db1de83fc0feabb0004ae2101fbcc543745b58a9754417a7a050803c871514c,846,491aa50cd5d597d81de2b1186fa8d02dc722fcfbbd115acd8a44852b664d3176,raw 14-line blank-separated block; full-length sonnet layout failed,checkpoint-6D standard-Italian unit gate,,hold_14_line_block_insufficient_sonnet_or_attribution_evidence,conditioned_or_inactive_hold,inactive_hold
route:ilc_ota:sonnet:ilc_rosmini:Antonio_Rosmini_R0A:block_0262,ilc_ota:record:ilc_rosmini:Antonio_Rosmini_R0A,,ilc_ota:sonnet:ilc_rosmini:Antonio_Rosmini_R0A:block_0262,ilc_ota,Versione elettronica di testi relativi al periodo 800 - 900 Del divino della natura,Antonio Rosmini,235958,236770,14,1db1de83fc0feabb0004ae2101fbcc543745b58a9754417a7a050803c871514c,812,a9f7e58a1800b7844f3cd45e21e3da7080952a07eb5a1a444b6adaa034013f48,raw 14-line blank-separated block; full-length sonnet layout failed,checkpoint-6D standard-Italian unit gate,,hold_14_line_block_insufficient_sonnet_or_attribution_evidence,conditioned_or_inactive_hold,inactive_hold
route:ilc_ota:sonnet:ilc_rosmini:Antonio_Rosmini_R0A:block_0279,ilc_ota:record:ilc_rosmini:Antonio_Rosmini_R0A,,ilc_ota:sonnet:ilc_rosmini:Antonio_Rosmini_R0A:block_0279,ilc_ota,Versione elettronica di testi relativi al periodo 800 - 900 Del divino della natura,Antonio Rosmini,244490,245332,14,1db1de83fc0feabb0004ae2101fbcc543745b58a9754417a7a050803c871514c,842,75fd7eae26dc4c6cc4a67d1a9402aed4e2dab0ee157dc670c8e3ed7be06efa6c,raw 14-line blank-separated block; full-length sonnet layout failed,checkpoint-6D standard-Italian unit gate,,hold_14_line_block_insufficient_sonnet_or_attribution_evidence,conditioned_or_inactive_hold,inactive_hold
route:ilc_ota:sonnet:ilc_rosmini:Antonio_Rosmini_R0A:block_0290,ilc_ota:record:ilc_rosmini:Antonio_Rosmini_R0A,,ilc_ota:sonnet:ilc_rosmini:Antonio_Rosmini_R0A:block_0290,ilc_ota,Versione elettronica di testi relativi al periodo 800 - 900 Del divino della natura,Antonio Rosmini,253132,253939,14,1db1de83fc0feabb0004ae2101fbcc543745b58a9754417a7a050803c871514c,807,535184a53b121e85944459833ec160f62c40e36d628747ecc10c9d6eedb37d0d,raw 14-line blank-separated block; full-length sonnet layout failed,checkpoint-6D standard-Italian unit gate,,hold_14_line_block_insufficient_sonnet_or_attribution_evidence,conditioned_or_inactive_hold,inactive_hold
route:ilc_ota:sonnet:ilc_rosmini:Antonio_Rosmini_R0A:block_0390,ilc_ota:record:ilc_rosmini:Antonio_Rosmini_R0A,,ilc_ota:sonnet:ilc_rosmini:Antonio_Rosmini_R0A:block_0390,ilc_ota,Versione elettronica di testi relativi al periodo 800 - 900 Del divino della natura,Antonio Rosmini,343625,344448,14,1db1de83fc0feabb0004ae2101fbcc543745b58a9754417a7a050803c871514c,823,a1f77140ed2e37e0a5d75f315b5d93b6ed059cb354b3cf53cac11f2591a75674,raw 14-line blank-separated block; full-length sonnet layout failed,checkpoint-6D standard-Italian unit gate,,hold_14_line_block_insufficient_sonnet_or_attribution_evidence,conditioned_or_inactive_hold,inactive_hold
route:ilc_ota:sonnet:ilc_rosmini:Antonio_Rosmini_R0A:block_0402,ilc_ota:record:ilc_rosmini:Antonio_Rosmini_R0A,,ilc_ota:sonnet:ilc_rosmini:Antonio_Rosmini_R0A:block_0402,ilc_ota,Versione elettronica di testi relativi al periodo 800 - 900 Del divino della natura,Antonio Rosmini,353248,354095,14,1db1de83fc0feabb0004ae2101fbcc543745b58a9754417a7a050803c871514c,847,d6ad6d9bb40432f17393dd69df971ee88d513f1b82c6ec4ad465b88349fff5af,raw 14-line blank-separated block; full-length sonnet layout failed,checkpoint-6D standard-Italian unit gate,,hold_14_line_block_insufficient_sonnet_or_attribution_evidence,conditioned_or_inactive_hold,inactive_hold
route:ilc_ota:sonnet:ilc_rosmini:Antonio_Rosmini_R0A:block_0416,ilc_ota:record:ilc_rosmini:Antonio_Rosmini_R0A,,ilc_ota:sonnet:ilc_rosmini:Antonio_Rosmini_R0A:block_0416,ilc_ota,Versione elettronica di testi relativi al periodo 800 - 900 Del divino della natura,Antonio Rosmini,365512,366255,14,1db1de83fc0feabb0004ae2101fbcc543745b58a9754417a7a050803c871514c,743,24bd0f6511326b10b5d50361cb2666ad38d1e6ae779f08c8aadde236f708bcdf,raw 14-line blank-separated block; full-length sonnet layout failed,checkpoint-6D standard-Italian unit gate,,hold_14_line_block_insufficient_sonnet_or_attribution_evidence,conditioned_or_inactive_hold,inactive_hold
route:ilc_ota:sonnet:ilc_rosmini:Antonio_Rosmini_R0B:block_0288,ilc_ota:record:ilc_rosmini:Antonio_Rosmini_R0B,,ilc_ota:sonnet:ilc_rosmini:Antonio_Rosmini_R0B:block_0288,ilc_ota,Versione elettronica di testi relativi al periodo 800 - 900 filosofia della politica. Della naturale costituzione della società civile,Antonio Rosmini,387913,388623,14,9bc41b1298aa3fb2aae675c4a7d9d9696607418b9578dad9c0a945c47a44ff5e,710,3319d9abece96ab6035b925e328281848fcfdc1ea85a5b157e61969c97b64897,raw 14-line blank-separated block; full-length sonnet layout failed,checkpoint-6D standard-Italian unit gate,,hold_14_line_block_insufficient_sonnet_or_attribution_evidence,conditioned_or_inactive_hold,inactive_hold
route:ilc_ota:sonnet:ilc_rosmini:Antonio_Rosmini_R0B:block_0293,ilc_ota:record:ilc_rosmini:Antonio_Rosmini_R0B,,ilc_ota:sonnet:ilc_rosmini:Antonio_Rosmini_R0B:block_0293,ilc_ota,Versione elettronica di testi relativi al periodo 800 - 900 filosofia della politica. Della naturale costituzione della società civile,Antonio Rosmini,391141,391885,14,9bc41b1298aa3fb2aae675c4a7d9d9696607418b9578dad9c0a945c47a44ff5e,744,477b54e2ea76d34c09d221835da2976e37dbcf4e56f5859cea37366ff59c9216,raw 14-line blank-separated block; full-length sonnet layout failed,checkpoint-6D standard-Italian unit gate,,hold_14_line_block_insufficient_sonnet_or_attribution_evidence,conditioned_or_inactive_hold,inactive_hold
route:ilc_ota:sonnet:ilc_rosmini:Antonio_Rosmini_R0B:block_0311,ilc_ota:record:ilc_rosmini:Antonio_Rosmini_R0B,,ilc_ota:sonnet:ilc_rosmini:Antonio_Rosmini_R0B:block_0311,ilc_ota,Versione elettronica di testi relativi al periodo 800 - 900 filosofia della politica. Della naturale costituzione della società civile,Antonio Rosmini,411550,412291,14,9bc41b1298aa3fb2aae675c4a7d9d9696607418b9578dad9c0a945c47a44ff5e,741,443e7780258f30275855f7d5b0e2968ed8d93deee14e85fd79351095012a4b97,raw 14-line blank-separated block; full-length sonnet layout failed,checkpoint-6D standard-Italian unit gate,,hold_14_line_block_insufficient_sonnet_or_attribution_evidence,conditioned_or_inactive_hold,inactive_hold
route:ilc_ota:sonnet:ilc_rosmini:Antonio_Rosmini_R0B:block_0374,ilc_ota:record:ilc_rosmini:Antonio_Rosmini_R0B,,ilc_ota:sonnet:ilc_rosmini:Antonio_Rosmini_R0B:block_0374,ilc_ota,Versione elettronica di testi relativi al periodo 800 - 900 filosofia della politica. Della naturale costituzione della società civile,Antonio Rosmini,480231,480973,14,9bc41b1298aa3fb2aae675c4a7d9d9696607418b9578dad9c0a945c47a44ff5e,742,0aa7c5d96d4159e8d5c2645b37d19ead2f10224f878b87b9bc636e507224740e,raw 14-line blank-separated block; full-length sonnet layout failed,checkpoint-6D standard-Italian unit gate,,hold_14_line_block_insufficient_sonnet_or_attribution_evidence,conditioned_or_inactive_hold,inactive_hold
route:ilc_ota:sonnet:ilc_rosmini:Antonio_Rosmini_R0B:block_0385,ilc_ota:record:ilc_rosmini:Antonio_Rosmini_R0B,,ilc_ota:sonnet:ilc_rosmini:Antonio_Rosmini_R0B:block_0385,ilc_ota,Versione elettronica di testi relativi al periodo 800 - 900 filosofia della politica. Della naturale costituzione della società civile,Antonio Rosmini,496950,497709,14,9bc41b1298aa3fb2aae675c4a7d9d9696607418b9578dad9c0a945c47a44ff5e,759,adadc6c8e9c59ab5eaecf67cdfe6d426e12b357000bce43735d335747ccd558c,raw 14-line blank-separated block; full-length sonnet layout failed,checkpoint-6D standard-Italian unit gate,,hold_14_line_block_insufficient_sonnet_or_attribution_evidence,conditioned_or_inactive_hold,inactive_hold
route:ilc_ota:sonnet:ilc_rosmini:Antonio_Rosmini_R0B:block_0393,ilc_ota:record:ilc_rosmini:Antonio_Rosmini_R0B,,ilc_ota:sonnet:ilc_rosmini:Antonio_Rosmini_R0B:block_0393,ilc_ota,Versione elettronica di testi relativi al periodo 800 - 900 filosofia della politica. Della naturale costituzione della società civile,Antonio Rosmini,509917,510674,14,9bc41b1298aa3fb2aae675c4a7d9d9696607418b9578dad9c0a945c47a44ff5e,757,efb548dc863507f77d5c3ff3bdbc1d77628683a82186566db752f508a63c9270,raw 14-line blank-separated block; full-length sonnet layout failed,checkpoint-6D standard-Italian unit gate,,hold_14_line_block_insufficient_sonnet_or_attribution_evidence,conditioned_or_inactive_hold,inactive_hold
route:ilc_ota:sonnet:ilc_rosmini:Antonio_Rosmini_R0C:block_0031,ilc_ota:record:ilc_rosmini:Antonio_Rosmini_R0C,,ilc_ota:sonnet:ilc_rosmini:Antonio_Rosmini_R0C:block_0031,ilc_ota,Versione elettronica di testi relativi al periodo 800 - 900 Della speranza. Saggio sopra alcuni errori di U. Foscolo,Antonio Rosmini,30370,31187,14,bf8502a2a8fd335dc1ba6606f6721d67302dcd1321a6db6b424eca63345bb886,817,285c509e2eb2d95284818149825a036064db93a44ed58b3f36b9d80a1659d557,raw 14-line blank-separated block; full-length sonnet layout failed,checkpoint-6D standard-Italian unit gate,,hold_14_line_block_insufficient_sonnet_or_attribution_evidence,conditioned_or_inactive_hold,inactive_hold
route:ilc_ota:sonnet:ilc_rosmini:Antonio_Rosmini_R0C:block_0053,ilc_ota:record:ilc_rosmini:Antonio_Rosmini_R0C,,ilc_ota:sonnet:ilc_rosmini:Antonio_Rosmini_R0C:block_0053,ilc_ota,Versione elettronica di testi relativi al periodo 800 - 900 Della speranza. Saggio sopra alcuni errori di U. Foscolo,Antonio Rosmini,45252,46089,14,bf8502a2a8fd335dc1ba6606f6721d67302dcd1321a6db6b424eca63345bb886,837,0a662773b38a5faff7c08c6a1315234d84377cc0eed32c32d5280b434d92e297,raw 14-line blank-separated block; full-length sonnet layout failed,checkpoint-6D standard-Italian unit gate,,hold_14_line_block_insufficient_sonnet_or_attribution_evidence,conditioned_or_inactive_hold,inactive_hold
route:ilc_ota:sonnet:ilc_rosmini:Antonio_Rosmini_R0C:block_0102,ilc_ota:record:ilc_rosmini:Antonio_Rosmini_R0C,,ilc_ota:sonnet:ilc_rosmini:Antonio_Rosmini_R0C:block_0102,ilc_ota,Versione elettronica di testi relativi al periodo 800 - 900 Della speranza. Saggio sopra alcuni errori di U. Foscolo,Antonio Rosmini,82339,83087,14,bf8502a2a8fd335dc1ba6606f6721d67302dcd1321a6db6b424eca63345bb886,748,04cd860343a2df73fec16d164c4612214912e39b087ec935e4ef9d60d0ea0d03,raw 14-line blank-separated block; full-length sonnet layout failed,checkpoint-6D standard-Italian unit gate,,hold_14_line_block_insufficient_sonnet_or_attribution_evidence,conditioned_or_inactive_hold,inactive_hold
route:ilc_ota:sonnet:ilc_rosmini:Antonio_Rosmini_R0C:block_0109,ilc_ota:record:ilc_rosmini:Antonio_Rosmini_R0C,,ilc_ota:sonnet:ilc_rosmini:Antonio_Rosmini_R0C:block_0109,ilc_ota,Versione elettronica di testi relativi al periodo 800 - 900 Della speranza. Saggio sopra alcuni errori di U. Foscolo,Antonio Rosmini,90196,90969,14,bf8502a2a8fd335dc1ba6606f6721d67302dcd1321a6db6b424eca63345bb886,773,003d28cce2586b50d6be5dd2b6c9798e3439e9cd9f2467289961e12fada12d3b,raw 14-line blank-separated block; full-length sonnet layout failed,checkpoint-6D standard-Italian unit gate,,hold_14_line_block_insufficient_sonnet_or_attribution_evidence,conditioned_or_inactive_hold,inactive_hold
route:ilc_ota:sonnet:ilc_rosmini:Antonio_Rosmini_R0C:block_0120,ilc_ota:record:ilc_rosmini:Antonio_Rosmini_R0C,,ilc_ota:sonnet:ilc_rosmini:Antonio_Rosmini_R0C:block_0120,ilc_ota,Versione elettronica di testi relativi al periodo 800 - 900 Della speranza. Saggio sopra alcuni errori di U. Foscolo,Antonio Rosmini,97143,97988,14,bf8502a2a8fd335dc1ba6606f6721d67302dcd1321a6db6b424eca63345bb886,845,d434bd295e5802c5b32b018d6c563c2915452b81c41783b1f71f7b65a832298a,raw 14-line blank-separated block; full-length sonnet layout failed,checkpoint-6D standard-Italian unit gate,,hold_14_line_block_insufficient_sonnet_or_attribution_evidence,conditioned_or_inactive_hold,inactive_hold
route:ilc_ota:sonnet:ilc_rosmini:Antonio_Rosmini_R0C:block_0137,ilc_ota:record:ilc_rosmini:Antonio_Rosmini_R0C,,ilc_ota:sonnet:ilc_rosmini:Antonio_Rosmini_R0C:block_0137,ilc_ota,Versione elettronica di testi relativi al periodo 800 - 900 Della speranza. Saggio sopra alcuni errori di U. Foscolo,Antonio Rosmini,109305,110173,14,bf8502a2a8fd335dc1ba6606f6721d67302dcd1321a6db6b424eca63345bb886,868,1276f18500a5790c210fe963b028ee9adb9ff4c5a323635d8a6aac3a52ec57e1,raw 14-line blank-separated block; full-length sonnet layout failed,checkpoint-6D standard-Italian unit gate,,hold_14_line_block_insufficient_sonnet_or_attribution_evidence,conditioned_or_inactive_hold,inactive_hold
route:ilc_ota:sonnet:ilc_rosmini:Antonio_Rosmini_R0C:block_0155,ilc_ota:record:ilc_rosmini:Antonio_Rosmini_R0C,,ilc_ota:sonnet:ilc_rosmini:Antonio_Rosmini_R0C:block_0155,ilc_ota,Versione elettronica di testi relativi al periodo 800 - 900 Della speranza. Saggio sopra alcuni errori di U. Foscolo,Antonio Rosmini,129923,130671,14,bf8502a2a8fd335dc1ba6606f6721d67302dcd1321a6db6b424eca63345bb886,748,10f782bc33dc33152a7507b985ade257d7cd88f6bd3f8babb221593d30880aed,raw 14-line blank-separated block; full-length sonnet layout failed,checkpoint-6D standard-Italian unit gate,,hold_14_line_block_insufficient_sonnet_or_attribution_evidence,conditioned_or_inactive_hold,inactive_hold
route:ilc_ota:sonnet:ilc_rosmini:Antonio_Rosmini_R0D:block_0057,ilc_ota:record:ilc_rosmini:Antonio_Rosmini_R0D,,ilc_ota:sonnet:ilc_rosmini:Antonio_Rosmini_R0D:block_0057,ilc_ota,Versione elettronica di testi relativi al periodo 800 - 900 Delle cinque piaghe della S.Chiesa,Antonio Rosmini,72597,73401,14,874029dde6dda8ddd547fc3988a32bcbd7229b7f28af333c0526f42ee85d6ef6,804,42c3e5d8ca873424ad7cb2f79d45281d3cf198a5e3029b47df869121c87593a6,raw 14-line blank-separated block; full-length sonnet layout failed,checkpoint-6D standard-Italian unit gate,,hold_14_line_block_insufficient_sonnet_or_attribution_evidence,conditioned_or_inactive_hold,inactive_hold
route:ilc_ota:sonnet:ilc_rosmini:Antonio_Rosmini_R0D:block_0073,ilc_ota:record:ilc_rosmini:Antonio_Rosmini_R0D,,ilc_ota:sonnet:ilc_rosmini:Antonio_Rosmini_R0D:block_0073,ilc_ota,Versione elettronica di testi relativi al periodo 800 - 900 Delle cinque piaghe della S.Chiesa,Antonio Rosmini,89614,90353,14,874029dde6dda8ddd547fc3988a32bcbd7229b7f28af333c0526f42ee85d6ef6,739,af09d0f1c178dd7ab16c9415c2d18fa0f545ac8f001bdfd80502d295f9cdddeb,raw 14-line blank-separated block; full-length sonnet layout failed,checkpoint-6D standard-Italian unit gate,,hold_14_line_block_insufficient_sonnet_or_attribution_evidence,conditioned_or_inactive_hold,inactive_hold
route:ilc_ota:sonnet:ilc_rosmini:Antonio_Rosmini_R0D:block_0087,ilc_ota:record:ilc_rosmini:Antonio_Rosmini_R0D,,ilc_ota:sonnet:ilc_rosmini:Antonio_Rosmini_R0D:block_0087,ilc_ota,Versione elettronica di testi relativi al periodo 800 - 900 Delle cinque piaghe della S.Chiesa,Antonio Rosmini,103014,103790,14,874029dde6dda8ddd547fc3988a32bcbd7229b7f28af333c0526f42ee85d6ef6,776,fe4b981eb0312dc02696ad54bd74c8cfab39ef05670ebcd9da9048c9a0939cfb,raw 14-line blank-separated block; full-length sonnet layout failed,checkpoint-6D standard-Italian unit gate,,hold_14_line_block_insufficient_sonnet_or_attribution_evidence,conditioned_or_inactive_hold,inactive_hold
route:ilc_ota:sonnet:ilc_rosmini:Antonio_Rosmini_R0D:block_0131,ilc_ota:record:ilc_rosmini:Antonio_Rosmini_R0D,,ilc_ota:sonnet:ilc_rosmini:Antonio_Rosmini_R0D:block_0131,ilc_ota,Versione elettronica di testi relativi al periodo 800 - 900 Delle cinque piaghe della S.Chiesa,Antonio Rosmini,159192,159980,14,874029dde6dda8ddd547fc3988a32bcbd7229b7f28af333c0526f42ee85d6ef6,788,c4cfa98a1914ca79ec668afc974783792c4d59e37e217ed190bbcc83684982f8,raw 14-line blank-separated block; full-length sonnet layout failed,checkpoint-6D standard-Italian unit gate,,hold_14_line_block_insufficient_sonnet_or_attribution_evidence,conditioned_or_inactive_hold,inactive_hold
route:ilc_ota:sonnet:ilc_rosmini:Antonio_Rosmini_R0D:block_0164,ilc_ota:record:ilc_rosmini:Antonio_Rosmini_R0D,,ilc_ota:sonnet:ilc_rosmini:Antonio_Rosmini_R0D:block_0164,ilc_ota,Versione elettronica di testi relativi al periodo 800 - 900 Delle cinque piaghe della S.Chiesa,Antonio Rosmini,180672,181374,14,874029dde6dda8ddd547fc3988a32bcbd7229b7f28af333c0526f42ee85d6ef6,702,cf5a2c8899d9896d8e97a06076fa3a40a41d0dea3c744303116092dc2fdf32d0,raw 14-line blank-separated block; full-length sonnet layout failed,checkpoint-6D standard-Italian unit gate,,hold_14_line_block_insufficient_sonnet_or_attribution_evidence,conditioned_or_inactive_hold,inactive_hold
route:ilc_ota:sonnet:ilc_rosmini:Antonio_Rosmini_R0D:block_0168,ilc_ota:record:ilc_rosmini:Antonio_Rosmini_R0D,,ilc_ota:sonnet:ilc_rosmini:Antonio_Rosmini_R0D:block_0168,ilc_ota,Versione elettronica di testi relativi al periodo 800 - 900 Delle cinque piaghe della S.Chiesa,Antonio Rosmini,183589,184371,14,874029dde6dda8ddd547fc3988a32bcbd7229b7f28af333c0526f42ee85d6ef6,782,cf123ac4052ca7d630bb7bd6e683702eac286746ee3c27506a5d10fb9d905606,raw 14-line blank-separated block; full-length sonnet layout failed,checkpoint-6D standard-Italian unit gate,,hold_14_line_block_insufficient_sonnet_or_attribution_evidence,conditioned_or_inactive_hold,inactive_hold
route:ilc_ota:sonnet:ilc_rosmini:Antonio_Rosmini_R0D:block_0189,ilc_ota:record:ilc_rosmini:Antonio_Rosmini_R0D,,ilc_ota:sonnet:ilc_rosmini:Antonio_Rosmini_R0D:block_0189,ilc_ota,Versione elettronica di testi relativi al periodo 800 - 900 Delle cinque piaghe della S.Chiesa,Antonio Rosmini,198581,199313,14,874029dde6dda8ddd547fc3988a32bcbd7229b7f28af333c0526f42ee85d6ef6,732,91061da9e63dcf67806a331a51ae3a78366890e8107706f24c0eaa36ef271f74,raw 14-line blank-separated block; full-length sonnet layout failed,checkpoint-6D standard-Italian unit gate,,hold_14_line_block_insufficient_sonnet_or_attribution_evidence,conditioned_or_inactive_hold,inactive_hold
route:ilc_ota:sonnet:ilc_rosmini:Antonio_Rosmini_R0D:block_0281,ilc_ota:record:ilc_rosmini:Antonio_Rosmini_R0D,,ilc_ota:sonnet:ilc_rosmini:Antonio_Rosmini_R0D:block_0281,ilc_ota,Versione elettronica di testi relativi al periodo 800 - 900 Delle cinque piaghe della S.Chiesa,Antonio Rosmini,298769,299537,14,874029dde6dda8ddd547fc3988a32bcbd7229b7f28af333c0526f42ee85d6ef6,768,d93f176fd5800112357f18611b0eb4211050fb38f2e2577be8600a69638ca14e,raw 14-line blank-separated block; full-length sonnet layout failed,checkpoint-6D standard-Italian unit gate,,hold_14_line_block_insufficient_sonnet_or_attribution_evidence,conditioned_or_inactive_hold,inactive_hold
route:ilc_ota:sonnet:ilc_rosmini:Antonio_Rosmini_R0D:block_0323,ilc_ota:record:ilc_rosmini:Antonio_Rosmini_R0D,,ilc_ota:sonnet:ilc_rosmini:Antonio_Rosmini_R0D:block_0323,ilc_ota,Versione elettronica di testi relativi al periodo 800 - 900 Delle cinque piaghe della S.Chiesa,Antonio Rosmini,344362,345135,14,874029dde6dda8ddd547fc3988a32bcbd7229b7f28af333c0526f42ee85d6ef6,773,c5a68f1aed4c73332728d0cb10662486b3763fdbb6273dffc13890168a65dbce,raw 14-line blank-separated block; full-length sonnet layout failed,checkpoint-6D standard-Italian unit gate,,hold_14_line_block_insufficient_sonnet_or_attribution_evidence,conditioned_or_inactive_hold,inactive_hold
route:ilc_ota:sonnet:ilc_rosmini:Antonio_Rosmini_R0E:block_0125,ilc_ota:record:ilc_rosmini:Antonio_Rosmini_R0E,,ilc_ota:sonnet:ilc_rosmini:Antonio_Rosmini_R0E:block_0125,ilc_ota,Versione elettronica di testi relativi al periodo 800 - 900 Epistolario ascetico Vol.I,Antonio Rosmini,161824,162663,14,01fd1aa1f1c4b0bf0cc085cc3e56cb41b3c8f3d127848b1e5979dd91c7936fff,839,e0e28c2eac6cec309ab00edc289d230eb4d10c70b559202ac7f9de73043b33b9,raw 14-line blank-separated block; full-length sonnet layout failed,checkpoint-6D standard-Italian unit gate,,hold_14_line_block_insufficient_sonnet_or_attribution_evidence,conditioned_or_inactive_hold,inactive_hold
route:ilc_ota:sonnet:ilc_rosmini:Antonio_Rosmini_R0E:block_0156,ilc_ota:record:ilc_rosmini:Antonio_Rosmini_R0E,,ilc_ota:sonnet:ilc_rosmini:Antonio_Rosmini_R0E:block_0156,ilc_ota,Versione elettronica di testi relativi al periodo 800 - 900 Epistolario ascetico Vol.I,Antonio Rosmini,194915,195690,14,01fd1aa1f1c4b0bf0cc085cc3e56cb41b3c8f3d127848b1e5979dd91c7936fff,775,21a552356d0980e4be9fae787dbcd4271cb8dd94d7fcf0b41ffb3ccbdf7e877c,raw 14-line blank-separated block; full-length sonnet layout failed,checkpoint-6D standard-Italian unit gate,,hold_14_line_block_insufficient_sonnet_or_attribution_evidence,conditioned_or_inactive_hold,inactive_hold
route:ilc_ota:sonnet:ilc_rosmini:Antonio_Rosmini_R0E:block_0269,ilc_ota:record:ilc_rosmini:Antonio_Rosmini_R0E,,ilc_ota:sonnet:ilc_rosmini:Antonio_Rosmini_R0E:block_0269,ilc_ota,Versione elettronica di testi relativi al periodo 800 - 900 Epistolario ascetico Vol.I,Antonio Rosmini,338245,339068,14,01fd1aa1f1c4b0bf0cc085cc3e56cb41b3c8f3d127848b1e5979dd91c7936fff,823,17aacb3fcd6e80c28a0dbdd470768d182fece4729b1218298794eff47df9ebf9,raw 14-line blank-separated block; full-length sonnet layout failed,checkpoint-6D standard-Italian unit gate,,hold_14_line_block_insufficient_sonnet_or_attribution_evidence,conditioned_or_inactive_hold,inactive_hold
route:ilc_ota:sonnet:ilc_rosmini:Antonio_Rosmini_R0E:block_0358,ilc_ota:record:ilc_rosmini:Antonio_Rosmini_R0E,,ilc_ota:sonnet:ilc_rosmini:Antonio_Rosmini_R0E:block_0358,ilc_ota,Versione elettronica di testi relativi al periodo 800 - 900 Epistolario ascetico Vol.I,Antonio Rosmini,439832,440623,14,01fd1aa1f1c4b0bf0cc085cc3e56cb41b3c8f3d127848b1e5979dd91c7936fff,791,1514b64248640970dc4ef692a512b225e7af83c86710e37d62d136c0297849c4,raw 14-line blank-separated block; full-length sonnet layout failed,checkpoint-6D standard-Italian unit gate,,hold_14_line_block_insufficient_sonnet_or_attribution_evidence,conditioned_or_inactive_hold,inactive_hold
route:ilc_ota:sonnet:ilc_rosmini:Antonio_Rosmini_R0E:block_0359,ilc_ota:record:ilc_rosmini:Antonio_Rosmini_R0E,,ilc_ota:sonnet:ilc_rosmini:Antonio_Rosmini_R0E:block_0359,ilc_ota,Versione elettronica di testi relativi al periodo 800 - 900 Epistolario ascetico Vol.I,Antonio Rosmini,440624,441402,14,01fd1aa1f1c4b0bf0cc085cc3e56cb41b3c8f3d127848b1e5979dd91c7936fff,778,e4b28143fef6ca5bfb345dba454b28cc5440254d3c41df07d7c516e3331cd206,raw 14-line blank-separated block; full-length sonnet layout failed,checkpoint-6D standard-Italian unit gate,,hold_14_line_block_insufficient_sonnet_or_attribution_evidence,conditioned_or_inactive_hold,inactive_hold
route:ilc_ota:sonnet:ilc_rosmini:Antonio_Rosmini_R0F:block_0060,ilc_ota:record:ilc_rosmini:Antonio_Rosmini_R0F,,ilc_ota:sonnet:ilc_rosmini:Antonio_Rosmini_R0F:block_0060,ilc_ota,Versione elettronica di testi relativi al periodo 800 - 900 Epistolario ascetico Vol.II,Antonio Rosmini,78366,79176,14,14556a7c74311c44f178b97827c790c5a3a6090d40d0973dc148ff9ee7d22597,810,07cd445cfb33fd42fb922ca95268001548325b3be1f32ad155fbb0be76d00f8b,raw 14-line blank-separated block; full-length sonnet layout failed,checkpoint-6D standard-Italian unit gate,,hold_14_line_block_insufficient_sonnet_or_attribution_evidence,conditioned_or_inactive_hold,inactive_hold
route:ilc_ota:sonnet:ilc_rosmini:Antonio_Rosmini_R0F:block_0064,ilc_ota:record:ilc_rosmini:Antonio_Rosmini_R0F,,ilc_ota:sonnet:ilc_rosmini:Antonio_Rosmini_R0F:block_0064,ilc_ota,Versione elettronica di testi relativi al periodo 800 - 900 Epistolario ascetico Vol.II,Antonio Rosmini,82638,83432,14,14556a7c74311c44f178b97827c790c5a3a6090d40d0973dc148ff9ee7d22597,794,7ca25c0acdf9b4de9bbbbc181eefa94debc5d7812347a6cf956ab4fd71633f8c,raw 14-line blank-separated block; full-length sonnet layout failed,checkpoint-6D standard-Italian unit gate,,hold_14_line_block_insufficient_sonnet_or_attribution_evidence,conditioned_or_inactive_hold,inactive_hold
route:ilc_ota:sonnet:ilc_rosmini:Antonio_Rosmini_R0F:block_0129,ilc_ota:record:ilc_rosmini:Antonio_Rosmini_R0F,,ilc_ota:sonnet:ilc_rosmini:Antonio_Rosmini_R0F:block_0129,ilc_ota,Versione elettronica di testi relativi al periodo 800 - 900 Epistolario ascetico Vol.II,Antonio Rosmini,165674,166455,14,14556a7c74311c44f178b97827c790c5a3a6090d40d0973dc148ff9ee7d22597,781,4bd0bad991536c7451ed482545effc3207037d17321338845132a07f7541f267,raw 14-line blank-separated block; full-length sonnet layout failed,checkpoint-6D standard-Italian unit gate,,hold_14_line_block_insufficient_sonnet_or_attribution_evidence,conditioned_or_inactive_hold,inactive_hold
route:ilc_ota:sonnet:ilc_rosmini:Antonio_Rosmini_R0G:block_0069,ilc_ota:record:ilc_rosmini:Antonio_Rosmini_R0G,,ilc_ota:sonnet:ilc_rosmini:Antonio_Rosmini_R0G:block_0069,ilc_ota,Versione elettronica di testi relativi al periodo 800 - 900 Epistolario ascetico Vol.III,Antonio Rosmini,106082,106880,14,7e7a2192cd1593a6fd65bcbae85aed1e8552107b6ac79bddf654b78a9c12382b,798,bf56584475027862bde4685b8c365f6e996b8a58a1e8b515e19038ebdd30058a,raw 14-line blank-separated block; full-length sonnet layout failed,checkpoint-6D standard-Italian unit gate,,hold_14_line_block_insufficient_sonnet_or_attribution_evidence,conditioned_or_inactive_hold,inactive_hold
route:ilc_ota:sonnet:ilc_rosmini:Antonio_Rosmini_R0G:block_0147,ilc_ota:record:ilc_rosmini:Antonio_Rosmini_R0G,,ilc_ota:sonnet:ilc_rosmini:Antonio_Rosmini_R0G:block_0147,ilc_ota,Versione elettronica di testi relativi al periodo 800 - 900 Epistolario ascetico Vol.III,Antonio Rosmini,197611,198421,14,7e7a2192cd1593a6fd65bcbae85aed1e8552107b6ac79bddf654b78a9c12382b,810,45477182f445fea8ff885b5441fb0dd8583bbde7489748ab9df2e199983be763,raw 14-line blank-separated block; full-length sonnet layout failed,checkpoint-6D standard-Italian unit gate,,hold_14_line_block_insufficient_sonnet_or_attribution_evidence,conditioned_or_inactive_hold,inactive_hold
route:ilc_ota:sonnet:ilc_rosmini:Antonio_Rosmini_R0H:block_0007,ilc_ota:record:ilc_rosmini:Antonio_Rosmini_R0H,,ilc_ota:sonnet:ilc_rosmini:Antonio_Rosmini_R0H:block_0007,ilc_ota,Versione elettronica di testi relativi al periodo 800 - 900 Epistolario ascetico Vol.IV,Antonio Rosmini,5710,6485,14,c7a5276474f6aa36faabf73f07b7c7f5e0778ee20039b1d6f64bb63174ea4c19,775,bd111826eac3c325a33c2f7defde680fd61b57411d291a84fcd47bc4093253d1,raw 14-line blank-separated block; full-length sonnet layout failed,checkpoint-6D standard-Italian unit gate,,hold_14_line_block_insufficient_sonnet_or_attribution_evidence,conditioned_or_inactive_hold,inactive_hold
route:ilc_ota:sonnet:ilc_rosmini:Antonio_Rosmini_R0H:block_0030,ilc_ota:record:ilc_rosmini:Antonio_Rosmini_R0H,,ilc_ota:sonnet:ilc_rosmini:Antonio_Rosmini_R0H:block_0030,ilc_ota,Versione elettronica di testi relativi al periodo 800 - 900 Epistolario ascetico Vol.IV,Antonio Rosmini,35107,35908,14,c7a5276474f6aa36faabf73f07b7c7f5e0778ee20039b1d6f64bb63174ea4c19,801,fdae3134e329aa8632024cb75407cef2f3af508bdd26288af7e402daeee4ac3b,raw 14-line blank-separated block; full-length sonnet layout failed,checkpoint-6D standard-Italian unit gate,,hold_14_line_block_insufficient_sonnet_or_attribution_evidence,conditioned_or_inactive_hold,inactive_hold
route:ilc_ota:sonnet:ilc_rosmini:Antonio_Rosmini_R0I:block_0025,ilc_ota:record:ilc_rosmini:Antonio_Rosmini_R0I,,ilc_ota:sonnet:ilc_rosmini:Antonio_Rosmini_R0I:block_0025,ilc_ota,Versione elettronica di testi relativi al periodo 800 - 900 Filosofia del diritto Vol.II,Antonio Rosmini,28769,29633,14,9a20d9d08a4b034ebae4b20a4fcf99fe5f70d46adfa04f62981192315ae52804,864,a26adc4c312d3a0e7b8649dc18e901b9cc37231221da0b7e522c49cfcc57b019,raw 14-line blank-separated block; full-length sonnet layout failed,checkpoint-6D standard-Italian unit gate,,hold_14_line_block_insufficient_sonnet_or_attribution_evidence,conditioned_or_inactive_hold,inactive_hold
route:ilc_ota:sonnet:ilc_rosmini:Antonio_Rosmini_R0I:block_0088,ilc_ota:record:ilc_rosmini:Antonio_Rosmini_R0I,,ilc_ota:sonnet:ilc_rosmini:Antonio_Rosmini_R0I:block_0088,ilc_ota,Versione elettronica di testi relativi al periodo 800 - 900 Filosofia del diritto Vol.II,Antonio Rosmini,101344,102080,14,9a20d9d08a4b034ebae4b20a4fcf99fe5f70d46adfa04f62981192315ae52804,736,25822fcbe62ccb6b9d7681ad5d7047ba50ca0e8172d9ac886421eacd4cc6f690,raw 14-line blank-separated block; full-length sonnet layout failed,checkpoint-6D standard-Italian unit gate,,hold_14_line_block_insufficient_sonnet_or_attribution_evidence,conditioned_or_inactive_hold,inactive_hold
route:ilc_ota:sonnet:ilc_rosmini:Antonio_Rosmini_R0I:block_0113,ilc_ota:record:ilc_rosmini:Antonio_Rosmini_R0I,,ilc_ota:sonnet:ilc_rosmini:Antonio_Rosmini_R0I:block_0113,ilc_ota,Versione elettronica di testi relativi al periodo 800 - 900 Filosofia del diritto Vol.II,Antonio Rosmini,125482,126244,14,9a20d9d08a4b034ebae4b20a4fcf99fe5f70d46adfa04f62981192315ae52804,762,19bfad21932aa710f7ef88f80150d409d0e57b95a35db8c1e052bc917b294235,raw 14-line blank-separated block; full-length sonnet layout failed,checkpoint-6D standard-Italian unit gate,,hold_14_line_block_insufficient_sonnet_or_attribution_evidence,conditioned_or_inactive_hold,inactive_hold
route:ilc_ota:sonnet:ilc_rosmini:Antonio_Rosmini_R0I:block_0117,ilc_ota:record:ilc_rosmini:Antonio_Rosmini_R0I,,ilc_ota:sonnet:ilc_rosmini:Antonio_Rosmini_R0I:block_0117,ilc_ota,Versione elettronica di testi relativi al periodo 800 - 900 Filosofia del diritto Vol.II,Antonio Rosmini,128895,129715,14,9a20d9d08a4b034ebae4b20a4fcf99fe5f70d46adfa04f62981192315ae52804,820,d7f1a165fe53e5cd86c62567a7b246c047e1dd945c0c0de7cea2eef8db40808e,raw 14-line blank-separated block; full-length sonnet layout failed,checkpoint-6D standard-Italian unit gate,,hold_14_line_block_insufficient_sonnet_or_attribution_evidence,conditioned_or_inactive_hold,inactive_hold
route:ilc_ota:sonnet:ilc_rosmini:Antonio_Rosmini_R0I:block_0120,ilc_ota:record:ilc_rosmini:Antonio_Rosmini_R0I,,ilc_ota:sonnet:ilc_rosmini:Antonio_Rosmini_R0I:block_0120,ilc_ota,Versione elettronica di testi relativi al periodo 800 - 900 Filosofia del diritto Vol.II,Antonio Rosmini,131752,132510,14,9a20d9d08a4b034ebae4b20a4fcf99fe5f70d46adfa04f62981192315ae52804,758,7533ea6995fb7e5fd8eefa225665f2d0fb1bd63f5d95ac2441edf4e636441ca7,raw 14-line blank-separated block; full-length sonnet layout failed,checkpoint-6D standard-Italian unit gate,,hold_14_line_block_insufficient_sonnet_or_attribution_evidence,conditioned_or_inactive_hold,inactive_hold
route:ilc_ota:sonnet:ilc_rosmini:Antonio_Rosmini_R0I:block_0121,ilc_ota:record:ilc_rosmini:Antonio_Rosmini_R0I,,ilc_ota:sonnet:ilc_rosmini:Antonio_Rosmini_R0I:block_0121,ilc_ota,Versione elettronica di testi relativi al periodo 800 - 900 Filosofia del diritto Vol.II,Antonio Rosmini,132511,133339,14,9a20d9d08a4b034ebae4b20a4fcf99fe5f70d46adfa04f62981192315ae52804,828,25fec8dbe0e1d83384309b1e0d0ae9da69fe2a675a1133faae446f4afd798e25,raw 14-line blank-separated block; full-length sonnet layout failed,checkpoint-6D standard-Italian unit gate,,hold_14_line_block_insufficient_sonnet_or_attribution_evidence,conditioned_or_inactive_hold,inactive_hold
route:ilc_ota:sonnet:ilc_rosmini:Antonio_Rosmini_R0I:block_0128,ilc_ota:record:ilc_rosmini:Antonio_Rosmini_R0I,,ilc_ota:sonnet:ilc_rosmini:Antonio_Rosmini_R0I:block_0128,ilc_ota,Versione elettronica di testi relativi al periodo 800 - 900 Filosofia del diritto Vol.II,Antonio Rosmini,140740,141580,14,9a20d9d08a4b034ebae4b20a4fcf99fe5f70d46adfa04f62981192315ae52804,840,1c8cf0ec7ea16c5b3ca8a4c8f2566e70f52ed0099e84a176b5a6ce798f2165fc,raw 14-line blank-separated block; full-length sonnet layout failed,checkpoint-6D standard-Italian unit gate,,hold_14_line_block_insufficient_sonnet_or_attribution_evidence,conditioned_or_inactive_hold,inactive_hold
route:ilc_ota:sonnet:ilc_rosmini:Antonio_Rosmini_R0I:block_0331,ilc_ota:record:ilc_rosmini:Antonio_Rosmini_R0I,,ilc_ota:sonnet:ilc_rosmini:Antonio_Rosmini_R0I:block_0331,ilc_ota,Versione elettronica di testi relativi al periodo 800 - 900 Filosofia del diritto Vol.II,Antonio Rosmini,326112,326953,14,9a20d9d08a4b034ebae4b20a4fcf99fe5f70d46adfa04f62981192315ae52804,841,63bd3cb168a04498b3885208d28c3d92d4648cf85552113bea274d40edb7fc11,raw 14-line blank-separated block; full-length sonnet layout failed,checkpoint-6D standard-Italian unit gate,,hold_14_line_block_insufficient_sonnet_or_attribution_evidence,conditioned_or_inactive_hold,inactive_hold
route:ilc_ota:sonnet:ilc_rosmini:Antonio_Rosmini_R0I:block_0367,ilc_ota:record:ilc_rosmini:Antonio_Rosmini_R0I,,ilc_ota:sonnet:ilc_rosmini:Antonio_Rosmini_R0I:block_0367,ilc_ota,Versione elettronica di testi relativi al periodo 800 - 900 Filosofia del diritto Vol.II,Antonio Rosmini,363195,363840,14,9a20d9d08a4b034ebae4b20a4fcf99fe5f70d46adfa04f62981192315ae52804,645,512ee6639c2f9bbf116813b0c00db8bf5c7d589041be5a3fec81d7a877b9265c,raw 14-line blank-separated block; full-length sonnet layout failed,checkpoint-6D standard-Italian unit gate,,hold_14_line_block_insufficient_sonnet_or_attribution_evidence,conditioned_or_inactive_hold,inactive_hold
route:ilc_ota:sonnet:ilc_rosmini:Antonio_Rosmini_R0I:block_0415,ilc_ota:record:ilc_rosmini:Antonio_Rosmini_R0I,,ilc_ota:sonnet:ilc_rosmini:Antonio_Rosmini_R0I:block_0415,ilc_ota,Versione elettronica di testi relativi al periodo 800 - 900 Filosofia del diritto Vol.II,Antonio Rosmini,404816,405567,14,9a20d9d08a4b034ebae4b20a4fcf99fe5f70d46adfa04f62981192315ae52804,751,5c9545fbdf9430360a535b99d24f153a055426c27b4e20fb9885b278ba6650f5,raw 14-line blank-separated block; full-length sonnet layout failed,checkpoint-6D standard-Italian unit gate,,hold_14_line_block_insufficient_sonnet_or_attribution_evidence,conditioned_or_inactive_hold,inactive_hold
route:ilc_ota:sonnet:ilc_rosmini:Antonio_Rosmini_R0I:block_0418,ilc_ota:record:ilc_rosmini:Antonio_Rosmini_R0I,,ilc_ota:sonnet:ilc_rosmini:Antonio_Rosmini_R0I:block_0418,ilc_ota,Versione elettronica di testi relativi al periodo 800 - 900 Filosofia del diritto Vol.II,Antonio Rosmini,407282,408130,14,9a20d9d08a4b034ebae4b20a4fcf99fe5f70d46adfa04f62981192315ae52804,848,a0f9819569daa5d64715f3c6171047cfaf372bdc963b1e9f0acd15f30d1ebf0b,raw 14-line blank-separated block; full-length sonnet layout failed,checkpoint-6D standard-Italian unit gate,,hold_14_line_block_insufficient_sonnet_or_attribution_evidence,conditioned_or_inactive_hold,inactive_hold
route:ilc_ota:sonnet:ilc_rosmini:Antonio_Rosmini_R0I:block_0445,ilc_ota:record:ilc_rosmini:Antonio_Rosmini_R0I,,ilc_ota:sonnet:ilc_rosmini:Antonio_Rosmini_R0I:block_0445,ilc_ota,Versione elettronica di testi relativi al periodo 800 - 900 Filosofia del diritto Vol.II,Antonio Rosmini,436546,437342,14,9a20d9d08a4b034ebae4b20a4fcf99fe5f70d46adfa04f62981192315ae52804,796,f40218b7dbdbf33f1d8939b8dea695d027431e77af1ec98144916c1a1a9c6308,raw 14-line blank-separated block; full-length sonnet layout failed,checkpoint-6D standard-Italian unit gate,,hold_14_line_block_insufficient_sonnet_or_attribution_evidence,conditioned_or_inactive_hold,inactive_hold
route:ilc_ota:sonnet:ilc_rosmini:Antonio_Rosmini_R0I:block_0459,ilc_ota:record:ilc_rosmini:Antonio_Rosmini_R0I,,ilc_ota:sonnet:ilc_rosmini:Antonio_Rosmini_R0I:block_0459,ilc_ota,Versione elettronica di testi relativi al periodo 800 - 900 Filosofia del diritto Vol.II,Antonio Rosmini,446227,446976,14,9a20d9d08a4b034ebae4b20a4fcf99fe5f70d46adfa04f62981192315ae52804,749,7e39fa19c03ead03ac4e8e446a2567964b693ae535f4dd9db44f0bc63bd62e4d,raw 14-line blank-separated block; full-length sonnet layout failed,checkpoint-6D standard-Italian unit gate,,hold_14_line_block_insufficient_sonnet_or_attribution_evidence,conditioned_or_inactive_hold,inactive_hold
route:ilc_ota:sonnet:ilc_rosmini:Antonio_Rosmini_R0I:block_0493,ilc_ota:record:ilc_rosmini:Antonio_Rosmini_R0I,,ilc_ota:sonnet:ilc_rosmini:Antonio_Rosmini_R0I:block_0493,ilc_ota,Versione elettronica di testi relativi al periodo 800 - 900 Filosofia del diritto Vol.II,Antonio Rosmini,474508,475374,14,9a20d9d08a4b034ebae4b20a4fcf99fe5f70d46adfa04f62981192315ae52804,866,90b0f0cead5e44e87d7c72caba961215dd30495fc41fd8c4f10963978a2cbaa5,raw 14-line blank-separated block; full-length sonnet layout failed,checkpoint-6D standard-Italian unit gate,,hold_14_line_block_insufficient_sonnet_or_attribution_evidence,conditioned_or_inactive_hold,inactive_hold
route:ilc_ota:sonnet:ilc_rosmini:Antonio_Rosmini_R0I:block_0529,ilc_ota:record:ilc_rosmini:Antonio_Rosmini_R0I,,ilc_ota:sonnet:ilc_rosmini:Antonio_Rosmini_R0I:block_0529,ilc_ota,Versione elettronica di testi relativi al periodo 800 - 900 Filosofia del diritto Vol.II,Antonio Rosmini,522928,523776,14,9a20d9d08a4b034ebae4b20a4fcf99fe5f70d46adfa04f62981192315ae52804,848,7fb7a886f7d18d0770aebb91f390133e1f32e4a5c0336a3ebb43093927c19ecc,raw 14-line blank-separated block; full-length sonnet layout failed,checkpoint-6D standard-Italian unit gate,,hold_14_line_block_insufficient_sonnet_or_attribution_evidence,conditioned_or_inactive_hold,inactive_hold
route:ilc_ota:sonnet:ilc_rosmini:Antonio_Rosmini_R0I:block_0607,ilc_ota:record:ilc_rosmini:Antonio_Rosmini_R0I,,ilc_ota:sonnet:ilc_rosmini:Antonio_Rosmini_R0I:block_0607,ilc_ota,Versione elettronica di testi relativi al periodo 800 - 900 Filosofia del diritto Vol.II,Antonio Rosmini,590699,591442,14,9a20d9d08a4b034ebae4b20a4fcf99fe5f70d46adfa04f62981192315ae52804,743,531cdda2d8bf1d6fb3881f30672ee5ddee59ba6fce8903043d6fbdbd2fce7ae4,raw 14-line blank-separated block; full-length sonnet layout failed,checkpoint-6D standard-Italian unit gate,,hold_14_line_block_insufficient_sonnet_or_attribution_evidence,conditioned_or_inactive_hold,inactive_hold
route:ilc_ota:sonnet:ilc_rosmini:Antonio_Rosmini_R0I:block_0636,ilc_ota:record:ilc_rosmini:Antonio_Rosmini_R0I,,ilc_ota:sonnet:ilc_rosmini:Antonio_Rosmini_R0I:block_0636,ilc_ota,Versione elettronica di testi relativi al periodo 800 - 900 Filosofia del diritto Vol.II,Antonio Rosmini,618977,619748,14,9a20d9d08a4b034ebae4b20a4fcf99fe5f70d46adfa04f62981192315ae52804,771,ade69309282a1d2753d7dfc5879b58f97eff317e46fbbbdf4f3cfed1682f4234,raw 14-line blank-separated block; full-length sonnet layout failed,checkpoint-6D standard-Italian unit gate,,hold_14_line_block_insufficient_sonnet_or_attribution_evidence,conditioned_or_inactive_hold,inactive_hold
route:ilc_ota:sonnet:ilc_rosmini:Antonio_Rosmini_R0I:block_0675,ilc_ota:record:ilc_rosmini:Antonio_Rosmini_R0I,,ilc_ota:sonnet:ilc_rosmini:Antonio_Rosmini_R0I:block_0675,ilc_ota,Versione elettronica di testi relativi al periodo 800 - 900 Filosofia del diritto Vol.II,Antonio Rosmini,658399,659257,14,9a20d9d08a4b034ebae4b20a4fcf99fe5f70d46adfa04f62981192315ae52804,858,f07595a0d7f2667f66bc991d169394573498957ac8159db9b720128a92161ba0,raw 14-line blank-separated block; full-length sonnet layout failed,checkpoint-6D standard-Italian unit gate,,hold_14_line_block_insufficient_sonnet_or_attribution_evidence,conditioned_or_inactive_hold,inactive_hold
route:ilc_ota:sonnet:ilc_rosmini:Antonio_Rosmini_R0I:block_0684,ilc_ota:record:ilc_rosmini:Antonio_Rosmini_R0I,,ilc_ota:sonnet:ilc_rosmini:Antonio_Rosmini_R0I:block_0684,ilc_ota,Versione elettronica di testi relativi al periodo 800 - 900 Filosofia del diritto Vol.II,Antonio Rosmini,668630,669534,14,9a20d9d08a4b034ebae4b20a4fcf99fe5f70d46adfa04f62981192315ae52804,904,b64cd9176bb3c852402467882deb631f1c48980c6cf37fd0232150a0ea8bb99a,raw 14-line blank-separated block; full-length sonnet layout failed,checkpoint-6D standard-Italian unit gate,,hold_14_line_block_insufficient_sonnet_or_attribution_evidence,conditioned_or_inactive_hold,inactive_hold
route:ilc_ota:sonnet:ilc_rosmini:Antonio_Rosmini_R0I:block_0688,ilc_ota:record:ilc_rosmini:Antonio_Rosmini_R0I,,ilc_ota:sonnet:ilc_rosmini:Antonio_Rosmini_R0I:block_0688,ilc_ota,Versione elettronica di testi relativi al periodo 800 - 900 Filosofia del diritto Vol.II,Antonio Rosmini,673749,674565,14,9a20d9d08a4b034ebae4b20a4fcf99fe5f70d46adfa04f62981192315ae52804,816,9fa43ed742f260ac35bf7fa0e2afc56d17f84e52d40c096c5d98c514800409e8,raw 14-line blank-separated block; full-length sonnet layout failed,checkpoint-6D standard-Italian unit gate,,hold_14_line_block_insufficient_sonnet_or_attribution_evidence,conditioned_or_inactive_hold,inactive_hold
route:ilc_ota:sonnet:ilc_rosmini:Antonio_Rosmini_R0I:block_0832,ilc_ota:record:ilc_rosmini:Antonio_Rosmini_R0I,,ilc_ota:sonnet:ilc_rosmini:Antonio_Rosmini_R0I:block_0832,ilc_ota,Versione elettronica di testi relativi al periodo 800 - 900 Filosofia del diritto Vol.II,Antonio Rosmini,799229,800057,14,9a20d9d08a4b034ebae4b20a4fcf99fe5f70d46adfa04f62981192315ae52804,828,f01b0c9d1def612c3fdb9fcd7200f375c9abc428734533575455fc93bde805fe,raw 14-line blank-separated block; full-length sonnet layout failed,checkpoint-6D standard-Italian unit gate,,hold_14_line_block_insufficient_sonnet_or_attribution_evidence,conditioned_or_inactive_hold,inactive_hold
route:ilc_ota:sonnet:ilc_rosmini:Antonio_Rosmini_R0I:block_0870,ilc_ota:record:ilc_rosmini:Antonio_Rosmini_R0I,,ilc_ota:sonnet:ilc_rosmini:Antonio_Rosmini_R0I:block_0870,ilc_ota,Versione elettronica di testi relativi al periodo 800 - 900 Filosofia del diritto Vol.II,Antonio Rosmini,841448,842156,14,9a20d9d08a4b034ebae4b20a4fcf99fe5f70d46adfa04f62981192315ae52804,708,217a346bf79137e263baffe00319881b43accf6db8f7986fcc272accc45d9323,raw 14-line blank-separated block; full-length sonnet layout failed,checkpoint-6D standard-Italian unit gate,,hold_14_line_block_insufficient_sonnet_or_attribution_evidence,conditioned_or_inactive_hold,inactive_hold
route:ilc_ota:sonnet:ilc_rosmini:Antonio_Rosmini_R0I:block_0957,ilc_ota:record:ilc_rosmini:Antonio_Rosmini_R0I,,ilc_ota:sonnet:ilc_rosmini:Antonio_Rosmini_R0I:block_0957,ilc_ota,Versione elettronica di testi relativi al periodo 800 - 900 Filosofia del diritto Vol.II,Antonio Rosmini,910866,911605,14,9a20d9d08a4b034ebae4b20a4fcf99fe5f70d46adfa04f62981192315ae52804,739,613abb54c78a710ed0fa6f919fcabae557701d231bc7e3f2195033a66c75b973,raw 14-line blank-separated block; full-length sonnet layout failed,checkpoint-6D standard-Italian unit gate,,hold_14_line_block_insufficient_sonnet_or_attribution_evidence,conditioned_or_inactive_hold,inactive_hold
route:ilc_ota:sonnet:ilc_rosmini:Antonio_Rosmini_R0I:block_0984,ilc_ota:record:ilc_rosmini:Antonio_Rosmini_R0I,,ilc_ota:sonnet:ilc_rosmini:Antonio_Rosmini_R0I:block_0984,ilc_ota,Versione elettronica di testi relativi al periodo 800 - 900 Filosofia del diritto Vol.II,Antonio Rosmini,929104,929884,14,9a20d9d08a4b034ebae4b20a4fcf99fe5f70d46adfa04f62981192315ae52804,780,59a58c5d24b43c369fe42798c2468cf854d8b53c58dfdc86b55926cb3e49c2da,raw 14-line blank-separated block; full-length sonnet layout failed,checkpoint-6D standard-Italian unit gate,,hold_14_line_block_insufficient_sonnet_or_attribution_evidence,conditioned_or_inactive_hold,inactive_hold
route:ilc_ota:sonnet:ilc_rosmini:Antonio_Rosmini_R0I:block_1007,ilc_ota:record:ilc_rosmini:Antonio_Rosmini_R0I,,ilc_ota:sonnet:ilc_rosmini:Antonio_Rosmini_R0I:block_1007,ilc_ota,Versione elettronica di testi relativi al periodo 800 - 900 Filosofia del diritto Vol.II,Antonio Rosmini,949410,950264,14,9a20d9d08a4b034ebae4b20a4fcf99fe5f70d46adfa04f62981192315ae52804,854,a26ced4a0b16c8d4e9ac295638910d0659b7bd18040ae24d7495b8af70ec39db,raw 14-line blank-separated block; full-length sonnet layout failed,checkpoint-6D standard-Italian unit gate,,hold_14_line_block_insufficient_sonnet_or_attribution_evidence,conditioned_or_inactive_hold,inactive_hold
route:ilc_ota:sonnet:ilc_rosmini:Antonio_Rosmini_R0I:block_1094,ilc_ota:record:ilc_rosmini:Antonio_Rosmini_R0I,,ilc_ota:sonnet:ilc_rosmini:Antonio_Rosmini_R0I:block_1094,ilc_ota,Versione elettronica di testi relativi al periodo 800 - 900 Filosofia del diritto Vol.II,Antonio Rosmini,1043337,1044100,14,9a20d9d08a4b034ebae4b20a4fcf99fe5f70d46adfa04f62981192315ae52804,763,b844b0356b67c3a9ef7058c90725239e432007dce49a06b9eab726758fad1e76,raw 14-line blank-separated block; full-length sonnet layout failed,checkpoint-6D standard-Italian unit gate,,hold_14_line_block_insufficient_sonnet_or_attribution_evidence,conditioned_or_inactive_hold,inactive_hold
route:ilc_ota:sonnet:ilc_rosmini:Antonio_Rosmini_R0I:block_1095,ilc_ota:record:ilc_rosmini:Antonio_Rosmini_R0I,,ilc_ota:sonnet:ilc_rosmini:Antonio_Rosmini_R0I:block_1095,ilc_ota,Versione elettronica di testi relativi al periodo 800 - 900 Filosofia del diritto Vol.II,Antonio Rosmini,1044101,1044865,14,9a20d9d08a4b034ebae4b20a4fcf99fe5f70d46adfa04f62981192315ae52804,764,9488cc3e0cbe76b4f93ea1bd238870601d45b2c417dff2bf5b13e4361698eeb8,raw 14-line blank-separated block; full-length sonnet layout failed,checkpoint-6D standard-Italian unit gate,,hold_14_line_block_insufficient_sonnet_or_attribution_evidence,conditioned_or_inactive_hold,inactive_hold
route:ilc_ota:sonnet:ilc_rosmini:Antonio_Rosmini_R0I:block_1144,ilc_ota:record:ilc_rosmini:Antonio_Rosmini_R0I,,ilc_ota:sonnet:ilc_rosmini:Antonio_Rosmini_R0I:block_1144,ilc_ota,Versione elettronica di testi relativi al periodo 800 - 900 Filosofia del diritto Vol.II,Antonio Rosmini,1104648,1105394,14,9a20d9d08a4b034ebae4b20a4fcf99fe5f70d46adfa04f62981192315ae52804,746,386706bd7c9ab961fbdec985246a158997204a97b18dc7bce5aec37cb716ea3b,raw 14-line blank-separated block; full-length sonnet layout failed,checkpoint-6D standard-Italian unit gate,,hold_14_line_block_insufficient_sonnet_or_attribution_evidence,conditioned_or_inactive_hold,inactive_hold
route:ilc_ota:sonnet:ilc_rosmini:Antonio_Rosmini_R0I:block_1216,ilc_ota:record:ilc_rosmini:Antonio_Rosmini_R0I,,ilc_ota:sonnet:ilc_rosmini:Antonio_Rosmini_R0I:block_1216,ilc_ota,Versione elettronica di testi relativi al periodo 800 - 900 Filosofia del diritto Vol.II,Antonio Rosmini,1159834,1160566,14,9a20d9d08a4b034ebae4b20a4fcf99fe5f70d46adfa04f62981192315ae52804,732,29395a614f64501a15aade563d6b4c7275c8f299cb17d64e39a4fe2e61fc0f0c,raw 14-line blank-separated block; full-length sonnet layout failed,checkpoint-6D standard-Italian unit gate,,hold_14_line_block_insufficient_sonnet_or_attribution_evidence,conditioned_or_inactive_hold,inactive_hold
route:ilc_ota:sonnet:ilc_rosmini:Antonio_Rosmini_R0I:block_1249,ilc_ota:record:ilc_rosmini:Antonio_Rosmini_R0I,,ilc_ota:sonnet:ilc_rosmini:Antonio_Rosmini_R0I:block_1249,ilc_ota,Versione elettronica di testi relativi al periodo 800 - 900 Filosofia del diritto Vol.II,Antonio Rosmini,1191510,1192353,14,9a20d9d08a4b034ebae4b20a4fcf99fe5f70d46adfa04f62981192315ae52804,843,9c2fd0bbcb001bb514a4039db75a0179bc8add79698334de08a676abea32be91,raw 14-line blank-separated block; full-length sonnet layout failed,checkpoint-6D standard-Italian unit gate,,hold_14_line_block_insufficient_sonnet_or_attribution_evidence,conditioned_or_inactive_hold,inactive_hold
route:ilc_ota:sonnet:ilc_rosmini:Antonio_Rosmini_R0I:block_1285,ilc_ota:record:ilc_rosmini:Antonio_Rosmini_R0I,,ilc_ota:sonnet:ilc_rosmini:Antonio_Rosmini_R0I:block_1285,ilc_ota,Versione elettronica di testi relativi al periodo 800 - 900 Filosofia del diritto Vol.II,Antonio Rosmini,1237186,1237993,14,9a20d9d08a4b034ebae4b20a4fcf99fe5f70d46adfa04f62981192315ae52804,807,0213001d80a926bac6b414e01a8dadbcc7fb5a81f2cec47c66cfb717bfad759c,raw 14-line blank-separated block; full-length sonnet layout failed,checkpoint-6D standard-Italian unit gate,,hold_14_line_block_insufficient_sonnet_or_attribution_evidence,conditioned_or_inactive_hold,inactive_hold
route:ilc_ota:sonnet:ilc_rosmini:Antonio_Rosmini_R0I:block_1415,ilc_ota:record:ilc_rosmini:Antonio_Rosmini_R0I,,ilc_ota:sonnet:ilc_rosmini:Antonio_Rosmini_R0I:block_1415,ilc_ota,Versione elettronica di testi relativi al periodo 800 - 900 Filosofia del diritto Vol.II,Antonio Rosmini,1365612,1366446,14,9a20d9d08a4b034ebae4b20a4fcf99fe5f70d46adfa04f62981192315ae52804,834,467762a4b0f62eb7186ca0c6fcc58aa7eb3011a54f40f0500e027d9fcd0b655f,raw 14-line blank-separated block; full-length sonnet layout failed,checkpoint-6D standard-Italian unit gate,,hold_14_line_block_insufficient_sonnet_or_attribution_evidence,conditioned_or_inactive_hold,inactive_hold
route:ilc_ota:sonnet:ilc_rosmini:Antonio_Rosmini_R0I:block_1458,ilc_ota:record:ilc_rosmini:Antonio_Rosmini_R0I,,ilc_ota:sonnet:ilc_rosmini:Antonio_Rosmini_R0I:block_1458,ilc_ota,Versione elettronica di testi relativi al periodo 800 - 900 Filosofia del diritto Vol.II,Antonio Rosmini,1403334,1404097,14,9a20d9d08a4b034ebae4b20a4fcf99fe5f70d46adfa04f62981192315ae52804,763,423eb702182096c91276259455b437574f01339e2481dc98729dc7881fef8d4f,raw 14-line blank-separated block; full-length sonnet layout failed,checkpoint-6D standard-Italian unit gate,,hold_14_line_block_insufficient_sonnet_or_attribution_evidence,conditioned_or_inactive_hold,inactive_hold
route:ilc_ota:sonnet:ilc_rosmini:Antonio_Rosmini_R0I:block_1514,ilc_ota:record:ilc_rosmini:Antonio_Rosmini_R0I,,ilc_ota:sonnet:ilc_rosmini:Antonio_Rosmini_R0I:block_1514,ilc_ota,Versione elettronica di testi relativi al periodo 800 - 900 Filosofia del diritto Vol.II,Antonio Rosmini,1455113,1455944,14,9a20d9d08a4b034ebae4b20a4fcf99fe5f70d46adfa04f62981192315ae52804,831,7a785044e52feab6066fc8162086d2d33f11b09b5306068cf8d2179345b25170,raw 14-line blank-separated block; full-length sonnet layout failed,checkpoint-6D standard-Italian unit gate,,hold_14_line_block_insufficient_sonnet_or_attribution_evidence,conditioned_or_inactive_hold,inactive_hold
route:ilc_ota:sonnet:ilc_rosmini:Antonio_Rosmini_R0I:block_1519,ilc_ota:record:ilc_rosmini:Antonio_Rosmini_R0I,,ilc_ota:sonnet:ilc_rosmini:Antonio_Rosmini_R0I:block_1519,ilc_ota,Versione elettronica di testi relativi al periodo 800 - 900 Filosofia del diritto Vol.II,Antonio Rosmini,1458412,1459199,14,9a20d9d08a4b034ebae4b20a4fcf99fe5f70d46adfa04f62981192315ae52804,787,1c237c9dbb44b05140c9c1ce63dd42a7ff04e64201143ce0715c8e4b89b7c114,raw 14-line blank-separated block; full-length sonnet layout failed,checkpoint-6D standard-Italian unit gate,,hold_14_line_block_insufficient_sonnet_or_attribution_evidence,conditioned_or_inactive_hold,inactive_hold
route:ilc_ota:sonnet:ilc_rosmini:Antonio_Rosmini_R0I:block_1532,ilc_ota:record:ilc_rosmini:Antonio_Rosmini_R0I,,ilc_ota:sonnet:ilc_rosmini:Antonio_Rosmini_R0I:block_1532,ilc_ota,Versione elettronica di testi relativi al periodo 800 - 900 Filosofia del diritto Vol.II,Antonio Rosmini,1467205,1468029,14,9a20d9d08a4b034ebae4b20a4fcf99fe5f70d46adfa04f62981192315ae52804,824,515c775cd12851228e9fd0e86ae96b55f00131bafaab052b4960b8750e4ee241,raw 14-line blank-separated block; full-length sonnet layout failed,checkpoint-6D standard-Italian unit gate,,hold_14_line_block_insufficient_sonnet_or_attribution_evidence,conditioned_or_inactive_hold,inactive_hold
route:ilc_ota:sonnet:ilc_rosmini:Antonio_Rosmini_R0I:block_1546,ilc_ota:record:ilc_rosmini:Antonio_Rosmini_R0I,,ilc_ota:sonnet:ilc_rosmini:Antonio_Rosmini_R0I:block_1546,ilc_ota,Versione elettronica di testi relativi al periodo 800 - 900 Filosofia del diritto Vol.II,Antonio Rosmini,1483015,1483816,14,9a20d9d08a4b034ebae4b20a4fcf99fe5f70d46adfa04f62981192315ae52804,801,4d89f6aafa21139d5d902ca8ed797a2e038ed7314fcc3c0e9a5354ef2492306d,raw 14-line blank-separated block; full-length sonnet layout failed,checkpoint-6D standard-Italian unit gate,,hold_14_line_block_insufficient_sonnet_or_attribution_evidence,conditioned_or_inactive_hold,inactive_hold
route:ilc_ota:sonnet:ilc_rosmini:Antonio_Rosmini_R0I:block_1566,ilc_ota:record:ilc_rosmini:Antonio_Rosmini_R0I,,ilc_ota:sonnet:ilc_rosmini:Antonio_Rosmini_R0I:block_1566,ilc_ota,Versione elettronica di testi relativi al periodo 800 - 900 Filosofia del diritto Vol.II,Antonio Rosmini,1504660,1505444,14,9a20d9d08a4b034ebae4b20a4fcf99fe5f70d46adfa04f62981192315ae52804,784,58bbd18c008c1ef9026aa6549e984f169510e5ffcd0d1d71f68e5210bf98a121,raw 14-line blank-separated block; full-length sonnet layout failed,checkpoint-6D standard-Italian unit gate,,hold_14_line_block_insufficient_sonnet_or_attribution_evidence,conditioned_or_inactive_hold,inactive_hold
route:ilc_ota:sonnet:ilc_rosmini:Antonio_Rosmini_R0I:block_1572,ilc_ota:record:ilc_rosmini:Antonio_Rosmini_R0I,,ilc_ota:sonnet:ilc_rosmini:Antonio_Rosmini_R0I:block_1572,ilc_ota,Versione elettronica di testi relativi al periodo 800 - 900 Filosofia del diritto Vol.II,Antonio Rosmini,1510135,1511005,14,9a20d9d08a4b034ebae4b20a4fcf99fe5f70d46adfa04f62981192315ae52804,870,63d5243104f2e68a0a58d2b132dd3a1da41f1ff43116afb1c68ff63a402e4c23,raw 14-line blank-separated block; full-length sonnet layout failed,checkpoint-6D standard-Italian unit gate,,hold_14_line_block_insufficient_sonnet_or_attribution_evidence,conditioned_or_inactive_hold,inactive_hold
route:ilc_ota:sonnet:ilc_rosmini:Antonio_Rosmini_R0I:block_1609,ilc_ota:record:ilc_rosmini:Antonio_Rosmini_R0I,,ilc_ota:sonnet:ilc_rosmini:Antonio_Rosmini_R0I:block_1609,ilc_ota,Versione elettronica di testi relativi al periodo 800 - 900 Filosofia del diritto Vol.II,Antonio Rosmini,1554253,1555076,14,9a20d9d08a4b034ebae4b20a4fcf99fe5f70d46adfa04f62981192315ae52804,823,151aecab596c6fba240a2d73902fb5b997d66520212d2c7a87cb5a58839c581b,raw 14-line blank-separated block; full-length sonnet layout failed,checkpoint-6D standard-Italian unit gate,,hold_14_line_block_insufficient_sonnet_or_attribution_evidence,conditioned_or_inactive_hold,inactive_hold
route:ilc_ota:sonnet:ilc_rosmini:Antonio_Rosmini_R0J:block_0073,ilc_ota:record:ilc_rosmini:Antonio_Rosmini_R0J,,ilc_ota:sonnet:ilc_rosmini:Antonio_Rosmini_R0J:block_0073,ilc_ota,Versione elettronica di testi relativi al periodo 800 - 900 Filosofia della politica,Antonio Rosmini,88948,89761,14,82a873bff0058c764d27d2e26ffa848d3899717c5fcef0c990f4bbadcd7a17e1,813,3b44f346f7044cbf712acd2d68f4400c9b07e74a257a8a1f758e514c9f28223b,raw 14-line blank-separated block; full-length sonnet layout failed,checkpoint-6D standard-Italian unit gate,,hold_14_line_block_insufficient_sonnet_or_attribution_evidence,conditioned_or_inactive_hold,inactive_hold
route:ilc_ota:sonnet:ilc_rosmini:Antonio_Rosmini_R0J:block_0207,ilc_ota:record:ilc_rosmini:Antonio_Rosmini_R0J,,ilc_ota:sonnet:ilc_rosmini:Antonio_Rosmini_R0J:block_0207,ilc_ota,Versione elettronica di testi relativi al periodo 800 - 900 Filosofia della politica,Antonio Rosmini,249256,250148,14,82a873bff0058c764d27d2e26ffa848d3899717c5fcef0c990f4bbadcd7a17e1,892,0b8f0d9e25154fe6ae6cb017a793ae83d51aa94c167496025091a28bcf640c50,raw 14-line blank-separated block; full-length sonnet layout failed,checkpoint-6D standard-Italian unit gate,,hold_14_line_block_insufficient_sonnet_or_attribution_evidence,conditioned_or_inactive_hold,inactive_hold
route:ilc_ota:sonnet:ilc_rosmini:Antonio_Rosmini_R0J:block_0218,ilc_ota:record:ilc_rosmini:Antonio_Rosmini_R0J,,ilc_ota:sonnet:ilc_rosmini:Antonio_Rosmini_R0J:block_0218,ilc_ota,Versione elettronica di testi relativi al periodo 800 - 900 Filosofia della politica,Antonio Rosmini,259168,259945,14,82a873bff0058c764d27d2e26ffa848d3899717c5fcef0c990f4bbadcd7a17e1,777,7dbbed7d00123f983d97457aadac8aa4b575cfa204b13c2569645e119483008f,raw 14-line blank-separated block; full-length sonnet layout failed,checkpoint-6D standard-Italian unit gate,,hold_14_line_block_insufficient_sonnet_or_attribution_evidence,conditioned_or_inactive_hold,inactive_hold
route:ilc_ota:sonnet:ilc_rosmini:Antonio_Rosmini_R0J:block_0222,ilc_ota:record:ilc_rosmini:Antonio_Rosmini_R0J,,ilc_ota:sonnet:ilc_rosmini:Antonio_Rosmini_R0J:block_0222,ilc_ota,Versione elettronica di testi relativi al periodo 800 - 900 Filosofia della politica,Antonio Rosmini,263732,264532,14,82a873bff0058c764d27d2e26ffa848d3899717c5fcef0c990f4bbadcd7a17e1,800,31b3a1ddc1a28ddf66181a00977dbae7be21b424570f1c2bf67d113ba12cf81e,raw 14-line blank-separated block; full-length sonnet layout failed,checkpoint-6D standard-Italian unit gate,,hold_14_line_block_insufficient_sonnet_or_attribution_evidence,conditioned_or_inactive_hold,inactive_hold
route:ilc_ota:sonnet:ilc_rosmini:Antonio_Rosmini_R0J:block_0245,ilc_ota:record:ilc_rosmini:Antonio_Rosmini_R0J,,ilc_ota:sonnet:ilc_rosmini:Antonio_Rosmini_R0J:block_0245,ilc_ota,Versione elettronica di testi relativi al periodo 800 - 900 Filosofia della politica,Antonio Rosmini,296788,297538,14,82a873bff0058c764d27d2e26ffa848d3899717c5fcef0c990f4bbadcd7a17e1,750,aa55c2d28c6152ed3cfa36256436d0b94dd389fa5998ad626d46e414e8907fcc,raw 14-line blank-separated block; full-length sonnet layout failed,checkpoint-6D standard-Italian unit gate,,hold_14_line_block_insufficient_sonnet_or_attribution_evidence,conditioned_or_inactive_hold,inactive_hold
route:ilc_ota:sonnet:ilc_rosmini:Antonio_Rosmini_R0J:block_0263,ilc_ota:record:ilc_rosmini:Antonio_Rosmini_R0J,,ilc_ota:sonnet:ilc_rosmini:Antonio_Rosmini_R0J:block_0263,ilc_ota,Versione elettronica di testi relativi al periodo 800 - 900 Filosofia della politica,Antonio Rosmini,319023,319830,14,82a873bff0058c764d27d2e26ffa848d3899717c5fcef0c990f4bbadcd7a17e1,807,c97f8db0bf84e6107c6fe7b30f00aff2dd152e59bcea9456353fee39698cf389,raw 14-line blank-separated block; full-length sonnet layout failed,checkpoint-6D standard-Italian unit gate,,hold_14_line_block_insufficient_sonnet_or_attribution_evidence,conditioned_or_inactive_hold,inactive_hold
route:ilc_ota:sonnet:ilc_rosmini:Antonio_Rosmini_R0J:block_0267,ilc_ota:record:ilc_rosmini:Antonio_Rosmini_R0J,,ilc_ota:sonnet:ilc_rosmini:Antonio_Rosmini_R0J:block_0267,ilc_ota,Versione elettronica di testi relativi al periodo 800 - 900 Filosofia della politica,Antonio Rosmini,324305,325124,14,82a873bff0058c764d27d2e26ffa848d3899717c5fcef0c990f4bbadcd7a17e1,819,42357e86bab554a68c3c5effc25928d43f54a5e26d3020635a9a453bdf7cc2c9,raw 14-line blank-separated block; full-length sonnet layout failed,checkpoint-6D standard-Italian unit gate,,hold_14_line_block_insufficient_sonnet_or_attribution_evidence,conditioned_or_inactive_hold,inactive_hold
route:ilc_ota:sonnet:ilc_rosmini:Antonio_Rosmini_R0J:block_0299,ilc_ota:record:ilc_rosmini:Antonio_Rosmini_R0J,,ilc_ota:sonnet:ilc_rosmini:Antonio_Rosmini_R0J:block_0299,ilc_ota,Versione elettronica di testi relativi al periodo 800 - 900 Filosofia della politica,Antonio Rosmini,376330,377176,14,82a873bff0058c764d27d2e26ffa848d3899717c5fcef0c990f4bbadcd7a17e1,846,f58b44bb45383ec315e19f14fe5b7697d0372c3371580526815d0bfda4c6b8e1,raw 14-line blank-separated block; full-length sonnet layout failed,checkpoint-6D standard-Italian unit gate,,hold_14_line_block_insufficient_sonnet_or_attribution_evidence,conditioned_or_inactive_hold,inactive_hold
route:ilc_ota:sonnet:ilc_rosmini:Antonio_Rosmini_R0J:block_0329,ilc_ota:record:ilc_rosmini:Antonio_Rosmini_R0J,,ilc_ota:sonnet:ilc_rosmini:Antonio_Rosmini_R0J:block_0329,ilc_ota,Versione elettronica di testi relativi al periodo 800 - 900 Filosofia della politica,Antonio Rosmini,413884,414713,14,82a873bff0058c764d27d2e26ffa848d3899717c5fcef0c990f4bbadcd7a17e1,829,8933b3277a99fe984a3095f48778c961aee327e77c39dd9b3fe2321eb8bb1e01,raw 14-line blank-separated block; full-length sonnet layout failed,checkpoint-6D standard-Italian unit gate,,hold_14_line_block_insufficient_sonnet_or_attribution_evidence,conditioned_or_inactive_hold,inactive_hold
route:ilc_ota:sonnet:ilc_rosmini:Antonio_Rosmini_R0J:block_0403,ilc_ota:record:ilc_rosmini:Antonio_Rosmini_R0J,,ilc_ota:sonnet:ilc_rosmini:Antonio_Rosmini_R0J:block_0403,ilc_ota,Versione elettronica di testi relativi al periodo 800 - 900 Filosofia della politica,Antonio Rosmini,504755,505583,14,82a873bff0058c764d27d2e26ffa848d3899717c5fcef0c990f4bbadcd7a17e1,828,c72e5a263031c828fd69298a3c9b1a43a3fc57fcb3d6a4a7c23e64d1e3f2a3ec,raw 14-line blank-separated block; full-length sonnet layout failed,checkpoint-6D standard-Italian unit gate,,hold_14_line_block_insufficient_sonnet_or_attribution_evidence,conditioned_or_inactive_hold,inactive_hold
route:ilc_ota:sonnet:ilc_rosmini:Antonio_Rosmini_R0J:block_0420,ilc_ota:record:ilc_rosmini:Antonio_Rosmini_R0J,,ilc_ota:sonnet:ilc_rosmini:Antonio_Rosmini_R0J:block_0420,ilc_ota,Versione elettronica di testi relativi al periodo 800 - 900 Filosofia della politica,Antonio Rosmini,523802,524613,14,82a873bff0058c764d27d2e26ffa848d3899717c5fcef0c990f4bbadcd7a17e1,811,adab43f79149530732c8a627b856d3eb3cde705b9ef73851c0287513e252890e,raw 14-line blank-separated block; full-length sonnet layout failed,checkpoint-6D standard-Italian unit gate,,hold_14_line_block_insufficient_sonnet_or_attribution_evidence,conditioned_or_inactive_hold,inactive_hold
route:ilc_ota:sonnet:ilc_rosmini:Antonio_Rosmini_R0J:block_0428,ilc_ota:record:ilc_rosmini:Antonio_Rosmini_R0J,,ilc_ota:sonnet:ilc_rosmini:Antonio_Rosmini_R0J:block_0428,ilc_ota,Versione elettronica di testi relativi al periodo 800 - 900 Filosofia della politica,Antonio Rosmini,531977,532831,14,82a873bff0058c764d27d2e26ffa848d3899717c5fcef0c990f4bbadcd7a17e1,854,ca3eb78146283595a079c102ffe9a13c3bd7133279175a3815f06211f80eceb3,raw 14-line blank-separated block; full-length sonnet layout failed,checkpoint-6D standard-Italian unit gate,,hold_14_line_block_insufficient_sonnet_or_attribution_evidence,conditioned_or_inactive_hold,inactive_hold
route:ilc_ota:sonnet:ilc_rosmini:Antonio_Rosmini_R0J:block_0555,ilc_ota:record:ilc_rosmini:Antonio_Rosmini_R0J,,ilc_ota:sonnet:ilc_rosmini:Antonio_Rosmini_R0J:block_0555,ilc_ota,Versione elettronica di testi relativi al periodo 800 - 900 Filosofia della politica,Antonio Rosmini,685327,686169,14,82a873bff0058c764d27d2e26ffa848d3899717c5fcef0c990f4bbadcd7a17e1,842,4cd4d000959497903e23369e20a4f0edbc7b4983be578ba2199327bdc7b052d1,raw 14-line blank-separated block; full-length sonnet layout failed,checkpoint-6D standard-Italian unit gate,,hold_14_line_block_insufficient_sonnet_or_attribution_evidence,conditioned_or_inactive_hold,inactive_hold
route:ilc_ota:sonnet:ilc_rosmini:Antonio_Rosmini_R0J:block_0567,ilc_ota:record:ilc_rosmini:Antonio_Rosmini_R0J,,ilc_ota:sonnet:ilc_rosmini:Antonio_Rosmini_R0J:block_0567,ilc_ota,Versione elettronica di testi relativi al periodo 800 - 900 Filosofia della politica,Antonio Rosmini,700351,701179,14,82a873bff0058c764d27d2e26ffa848d3899717c5fcef0c990f4bbadcd7a17e1,828,43440a2aef33c13b36177df2bcb82f1f41fed234e2978b8d50261fd57985b1bd,raw 14-line blank-separated block; full-length sonnet layout failed,checkpoint-6D standard-Italian unit gate,,hold_14_line_block_insufficient_sonnet_or_attribution_evidence,conditioned_or_inactive_hold,inactive_hold
route:ilc_ota:sonnet:ilc_rosmini:Antonio_Rosmini_R0J:block_0612,ilc_ota:record:ilc_rosmini:Antonio_Rosmini_R0J,,ilc_ota:sonnet:ilc_rosmini:Antonio_Rosmini_R0J:block_0612,ilc_ota,Versione elettronica di testi relativi al periodo 800 - 900 Filosofia della politica,Antonio Rosmini,756472,757288,14,82a873bff0058c764d27d2e26ffa848d3899717c5fcef0c990f4bbadcd7a17e1,816,1500656221b09bd4101e478bc73c2ab6c172223ad906baeccd0365b098a682d6,raw 14-line blank-separated block; full-length sonnet layout failed,checkpoint-6D standard-Italian unit gate,,hold_14_line_block_insufficient_sonnet_or_attribution_evidence,conditioned_or_inactive_hold,inactive_hold
route:ilc_ota:sonnet:ilc_rosmini:Antonio_Rosmini_R0J:block_0628,ilc_ota:record:ilc_rosmini:Antonio_Rosmini_R0J,,ilc_ota:sonnet:ilc_rosmini:Antonio_Rosmini_R0J:block_0628,ilc_ota,Versione elettronica di testi relativi al periodo 800 - 900 Filosofia della politica,Antonio Rosmini,771450,772315,14,82a873bff0058c764d27d2e26ffa848d3899717c5fcef0c990f4bbadcd7a17e1,865,468b7aab50c4b7de3dfd33cec56a00bba4eb80786ab5ac26afa258ef4c1f236c,raw 14-line blank-separated block; full-length sonnet layout failed,checkpoint-6D standard-Italian unit gate,,hold_14_line_block_insufficient_sonnet_or_attribution_evidence,conditioned_or_inactive_hold,inactive_hold
route:ilc_ota:sonnet:ilc_rosmini:Antonio_Rosmini_R0J:block_0655,ilc_ota:record:ilc_rosmini:Antonio_Rosmini_R0J,,ilc_ota:sonnet:ilc_rosmini:Antonio_Rosmini_R0J:block_0655,ilc_ota,Versione elettronica di testi relativi al periodo 800 - 900 Filosofia della politica,Antonio Rosmini,813426,814265,14,82a873bff0058c764d27d2e26ffa848d3899717c5fcef0c990f4bbadcd7a17e1,839,7d1e30702215618c7e6af34208f0078c58d97dbd537e999d4921782e44d8ce15,raw 14-line blank-separated block; full-length sonnet layout failed,checkpoint-6D standard-Italian unit gate,,hold_14_line_block_insufficient_sonnet_or_attribution_evidence,conditioned_or_inactive_hold,inactive_hold
route:ilc_ota:sonnet:ilc_rosmini:Antonio_Rosmini_R0J:block_0762,ilc_ota:record:ilc_rosmini:Antonio_Rosmini_R0J,,ilc_ota:sonnet:ilc_rosmini:Antonio_Rosmini_R0J:block_0762,ilc_ota,Versione elettronica di testi relativi al periodo 800 - 900 Filosofia della politica,Antonio Rosmini,955636,956487,14,82a873bff0058c764d27d2e26ffa848d3899717c5fcef0c990f4bbadcd7a17e1,851,5968b9b0eb0456b7869e021e7abda10ace39f88619fb4f251d7e7fe9319f4ff6,raw 14-line blank-separated block; full-length sonnet layout failed,checkpoint-6D standard-Italian unit gate,,hold_14_line_block_insufficient_sonnet_or_attribution_evidence,conditioned_or_inactive_hold,inactive_hold
route:ilc_ota:sonnet:ilc_rosmini:Antonio_Rosmini_R0K:block_0024,ilc_ota:record:ilc_rosmini:Antonio_Rosmini_R0K,,ilc_ota:sonnet:ilc_rosmini:Antonio_Rosmini_R0K:block_0024,ilc_ota,Versione elettronica di testi relativi al periodo 800 - 900 Filosofia del diritto Vol.I,Antonio Rosmini,32971,33810,14,466a7112f4cc04a296169de98170ef75588fd0069236112ba6b92e33d5033a30,839,049d92bb4dfd103aad4eb1de7b122cd17500c351d5074ecfb654c493a9023b7b,raw 14-line blank-separated block; full-length sonnet layout failed,checkpoint-6D standard-Italian unit gate,,hold_14_line_block_insufficient_sonnet_or_attribution_evidence,conditioned_or_inactive_hold,inactive_hold
route:ilc_ota:sonnet:ilc_rosmini:Antonio_Rosmini_R0K:block_0121,ilc_ota:record:ilc_rosmini:Antonio_Rosmini_R0K,,ilc_ota:sonnet:ilc_rosmini:Antonio_Rosmini_R0K:block_0121,ilc_ota,Versione elettronica di testi relativi al periodo 800 - 900 Filosofia del diritto Vol.I,Antonio Rosmini,163277,164147,14,466a7112f4cc04a296169de98170ef75588fd0069236112ba6b92e33d5033a30,870,da6cadd09f4e5bbaa43fba346c080b1066e8d3a42f3cb89ba47a4311d192a168,raw 14-line blank-separated block; full-length sonnet layout failed,checkpoint-6D standard-Italian unit gate,,hold_14_line_block_insufficient_sonnet_or_attribution_evidence,conditioned_or_inactive_hold,inactive_hold
route:ilc_ota:sonnet:ilc_rosmini:Antonio_Rosmini_R0K:block_0137,ilc_ota:record:ilc_rosmini:Antonio_Rosmini_R0K,,ilc_ota:sonnet:ilc_rosmini:Antonio_Rosmini_R0K:block_0137,ilc_ota,Versione elettronica di testi relativi al periodo 800 - 900 Filosofia del diritto Vol.I,Antonio Rosmini,179619,180449,14,466a7112f4cc04a296169de98170ef75588fd0069236112ba6b92e33d5033a30,830,18f38c7997899d4dbcc989a5e40c7171e3615bac353553947ae149e8dff5ac34,raw 14-line blank-separated block; full-length sonnet layout failed,checkpoint-6D standard-Italian unit gate,,hold_14_line_block_insufficient_sonnet_or_attribution_evidence,conditioned_or_inactive_hold,inactive_hold
route:ilc_ota:sonnet:ilc_rosmini:Antonio_Rosmini_R0K:block_0141,ilc_ota:record:ilc_rosmini:Antonio_Rosmini_R0K,,ilc_ota:sonnet:ilc_rosmini:Antonio_Rosmini_R0K:block_0141,ilc_ota,Versione elettronica di testi relativi al periodo 800 - 900 Filosofia del diritto Vol.I,Antonio Rosmini,183426,184284,14,466a7112f4cc04a296169de98170ef75588fd0069236112ba6b92e33d5033a30,858,e31d7860e8184c750afc43f13d8761e7f095a97de2080579c82266b47c9e7323,raw 14-line blank-separated block; full-length sonnet layout failed,checkpoint-6D standard-Italian unit gate,,hold_14_line_block_insufficient_sonnet_or_attribution_evidence,conditioned_or_inactive_hold,inactive_hold
route:ilc_ota:sonnet:ilc_rosmini:Antonio_Rosmini_R0K:block_0286,ilc_ota:record:ilc_rosmini:Antonio_Rosmini_R0K,,ilc_ota:sonnet:ilc_rosmini:Antonio_Rosmini_R0K:block_0286,ilc_ota,Versione elettronica di testi relativi al periodo 800 - 900 Filosofia del diritto Vol.I,Antonio Rosmini,346945,347862,14,466a7112f4cc04a296169de98170ef75588fd0069236112ba6b92e33d5033a30,917,a4cabd58bdacda41bbb1186b195f2c78cdf6bb26f1df35f2e64dcac9321bbace,raw 14-line blank-separated block; full-length sonnet layout failed,checkpoint-6D standard-Italian unit gate,,hold_14_line_block_insufficient_sonnet_or_attribution_evidence,conditioned_or_inactive_hold,inactive_hold
route:ilc_ota:sonnet:ilc_rosmini:Antonio_Rosmini_R0K:block_0338,ilc_ota:record:ilc_rosmini:Antonio_Rosmini_R0K,,ilc_ota:sonnet:ilc_rosmini:Antonio_Rosmini_R0K:block_0338,ilc_ota,Versione elettronica di testi relativi al periodo 800 - 900 Filosofia del diritto Vol.I,Antonio Rosmini,409855,410664,14,466a7112f4cc04a296169de98170ef75588fd0069236112ba6b92e33d5033a30,809,7de6d9b5d3b1ff54663e220bd41b9fdff1a46c782bb5059146c5f11fa9ad8bf9,raw 14-line blank-separated block; full-length sonnet layout failed,checkpoint-6D standard-Italian unit gate,,hold_14_line_block_insufficient_sonnet_or_attribution_evidence,conditioned_or_inactive_hold,inactive_hold
route:ilc_ota:sonnet:ilc_rosmini:Antonio_Rosmini_R0K:block_0437,ilc_ota:record:ilc_rosmini:Antonio_Rosmini_R0K,,ilc_ota:sonnet:ilc_rosmini:Antonio_Rosmini_R0K:block_0437,ilc_ota,Versione elettronica di testi relativi al periodo 800 - 900 Filosofia del diritto Vol.I,Antonio Rosmini,534829,535572,14,466a7112f4cc04a296169de98170ef75588fd0069236112ba6b92e33d5033a30,743,ef6dcc1155d9fd2c95be646687a85dde8efa451299a886520ab504c528e7a9b4,raw 14-line blank-separated block; full-length sonnet layout failed,checkpoint-6D standard-Italian unit gate,,hold_14_line_block_insufficient_sonnet_or_attribution_evidence,conditioned_or_inactive_hold,inactive_hold
route:ilc_ota:sonnet:ilc_rosmini:Antonio_Rosmini_R0K:block_0512,ilc_ota:record:ilc_rosmini:Antonio_Rosmini_R0K,,ilc_ota:sonnet:ilc_rosmini:Antonio_Rosmini_R0K:block_0512,ilc_ota,Versione elettronica di testi relativi al periodo 800 - 900 Filosofia del diritto Vol.I,Antonio Rosmini,626179,626967,14,466a7112f4cc04a296169de98170ef75588fd0069236112ba6b92e33d5033a30,788,46aa318cf0d2cbf18e471b1d8a0673f2227a2042238723aeb489cc5727c1dd1a,raw 14-line blank-separated block; full-length sonnet layout failed,checkpoint-6D standard-Italian unit gate,,hold_14_line_block_insufficient_sonnet_or_attribution_evidence,conditioned_or_inactive_hold,inactive_hold
route:ilc_ota:sonnet:ilc_rosmini:Antonio_Rosmini_R0K:block_0518,ilc_ota:record:ilc_rosmini:Antonio_Rosmini_R0K,,ilc_ota:sonnet:ilc_rosmini:Antonio_Rosmini_R0K:block_0518,ilc_ota,Versione elettronica di testi relativi al periodo 800 - 900 Filosofia del diritto Vol.I,Antonio Rosmini,631216,631858,14,466a7112f4cc04a296169de98170ef75588fd0069236112ba6b92e33d5033a30,642,ed539555b0aeee67f0d5518ea44adb6791470b0f4d5d3863335a6e60245b8aba,raw 14-line blank-separated block; full-length sonnet layout failed,checkpoint-6D standard-Italian unit gate,,hold_14_line_block_insufficient_sonnet_or_attribution_evidence,conditioned_or_inactive_hold,inactive_hold
route:ilc_ota:sonnet:ilc_rosmini:Antonio_Rosmini_R0K:block_0552,ilc_ota:record:ilc_rosmini:Antonio_Rosmini_R0K,,ilc_ota:sonnet:ilc_rosmini:Antonio_Rosmini_R0K:block_0552,ilc_ota,Versione elettronica di testi relativi al periodo 800 - 900 Filosofia del diritto Vol.I,Antonio Rosmini,671683,672465,14,466a7112f4cc04a296169de98170ef75588fd0069236112ba6b92e33d5033a30,782,7543eb90b85ecae0c3b781b484cd0e3b77fe01e2ad27b6c853903cf4b230a71d,raw 14-line blank-separated block; full-length sonnet layout failed,checkpoint-6D standard-Italian unit gate,,hold_14_line_block_insufficient_sonnet_or_attribution_evidence,conditioned_or_inactive_hold,inactive_hold
route:ilc_ota:sonnet:ilc_rosmini:Antonio_Rosmini_R0K:block_0593,ilc_ota:record:ilc_rosmini:Antonio_Rosmini_R0K,,ilc_ota:sonnet:ilc_rosmini:Antonio_Rosmini_R0K:block_0593,ilc_ota,Versione elettronica di testi relativi al periodo 800 - 900 Filosofia del diritto Vol.I,Antonio Rosmini,730222,730974,14,466a7112f4cc04a296169de98170ef75588fd0069236112ba6b92e33d5033a30,752,5250c75e3c29074d86d6ea400c49cef740e015df9298b0d900a754cb77c897f6,raw 14-line blank-separated block; full-length sonnet layout failed,checkpoint-6D standard-Italian unit gate,,hold_14_line_block_insufficient_sonnet_or_attribution_evidence,conditioned_or_inactive_hold,inactive_hold
route:ilc_ota:sonnet:ilc_rosmini:Antonio_Rosmini_R0K:block_0600,ilc_ota:record:ilc_rosmini:Antonio_Rosmini_R0K,,ilc_ota:sonnet:ilc_rosmini:Antonio_Rosmini_R0K:block_0600,ilc_ota,Versione elettronica di testi relativi al periodo 800 - 900 Filosofia del diritto Vol.I,Antonio Rosmini,740351,741075,14,466a7112f4cc04a296169de98170ef75588fd0069236112ba6b92e33d5033a30,724,643ec116eab68a730a19345512f4e8b4bd5ea5b5499144a8e311d26cb13e0beb,raw 14-line blank-separated block; full-length sonnet layout failed,checkpoint-6D standard-Italian unit gate,,hold_14_line_block_insufficient_sonnet_or_attribution_evidence,conditioned_or_inactive_hold,inactive_hold
route:ilc_ota:sonnet:ilc_rosmini:Antonio_Rosmini_R0K:block_0655,ilc_ota:record:ilc_rosmini:Antonio_Rosmini_R0K,,ilc_ota:sonnet:ilc_rosmini:Antonio_Rosmini_R0K:block_0655,ilc_ota,Versione elettronica di testi relativi al periodo 800 - 900 Filosofia del diritto Vol.I,Antonio Rosmini,796074,796861,14,466a7112f4cc04a296169de98170ef75588fd0069236112ba6b92e33d5033a30,787,1230d82165d6d67a36161ef54107dae0a18b59b84a6c70a998f6aef84fa28213,raw 14-line blank-separated block; full-length sonnet layout failed,checkpoint-6D standard-Italian unit gate,,hold_14_line_block_insufficient_sonnet_or_attribution_evidence,conditioned_or_inactive_hold,inactive_hold
route:ilc_ota:sonnet:ilc_rosmini:Antonio_Rosmini_R0K:block_0703,ilc_ota:record:ilc_rosmini:Antonio_Rosmini_R0K,,ilc_ota:sonnet:ilc_rosmini:Antonio_Rosmini_R0K:block_0703,ilc_ota,Versione elettronica di testi relativi al periodo 800 - 900 Filosofia del diritto Vol.I,Antonio Rosmini,840005,840781,14,466a7112f4cc04a296169de98170ef75588fd0069236112ba6b92e33d5033a30,776,3b98a403f5151069e0aa062dd7841ceefe55eed9e911513fb43c78d9cddaa9d7,raw 14-line blank-separated block; full-length sonnet layout failed,checkpoint-6D standard-Italian unit gate,,hold_14_line_block_insufficient_sonnet_or_attribution_evidence,conditioned_or_inactive_hold,inactive_hold
route:ilc_ota:sonnet:ilc_rosmini:Antonio_Rosmini_R0K:block_0724,ilc_ota:record:ilc_rosmini:Antonio_Rosmini_R0K,,ilc_ota:sonnet:ilc_rosmini:Antonio_Rosmini_R0K:block_0724,ilc_ota,Versione elettronica di testi relativi al periodo 800 - 900 Filosofia del diritto Vol.I,Antonio Rosmini,862045,862835,14,466a7112f4cc04a296169de98170ef75588fd0069236112ba6b92e33d5033a30,790,86ef01708482103099cd7b8879914693b219d8f314d1d4a1303fcd6a891beade,raw 14-line blank-separated block; full-length sonnet layout failed,checkpoint-6D standard-Italian unit gate,,hold_14_line_block_insufficient_sonnet_or_attribution_evidence,conditioned_or_inactive_hold,inactive_hold
route:ilc_ota:sonnet:ilc_rosmini:Antonio_Rosmini_R0K:block_0749,ilc_ota:record:ilc_rosmini:Antonio_Rosmini_R0K,,ilc_ota:sonnet:ilc_rosmini:Antonio_Rosmini_R0K:block_0749,ilc_ota,Versione elettronica di testi relativi al periodo 800 - 900 Filosofia del diritto Vol.I,Antonio Rosmini,886291,887026,14,466a7112f4cc04a296169de98170ef75588fd0069236112ba6b92e33d5033a30,735,c13d32dae6f8a62bc80e4a529a6b41d02a02b2eccb54587d16442c9b9504414d,raw 14-line blank-separated block; full-length sonnet layout failed,checkpoint-6D standard-Italian unit gate,,hold_14_line_block_insufficient_sonnet_or_attribution_evidence,conditioned_or_inactive_hold,inactive_hold
route:ilc_ota:sonnet:ilc_rosmini:Antonio_Rosmini_R0K:block_0771,ilc_ota:record:ilc_rosmini:Antonio_Rosmini_R0K,,ilc_ota:sonnet:ilc_rosmini:Antonio_Rosmini_R0K:block_0771,ilc_ota,Versione elettronica di testi relativi al periodo 800 - 900 Filosofia del diritto Vol.I,Antonio Rosmini,913506,914371,14,466a7112f4cc04a296169de98170ef75588fd0069236112ba6b92e33d5033a30,865,850ee74de69600b2c79fec6204f9abe125a087253a3dd2e639cea3fbb1542265,raw 14-line blank-separated block; full-length sonnet layout failed,checkpoint-6D standard-Italian unit gate,,hold_14_line_block_insufficient_sonnet_or_attribution_evidence,conditioned_or_inactive_hold,inactive_hold
route:ilc_ota:sonnet:ilc_rosmini:Antonio_Rosmini_R0K:block_0804,ilc_ota:record:ilc_rosmini:Antonio_Rosmini_R0K,,ilc_ota:sonnet:ilc_rosmini:Antonio_Rosmini_R0K:block_0804,ilc_ota,Versione elettronica di testi relativi al periodo 800 - 900 Filosofia del diritto Vol.I,Antonio Rosmini,952715,953572,14,466a7112f4cc04a296169de98170ef75588fd0069236112ba6b92e33d5033a30,857,a6d88743be01e54b39d929fc918dd6fedca80b466bf808d7df6c0d9e68719755,raw 14-line blank-separated block; full-length sonnet layout failed,checkpoint-6D standard-Italian unit gate,,hold_14_line_block_insufficient_sonnet_or_attribution_evidence,conditioned_or_inactive_hold,inactive_hold
route:ilc_ota:sonnet:ilc_rosmini:Antonio_Rosmini_R0K:block_0805,ilc_ota:record:ilc_rosmini:Antonio_Rosmini_R0K,,ilc_ota:sonnet:ilc_rosmini:Antonio_Rosmini_R0K:block_0805,ilc_ota,Versione elettronica di testi relativi al periodo 800 - 900 Filosofia del diritto Vol.I,Antonio Rosmini,953573,954396,14,466a7112f4cc04a296169de98170ef75588fd0069236112ba6b92e33d5033a30,823,8e41413fab99a97abb61a00d14cf9e152682824e183549f4bc5cd88899e6cebf,raw 14-line blank-separated block; full-length sonnet layout failed,checkpoint-6D standard-Italian unit gate,,hold_14_line_block_insufficient_sonnet_or_attribution_evidence,conditioned_or_inactive_hold,inactive_hold
route:ilc_ota:sonnet:ilc_rosmini:Antonio_Rosmini_R0K:block_0866,ilc_ota:record:ilc_rosmini:Antonio_Rosmini_R0K,,ilc_ota:sonnet:ilc_rosmini:Antonio_Rosmini_R0K:block_0866,ilc_ota,Versione elettronica di testi relativi al periodo 800 - 900 Filosofia del diritto Vol.I,Antonio Rosmini,1019823,1020659,14,466a7112f4cc04a296169de98170ef75588fd0069236112ba6b92e33d5033a30,836,639261bf41ed406b959eff2a8ff2e644fe300bd3987f1496303eb7c1feaa6cdf,raw 14-line blank-separated block; full-length sonnet layout failed,checkpoint-6D standard-Italian unit gate,,hold_14_line_block_insufficient_sonnet_or_attribution_evidence,conditioned_or_inactive_hold,inactive_hold
route:ilc_ota:sonnet:ilc_rosmini:Antonio_Rosmini_R0K:block_0896,ilc_ota:record:ilc_rosmini:Antonio_Rosmini_R0K,,ilc_ota:sonnet:ilc_rosmini:Antonio_Rosmini_R0K:block_0896,ilc_ota,Versione elettronica di testi relativi al periodo 800 - 900 Filosofia del diritto Vol.I,Antonio Rosmini,1045872,1046580,14,466a7112f4cc04a296169de98170ef75588fd0069236112ba6b92e33d5033a30,708,f115c3f9c3778b05c5c8483c4afa38366de3b2b2ca1fb57d851da08e4611a56a,raw 14-line blank-separated block; full-length sonnet layout failed,checkpoint-6D standard-Italian unit gate,,hold_14_line_block_insufficient_sonnet_or_attribution_evidence,conditioned_or_inactive_hold,inactive_hold
route:ilc_ota:sonnet:ilc_rosmini:Antonio_Rosmini_R0K:block_1004,ilc_ota:record:ilc_rosmini:Antonio_Rosmini_R0K,,ilc_ota:sonnet:ilc_rosmini:Antonio_Rosmini_R0K:block_1004,ilc_ota,Versione elettronica di testi relativi al periodo 800 - 900 Filosofia del diritto Vol.I,Antonio Rosmini,1168808,1169634,14,466a7112f4cc04a296169de98170ef75588fd0069236112ba6b92e33d5033a30,826,a40b036573ee680745321043d9e961c1a5401fb40f6137ca87d7ea829de13246,raw 14-line blank-separated block; full-length sonnet layout failed,checkpoint-6D standard-Italian unit gate,,hold_14_line_block_insufficient_sonnet_or_attribution_evidence,conditioned_or_inactive_hold,inactive_hold
route:ilc_ota:sonnet:ilc_rosmini:Antonio_Rosmini_R0K:block_1021,ilc_ota:record:ilc_rosmini:Antonio_Rosmini_R0K,,ilc_ota:sonnet:ilc_rosmini:Antonio_Rosmini_R0K:block_1021,ilc_ota,Versione elettronica di testi relativi al periodo 800 - 900 Filosofia del diritto Vol.I,Antonio Rosmini,1182809,1183641,14,466a7112f4cc04a296169de98170ef75588fd0069236112ba6b92e33d5033a30,832,fa288fa1ff6af2a9f634f83a287f99c9ac5bdef35521f19d919f35644186d46b,raw 14-line blank-separated block; full-length sonnet layout failed,checkpoint-6D standard-Italian unit gate,,hold_14_line_block_insufficient_sonnet_or_attribution_evidence,conditioned_or_inactive_hold,inactive_hold
route:ilc_ota:sonnet:ilc_rosmini:Antonio_Rosmini_R0M:block_0181,ilc_ota:record:ilc_rosmini:Antonio_Rosmini_R0M,,ilc_ota:sonnet:ilc_rosmini:Antonio_Rosmini_R0M:block_0181,ilc_ota,Versione elettronica di testi relativi al periodo 800 - 900 Gioberti e il panteismo,Antonio Rosmini,265865,266640,14,04aff389ecf5acb3a5904a4587bb8ba35488c99949c1eabee577e2d039f53f2b,775,74bd163bb3a1af8e63cc946b00252f6c7651b4e17c0efc1fcf5e1e52ba52ae2f,raw 14-line blank-separated block; full-length sonnet layout failed,checkpoint-6D standard-Italian unit gate,,hold_14_line_block_insufficient_sonnet_or_attribution_evidence,conditioned_or_inactive_hold,inactive_hold
route:ilc_ota:sonnet:ilc_rosmini:Antonio_Rosmini_R0M:block_0203,ilc_ota:record:ilc_rosmini:Antonio_Rosmini_R0M,,ilc_ota:sonnet:ilc_rosmini:Antonio_Rosmini_R0M:block_0203,ilc_ota,Versione elettronica di testi relativi al periodo 800 - 900 Gioberti e il panteismo,Antonio Rosmini,294524,295327,14,04aff389ecf5acb3a5904a4587bb8ba35488c99949c1eabee577e2d039f53f2b,803,d1ffec75b4ddc47445a849368a274f1129b4bea0016bd14584a7c7f202ef801d,raw 14-line blank-separated block; full-length sonnet layout failed,checkpoint-6D standard-Italian unit gate,,hold_14_line_block_insufficient_sonnet_or_attribution_evidence,conditioned_or_inactive_hold,inactive_hold
route:ilc_ota:sonnet:ilc_rosmini:Antonio_Rosmini_R0M:block_0249,ilc_ota:record:ilc_rosmini:Antonio_Rosmini_R0M,,ilc_ota:sonnet:ilc_rosmini:Antonio_Rosmini_R0M:block_0249,ilc_ota,Versione elettronica di testi relativi al periodo 800 - 900 Gioberti e il panteismo,Antonio Rosmini,329438,330252,14,04aff389ecf5acb3a5904a4587bb8ba35488c99949c1eabee577e2d039f53f2b,814,6d55e8338b701df0476a154a6314805efabd2350c2aaa7af22be8254a9b18a97,raw 14-line blank-separated block; full-length sonnet layout failed,checkpoint-6D standard-Italian unit gate,,hold_14_line_block_insufficient_sonnet_or_attribution_evidence,conditioned_or_inactive_hold,inactive_hold
route:ilc_ota:sonnet:ilc_rosmini:Antonio_Rosmini_R0M:block_0270,ilc_ota:record:ilc_rosmini:Antonio_Rosmini_R0M,,ilc_ota:sonnet:ilc_rosmini:Antonio_Rosmini_R0M:block_0270,ilc_ota,Versione elettronica di testi relativi al periodo 800 - 900 Gioberti e il panteismo,Antonio Rosmini,344259,345043,14,04aff389ecf5acb3a5904a4587bb8ba35488c99949c1eabee577e2d039f53f2b,784,65414d773a6746888ef6096cd0d43468b1af7273114572a9c996fb0bd665aecd,raw 14-line blank-separated block; full-length sonnet layout failed,checkpoint-6D standard-Italian unit gate,,hold_14_line_block_insufficient_sonnet_or_attribution_evidence,conditioned_or_inactive_hold,inactive_hold
route:ilc_ota:sonnet:ilc_rosmini:Antonio_Rosmini_R0N:block_0012,ilc_ota:record:ilc_rosmini:Antonio_Rosmini_R0N,,ilc_ota:sonnet:ilc_rosmini:Antonio_Rosmini_R0N:block_0012,ilc_ota,Versione elettronica di testi relativi al periodo 800 - 900 Ideologia e logica Vol.I,Antonio Rosmini,8974,9812,14,0e535c5e7a05b4de26091c4d35e11de34a792b0d5f93d233ba9d2824de7e737c,838,c4b1f71d9894c80c3c9574c9b26ea1f9693fda29508ee5f53f539b98872667d4,raw 14-line blank-separated block; full-length sonnet layout failed,checkpoint-6D standard-Italian unit gate,,hold_14_line_block_insufficient_sonnet_or_attribution_evidence,conditioned_or_inactive_hold,inactive_hold
route:ilc_ota:sonnet:ilc_rosmini:Antonio_Rosmini_R0N:block_0024,ilc_ota:record:ilc_rosmini:Antonio_Rosmini_R0N,,ilc_ota:sonnet:ilc_rosmini:Antonio_Rosmini_R0N:block_0024,ilc_ota,Versione elettronica di testi relativi al periodo 800 - 900 Ideologia e logica Vol.I,Antonio Rosmini,23353,24227,14,0e535c5e7a05b4de26091c4d35e11de34a792b0d5f93d233ba9d2824de7e737c,874,a9b79ede4acc7bdf0fb2955fe3caf1da559b14985be70df51fba091d27d6e5ae,raw 14-line blank-separated block; full-length sonnet layout failed,checkpoint-6D standard-Italian unit gate,,hold_14_line_block_insufficient_sonnet_or_attribution_evidence,conditioned_or_inactive_hold,inactive_hold
route:ilc_ota:sonnet:ilc_rosmini:Antonio_Rosmini_R0N:block_0035,ilc_ota:record:ilc_rosmini:Antonio_Rosmini_R0N,,ilc_ota:sonnet:ilc_rosmini:Antonio_Rosmini_R0N:block_0035,ilc_ota,Versione elettronica di testi relativi al periodo 800 - 900 Ideologia e logica Vol.I,Antonio Rosmini,37799,38693,14,0e535c5e7a05b4de26091c4d35e11de34a792b0d5f93d233ba9d2824de7e737c,894,c90e175f37b24ff525eb8a068f88c8b6c6ab071a84bb11ef66a8199d009311f4,raw 14-line blank-separated block; full-length sonnet layout failed,checkpoint-6D standard-Italian unit gate,,hold_14_line_block_insufficient_sonnet_or_attribution_evidence,conditioned_or_inactive_hold,inactive_hold
route:ilc_ota:sonnet:ilc_rosmini:Antonio_Rosmini_R0N:block_0100,ilc_ota:record:ilc_rosmini:Antonio_Rosmini_R0N,,ilc_ota:sonnet:ilc_rosmini:Antonio_Rosmini_R0N:block_0100,ilc_ota,Versione elettronica di testi relativi al periodo 800 - 900 Ideologia e logica Vol.I,Antonio Rosmini,119909,120724,14,0e535c5e7a05b4de26091c4d35e11de34a792b0d5f93d233ba9d2824de7e737c,815,41b5f2faa8cc8b922c1fc580871a22e4a489347d4132e2dcb12c23edcbe72680,raw 14-line blank-separated block; full-length sonnet layout failed,checkpoint-6D standard-Italian unit gate,,hold_14_line_block_insufficient_sonnet_or_attribution_evidence,conditioned_or_inactive_hold,inactive_hold
route:ilc_ota:sonnet:ilc_rosmini:Antonio_Rosmini_R0N:block_0106,ilc_ota:record:ilc_rosmini:Antonio_Rosmini_R0N,,ilc_ota:sonnet:ilc_rosmini:Antonio_Rosmini_R0N:block_0106,ilc_ota,Versione elettronica di testi relativi al periodo 800 - 900 Ideologia e logica Vol.I,Antonio Rosmini,125939,126756,14,0e535c5e7a05b4de26091c4d35e11de34a792b0d5f93d233ba9d2824de7e737c,817,5074e081cf69a7001e0b13ce0d3d01133cb56276e53dcd9f068f837bf2f8a58c,raw 14-line blank-separated block; full-length sonnet layout failed,checkpoint-6D standard-Italian unit gate,,hold_14_line_block_insufficient_sonnet_or_attribution_evidence,conditioned_or_inactive_hold,inactive_hold
route:ilc_ota:sonnet:ilc_rosmini:Antonio_Rosmini_R0N:block_0170,ilc_ota:record:ilc_rosmini:Antonio_Rosmini_R0N,,ilc_ota:sonnet:ilc_rosmini:Antonio_Rosmini_R0N:block_0170,ilc_ota,Versione elettronica di testi relativi al periodo 800 - 900 Ideologia e logica Vol.I,Antonio Rosmini,202432,203232,14,0e535c5e7a05b4de26091c4d35e11de34a792b0d5f93d233ba9d2824de7e737c,800,b3c2065f2e447940153bf3568fda23c20e0700a3b5cd2c0fa7d4868a61523651,raw 14-line blank-separated block; full-length sonnet layout failed,checkpoint-6D standard-Italian unit gate,,hold_14_line_block_insufficient_sonnet_or_attribution_evidence,conditioned_or_inactive_hold,inactive_hold
route:ilc_ota:sonnet:ilc_rosmini:Antonio_Rosmini_R0N:block_0254,ilc_ota:record:ilc_rosmini:Antonio_Rosmini_R0N,,ilc_ota:sonnet:ilc_rosmini:Antonio_Rosmini_R0N:block_0254,ilc_ota,Versione elettronica di testi relativi al periodo 800 - 900 Ideologia e logica Vol.I,Antonio Rosmini,309235,310049,14,0e535c5e7a05b4de26091c4d35e11de34a792b0d5f93d233ba9d2824de7e737c,814,86d8e1e2cbe4acca8a55c9b7dbd5cbc11e4f9a308c43394e3edd89b10c30bffc,raw 14-line blank-separated block; full-length sonnet layout failed,checkpoint-6D standard-Italian unit gate,,hold_14_line_block_insufficient_sonnet_or_attribution_evidence,conditioned_or_inactive_hold,inactive_hold
route:ilc_ota:sonnet:ilc_rosmini:Antonio_Rosmini_R0N:block_0324,ilc_ota:record:ilc_rosmini:Antonio_Rosmini_R0N,,ilc_ota:sonnet:ilc_rosmini:Antonio_Rosmini_R0N:block_0324,ilc_ota,Versione elettronica di testi relativi al periodo 800 - 900 Ideologia e logica Vol.I,Antonio Rosmini,387558,388369,14,0e535c5e7a05b4de26091c4d35e11de34a792b0d5f93d233ba9d2824de7e737c,811,67488cf705b10260941fee2892779314d4ea1e3ed201c3b25ef76ee67a924949,raw 14-line blank-separated block; full-length sonnet layout failed,checkpoint-6D standard-Italian unit gate,,hold_14_line_block_insufficient_sonnet_or_attribution_evidence,conditioned_or_inactive_hold,inactive_hold
route:ilc_ota:sonnet:ilc_rosmini:Antonio_Rosmini_R0N:block_0429,ilc_ota:record:ilc_rosmini:Antonio_Rosmini_R0N,,ilc_ota:sonnet:ilc_rosmini:Antonio_Rosmini_R0N:block_0429,ilc_ota,Versione elettronica di testi relativi al periodo 800 - 900 Ideologia e logica Vol.I,Antonio Rosmini,513579,514354,14,0e535c5e7a05b4de26091c4d35e11de34a792b0d5f93d233ba9d2824de7e737c,775,b69bdcbb302b8aad4a6b07330165263e5f397c73590cd5835b3bc43eb2ede44e,raw 14-line blank-separated block; full-length sonnet layout failed,checkpoint-6D standard-Italian unit gate,,hold_14_line_block_insufficient_sonnet_or_attribution_evidence,conditioned_or_inactive_hold,inactive_hold
route:ilc_ota:sonnet:ilc_rosmini:Antonio_Rosmini_R0N:block_0445,ilc_ota:record:ilc_rosmini:Antonio_Rosmini_R0N,,ilc_ota:sonnet:ilc_rosmini:Antonio_Rosmini_R0N:block_0445,ilc_ota,Versione elettronica di testi relativi al periodo 800 - 900 Ideologia e logica Vol.I,Antonio Rosmini,532666,533289,14,0e535c5e7a05b4de26091c4d35e11de34a792b0d5f93d233ba9d2824de7e737c,623,c1882389b788c5be477c1187419af146c8987947d641504fa968d63dd1ba1506,raw 14-line blank-separated block; full-length sonnet layout failed,checkpoint-6D standard-Italian unit gate,,hold_14_line_block_insufficient_sonnet_or_attribution_evidence,conditioned_or_inactive_hold,inactive_hold
route:ilc_ota:sonnet:ilc_rosmini:Antonio_Rosmini_R0O:block_0047,ilc_ota:record:ilc_rosmini:Antonio_Rosmini_R0O,,ilc_ota:sonnet:ilc_rosmini:Antonio_Rosmini_R0O:block_0047,ilc_ota,Versione elettronica di testi relativi al periodo 800 - 900 Ideologia e logica Vol.II,Antonio Rosmini,54702,55556,14,6c1aedda7c18d4280db3c7a59ded38e60b513f32faa7c5d9a9c1c7908e67207b,854,724a33c29847f2893ae0a8d24cd41386626988860017bbcaf06ec08c36fb0851,raw 14-line blank-separated block; full-length sonnet layout failed,checkpoint-6D standard-Italian unit gate,,hold_14_line_block_insufficient_sonnet_or_attribution_evidence,conditioned_or_inactive_hold,inactive_hold
route:ilc_ota:sonnet:ilc_rosmini:Antonio_Rosmini_R0O:block_0049,ilc_ota:record:ilc_rosmini:Antonio_Rosmini_R0O,,ilc_ota:sonnet:ilc_rosmini:Antonio_Rosmini_R0O:block_0049,ilc_ota,Versione elettronica di testi relativi al periodo 800 - 900 Ideologia e logica Vol.II,Antonio Rosmini,55687,56473,14,6c1aedda7c18d4280db3c7a59ded38e60b513f32faa7c5d9a9c1c7908e67207b,786,8660b8214753053535710ddad407d4ee33f8ec90dd3d916a1d26a7c1902fed9c,raw 14-line blank-separated block; full-length sonnet layout failed,checkpoint-6D standard-Italian unit gate,,hold_14_line_block_insufficient_sonnet_or_attribution_evidence,conditioned_or_inactive_hold,inactive_hold
route:ilc_ota:sonnet:ilc_rosmini:Antonio_Rosmini_R0O:block_0052,ilc_ota:record:ilc_rosmini:Antonio_Rosmini_R0O,,ilc_ota:sonnet:ilc_rosmini:Antonio_Rosmini_R0O:block_0052,ilc_ota,Versione elettronica di testi relativi al periodo 800 - 900 Ideologia e logica Vol.II,Antonio Rosmini,58979,59827,14,6c1aedda7c18d4280db3c7a59ded38e60b513f32faa7c5d9a9c1c7908e67207b,848,a7590df48e600e22c120ff4741bf0f830985619cfdd91ec5207209ca67dd2afc,raw 14-line blank-separated block; full-length sonnet layout failed,checkpoint-6D standard-Italian unit gate,,hold_14_line_block_insufficient_sonnet_or_attribution_evidence,conditioned_or_inactive_hold,inactive_hold
route:ilc_ota:sonnet:ilc_rosmini:Antonio_Rosmini_R0O:block_0071,ilc_ota:record:ilc_rosmini:Antonio_Rosmini_R0O,,ilc_ota:sonnet:ilc_rosmini:Antonio_Rosmini_R0O:block_0071,ilc_ota,Versione elettronica di testi relativi al periodo 800 - 900 Ideologia e logica Vol.II,Antonio Rosmini,80237,81026,14,6c1aedda7c18d4280db3c7a59ded38e60b513f32faa7c5d9a9c1c7908e67207b,789,3a7f6c7641e8436bd2fd3b14c4fdd314b4173f1d88e6698bdade9bbfa7f61a0f,raw 14-line blank-separated block; full-length sonnet layout failed,checkpoint-6D standard-Italian unit gate,,hold_14_line_block_insufficient_sonnet_or_attribution_evidence,conditioned_or_inactive_hold,inactive_hold
route:ilc_ota:sonnet:ilc_rosmini:Antonio_Rosmini_R0O:block_0116,ilc_ota:record:ilc_rosmini:Antonio_Rosmini_R0O,,ilc_ota:sonnet:ilc_rosmini:Antonio_Rosmini_R0O:block_0116,ilc_ota,Versione elettronica di testi relativi al periodo 800 - 900 Ideologia e logica Vol.II,Antonio Rosmini,129247,130080,14,6c1aedda7c18d4280db3c7a59ded38e60b513f32faa7c5d9a9c1c7908e67207b,833,c5242169f97549bc8e696562deb6892b11c1e725b3cbb820d3354bd7a9c5fa09,raw 14-line blank-separated block; full-length sonnet layout failed,checkpoint-6D standard-Italian unit gate,,hold_14_line_block_insufficient_sonnet_or_attribution_evidence,conditioned_or_inactive_hold,inactive_hold
route:ilc_ota:sonnet:ilc_rosmini:Antonio_Rosmini_R0O:block_0154,ilc_ota:record:ilc_rosmini:Antonio_Rosmini_R0O,,ilc_ota:sonnet:ilc_rosmini:Antonio_Rosmini_R0O:block_0154,ilc_ota,Versione elettronica di testi relativi al periodo 800 - 900 Ideologia e logica Vol.II,Antonio Rosmini,165476,166349,14,6c1aedda7c18d4280db3c7a59ded38e60b513f32faa7c5d9a9c1c7908e67207b,873,17acb9cae5f9ca24659c05fc1f623d68a2538987ca51a204731396807b36bc15,raw 14-line blank-separated block; full-length sonnet layout failed,checkpoint-6D standard-Italian unit gate,,hold_14_line_block_insufficient_sonnet_or_attribution_evidence,conditioned_or_inactive_hold,inactive_hold
route:ilc_ota:sonnet:ilc_rosmini:Antonio_Rosmini_R0O:block_0193,ilc_ota:record:ilc_rosmini:Antonio_Rosmini_R0O,,ilc_ota:sonnet:ilc_rosmini:Antonio_Rosmini_R0O:block_0193,ilc_ota,Versione elettronica di testi relativi al periodo 800 - 900 Ideologia e logica Vol.II,Antonio Rosmini,202499,203249,14,6c1aedda7c18d4280db3c7a59ded38e60b513f32faa7c5d9a9c1c7908e67207b,750,0de032493ecb720e5b73c18b7df3418ac2889af91a45b0049ff530dc702480d9,raw 14-line blank-separated block; full-length sonnet layout failed,checkpoint-6D standard-Italian unit gate,,hold_14_line_block_insufficient_sonnet_or_attribution_evidence,conditioned_or_inactive_hold,inactive_hold
route:ilc_ota:sonnet:ilc_rosmini:Antonio_Rosmini_R0O:block_0203,ilc_ota:record:ilc_rosmini:Antonio_Rosmini_R0O,,ilc_ota:sonnet:ilc_rosmini:Antonio_Rosmini_R0O:block_0203,ilc_ota,Versione elettronica di testi relativi al periodo 800 - 900 Ideologia e logica Vol.II,Antonio Rosmini,213649,214420,14,6c1aedda7c18d4280db3c7a59ded38e60b513f32faa7c5d9a9c1c7908e67207b,771,62048e8f2fd18034a3bd57bb943e20720f8214164ab34775b80b6f7c3694fe48,raw 14-line blank-separated block; full-length sonnet layout failed,checkpoint-6D standard-Italian unit gate,,hold_14_line_block_insufficient_sonnet_or_attribution_evidence,conditioned_or_inactive_hold,inactive_hold
route:ilc_ota:sonnet:ilc_rosmini:Antonio_Rosmini_R0O:block_0220,ilc_ota:record:ilc_rosmini:Antonio_Rosmini_R0O,,ilc_ota:sonnet:ilc_rosmini:Antonio_Rosmini_R0O:block_0220,ilc_ota,Versione elettronica di testi relativi al periodo 800 - 900 Ideologia e logica Vol.II,Antonio Rosmini,230437,231236,14,6c1aedda7c18d4280db3c7a59ded38e60b513f32faa7c5d9a9c1c7908e67207b,799,d246bdea3ff3536fde9d59ccc97a513b8995d5730ba901ae0e9a05fcf2801bfc,raw 14-line blank-separated block; full-length sonnet layout failed,checkpoint-6D standard-Italian unit gate,,hold_14_line_block_insufficient_sonnet_or_attribution_evidence,conditioned_or_inactive_hold,inactive_hold
route:ilc_ota:sonnet:ilc_rosmini:Antonio_Rosmini_R0O:block_0230,ilc_ota:record:ilc_rosmini:Antonio_Rosmini_R0O,,ilc_ota:sonnet:ilc_rosmini:Antonio_Rosmini_R0O:block_0230,ilc_ota,Versione elettronica di testi relativi al periodo 800 - 900 Ideologia e logica Vol.II,Antonio Rosmini,240373,241156,14,6c1aedda7c18d4280db3c7a59ded38e60b513f32faa7c5d9a9c1c7908e67207b,783,1d7d091ff725a1b2e92b77b8a0bd3aba8ff199066b77c826f5a56f89f9be4f1e,raw 14-line blank-separated block; full-length sonnet layout failed,checkpoint-6D standard-Italian unit gate,,hold_14_line_block_insufficient_sonnet_or_attribution_evidence,conditioned_or_inactive_hold,inactive_hold
route:ilc_ota:sonnet:ilc_rosmini:Antonio_Rosmini_R0O:block_0288,ilc_ota:record:ilc_rosmini:Antonio_Rosmini_R0O,,ilc_ota:sonnet:ilc_rosmini:Antonio_Rosmini_R0O:block_0288,ilc_ota,Versione elettronica di testi relativi al periodo 800 - 900 Ideologia e logica Vol.II,Antonio Rosmini,327646,328414,14,6c1aedda7c18d4280db3c7a59ded38e60b513f32faa7c5d9a9c1c7908e67207b,768,eca3b3f1f2d01364523a770a948ac27ce80e5cfd2429d982354981d5243fd93f,raw 14-line blank-separated block; full-length sonnet layout failed,checkpoint-6D standard-Italian unit gate,,hold_14_line_block_insufficient_sonnet_or_attribution_evidence,conditioned_or_inactive_hold,inactive_hold
route:ilc_ota:sonnet:ilc_rosmini:Antonio_Rosmini_R0O:block_0308,ilc_ota:record:ilc_rosmini:Antonio_Rosmini_R0O,,ilc_ota:sonnet:ilc_rosmini:Antonio_Rosmini_R0O:block_0308,ilc_ota,Versione elettronica di testi relativi al periodo 800 - 900 Ideologia e logica Vol.II,Antonio Rosmini,342349,343070,14,6c1aedda7c18d4280db3c7a59ded38e60b513f32faa7c5d9a9c1c7908e67207b,721,452041909ed875e3e5901b15d5af86d370d595f45e168c4c6b80203be7cf4e02,raw 14-line blank-separated block; full-length sonnet layout failed,checkpoint-6D standard-Italian unit gate,,hold_14_line_block_insufficient_sonnet_or_attribution_evidence,conditioned_or_inactive_hold,inactive_hold
route:ilc_ota:sonnet:ilc_rosmini:Antonio_Rosmini_R0O:block_0323,ilc_ota:record:ilc_rosmini:Antonio_Rosmini_R0O,,ilc_ota:sonnet:ilc_rosmini:Antonio_Rosmini_R0O:block_0323,ilc_ota,Versione elettronica di testi relativi al periodo 800 - 900 Ideologia e logica Vol.II,Antonio Rosmini,353210,354042,14,6c1aedda7c18d4280db3c7a59ded38e60b513f32faa7c5d9a9c1c7908e67207b,832,dc31652cae9d5005503a4a1d97eafed8fdfc6104bdaff0069992c0d39aebd5bf,raw 14-line blank-separated block; full-length sonnet layout failed,checkpoint-6D standard-Italian unit gate,,hold_14_line_block_insufficient_sonnet_or_attribution_evidence,conditioned_or_inactive_hold,inactive_hold
route:ilc_ota:sonnet:ilc_rosmini:Antonio_Rosmini_R0O:block_0332,ilc_ota:record:ilc_rosmini:Antonio_Rosmini_R0O,,ilc_ota:sonnet:ilc_rosmini:Antonio_Rosmini_R0O:block_0332,ilc_ota,Versione elettronica di testi relativi al periodo 800 - 900 Ideologia e logica Vol.II,Antonio Rosmini,362039,362885,14,6c1aedda7c18d4280db3c7a59ded38e60b513f32faa7c5d9a9c1c7908e67207b,843,6de0cc0a952a1e31718031caee941accfafa6bc5b28223396e5dbb2092d3a1f6,raw 14-line blank-separated block; full-length sonnet layout failed,checkpoint-6D standard-Italian unit gate,,hold_14_line_block_insufficient_sonnet_or_attribution_evidence,conditioned_or_inactive_hold,inactive_hold
route:ilc_ota:sonnet:ilc_rosmini:Antonio_Rosmini_R0O:block_0374,ilc_ota:record:ilc_rosmini:Antonio_Rosmini_R0O,,ilc_ota:sonnet:ilc_rosmini:Antonio_Rosmini_R0O:block_0374,ilc_ota,Versione elettronica di testi relativi al periodo 800 - 900 Ideologia e logica Vol.II,Antonio Rosmini,405610,406480,14,6c1aedda7c18d4280db3c7a59ded38e60b513f32faa7c5d9a9c1c7908e67207b,870,9acd2e721bcaa76e1e4d26d7a875fae146f284bbcd979a5691fb0ec41eb99c96,raw 14-line blank-separated block; full-length sonnet layout failed,checkpoint-6D standard-Italian unit gate,,hold_14_line_block_insufficient_sonnet_or_attribution_evidence,conditioned_or_inactive_hold,inactive_hold
route:ilc_ota:sonnet:ilc_rosmini:Antonio_Rosmini_R0O:block_0390,ilc_ota:record:ilc_rosmini:Antonio_Rosmini_R0O,,ilc_ota:sonnet:ilc_rosmini:Antonio_Rosmini_R0O:block_0390,ilc_ota,Versione elettronica di testi relativi al periodo 800 - 900 Ideologia e logica Vol.II,Antonio Rosmini,424853,425688,14,6c1aedda7c18d4280db3c7a59ded38e60b513f32faa7c5d9a9c1c7908e67207b,835,5a78b7c140405b8cb69bebd40aa9f30c1a1d850659cb61b7506d7e50aa72b263,raw 14-line blank-separated block; full-length sonnet layout failed,checkpoint-6D standard-Italian unit gate,,hold_14_line_block_insufficient_sonnet_or_attribution_evidence,conditioned_or_inactive_hold,inactive_hold
route:ilc_ota:sonnet:ilc_rosmini:Antonio_Rosmini_R0O:block_0451,ilc_ota:record:ilc_rosmini:Antonio_Rosmini_R0O,,ilc_ota:sonnet:ilc_rosmini:Antonio_Rosmini_R0O:block_0451,ilc_ota,Versione elettronica di testi relativi al periodo 800 - 900 Ideologia e logica Vol.II,Antonio Rosmini,502690,503509,14,6c1aedda7c18d4280db3c7a59ded38e60b513f32faa7c5d9a9c1c7908e67207b,819,d753bc4b07e6f19746f1dae3edc4e28598854574efa0ab79fc6a810d694a308d,raw 14-line blank-separated block; full-length sonnet layout failed,checkpoint-6D standard-Italian unit gate,,hold_14_line_block_insufficient_sonnet_or_attribution_evidence,conditioned_or_inactive_hold,inactive_hold
route:ilc_ota:sonnet:ilc_rosmini:Antonio_Rosmini_R0O:block_0455,ilc_ota:record:ilc_rosmini:Antonio_Rosmini_R0O,,ilc_ota:sonnet:ilc_rosmini:Antonio_Rosmini_R0O:block_0455,ilc_ota,Versione elettronica di testi relativi al periodo 800 - 900 Ideologia e logica Vol.II,Antonio Rosmini,509210,510038,14,6c1aedda7c18d4280db3c7a59ded38e60b513f32faa7c5d9a9c1c7908e67207b,828,933c4cec679fcf88755b84dca1456db3af897da34c7755dd27c53c2de873b093,raw 14-line blank-separated block; full-length sonnet layout failed,checkpoint-6D standard-Italian unit gate,,hold_14_line_block_insufficient_sonnet_or_attribution_evidence,conditioned_or_inactive_hold,inactive_hold
route:ilc_ota:sonnet:ilc_rosmini:Antonio_Rosmini_R0P:block_0032,ilc_ota:record:ilc_rosmini:Antonio_Rosmini_R0P,,ilc_ota:sonnet:ilc_rosmini:Antonio_Rosmini_R0P:block_0032,ilc_ota,Versione elettronica di testi relativi al periodo 800 - 900 Il razionalismo,Antonio Rosmini,37613,38469,14,d677e9a1f7786f8cbb9f0efd23ea16cb9f8eb5fec701ed81945a00299768b970,856,23d97fe2489f9f0e333739d40ba0a2c696afb808c37e269a65d6dcb59530e985,raw 14-line blank-separated block; full-length sonnet layout failed,checkpoint-6D standard-Italian unit gate,,hold_14_line_block_insufficient_sonnet_or_attribution_evidence,conditioned_or_inactive_hold,inactive_hold
route:ilc_ota:sonnet:ilc_rosmini:Antonio_Rosmini_R0P:block_0067,ilc_ota:record:ilc_rosmini:Antonio_Rosmini_R0P,,ilc_ota:sonnet:ilc_rosmini:Antonio_Rosmini_R0P:block_0067,ilc_ota,Versione elettronica di testi relativi al periodo 800 - 900 Il razionalismo,Antonio Rosmini,68343,69143,14,d677e9a1f7786f8cbb9f0efd23ea16cb9f8eb5fec701ed81945a00299768b970,800,cd89e9f23e2e9d74dbc7a40796cb8f0d6b11b6fa22e15fd58e75b6ff5e883c78,raw 14-line blank-separated block; full-length sonnet layout failed,checkpoint-6D standard-Italian unit gate,,hold_14_line_block_insufficient_sonnet_or_attribution_evidence,conditioned_or_inactive_hold,inactive_hold
route:ilc_ota:sonnet:ilc_rosmini:Antonio_Rosmini_R0P:block_0286,ilc_ota:record:ilc_rosmini:Antonio_Rosmini_R0P,,ilc_ota:sonnet:ilc_rosmini:Antonio_Rosmini_R0P:block_0286,ilc_ota,Versione elettronica di testi relativi al periodo 800 - 900 Il razionalismo,Antonio Rosmini,202216,202928,14,d677e9a1f7786f8cbb9f0efd23ea16cb9f8eb5fec701ed81945a00299768b970,712,3ad50056d665fd570e2b36b75b576e2de2646007ed3b7ab5049e668af6f8b529,raw 14-line blank-separated block; full-length sonnet layout failed,checkpoint-6D standard-Italian unit gate,,hold_14_line_block_insufficient_sonnet_or_attribution_evidence,conditioned_or_inactive_hold,inactive_hold
route:ilc_ota:sonnet:ilc_rosmini:Antonio_Rosmini_R0P:block_0373,ilc_ota:record:ilc_rosmini:Antonio_Rosmini_R0P,,ilc_ota:sonnet:ilc_rosmini:Antonio_Rosmini_R0P:block_0373,ilc_ota,Versione elettronica di testi relativi al periodo 800 - 900 Il razionalismo,Antonio Rosmini,248880,249707,14,d677e9a1f7786f8cbb9f0efd23ea16cb9f8eb5fec701ed81945a00299768b970,827,a08a2286270ca3853af0e8f5dc78327f270b33fc0861cf77166b4cb9b598e145,raw 14-line blank-separated block; full-length sonnet layout failed,checkpoint-6D standard-Italian unit gate,,hold_14_line_block_insufficient_sonnet_or_attribution_evidence,conditioned_or_inactive_hold,inactive_hold
route:ilc_ota:sonnet:ilc_rosmini:Antonio_Rosmini_R0P:block_0398,ilc_ota:record:ilc_rosmini:Antonio_Rosmini_R0P,,ilc_ota:sonnet:ilc_rosmini:Antonio_Rosmini_R0P:block_0398,ilc_ota,Versione elettronica di testi relativi al periodo 800 - 900 Il razionalismo,Antonio Rosmini,263288,264041,14,d677e9a1f7786f8cbb9f0efd23ea16cb9f8eb5fec701ed81945a00299768b970,753,1d9c548ab8cfc9f2570a13e01f5cb5a1e101f7511795f674a7c39b486651ef36,raw 14-line blank-separated block; full-length sonnet layout failed,checkpoint-6D standard-Italian unit gate,,hold_14_line_block_insufficient_sonnet_or_attribution_evidence,conditioned_or_inactive_hold,inactive_hold
route:ilc_ota:sonnet:ilc_rosmini:Antonio_Rosmini_R0P:block_0425,ilc_ota:record:ilc_rosmini:Antonio_Rosmini_R0P,,ilc_ota:sonnet:ilc_rosmini:Antonio_Rosmini_R0P:block_0425,ilc_ota,Versione elettronica di testi relativi al periodo 800 - 900 Il razionalismo,Antonio Rosmini,272826,273640,14,d677e9a1f7786f8cbb9f0efd23ea16cb9f8eb5fec701ed81945a00299768b970,814,e9eb8f58fc8e675cac8846774da1e6fb3bef4b41ca46bd291a1a93bb5e206852,raw 14-line blank-separated block; full-length sonnet layout failed,checkpoint-6D standard-Italian unit gate,,hold_14_line_block_insufficient_sonnet_or_attribution_evidence,conditioned_or_inactive_hold,inactive_hold
route:ilc_ota:sonnet:ilc_rosmini:Antonio_Rosmini_R0P:block_0494,ilc_ota:record:ilc_rosmini:Antonio_Rosmini_R0P,,ilc_ota:sonnet:ilc_rosmini:Antonio_Rosmini_R0P:block_0494,ilc_ota,Versione elettronica di testi relativi al periodo 800 - 900 Il razionalismo,Antonio Rosmini,312255,313021,14,d677e9a1f7786f8cbb9f0efd23ea16cb9f8eb5fec701ed81945a00299768b970,766,dcc72b5691aa2b2f33ccdb431d663390dc61b80d968494aae85ac0922a69cf75,raw 14-line blank-separated block; full-length sonnet layout failed,checkpoint-6D standard-Italian unit gate,,hold_14_line_block_insufficient_sonnet_or_attribution_evidence,conditioned_or_inactive_hold,inactive_hold
route:ilc_ota:sonnet:ilc_rosmini:Antonio_Rosmini_R0P:block_0511,ilc_ota:record:ilc_rosmini:Antonio_Rosmini_R0P,,ilc_ota:sonnet:ilc_rosmini:Antonio_Rosmini_R0P:block_0511,ilc_ota,Versione elettronica di testi relativi al periodo 800 - 900 Il razionalismo,Antonio Rosmini,322508,323194,14,d677e9a1f7786f8cbb9f0efd23ea16cb9f8eb5fec701ed81945a00299768b970,686,2975624d876d2040b2e968272b3168bf630627e93802a55ebac18650a27b2853,raw 14-line blank-separated block; full-length sonnet layout failed,checkpoint-6D standard-Italian unit gate,,hold_14_line_block_insufficient_sonnet_or_attribution_evidence,conditioned_or_inactive_hold,inactive_hold
route:ilc_ota:sonnet:ilc_rosmini:Antonio_Rosmini_R0P:block_0567,ilc_ota:record:ilc_rosmini:Antonio_Rosmini_R0P,,ilc_ota:sonnet:ilc_rosmini:Antonio_Rosmini_R0P:block_0567,ilc_ota,Versione elettronica di testi relativi al periodo 800 - 900 Il razionalismo,Antonio Rosmini,356740,357546,14,d677e9a1f7786f8cbb9f0efd23ea16cb9f8eb5fec701ed81945a00299768b970,806,cfc1c97d2af239d84308fd86b7524c6370199d6e72d2a08db0fb37ff2fa60d20,raw 14-line blank-separated block; full-length sonnet layout failed,checkpoint-6D standard-Italian unit gate,,hold_14_line_block_insufficient_sonnet_or_attribution_evidence,conditioned_or_inactive_hold,inactive_hold
route:ilc_ota:sonnet:ilc_rosmini:Antonio_Rosmini_R0P:block_0601,ilc_ota:record:ilc_rosmini:Antonio_Rosmini_R0P,,ilc_ota:sonnet:ilc_rosmini:Antonio_Rosmini_R0P:block_0601,ilc_ota,Versione elettronica di testi relativi al periodo 800 - 900 Il razionalismo,Antonio Rosmini,383431,384161,14,d677e9a1f7786f8cbb9f0efd23ea16cb9f8eb5fec701ed81945a00299768b970,730,8816721ed2091873c0dd6d4aef0775749e15ee3c8a35034c05c2cbdb3cf4924e,raw 14-line blank-separated block; full-length sonnet layout failed,checkpoint-6D standard-Italian unit gate,,hold_14_line_block_insufficient_sonnet_or_attribution_evidence,conditioned_or_inactive_hold,inactive_hold
route:ilc_ota:sonnet:ilc_rosmini:Antonio_Rosmini_R0Q:block_0028,ilc_ota:record:ilc_rosmini:Antonio_Rosmini_R0Q,,ilc_ota:sonnet:ilc_rosmini:Antonio_Rosmini_R0Q:block_0028,ilc_ota,Versione elettronica di testi relativi al periodo 800 - 900 Introduzione al Vangelo secondo Giovanni,Antonio Rosmini,49579,50589,14,cd8dc2992ee6d7658c95443ea75f3911ddeab49152e6c19fc96277e0442e55a0,1010,f7d571b7ccf8ccf6c103bde55dba1fd490f1b20102f3fdeb54a72c27feab64af,raw 14-line blank-separated block; full-length sonnet layout failed,checkpoint-6D standard-Italian unit gate,,hold_14_line_block_insufficient_sonnet_or_attribution_evidence,conditioned_or_inactive_hold,inactive_hold
route:ilc_ota:sonnet:ilc_rosmini:Antonio_Rosmini_R0Q:block_0034,ilc_ota:record:ilc_rosmini:Antonio_Rosmini_R0Q,,ilc_ota:sonnet:ilc_rosmini:Antonio_Rosmini_R0Q:block_0034,ilc_ota,Versione elettronica di testi relativi al periodo 800 - 900 Introduzione al Vangelo secondo Giovanni,Antonio Rosmini,58175,59137,14,cd8dc2992ee6d7658c95443ea75f3911ddeab49152e6c19fc96277e0442e55a0,962,6f9d3df47a1fca2fc6c7b03fe4adb0efeb09486c6193b4c928bc313ab788b090,raw 14-line blank-separated block; full-length sonnet layout failed,checkpoint-6D standard-Italian unit gate,,hold_14_line_block_insufficient_sonnet_or_attribution_evidence,conditioned_or_inactive_hold,inactive_hold
route:ilc_ota:sonnet:ilc_rosmini:Antonio_Rosmini_R0Q:block_0231,ilc_ota:record:ilc_rosmini:Antonio_Rosmini_R0Q,,ilc_ota:sonnet:ilc_rosmini:Antonio_Rosmini_R0Q:block_0231,ilc_ota,Versione elettronica di testi relativi al periodo 800 - 900 Introduzione al Vangelo secondo Giovanni,Antonio Rosmini,360062,361054,14,cd8dc2992ee6d7658c95443ea75f3911ddeab49152e6c19fc96277e0442e55a0,992,346775a1851013d5ab31b3c9d5d452b7076046178a7773ad77befb48a9057df6,raw 14-line blank-separated block; full-length sonnet layout failed,checkpoint-6D standard-Italian unit gate,,hold_14_line_block_insufficient_sonnet_or_attribution_evidence,conditioned_or_inactive_hold,inactive_hold
route:ilc_ota:sonnet:ilc_rosmini:Antonio_Rosmini_R0Q:block_0234,ilc_ota:record:ilc_rosmini:Antonio_Rosmini_R0Q,,ilc_ota:sonnet:ilc_rosmini:Antonio_Rosmini_R0Q:block_0234,ilc_ota,Versione elettronica di testi relativi al periodo 800 - 900 Introduzione al Vangelo secondo Giovanni,Antonio Rosmini,361920,362822,14,cd8dc2992ee6d7658c95443ea75f3911ddeab49152e6c19fc96277e0442e55a0,902,d6b82ab9ae74442b0f41d4b4c7d97eec63271b4c78662378dfb70a3c8d93ffa9,raw 14-line blank-separated block; full-length sonnet layout failed,checkpoint-6D standard-Italian unit gate,,hold_14_line_block_insufficient_sonnet_or_attribution_evidence,conditioned_or_inactive_hold,inactive_hold
route:ilc_ota:sonnet:ilc_rosmini:Antonio_Rosmini_R0Q:block_0261,ilc_ota:record:ilc_rosmini:Antonio_Rosmini_R0Q,,ilc_ota:sonnet:ilc_rosmini:Antonio_Rosmini_R0Q:block_0261,ilc_ota,Versione elettronica di testi relativi al periodo 800 - 900 Introduzione al Vangelo secondo Giovanni,Antonio Rosmini,396289,397171,14,cd8dc2992ee6d7658c95443ea75f3911ddeab49152e6c19fc96277e0442e55a0,882,561eaa47c909983119094679ccb78fe1ab62a6b963ff9e20a0159d613089234d,raw 14-line blank-separated block; full-length sonnet layout failed,checkpoint-6D standard-Italian unit gate,,hold_14_line_block_insufficient_sonnet_or_attribution_evidence,conditioned_or_inactive_hold,inactive_hold
route:ilc_ota:sonnet:ilc_rosmini:Antonio_Rosmini_R0Q:block_0344,ilc_ota:record:ilc_rosmini:Antonio_Rosmini_R0Q,,ilc_ota:sonnet:ilc_rosmini:Antonio_Rosmini_R0Q:block_0344,ilc_ota,Versione elettronica di testi relativi al periodo 800 - 900 Introduzione al Vangelo secondo Giovanni,Antonio Rosmini,500399,501324,14,cd8dc2992ee6d7658c95443ea75f3911ddeab49152e6c19fc96277e0442e55a0,925,0a40b0100592664ee766cbdcf760fd471c230d5198d2aef5a1ceb3d2db1973a0,raw 14-line blank-separated block; full-length sonnet layout failed,checkpoint-6D standard-Italian unit gate,,hold_14_line_block_insufficient_sonnet_or_attribution_evidence,conditioned_or_inactive_hold,inactive_hold
route:ilc_ota:sonnet:ilc_rosmini:Antonio_Rosmini_R0R:block_0021,ilc_ota:record:ilc_rosmini:Antonio_Rosmini_R0R,,ilc_ota:sonnet:ilc_rosmini:Antonio_Rosmini_R0R:block_0021,ilc_ota,Versione elettronica di testi relativi al periodo 800 - 900 Introduzione alla filosofia,Antonio Rosmini,37701,38607,14,2035cf28dd6e4259d16860725a858a05d1f0429e5f093217b8755168ca044545,906,766ff886bdc10529759cdf1551010b287f31f68f3f809503afd3b7d18965fcb5,raw 14-line blank-separated block; full-length sonnet layout failed,checkpoint-6D standard-Italian unit gate,,hold_14_line_block_insufficient_sonnet_or_attribution_evidence,conditioned_or_inactive_hold,inactive_hold
route:ilc_ota:sonnet:ilc_rosmini:Antonio_Rosmini_R0R:block_0092,ilc_ota:record:ilc_rosmini:Antonio_Rosmini_R0R,,ilc_ota:sonnet:ilc_rosmini:Antonio_Rosmini_R0R:block_0092,ilc_ota,Versione elettronica di testi relativi al periodo 800 - 900 Introduzione alla filosofia,Antonio Rosmini,179832,180718,14,2035cf28dd6e4259d16860725a858a05d1f0429e5f093217b8755168ca044545,886,8a0f6a6f39bb0cd3b331099dda43ddac8398d1fd7768fd125cb2a86f414336f8,raw 14-line blank-separated block; full-length sonnet layout failed,checkpoint-6D standard-Italian unit gate,,hold_14_line_block_insufficient_sonnet_or_attribution_evidence,conditioned_or_inactive_hold,inactive_hold
route:ilc_ota:sonnet:ilc_rosmini:Antonio_Rosmini_R0R:block_0102,ilc_ota:record:ilc_rosmini:Antonio_Rosmini_R0R,,ilc_ota:sonnet:ilc_rosmini:Antonio_Rosmini_R0R:block_0102,ilc_ota,Versione elettronica di testi relativi al periodo 800 - 900 Introduzione alla filosofia,Antonio Rosmini,196762,197630,14,2035cf28dd6e4259d16860725a858a05d1f0429e5f093217b8755168ca044545,868,e97a237af6e879fc5c24e680410f8a0706b4635be75aa6f89e2ec235e7959606,raw 14-line blank-separated block; full-length sonnet layout failed,checkpoint-6D standard-Italian unit gate,,hold_14_line_block_insufficient_sonnet_or_attribution_evidence,conditioned_or_inactive_hold,inactive_hold
route:ilc_ota:sonnet:ilc_rosmini:Antonio_Rosmini_R0R:block_0149,ilc_ota:record:ilc_rosmini:Antonio_Rosmini_R0R,,ilc_ota:sonnet:ilc_rosmini:Antonio_Rosmini_R0R:block_0149,ilc_ota,Versione elettronica di testi relativi al periodo 800 - 900 Introduzione alla filosofia,Antonio Rosmini,290750,291593,14,2035cf28dd6e4259d16860725a858a05d1f0429e5f093217b8755168ca044545,843,657e487f9b65590290f479db474e33637dcfde1c2c084766b8b5312640063a86,raw 14-line blank-separated block; full-length sonnet layout failed,checkpoint-6D standard-Italian unit gate,,hold_14_line_block_insufficient_sonnet_or_attribution_evidence,conditioned_or_inactive_hold,inactive_hold
route:ilc_ota:sonnet:ilc_rosmini:Antonio_Rosmini_R0R:block_0471,ilc_ota:record:ilc_rosmini:Antonio_Rosmini_R0R,,ilc_ota:sonnet:ilc_rosmini:Antonio_Rosmini_R0R:block_0471,ilc_ota,Versione elettronica di testi relativi al periodo 800 - 900 Introduzione alla filosofia,Antonio Rosmini,859748,860615,14,2035cf28dd6e4259d16860725a858a05d1f0429e5f093217b8755168ca044545,867,eea17ec9c263713b89dbf17d64440a9736df356e3b3a64e2d0234692f009bef5,raw 14-line blank-separated block; full-length sonnet layout failed,checkpoint-6D standard-Italian unit gate,,hold_14_line_block_insufficient_sonnet_or_attribution_evidence,conditioned_or_inactive_hold,inactive_hold
route:ilc_ota:sonnet:ilc_rosmini:Antonio_Rosmini_R0R:block_0487,ilc_ota:record:ilc_rosmini:Antonio_Rosmini_R0R,,ilc_ota:sonnet:ilc_rosmini:Antonio_Rosmini_R0R:block_0487,ilc_ota,Versione elettronica di testi relativi al periodo 800 - 900 Introduzione alla filosofia,Antonio Rosmini,891065,891910,14,2035cf28dd6e4259d16860725a858a05d1f0429e5f093217b8755168ca044545,846,3be38e5ee5f71f897d91b78c96cb2747975a829b87825404b2e1808347473ee7,raw 14-line blank-separated block; full-length sonnet layout failed,checkpoint-6D standard-Italian unit gate,,hold_14_line_block_insufficient_sonnet_or_attribution_evidence,conditioned_or_inactive_hold,inactive_hold
route:ilc_ota:sonnet:ilc_rosmini:Antonio_Rosmini_R0S:block_0063,ilc_ota:record:ilc_rosmini:Antonio_Rosmini_R0S,,ilc_ota:sonnet:ilc_rosmini:Antonio_Rosmini_R0S:block_0063,ilc_ota,Versione elettronica di testi relativi al periodo 800 - 900 La dottrina della carità,Antonio Rosmini,32542,33143,14,437dbb97411a8a4624cc04eecca13df3eb95357e842229b1300b8d4385a94782,601,7a64b453be8e69a2d1fa18a44a00fe08485e5844672729cc6e8138a682e2bf09,raw 14-line blank-separated block; full-length sonnet layout failed,checkpoint-6D standard-Italian unit gate,,hold_14_line_block_insufficient_sonnet_or_attribution_evidence,conditioned_or_inactive_hold,inactive_hold
route:ilc_ota:sonnet:ilc_rosmini:Antonio_Rosmini_R0S:block_0077,ilc_ota:record:ilc_rosmini:Antonio_Rosmini_R0S,,ilc_ota:sonnet:ilc_rosmini:Antonio_Rosmini_R0S:block_0077,ilc_ota,Versione elettronica di testi relativi al periodo 800 - 900 La dottrina della carità,Antonio Rosmini,42343,42923,14,437dbb97411a8a4624cc04eecca13df3eb95357e842229b1300b8d4385a94782,580,132f6df8f520ba51f6cf23bad158aeaebfd5139659c0b76ff61cfed2f3d63c84,raw 14-line blank-separated block; full-length sonnet layout failed,checkpoint-6D standard-Italian unit gate,,hold_14_line_block_insufficient_sonnet_or_attribution_evidence,conditioned_or_inactive_hold,inactive_hold
route:ilc_ota:sonnet:ilc_rosmini:Antonio_Rosmini_R0S:block_0081,ilc_ota:record:ilc_rosmini:Antonio_Rosmini_R0S,,ilc_ota:sonnet:ilc_rosmini:Antonio_Rosmini_R0S:block_0081,ilc_ota,Versione elettronica di testi relativi al periodo 800 - 900 La dottrina della carità,Antonio Rosmini,44435,45056,14,437dbb97411a8a4624cc04eecca13df3eb95357e842229b1300b8d4385a94782,621,fe0180b182123714f9332245b3a3a9f88c8e8841de076b43f61c0ce3a7122958,raw 14-line blank-separated block; full-length sonnet layout failed,checkpoint-6D standard-Italian unit gate,,hold_14_line_block_insufficient_sonnet_or_attribution_evidence,conditioned_or_inactive_hold,inactive_hold
route:ilc_ota:sonnet:ilc_rosmini:Antonio_Rosmini_R0S:block_0090,ilc_ota:record:ilc_rosmini:Antonio_Rosmini_R0S,,ilc_ota:sonnet:ilc_rosmini:Antonio_Rosmini_R0S:block_0090,ilc_ota,Versione elettronica di testi relativi al periodo 800 - 900 La dottrina della carità,Antonio Rosmini,49506,50143,14,437dbb97411a8a4624cc04eecca13df3eb95357e842229b1300b8d4385a94782,637,d7c066feafb703652bc3ccd8c2b8a2aa0413ee9215224eb4d39cad94368552a7,raw 14-line blank-separated block; full-length sonnet layout failed,checkpoint-6D standard-Italian unit gate,,hold_14_line_block_insufficient_sonnet_or_attribution_evidence,conditioned_or_inactive_hold,inactive_hold
route:ilc_ota:sonnet:ilc_rosmini:Antonio_Rosmini_R0S:block_0116,ilc_ota:record:ilc_rosmini:Antonio_Rosmini_R0S,,ilc_ota:sonnet:ilc_rosmini:Antonio_Rosmini_R0S:block_0116,ilc_ota,Versione elettronica di testi relativi al periodo 800 - 900 La dottrina della carità,Antonio Rosmini,63513,64074,14,437dbb97411a8a4624cc04eecca13df3eb95357e842229b1300b8d4385a94782,561,cc063c11b076ea918ef0b6d29b66e39c1e6f82cf8c972d61aea45e0c3bfcfa38,raw 14-line blank-separated block; full-length sonnet layout failed,checkpoint-6D standard-Italian unit gate,,hold_14_line_block_insufficient_sonnet_or_attribution_evidence,conditioned_or_inactive_hold,inactive_hold
route:ilc_ota:sonnet:ilc_rosmini:Antonio_Rosmini_R0S:block_0118,ilc_ota:record:ilc_rosmini:Antonio_Rosmini_R0S,,ilc_ota:sonnet:ilc_rosmini:Antonio_Rosmini_R0S:block_0118,ilc_ota,Versione elettronica di testi relativi al periodo 800 - 900 La dottrina della carità,Antonio Rosmini,64851,65443,14,437dbb97411a8a4624cc04eecca13df3eb95357e842229b1300b8d4385a94782,592,51d74295ebd9a53b7a599f162a5f68a43b00e04df89526e410451b36e00f54fd,raw 14-line blank-separated block; full-length sonnet layout failed,checkpoint-6D standard-Italian unit gate,,hold_14_line_block_insufficient_sonnet_or_attribution_evidence,conditioned_or_inactive_hold,inactive_hold
route:ilc_ota:sonnet:ilc_rosmini:Antonio_Rosmini_R0S:block_0176,ilc_ota:record:ilc_rosmini:Antonio_Rosmini_R0S,,ilc_ota:sonnet:ilc_rosmini:Antonio_Rosmini_R0S:block_0176,ilc_ota,Versione elettronica di testi relativi al periodo 800 - 900 La dottrina della carità,Antonio Rosmini,89936,90544,14,437dbb97411a8a4624cc04eecca13df3eb95357e842229b1300b8d4385a94782,608,36bb7869e4d8949e96d090cd54eba050c8cd772afe712c5412c425a94e426370,raw 14-line blank-separated block; full-length sonnet layout failed,checkpoint-6D standard-Italian unit gate,,hold_14_line_block_insufficient_sonnet_or_attribution_evidence,conditioned_or_inactive_hold,inactive_hold
route:ilc_ota:sonnet:ilc_rosmini:Antonio_Rosmini_R0S:block_0197,ilc_ota:record:ilc_rosmini:Antonio_Rosmini_R0S,,ilc_ota:sonnet:ilc_rosmini:Antonio_Rosmini_R0S:block_0197,ilc_ota,Versione elettronica di testi relativi al periodo 800 - 900 La dottrina della carità,Antonio Rosmini,101176,101780,14,437dbb97411a8a4624cc04eecca13df3eb95357e842229b1300b8d4385a94782,604,e00f5450c3277c31a77b0b16b73cb63212030550defaaca98d4e0c6f993b2c81,raw 14-line blank-separated block; full-length sonnet layout failed,checkpoint-6D standard-Italian unit gate,,hold_14_line_block_insufficient_sonnet_or_attribution_evidence,conditioned_or_inactive_hold,inactive_hold
route:ilc_ota:sonnet:ilc_rosmini:Antonio_Rosmini_R0S:block_0288,ilc_ota:record:ilc_rosmini:Antonio_Rosmini_R0S,,ilc_ota:sonnet:ilc_rosmini:Antonio_Rosmini_R0S:block_0288,ilc_ota,Versione elettronica di testi relativi al periodo 800 - 900 La dottrina della carità,Antonio Rosmini,138152,138805,14,437dbb97411a8a4624cc04eecca13df3eb95357e842229b1300b8d4385a94782,653,691d238f874fdb3decb85a3dd4b7a7dadb1585f1f30a26e5137f332324b8b28b,exact 14-line blank-separated source block with 14 full-length verse lines,checkpoint-6D standard-Italian unit gate,,hold_14_line_block_insufficient_sonnet_or_attribution_evidence,conditioned_or_inactive_hold,inactive_hold
route:ilc_ota:sonnet:ilc_rosmini:Antonio_Rosmini_R0S:block_0289,ilc_ota:record:ilc_rosmini:Antonio_Rosmini_R0S,,ilc_ota:sonnet:ilc_rosmini:Antonio_Rosmini_R0S:block_0289,ilc_ota,Versione elettronica di testi relativi al periodo 800 - 900 La dottrina della carità,Antonio Rosmini,138806,139387,14,437dbb97411a8a4624cc04eecca13df3eb95357e842229b1300b8d4385a94782,581,81e493af74b0d2ec50dd34d127f042915e4cbba4e78cc5d7725dd0547cdb6016,raw 14-line blank-separated block; full-length sonnet layout failed,checkpoint-6D standard-Italian unit gate,,hold_14_line_block_insufficient_sonnet_or_attribution_evidence,conditioned_or_inactive_hold,inactive_hold
route:ilc_ota:sonnet:ilc_rosmini:Antonio_Rosmini_R0S:block_0309,ilc_ota:record:ilc_rosmini:Antonio_Rosmini_R0S,,ilc_ota:sonnet:ilc_rosmini:Antonio_Rosmini_R0S:block_0309,ilc_ota,Versione elettronica di testi relativi al periodo 800 - 900 La dottrina della carità,Antonio Rosmini,146843,147430,14,437dbb97411a8a4624cc04eecca13df3eb95357e842229b1300b8d4385a94782,587,65b35e103b6f8cbfaf95d5851e323fd4aea1c0a0ba174bebb91218b86e612080,raw 14-line blank-separated block; full-length sonnet layout failed,checkpoint-6D standard-Italian unit gate,,hold_14_line_block_insufficient_sonnet_or_attribution_evidence,conditioned_or_inactive_hold,inactive_hold
route:ilc_ota:sonnet:ilc_rosmini:Antonio_Rosmini_R0S:block_0327,ilc_ota:record:ilc_rosmini:Antonio_Rosmini_R0S,,ilc_ota:sonnet:ilc_rosmini:Antonio_Rosmini_R0S:block_0327,ilc_ota,Versione elettronica di testi relativi al periodo 800 - 900 La dottrina della carità,Antonio Rosmini,158152,158770,14,437dbb97411a8a4624cc04eecca13df3eb95357e842229b1300b8d4385a94782,618,618d72f970c6ecb960b89915c47a1fa52757d7d58d7042a36561ec009b646ca0,raw 14-line blank-separated block; full-length sonnet layout failed,checkpoint-6D standard-Italian unit gate,,hold_14_line_block_insufficient_sonnet_or_attribution_evidence,conditioned_or_inactive_hold,inactive_hold
route:ilc_ota:sonnet:ilc_rosmini:Antonio_Rosmini_R0S:block_0357,ilc_ota:record:ilc_rosmini:Antonio_Rosmini_R0S,,ilc_ota:sonnet:ilc_rosmini:Antonio_Rosmini_R0S:block_0357,ilc_ota,Versione elettronica di testi relativi al periodo 800 - 900 La dottrina della carità,Antonio Rosmini,176363,176987,14,437dbb97411a8a4624cc04eecca13df3eb95357e842229b1300b8d4385a94782,624,d424731855113403377646e25f5696957cd0090c1203cb9fbfd1073b55f54665,raw 14-line blank-separated block; full-length sonnet layout failed,checkpoint-6D standard-Italian unit gate,,hold_14_line_block_insufficient_sonnet_or_attribution_evidence,conditioned_or_inactive_hold,inactive_hold
route:ilc_ota:sonnet:ilc_rosmini:Antonio_Rosmini_R0T:block_0005,ilc_ota:record:ilc_rosmini:Antonio_Rosmini_R0T,,ilc_ota:sonnet:ilc_rosmini:Antonio_Rosmini_R0T:block_0005,ilc_ota,Versione elettronica di testi relativi al periodo 800 - 900 Lezioni spirituali,Antonio Rosmini,255,715,14,d50e9a1289f2291c138a26a2240ad9b3b9e0099f98d3a3d21504095d79b14752,460,e4d96a978bedded0f5cf4ca5aae8efc850530babb9efdf2b0b583d98fe00f8bd,raw 14-line blank-separated block; full-length sonnet layout failed,checkpoint-6D standard-Italian unit gate,,hold_14_line_block_insufficient_sonnet_or_attribution_evidence,conditioned_or_inactive_hold,inactive_hold
route:ilc_ota:sonnet:ilc_rosmini:Antonio_Rosmini_R0T:block_0052,ilc_ota:record:ilc_rosmini:Antonio_Rosmini_R0T,,ilc_ota:sonnet:ilc_rosmini:Antonio_Rosmini_R0T:block_0052,ilc_ota,Versione elettronica di testi relativi al periodo 800 - 900 Lezioni spirituali,Antonio Rosmini,27798,28282,14,d50e9a1289f2291c138a26a2240ad9b3b9e0099f98d3a3d21504095d79b14752,484,c8b86cd3c38b7bb3681798e45425405740d092bfcd77452a56675f91f3f3030e,raw 14-line blank-separated block; full-length sonnet layout failed,checkpoint-6D standard-Italian unit gate,,hold_14_line_block_insufficient_sonnet_or_attribution_evidence,conditioned_or_inactive_hold,inactive_hold
route:ilc_ota:sonnet:ilc_rosmini:Antonio_Rosmini_R0T:block_0086,ilc_ota:record:ilc_rosmini:Antonio_Rosmini_R0T,,ilc_ota:sonnet:ilc_rosmini:Antonio_Rosmini_R0T:block_0086,ilc_ota,Versione elettronica di testi relativi al periodo 800 - 900 Lezioni spirituali,Antonio Rosmini,46150,46629,14,d50e9a1289f2291c138a26a2240ad9b3b9e0099f98d3a3d21504095d79b14752,479,3436bd08e943d514c31c1369ce15eb183bb1855173c93e857e07791f18909ce5,raw 14-line blank-separated block; full-length sonnet layout failed,checkpoint-6D standard-Italian unit gate,,hold_14_line_block_insufficient_sonnet_or_attribution_evidence,conditioned_or_inactive_hold,inactive_hold
route:ilc_ota:sonnet:ilc_rosmini:Antonio_Rosmini_R0T:block_0114,ilc_ota:record:ilc_rosmini:Antonio_Rosmini_R0T,,ilc_ota:sonnet:ilc_rosmini:Antonio_Rosmini_R0T:block_0114,ilc_ota,Versione elettronica di testi relativi al periodo 800 - 900 Lezioni spirituali,Antonio Rosmini,60262,60724,14,d50e9a1289f2291c138a26a2240ad9b3b9e0099f98d3a3d21504095d79b14752,462,979ba993815af7f317c037a4928a87ee6af42d28272085577d8a8a23c9b2b5a1,raw 14-line blank-separated block; full-length sonnet layout failed,checkpoint-6D standard-Italian unit gate,,hold_14_line_block_insufficient_sonnet_or_attribution_evidence,conditioned_or_inactive_hold,inactive_hold
route:ilc_ota:sonnet:ilc_rosmini:Antonio_Rosmini_R0V:block_0078,ilc_ota:record:ilc_rosmini:Antonio_Rosmini_R0V,,ilc_ota:sonnet:ilc_rosmini:Antonio_Rosmini_R0V:block_0078,ilc_ota,Versione elettronica di testi relativi al periodo 800 - 900 Memoriali da regole istit. di carità,Antonio Rosmini,46842,47305,14,b2c136e66b5dc43d6e28d5a16b44853e98aa0056f255809174f5c458f668b272,463,ade4448dbd5c4b895f59e1583d231b91b0b839903989994a041bb6d37c05ef1e,raw 14-line blank-separated block; full-length sonnet layout failed,checkpoint-6D standard-Italian unit gate,,hold_14_line_block_insufficient_sonnet_or_attribution_evidence,conditioned_or_inactive_hold,inactive_hold
route:ilc_ota:sonnet:ilc_rosmini:Antonio_Rosmini_R0V:block_0087,ilc_ota:record:ilc_rosmini:Antonio_Rosmini_R0V,,ilc_ota:sonnet:ilc_rosmini:Antonio_Rosmini_R0V:block_0087,ilc_ota,Versione elettronica di testi relativi al periodo 800 - 900 Memoriali da regole istit. di carità,Antonio Rosmini,51620,52097,14,b2c136e66b5dc43d6e28d5a16b44853e98aa0056f255809174f5c458f668b272,477,59079e9cfb1d4f445d0ba4e086148338514d2bd02e6ac00bf331f8436472a45b,raw 14-line blank-separated block; full-length sonnet layout failed,checkpoint-6D standard-Italian unit gate,,hold_14_line_block_insufficient_sonnet_or_attribution_evidence,conditioned_or_inactive_hold,inactive_hold
route:ilc_ota:sonnet:ilc_rosmini:Antonio_Rosmini_R0W:block_0103,ilc_ota:record:ilc_rosmini:Antonio_Rosmini_R0W,,ilc_ota:sonnet:ilc_rosmini:Antonio_Rosmini_R0W:block_0103,ilc_ota,Versione elettronica di testi relativi al periodo 800 - 900 Opuscoli morali Vol.I,Antonio Rosmini,81855,82680,14,ca9e5b35842ec6bf8d6795a1981054faf0ed2afc5f02213a884a173c1f7ef200,825,f1a71e8a9d2473db17455d218f50d5b5647e67f5928092dfa3a3237da07394db,raw 14-line blank-separated block; full-length sonnet layout failed,checkpoint-6D standard-Italian unit gate,,hold_14_line_block_insufficient_sonnet_or_attribution_evidence,conditioned_or_inactive_hold,inactive_hold
route:ilc_ota:sonnet:ilc_rosmini:Antonio_Rosmini_R0W:block_0123,ilc_ota:record:ilc_rosmini:Antonio_Rosmini_R0W,,ilc_ota:sonnet:ilc_rosmini:Antonio_Rosmini_R0W:block_0123,ilc_ota,Versione elettronica di testi relativi al periodo 800 - 900 Opuscoli morali Vol.I,Antonio Rosmini,93755,94738,14,ca9e5b35842ec6bf8d6795a1981054faf0ed2afc5f02213a884a173c1f7ef200,983,9801a08969612fc7c8381302e3e0b5d3217542ec7aa7971fbdb0f6e17671828b,raw 14-line blank-separated block; full-length sonnet layout failed,checkpoint-6D standard-Italian unit gate,,hold_14_line_block_insufficient_sonnet_or_attribution_evidence,conditioned_or_inactive_hold,inactive_hold
route:ilc_ota:sonnet:ilc_rosmini:Antonio_Rosmini_R0W:block_0182,ilc_ota:record:ilc_rosmini:Antonio_Rosmini_R0W,,ilc_ota:sonnet:ilc_rosmini:Antonio_Rosmini_R0W:block_0182,ilc_ota,Versione elettronica di testi relativi al periodo 800 - 900 Opuscoli morali Vol.I,Antonio Rosmini,137927,138836,14,ca9e5b35842ec6bf8d6795a1981054faf0ed2afc5f02213a884a173c1f7ef200,909,2bc68fa09c21a85c466591ea804a4145f97497f78867715190f648e483938987,raw 14-line blank-separated block; full-length sonnet layout failed,checkpoint-6D standard-Italian unit gate,,hold_14_line_block_insufficient_sonnet_or_attribution_evidence,conditioned_or_inactive_hold,inactive_hold
route:ilc_ota:sonnet:ilc_rosmini:Antonio_Rosmini_R0W:block_0192,ilc_ota:record:ilc_rosmini:Antonio_Rosmini_R0W,,ilc_ota:sonnet:ilc_rosmini:Antonio_Rosmini_R0W:block_0192,ilc_ota,Versione elettronica di testi relativi al periodo 800 - 900 Opuscoli morali Vol.I,Antonio Rosmini,143183,144094,14,ca9e5b35842ec6bf8d6795a1981054faf0ed2afc5f02213a884a173c1f7ef200,911,8e9d4b1048838869c0dd9d603fb9c2b314bcad13937d96a769cf22bfc8dec372,raw 14-line blank-separated block; full-length sonnet layout failed,checkpoint-6D standard-Italian unit gate,,hold_14_line_block_insufficient_sonnet_or_attribution_evidence,conditioned_or_inactive_hold,inactive_hold
route:ilc_ota:sonnet:ilc_rosmini:Antonio_Rosmini_R0W:block_0250,ilc_ota:record:ilc_rosmini:Antonio_Rosmini_R0W,,ilc_ota:sonnet:ilc_rosmini:Antonio_Rosmini_R0W:block_0250,ilc_ota,Versione elettronica di testi relativi al periodo 800 - 900 Opuscoli morali Vol.I,Antonio Rosmini,174989,175921,14,ca9e5b35842ec6bf8d6795a1981054faf0ed2afc5f02213a884a173c1f7ef200,932,eef91bd35291fe5de6b258ad8b8820b1461a4fde6c55d9c22ea89c6a58a0461c,raw 14-line blank-separated block; full-length sonnet layout failed,checkpoint-6D standard-Italian unit gate,,hold_14_line_block_insufficient_sonnet_or_attribution_evidence,conditioned_or_inactive_hold,inactive_hold
route:ilc_ota:sonnet:ilc_rosmini:Antonio_Rosmini_R0W:block_0281,ilc_ota:record:ilc_rosmini:Antonio_Rosmini_R0W,,ilc_ota:sonnet:ilc_rosmini:Antonio_Rosmini_R0W:block_0281,ilc_ota,Versione elettronica di testi relativi al periodo 800 - 900 Opuscoli morali Vol.I,Antonio Rosmini,190140,191114,14,ca9e5b35842ec6bf8d6795a1981054faf0ed2afc5f02213a884a173c1f7ef200,974,2d3226183dc0c176768c8afac50ad582b026674ecb0b1901cc31ac8aa359d9d9,raw 14-line blank-separated block; full-length sonnet layout failed,checkpoint-6D standard-Italian unit gate,,hold_14_line_block_insufficient_sonnet_or_attribution_evidence,conditioned_or_inactive_hold,inactive_hold
route:ilc_ota:sonnet:ilc_rosmini:Antonio_Rosmini_R0W:block_0291,ilc_ota:record:ilc_rosmini:Antonio_Rosmini_R0W,,ilc_ota:sonnet:ilc_rosmini:Antonio_Rosmini_R0W:block_0291,ilc_ota,Versione elettronica di testi relativi al periodo 800 - 900 Opuscoli morali Vol.I,Antonio Rosmini,197778,198732,14,ca9e5b35842ec6bf8d6795a1981054faf0ed2afc5f02213a884a173c1f7ef200,954,377916322f3a0bba5bd6f89cb67cbfa7ab62e693a786262488b6eab7de05593b,raw 14-line blank-separated block; full-length sonnet layout failed,checkpoint-6D standard-Italian unit gate,,hold_14_line_block_insufficient_sonnet_or_attribution_evidence,conditioned_or_inactive_hold,inactive_hold
route:ilc_ota:sonnet:ilc_rosmini:Antonio_Rosmini_R0W:block_0338,ilc_ota:record:ilc_rosmini:Antonio_Rosmini_R0W,,ilc_ota:sonnet:ilc_rosmini:Antonio_Rosmini_R0W:block_0338,ilc_ota,Versione elettronica di testi relativi al periodo 800 - 900 Opuscoli morali Vol.I,Antonio Rosmini,231731,232669,14,ca9e5b35842ec6bf8d6795a1981054faf0ed2afc5f02213a884a173c1f7ef200,938,787679402f719113c19be3da0e07df4b88ae15c3a9b7ec281ba69ba6cfe6c3ad,raw 14-line blank-separated block; full-length sonnet layout failed,checkpoint-6D standard-Italian unit gate,,hold_14_line_block_insufficient_sonnet_or_attribution_evidence,conditioned_or_inactive_hold,inactive_hold
route:ilc_ota:sonnet:ilc_rosmini:Antonio_Rosmini_R0W:block_0344,ilc_ota:record:ilc_rosmini:Antonio_Rosmini_R0W,,ilc_ota:sonnet:ilc_rosmini:Antonio_Rosmini_R0W:block_0344,ilc_ota,Versione elettronica di testi relativi al periodo 800 - 900 Opuscoli morali Vol.I,Antonio Rosmini,234920,235917,14,ca9e5b35842ec6bf8d6795a1981054faf0ed2afc5f02213a884a173c1f7ef200,997,75b4853c0bad4675e38762ca81e898aa1976fbe7fed8d31ba12f6d7c1ae16de7,raw 14-line blank-separated block; full-length sonnet layout failed,checkpoint-6D standard-Italian unit gate,,hold_14_line_block_insufficient_sonnet_or_attribution_evidence,conditioned_or_inactive_hold,inactive_hold
route:ilc_ota:sonnet:ilc_rosmini:Antonio_Rosmini_R0W:block_0446,ilc_ota:record:ilc_rosmini:Antonio_Rosmini_R0W,,ilc_ota:sonnet:ilc_rosmini:Antonio_Rosmini_R0W:block_0446,ilc_ota,Versione elettronica di testi relativi al periodo 800 - 900 Opuscoli morali Vol.I,Antonio Rosmini,294766,295670,14,ca9e5b35842ec6bf8d6795a1981054faf0ed2afc5f02213a884a173c1f7ef200,904,fb5afe6b76073051ab43581b6e251e23d0b01345b7fc0c4e3e61ca98dd2803aa,raw 14-line blank-separated block; full-length sonnet layout failed,checkpoint-6D standard-Italian unit gate,,hold_14_line_block_insufficient_sonnet_or_attribution_evidence,conditioned_or_inactive_hold,inactive_hold
route:ilc_ota:sonnet:ilc_rosmini:Antonio_Rosmini_R0W:block_0479,ilc_ota:record:ilc_rosmini:Antonio_Rosmini_R0W,,ilc_ota:sonnet:ilc_rosmini:Antonio_Rosmini_R0W:block_0479,ilc_ota,Versione elettronica di testi relativi al periodo 800 - 900 Opuscoli morali Vol.I,Antonio Rosmini,316581,317510,14,ca9e5b35842ec6bf8d6795a1981054faf0ed2afc5f02213a884a173c1f7ef200,929,d648e55a8c8aa9b7364b1fb0356bb6126eb7f026deec7fb69cde2d39a29a6dff,raw 14-line blank-separated block; full-length sonnet layout failed,checkpoint-6D standard-Italian unit gate,,hold_14_line_block_insufficient_sonnet_or_attribution_evidence,conditioned_or_inactive_hold,inactive_hold
route:ilc_ota:sonnet:ilc_rosmini:Antonio_Rosmini_R0W:block_0510,ilc_ota:record:ilc_rosmini:Antonio_Rosmini_R0W,,ilc_ota:sonnet:ilc_rosmini:Antonio_Rosmini_R0W:block_0510,ilc_ota,Versione elettronica di testi relativi al periodo 800 - 900 Opuscoli morali Vol.I,Antonio Rosmini,340038,341000,14,ca9e5b35842ec6bf8d6795a1981054faf0ed2afc5f02213a884a173c1f7ef200,962,1a1a96cb644080d337fd322bc592bf5d582945baf7f48d285fda9f2e5987864a,raw 14-line blank-separated block; full-length sonnet layout failed,checkpoint-6D standard-Italian unit gate,,hold_14_line_block_insufficient_sonnet_or_attribution_evidence,conditioned_or_inactive_hold,inactive_hold
route:ilc_ota:sonnet:ilc_rosmini:Antonio_Rosmini_R0W:block_0516,ilc_ota:record:ilc_rosmini:Antonio_Rosmini_R0W,,ilc_ota:sonnet:ilc_rosmini:Antonio_Rosmini_R0W:block_0516,ilc_ota,Versione elettronica di testi relativi al periodo 800 - 900 Opuscoli morali Vol.I,Antonio Rosmini,343285,344295,14,ca9e5b35842ec6bf8d6795a1981054faf0ed2afc5f02213a884a173c1f7ef200,1010,1ddf2d2e87728bbee0ea72c1ed6b8a07ca08a99a50f9286eee7c5a2a8ef5007f,raw 14-line blank-separated block; full-length sonnet layout failed,checkpoint-6D standard-Italian unit gate,,hold_14_line_block_insufficient_sonnet_or_attribution_evidence,conditioned_or_inactive_hold,inactive_hold
route:ilc_ota:sonnet:ilc_rosmini:Antonio_Rosmini_R0W:block_0520,ilc_ota:record:ilc_rosmini:Antonio_Rosmini_R0W,,ilc_ota:sonnet:ilc_rosmini:Antonio_Rosmini_R0W:block_0520,ilc_ota,Versione elettronica di testi relativi al periodo 800 - 900 Opuscoli morali Vol.I,Antonio Rosmini,346039,346897,14,ca9e5b35842ec6bf8d6795a1981054faf0ed2afc5f02213a884a173c1f7ef200,858,d0f2d2d321ef35582eb8c04ed038edbe8a33d9a0776ceb875bb0d6d7b48460e0,raw 14-line blank-separated block; full-length sonnet layout failed,checkpoint-6D standard-Italian unit gate,,hold_14_line_block_insufficient_sonnet_or_attribution_evidence,conditioned_or_inactive_hold,inactive_hold
route:ilc_ota:sonnet:ilc_rosmini:Antonio_Rosmini_R0W:block_0537,ilc_ota:record:ilc_rosmini:Antonio_Rosmini_R0W,,ilc_ota:sonnet:ilc_rosmini:Antonio_Rosmini_R0W:block_0537,ilc_ota,Versione elettronica di testi relativi al periodo 800 - 900 Opuscoli morali Vol.I,Antonio Rosmini,354689,355584,14,ca9e5b35842ec6bf8d6795a1981054faf0ed2afc5f02213a884a173c1f7ef200,895,af582179f4ee0ac467644fc25ade1103008a19cadb9b1cb33b01d29193dcbaed,raw 14-line blank-separated block; full-length sonnet layout failed,checkpoint-6D standard-Italian unit gate,,hold_14_line_block_insufficient_sonnet_or_attribution_evidence,conditioned_or_inactive_hold,inactive_hold
route:ilc_ota:sonnet:ilc_rosmini:Antonio_Rosmini_R0X:block_0060,ilc_ota:record:ilc_rosmini:Antonio_Rosmini_R0X,,ilc_ota:sonnet:ilc_rosmini:Antonio_Rosmini_R0X:block_0060,ilc_ota,Versione elettronica di testi relativi al periodo 800 - 900 Nuovo saggio sull'origine delle idee Vol.I,Antonio Rosmini,67681,68506,14,bb61d01325c65a3a59eeee606ab2266f2adfe455671bb9f351eaebd7a52fb851,825,5fcb4ba93836adcda47e12e7a0495e7f5634dc87a094534ca074e789283d2bb2,raw 14-line blank-separated block; full-length sonnet layout failed,checkpoint-6D standard-Italian unit gate,,hold_14_line_block_insufficient_sonnet_or_attribution_evidence,conditioned_or_inactive_hold,inactive_hold
route:ilc_ota:sonnet:ilc_rosmini:Antonio_Rosmini_R0X:block_0090,ilc_ota:record:ilc_rosmini:Antonio_Rosmini_R0X,,ilc_ota:sonnet:ilc_rosmini:Antonio_Rosmini_R0X:block_0090,ilc_ota,Versione elettronica di testi relativi al periodo 800 - 900 Nuovo saggio sull'origine delle idee Vol.I,Antonio Rosmini,107546,108367,14,bb61d01325c65a3a59eeee606ab2266f2adfe455671bb9f351eaebd7a52fb851,821,2e08fc9f3bc4d7165443c45dd17c425e2250852db9671c8c8c1be057a3275153,raw 14-line blank-separated block; full-length sonnet layout failed,checkpoint-6D standard-Italian unit gate,,hold_14_line_block_insufficient_sonnet_or_attribution_evidence,conditioned_or_inactive_hold,inactive_hold
route:ilc_ota:sonnet:ilc_rosmini:Antonio_Rosmini_R0X:block_0149,ilc_ota:record:ilc_rosmini:Antonio_Rosmini_R0X,,ilc_ota:sonnet:ilc_rosmini:Antonio_Rosmini_R0X:block_0149,ilc_ota,Versione elettronica di testi relativi al periodo 800 - 900 Nuovo saggio sull'origine delle idee Vol.I,Antonio Rosmini,171050,171837,14,bb61d01325c65a3a59eeee606ab2266f2adfe455671bb9f351eaebd7a52fb851,787,10ee1e748ec7ae8fd1d014fb60a4dc449bdb2e4372c9fcf0fb8ac82b3f0bcd87,raw 14-line blank-separated block; full-length sonnet layout failed,checkpoint-6D standard-Italian unit gate,,hold_14_line_block_insufficient_sonnet_or_attribution_evidence,conditioned_or_inactive_hold,inactive_hold
route:ilc_ota:sonnet:ilc_rosmini:Antonio_Rosmini_R0X:block_0206,ilc_ota:record:ilc_rosmini:Antonio_Rosmini_R0X,,ilc_ota:sonnet:ilc_rosmini:Antonio_Rosmini_R0X:block_0206,ilc_ota,Versione elettronica di testi relativi al periodo 800 - 900 Nuovo saggio sull'origine delle idee Vol.I,Antonio Rosmini,227234,228111,14,bb61d01325c65a3a59eeee606ab2266f2adfe455671bb9f351eaebd7a52fb851,877,e72f626f459784d8153e275fe523064895456385b4a864926e2f7f41e096c827,raw 14-line blank-separated block; full-length sonnet layout failed,checkpoint-6D standard-Italian unit gate,,hold_14_line_block_insufficient_sonnet_or_attribution_evidence,conditioned_or_inactive_hold,inactive_hold
route:ilc_ota:sonnet:ilc_rosmini:Antonio_Rosmini_R0X:block_0230,ilc_ota:record:ilc_rosmini:Antonio_Rosmini_R0X,,ilc_ota:sonnet:ilc_rosmini:Antonio_Rosmini_R0X:block_0230,ilc_ota,Versione elettronica di testi relativi al periodo 800 - 900 Nuovo saggio sull'origine delle idee Vol.I,Antonio Rosmini,256765,257612,14,bb61d01325c65a3a59eeee606ab2266f2adfe455671bb9f351eaebd7a52fb851,847,bbb939edbea8fb80deca526f422815c4cd4f8d5b3e376ad403910d9b5a71a84c,raw 14-line blank-separated block; full-length sonnet layout failed,checkpoint-6D standard-Italian unit gate,,hold_14_line_block_insufficient_sonnet_or_attribution_evidence,conditioned_or_inactive_hold,inactive_hold
route:ilc_ota:sonnet:ilc_rosmini:Antonio_Rosmini_R0X:block_0247,ilc_ota:record:ilc_rosmini:Antonio_Rosmini_R0X,,ilc_ota:sonnet:ilc_rosmini:Antonio_Rosmini_R0X:block_0247,ilc_ota,Versione elettronica di testi relativi al periodo 800 - 900 Nuovo saggio sull'origine delle idee Vol.I,Antonio Rosmini,276620,277442,14,bb61d01325c65a3a59eeee606ab2266f2adfe455671bb9f351eaebd7a52fb851,822,a5ad02b2052da67e0c3b138498e1219a00e4ca1cec270445296084572b46c8eb,raw 14-line blank-separated block; full-length sonnet layout failed,checkpoint-6D standard-Italian unit gate,,hold_14_line_block_insufficient_sonnet_or_attribution_evidence,conditioned_or_inactive_hold,inactive_hold
route:ilc_ota:sonnet:ilc_rosmini:Antonio_Rosmini_R0X:block_0467,ilc_ota:record:ilc_rosmini:Antonio_Rosmini_R0X,,ilc_ota:sonnet:ilc_rosmini:Antonio_Rosmini_R0X:block_0467,ilc_ota,Versione elettronica di testi relativi al periodo 800 - 900 Nuovo saggio sull'origine delle idee Vol.I,Antonio Rosmini,468929,469760,14,bb61d01325c65a3a59eeee606ab2266f2adfe455671bb9f351eaebd7a52fb851,831,78cb42857c5d02f416bdc2a829f6a1945e81ede5ac700e8651b4e0a48af6d65d,raw 14-line blank-separated block; full-length sonnet layout failed,checkpoint-6D standard-Italian unit gate,,hold_14_line_block_insufficient_sonnet_or_attribution_evidence,conditioned_or_inactive_hold,inactive_hold
route:ilc_ota:sonnet:ilc_rosmini:Antonio_Rosmini_R0X:block_0503,ilc_ota:record:ilc_rosmini:Antonio_Rosmini_R0X,,ilc_ota:sonnet:ilc_rosmini:Antonio_Rosmini_R0X:block_0503,ilc_ota,Versione elettronica di testi relativi al periodo 800 - 900 Nuovo saggio sull'origine delle idee Vol.I,Antonio Rosmini,492906,493769,14,bb61d01325c65a3a59eeee606ab2266f2adfe455671bb9f351eaebd7a52fb851,863,ac88b3a90da009ba22e99e8c9430c55e76e7d4f9edf634c521eb1c1b81f57ebc,raw 14-line blank-separated block; full-length sonnet layout failed,checkpoint-6D standard-Italian unit gate,,hold_14_line_block_insufficient_sonnet_or_attribution_evidence,conditioned_or_inactive_hold,inactive_hold
route:ilc_ota:sonnet:ilc_rosmini:Antonio_Rosmini_R0X:block_0532,ilc_ota:record:ilc_rosmini:Antonio_Rosmini_R0X,,ilc_ota:sonnet:ilc_rosmini:Antonio_Rosmini_R0X:block_0532,ilc_ota,Versione elettronica di testi relativi al periodo 800 - 900 Nuovo saggio sull'origine delle idee Vol.I,Antonio Rosmini,517236,518094,14,bb61d01325c65a3a59eeee606ab2266f2adfe455671bb9f351eaebd7a52fb851,858,942783ed1abe89beceec8b16e9a1b36bb5f022d3d0bfd418cc0602acc2749d3b,raw 14-line blank-separated block; full-length sonnet layout failed,checkpoint-6D standard-Italian unit gate,,hold_14_line_block_insufficient_sonnet_or_attribution_evidence,conditioned_or_inactive_hold,inactive_hold
route:ilc_ota:sonnet:ilc_rosmini:Antonio_Rosmini_R0X:block_0553,ilc_ota:record:ilc_rosmini:Antonio_Rosmini_R0X,,ilc_ota:sonnet:ilc_rosmini:Antonio_Rosmini_R0X:block_0553,ilc_ota,Versione elettronica di testi relativi al periodo 800 - 900 Nuovo saggio sull'origine delle idee Vol.I,Antonio Rosmini,537949,538678,14,bb61d01325c65a3a59eeee606ab2266f2adfe455671bb9f351eaebd7a52fb851,729,0e10c79594b98a4ec8676ba0b4d64b73aad4c46f6e64495fe61052da95899139,raw 14-line blank-separated block; full-length sonnet layout failed,checkpoint-6D standard-Italian unit gate,,hold_14_line_block_insufficient_sonnet_or_attribution_evidence,conditioned_or_inactive_hold,inactive_hold
route:ilc_ota:sonnet:ilc_rosmini:Antonio_Rosmini_R0X:block_0561,ilc_ota:record:ilc_rosmini:Antonio_Rosmini_R0X,,ilc_ota:sonnet:ilc_rosmini:Antonio_Rosmini_R0X:block_0561,ilc_ota,Versione elettronica di testi relativi al periodo 800 - 900 Nuovo saggio sull'origine delle idee Vol.I,Antonio Rosmini,543575,544396,14,bb61d01325c65a3a59eeee606ab2266f2adfe455671bb9f351eaebd7a52fb851,821,557210c375cb767202654714b0fce16ae239413f94f52d4b8311dac6eaa80f27,raw 14-line blank-separated block; full-length sonnet layout failed,checkpoint-6D standard-Italian unit gate,,hold_14_line_block_insufficient_sonnet_or_attribution_evidence,conditioned_or_inactive_hold,inactive_hold
route:ilc_ota:sonnet:ilc_rosmini:Antonio_Rosmini_R0X:block_0576,ilc_ota:record:ilc_rosmini:Antonio_Rosmini_R0X,,ilc_ota:sonnet:ilc_rosmini:Antonio_Rosmini_R0X:block_0576,ilc_ota,Versione elettronica di testi relativi al periodo 800 - 900 Nuovo saggio sull'origine delle idee Vol.I,Antonio Rosmini,563538,564317,14,bb61d01325c65a3a59eeee606ab2266f2adfe455671bb9f351eaebd7a52fb851,779,020c020d6dd71b72c24bea67c856d3c0aedcbc25b2bf5e9725a5a86cffa45a44,raw 14-line blank-separated block; full-length sonnet layout failed,checkpoint-6D standard-Italian unit gate,,hold_14_line_block_insufficient_sonnet_or_attribution_evidence,conditioned_or_inactive_hold,inactive_hold
route:ilc_ota:sonnet:ilc_rosmini:Antonio_Rosmini_R0X:block_0620,ilc_ota:record:ilc_rosmini:Antonio_Rosmini_R0X,,ilc_ota:sonnet:ilc_rosmini:Antonio_Rosmini_R0X:block_0620,ilc_ota,Versione elettronica di testi relativi al periodo 800 - 900 Nuovo saggio sull'origine delle idee Vol.I,Antonio Rosmini,619910,620679,14,bb61d01325c65a3a59eeee606ab2266f2adfe455671bb9f351eaebd7a52fb851,769,d63531fda5c5e3419bb5ae163a1875718e34b67b0bb0b90b8e523e9ed139ae77,raw 14-line blank-separated block; full-length sonnet layout failed,checkpoint-6D standard-Italian unit gate,,hold_14_line_block_insufficient_sonnet_or_attribution_evidence,conditioned_or_inactive_hold,inactive_hold
route:ilc_ota:sonnet:ilc_rosmini:Antonio_Rosmini_R0X:block_0624,ilc_ota:record:ilc_rosmini:Antonio_Rosmini_R0X,,ilc_ota:sonnet:ilc_rosmini:Antonio_Rosmini_R0X:block_0624,ilc_ota,Versione elettronica di testi relativi al periodo 800 - 900 Nuovo saggio sull'origine delle idee Vol.I,Antonio Rosmini,622843,623622,14,bb61d01325c65a3a59eeee606ab2266f2adfe455671bb9f351eaebd7a52fb851,779,7d0024f54119b16190cdafa96915fa9ea19fcd1fda10116f4b3557d3dba0b852,raw 14-line blank-separated block; full-length sonnet layout failed,checkpoint-6D standard-Italian unit gate,,hold_14_line_block_insufficient_sonnet_or_attribution_evidence,conditioned_or_inactive_hold,inactive_hold
route:ilc_ota:sonnet:ilc_rosmini:Antonio_Rosmini_R0X:block_0625,ilc_ota:record:ilc_rosmini:Antonio_Rosmini_R0X,,ilc_ota:sonnet:ilc_rosmini:Antonio_Rosmini_R0X:block_0625,ilc_ota,Versione elettronica di testi relativi al periodo 800 - 900 Nuovo saggio sull'origine delle idee Vol.I,Antonio Rosmini,623623,624488,14,bb61d01325c65a3a59eeee606ab2266f2adfe455671bb9f351eaebd7a52fb851,865,4516cc5332c881fcb538ab53748fcb19df860043f3d466cca6da4556e030b04f,raw 14-line blank-separated block; full-length sonnet layout failed,checkpoint-6D standard-Italian unit gate,,hold_14_line_block_insufficient_sonnet_or_attribution_evidence,conditioned_or_inactive_hold,inactive_hold
route:ilc_ota:sonnet:ilc_rosmini:Antonio_Rosmini_R0X:block_0628,ilc_ota:record:ilc_rosmini:Antonio_Rosmini_R0X,,ilc_ota:sonnet:ilc_rosmini:Antonio_Rosmini_R0X:block_0628,ilc_ota,Versione elettronica di testi relativi al periodo 800 - 900 Nuovo saggio sull'origine delle idee Vol.I,Antonio Rosmini,625147,625968,14,bb61d01325c65a3a59eeee606ab2266f2adfe455671bb9f351eaebd7a52fb851,821,fb916ae599bfe546690a292ba9bed768e82b03608444bea42af56605aa5a0fc0,raw 14-line blank-separated block; full-length sonnet layout failed,checkpoint-6D standard-Italian unit gate,,hold_14_line_block_insufficient_sonnet_or_attribution_evidence,conditioned_or_inactive_hold,inactive_hold
route:ilc_ota:sonnet:ilc_rosmini:Antonio_Rosmini_R0X:block_0635,ilc_ota:record:ilc_rosmini:Antonio_Rosmini_R0X,,ilc_ota:sonnet:ilc_rosmini:Antonio_Rosmini_R0X:block_0635,ilc_ota,Versione elettronica di testi relativi al periodo 800 - 900 Nuovo saggio sull'origine delle idee Vol.I,Antonio Rosmini,632437,633324,14,bb61d01325c65a3a59eeee606ab2266f2adfe455671bb9f351eaebd7a52fb851,887,b213930c14fd3acd3c64d22128509b9a6220772ba055a14585ccd70dfc832e52,raw 14-line blank-separated block; full-length sonnet layout failed,checkpoint-6D standard-Italian unit gate,,hold_14_line_block_insufficient_sonnet_or_attribution_evidence,conditioned_or_inactive_hold,inactive_hold
route:ilc_ota:sonnet:ilc_rosmini:Antonio_Rosmini_R0Y:block_0006,ilc_ota:record:ilc_rosmini:Antonio_Rosmini_R0Y,,ilc_ota:sonnet:ilc_rosmini:Antonio_Rosmini_R0Y:block_0006,ilc_ota,Versione elettronica di testi relativi al periodo 800 - 900 Nuovo saggio sull'origine delle idee Vol.II,Antonio Rosmini,4696,5578,14,e73785d48ccc8a911573711c497ea27a0e7027bf5085dd68fe59c83f7f7c006f,882,d97757d7f486f3848f82d1c3b113feea04af5bfc29991296df3d3903d1b82f50,raw 14-line blank-separated block; full-length sonnet layout failed,checkpoint-6D standard-Italian unit gate,,hold_14_line_block_insufficient_sonnet_or_attribution_evidence,conditioned_or_inactive_hold,inactive_hold
route:ilc_ota:sonnet:ilc_rosmini:Antonio_Rosmini_R0Y:block_0015,ilc_ota:record:ilc_rosmini:Antonio_Rosmini_R0Y,,ilc_ota:sonnet:ilc_rosmini:Antonio_Rosmini_R0Y:block_0015,ilc_ota,Versione elettronica di testi relativi al periodo 800 - 900 Nuovo saggio sull'origine delle idee Vol.II,Antonio Rosmini,14003,14834,14,e73785d48ccc8a911573711c497ea27a0e7027bf5085dd68fe59c83f7f7c006f,831,c45c440bf3d26c60e9ba74680ed4a09d573e8012ee79bc7ad82fbd53f766cc51,raw 14-line blank-separated block; full-length sonnet layout failed,checkpoint-6D standard-Italian unit gate,,hold_14_line_block_insufficient_sonnet_or_attribution_evidence,conditioned_or_inactive_hold,inactive_hold
route:ilc_ota:sonnet:ilc_rosmini:Antonio_Rosmini_R0Y:block_0023,ilc_ota:record:ilc_rosmini:Antonio_Rosmini_R0Y,,ilc_ota:sonnet:ilc_rosmini:Antonio_Rosmini_R0Y:block_0023,ilc_ota,Versione elettronica di testi relativi al periodo 800 - 900 Nuovo saggio sull'origine delle idee Vol.II,Antonio Rosmini,22878,23720,14,e73785d48ccc8a911573711c497ea27a0e7027bf5085dd68fe59c83f7f7c006f,842,2a12116e2d36e38a276d78bf8bca6ba62c41fcb8dc5c756a994235a8700a36bc,raw 14-line blank-separated block; full-length sonnet layout failed,checkpoint-6D standard-Italian unit gate,,hold_14_line_block_insufficient_sonnet_or_attribution_evidence,conditioned_or_inactive_hold,inactive_hold
route:ilc_ota:sonnet:ilc_rosmini:Antonio_Rosmini_R0Y:block_0079,ilc_ota:record:ilc_rosmini:Antonio_Rosmini_R0Y,,ilc_ota:sonnet:ilc_rosmini:Antonio_Rosmini_R0Y:block_0079,ilc_ota,Versione elettronica di testi relativi al periodo 800 - 900 Nuovo saggio sull'origine delle idee Vol.II,Antonio Rosmini,70161,71041,14,e73785d48ccc8a911573711c497ea27a0e7027bf5085dd68fe59c83f7f7c006f,880,cdd26f2a62e462ef3e421a649a4ae645a19f96f4415f5ede507a54f181840d8a,raw 14-line blank-separated block; full-length sonnet layout failed,checkpoint-6D standard-Italian unit gate,,hold_14_line_block_insufficient_sonnet_or_attribution_evidence,conditioned_or_inactive_hold,inactive_hold
route:ilc_ota:sonnet:ilc_rosmini:Antonio_Rosmini_R0Y:block_0084,ilc_ota:record:ilc_rosmini:Antonio_Rosmini_R0Y,,ilc_ota:sonnet:ilc_rosmini:Antonio_Rosmini_R0Y:block_0084,ilc_ota,Versione elettronica di testi relativi al periodo 800 - 900 Nuovo saggio sull'origine delle idee Vol.II,Antonio Rosmini,75283,76134,14,e73785d48ccc8a911573711c497ea27a0e7027bf5085dd68fe59c83f7f7c006f,851,553008d88f03903e669ec555d424bab9bccca958357e13f41edd9948a6280486,raw 14-line blank-separated block; full-length sonnet layout failed,checkpoint-6D standard-Italian unit gate,,hold_14_line_block_insufficient_sonnet_or_attribution_evidence,conditioned_or_inactive_hold,inactive_hold
route:ilc_ota:sonnet:ilc_rosmini:Antonio_Rosmini_R0Y:block_0120,ilc_ota:record:ilc_rosmini:Antonio_Rosmini_R0Y,,ilc_ota:sonnet:ilc_rosmini:Antonio_Rosmini_R0Y:block_0120,ilc_ota,Versione elettronica di testi relativi al periodo 800 - 900 Nuovo saggio sull'origine delle idee Vol.II,Antonio Rosmini,107887,108703,14,e73785d48ccc8a911573711c497ea27a0e7027bf5085dd68fe59c83f7f7c006f,816,724cf8c346b8c88b03aff93f361013b691c3e3a967ad0ce01762960c22a8649e,raw 14-line blank-separated block; full-length sonnet layout failed,checkpoint-6D standard-Italian unit gate,,hold_14_line_block_insufficient_sonnet_or_attribution_evidence,conditioned_or_inactive_hold,inactive_hold
route:ilc_ota:sonnet:ilc_rosmini:Antonio_Rosmini_R0Y:block_0184,ilc_ota:record:ilc_rosmini:Antonio_Rosmini_R0Y,,ilc_ota:sonnet:ilc_rosmini:Antonio_Rosmini_R0Y:block_0184,ilc_ota,Versione elettronica di testi relativi al periodo 800 - 900 Nuovo saggio sull'origine delle idee Vol.II,Antonio Rosmini,161650,162393,14,e73785d48ccc8a911573711c497ea27a0e7027bf5085dd68fe59c83f7f7c006f,743,d5ee8bb0211266470ec2d61d0bb15e62195576adb3c1cc0e49cc365f8dd65330,raw 14-line blank-separated block; full-length sonnet layout failed,checkpoint-6D standard-Italian unit gate,,hold_14_line_block_insufficient_sonnet_or_attribution_evidence,conditioned_or_inactive_hold,inactive_hold
route:ilc_ota:sonnet:ilc_rosmini:Antonio_Rosmini_R0Y:block_0217,ilc_ota:record:ilc_rosmini:Antonio_Rosmini_R0Y,,ilc_ota:sonnet:ilc_rosmini:Antonio_Rosmini_R0Y:block_0217,ilc_ota,Versione elettronica di testi relativi al periodo 800 - 900 Nuovo saggio sull'origine delle idee Vol.II,Antonio Rosmini,189307,190071,14,e73785d48ccc8a911573711c497ea27a0e7027bf5085dd68fe59c83f7f7c006f,764,7943483a90267b5f4a510d9d28d8c791b536cf8f5f5cc2c6d2411aaa6a842124,raw 14-line blank-separated block; full-length sonnet layout failed,checkpoint-6D standard-Italian unit gate,,hold_14_line_block_insufficient_sonnet_or_attribution_evidence,conditioned_or_inactive_hold,inactive_hold
route:ilc_ota:sonnet:ilc_rosmini:Antonio_Rosmini_R0Y:block_0221,ilc_ota:record:ilc_rosmini:Antonio_Rosmini_R0Y,,ilc_ota:sonnet:ilc_rosmini:Antonio_Rosmini_R0Y:block_0221,ilc_ota,Versione elettronica di testi relativi al periodo 800 - 900 Nuovo saggio sull'origine delle idee Vol.II,Antonio Rosmini,192144,192954,14,e73785d48ccc8a911573711c497ea27a0e7027bf5085dd68fe59c83f7f7c006f,810,bf43dc4ad8ae945ac6a62ca0f9247cf9a92e0e1d7774b5dced81054dd74ba365,raw 14-line blank-separated block; full-length sonnet layout failed,checkpoint-6D standard-Italian unit gate,,hold_14_line_block_insufficient_sonnet_or_attribution_evidence,conditioned_or_inactive_hold,inactive_hold
route:ilc_ota:sonnet:ilc_rosmini:Antonio_Rosmini_R0Y:block_0235,ilc_ota:record:ilc_rosmini:Antonio_Rosmini_R0Y,,ilc_ota:sonnet:ilc_rosmini:Antonio_Rosmini_R0Y:block_0235,ilc_ota,Versione elettronica di testi relativi al periodo 800 - 900 Nuovo saggio sull'origine delle idee Vol.II,Antonio Rosmini,205160,205971,14,e73785d48ccc8a911573711c497ea27a0e7027bf5085dd68fe59c83f7f7c006f,811,4adf7dd9c3ce03e318e62f92ace6705f2e7185a7ff1ae4532f3ed224b23a235e,raw 14-line blank-separated block; full-length sonnet layout failed,checkpoint-6D standard-Italian unit gate,,hold_14_line_block_insufficient_sonnet_or_attribution_evidence,conditioned_or_inactive_hold,inactive_hold
route:ilc_ota:sonnet:ilc_rosmini:Antonio_Rosmini_R0Y:block_0264,ilc_ota:record:ilc_rosmini:Antonio_Rosmini_R0Y,,ilc_ota:sonnet:ilc_rosmini:Antonio_Rosmini_R0Y:block_0264,ilc_ota,Versione elettronica di testi relativi al periodo 800 - 900 Nuovo saggio sull'origine delle idee Vol.II,Antonio Rosmini,229433,230305,14,e73785d48ccc8a911573711c497ea27a0e7027bf5085dd68fe59c83f7f7c006f,872,4c642c77f0fb6db8692b995bd0d323946f49b5ce06075068068d8401d8e356da,raw 14-line blank-separated block; full-length sonnet layout failed,checkpoint-6D standard-Italian unit gate,,hold_14_line_block_insufficient_sonnet_or_attribution_evidence,conditioned_or_inactive_hold,inactive_hold
route:ilc_ota:sonnet:ilc_rosmini:Antonio_Rosmini_R0Y:block_0290,ilc_ota:record:ilc_rosmini:Antonio_Rosmini_R0Y,,ilc_ota:sonnet:ilc_rosmini:Antonio_Rosmini_R0Y:block_0290,ilc_ota,Versione elettronica di testi relativi al periodo 800 - 900 Nuovo saggio sull'origine delle idee Vol.II,Antonio Rosmini,258002,258837,14,e73785d48ccc8a911573711c497ea27a0e7027bf5085dd68fe59c83f7f7c006f,835,3b0b9568f1f5cf007b40e60441270758a0936fc18d0a2aac6aba557c0bacb1bd,raw 14-line blank-separated block; full-length sonnet layout failed,checkpoint-6D standard-Italian unit gate,,hold_14_line_block_insufficient_sonnet_or_attribution_evidence,conditioned_or_inactive_hold,inactive_hold
route:ilc_ota:sonnet:ilc_rosmini:Antonio_Rosmini_R0Y:block_0428,ilc_ota:record:ilc_rosmini:Antonio_Rosmini_R0Y,,ilc_ota:sonnet:ilc_rosmini:Antonio_Rosmini_R0Y:block_0428,ilc_ota,Versione elettronica di testi relativi al periodo 800 - 900 Nuovo saggio sull'origine delle idee Vol.II,Antonio Rosmini,386643,387435,14,e73785d48ccc8a911573711c497ea27a0e7027bf5085dd68fe59c83f7f7c006f,792,a97d6e3a2034ed291ff07b7c8d69f72e88bc2a720547b0b603d742ec72cf31c7,raw 14-line blank-separated block; full-length sonnet layout failed,checkpoint-6D standard-Italian unit gate,,hold_14_line_block_insufficient_sonnet_or_attribution_evidence,conditioned_or_inactive_hold,inactive_hold
route:ilc_ota:sonnet:ilc_rosmini:Antonio_Rosmini_R0Y:block_0444,ilc_ota:record:ilc_rosmini:Antonio_Rosmini_R0Y,,ilc_ota:sonnet:ilc_rosmini:Antonio_Rosmini_R0Y:block_0444,ilc_ota,Versione elettronica di testi relativi al periodo 800 - 900 Nuovo saggio sull'origine delle idee Vol.II,Antonio Rosmini,406194,407057,14,e73785d48ccc8a911573711c497ea27a0e7027bf5085dd68fe59c83f7f7c006f,863,419ab13e570f55ee46a0fb5fd2fb66d66fcf7d8d6c6e3cea7097e945f564db38,raw 14-line blank-separated block; full-length sonnet layout failed,checkpoint-6D standard-Italian unit gate,,hold_14_line_block_insufficient_sonnet_or_attribution_evidence,conditioned_or_inactive_hold,inactive_hold
route:ilc_ota:sonnet:ilc_rosmini:Antonio_Rosmini_R0Y:block_0476,ilc_ota:record:ilc_rosmini:Antonio_Rosmini_R0Y,,ilc_ota:sonnet:ilc_rosmini:Antonio_Rosmini_R0Y:block_0476,ilc_ota,Versione elettronica di testi relativi al periodo 800 - 900 Nuovo saggio sull'origine delle idee Vol.II,Antonio Rosmini,435807,436636,14,e73785d48ccc8a911573711c497ea27a0e7027bf5085dd68fe59c83f7f7c006f,829,2d0900231685cfa97233150145f5bd367e3addf624352653e5cead37fad6e43c,raw 14-line blank-separated block; full-length sonnet layout failed,checkpoint-6D standard-Italian unit gate,,hold_14_line_block_insufficient_sonnet_or_attribution_evidence,conditioned_or_inactive_hold,inactive_hold
route:ilc_ota:sonnet:ilc_rosmini:Antonio_Rosmini_R0Y:block_0486,ilc_ota:record:ilc_rosmini:Antonio_Rosmini_R0Y,,ilc_ota:sonnet:ilc_rosmini:Antonio_Rosmini_R0Y:block_0486,ilc_ota,Versione elettronica di testi relativi al periodo 800 - 900 Nuovo saggio sull'origine delle idee Vol.II,Antonio Rosmini,441841,442540,14,e73785d48ccc8a911573711c497ea27a0e7027bf5085dd68fe59c83f7f7c006f,699,c8974d4c7a91adada4cb27a1dda047cf6080f9bace709567e958f5a733a281ca,raw 14-line blank-separated block; full-length sonnet layout failed,checkpoint-6D standard-Italian unit gate,,hold_14_line_block_insufficient_sonnet_or_attribution_evidence,conditioned_or_inactive_hold,inactive_hold
route:ilc_ota:sonnet:ilc_rosmini:Antonio_Rosmini_R0Y:block_0542,ilc_ota:record:ilc_rosmini:Antonio_Rosmini_R0Y,,ilc_ota:sonnet:ilc_rosmini:Antonio_Rosmini_R0Y:block_0542,ilc_ota,Versione elettronica di testi relativi al periodo 800 - 900 Nuovo saggio sull'origine delle idee Vol.II,Antonio Rosmini,492073,492846,14,e73785d48ccc8a911573711c497ea27a0e7027bf5085dd68fe59c83f7f7c006f,773,a6d5353f771972aaf7343f69014e9f9662e502f17242cef1be3950e4af1c9f8f,raw 14-line blank-separated block; full-length sonnet layout failed,checkpoint-6D standard-Italian unit gate,,hold_14_line_block_insufficient_sonnet_or_attribution_evidence,conditioned_or_inactive_hold,inactive_hold
route:ilc_ota:sonnet:ilc_rosmini:Antonio_Rosmini_R0Y:block_0545,ilc_ota:record:ilc_rosmini:Antonio_Rosmini_R0Y,,ilc_ota:sonnet:ilc_rosmini:Antonio_Rosmini_R0Y:block_0545,ilc_ota,Versione elettronica di testi relativi al periodo 800 - 900 Nuovo saggio sull'origine delle idee Vol.II,Antonio Rosmini,493865,494578,14,e73785d48ccc8a911573711c497ea27a0e7027bf5085dd68fe59c83f7f7c006f,713,800e7f06fd83a475e7a60a23347ca0a498eadb724d7c09256b736ee591e43cc4,raw 14-line blank-separated block; full-length sonnet layout failed,checkpoint-6D standard-Italian unit gate,,hold_14_line_block_insufficient_sonnet_or_attribution_evidence,conditioned_or_inactive_hold,inactive_hold
route:ilc_ota:sonnet:ilc_rosmini:Antonio_Rosmini_R0Y:block_0554,ilc_ota:record:ilc_rosmini:Antonio_Rosmini_R0Y,,ilc_ota:sonnet:ilc_rosmini:Antonio_Rosmini_R0Y:block_0554,ilc_ota,Versione elettronica di testi relativi al periodo 800 - 900 Nuovo saggio sull'origine delle idee Vol.II,Antonio Rosmini,499077,499905,14,e73785d48ccc8a911573711c497ea27a0e7027bf5085dd68fe59c83f7f7c006f,828,0cd89be89d69b4c971216fc45e14a552a4106d87be7c3b61128df6d0a67eea24,raw 14-line blank-separated block; full-length sonnet layout failed,checkpoint-6D standard-Italian unit gate,,hold_14_line_block_insufficient_sonnet_or_attribution_evidence,conditioned_or_inactive_hold,inactive_hold
route:ilc_ota:sonnet:ilc_rosmini:Antonio_Rosmini_R0Y:block_0578,ilc_ota:record:ilc_rosmini:Antonio_Rosmini_R0Y,,ilc_ota:sonnet:ilc_rosmini:Antonio_Rosmini_R0Y:block_0578,ilc_ota,Versione elettronica di testi relativi al periodo 800 - 900 Nuovo saggio sull'origine delle idee Vol.II,Antonio Rosmini,514202,514994,14,e73785d48ccc8a911573711c497ea27a0e7027bf5085dd68fe59c83f7f7c006f,792,0eacb787f18a6d0ea662eec387658b3c532ade390c12c3a5402608b97e261c1d,raw 14-line blank-separated block; full-length sonnet layout failed,checkpoint-6D standard-Italian unit gate,,hold_14_line_block_insufficient_sonnet_or_attribution_evidence,conditioned_or_inactive_hold,inactive_hold
route:ilc_ota:sonnet:ilc_rosmini:Antonio_Rosmini_R0Y:block_0582,ilc_ota:record:ilc_rosmini:Antonio_Rosmini_R0Y,,ilc_ota:sonnet:ilc_rosmini:Antonio_Rosmini_R0Y:block_0582,ilc_ota,Versione elettronica di testi relativi al periodo 800 - 900 Nuovo saggio sull'origine delle idee Vol.II,Antonio Rosmini,516258,517044,14,e73785d48ccc8a911573711c497ea27a0e7027bf5085dd68fe59c83f7f7c006f,786,dddc0fe0269b57e06b3c5a70aa9f218a5490a30b232e150215d3b81b92fdda75,raw 14-line blank-separated block; full-length sonnet layout failed,checkpoint-6D standard-Italian unit gate,,hold_14_line_block_insufficient_sonnet_or_attribution_evidence,conditioned_or_inactive_hold,inactive_hold
route:ilc_ota:sonnet:ilc_rosmini:Antonio_Rosmini_R0Y:block_0710,ilc_ota:record:ilc_rosmini:Antonio_Rosmini_R0Y,,ilc_ota:sonnet:ilc_rosmini:Antonio_Rosmini_R0Y:block_0710,ilc_ota,Versione elettronica di testi relativi al periodo 800 - 900 Nuovo saggio sull'origine delle idee Vol.II,Antonio Rosmini,628621,629436,14,e73785d48ccc8a911573711c497ea27a0e7027bf5085dd68fe59c83f7f7c006f,815,7dd28384aef0a20cbf5654972a3b0f4c9153ff46e6b579bd7982a0b071d5cea2,raw 14-line blank-separated block; full-length sonnet layout failed,checkpoint-6D standard-Italian unit gate,,hold_14_line_block_insufficient_sonnet_or_attribution_evidence,conditioned_or_inactive_hold,inactive_hold
route:ilc_ota:sonnet:ilc_rosmini:Antonio_Rosmini_R0Y:block_0737,ilc_ota:record:ilc_rosmini:Antonio_Rosmini_R0Y,,ilc_ota:sonnet:ilc_rosmini:Antonio_Rosmini_R0Y:block_0737,ilc_ota,Versione elettronica di testi relativi al periodo 800 - 900 Nuovo saggio sull'origine delle idee Vol.II,Antonio Rosmini,648245,648966,14,e73785d48ccc8a911573711c497ea27a0e7027bf5085dd68fe59c83f7f7c006f,721,fb67bd6f573dc29a63ff24affa88c12e21aac11d6d4e62c7e5b59c7a2c01dcd6,raw 14-line blank-separated block; full-length sonnet layout failed,checkpoint-6D standard-Italian unit gate,,hold_14_line_block_insufficient_sonnet_or_attribution_evidence,conditioned_or_inactive_hold,inactive_hold
route:ilc_ota:sonnet:ilc_rosmini:Antonio_Rosmini_R0Z:block_0031,ilc_ota:record:ilc_rosmini:Antonio_Rosmini_R0Z,,ilc_ota:sonnet:ilc_rosmini:Antonio_Rosmini_R0Z:block_0031,ilc_ota,Versione elettronica di testi relativi al periodo 800 - 900 Nuovo saggio sull'origine delle idee Vol.III,Antonio Rosmini,27037,27785,14,96a739e94dc2b70099f198362ac2653fa9623ff08f6742618e59555948185d17,748,0cca08d4669f1d2e7f99e3a1668e2a9dc029eb8ae6d01ff1df224a9050623f45,raw 14-line blank-separated block; full-length sonnet layout failed,checkpoint-6D standard-Italian unit gate,,hold_14_line_block_insufficient_sonnet_or_attribution_evidence,conditioned_or_inactive_hold,inactive_hold
route:ilc_ota:sonnet:ilc_rosmini:Antonio_Rosmini_R0Z:block_0081,ilc_ota:record:ilc_rosmini:Antonio_Rosmini_R0Z,,ilc_ota:sonnet:ilc_rosmini:Antonio_Rosmini_R0Z:block_0081,ilc_ota,Versione elettronica di testi relativi al periodo 800 - 900 Nuovo saggio sull'origine delle idee Vol.III,Antonio Rosmini,82508,83407,14,96a739e94dc2b70099f198362ac2653fa9623ff08f6742618e59555948185d17,899,1d26b2866ed2e2e2c41ab760212cf90da5d941a4bded142e90ca8031c30ad3a6,raw 14-line blank-separated block; full-length sonnet layout failed,checkpoint-6D standard-Italian unit gate,,hold_14_line_block_insufficient_sonnet_or_attribution_evidence,conditioned_or_inactive_hold,inactive_hold
route:ilc_ota:sonnet:ilc_rosmini:Antonio_Rosmini_R0Z:block_0125,ilc_ota:record:ilc_rosmini:Antonio_Rosmini_R0Z,,ilc_ota:sonnet:ilc_rosmini:Antonio_Rosmini_R0Z:block_0125,ilc_ota,Versione elettronica di testi relativi al periodo 800 - 900 Nuovo saggio sull'origine delle idee Vol.III,Antonio Rosmini,110687,111569,14,96a739e94dc2b70099f198362ac2653fa9623ff08f6742618e59555948185d17,882,47131f870601bd390ff96093c63419c7b72e65d785c466d63cf26d9c35ce1dc9,raw 14-line blank-separated block; full-length sonnet layout failed,checkpoint-6D standard-Italian unit gate,,hold_14_line_block_insufficient_sonnet_or_attribution_evidence,conditioned_or_inactive_hold,inactive_hold
route:ilc_ota:sonnet:ilc_rosmini:Antonio_Rosmini_R0Z:block_0209,ilc_ota:record:ilc_rosmini:Antonio_Rosmini_R0Z,,ilc_ota:sonnet:ilc_rosmini:Antonio_Rosmini_R0Z:block_0209,ilc_ota,Versione elettronica di testi relativi al periodo 800 - 900 Nuovo saggio sull'origine delle idee Vol.III,Antonio Rosmini,184530,185394,14,96a739e94dc2b70099f198362ac2653fa9623ff08f6742618e59555948185d17,864,75be84d189adc96cae0622c555023beacd17dd9ac482f05481ab517687a0a2d9,raw 14-line blank-separated block; full-length sonnet layout failed,checkpoint-6D standard-Italian unit gate,,hold_14_line_block_insufficient_sonnet_or_attribution_evidence,conditioned_or_inactive_hold,inactive_hold
route:ilc_ota:sonnet:ilc_rosmini:Antonio_Rosmini_R0Z:block_0274,ilc_ota:record:ilc_rosmini:Antonio_Rosmini_R0Z,,ilc_ota:sonnet:ilc_rosmini:Antonio_Rosmini_R0Z:block_0274,ilc_ota,Versione elettronica di testi relativi al periodo 800 - 900 Nuovo saggio sull'origine delle idee Vol.III,Antonio Rosmini,240832,241637,14,96a739e94dc2b70099f198362ac2653fa9623ff08f6742618e59555948185d17,805,f436d9f8152f044c9b8b058d6ae65580c1ed1e672593251c155fc018a3c88ad2,raw 14-line blank-separated block; full-length sonnet layout failed,checkpoint-6D standard-Italian unit gate,,hold_14_line_block_insufficient_sonnet_or_attribution_evidence,conditioned_or_inactive_hold,inactive_hold
route:ilc_ota:sonnet:ilc_rosmini:Antonio_Rosmini_R0Z:block_0328,ilc_ota:record:ilc_rosmini:Antonio_Rosmini_R0Z,,ilc_ota:sonnet:ilc_rosmini:Antonio_Rosmini_R0Z:block_0328,ilc_ota,Versione elettronica di testi relativi al periodo 800 - 900 Nuovo saggio sull'origine delle idee Vol.III,Antonio Rosmini,292921,293781,14,96a739e94dc2b70099f198362ac2653fa9623ff08f6742618e59555948185d17,860,7cd0221c200ed0f3e2629302c86fbde1909d1edb09d63c55ead5dc60d4313e74,raw 14-line blank-separated block; full-length sonnet layout failed,checkpoint-6D standard-Italian unit gate,,hold_14_line_block_insufficient_sonnet_or_attribution_evidence,conditioned_or_inactive_hold,inactive_hold
route:ilc_ota:sonnet:ilc_rosmini:Antonio_Rosmini_R0Z:block_0339,ilc_ota:record:ilc_rosmini:Antonio_Rosmini_R0Z,,ilc_ota:sonnet:ilc_rosmini:Antonio_Rosmini_R0Z:block_0339,ilc_ota,Versione elettronica di testi relativi al periodo 800 - 900 Nuovo saggio sull'origine delle idee Vol.III,Antonio Rosmini,301500,302332,14,96a739e94dc2b70099f198362ac2653fa9623ff08f6742618e59555948185d17,832,c900c9572f2b7c995f77f154abff1ace1aca09b27868b10c8cf993a58cf1b45b,raw 14-line blank-separated block; full-length sonnet layout failed,checkpoint-6D standard-Italian unit gate,,hold_14_line_block_insufficient_sonnet_or_attribution_evidence,conditioned_or_inactive_hold,inactive_hold
route:ilc_ota:sonnet:ilc_rosmini:Antonio_Rosmini_R0Z:block_0406,ilc_ota:record:ilc_rosmini:Antonio_Rosmini_R0Z,,ilc_ota:sonnet:ilc_rosmini:Antonio_Rosmini_R0Z:block_0406,ilc_ota,Versione elettronica di testi relativi al periodo 800 - 900 Nuovo saggio sull'origine delle idee Vol.III,Antonio Rosmini,352166,353064,14,96a739e94dc2b70099f198362ac2653fa9623ff08f6742618e59555948185d17,898,a55ff7e69d2273621c99f0416f462555ad476e19055fb61825c69826cddca373,raw 14-line blank-separated block; full-length sonnet layout failed,checkpoint-6D standard-Italian unit gate,,hold_14_line_block_insufficient_sonnet_or_attribution_evidence,conditioned_or_inactive_hold,inactive_hold
route:ilc_ota:sonnet:ilc_rosmini:Antonio_Rosmini_R0Z:block_0459,ilc_ota:record:ilc_rosmini:Antonio_Rosmini_R0Z,,ilc_ota:sonnet:ilc_rosmini:Antonio_Rosmini_R0Z:block_0459,ilc_ota,Versione elettronica di testi relativi al periodo 800 - 900 Nuovo saggio sull'origine delle idee Vol.III,Antonio Rosmini,422553,423408,14,96a739e94dc2b70099f198362ac2653fa9623ff08f6742618e59555948185d17,855,ae322b0d1c14e08e56fbc95847ba1098e14673399ce4ee84b680fb949602c9c6,raw 14-line blank-separated block; full-length sonnet layout failed,checkpoint-6D standard-Italian unit gate,,hold_14_line_block_insufficient_sonnet_or_attribution_evidence,conditioned_or_inactive_hold,inactive_hold
route:ilc_ota:sonnet:ilc_rosmini:Antonio_Rosmini_R11:block_0033,ilc_ota:record:ilc_rosmini:Antonio_Rosmini_R11,,ilc_ota:sonnet:ilc_rosmini:Antonio_Rosmini_R11:block_0033,ilc_ota,Versione elettronica di testi relativi al periodo 800 - 900 Principi della scienza morale,Antonio Rosmini,53850,54737,14,fc4b5913d79d1b1bea600fb64b2311c529890931a4fab9ffe821629f483500b7,887,bba2648427067199c2272d0880858e579792d23f62664584f7b396dc36b80448,raw 14-line blank-separated block; full-length sonnet layout failed,checkpoint-6D standard-Italian unit gate,,hold_14_line_block_insufficient_sonnet_or_attribution_evidence,conditioned_or_inactive_hold,inactive_hold
route:ilc_ota:sonnet:ilc_rosmini:Antonio_Rosmini_R11:block_0103,ilc_ota:record:ilc_rosmini:Antonio_Rosmini_R11,,ilc_ota:sonnet:ilc_rosmini:Antonio_Rosmini_R11:block_0103,ilc_ota,Versione elettronica di testi relativi al periodo 800 - 900 Principi della scienza morale,Antonio Rosmini,159820,160841,14,fc4b5913d79d1b1bea600fb64b2311c529890931a4fab9ffe821629f483500b7,1021,bc4126136b7fccdacefd5cbda663c35f233e98c74b723d0c7b6f31017a200bcc,raw 14-line blank-separated block; full-length sonnet layout failed,checkpoint-6D standard-Italian unit gate,,hold_14_line_block_insufficient_sonnet_or_attribution_evidence,conditioned_or_inactive_hold,inactive_hold
route:ilc_ota:sonnet:ilc_rosmini:Antonio_Rosmini_R11:block_0104,ilc_ota:record:ilc_rosmini:Antonio_Rosmini_R11,,ilc_ota:sonnet:ilc_rosmini:Antonio_Rosmini_R11:block_0104,ilc_ota,Versione elettronica di testi relativi al periodo 800 - 900 Principi della scienza morale,Antonio Rosmini,160842,161765,14,fc4b5913d79d1b1bea600fb64b2311c529890931a4fab9ffe821629f483500b7,923,e5416d7855ae2095eb0eaffbf61df1423ce9a9aaa70396f3532ee3cc77a79203,raw 14-line blank-separated block; full-length sonnet layout failed,checkpoint-6D standard-Italian unit gate,,hold_14_line_block_insufficient_sonnet_or_attribution_evidence,conditioned_or_inactive_hold,inactive_hold
route:ilc_ota:sonnet:ilc_rosmini:Antonio_Rosmini_R11:block_0200,ilc_ota:record:ilc_rosmini:Antonio_Rosmini_R11,,ilc_ota:sonnet:ilc_rosmini:Antonio_Rosmini_R11:block_0200,ilc_ota,Versione elettronica di testi relativi al periodo 800 - 900 Principi della scienza morale,Antonio Rosmini,321586,322512,14,fc4b5913d79d1b1bea600fb64b2311c529890931a4fab9ffe821629f483500b7,926,30b44841d43f2ba0ae6a9ee4ad18dc2a14a71c5f4d6782df3bf8ddc25eacd5ad,raw 14-line blank-separated block; full-length sonnet layout failed,checkpoint-6D standard-Italian unit gate,,hold_14_line_block_insufficient_sonnet_or_attribution_evidence,conditioned_or_inactive_hold,inactive_hold
route:ilc_ota:sonnet:ilc_rosmini:Antonio_Rosmini_R11:block_0382,ilc_ota:record:ilc_rosmini:Antonio_Rosmini_R11,,ilc_ota:sonnet:ilc_rosmini:Antonio_Rosmini_R11:block_0382,ilc_ota,Versione elettronica di testi relativi al periodo 800 - 900 Principi della scienza morale,Antonio Rosmini,611475,612363,14,fc4b5913d79d1b1bea600fb64b2311c529890931a4fab9ffe821629f483500b7,888,61dd4138e5b61d48e098987d7a9eedd5c02fdef50ff7268d7035b2b2e5625adf,raw 14-line blank-separated block; full-length sonnet layout failed,checkpoint-6D standard-Italian unit gate,,hold_14_line_block_insufficient_sonnet_or_attribution_evidence,conditioned_or_inactive_hold,inactive_hold
route:ilc_ota:sonnet:ilc_rosmini:Antonio_Rosmini_R11:block_0494,ilc_ota:record:ilc_rosmini:Antonio_Rosmini_R11,,ilc_ota:sonnet:ilc_rosmini:Antonio_Rosmini_R11:block_0494,ilc_ota,Versione elettronica di testi relativi al periodo 800 - 900 Principi della scienza morale,Antonio Rosmini,817657,818605,14,fc4b5913d79d1b1bea600fb64b2311c529890931a4fab9ffe821629f483500b7,948,dd8c62916694cede278bb8a63a9cd39bf04d10e71606749dc940d868343b5bbd,raw 14-line blank-separated block; full-length sonnet layout failed,checkpoint-6D standard-Italian unit gate,,hold_14_line_block_insufficient_sonnet_or_attribution_evidence,conditioned_or_inactive_hold,inactive_hold
route:ilc_ota:sonnet:ilc_rosmini:Antonio_Rosmini_R12:block_0055,ilc_ota:record:ilc_rosmini:Antonio_Rosmini_R12,,ilc_ota:sonnet:ilc_rosmini:Antonio_Rosmini_R12:block_0055,ilc_ota,Versione elettronica di testi relativi al periodo 800 - 900 Principio supremo della metodica,Antonio Rosmini,74585,75452,14,f398a3fe6b678a1da952b32c6b280a9f7294c7e09a5029c9e8665dbb8a6953ea,867,8904640ebce1a320818fed9d9e358aa9b9207a3028d91baf3039423b1ccd87a3,raw 14-line blank-separated block; full-length sonnet layout failed,checkpoint-6D standard-Italian unit gate,,hold_14_line_block_insufficient_sonnet_or_attribution_evidence,conditioned_or_inactive_hold,inactive_hold
route:ilc_ota:sonnet:ilc_rosmini:Antonio_Rosmini_R12:block_0081,ilc_ota:record:ilc_rosmini:Antonio_Rosmini_R12,,ilc_ota:sonnet:ilc_rosmini:Antonio_Rosmini_R12:block_0081,ilc_ota,Versione elettronica di testi relativi al periodo 800 - 900 Principio supremo della metodica,Antonio Rosmini,108008,108760,14,f398a3fe6b678a1da952b32c6b280a9f7294c7e09a5029c9e8665dbb8a6953ea,752,100b2bc6ad427f94349a4ddd99eec324b1d29b02ef518180035431a1301bfe4a,raw 14-line blank-separated block; full-length sonnet layout failed,checkpoint-6D standard-Italian unit gate,,hold_14_line_block_insufficient_sonnet_or_attribution_evidence,conditioned_or_inactive_hold,inactive_hold
route:ilc_ota:sonnet:ilc_rosmini:Antonio_Rosmini_R12:block_0160,ilc_ota:record:ilc_rosmini:Antonio_Rosmini_R12,,ilc_ota:sonnet:ilc_rosmini:Antonio_Rosmini_R12:block_0160,ilc_ota,Versione elettronica di testi relativi al periodo 800 - 900 Principio supremo della metodica,Antonio Rosmini,184423,185205,14,f398a3fe6b678a1da952b32c6b280a9f7294c7e09a5029c9e8665dbb8a6953ea,782,e77c1ab14096a1c65e818692b4d8cee62a8b887212b74fd2b188bc313dc7b005,raw 14-line blank-separated block; full-length sonnet layout failed,checkpoint-6D standard-Italian unit gate,,hold_14_line_block_insufficient_sonnet_or_attribution_evidence,conditioned_or_inactive_hold,inactive_hold
route:ilc_ota:sonnet:ilc_rosmini:Antonio_Rosmini_R12:block_0187,ilc_ota:record:ilc_rosmini:Antonio_Rosmini_R12,,ilc_ota:sonnet:ilc_rosmini:Antonio_Rosmini_R12:block_0187,ilc_ota,Versione elettronica di testi relativi al periodo 800 - 900 Principio supremo della metodica,Antonio Rosmini,219540,220311,14,f398a3fe6b678a1da952b32c6b280a9f7294c7e09a5029c9e8665dbb8a6953ea,771,13c2dc0e602b604cc58357deaa09c0597c1c8e0259ed5c9b5f933da3d116c301,raw 14-line blank-separated block; full-length sonnet layout failed,checkpoint-6D standard-Italian unit gate,,hold_14_line_block_insufficient_sonnet_or_attribution_evidence,conditioned_or_inactive_hold,inactive_hold
route:ilc_ota:sonnet:ilc_rosmini:Antonio_Rosmini_R12:block_0194,ilc_ota:record:ilc_rosmini:Antonio_Rosmini_R12,,ilc_ota:sonnet:ilc_rosmini:Antonio_Rosmini_R12:block_0194,ilc_ota,Versione elettronica di testi relativi al periodo 800 - 900 Principio supremo della metodica,Antonio Rosmini,226314,227129,14,f398a3fe6b678a1da952b32c6b280a9f7294c7e09a5029c9e8665dbb8a6953ea,815,ecb5c42e282ed539adb99633ebbbb965ccbc68aaa5b7949ad78720b20af0ecc2,raw 14-line blank-separated block; full-length sonnet layout failed,checkpoint-6D standard-Italian unit gate,,hold_14_line_block_insufficient_sonnet_or_attribution_evidence,conditioned_or_inactive_hold,inactive_hold
route:ilc_ota:sonnet:ilc_rosmini:Antonio_Rosmini_R12:block_0285,ilc_ota:record:ilc_rosmini:Antonio_Rosmini_R12,,ilc_ota:sonnet:ilc_rosmini:Antonio_Rosmini_R12:block_0285,ilc_ota,Versione elettronica di testi relativi al periodo 800 - 900 Principio supremo della metodica,Antonio Rosmini,338049,338835,14,f398a3fe6b678a1da952b32c6b280a9f7294c7e09a5029c9e8665dbb8a6953ea,786,f401d983fc64d2874bf929a4992c45f37a86d4f7c70c469bee39ef5009331237,raw 14-line blank-separated block; full-length sonnet layout failed,checkpoint-6D standard-Italian unit gate,,hold_14_line_block_insufficient_sonnet_or_attribution_evidence,conditioned_or_inactive_hold,inactive_hold
route:ilc_ota:sonnet:ilc_rosmini:Antonio_Rosmini_R12:block_0288,ilc_ota:record:ilc_rosmini:Antonio_Rosmini_R12,,ilc_ota:sonnet:ilc_rosmini:Antonio_Rosmini_R12:block_0288,ilc_ota,Versione elettronica di testi relativi al periodo 800 - 900 Principio supremo della metodica,Antonio Rosmini,340297,341122,14,f398a3fe6b678a1da952b32c6b280a9f7294c7e09a5029c9e8665dbb8a6953ea,825,a49bced1dd8332463a5a0443ff41e66cf524dfefa5b1ca3392f63ca76f23437b,raw 14-line blank-separated block; full-length sonnet layout failed,checkpoint-6D standard-Italian unit gate,,hold_14_line_block_insufficient_sonnet_or_attribution_evidence,conditioned_or_inactive_hold,inactive_hold
route:ilc_ota:sonnet:ilc_rosmini:Antonio_Rosmini_R12:block_0336,ilc_ota:record:ilc_rosmini:Antonio_Rosmini_R12,,ilc_ota:sonnet:ilc_rosmini:Antonio_Rosmini_R12:block_0336,ilc_ota,Versione elettronica di testi relativi al periodo 800 - 900 Principio supremo della metodica,Antonio Rosmini,395483,396338,14,f398a3fe6b678a1da952b32c6b280a9f7294c7e09a5029c9e8665dbb8a6953ea,855,c38525f7086abd41ba21378568cf97f843c5e8262e4e5e26b2d77b21587ff66e,raw 14-line blank-separated block; full-length sonnet layout failed,checkpoint-6D standard-Italian unit gate,,hold_14_line_block_insufficient_sonnet_or_attribution_evidence,conditioned_or_inactive_hold,inactive_hold
route:ilc_ota:sonnet:ilc_rosmini:Antonio_Rosmini_R12:block_0411,ilc_ota:record:ilc_rosmini:Antonio_Rosmini_R12,,ilc_ota:sonnet:ilc_rosmini:Antonio_Rosmini_R12:block_0411,ilc_ota,Versione elettronica di testi relativi al periodo 800 - 900 Principio supremo della metodica,Antonio Rosmini,470966,471856,14,f398a3fe6b678a1da952b32c6b280a9f7294c7e09a5029c9e8665dbb8a6953ea,890,e139566a3e10df6ac8e560e10ba1a4c99e3410a321c2c6299579af349878414a,raw 14-line blank-separated block; full-length sonnet layout failed,checkpoint-6D standard-Italian unit gate,,hold_14_line_block_insufficient_sonnet_or_attribution_evidence,conditioned_or_inactive_hold,inactive_hold
route:ilc_ota:sonnet:ilc_rosmini:Antonio_Rosmini_R12:block_0446,ilc_ota:record:ilc_rosmini:Antonio_Rosmini_R12,,ilc_ota:sonnet:ilc_rosmini:Antonio_Rosmini_R12:block_0446,ilc_ota,Versione elettronica di testi relativi al periodo 800 - 900 Principio supremo della metodica,Antonio Rosmini,514669,515436,14,f398a3fe6b678a1da952b32c6b280a9f7294c7e09a5029c9e8665dbb8a6953ea,767,ce0082fcc4ef4fae9b4139e747f010d971f62e43066f222b098ee59f414ae34c,raw 14-line blank-separated block; full-length sonnet layout failed,checkpoint-6D standard-Italian unit gate,,hold_14_line_block_insufficient_sonnet_or_attribution_evidence,conditioned_or_inactive_hold,inactive_hold
route:ilc_ota:sonnet:ilc_rosmini:Antonio_Rosmini_R13:block_0023,ilc_ota:record:ilc_rosmini:Antonio_Rosmini_R13,,ilc_ota:sonnet:ilc_rosmini:Antonio_Rosmini_R13:block_0023,ilc_ota,Versione elettronica di testi relativi al periodo 800 - 900 Psicologia Vol.I,Antonio Rosmini,33196,34164,14,36df592b9bb4c464e3c3327d597437a7458330f5e4ec119196b36e682575d4f7,968,9c1d91fc264d5c898b356c618cd23ccff0b586420ef5e5bff8b59600f13d35d1,raw 14-line blank-separated block; full-length sonnet layout failed,checkpoint-6D standard-Italian unit gate,,hold_14_line_block_insufficient_sonnet_or_attribution_evidence,conditioned_or_inactive_hold,inactive_hold
route:ilc_ota:sonnet:ilc_rosmini:Antonio_Rosmini_R13:block_0046,ilc_ota:record:ilc_rosmini:Antonio_Rosmini_R13,,ilc_ota:sonnet:ilc_rosmini:Antonio_Rosmini_R13:block_0046,ilc_ota,Versione elettronica di testi relativi al periodo 800 - 900 Psicologia Vol.I,Antonio Rosmini,68677,69443,14,36df592b9bb4c464e3c3327d597437a7458330f5e4ec119196b36e682575d4f7,766,62e1a64bc760326653cf7a19bfee01c9ac13e86a5efe70b130c7c7beb781b9f7,raw 14-line blank-separated block; full-length sonnet layout failed,checkpoint-6D standard-Italian unit gate,,hold_14_line_block_insufficient_sonnet_or_attribution_evidence,conditioned_or_inactive_hold,inactive_hold
route:ilc_ota:sonnet:ilc_rosmini:Antonio_Rosmini_R13:block_0053,ilc_ota:record:ilc_rosmini:Antonio_Rosmini_R13,,ilc_ota:sonnet:ilc_rosmini:Antonio_Rosmini_R13:block_0053,ilc_ota,Versione elettronica di testi relativi al periodo 800 - 900 Psicologia Vol.I,Antonio Rosmini,77286,78257,14,36df592b9bb4c464e3c3327d597437a7458330f5e4ec119196b36e682575d4f7,971,20766efd0d1ae35283236ea6b7bc3497d7eac6ba04c4995076a0d049f374d607,raw 14-line blank-separated block; full-length sonnet layout failed,checkpoint-6D standard-Italian unit gate,,hold_14_line_block_insufficient_sonnet_or_attribution_evidence,conditioned_or_inactive_hold,inactive_hold
route:ilc_ota:sonnet:ilc_rosmini:Antonio_Rosmini_R13:block_0065,ilc_ota:record:ilc_rosmini:Antonio_Rosmini_R13,,ilc_ota:sonnet:ilc_rosmini:Antonio_Rosmini_R13:block_0065,ilc_ota,Versione elettronica di testi relativi al periodo 800 - 900 Psicologia Vol.I,Antonio Rosmini,89705,90631,14,36df592b9bb4c464e3c3327d597437a7458330f5e4ec119196b36e682575d4f7,926,e178ee5b250a39159f9ce567329c8cf922923fa6e3e94ee592f09e66e2f437e0,raw 14-line blank-separated block; full-length sonnet layout failed,checkpoint-6D standard-Italian unit gate,,hold_14_line_block_insufficient_sonnet_or_attribution_evidence,conditioned_or_inactive_hold,inactive_hold
route:ilc_ota:sonnet:ilc_rosmini:Antonio_Rosmini_R13:block_0081,ilc_ota:record:ilc_rosmini:Antonio_Rosmini_R13,,ilc_ota:sonnet:ilc_rosmini:Antonio_Rosmini_R13:block_0081,ilc_ota,Versione elettronica di testi relativi al periodo 800 - 900 Psicologia Vol.I,Antonio Rosmini,111501,112455,14,36df592b9bb4c464e3c3327d597437a7458330f5e4ec119196b36e682575d4f7,954,51201ff398d4cea6a6eec242d6a3ebae77d4c8934e424a1c60ddc9d11abaea48,raw 14-line blank-separated block; full-length sonnet layout failed,checkpoint-6D standard-Italian unit gate,,hold_14_line_block_insufficient_sonnet_or_attribution_evidence,conditioned_or_inactive_hold,inactive_hold
route:ilc_ota:sonnet:ilc_rosmini:Antonio_Rosmini_R13:block_0124,ilc_ota:record:ilc_rosmini:Antonio_Rosmini_R13,,ilc_ota:sonnet:ilc_rosmini:Antonio_Rosmini_R13:block_0124,ilc_ota,Versione elettronica di testi relativi al periodo 800 - 900 Psicologia Vol.I,Antonio Rosmini,164390,165297,14,36df592b9bb4c464e3c3327d597437a7458330f5e4ec119196b36e682575d4f7,907,5225f5ee07bdf9073ded006c7fbe0c3c60f08211374f09fb385a9fd4f7332947,raw 14-line blank-separated block; full-length sonnet layout failed,checkpoint-6D standard-Italian unit gate,,hold_14_line_block_insufficient_sonnet_or_attribution_evidence,conditioned_or_inactive_hold,inactive_hold
route:ilc_ota:sonnet:ilc_rosmini:Antonio_Rosmini_R13:block_0132,ilc_ota:record:ilc_rosmini:Antonio_Rosmini_R13,,ilc_ota:sonnet:ilc_rosmini:Antonio_Rosmini_R13:block_0132,ilc_ota,Versione elettronica di testi relativi al periodo 800 - 900 Psicologia Vol.I,Antonio Rosmini,178507,179449,14,36df592b9bb4c464e3c3327d597437a7458330f5e4ec119196b36e682575d4f7,942,b28844cd95fbddf2f60074f4d23ad16a2ffb22e0440b5b792fd027924231a598,raw 14-line blank-separated block; full-length sonnet layout failed,checkpoint-6D standard-Italian unit gate,,hold_14_line_block_insufficient_sonnet_or_attribution_evidence,conditioned_or_inactive_hold,inactive_hold
route:ilc_ota:sonnet:ilc_rosmini:Antonio_Rosmini_R13:block_0145,ilc_ota:record:ilc_rosmini:Antonio_Rosmini_R13,,ilc_ota:sonnet:ilc_rosmini:Antonio_Rosmini_R13:block_0145,ilc_ota,Versione elettronica di testi relativi al periodo 800 - 900 Psicologia Vol.I,Antonio Rosmini,191026,191888,14,36df592b9bb4c464e3c3327d597437a7458330f5e4ec119196b36e682575d4f7,862,054b94a3a63954965d1547825a7e2c0f5a20899f2dd4915a4b33f8fae8cdc201,raw 14-line blank-separated block; full-length sonnet layout failed,checkpoint-6D standard-Italian unit gate,,hold_14_line_block_insufficient_sonnet_or_attribution_evidence,conditioned_or_inactive_hold,inactive_hold
route:ilc_ota:sonnet:ilc_rosmini:Antonio_Rosmini_R13:block_0210,ilc_ota:record:ilc_rosmini:Antonio_Rosmini_R13,,ilc_ota:sonnet:ilc_rosmini:Antonio_Rosmini_R13:block_0210,ilc_ota,Versione elettronica di testi relativi al periodo 800 - 900 Psicologia Vol.I,Antonio Rosmini,271793,272676,14,36df592b9bb4c464e3c3327d597437a7458330f5e4ec119196b36e682575d4f7,883,e0a0a7c225feab66ddb96035384d8ccd162c6a3f8cb28110c7e3fab776546b76,raw 14-line blank-separated block; full-length sonnet layout failed,checkpoint-6D standard-Italian unit gate,,hold_14_line_block_insufficient_sonnet_or_attribution_evidence,conditioned_or_inactive_hold,inactive_hold
route:ilc_ota:sonnet:ilc_rosmini:Antonio_Rosmini_R13:block_0213,ilc_ota:record:ilc_rosmini:Antonio_Rosmini_R13,,ilc_ota:sonnet:ilc_rosmini:Antonio_Rosmini_R13:block_0213,ilc_ota,Versione elettronica di testi relativi al periodo 800 - 900 Psicologia Vol.I,Antonio Rosmini,273349,274166,14,36df592b9bb4c464e3c3327d597437a7458330f5e4ec119196b36e682575d4f7,817,14d8472cf51cf33cfea1df354edd3a24b8d08a5859e2a200770aa20e54b6c919,raw 14-line blank-separated block; full-length sonnet layout failed,checkpoint-6D standard-Italian unit gate,,hold_14_line_block_insufficient_sonnet_or_attribution_evidence,conditioned_or_inactive_hold,inactive_hold
route:ilc_ota:sonnet:ilc_rosmini:Antonio_Rosmini_R13:block_0231,ilc_ota:record:ilc_rosmini:Antonio_Rosmini_R13,,ilc_ota:sonnet:ilc_rosmini:Antonio_Rosmini_R13:block_0231,ilc_ota,Versione elettronica di testi relativi al periodo 800 - 900 Psicologia Vol.I,Antonio Rosmini,285006,285979,14,36df592b9bb4c464e3c3327d597437a7458330f5e4ec119196b36e682575d4f7,973,12a792a4ee3b6c96c33446dd94b57220defbbacd6313a866ed6a4d2813521606,raw 14-line blank-separated block; full-length sonnet layout failed,checkpoint-6D standard-Italian unit gate,,hold_14_line_block_insufficient_sonnet_or_attribution_evidence,conditioned_or_inactive_hold,inactive_hold
route:ilc_ota:sonnet:ilc_rosmini:Antonio_Rosmini_R13:block_0258,ilc_ota:record:ilc_rosmini:Antonio_Rosmini_R13,,ilc_ota:sonnet:ilc_rosmini:Antonio_Rosmini_R13:block_0258,ilc_ota,Versione elettronica di testi relativi al periodo 800 - 900 Psicologia Vol.I,Antonio Rosmini,316955,317803,14,36df592b9bb4c464e3c3327d597437a7458330f5e4ec119196b36e682575d4f7,848,2edafbd0e1dd9c9e630759d001f5e2cbb74a2df4726c161bd1bcf468836d9585,raw 14-line blank-separated block; full-length sonnet layout failed,checkpoint-6D standard-Italian unit gate,,hold_14_line_block_insufficient_sonnet_or_attribution_evidence,conditioned_or_inactive_hold,inactive_hold
route:ilc_ota:sonnet:ilc_rosmini:Antonio_Rosmini_R13:block_0281,ilc_ota:record:ilc_rosmini:Antonio_Rosmini_R13,,ilc_ota:sonnet:ilc_rosmini:Antonio_Rosmini_R13:block_0281,ilc_ota,Versione elettronica di testi relativi al periodo 800 - 900 Psicologia Vol.I,Antonio Rosmini,346214,347102,14,36df592b9bb4c464e3c3327d597437a7458330f5e4ec119196b36e682575d4f7,888,6c8b17f20abd8d894e9f67b9522780577040f6d2be4cbab88082a39aabdfcbc9,raw 14-line blank-separated block; full-length sonnet layout failed,checkpoint-6D standard-Italian unit gate,,hold_14_line_block_insufficient_sonnet_or_attribution_evidence,conditioned_or_inactive_hold,inactive_hold
route:ilc_ota:sonnet:ilc_rosmini:Antonio_Rosmini_R13:block_0285,ilc_ota:record:ilc_rosmini:Antonio_Rosmini_R13,,ilc_ota:sonnet:ilc_rosmini:Antonio_Rosmini_R13:block_0285,ilc_ota,Versione elettronica di testi relativi al periodo 800 - 900 Psicologia Vol.I,Antonio Rosmini,352061,353001,14,36df592b9bb4c464e3c3327d597437a7458330f5e4ec119196b36e682575d4f7,940,4159d25745b450ce35446580e0037e2277b53727f46aad2dca3cb5ef91c13b8b,raw 14-line blank-separated block; full-length sonnet layout failed,checkpoint-6D standard-Italian unit gate,,hold_14_line_block_insufficient_sonnet_or_attribution_evidence,conditioned_or_inactive_hold,inactive_hold
route:ilc_ota:sonnet:ilc_rosmini:Antonio_Rosmini_R13:block_0303,ilc_ota:record:ilc_rosmini:Antonio_Rosmini_R13,,ilc_ota:sonnet:ilc_rosmini:Antonio_Rosmini_R13:block_0303,ilc_ota,Versione elettronica di testi relativi al periodo 800 - 900 Psicologia Vol.I,Antonio Rosmini,371431,372381,14,36df592b9bb4c464e3c3327d597437a7458330f5e4ec119196b36e682575d4f7,950,fb5be33da38278c052c4313964ea8b7551a5f35a39f409f4cd9ed2f84520e207,raw 14-line blank-separated block; full-length sonnet layout failed,checkpoint-6D standard-Italian unit gate,,hold_14_line_block_insufficient_sonnet_or_attribution_evidence,conditioned_or_inactive_hold,inactive_hold
route:ilc_ota:sonnet:ilc_rosmini:Antonio_Rosmini_R13:block_0330,ilc_ota:record:ilc_rosmini:Antonio_Rosmini_R13,,ilc_ota:sonnet:ilc_rosmini:Antonio_Rosmini_R13:block_0330,ilc_ota,Versione elettronica di testi relativi al periodo 800 - 900 Psicologia Vol.I,Antonio Rosmini,403185,404093,14,36df592b9bb4c464e3c3327d597437a7458330f5e4ec119196b36e682575d4f7,908,4b610d77768812e1e256a024d7991e52adc688115a997317f512c690f41b8cde,raw 14-line blank-separated block; full-length sonnet layout failed,checkpoint-6D standard-Italian unit gate,,hold_14_line_block_insufficient_sonnet_or_attribution_evidence,conditioned_or_inactive_hold,inactive_hold
route:ilc_ota:sonnet:ilc_rosmini:Antonio_Rosmini_R13:block_0350,ilc_ota:record:ilc_rosmini:Antonio_Rosmini_R13,,ilc_ota:sonnet:ilc_rosmini:Antonio_Rosmini_R13:block_0350,ilc_ota,Versione elettronica di testi relativi al periodo 800 - 900 Psicologia Vol.I,Antonio Rosmini,430006,430829,14,36df592b9bb4c464e3c3327d597437a7458330f5e4ec119196b36e682575d4f7,823,94acbf7d1e267335b7e30231ee34a8666e2c02a9d0c3e614fae35e83720bf367,raw 14-line blank-separated block; full-length sonnet layout failed,checkpoint-6D standard-Italian unit gate,,hold_14_line_block_insufficient_sonnet_or_attribution_evidence,conditioned_or_inactive_hold,inactive_hold
route:ilc_ota:sonnet:ilc_rosmini:Antonio_Rosmini_R13:block_0378,ilc_ota:record:ilc_rosmini:Antonio_Rosmini_R13,,ilc_ota:sonnet:ilc_rosmini:Antonio_Rosmini_R13:block_0378,ilc_ota,Versione elettronica di testi relativi al periodo 800 - 900 Psicologia Vol.I,Antonio Rosmini,455158,455995,14,36df592b9bb4c464e3c3327d597437a7458330f5e4ec119196b36e682575d4f7,837,128bcbc54b4462ff4f521fe9900dc4931e0664e3f7b262d560d24e91badeccef,raw 14-line blank-separated block; full-length sonnet layout failed,checkpoint-6D standard-Italian unit gate,,hold_14_line_block_insufficient_sonnet_or_attribution_evidence,conditioned_or_inactive_hold,inactive_hold
route:ilc_ota:sonnet:ilc_rosmini:Antonio_Rosmini_R13:block_0408,ilc_ota:record:ilc_rosmini:Antonio_Rosmini_R13,,ilc_ota:sonnet:ilc_rosmini:Antonio_Rosmini_R13:block_0408,ilc_ota,Versione elettronica di testi relativi al periodo 800 - 900 Psicologia Vol.I,Antonio Rosmini,486371,487253,14,36df592b9bb4c464e3c3327d597437a7458330f5e4ec119196b36e682575d4f7,882,e450d8b55c98e2f24ef47b4f87240e50e74512c7d23a5d56402e8b556c0b22b4,raw 14-line blank-separated block; full-length sonnet layout failed,checkpoint-6D standard-Italian unit gate,,hold_14_line_block_insufficient_sonnet_or_attribution_evidence,conditioned_or_inactive_hold,inactive_hold
route:ilc_ota:sonnet:ilc_rosmini:Antonio_Rosmini_R13:block_0422,ilc_ota:record:ilc_rosmini:Antonio_Rosmini_R13,,ilc_ota:sonnet:ilc_rosmini:Antonio_Rosmini_R13:block_0422,ilc_ota,Versione elettronica di testi relativi al periodo 800 - 900 Psicologia Vol.I,Antonio Rosmini,499525,500456,14,36df592b9bb4c464e3c3327d597437a7458330f5e4ec119196b36e682575d4f7,931,3a9834b4b1059d26b47c298ee63cb50dd5999df5125c3399a2ce8a50c3cc3abe,raw 14-line blank-separated block; full-length sonnet layout failed,checkpoint-6D standard-Italian unit gate,,hold_14_line_block_insufficient_sonnet_or_attribution_evidence,conditioned_or_inactive_hold,inactive_hold
route:ilc_ota:sonnet:ilc_rosmini:Antonio_Rosmini_R13:block_0487,ilc_ota:record:ilc_rosmini:Antonio_Rosmini_R13,,ilc_ota:sonnet:ilc_rosmini:Antonio_Rosmini_R13:block_0487,ilc_ota,Versione elettronica di testi relativi al periodo 800 - 900 Psicologia Vol.I,Antonio Rosmini,586825,587749,14,36df592b9bb4c464e3c3327d597437a7458330f5e4ec119196b36e682575d4f7,924,8fb281f17d9f32ac96f4a0bf1b1bbfa61ea405afce9752a303ca0689147f77a9,raw 14-line blank-separated block; full-length sonnet layout failed,checkpoint-6D standard-Italian unit gate,,hold_14_line_block_insufficient_sonnet_or_attribution_evidence,conditioned_or_inactive_hold,inactive_hold
route:ilc_ota:sonnet:ilc_rosmini:Antonio_Rosmini_R13:block_0490,ilc_ota:record:ilc_rosmini:Antonio_Rosmini_R13,,ilc_ota:sonnet:ilc_rosmini:Antonio_Rosmini_R13:block_0490,ilc_ota,Versione elettronica di testi relativi al periodo 800 - 900 Psicologia Vol.I,Antonio Rosmini,592071,593099,14,36df592b9bb4c464e3c3327d597437a7458330f5e4ec119196b36e682575d4f7,1028,572c673e6f0f59435931530ab25e25a19cbd832ba79fc174a1b746a78e5449dd,raw 14-line blank-separated block; full-length sonnet layout failed,checkpoint-6D standard-Italian unit gate,,hold_14_line_block_insufficient_sonnet_or_attribution_evidence,conditioned_or_inactive_hold,inactive_hold
route:ilc_ota:sonnet:ilc_rosmini:Antonio_Rosmini_R13:block_0507,ilc_ota:record:ilc_rosmini:Antonio_Rosmini_R13,,ilc_ota:sonnet:ilc_rosmini:Antonio_Rosmini_R13:block_0507,ilc_ota,Versione elettronica di testi relativi al periodo 800 - 900 Psicologia Vol.I,Antonio Rosmini,617509,618368,14,36df592b9bb4c464e3c3327d597437a7458330f5e4ec119196b36e682575d4f7,859,e5b6ed0c04d11275fb73197727579005a7831bbfa5c3ba0000273cd716ad672a,raw 14-line blank-separated block; full-length sonnet layout failed,checkpoint-6D standard-Italian unit gate,,hold_14_line_block_insufficient_sonnet_or_attribution_evidence,conditioned_or_inactive_hold,inactive_hold
route:ilc_ota:sonnet:ilc_rosmini:Antonio_Rosmini_R14:block_0047,ilc_ota:record:ilc_rosmini:Antonio_Rosmini_R14,,ilc_ota:sonnet:ilc_rosmini:Antonio_Rosmini_R14:block_0047,ilc_ota,Versione elettronica di testi relativi al periodo 800 - 900 Psicologia Vol.II,Antonio Rosmini,62670,63560,14,5dab3e2f1ad0b2cd1024813defdfa4ebaab77ce1c30762f3bf84f00f13a7f16a,890,4a1425ce36be5b4c1f58bc892d32e896a55e3231c484c28c68b9ae12178566be,raw 14-line blank-separated block; full-length sonnet layout failed,checkpoint-6D standard-Italian unit gate,,hold_14_line_block_insufficient_sonnet_or_attribution_evidence,conditioned_or_inactive_hold,inactive_hold
route:ilc_ota:sonnet:ilc_rosmini:Antonio_Rosmini_R14:block_0064,ilc_ota:record:ilc_rosmini:Antonio_Rosmini_R14,,ilc_ota:sonnet:ilc_rosmini:Antonio_Rosmini_R14:block_0064,ilc_ota,Versione elettronica di testi relativi al periodo 800 - 900 Psicologia Vol.II,Antonio Rosmini,80836,81581,14,5dab3e2f1ad0b2cd1024813defdfa4ebaab77ce1c30762f3bf84f00f13a7f16a,745,6abbc2b34d3ccea89ddb9bb672529755588e95b4e76608bb1b5aedb75bf1f28c,raw 14-line blank-separated block; full-length sonnet layout failed,checkpoint-6D standard-Italian unit gate,,hold_14_line_block_insufficient_sonnet_or_attribution_evidence,conditioned_or_inactive_hold,inactive_hold
route:ilc_ota:sonnet:ilc_rosmini:Antonio_Rosmini_R14:block_0084,ilc_ota:record:ilc_rosmini:Antonio_Rosmini_R14,,ilc_ota:sonnet:ilc_rosmini:Antonio_Rosmini_R14:block_0084,ilc_ota,Versione elettronica di testi relativi al periodo 800 - 900 Psicologia Vol.II,Antonio Rosmini,103091,103981,14,5dab3e2f1ad0b2cd1024813defdfa4ebaab77ce1c30762f3bf84f00f13a7f16a,890,4ca8aba8a11fddb62b4638d6ef8169b88ec49d6a46fbe16083b487af379def44,raw 14-line blank-separated block; full-length sonnet layout failed,checkpoint-6D standard-Italian unit gate,,hold_14_line_block_insufficient_sonnet_or_attribution_evidence,conditioned_or_inactive_hold,inactive_hold
route:ilc_ota:sonnet:ilc_rosmini:Antonio_Rosmini_R14:block_0144,ilc_ota:record:ilc_rosmini:Antonio_Rosmini_R14,,ilc_ota:sonnet:ilc_rosmini:Antonio_Rosmini_R14:block_0144,ilc_ota,Versione elettronica di testi relativi al periodo 800 - 900 Psicologia Vol.II,Antonio Rosmini,186590,187447,14,5dab3e2f1ad0b2cd1024813defdfa4ebaab77ce1c30762f3bf84f00f13a7f16a,857,8650eef054b804976ab09cf0d42f16f0ee7190767092c7f7fd19560453fc7884,raw 14-line blank-separated block; full-length sonnet layout failed,checkpoint-6D standard-Italian unit gate,,hold_14_line_block_insufficient_sonnet_or_attribution_evidence,conditioned_or_inactive_hold,inactive_hold
route:ilc_ota:sonnet:ilc_rosmini:Antonio_Rosmini_R14:block_0147,ilc_ota:record:ilc_rosmini:Antonio_Rosmini_R14,,ilc_ota:sonnet:ilc_rosmini:Antonio_Rosmini_R14:block_0147,ilc_ota,Versione elettronica di testi relativi al periodo 800 - 900 Psicologia Vol.II,Antonio Rosmini,191030,191923,14,5dab3e2f1ad0b2cd1024813defdfa4ebaab77ce1c30762f3bf84f00f13a7f16a,893,fb8d3400abcc4c940b93e1451432beab4c680d91e5ed2425faf6101af3ce23b7,raw 14-line blank-separated block; full-length sonnet layout failed,checkpoint-6D standard-Italian unit gate,,hold_14_line_block_insufficient_sonnet_or_attribution_evidence,conditioned_or_inactive_hold,inactive_hold
route:ilc_ota:sonnet:ilc_rosmini:Antonio_Rosmini_R14:block_0174,ilc_ota:record:ilc_rosmini:Antonio_Rosmini_R14,,ilc_ota:sonnet:ilc_rosmini:Antonio_Rosmini_R14:block_0174,ilc_ota,Versione elettronica di testi relativi al periodo 800 - 900 Psicologia Vol.II,Antonio Rosmini,234434,235341,14,5dab3e2f1ad0b2cd1024813defdfa4ebaab77ce1c30762f3bf84f00f13a7f16a,907,62eeb5a223a250f20b57e47e1c5e1891f3ff569afc878519d9554646e9aee552,raw 14-line blank-separated block; full-length sonnet layout failed,checkpoint-6D standard-Italian unit gate,,hold_14_line_block_insufficient_sonnet_or_attribution_evidence,conditioned_or_inactive_hold,inactive_hold
route:ilc_ota:sonnet:ilc_rosmini:Antonio_Rosmini_R14:block_0197,ilc_ota:record:ilc_rosmini:Antonio_Rosmini_R14,,ilc_ota:sonnet:ilc_rosmini:Antonio_Rosmini_R14:block_0197,ilc_ota,Versione elettronica di testi relativi al periodo 800 - 900 Psicologia Vol.II,Antonio Rosmini,279586,280537,14,5dab3e2f1ad0b2cd1024813defdfa4ebaab77ce1c30762f3bf84f00f13a7f16a,951,3a2209b8cc5a940f0bfb87ff337ac435c6dbcbb40c9db62612c2d860b08594ca,raw 14-line blank-separated block; full-length sonnet layout failed,checkpoint-6D standard-Italian unit gate,,hold_14_line_block_insufficient_sonnet_or_attribution_evidence,conditioned_or_inactive_hold,inactive_hold
route:ilc_ota:sonnet:ilc_rosmini:Antonio_Rosmini_R14:block_0335,ilc_ota:record:ilc_rosmini:Antonio_Rosmini_R14,,ilc_ota:sonnet:ilc_rosmini:Antonio_Rosmini_R14:block_0335,ilc_ota,Versione elettronica di testi relativi al periodo 800 - 900 Psicologia Vol.II,Antonio Rosmini,494474,495436,14,5dab3e2f1ad0b2cd1024813defdfa4ebaab77ce1c30762f3bf84f00f13a7f16a,962,af64ab7ad4666dc816ac9e17b522594b311191e474c36ec2cc451603d1b08c64,raw 14-line blank-separated block; full-length sonnet layout failed,checkpoint-6D standard-Italian unit gate,,hold_14_line_block_insufficient_sonnet_or_attribution_evidence,conditioned_or_inactive_hold,inactive_hold
route:ilc_ota:sonnet:ilc_rosmini:Antonio_Rosmini_R14:block_0366,ilc_ota:record:ilc_rosmini:Antonio_Rosmini_R14,,ilc_ota:sonnet:ilc_rosmini:Antonio_Rosmini_R14:block_0366,ilc_ota,Versione elettronica di testi relativi al periodo 800 - 900 Psicologia Vol.II,Antonio Rosmini,538898,539892,14,5dab3e2f1ad0b2cd1024813defdfa4ebaab77ce1c30762f3bf84f00f13a7f16a,994,221f23f693610c2021829cafa0fa928a2178b78ab2036b457b9977605667faea,raw 14-line blank-separated block; full-length sonnet layout failed,checkpoint-6D standard-Italian unit gate,,hold_14_line_block_insufficient_sonnet_or_attribution_evidence,conditioned_or_inactive_hold,inactive_hold
route:ilc_ota:sonnet:ilc_rosmini:Antonio_Rosmini_R14:block_0426,ilc_ota:record:ilc_rosmini:Antonio_Rosmini_R14,,ilc_ota:sonnet:ilc_rosmini:Antonio_Rosmini_R14:block_0426,ilc_ota,Versione elettronica di testi relativi al periodo 800 - 900 Psicologia Vol.II,Antonio Rosmini,618290,619224,14,5dab3e2f1ad0b2cd1024813defdfa4ebaab77ce1c30762f3bf84f00f13a7f16a,934,60cc428ada0211c01d8759af04fdad654731ba6f5b9dd385593bc7171271188b,raw 14-line blank-separated block; full-length sonnet layout failed,checkpoint-6D standard-Italian unit gate,,hold_14_line_block_insufficient_sonnet_or_attribution_evidence,conditioned_or_inactive_hold,inactive_hold
route:ilc_ota:sonnet:ilc_rosmini:Antonio_Rosmini_R14:block_0448,ilc_ota:record:ilc_rosmini:Antonio_Rosmini_R14,,ilc_ota:sonnet:ilc_rosmini:Antonio_Rosmini_R14:block_0448,ilc_ota,Versione elettronica di testi relativi al periodo 800 - 900 Psicologia Vol.II,Antonio Rosmini,639645,640610,14,5dab3e2f1ad0b2cd1024813defdfa4ebaab77ce1c30762f3bf84f00f13a7f16a,965,77b48e0549a817cd78d89abe7987691a919a5bd4a1f277f468490f223851cd64,raw 14-line blank-separated block; full-length sonnet layout failed,checkpoint-6D standard-Italian unit gate,,hold_14_line_block_insufficient_sonnet_or_attribution_evidence,conditioned_or_inactive_hold,inactive_hold
route:ilc_ota:sonnet:ilc_rosmini:Antonio_Rosmini_R14:block_0525,ilc_ota:record:ilc_rosmini:Antonio_Rosmini_R14,,ilc_ota:sonnet:ilc_rosmini:Antonio_Rosmini_R14:block_0525,ilc_ota,Versione elettronica di testi relativi al periodo 800 - 900 Psicologia Vol.II,Antonio Rosmini,753766,754752,14,5dab3e2f1ad0b2cd1024813defdfa4ebaab77ce1c30762f3bf84f00f13a7f16a,986,be7b668db11492f9f7143c5925c8468990195b0584557d3a9ad5cf091dfe8110,raw 14-line blank-separated block; full-length sonnet layout failed,checkpoint-6D standard-Italian unit gate,,hold_14_line_block_insufficient_sonnet_or_attribution_evidence,conditioned_or_inactive_hold,inactive_hold
route:ilc_ota:sonnet:ilc_rosmini:Antonio_Rosmini_R15:block_0075,ilc_ota:record:ilc_rosmini:Antonio_Rosmini_R15,,ilc_ota:sonnet:ilc_rosmini:Antonio_Rosmini_R15:block_0075,ilc_ota,Versione elettronica di testi relativi al periodo 800 - 900 Psicologia Vol.III,Antonio Rosmini,112718,113616,14,36e5cd30381e326787fea5edd22630312b9f56b82712d6dd5b8f10beba77f815,898,8ec23d54cb0f0a9bc9c51e695671cdb575e11320cec763d29f405d567ff87e8f,raw 14-line blank-separated block; full-length sonnet layout failed,checkpoint-6D standard-Italian unit gate,,hold_14_line_block_insufficient_sonnet_or_attribution_evidence,conditioned_or_inactive_hold,inactive_hold
route:ilc_ota:sonnet:ilc_rosmini:Antonio_Rosmini_R15:block_0115,ilc_ota:record:ilc_rosmini:Antonio_Rosmini_R15,,ilc_ota:sonnet:ilc_rosmini:Antonio_Rosmini_R15:block_0115,ilc_ota,Versione elettronica di testi relativi al periodo 800 - 900 Psicologia Vol.III,Antonio Rosmini,184052,184990,14,36e5cd30381e326787fea5edd22630312b9f56b82712d6dd5b8f10beba77f815,938,c68c5764139b7bd9c2bd1a30b895fd33281a868a4edc106e60ded9469545ed7c,raw 14-line blank-separated block; full-length sonnet layout failed,checkpoint-6D standard-Italian unit gate,,hold_14_line_block_insufficient_sonnet_or_attribution_evidence,conditioned_or_inactive_hold,inactive_hold
route:ilc_ota:sonnet:ilc_rosmini:Antonio_Rosmini_R15:block_0119,ilc_ota:record:ilc_rosmini:Antonio_Rosmini_R15,,ilc_ota:sonnet:ilc_rosmini:Antonio_Rosmini_R15:block_0119,ilc_ota,Versione elettronica di testi relativi al periodo 800 - 900 Psicologia Vol.III,Antonio Rosmini,188555,189434,14,36e5cd30381e326787fea5edd22630312b9f56b82712d6dd5b8f10beba77f815,879,d2ef6a1c8864c3cf9f83e9ec2c76dbdd6ec30f1d6d819bab9e73ccfedb91a2bc,raw 14-line blank-separated block; full-length sonnet layout failed,checkpoint-6D standard-Italian unit gate,,hold_14_line_block_insufficient_sonnet_or_attribution_evidence,conditioned_or_inactive_hold,inactive_hold
route:ilc_ota:sonnet:ilc_rosmini:Antonio_Rosmini_R15:block_0135,ilc_ota:record:ilc_rosmini:Antonio_Rosmini_R15,,ilc_ota:sonnet:ilc_rosmini:Antonio_Rosmini_R15:block_0135,ilc_ota,Versione elettronica di testi relativi al periodo 800 - 900 Psicologia Vol.III,Antonio Rosmini,214301,215206,14,36e5cd30381e326787fea5edd22630312b9f56b82712d6dd5b8f10beba77f815,905,f008fd6f1adb107ff08cd1e7b97a5e112199fc42c719b3a0ba101f0b14e86ca0,raw 14-line blank-separated block; full-length sonnet layout failed,checkpoint-6D standard-Italian unit gate,,hold_14_line_block_insufficient_sonnet_or_attribution_evidence,conditioned_or_inactive_hold,inactive_hold
route:ilc_ota:sonnet:ilc_rosmini:Antonio_Rosmini_R15:block_0146,ilc_ota:record:ilc_rosmini:Antonio_Rosmini_R15,,ilc_ota:sonnet:ilc_rosmini:Antonio_Rosmini_R15:block_0146,ilc_ota,Versione elettronica di testi relativi al periodo 800 - 900 Psicologia Vol.III,Antonio Rosmini,223424,224321,14,36e5cd30381e326787fea5edd22630312b9f56b82712d6dd5b8f10beba77f815,897,58ac7f0e4e4f4a9a2f33901b6501eb12ed26be3dd745cdc2bc484d704a1a47c8,raw 14-line blank-separated block; full-length sonnet layout failed,checkpoint-6D standard-Italian unit gate,,hold_14_line_block_insufficient_sonnet_or_attribution_evidence,conditioned_or_inactive_hold,inactive_hold
route:ilc_ota:sonnet:ilc_rosmini:Antonio_Rosmini_R15:block_0166,ilc_ota:record:ilc_rosmini:Antonio_Rosmini_R15,,ilc_ota:sonnet:ilc_rosmini:Antonio_Rosmini_R15:block_0166,ilc_ota,Versione elettronica di testi relativi al periodo 800 - 900 Psicologia Vol.III,Antonio Rosmini,246613,247421,14,36e5cd30381e326787fea5edd22630312b9f56b82712d6dd5b8f10beba77f815,808,acd6012092c6f9c871deaa63f4e24bd92fff87ca88451541cef4c366ad14f9d7,raw 14-line blank-separated block; full-length sonnet layout failed,checkpoint-6D standard-Italian unit gate,,hold_14_line_block_insufficient_sonnet_or_attribution_evidence,conditioned_or_inactive_hold,inactive_hold
route:ilc_ota:sonnet:ilc_rosmini:Antonio_Rosmini_R15:block_0221,ilc_ota:record:ilc_rosmini:Antonio_Rosmini_R15,,ilc_ota:sonnet:ilc_rosmini:Antonio_Rosmini_R15:block_0221,ilc_ota,Versione elettronica di testi relativi al periodo 800 - 900 Psicologia Vol.III,Antonio Rosmini,321954,322822,14,36e5cd30381e326787fea5edd22630312b9f56b82712d6dd5b8f10beba77f815,868,5f15ae9ef8f44cbc2336cc2bcff978bc54e6dbbcc1d83e6a5ed3f0147bf574b3,raw 14-line blank-separated block; full-length sonnet layout failed,checkpoint-6D standard-Italian unit gate,,hold_14_line_block_insufficient_sonnet_or_attribution_evidence,conditioned_or_inactive_hold,inactive_hold
route:ilc_ota:sonnet:ilc_rosmini:Antonio_Rosmini_R15:block_0225,ilc_ota:record:ilc_rosmini:Antonio_Rosmini_R15,,ilc_ota:sonnet:ilc_rosmini:Antonio_Rosmini_R15:block_0225,ilc_ota,Versione elettronica di testi relativi al periodo 800 - 900 Psicologia Vol.III,Antonio Rosmini,329768,330771,14,36e5cd30381e326787fea5edd22630312b9f56b82712d6dd5b8f10beba77f815,1003,da825b6739467081d409acdccbb6106f092629ee8d0688ae72d87e0717b7cdfb,raw 14-line blank-separated block; full-length sonnet layout failed,checkpoint-6D standard-Italian unit gate,,hold_14_line_block_insufficient_sonnet_or_attribution_evidence,conditioned_or_inactive_hold,inactive_hold
route:ilc_ota:sonnet:ilc_rosmini:Antonio_Rosmini_R15:block_0243,ilc_ota:record:ilc_rosmini:Antonio_Rosmini_R15,,ilc_ota:sonnet:ilc_rosmini:Antonio_Rosmini_R15:block_0243,ilc_ota,Versione elettronica di testi relativi al periodo 800 - 900 Psicologia Vol.III,Antonio Rosmini,356473,357413,14,36e5cd30381e326787fea5edd22630312b9f56b82712d6dd5b8f10beba77f815,940,cfd75d3ba2630347c135ed81a03bd56e0e04bb496facacb24ed58e37c0b30aa1,raw 14-line blank-separated block; full-length sonnet layout failed,checkpoint-6D standard-Italian unit gate,,hold_14_line_block_insufficient_sonnet_or_attribution_evidence,conditioned_or_inactive_hold,inactive_hold
route:ilc_ota:sonnet:ilc_rosmini:Antonio_Rosmini_R15:block_0305,ilc_ota:record:ilc_rosmini:Antonio_Rosmini_R15,,ilc_ota:sonnet:ilc_rosmini:Antonio_Rosmini_R15:block_0305,ilc_ota,Versione elettronica di testi relativi al periodo 800 - 900 Psicologia Vol.III,Antonio Rosmini,445291,446265,14,36e5cd30381e326787fea5edd22630312b9f56b82712d6dd5b8f10beba77f815,974,cb60c4a13d8e0f42dd0efe1b871c827c3a93174bc75ded9acc2de4aa30cd9f10,raw 14-line blank-separated block; full-length sonnet layout failed,checkpoint-6D standard-Italian unit gate,,hold_14_line_block_insufficient_sonnet_or_attribution_evidence,conditioned_or_inactive_hold,inactive_hold
route:ilc_ota:sonnet:ilc_rosmini:Antonio_Rosmini_R15:block_0442,ilc_ota:record:ilc_rosmini:Antonio_Rosmini_R15,,ilc_ota:sonnet:ilc_rosmini:Antonio_Rosmini_R15:block_0442,ilc_ota,Versione elettronica di testi relativi al periodo 800 - 900 Psicologia Vol.III,Antonio Rosmini,648348,649275,14,36e5cd30381e326787fea5edd22630312b9f56b82712d6dd5b8f10beba77f815,927,99c42ca61adce92a0f70594ea5f97a2dd07289f29785d00de1f0b5a631b418ae,raw 14-line blank-separated block; full-length sonnet layout failed,checkpoint-6D standard-Italian unit gate,,hold_14_line_block_insufficient_sonnet_or_attribution_evidence,conditioned_or_inactive_hold,inactive_hold
route:ilc_ota:sonnet:ilc_rosmini:Antonio_Rosmini_R15:block_0499,ilc_ota:record:ilc_rosmini:Antonio_Rosmini_R15,,ilc_ota:sonnet:ilc_rosmini:Antonio_Rosmini_R15:block_0499,ilc_ota,Versione elettronica di testi relativi al periodo 800 - 900 Psicologia Vol.III,Antonio Rosmini,690798,691694,14,36e5cd30381e326787fea5edd22630312b9f56b82712d6dd5b8f10beba77f815,896,f2b5a5ffe00ef40c86ce7607167f044166dc73c753ec8de66326242b489eecc8,raw 14-line blank-separated block; full-length sonnet layout failed,checkpoint-6D standard-Italian unit gate,,hold_14_line_block_insufficient_sonnet_or_attribution_evidence,conditioned_or_inactive_hold,inactive_hold
route:ilc_ota:sonnet:ilc_rosmini:Antonio_Rosmini_R15:block_0537,ilc_ota:record:ilc_rosmini:Antonio_Rosmini_R15,,ilc_ota:sonnet:ilc_rosmini:Antonio_Rosmini_R15:block_0537,ilc_ota,Versione elettronica di testi relativi al periodo 800 - 900 Psicologia Vol.III,Antonio Rosmini,732498,733360,14,36e5cd30381e326787fea5edd22630312b9f56b82712d6dd5b8f10beba77f815,862,855a8199def48e4bbe676b389ed657b023e57137dc71b38d61f028f879419020,raw 14-line blank-separated block; full-length sonnet layout failed,checkpoint-6D standard-Italian unit gate,,hold_14_line_block_insufficient_sonnet_or_attribution_evidence,conditioned_or_inactive_hold,inactive_hold
route:ilc_ota:sonnet:ilc_rosmini:Antonio_Rosmini_R16:block_0100,ilc_ota:record:ilc_rosmini:Antonio_Rosmini_R16,,ilc_ota:sonnet:ilc_rosmini:Antonio_Rosmini_R16:block_0100,ilc_ota,Versione elettronica di testi relativi al periodo 800 - 900 Questioni politico religiose,Antonio Rosmini,85162,85726,14,c55684270526e882eb86a89cbf24d57c51315200e0ede0d6a2f68e2e95b4b93e,564,b3de69fd31d513b392220184161e77529f0e2e11767efba8400381c529020fd9,raw 14-line blank-separated block; full-length sonnet layout failed,checkpoint-6D standard-Italian unit gate,,hold_14_line_block_insufficient_sonnet_or_attribution_evidence,conditioned_or_inactive_hold,inactive_hold
route:ilc_ota:sonnet:ilc_rosmini:Antonio_Rosmini_R16:block_0101,ilc_ota:record:ilc_rosmini:Antonio_Rosmini_R16,,ilc_ota:sonnet:ilc_rosmini:Antonio_Rosmini_R16:block_0101,ilc_ota,Versione elettronica di testi relativi al periodo 800 - 900 Questioni politico religiose,Antonio Rosmini,85727,86284,14,c55684270526e882eb86a89cbf24d57c51315200e0ede0d6a2f68e2e95b4b93e,557,e375203dcd5801c7b48bec68ded51bcd8162c3fbd4dd45642a1b886430839367,raw 14-line blank-separated block; full-length sonnet layout failed,checkpoint-6D standard-Italian unit gate,,hold_14_line_block_insufficient_sonnet_or_attribution_evidence,conditioned_or_inactive_hold,inactive_hold
route:ilc_ota:sonnet:ilc_rosmini:Antonio_Rosmini_R16:block_0126,ilc_ota:record:ilc_rosmini:Antonio_Rosmini_R16,,ilc_ota:sonnet:ilc_rosmini:Antonio_Rosmini_R16:block_0126,ilc_ota,Versione elettronica di testi relativi al periodo 800 - 900 Questioni politico religiose,Antonio Rosmini,109490,109976,14,c55684270526e882eb86a89cbf24d57c51315200e0ede0d6a2f68e2e95b4b93e,486,40d3f2456c46a88be74204fe45e2bb35064a48a196dab9df180e13864047a519,raw 14-line blank-separated block; full-length sonnet layout failed,checkpoint-6D standard-Italian unit gate,,hold_14_line_block_insufficient_sonnet_or_attribution_evidence,conditioned_or_inactive_hold,inactive_hold
route:ilc_ota:sonnet:ilc_rosmini:Antonio_Rosmini_R17:block_0013,ilc_ota:record:ilc_rosmini:Antonio_Rosmini_R17,,ilc_ota:sonnet:ilc_rosmini:Antonio_Rosmini_R17:block_0013,ilc_ota,Versione elettronica di testi relativi al periodo 800 - 900 Rinnovamento della filosofia in Italia Vol.I,Antonio Rosmini,11999,12933,14,667ce8a5c2b708fc78f961830500ca76c3bd2bca491943d5a1bc495ca09de841,934,5c11173010acf104e497690471ca14b4bdbb5b43acaaf07891128045f8ef199f,raw 14-line blank-separated block; full-length sonnet layout failed,checkpoint-6D standard-Italian unit gate,,hold_14_line_block_insufficient_sonnet_or_attribution_evidence,conditioned_or_inactive_hold,inactive_hold
route:ilc_ota:sonnet:ilc_rosmini:Antonio_Rosmini_R17:block_0139,ilc_ota:record:ilc_rosmini:Antonio_Rosmini_R17,,ilc_ota:sonnet:ilc_rosmini:Antonio_Rosmini_R17:block_0139,ilc_ota,Versione elettronica di testi relativi al periodo 800 - 900 Rinnovamento della filosofia in Italia Vol.I,Antonio Rosmini,157559,158528,14,667ce8a5c2b708fc78f961830500ca76c3bd2bca491943d5a1bc495ca09de841,969,dab01e2ddc4347fda28ca89f0203e9b25c521e910f1dcecc40e849d196ec8c15,raw 14-line blank-separated block; full-length sonnet layout failed,checkpoint-6D standard-Italian unit gate,,hold_14_line_block_insufficient_sonnet_or_attribution_evidence,conditioned_or_inactive_hold,inactive_hold
route:ilc_ota:sonnet:ilc_rosmini:Antonio_Rosmini_R17:block_0175,ilc_ota:record:ilc_rosmini:Antonio_Rosmini_R17,,ilc_ota:sonnet:ilc_rosmini:Antonio_Rosmini_R17:block_0175,ilc_ota,Versione elettronica di testi relativi al periodo 800 - 900 Rinnovamento della filosofia in Italia Vol.I,Antonio Rosmini,195568,196434,14,667ce8a5c2b708fc78f961830500ca76c3bd2bca491943d5a1bc495ca09de841,866,3e642b10ee55ea0a5bc833a4b8e1e2220aa9afdc2fcc690eca9a0cc586ed9e2b,raw 14-line blank-separated block; full-length sonnet layout failed,checkpoint-6D standard-Italian unit gate,,hold_14_line_block_insufficient_sonnet_or_attribution_evidence,conditioned_or_inactive_hold,inactive_hold
route:ilc_ota:sonnet:ilc_rosmini:Antonio_Rosmini_R17:block_0177,ilc_ota:record:ilc_rosmini:Antonio_Rosmini_R17,,ilc_ota:sonnet:ilc_rosmini:Antonio_Rosmini_R17:block_0177,ilc_ota,Versione elettronica di testi relativi al periodo 800 - 900 Rinnovamento della filosofia in Italia Vol.I,Antonio Rosmini,196994,197911,14,667ce8a5c2b708fc78f961830500ca76c3bd2bca491943d5a1bc495ca09de841,917,808cbc10589e3bf6bbe7343b5040780e33dfd5368384cfdb4aacec24661ef92e,raw 14-line blank-separated block; full-length sonnet layout failed,checkpoint-6D standard-Italian unit gate,,hold_14_line_block_insufficient_sonnet_or_attribution_evidence,conditioned_or_inactive_hold,inactive_hold
route:ilc_ota:sonnet:ilc_rosmini:Antonio_Rosmini_R17:block_0231,ilc_ota:record:ilc_rosmini:Antonio_Rosmini_R17,,ilc_ota:sonnet:ilc_rosmini:Antonio_Rosmini_R17:block_0231,ilc_ota,Versione elettronica di testi relativi al periodo 800 - 900 Rinnovamento della filosofia in Italia Vol.I,Antonio Rosmini,255810,256706,14,667ce8a5c2b708fc78f961830500ca76c3bd2bca491943d5a1bc495ca09de841,896,26ceee4029b49cd8b135f15bf128185ed6ef0e5c626b40d4e3639d6e2d21feb3,raw 14-line blank-separated block; full-length sonnet layout failed,checkpoint-6D standard-Italian unit gate,,hold_14_line_block_insufficient_sonnet_or_attribution_evidence,conditioned_or_inactive_hold,inactive_hold
route:ilc_ota:sonnet:ilc_rosmini:Antonio_Rosmini_R17:block_0267,ilc_ota:record:ilc_rosmini:Antonio_Rosmini_R17,,ilc_ota:sonnet:ilc_rosmini:Antonio_Rosmini_R17:block_0267,ilc_ota,Versione elettronica di testi relativi al periodo 800 - 900 Rinnovamento della filosofia in Italia Vol.I,Antonio Rosmini,279827,280825,14,667ce8a5c2b708fc78f961830500ca76c3bd2bca491943d5a1bc495ca09de841,998,37786d39d7e6059ee2ab6c93e743c6571b9b9fdfe07a69974c59178eaa5f035d,raw 14-line blank-separated block; full-length sonnet layout failed,checkpoint-6D standard-Italian unit gate,,hold_14_line_block_insufficient_sonnet_or_attribution_evidence,conditioned_or_inactive_hold,inactive_hold
route:ilc_ota:sonnet:ilc_rosmini:Antonio_Rosmini_R17:block_0271,ilc_ota:record:ilc_rosmini:Antonio_Rosmini_R17,,ilc_ota:sonnet:ilc_rosmini:Antonio_Rosmini_R17:block_0271,ilc_ota,Versione elettronica di testi relativi al periodo 800 - 900 Rinnovamento della filosofia in Italia Vol.I,Antonio Rosmini,284469,285188,14,667ce8a5c2b708fc78f961830500ca76c3bd2bca491943d5a1bc495ca09de841,719,c2c8af399d7fec124f50262078af6b3738ec5b8a599567d927605d79b955c26f,raw 14-line blank-separated block; full-length sonnet layout failed,checkpoint-6D standard-Italian unit gate,,hold_14_line_block_insufficient_sonnet_or_attribution_evidence,conditioned_or_inactive_hold,inactive_hold
route:ilc_ota:sonnet:ilc_rosmini:Antonio_Rosmini_R17:block_0312,ilc_ota:record:ilc_rosmini:Antonio_Rosmini_R17,,ilc_ota:sonnet:ilc_rosmini:Antonio_Rosmini_R17:block_0312,ilc_ota,Versione elettronica di testi relativi al periodo 800 - 900 Rinnovamento della filosofia in Italia Vol.I,Antonio Rosmini,337854,338824,14,667ce8a5c2b708fc78f961830500ca76c3bd2bca491943d5a1bc495ca09de841,970,f8c139217a88479dac0e7cc20d735d42acff3b5a7fbcec1c78680dcaf73cbb4c,raw 14-line blank-separated block; full-length sonnet layout failed,checkpoint-6D standard-Italian unit gate,,hold_14_line_block_insufficient_sonnet_or_attribution_evidence,conditioned_or_inactive_hold,inactive_hold
route:ilc_ota:sonnet:ilc_rosmini:Antonio_Rosmini_R17:block_0328,ilc_ota:record:ilc_rosmini:Antonio_Rosmini_R17,,ilc_ota:sonnet:ilc_rosmini:Antonio_Rosmini_R17:block_0328,ilc_ota,Versione elettronica di testi relativi al periodo 800 - 900 Rinnovamento della filosofia in Italia Vol.I,Antonio Rosmini,360850,361581,14,667ce8a5c2b708fc78f961830500ca76c3bd2bca491943d5a1bc495ca09de841,731,5a694a0ca585953297365fccc5fed98abdef42b50858eb1f100aafd58e5ba706,raw 14-line blank-separated block; full-length sonnet layout failed,checkpoint-6D standard-Italian unit gate,,hold_14_line_block_insufficient_sonnet_or_attribution_evidence,conditioned_or_inactive_hold,inactive_hold
route:ilc_ota:sonnet:ilc_rosmini:Antonio_Rosmini_R17:block_0359,ilc_ota:record:ilc_rosmini:Antonio_Rosmini_R17,,ilc_ota:sonnet:ilc_rosmini:Antonio_Rosmini_R17:block_0359,ilc_ota,Versione elettronica di testi relativi al periodo 800 - 900 Rinnovamento della filosofia in Italia Vol.I,Antonio Rosmini,394502,395390,14,667ce8a5c2b708fc78f961830500ca76c3bd2bca491943d5a1bc495ca09de841,888,106301dbf51115f2a788f92c223e4f3244cb35c13c002e5e5de43787966aa893,raw 14-line blank-separated block; full-length sonnet layout failed,checkpoint-6D standard-Italian unit gate,,hold_14_line_block_insufficient_sonnet_or_attribution_evidence,conditioned_or_inactive_hold,inactive_hold
route:ilc_ota:sonnet:ilc_rosmini:Antonio_Rosmini_R18:block_0026,ilc_ota:record:ilc_rosmini:Antonio_Rosmini_R18,,ilc_ota:sonnet:ilc_rosmini:Antonio_Rosmini_R18:block_0026,ilc_ota,Versione elettronica di testi relativi al periodo 800 - 900 Rinnovamento della filosofia in Italia Vol.II,Antonio Rosmini,28589,29529,14,f7c423b09f22c8d8a2161f48edf3a42cb005ae036c4aca763857eea08bcbf502,940,8775a03a3fd341704b534ba5e45e2e0d7783d602ed56c1caee26f0acc4dc9247,raw 14-line blank-separated block; full-length sonnet layout failed,checkpoint-6D standard-Italian unit gate,,hold_14_line_block_insufficient_sonnet_or_attribution_evidence,conditioned_or_inactive_hold,inactive_hold
route:ilc_ota:sonnet:ilc_rosmini:Antonio_Rosmini_R18:block_0039,ilc_ota:record:ilc_rosmini:Antonio_Rosmini_R18,,ilc_ota:sonnet:ilc_rosmini:Antonio_Rosmini_R18:block_0039,ilc_ota,Versione elettronica di testi relativi al periodo 800 - 900 Rinnovamento della filosofia in Italia Vol.II,Antonio Rosmini,42058,42967,14,f7c423b09f22c8d8a2161f48edf3a42cb005ae036c4aca763857eea08bcbf502,909,46098463db51576069aad496778382f3429c41456f5bb13f60e6d2db64bd40ff,raw 14-line blank-separated block; full-length sonnet layout failed,checkpoint-6D standard-Italian unit gate,,hold_14_line_block_insufficient_sonnet_or_attribution_evidence,conditioned_or_inactive_hold,inactive_hold
route:ilc_ota:sonnet:ilc_rosmini:Antonio_Rosmini_R18:block_0164,ilc_ota:record:ilc_rosmini:Antonio_Rosmini_R18,,ilc_ota:sonnet:ilc_rosmini:Antonio_Rosmini_R18:block_0164,ilc_ota,Versione elettronica di testi relativi al periodo 800 - 900 Rinnovamento della filosofia in Italia Vol.II,Antonio Rosmini,162275,163271,14,f7c423b09f22c8d8a2161f48edf3a42cb005ae036c4aca763857eea08bcbf502,996,2b1e509c27995ac1b56ac0a5e56dbee3318025df1767e088cf29f6d7abd99e5b,raw 14-line blank-separated block; full-length sonnet layout failed,checkpoint-6D standard-Italian unit gate,,hold_14_line_block_insufficient_sonnet_or_attribution_evidence,conditioned_or_inactive_hold,inactive_hold
route:ilc_ota:sonnet:ilc_rosmini:Antonio_Rosmini_R18:block_0224,ilc_ota:record:ilc_rosmini:Antonio_Rosmini_R18,,ilc_ota:sonnet:ilc_rosmini:Antonio_Rosmini_R18:block_0224,ilc_ota,Versione elettronica di testi relativi al periodo 800 - 900 Rinnovamento della filosofia in Italia Vol.II,Antonio Rosmini,237664,238479,14,f7c423b09f22c8d8a2161f48edf3a42cb005ae036c4aca763857eea08bcbf502,815,bd7cbbed781ed5b65188d2f4440083046ea25775972129556af8e5e0cf1221f0,raw 14-line blank-separated block; full-length sonnet layout failed,checkpoint-6D standard-Italian unit gate,,hold_14_line_block_insufficient_sonnet_or_attribution_evidence,conditioned_or_inactive_hold,inactive_hold
route:ilc_ota:sonnet:ilc_rosmini:Antonio_Rosmini_R18:block_0265,ilc_ota:record:ilc_rosmini:Antonio_Rosmini_R18,,ilc_ota:sonnet:ilc_rosmini:Antonio_Rosmini_R18:block_0265,ilc_ota,Versione elettronica di testi relativi al periodo 800 - 900 Rinnovamento della filosofia in Italia Vol.II,Antonio Rosmini,274774,275623,14,f7c423b09f22c8d8a2161f48edf3a42cb005ae036c4aca763857eea08bcbf502,849,4fbd9aabb01ef0b7c78630cdb17ed682cc308ffccbbc86360e2f872cec421c03,raw 14-line blank-separated block; full-length sonnet layout failed,checkpoint-6D standard-Italian unit gate,,hold_14_line_block_insufficient_sonnet_or_attribution_evidence,conditioned_or_inactive_hold,inactive_hold
route:ilc_ota:sonnet:ilc_rosmini:Antonio_Rosmini_R18:block_0352,ilc_ota:record:ilc_rosmini:Antonio_Rosmini_R18,,ilc_ota:sonnet:ilc_rosmini:Antonio_Rosmini_R18:block_0352,ilc_ota,Versione elettronica di testi relativi al periodo 800 - 900 Rinnovamento della filosofia in Italia Vol.II,Antonio Rosmini,337816,338723,14,f7c423b09f22c8d8a2161f48edf3a42cb005ae036c4aca763857eea08bcbf502,907,a94187144ea6c27c73552f0414edd61f64368935fd41923ede9a223b58334152,raw 14-line blank-separated block; full-length sonnet layout failed,checkpoint-6D standard-Italian unit gate,,hold_14_line_block_insufficient_sonnet_or_attribution_evidence,conditioned_or_inactive_hold,inactive_hold
route:ilc_ota:sonnet:ilc_rosmini:Antonio_Rosmini_R18:block_0496,ilc_ota:record:ilc_rosmini:Antonio_Rosmini_R18,,ilc_ota:sonnet:ilc_rosmini:Antonio_Rosmini_R18:block_0496,ilc_ota,Versione elettronica di testi relativi al periodo 800 - 900 Rinnovamento della filosofia in Italia Vol.II,Antonio Rosmini,548959,549932,14,f7c423b09f22c8d8a2161f48edf3a42cb005ae036c4aca763857eea08bcbf502,973,f368c80d7a0b2fc12d21478ea1a1a6306d4d3ec6c86cf6a3b843e42fdb6deacd,raw 14-line blank-separated block; full-length sonnet layout failed,checkpoint-6D standard-Italian unit gate,,hold_14_line_block_insufficient_sonnet_or_attribution_evidence,conditioned_or_inactive_hold,inactive_hold
route:ilc_ota:sonnet:ilc_rosmini:Antonio_Rosmini_R18:block_0551,ilc_ota:record:ilc_rosmini:Antonio_Rosmini_R18,,ilc_ota:sonnet:ilc_rosmini:Antonio_Rosmini_R18:block_0551,ilc_ota,Versione elettronica di testi relativi al periodo 800 - 900 Rinnovamento della filosofia in Italia Vol.II,Antonio Rosmini,607888,608675,14,f7c423b09f22c8d8a2161f48edf3a42cb005ae036c4aca763857eea08bcbf502,787,a5ee7c732b39a60fe9a201ff4f7bf40142306507916b7b6749e78814551c2a8b,raw 14-line blank-separated block; full-length sonnet layout failed,checkpoint-6D standard-Italian unit gate,,hold_14_line_block_insufficient_sonnet_or_attribution_evidence,conditioned_or_inactive_hold,inactive_hold
route:ilc_ota:sonnet:ilc_rosmini:Antonio_Rosmini_R18:block_0587,ilc_ota:record:ilc_rosmini:Antonio_Rosmini_R18,,ilc_ota:sonnet:ilc_rosmini:Antonio_Rosmini_R18:block_0587,ilc_ota,Versione elettronica di testi relativi al periodo 800 - 900 Rinnovamento della filosofia in Italia Vol.II,Antonio Rosmini,630768,631639,14,f7c423b09f22c8d8a2161f48edf3a42cb005ae036c4aca763857eea08bcbf502,871,575053c347598dac5f11d2b98278e48cd8e58ef006f7a46f05c78ac6c12ad733,raw 14-line blank-separated block; full-length sonnet layout failed,checkpoint-6D standard-Italian unit gate,,hold_14_line_block_insufficient_sonnet_or_attribution_evidence,conditioned_or_inactive_hold,inactive_hold
route:ilc_ota:sonnet:ilc_rosmini:Antonio_Rosmini_R18:block_0628,ilc_ota:record:ilc_rosmini:Antonio_Rosmini_R18,,ilc_ota:sonnet:ilc_rosmini:Antonio_Rosmini_R18:block_0628,ilc_ota,Versione elettronica di testi relativi al periodo 800 - 900 Rinnovamento della filosofia in Italia Vol.II,Antonio Rosmini,661848,662757,14,f7c423b09f22c8d8a2161f48edf3a42cb005ae036c4aca763857eea08bcbf502,909,d6506166c09df717f9eb8ac693088167eca2b78054f005de5c87e18a9ed1b2f1,raw 14-line blank-separated block; full-length sonnet layout failed,checkpoint-6D standard-Italian unit gate,,hold_14_line_block_insufficient_sonnet_or_attribution_evidence,conditioned_or_inactive_hold,inactive_hold
route:ilc_ota:sonnet:ilc_rosmini:Antonio_Rosmini_R1A:block_0081,ilc_ota:record:ilc_rosmini:Antonio_Rosmini_R1A,,ilc_ota:sonnet:ilc_rosmini:Antonio_Rosmini_R1A:block_0081,ilc_ota,Versione elettronica di testi relativi al periodo 800 - 900 Saggio sulla moda,Antonio Rosmini,53291,54073,14,ad6abdc1786db29517bf969521d1b844f2067471795cb6915d1de50c7a553a59,782,dd8ca7ac99f20e6937d1858d02b5d03929ef8482b9a9dd86932413f02b3d773c,raw 14-line blank-separated block; full-length sonnet layout failed,checkpoint-6D standard-Italian unit gate,,hold_14_line_block_insufficient_sonnet_or_attribution_evidence,conditioned_or_inactive_hold,inactive_hold
route:ilc_ota:sonnet:ilc_rosmini:Antonio_Rosmini_R1A:block_0088,ilc_ota:record:ilc_rosmini:Antonio_Rosmini_R1A,,ilc_ota:sonnet:ilc_rosmini:Antonio_Rosmini_R1A:block_0088,ilc_ota,Versione elettronica di testi relativi al periodo 800 - 900 Saggio sulla moda,Antonio Rosmini,59005,59785,14,ad6abdc1786db29517bf969521d1b844f2067471795cb6915d1de50c7a553a59,780,5ee1c3a982b6c7b1da95a02e70e1c0a62f37232a4439ba97749facdc579d3933,raw 14-line blank-separated block; full-length sonnet layout failed,checkpoint-6D standard-Italian unit gate,,hold_14_line_block_insufficient_sonnet_or_attribution_evidence,conditioned_or_inactive_hold,inactive_hold
route:ilc_ota:sonnet:ilc_rosmini:Antonio_Rosmini_R1A:block_0105,ilc_ota:record:ilc_rosmini:Antonio_Rosmini_R1A,,ilc_ota:sonnet:ilc_rosmini:Antonio_Rosmini_R1A:block_0105,ilc_ota,Versione elettronica di testi relativi al periodo 800 - 900 Saggio sulla moda,Antonio Rosmini,66430,67177,14,ad6abdc1786db29517bf969521d1b844f2067471795cb6915d1de50c7a553a59,747,3e7d2f456350009cb3203595f601d27dae7fc48d184ef595944723fc97b16217,raw 14-line blank-separated block; full-length sonnet layout failed,checkpoint-6D standard-Italian unit gate,,hold_14_line_block_insufficient_sonnet_or_attribution_evidence,conditioned_or_inactive_hold,inactive_hold
route:ilc_ota:sonnet:ilc_rosmini:Antonio_Rosmini_R1A:block_0107,ilc_ota:record:ilc_rosmini:Antonio_Rosmini_R1A,,ilc_ota:sonnet:ilc_rosmini:Antonio_Rosmini_R1A:block_0107,ilc_ota,Versione elettronica di testi relativi al periodo 800 - 900 Saggio sulla moda,Antonio Rosmini,68457,69201,14,ad6abdc1786db29517bf969521d1b844f2067471795cb6915d1de50c7a553a59,744,6d4dd07552db6968c3c8d632b43f9763d22e3bbe4d19ddddd1805126a06d45d4,raw 14-line blank-separated block; full-length sonnet layout failed,checkpoint-6D standard-Italian unit gate,,hold_14_line_block_insufficient_sonnet_or_attribution_evidence,conditioned_or_inactive_hold,inactive_hold
route:ilc_ota:sonnet:ilc_rosmini:Antonio_Rosmini_R1A:block_0109,ilc_ota:record:ilc_rosmini:Antonio_Rosmini_R1A,,ilc_ota:sonnet:ilc_rosmini:Antonio_Rosmini_R1A:block_0109,ilc_ota,Versione elettronica di testi relativi al periodo 800 - 900 Saggio sulla moda,Antonio Rosmini,69988,70774,14,ad6abdc1786db29517bf969521d1b844f2067471795cb6915d1de50c7a553a59,786,40329be188ab0648f69787ead3b32647e5f4c8440c03c4314023fbe1e8cbc52c,raw 14-line blank-separated block; full-length sonnet layout failed,checkpoint-6D standard-Italian unit gate,,hold_14_line_block_insufficient_sonnet_or_attribution_evidence,conditioned_or_inactive_hold,inactive_hold
route:ilc_ota:sonnet:ilc_rosmini:Antonio_Rosmini_R1B:block_0027,ilc_ota:record:ilc_rosmini:Antonio_Rosmini_R1B,,ilc_ota:sonnet:ilc_rosmini:Antonio_Rosmini_R1B:block_0027,ilc_ota,Versione elettronica di testi relativi al periodo 800 - 900 Scritti vari di metodo e pedagogia,Antonio Rosmini,46989,47884,14,fa35888cd6dde667dd13cb80de057758e5297a96c2648d4b24485c24954a6696,895,f014f40993896794392347e2744b36bcf00c47f0c995b09b36c2fb2d1123bb22,raw 14-line blank-separated block; full-length sonnet layout failed,checkpoint-6D standard-Italian unit gate,,hold_14_line_block_insufficient_sonnet_or_attribution_evidence,conditioned_or_inactive_hold,inactive_hold
route:ilc_ota:sonnet:ilc_rosmini:Antonio_Rosmini_R1B:block_0036,ilc_ota:record:ilc_rosmini:Antonio_Rosmini_R1B,,ilc_ota:sonnet:ilc_rosmini:Antonio_Rosmini_R1B:block_0036,ilc_ota,Versione elettronica di testi relativi al periodo 800 - 900 Scritti vari di metodo e pedagogia,Antonio Rosmini,55770,56714,14,fa35888cd6dde667dd13cb80de057758e5297a96c2648d4b24485c24954a6696,944,bbb492af769ecced6ab563015416423cebafeb6bede2ca09c0cd6ef8c0084c0c,raw 14-line blank-separated block; full-length sonnet layout failed,checkpoint-6D standard-Italian unit gate,,hold_14_line_block_insufficient_sonnet_or_attribution_evidence,conditioned_or_inactive_hold,inactive_hold
route:ilc_ota:sonnet:ilc_rosmini:Antonio_Rosmini_R1B:block_0049,ilc_ota:record:ilc_rosmini:Antonio_Rosmini_R1B,,ilc_ota:sonnet:ilc_rosmini:Antonio_Rosmini_R1B:block_0049,ilc_ota,Versione elettronica di testi relativi al periodo 800 - 900 Scritti vari di metodo e pedagogia,Antonio Rosmini,79780,80705,14,fa35888cd6dde667dd13cb80de057758e5297a96c2648d4b24485c24954a6696,925,33dae0e39e788497da55e9557cbd436ed3f78b22da2bc637ca823284d70e4cd1,raw 14-line blank-separated block; full-length sonnet layout failed,checkpoint-6D standard-Italian unit gate,,hold_14_line_block_insufficient_sonnet_or_attribution_evidence,conditioned_or_inactive_hold,inactive_hold
route:ilc_ota:sonnet:ilc_rosmini:Antonio_Rosmini_R1B:block_0244,ilc_ota:record:ilc_rosmini:Antonio_Rosmini_R1B,,ilc_ota:sonnet:ilc_rosmini:Antonio_Rosmini_R1B:block_0244,ilc_ota,Versione elettronica di testi relativi al periodo 800 - 900 Scritti vari di metodo e pedagogia,Antonio Rosmini,386061,387041,14,fa35888cd6dde667dd13cb80de057758e5297a96c2648d4b24485c24954a6696,980,551c3bdb30c30729ad127fd9156b4f490b88d068c787b6bff3e291d6515ce282,raw 14-line blank-separated block; full-length sonnet layout failed,checkpoint-6D standard-Italian unit gate,,hold_14_line_block_insufficient_sonnet_or_attribution_evidence,conditioned_or_inactive_hold,inactive_hold
route:ilc_ota:sonnet:ilc_rosmini:Antonio_Rosmini_R1B:block_0299,ilc_ota:record:ilc_rosmini:Antonio_Rosmini_R1B,,ilc_ota:sonnet:ilc_rosmini:Antonio_Rosmini_R1B:block_0299,ilc_ota,Versione elettronica di testi relativi al periodo 800 - 900 Scritti vari di metodo e pedagogia,Antonio Rosmini,425355,426324,14,fa35888cd6dde667dd13cb80de057758e5297a96c2648d4b24485c24954a6696,969,6fb5499b83a7a4876c43130356e32b00aaf16832644bf3756c1ec30b9382c575,raw 14-line blank-separated block; full-length sonnet layout failed,checkpoint-6D standard-Italian unit gate,,hold_14_line_block_insufficient_sonnet_or_attribution_evidence,conditioned_or_inactive_hold,inactive_hold
route:ilc_ota:sonnet:ilc_rosmini:Antonio_Rosmini_R1B:block_0325,ilc_ota:record:ilc_rosmini:Antonio_Rosmini_R1B,,ilc_ota:sonnet:ilc_rosmini:Antonio_Rosmini_R1B:block_0325,ilc_ota,Versione elettronica di testi relativi al periodo 800 - 900 Scritti vari di metodo e pedagogia,Antonio Rosmini,449618,450549,14,fa35888cd6dde667dd13cb80de057758e5297a96c2648d4b24485c24954a6696,931,32c8cacfeaa0493f481e5e4704637e070e108d6fbbe0bc436119563b6b2e4180,raw 14-line blank-separated block; full-length sonnet layout failed,checkpoint-6D standard-Italian unit gate,,hold_14_line_block_insufficient_sonnet_or_attribution_evidence,conditioned_or_inactive_hold,inactive_hold
route:ilc_ota:sonnet:ilc_rosmini:Antonio_Rosmini_R1B:block_0342,ilc_ota:record:ilc_rosmini:Antonio_Rosmini_R1B,,ilc_ota:sonnet:ilc_rosmini:Antonio_Rosmini_R1B:block_0342,ilc_ota,Versione elettronica di testi relativi al periodo 800 - 900 Scritti vari di metodo e pedagogia,Antonio Rosmini,473227,474221,14,fa35888cd6dde667dd13cb80de057758e5297a96c2648d4b24485c24954a6696,994,951aaed65f8ed38b0d8e07057bade367fc275e1445e8d9abc1bdf4c2601adf78,raw 14-line blank-separated block; full-length sonnet layout failed,checkpoint-6D standard-Italian unit gate,,hold_14_line_block_insufficient_sonnet_or_attribution_evidence,conditioned_or_inactive_hold,inactive_hold
route:ilc_ota:sonnet:ilc_rosmini:Antonio_Rosmini_R1B:block_0349,ilc_ota:record:ilc_rosmini:Antonio_Rosmini_R1B,,ilc_ota:sonnet:ilc_rosmini:Antonio_Rosmini_R1B:block_0349,ilc_ota,Versione elettronica di testi relativi al periodo 800 - 900 Scritti vari di metodo e pedagogia,Antonio Rosmini,479384,480280,14,fa35888cd6dde667dd13cb80de057758e5297a96c2648d4b24485c24954a6696,896,d62a015ccec3346eca945524dfa1f3844a61b4c1ece1b36c8242156659ac8ffe,raw 14-line blank-separated block; full-length sonnet layout failed,checkpoint-6D standard-Italian unit gate,,hold_14_line_block_insufficient_sonnet_or_attribution_evidence,conditioned_or_inactive_hold,inactive_hold
route:ilc_ota:sonnet:ilc_rosmini:Antonio_Rosmini_R1B:block_0405,ilc_ota:record:ilc_rosmini:Antonio_Rosmini_R1B,,ilc_ota:sonnet:ilc_rosmini:Antonio_Rosmini_R1B:block_0405,ilc_ota,Versione elettronica di testi relativi al periodo 800 - 900 Scritti vari di metodo e pedagogia,Antonio Rosmini,542903,543827,14,fa35888cd6dde667dd13cb80de057758e5297a96c2648d4b24485c24954a6696,924,d342b257f7ecb7d8da999b10a4053a0160807e5ca6d07685d2667510fea69e3d,raw 14-line blank-separated block; full-length sonnet layout failed,checkpoint-6D standard-Italian unit gate,,hold_14_line_block_insufficient_sonnet_or_attribution_evidence,conditioned_or_inactive_hold,inactive_hold
route:ilc_ota:sonnet:ilc_rosmini:Antonio_Rosmini_R1B:block_0432,ilc_ota:record:ilc_rosmini:Antonio_Rosmini_R1B,,ilc_ota:sonnet:ilc_rosmini:Antonio_Rosmini_R1B:block_0432,ilc_ota,Versione elettronica di testi relativi al periodo 800 - 900 Scritti vari di metodo e pedagogia,Antonio Rosmini,563594,564551,14,fa35888cd6dde667dd13cb80de057758e5297a96c2648d4b24485c24954a6696,957,af5c28b36947bcd2619a417399b3fcb6cb3994a766a61fc58a5210c96f99c6cb,raw 14-line blank-separated block; full-length sonnet layout failed,checkpoint-6D standard-Italian unit gate,,hold_14_line_block_insufficient_sonnet_or_attribution_evidence,conditioned_or_inactive_hold,inactive_hold
route:ilc_ota:sonnet:ilc_rosmini:Antonio_Rosmini_R1B:block_0434,ilc_ota:record:ilc_rosmini:Antonio_Rosmini_R1B,,ilc_ota:sonnet:ilc_rosmini:Antonio_Rosmini_R1B:block_0434,ilc_ota,Versione elettronica di testi relativi al periodo 800 - 900 Scritti vari di metodo e pedagogia,Antonio Rosmini,566792,567660,14,fa35888cd6dde667dd13cb80de057758e5297a96c2648d4b24485c24954a6696,868,d53062d179ed6016c07d77779145b440e690f950f357e7a2417d05488a792142,raw 14-line blank-separated block; full-length sonnet layout failed,checkpoint-6D standard-Italian unit gate,,hold_14_line_block_insufficient_sonnet_or_attribution_evidence,conditioned_or_inactive_hold,inactive_hold
route:ilc_ota:sonnet:ilc_rosmini:Antonio_Rosmini_R1C:block_0045,ilc_ota:record:ilc_rosmini:Antonio_Rosmini_R1C,,ilc_ota:sonnet:ilc_rosmini:Antonio_Rosmini_R1C:block_0045,ilc_ota,Versione elettronica di testi relativi al periodo 800 - 900 Sull'idillio e sulla nuova lett. in Italia,Antonio Rosmini,60791,61669,14,d8c0a901b01c5955802566a34f0b9555f9ec91bc32436ee0f8e001e61f28c8f5,878,c0a5622c2968919f2dd02048abc63c6e6fae0357ffccbb4494146c4fff22b81a,raw 14-line blank-separated block; full-length sonnet layout failed,checkpoint-6D standard-Italian unit gate,,hold_14_line_block_insufficient_sonnet_or_attribution_evidence,conditioned_or_inactive_hold,inactive_hold
route:ilc_ota:sonnet:ilc_rosmini:Antonio_Rosmini_R1C:block_0062,ilc_ota:record:ilc_rosmini:Antonio_Rosmini_R1C,,ilc_ota:sonnet:ilc_rosmini:Antonio_Rosmini_R1C:block_0062,ilc_ota,Versione elettronica di testi relativi al periodo 800 - 900 Sull'idillio e sulla nuova lett. in Italia,Antonio Rosmini,89208,90107,14,d8c0a901b01c5955802566a34f0b9555f9ec91bc32436ee0f8e001e61f28c8f5,899,9b6eadd4e1dd872538b556d0ce8267cd0430e0dd31b45ebb3de838f58ab2b482,raw 14-line blank-separated block; full-length sonnet layout failed,checkpoint-6D standard-Italian unit gate,,hold_14_line_block_insufficient_sonnet_or_attribution_evidence,conditioned_or_inactive_hold,inactive_hold
route:ilc_ota:sonnet:ilc_rosmini:Antonio_Rosmini_R1C:block_0087,ilc_ota:record:ilc_rosmini:Antonio_Rosmini_R1C,,ilc_ota:sonnet:ilc_rosmini:Antonio_Rosmini_R1C:block_0087,ilc_ota,Versione elettronica di testi relativi al periodo 800 - 900 Sull'idillio e sulla nuova lett. in Italia,Antonio Rosmini,130688,131561,14,d8c0a901b01c5955802566a34f0b9555f9ec91bc32436ee0f8e001e61f28c8f5,873,e6e294e80185e171904661ff794fc25bc92077fb25c1323dbb838893e129424c,raw 14-line blank-separated block; full-length sonnet layout failed,checkpoint-6D standard-Italian unit gate,,hold_14_line_block_insufficient_sonnet_or_attribution_evidence,conditioned_or_inactive_hold,inactive_hold
route:ilc_ota:sonnet:ilc_rosmini:Antonio_Rosmini_R1C:block_0106,ilc_ota:record:ilc_rosmini:Antonio_Rosmini_R1C,,ilc_ota:sonnet:ilc_rosmini:Antonio_Rosmini_R1C:block_0106,ilc_ota,Versione elettronica di testi relativi al periodo 800 - 900 Sull'idillio e sulla nuova lett. in Italia,Antonio Rosmini,151285,152111,14,d8c0a901b01c5955802566a34f0b9555f9ec91bc32436ee0f8e001e61f28c8f5,826,2f9138730538c624cc14d989a7b8dc31732085c99ca957a812620a1810e9dbcf,raw 14-line blank-separated block; full-length sonnet layout failed,checkpoint-6D standard-Italian unit gate,,hold_14_line_block_insufficient_sonnet_or_attribution_evidence,conditioned_or_inactive_hold,inactive_hold
route:ilc_ota:sonnet:ilc_rosmini:Antonio_Rosmini_R1D:block_0065,ilc_ota:record:ilc_rosmini:Antonio_Rosmini_R1D,,ilc_ota:sonnet:ilc_rosmini:Antonio_Rosmini_R1D:block_0065,ilc_ota,Versione elettronica di testi relativi al periodo 800 - 900 Sulle categorie e la dialettica,Antonio Rosmini,61728,62635,14,d015e9e7130dd72cc802a392175b4681792384c865d0a207838445e2ee1cdd2f,907,4ef57166c5b072d0c12090c27557720004ecdfff3f355288da7885b98cf7875b,raw 14-line blank-separated block; full-length sonnet layout failed,checkpoint-6D standard-Italian unit gate,,hold_14_line_block_insufficient_sonnet_or_attribution_evidence,conditioned_or_inactive_hold,inactive_hold
route:ilc_ota:sonnet:ilc_rosmini:Antonio_Rosmini_R1D:block_0088,ilc_ota:record:ilc_rosmini:Antonio_Rosmini_R1D,,ilc_ota:sonnet:ilc_rosmini:Antonio_Rosmini_R1D:block_0088,ilc_ota,Versione elettronica di testi relativi al periodo 800 - 900 Sulle categorie e la dialettica,Antonio Rosmini,83756,84609,14,d015e9e7130dd72cc802a392175b4681792384c865d0a207838445e2ee1cdd2f,853,533bf80e0e779d3ed0655fc2e029e51a0d073dc044d93f5ed404416af1f3f4b4,raw 14-line blank-separated block; full-length sonnet layout failed,checkpoint-6D standard-Italian unit gate,,hold_14_line_block_insufficient_sonnet_or_attribution_evidence,conditioned_or_inactive_hold,inactive_hold
route:ilc_ota:sonnet:ilc_rosmini:Antonio_Rosmini_R1D:block_0117,ilc_ota:record:ilc_rosmini:Antonio_Rosmini_R1D,,ilc_ota:sonnet:ilc_rosmini:Antonio_Rosmini_R1D:block_0117,ilc_ota,Versione elettronica di testi relativi al periodo 800 - 900 Sulle categorie e la dialettica,Antonio Rosmini,116090,116958,14,d015e9e7130dd72cc802a392175b4681792384c865d0a207838445e2ee1cdd2f,868,5de139ead5056578d31f2f243be310e94afb22c5fd8e5d98910729fd23207147,raw 14-line blank-separated block; full-length sonnet layout failed,checkpoint-6D standard-Italian unit gate,,hold_14_line_block_insufficient_sonnet_or_attribution_evidence,conditioned_or_inactive_hold,inactive_hold
route:ilc_ota:sonnet:ilc_rosmini:Antonio_Rosmini_R1D:block_0159,ilc_ota:record:ilc_rosmini:Antonio_Rosmini_R1D,,ilc_ota:sonnet:ilc_rosmini:Antonio_Rosmini_R1D:block_0159,ilc_ota,Versione elettronica di testi relativi al periodo 800 - 900 Sulle categorie e la dialettica,Antonio Rosmini,143160,144055,14,d015e9e7130dd72cc802a392175b4681792384c865d0a207838445e2ee1cdd2f,895,b7b8fe07f86face7d0bdee3ca8edbb90699b91e21041b8d0274da6963c725e9b,raw 14-line blank-separated block; full-length sonnet layout failed,checkpoint-6D standard-Italian unit gate,,hold_14_line_block_insufficient_sonnet_or_attribution_evidence,conditioned_or_inactive_hold,inactive_hold
route:ilc_ota:sonnet:ilc_rosmini:Antonio_Rosmini_R1D:block_0161,ilc_ota:record:ilc_rosmini:Antonio_Rosmini_R1D,,ilc_ota:sonnet:ilc_rosmini:Antonio_Rosmini_R1D:block_0161,ilc_ota,Versione elettronica di testi relativi al periodo 800 - 900 Sulle categorie e la dialettica,Antonio Rosmini,144418,145268,14,d015e9e7130dd72cc802a392175b4681792384c865d0a207838445e2ee1cdd2f,850,2335093082a3a67efad8b7ee27c17ddae4d8bf78105dd4d84f108c3406eedf0d,raw 14-line blank-separated block; full-length sonnet layout failed,checkpoint-6D standard-Italian unit gate,,hold_14_line_block_insufficient_sonnet_or_attribution_evidence,conditioned_or_inactive_hold,inactive_hold
route:ilc_ota:sonnet:ilc_rosmini:Antonio_Rosmini_R1D:block_0173,ilc_ota:record:ilc_rosmini:Antonio_Rosmini_R1D,,ilc_ota:sonnet:ilc_rosmini:Antonio_Rosmini_R1D:block_0173,ilc_ota,Versione elettronica di testi relativi al periodo 800 - 900 Sulle categorie e la dialettica,Antonio Rosmini,153586,154439,14,d015e9e7130dd72cc802a392175b4681792384c865d0a207838445e2ee1cdd2f,853,fd06d975911afa7d7120fb014578df17e3b0fa3d344cfb4a64a388905d61ac93,raw 14-line blank-separated block; full-length sonnet layout failed,checkpoint-6D standard-Italian unit gate,,hold_14_line_block_insufficient_sonnet_or_attribution_evidence,conditioned_or_inactive_hold,inactive_hold
route:ilc_ota:sonnet:ilc_rosmini:Antonio_Rosmini_R1D:block_0175,ilc_ota:record:ilc_rosmini:Antonio_Rosmini_R1D,,ilc_ota:sonnet:ilc_rosmini:Antonio_Rosmini_R1D:block_0175,ilc_ota,Versione elettronica di testi relativi al periodo 800 - 900 Sulle categorie e la dialettica,Antonio Rosmini,154687,155434,14,d015e9e7130dd72cc802a392175b4681792384c865d0a207838445e2ee1cdd2f,747,f5b57a5dd4937373b53d210a915cdeee10bcb2ba342858b7882094b0fd6373c6,raw 14-line blank-separated block; full-length sonnet layout failed,checkpoint-6D standard-Italian unit gate,,hold_14_line_block_insufficient_sonnet_or_attribution_evidence,conditioned_or_inactive_hold,inactive_hold
route:ilc_ota:sonnet:ilc_rosmini:Antonio_Rosmini_R1D:block_0176,ilc_ota:record:ilc_rosmini:Antonio_Rosmini_R1D,,ilc_ota:sonnet:ilc_rosmini:Antonio_Rosmini_R1D:block_0176,ilc_ota,Versione elettronica di testi relativi al periodo 800 - 900 Sulle categorie e la dialettica,Antonio Rosmini,155435,156317,14,d015e9e7130dd72cc802a392175b4681792384c865d0a207838445e2ee1cdd2f,882,1c3c9877e9e94218aa6fe7d1c14daff2809dac28c63fa26bac197360f9e935db,raw 14-line blank-separated block; full-length sonnet layout failed,checkpoint-6D standard-Italian unit gate,,hold_14_line_block_insufficient_sonnet_or_attribution_evidence,conditioned_or_inactive_hold,inactive_hold
route:ilc_ota:sonnet:ilc_rosmini:Antonio_Rosmini_R1D:block_0179,ilc_ota:record:ilc_rosmini:Antonio_Rosmini_R1D,,ilc_ota:sonnet:ilc_rosmini:Antonio_Rosmini_R1D:block_0179,ilc_ota,Versione elettronica di testi relativi al periodo 800 - 900 Sulle categorie e la dialettica,Antonio Rosmini,158033,158948,14,d015e9e7130dd72cc802a392175b4681792384c865d0a207838445e2ee1cdd2f,915,ee9695bd8a823d4d622603b0906c4161c2e23c1c00b2844bcc921d86e73fa3da,raw 14-line blank-separated block; full-length sonnet layout failed,checkpoint-6D standard-Italian unit gate,,hold_14_line_block_insufficient_sonnet_or_attribution_evidence,conditioned_or_inactive_hold,inactive_hold
route:ilc_ota:sonnet:ilc_rosmini:Antonio_Rosmini_R1D:block_0254,ilc_ota:record:ilc_rosmini:Antonio_Rosmini_R1D,,ilc_ota:sonnet:ilc_rosmini:Antonio_Rosmini_R1D:block_0254,ilc_ota,Versione elettronica di testi relativi al periodo 800 - 900 Sulle categorie e la dialettica,Antonio Rosmini,251788,252603,14,d015e9e7130dd72cc802a392175b4681792384c865d0a207838445e2ee1cdd2f,815,d372abeca3673df6c81e10bc10bb0197db0d137aa42ddc1efffe3314600b2510,raw 14-line blank-separated block; full-length sonnet layout failed,checkpoint-6D standard-Italian unit gate,,hold_14_line_block_insufficient_sonnet_or_attribution_evidence,conditioned_or_inactive_hold,inactive_hold
route:ilc_ota:sonnet:ilc_rosmini:Antonio_Rosmini_R1D:block_0282,ilc_ota:record:ilc_rosmini:Antonio_Rosmini_R1D,,ilc_ota:sonnet:ilc_rosmini:Antonio_Rosmini_R1D:block_0282,ilc_ota,Versione elettronica di testi relativi al periodo 800 - 900 Sulle categorie e la dialettica,Antonio Rosmini,277149,277927,14,d015e9e7130dd72cc802a392175b4681792384c865d0a207838445e2ee1cdd2f,778,392894cab21bc8bf244beccd76f33cefbd4001152dc2800a2a9a75352b12ca54,raw 14-line blank-separated block; full-length sonnet layout failed,checkpoint-6D standard-Italian unit gate,,hold_14_line_block_insufficient_sonnet_or_attribution_evidence,conditioned_or_inactive_hold,inactive_hold
route:ilc_ota:sonnet:ilc_rosmini:Antonio_Rosmini_R1D:block_0283,ilc_ota:record:ilc_rosmini:Antonio_Rosmini_R1D,,ilc_ota:sonnet:ilc_rosmini:Antonio_Rosmini_R1D:block_0283,ilc_ota,Versione elettronica di testi relativi al periodo 800 - 900 Sulle categorie e la dialettica,Antonio Rosmini,277928,278827,14,d015e9e7130dd72cc802a392175b4681792384c865d0a207838445e2ee1cdd2f,899,f0534d419fbfddb76ccd0cc5b551e67602f3f4e84af54e58c629ca724d0281b7,raw 14-line blank-separated block; full-length sonnet layout failed,checkpoint-6D standard-Italian unit gate,,hold_14_line_block_insufficient_sonnet_or_attribution_evidence,conditioned_or_inactive_hold,inactive_hold
route:ilc_ota:sonnet:ilc_rosmini:Antonio_Rosmini_R1D:block_0315,ilc_ota:record:ilc_rosmini:Antonio_Rosmini_R1D,,ilc_ota:sonnet:ilc_rosmini:Antonio_Rosmini_R1D:block_0315,ilc_ota,Versione elettronica di testi relativi al periodo 800 - 900 Sulle categorie e la dialettica,Antonio Rosmini,318833,319670,14,d015e9e7130dd72cc802a392175b4681792384c865d0a207838445e2ee1cdd2f,837,5b3687c6e743277b2bb7bb6a361710c432c8973586568ee2d9b08e0d1b4035b5,raw 14-line blank-separated block; full-length sonnet layout failed,checkpoint-6D standard-Italian unit gate,,hold_14_line_block_insufficient_sonnet_or_attribution_evidence,conditioned_or_inactive_hold,inactive_hold
route:ilc_ota:sonnet:ilc_rosmini:Antonio_Rosmini_R1D:block_0359,ilc_ota:record:ilc_rosmini:Antonio_Rosmini_R1D,,ilc_ota:sonnet:ilc_rosmini:Antonio_Rosmini_R1D:block_0359,ilc_ota,Versione elettronica di testi relativi al periodo 800 - 900 Sulle categorie e la dialettica,Antonio Rosmini,369977,370801,14,d015e9e7130dd72cc802a392175b4681792384c865d0a207838445e2ee1cdd2f,824,86210b6652552fa573a885bc584352656b5938ce6ea5945e70090da0c1a76f36,raw 14-line blank-separated block; full-length sonnet layout failed,checkpoint-6D standard-Italian unit gate,,hold_14_line_block_insufficient_sonnet_or_attribution_evidence,conditioned_or_inactive_hold,inactive_hold
route:ilc_ota:sonnet:ilc_rosmini:Antonio_Rosmini_R1D:block_0392,ilc_ota:record:ilc_rosmini:Antonio_Rosmini_R1D,,ilc_ota:sonnet:ilc_rosmini:Antonio_Rosmini_R1D:block_0392,ilc_ota,Versione elettronica di testi relativi al periodo 800 - 900 Sulle categorie e la dialettica,Antonio Rosmini,410227,411052,14,d015e9e7130dd72cc802a392175b4681792384c865d0a207838445e2ee1cdd2f,825,d6460b407bcad45d69f5bfbcc1a30afd1336762f13bfb9eb1752cd4f73feddff,raw 14-line blank-separated block; full-length sonnet layout failed,checkpoint-6D standard-Italian unit gate,,hold_14_line_block_insufficient_sonnet_or_attribution_evidence,conditioned_or_inactive_hold,inactive_hold
route:ilc_ota:sonnet:ilc_rosmini:Antonio_Rosmini_R1E:block_0026,ilc_ota:record:ilc_rosmini:Antonio_Rosmini_R1E,,ilc_ota:sonnet:ilc_rosmini:Antonio_Rosmini_R1E:block_0026,ilc_ota,Versione elettronica di testi relativi al periodo 800 - 900 Teodicea,Antonio Rosmini,33843,34632,14,dd042263cd4b618977a699223b615421e93db7a47f7906f91a927e549295ea96,789,06bace784a375f60254f1116e0e56e25bfa09451715210445daaf361bdad14c9,raw 14-line blank-separated block; full-length sonnet layout failed,checkpoint-6D standard-Italian unit gate,,hold_14_line_block_insufficient_sonnet_or_attribution_evidence,conditioned_or_inactive_hold,inactive_hold
route:ilc_ota:sonnet:ilc_rosmini:Antonio_Rosmini_R1E:block_0039,ilc_ota:record:ilc_rosmini:Antonio_Rosmini_R1E,,ilc_ota:sonnet:ilc_rosmini:Antonio_Rosmini_R1E:block_0039,ilc_ota,Versione elettronica di testi relativi al periodo 800 - 900 Teodicea,Antonio Rosmini,50461,51306,14,dd042263cd4b618977a699223b615421e93db7a47f7906f91a927e549295ea96,845,f44fa747b2e7aa562cad209a184c241d215dd3307e0248481c0386a3f90cc05a,raw 14-line blank-separated block; full-length sonnet layout failed,checkpoint-6D standard-Italian unit gate,,hold_14_line_block_insufficient_sonnet_or_attribution_evidence,conditioned_or_inactive_hold,inactive_hold
route:ilc_ota:sonnet:ilc_rosmini:Antonio_Rosmini_R1E:block_0076,ilc_ota:record:ilc_rosmini:Antonio_Rosmini_R1E,,ilc_ota:sonnet:ilc_rosmini:Antonio_Rosmini_R1E:block_0076,ilc_ota,Versione elettronica di testi relativi al periodo 800 - 900 Teodicea,Antonio Rosmini,100811,101713,14,dd042263cd4b618977a699223b615421e93db7a47f7906f91a927e549295ea96,902,8d06f2d2ed456d12c9d3343c6ff5ddb277cdb7f2658ab8000f9e338a881df4ce,raw 14-line blank-separated block; full-length sonnet layout failed,checkpoint-6D standard-Italian unit gate,,hold_14_line_block_insufficient_sonnet_or_attribution_evidence,conditioned_or_inactive_hold,inactive_hold
route:ilc_ota:sonnet:ilc_rosmini:Antonio_Rosmini_R1E:block_0184,ilc_ota:record:ilc_rosmini:Antonio_Rosmini_R1E,,ilc_ota:sonnet:ilc_rosmini:Antonio_Rosmini_R1E:block_0184,ilc_ota,Versione elettronica di testi relativi al periodo 800 - 900 Teodicea,Antonio Rosmini,247877,248760,14,dd042263cd4b618977a699223b615421e93db7a47f7906f91a927e549295ea96,883,2cc09024fd5104c46684f907b5ba52a3f57f0c7d8ec044322c3d64d7ec2746f5,raw 14-line blank-separated block; full-length sonnet layout failed,checkpoint-6D standard-Italian unit gate,,hold_14_line_block_insufficient_sonnet_or_attribution_evidence,conditioned_or_inactive_hold,inactive_hold
route:ilc_ota:sonnet:ilc_rosmini:Antonio_Rosmini_R1E:block_0188,ilc_ota:record:ilc_rosmini:Antonio_Rosmini_R1E,,ilc_ota:sonnet:ilc_rosmini:Antonio_Rosmini_R1E:block_0188,ilc_ota,Versione elettronica di testi relativi al periodo 800 - 900 Teodicea,Antonio Rosmini,253230,254068,14,dd042263cd4b618977a699223b615421e93db7a47f7906f91a927e549295ea96,838,f1e359b4b465d2a36fdf7d4068d2f874548eb3a54d83452f56b40b34f68e80c2,raw 14-line blank-separated block; full-length sonnet layout failed,checkpoint-6D standard-Italian unit gate,,hold_14_line_block_insufficient_sonnet_or_attribution_evidence,conditioned_or_inactive_hold,inactive_hold
route:ilc_ota:sonnet:ilc_rosmini:Antonio_Rosmini_R1E:block_0285,ilc_ota:record:ilc_rosmini:Antonio_Rosmini_R1E,,ilc_ota:sonnet:ilc_rosmini:Antonio_Rosmini_R1E:block_0285,ilc_ota,Versione elettronica di testi relativi al periodo 800 - 900 Teodicea,Antonio Rosmini,409543,410338,14,dd042263cd4b618977a699223b615421e93db7a47f7906f91a927e549295ea96,795,25b2cdfc679b8948d89d0e178f1f0353a266f51f7944a098212ebcd31ab5cb13,raw 14-line blank-separated block; full-length sonnet layout failed,checkpoint-6D standard-Italian unit gate,,hold_14_line_block_insufficient_sonnet_or_attribution_evidence,conditioned_or_inactive_hold,inactive_hold
route:ilc_ota:sonnet:ilc_rosmini:Antonio_Rosmini_R1E:block_0354,ilc_ota:record:ilc_rosmini:Antonio_Rosmini_R1E,,ilc_ota:sonnet:ilc_rosmini:Antonio_Rosmini_R1E:block_0354,ilc_ota,Versione elettronica di testi relativi al periodo 800 - 900 Teodicea,Antonio Rosmini,514718,515548,14,dd042263cd4b618977a699223b615421e93db7a47f7906f91a927e549295ea96,830,c4a5de67565242eceb6987cc89870038145d70bb56b27a43b54c487039f86671,raw 14-line blank-separated block; full-length sonnet layout failed,checkpoint-6D standard-Italian unit gate,,hold_14_line_block_insufficient_sonnet_or_attribution_evidence,conditioned_or_inactive_hold,inactive_hold
route:ilc_ota:sonnet:ilc_rosmini:Antonio_Rosmini_R1E:block_0370,ilc_ota:record:ilc_rosmini:Antonio_Rosmini_R1E,,ilc_ota:sonnet:ilc_rosmini:Antonio_Rosmini_R1E:block_0370,ilc_ota,Versione elettronica di testi relativi al periodo 800 - 900 Teodicea,Antonio Rosmini,541581,542387,14,dd042263cd4b618977a699223b615421e93db7a47f7906f91a927e549295ea96,806,1e52d381f2d6e5fa0a1cfbb6bfcb00ce873bbfd96b6836147a9f16e58621028b,raw 14-line blank-separated block; full-length sonnet layout failed,checkpoint-6D standard-Italian unit gate,,hold_14_line_block_insufficient_sonnet_or_attribution_evidence,conditioned_or_inactive_hold,inactive_hold
route:ilc_ota:sonnet:ilc_rosmini:Antonio_Rosmini_R1E:block_0519,ilc_ota:record:ilc_rosmini:Antonio_Rosmini_R1E,,ilc_ota:sonnet:ilc_rosmini:Antonio_Rosmini_R1E:block_0519,ilc_ota,Versione elettronica di testi relativi al periodo 800 - 900 Teodicea,Antonio Rosmini,745247,746006,14,dd042263cd4b618977a699223b615421e93db7a47f7906f91a927e549295ea96,759,cce7ddabffda8ba2700c3de45b22b7770128485adb9317ac19a8bc3d3548eb89,raw 14-line blank-separated block; full-length sonnet layout failed,checkpoint-6D standard-Italian unit gate,,hold_14_line_block_insufficient_sonnet_or_attribution_evidence,conditioned_or_inactive_hold,inactive_hold
route:ilc_ota:sonnet:ilc_rosmini:Antonio_Rosmini_R1E:block_0533,ilc_ota:record:ilc_rosmini:Antonio_Rosmini_R1E,,ilc_ota:sonnet:ilc_rosmini:Antonio_Rosmini_R1E:block_0533,ilc_ota,Versione elettronica di testi relativi al periodo 800 - 900 Teodicea,Antonio Rosmini,765112,766042,14,dd042263cd4b618977a699223b615421e93db7a47f7906f91a927e549295ea96,928,7b516101c6084d64e80bfbf46ed1360d49f1b72a31766b5e0e17865328310313,raw 14-line blank-separated block; full-length sonnet layout failed,checkpoint-6D standard-Italian unit gate,,hold_14_line_block_insufficient_sonnet_or_attribution_evidence,conditioned_or_inactive_hold,inactive_hold
route:ilc_ota:sonnet:ilc_rosmini:Antonio_Rosmini_R1E:block_0535,ilc_ota:record:ilc_rosmini:Antonio_Rosmini_R1E,,ilc_ota:sonnet:ilc_rosmini:Antonio_Rosmini_R1E:block_0535,ilc_ota,Versione elettronica di testi relativi al periodo 800 - 900 Teodicea,Antonio Rosmini,766839,767667,14,dd042263cd4b618977a699223b615421e93db7a47f7906f91a927e549295ea96,828,9642da311c41ef0fdd216dd6d1dbf0c60582a1534c83e21af035c26e2f58a8f9,raw 14-line blank-separated block; full-length sonnet layout failed,checkpoint-6D standard-Italian unit gate,,hold_14_line_block_insufficient_sonnet_or_attribution_evidence,conditioned_or_inactive_hold,inactive_hold
route:ilc_ota:sonnet:ilc_rosmini:Antonio_Rosmini_R1E:block_0589,ilc_ota:record:ilc_rosmini:Antonio_Rosmini_R1E,,ilc_ota:sonnet:ilc_rosmini:Antonio_Rosmini_R1E:block_0589,ilc_ota,Versione elettronica di testi relativi al periodo 800 - 900 Teodicea,Antonio Rosmini,844512,845380,14,dd042263cd4b618977a699223b615421e93db7a47f7906f91a927e549295ea96,868,d774d3834d422f39b1da956d3eb3c86b1efc97577e4d602c862628bb05973b6c,raw 14-line blank-separated block; full-length sonnet layout failed,checkpoint-6D standard-Italian unit gate,,hold_14_line_block_insufficient_sonnet_or_attribution_evidence,conditioned_or_inactive_hold,inactive_hold
route:ilc_ota:sonnet:ilc_rosmini:Antonio_Rosmini_R1E:block_0599,ilc_ota:record:ilc_rosmini:Antonio_Rosmini_R1E,,ilc_ota:sonnet:ilc_rosmini:Antonio_Rosmini_R1E:block_0599,ilc_ota,Versione elettronica di testi relativi al periodo 800 - 900 Teodicea,Antonio Rosmini,860398,861270,14,dd042263cd4b618977a699223b615421e93db7a47f7906f91a927e549295ea96,872,1579bac3fe602872b5dc2dde9eb9782f5039e549404f034f33e2406badb2b672,raw 14-line blank-separated block; full-length sonnet layout failed,checkpoint-6D standard-Italian unit gate,,hold_14_line_block_insufficient_sonnet_or_attribution_evidence,conditioned_or_inactive_hold,inactive_hold
route:ilc_ota:sonnet:ilc_rosmini:Antonio_Rosmini_R1E:block_0631,ilc_ota:record:ilc_rosmini:Antonio_Rosmini_R1E,,ilc_ota:sonnet:ilc_rosmini:Antonio_Rosmini_R1E:block_0631,ilc_ota,Versione elettronica di testi relativi al periodo 800 - 900 Teodicea,Antonio Rosmini,899741,900534,14,dd042263cd4b618977a699223b615421e93db7a47f7906f91a927e549295ea96,793,cf05d70b692ab0305174a583a86b9fa5e1413114a21ba044b9a53a10b8594b83,raw 14-line blank-separated block; full-length sonnet layout failed,checkpoint-6D standard-Italian unit gate,,hold_14_line_block_insufficient_sonnet_or_attribution_evidence,conditioned_or_inactive_hold,inactive_hold
route:ilc_ota:sonnet:ilc_rosmini:Antonio_Rosmini_R1E:block_0648,ilc_ota:record:ilc_rosmini:Antonio_Rosmini_R1E,,ilc_ota:sonnet:ilc_rosmini:Antonio_Rosmini_R1E:block_0648,ilc_ota,Versione elettronica di testi relativi al periodo 800 - 900 Teodicea,Antonio Rosmini,928690,929526,14,dd042263cd4b618977a699223b615421e93db7a47f7906f91a927e549295ea96,836,6a0fe5d45046fbb987d9b77df243efd376f5e7ca389ac9b27e557b64e4f2366c,raw 14-line blank-separated block; full-length sonnet layout failed,checkpoint-6D standard-Italian unit gate,,hold_14_line_block_insufficient_sonnet_or_attribution_evidence,conditioned_or_inactive_hold,inactive_hold
route:ilc_ota:sonnet:ilc_rosmini:Antonio_Rosmini_R1E:block_0654,ilc_ota:record:ilc_rosmini:Antonio_Rosmini_R1E,,ilc_ota:sonnet:ilc_rosmini:Antonio_Rosmini_R1E:block_0654,ilc_ota,Versione elettronica di testi relativi al periodo 800 - 900 Teodicea,Antonio Rosmini,933259,934118,14,dd042263cd4b618977a699223b615421e93db7a47f7906f91a927e549295ea96,859,64376ddfabdf1c8821b0aa72c3b87177bd811d6a1c286de37d0c100b5d7f0907,raw 14-line blank-separated block; full-length sonnet layout failed,checkpoint-6D standard-Italian unit gate,,hold_14_line_block_insufficient_sonnet_or_attribution_evidence,conditioned_or_inactive_hold,inactive_hold
route:ilc_ota:sonnet:ilc_rosmini:Antonio_Rosmini_R1E:block_0708,ilc_ota:record:ilc_rosmini:Antonio_Rosmini_R1E,,ilc_ota:sonnet:ilc_rosmini:Antonio_Rosmini_R1E:block_0708,ilc_ota,Versione elettronica di testi relativi al periodo 800 - 900 Teodicea,Antonio Rosmini,995171,995907,14,dd042263cd4b618977a699223b615421e93db7a47f7906f91a927e549295ea96,736,96e2da74db92d4ccdb65e518829da9511d9ef6868ddb74be00e6645141b1b357,raw 14-line blank-separated block; full-length sonnet layout failed,checkpoint-6D standard-Italian unit gate,,hold_14_line_block_insufficient_sonnet_or_attribution_evidence,conditioned_or_inactive_hold,inactive_hold
route:ilc_ota:sonnet:ilc_rosmini:Antonio_Rosmini_R1E:block_0747,ilc_ota:record:ilc_rosmini:Antonio_Rosmini_R1E,,ilc_ota:sonnet:ilc_rosmini:Antonio_Rosmini_R1E:block_0747,ilc_ota,Versione elettronica di testi relativi al periodo 800 - 900 Teodicea,Antonio Rosmini,1046304,1047133,14,dd042263cd4b618977a699223b615421e93db7a47f7906f91a927e549295ea96,829,8ed1b0df2142c495bc48de3f4343ef23505ba3e1b8900bdedc5872bb31101825,raw 14-line blank-separated block; full-length sonnet layout failed,checkpoint-6D standard-Italian unit gate,,hold_14_line_block_insufficient_sonnet_or_attribution_evidence,conditioned_or_inactive_hold,inactive_hold
route:ilc_ota:sonnet:ilc_rosmini:Antonio_Rosmini_R1E:block_0798,ilc_ota:record:ilc_rosmini:Antonio_Rosmini_R1E,,ilc_ota:sonnet:ilc_rosmini:Antonio_Rosmini_R1E:block_0798,ilc_ota,Versione elettronica di testi relativi al periodo 800 - 900 Teodicea,Antonio Rosmini,1099784,1100597,14,dd042263cd4b618977a699223b615421e93db7a47f7906f91a927e549295ea96,813,df0e38f26055e903b5e6643f8a8c7975713a9a6fc2a32e0a0e08ce60a59ad472,raw 14-line blank-separated block; full-length sonnet layout failed,checkpoint-6D standard-Italian unit gate,,hold_14_line_block_insufficient_sonnet_or_attribution_evidence,conditioned_or_inactive_hold,inactive_hold
route:ilc_ota:sonnet:ilc_rosmini:Antonio_Rosmini_R1F:block_0077,ilc_ota:record:ilc_rosmini:Antonio_Rosmini_R1F,,ilc_ota:sonnet:ilc_rosmini:Antonio_Rosmini_R1F:block_0077,ilc_ota,Versione elettronica di testi relativi al periodo 800 - 900 Teosofia Vol.I,Antonio Rosmini,87726,88676,14,285a25e002db34de989d238310910a5441f64611a83ee344edf59d62b7d3df15,950,c8dc4f728c85be725782c1d871cf96d2f0c5402a4134be7b4e36efc8046c2c2a,raw 14-line blank-separated block; full-length sonnet layout failed,checkpoint-6D standard-Italian unit gate,,hold_14_line_block_insufficient_sonnet_or_attribution_evidence,conditioned_or_inactive_hold,inactive_hold
route:ilc_ota:sonnet:ilc_rosmini:Antonio_Rosmini_R1F:block_0079,ilc_ota:record:ilc_rosmini:Antonio_Rosmini_R1F,,ilc_ota:sonnet:ilc_rosmini:Antonio_Rosmini_R1F:block_0079,ilc_ota,Versione elettronica di testi relativi al periodo 800 - 900 Teosofia Vol.I,Antonio Rosmini,89114,90090,14,285a25e002db34de989d238310910a5441f64611a83ee344edf59d62b7d3df15,976,7459936b3a9ba516a3db517763a79b13eb629c364816add58d2e43b0dc6da012,raw 14-line blank-separated block; full-length sonnet layout failed,checkpoint-6D standard-Italian unit gate,,hold_14_line_block_insufficient_sonnet_or_attribution_evidence,conditioned_or_inactive_hold,inactive_hold
route:ilc_ota:sonnet:ilc_rosmini:Antonio_Rosmini_R1F:block_0118,ilc_ota:record:ilc_rosmini:Antonio_Rosmini_R1F,,ilc_ota:sonnet:ilc_rosmini:Antonio_Rosmini_R1F:block_0118,ilc_ota,Versione elettronica di testi relativi al periodo 800 - 900 Teosofia Vol.I,Antonio Rosmini,146704,147637,14,285a25e002db34de989d238310910a5441f64611a83ee344edf59d62b7d3df15,933,2daa5a14be52d0ebc044d1eb5622382d9fac90c0c3ce6800a57637b999ec9f09,raw 14-line blank-separated block; full-length sonnet layout failed,checkpoint-6D standard-Italian unit gate,,hold_14_line_block_insufficient_sonnet_or_attribution_evidence,conditioned_or_inactive_hold,inactive_hold
route:ilc_ota:sonnet:ilc_rosmini:Antonio_Rosmini_R1F:block_0177,ilc_ota:record:ilc_rosmini:Antonio_Rosmini_R1F,,ilc_ota:sonnet:ilc_rosmini:Antonio_Rosmini_R1F:block_0177,ilc_ota,Versione elettronica di testi relativi al periodo 800 - 900 Teosofia Vol.I,Antonio Rosmini,226505,227482,14,285a25e002db34de989d238310910a5441f64611a83ee344edf59d62b7d3df15,977,d6f724f89bd3a6cbd83f9047d5fdc7b2dad78926f969f892da0576bad115f7d0,raw 14-line blank-separated block; full-length sonnet layout failed,checkpoint-6D standard-Italian unit gate,,hold_14_line_block_insufficient_sonnet_or_attribution_evidence,conditioned_or_inactive_hold,inactive_hold
route:ilc_ota:sonnet:ilc_rosmini:Antonio_Rosmini_R1F:block_0201,ilc_ota:record:ilc_rosmini:Antonio_Rosmini_R1F,,ilc_ota:sonnet:ilc_rosmini:Antonio_Rosmini_R1F:block_0201,ilc_ota,Versione elettronica di testi relativi al periodo 800 - 900 Teosofia Vol.I,Antonio Rosmini,252565,253601,14,285a25e002db34de989d238310910a5441f64611a83ee344edf59d62b7d3df15,1036,eb13286befba5fcc0855d9be66d3cbf5b6d97f4cf84aa1bcd7ce02b25feb5a7c,raw 14-line blank-separated block; full-length sonnet layout failed,checkpoint-6D standard-Italian unit gate,,hold_14_line_block_insufficient_sonnet_or_attribution_evidence,conditioned_or_inactive_hold,inactive_hold
route:ilc_ota:sonnet:ilc_rosmini:Antonio_Rosmini_R1F:block_0235,ilc_ota:record:ilc_rosmini:Antonio_Rosmini_R1F,,ilc_ota:sonnet:ilc_rosmini:Antonio_Rosmini_R1F:block_0235,ilc_ota,Versione elettronica di testi relativi al periodo 800 - 900 Teosofia Vol.I,Antonio Rosmini,286922,287901,14,285a25e002db34de989d238310910a5441f64611a83ee344edf59d62b7d3df15,979,edaa7789bd49c15e61c55fb5518fbd5b4d5fa85880e5d92de206cab9751d67e0,raw 14-line blank-separated block; full-length sonnet layout failed,checkpoint-6D standard-Italian unit gate,,hold_14_line_block_insufficient_sonnet_or_attribution_evidence,conditioned_or_inactive_hold,inactive_hold
route:ilc_ota:sonnet:ilc_rosmini:Antonio_Rosmini_R1F:block_0286,ilc_ota:record:ilc_rosmini:Antonio_Rosmini_R1F,,ilc_ota:sonnet:ilc_rosmini:Antonio_Rosmini_R1F:block_0286,ilc_ota,Versione elettronica di testi relativi al periodo 800 - 900 Teosofia Vol.I,Antonio Rosmini,371457,372463,14,285a25e002db34de989d238310910a5441f64611a83ee344edf59d62b7d3df15,1006,57f5e9603869bd6026de6e5d0dc6ec5036b31d2ad37ad3f4e5d7894b5539ec0d,raw 14-line blank-separated block; full-length sonnet layout failed,checkpoint-6D standard-Italian unit gate,,hold_14_line_block_insufficient_sonnet_or_attribution_evidence,conditioned_or_inactive_hold,inactive_hold
route:ilc_ota:sonnet:ilc_rosmini:Antonio_Rosmini_R1F:block_0288,ilc_ota:record:ilc_rosmini:Antonio_Rosmini_R1F,,ilc_ota:sonnet:ilc_rosmini:Antonio_Rosmini_R1F:block_0288,ilc_ota,Versione elettronica di testi relativi al periodo 800 - 900 Teosofia Vol.I,Antonio Rosmini,373833,374738,14,285a25e002db34de989d238310910a5441f64611a83ee344edf59d62b7d3df15,905,431cf017a0d2a7a853513767ba5d2f5c5c491f5d0e0306b4582d571e8fdc1aba,raw 14-line blank-separated block; full-length sonnet layout failed,checkpoint-6D standard-Italian unit gate,,hold_14_line_block_insufficient_sonnet_or_attribution_evidence,conditioned_or_inactive_hold,inactive_hold
route:ilc_ota:sonnet:ilc_rosmini:Antonio_Rosmini_R1F:block_0339,ilc_ota:record:ilc_rosmini:Antonio_Rosmini_R1F,,ilc_ota:sonnet:ilc_rosmini:Antonio_Rosmini_R1F:block_0339,ilc_ota,Versione elettronica di testi relativi al periodo 800 - 900 Teosofia Vol.I,Antonio Rosmini,441087,442122,14,285a25e002db34de989d238310910a5441f64611a83ee344edf59d62b7d3df15,1035,a3a612927b5438d36bbe108d15466076365e99b381400cfbf80db9690c6c8936,raw 14-line blank-separated block; full-length sonnet layout failed,checkpoint-6D standard-Italian unit gate,,hold_14_line_block_insufficient_sonnet_or_attribution_evidence,conditioned_or_inactive_hold,inactive_hold
route:ilc_ota:sonnet:ilc_rosmini:Antonio_Rosmini_R1F:block_0413,ilc_ota:record:ilc_rosmini:Antonio_Rosmini_R1F,,ilc_ota:sonnet:ilc_rosmini:Antonio_Rosmini_R1F:block_0413,ilc_ota,Versione elettronica di testi relativi al periodo 800 - 900 Teosofia Vol.I,Antonio Rosmini,539431,540351,14,285a25e002db34de989d238310910a5441f64611a83ee344edf59d62b7d3df15,920,1bba11200f4526b9424096ce8c0c11d62eab7a122219f60d1e058b7575f7904b,raw 14-line blank-separated block; full-length sonnet layout failed,checkpoint-6D standard-Italian unit gate,,hold_14_line_block_insufficient_sonnet_or_attribution_evidence,conditioned_or_inactive_hold,inactive_hold
route:ilc_ota:sonnet:ilc_rosmini:Antonio_Rosmini_R1F:block_0495,ilc_ota:record:ilc_rosmini:Antonio_Rosmini_R1F,,ilc_ota:sonnet:ilc_rosmini:Antonio_Rosmini_R1F:block_0495,ilc_ota,Versione elettronica di testi relativi al periodo 800 - 900 Teosofia Vol.I,Antonio Rosmini,636948,637930,14,285a25e002db34de989d238310910a5441f64611a83ee344edf59d62b7d3df15,982,8daacc7c12e78bd1f7bfb64c68266bc00be62c39a1b0636773617136e4e09030,raw 14-line blank-separated block; full-length sonnet layout failed,checkpoint-6D standard-Italian unit gate,,hold_14_line_block_insufficient_sonnet_or_attribution_evidence,conditioned_or_inactive_hold,inactive_hold
route:ilc_ota:sonnet:ilc_rosmini:Antonio_Rosmini_R1F:block_0503,ilc_ota:record:ilc_rosmini:Antonio_Rosmini_R1F,,ilc_ota:sonnet:ilc_rosmini:Antonio_Rosmini_R1F:block_0503,ilc_ota,Versione elettronica di testi relativi al periodo 800 - 900 Teosofia Vol.I,Antonio Rosmini,649234,650194,14,285a25e002db34de989d238310910a5441f64611a83ee344edf59d62b7d3df15,960,dddb907857d48dc667214ddd439565b11b5a9ef76ad416d8531f0eb55dd95894,raw 14-line blank-separated block; full-length sonnet layout failed,checkpoint-6D standard-Italian unit gate,,hold_14_line_block_insufficient_sonnet_or_attribution_evidence,conditioned_or_inactive_hold,inactive_hold
route:ilc_ota:sonnet:ilc_rosmini:Antonio_Rosmini_R1F:block_0620,ilc_ota:record:ilc_rosmini:Antonio_Rosmini_R1F,,ilc_ota:sonnet:ilc_rosmini:Antonio_Rosmini_R1F:block_0620,ilc_ota,Versione elettronica di testi relativi al periodo 800 - 900 Teosofia Vol.I,Antonio Rosmini,796832,797889,14,285a25e002db34de989d238310910a5441f64611a83ee344edf59d62b7d3df15,1057,d9c0df48f31268d4dceb5f4a39c13d6b697674e744f02d686460a2637d497f99,raw 14-line blank-separated block; full-length sonnet layout failed,checkpoint-6D standard-Italian unit gate,,hold_14_line_block_insufficient_sonnet_or_attribution_evidence,conditioned_or_inactive_hold,inactive_hold
route:ilc_ota:sonnet:ilc_rosmini:Antonio_Rosmini_R1F:block_0624,ilc_ota:record:ilc_rosmini:Antonio_Rosmini_R1F,,ilc_ota:sonnet:ilc_rosmini:Antonio_Rosmini_R1F:block_0624,ilc_ota,Versione elettronica di testi relativi al periodo 800 - 900 Teosofia Vol.I,Antonio Rosmini,799514,800495,14,285a25e002db34de989d238310910a5441f64611a83ee344edf59d62b7d3df15,981,c38ba93704c74eaa95e1128a0195dc72a6a5ec3748fd74b19b041edc1a8e5ff6,raw 14-line blank-separated block; full-length sonnet layout failed,checkpoint-6D standard-Italian unit gate,,hold_14_line_block_insufficient_sonnet_or_attribution_evidence,conditioned_or_inactive_hold,inactive_hold
route:ilc_ota:sonnet:ilc_rosmini:Antonio_Rosmini_R1F:block_0694,ilc_ota:record:ilc_rosmini:Antonio_Rosmini_R1F,,ilc_ota:sonnet:ilc_rosmini:Antonio_Rosmini_R1F:block_0694,ilc_ota,Versione elettronica di testi relativi al periodo 800 - 900 Teosofia Vol.I,Antonio Rosmini,906909,907931,14,285a25e002db34de989d238310910a5441f64611a83ee344edf59d62b7d3df15,1022,b50de6f0decc61567f9258de31654f4efdc52b1f1f27632bde9ffba23486f141,raw 14-line blank-separated block; full-length sonnet layout failed,checkpoint-6D standard-Italian unit gate,,hold_14_line_block_insufficient_sonnet_or_attribution_evidence,conditioned_or_inactive_hold,inactive_hold
route:ilc_ota:sonnet:ilc_rosmini:Antonio_Rosmini_R1F:block_0707,ilc_ota:record:ilc_rosmini:Antonio_Rosmini_R1F,,ilc_ota:sonnet:ilc_rosmini:Antonio_Rosmini_R1F:block_0707,ilc_ota,Versione elettronica di testi relativi al periodo 800 - 900 Teosofia Vol.I,Antonio Rosmini,926485,927557,14,285a25e002db34de989d238310910a5441f64611a83ee344edf59d62b7d3df15,1072,64e7f6cc710eea19d14c7c68d1608ec0e96e6b86e34ed04215101436e1cf395e,raw 14-line blank-separated block; full-length sonnet layout failed,checkpoint-6D standard-Italian unit gate,,hold_14_line_block_insufficient_sonnet_or_attribution_evidence,conditioned_or_inactive_hold,inactive_hold
route:ilc_ota:sonnet:ilc_rosmini:Antonio_Rosmini_R1F:block_0714,ilc_ota:record:ilc_rosmini:Antonio_Rosmini_R1F,,ilc_ota:sonnet:ilc_rosmini:Antonio_Rosmini_R1F:block_0714,ilc_ota,Versione elettronica di testi relativi al periodo 800 - 900 Teosofia Vol.I,Antonio Rosmini,938554,939557,14,285a25e002db34de989d238310910a5441f64611a83ee344edf59d62b7d3df15,1003,f414e63c21cef162691ce94cde29d3735f29f4779591fd66b446eba28ef4a966,raw 14-line blank-separated block; full-length sonnet layout failed,checkpoint-6D standard-Italian unit gate,,hold_14_line_block_insufficient_sonnet_or_attribution_evidence,conditioned_or_inactive_hold,inactive_hold
route:ilc_ota:sonnet:ilc_rosmini:Antonio_Rosmini_R1F:block_0727,ilc_ota:record:ilc_rosmini:Antonio_Rosmini_R1F,,ilc_ota:sonnet:ilc_rosmini:Antonio_Rosmini_R1F:block_0727,ilc_ota,Versione elettronica di testi relativi al periodo 800 - 900 Teosofia Vol.I,Antonio Rosmini,966504,967487,14,285a25e002db34de989d238310910a5441f64611a83ee344edf59d62b7d3df15,983,3d0e2146add52704d797fef841d79224c5a37c0409cf3b45b826c466b1bc2a2a,raw 14-line blank-separated block; full-length sonnet layout failed,checkpoint-6D standard-Italian unit gate,,hold_14_line_block_insufficient_sonnet_or_attribution_evidence,conditioned_or_inactive_hold,inactive_hold
route:ilc_ota:sonnet:ilc_rosmini:Antonio_Rosmini_R1G:block_0050,ilc_ota:record:ilc_rosmini:Antonio_Rosmini_R1G,,ilc_ota:sonnet:ilc_rosmini:Antonio_Rosmini_R1G:block_0050,ilc_ota,Versione elettronica di testi relativi al periodo 800 - 900 Teosofia Vol.II,Antonio Rosmini,67953,68938,14,b96508c51b7d1db035104131b2d0d86c6397ae27f447de0273059c05a8f819aa,985,3a3c91dd2998a9ec9a82d42119e7d72b982a56878c990154a1a1e4bef7059225,raw 14-line blank-separated block; full-length sonnet layout failed,checkpoint-6D standard-Italian unit gate,,hold_14_line_block_insufficient_sonnet_or_attribution_evidence,conditioned_or_inactive_hold,inactive_hold
route:ilc_ota:sonnet:ilc_rosmini:Antonio_Rosmini_R1G:block_0073,ilc_ota:record:ilc_rosmini:Antonio_Rosmini_R1G,,ilc_ota:sonnet:ilc_rosmini:Antonio_Rosmini_R1G:block_0073,ilc_ota,Versione elettronica di testi relativi al periodo 800 - 900 Teosofia Vol.II,Antonio Rosmini,106564,107484,14,b96508c51b7d1db035104131b2d0d86c6397ae27f447de0273059c05a8f819aa,920,87702818e904bef23c42e21725af829b74bafcca87efaceed93db8a64351cf7e,raw 14-line blank-separated block; full-length sonnet layout failed,checkpoint-6D standard-Italian unit gate,,hold_14_line_block_insufficient_sonnet_or_attribution_evidence,conditioned_or_inactive_hold,inactive_hold
route:ilc_ota:sonnet:ilc_rosmini:Antonio_Rosmini_R1G:block_0125,ilc_ota:record:ilc_rosmini:Antonio_Rosmini_R1G,,ilc_ota:sonnet:ilc_rosmini:Antonio_Rosmini_R1G:block_0125,ilc_ota,Versione elettronica di testi relativi al periodo 800 - 900 Teosofia Vol.II,Antonio Rosmini,185195,186060,14,b96508c51b7d1db035104131b2d0d86c6397ae27f447de0273059c05a8f819aa,865,c6f44bfbb10a2e48f171c8e25aa6789ffe7044f7df19fa7a3d81f73b4157bedc,raw 14-line blank-separated block; full-length sonnet layout failed,checkpoint-6D standard-Italian unit gate,,hold_14_line_block_insufficient_sonnet_or_attribution_evidence,conditioned_or_inactive_hold,inactive_hold
route:ilc_ota:sonnet:ilc_rosmini:Antonio_Rosmini_R1G:block_0251,ilc_ota:record:ilc_rosmini:Antonio_Rosmini_R1G,,ilc_ota:sonnet:ilc_rosmini:Antonio_Rosmini_R1G:block_0251,ilc_ota,Versione elettronica di testi relativi al periodo 800 - 900 Teosofia Vol.II,Antonio Rosmini,363923,364934,14,b96508c51b7d1db035104131b2d0d86c6397ae27f447de0273059c05a8f819aa,1011,28ff6acded4cec7b8c77db80cbf0c45c71c8b0cce45ce1f07e597ed107062587,raw 14-line blank-separated block; full-length sonnet layout failed,checkpoint-6D standard-Italian unit gate,,hold_14_line_block_insufficient_sonnet_or_attribution_evidence,conditioned_or_inactive_hold,inactive_hold
route:ilc_ota:sonnet:ilc_rosmini:Antonio_Rosmini_R1G:block_0261,ilc_ota:record:ilc_rosmini:Antonio_Rosmini_R1G,,ilc_ota:sonnet:ilc_rosmini:Antonio_Rosmini_R1G:block_0261,ilc_ota,Versione elettronica di testi relativi al periodo 800 - 900 Teosofia Vol.II,Antonio Rosmini,371053,371996,14,b96508c51b7d1db035104131b2d0d86c6397ae27f447de0273059c05a8f819aa,943,ac3ffaea7686aaa2133c383b5d6d7e9048217cfa2ce4729772719b758c7f7cc0,raw 14-line blank-separated block; full-length sonnet layout failed,checkpoint-6D standard-Italian unit gate,,hold_14_line_block_insufficient_sonnet_or_attribution_evidence,conditioned_or_inactive_hold,inactive_hold
route:ilc_ota:sonnet:ilc_rosmini:Antonio_Rosmini_R1G:block_0268,ilc_ota:record:ilc_rosmini:Antonio_Rosmini_R1G,,ilc_ota:sonnet:ilc_rosmini:Antonio_Rosmini_R1G:block_0268,ilc_ota,Versione elettronica di testi relativi al periodo 800 - 900 Teosofia Vol.II,Antonio Rosmini,376866,377757,14,b96508c51b7d1db035104131b2d0d86c6397ae27f447de0273059c05a8f819aa,891,65f8bc0d4ad1f78eaad99a7e05db0ce02842d2e9da586134f27e3411885b7bce,raw 14-line blank-separated block; full-length sonnet layout failed,checkpoint-6D standard-Italian unit gate,,hold_14_line_block_insufficient_sonnet_or_attribution_evidence,conditioned_or_inactive_hold,inactive_hold
route:ilc_ota:sonnet:ilc_rosmini:Antonio_Rosmini_R1G:block_0365,ilc_ota:record:ilc_rosmini:Antonio_Rosmini_R1G,,ilc_ota:sonnet:ilc_rosmini:Antonio_Rosmini_R1G:block_0365,ilc_ota,Versione elettronica di testi relativi al periodo 800 - 900 Teosofia Vol.II,Antonio Rosmini,483364,484346,14,b96508c51b7d1db035104131b2d0d86c6397ae27f447de0273059c05a8f819aa,982,4c14e576b0eb9b09e64094cfceb20d33a4c05c73b72edcbbb326d861a0d9d13b,raw 14-line blank-separated block; full-length sonnet layout failed,checkpoint-6D standard-Italian unit gate,,hold_14_line_block_insufficient_sonnet_or_attribution_evidence,conditioned_or_inactive_hold,inactive_hold
route:ilc_ota:sonnet:ilc_rosmini:Antonio_Rosmini_R1G:block_0386,ilc_ota:record:ilc_rosmini:Antonio_Rosmini_R1G,,ilc_ota:sonnet:ilc_rosmini:Antonio_Rosmini_R1G:block_0386,ilc_ota,Versione elettronica di testi relativi al periodo 800 - 900 Teosofia Vol.II,Antonio Rosmini,515080,516078,14,b96508c51b7d1db035104131b2d0d86c6397ae27f447de0273059c05a8f819aa,998,15ee4e38158964a5d76464e603840f6279a36f35c53c492b03cb6cbfdeda0a49,raw 14-line blank-separated block; full-length sonnet layout failed,checkpoint-6D standard-Italian unit gate,,hold_14_line_block_insufficient_sonnet_or_attribution_evidence,conditioned_or_inactive_hold,inactive_hold
route:ilc_ota:sonnet:ilc_rosmini:Antonio_Rosmini_R1G:block_0424,ilc_ota:record:ilc_rosmini:Antonio_Rosmini_R1G,,ilc_ota:sonnet:ilc_rosmini:Antonio_Rosmini_R1G:block_0424,ilc_ota,Versione elettronica di testi relativi al periodo 800 - 900 Teosofia Vol.II,Antonio Rosmini,563037,564020,14,b96508c51b7d1db035104131b2d0d86c6397ae27f447de0273059c05a8f819aa,983,798f8590e7faf109c36788d86b2523d4644545f6d17ccb44c9a7c727ac8274f6,raw 14-line blank-separated block; full-length sonnet layout failed,checkpoint-6D standard-Italian unit gate,,hold_14_line_block_insufficient_sonnet_or_attribution_evidence,conditioned_or_inactive_hold,inactive_hold
route:ilc_ota:sonnet:ilc_rosmini:Antonio_Rosmini_R1G:block_0467,ilc_ota:record:ilc_rosmini:Antonio_Rosmini_R1G,,ilc_ota:sonnet:ilc_rosmini:Antonio_Rosmini_R1G:block_0467,ilc_ota,Versione elettronica di testi relativi al periodo 800 - 900 Teosofia Vol.II,Antonio Rosmini,624038,624967,14,b96508c51b7d1db035104131b2d0d86c6397ae27f447de0273059c05a8f819aa,929,728de0f0e8b2d4f6256218e774c26eae4b8e7d7e28bf76a99103b570bec38d4c,raw 14-line blank-separated block; full-length sonnet layout failed,checkpoint-6D standard-Italian unit gate,,hold_14_line_block_insufficient_sonnet_or_attribution_evidence,conditioned_or_inactive_hold,inactive_hold
route:ilc_ota:sonnet:ilc_rosmini:Antonio_Rosmini_R1G:block_0511,ilc_ota:record:ilc_rosmini:Antonio_Rosmini_R1G,,ilc_ota:sonnet:ilc_rosmini:Antonio_Rosmini_R1G:block_0511,ilc_ota,Versione elettronica di testi relativi al periodo 800 - 900 Teosofia Vol.II,Antonio Rosmini,684790,685823,14,b96508c51b7d1db035104131b2d0d86c6397ae27f447de0273059c05a8f819aa,1033,e1ebe323ba8f0b88f04acd6161927cb62980ce9283d09d96a70f2a0f9f3aad56,raw 14-line blank-separated block; full-length sonnet layout failed,checkpoint-6D standard-Italian unit gate,,hold_14_line_block_insufficient_sonnet_or_attribution_evidence,conditioned_or_inactive_hold,inactive_hold
route:ilc_ota:sonnet:ilc_rosmini:Antonio_Rosmini_R1G:block_0543,ilc_ota:record:ilc_rosmini:Antonio_Rosmini_R1G,,ilc_ota:sonnet:ilc_rosmini:Antonio_Rosmini_R1G:block_0543,ilc_ota,Versione elettronica di testi relativi al periodo 800 - 900 Teosofia Vol.II,Antonio Rosmini,719070,719963,14,b96508c51b7d1db035104131b2d0d86c6397ae27f447de0273059c05a8f819aa,893,09fe0fc6b57067caa0238ea605be2dab3e4e144684d2d849cf4e9efc40c72c74,raw 14-line blank-separated block; full-length sonnet layout failed,checkpoint-6D standard-Italian unit gate,,hold_14_line_block_insufficient_sonnet_or_attribution_evidence,conditioned_or_inactive_hold,inactive_hold
route:ilc_ota:sonnet:ilc_rosmini:Antonio_Rosmini_R1G:block_0560,ilc_ota:record:ilc_rosmini:Antonio_Rosmini_R1G,,ilc_ota:sonnet:ilc_rosmini:Antonio_Rosmini_R1G:block_0560,ilc_ota,Versione elettronica di testi relativi al periodo 800 - 900 Teosofia Vol.II,Antonio Rosmini,739680,740643,14,b96508c51b7d1db035104131b2d0d86c6397ae27f447de0273059c05a8f819aa,963,690a74b8acc3dd8bf6529abe106451167c07597a625ab361a48d378602247f39,raw 14-line blank-separated block; full-length sonnet layout failed,checkpoint-6D standard-Italian unit gate,,hold_14_line_block_insufficient_sonnet_or_attribution_evidence,conditioned_or_inactive_hold,inactive_hold
route:ilc_ota:sonnet:ilc_rosmini:Antonio_Rosmini_R1G:block_0568,ilc_ota:record:ilc_rosmini:Antonio_Rosmini_R1G,,ilc_ota:sonnet:ilc_rosmini:Antonio_Rosmini_R1G:block_0568,ilc_ota,Versione elettronica di testi relativi al periodo 800 - 900 Teosofia Vol.II,Antonio Rosmini,749550,750502,14,b96508c51b7d1db035104131b2d0d86c6397ae27f447de0273059c05a8f819aa,952,5a1c012eb8572c2d162c4d406e5718e367692cdb88ad6568b2ceb54c8e6e3a30,raw 14-line blank-separated block; full-length sonnet layout failed,checkpoint-6D standard-Italian unit gate,,hold_14_line_block_insufficient_sonnet_or_attribution_evidence,conditioned_or_inactive_hold,inactive_hold
route:ilc_ota:sonnet:ilc_rosmini:Antonio_Rosmini_R1G:block_0596,ilc_ota:record:ilc_rosmini:Antonio_Rosmini_R1G,,ilc_ota:sonnet:ilc_rosmini:Antonio_Rosmini_R1G:block_0596,ilc_ota,Versione elettronica di testi relativi al periodo 800 - 900 Teosofia Vol.II,Antonio Rosmini,780498,781480,14,b96508c51b7d1db035104131b2d0d86c6397ae27f447de0273059c05a8f819aa,982,9289b70827ee19ca8a48446ea25e6a0d85fd9651b5f660f2786ae8e06a2a85fe,raw 14-line blank-separated block; full-length sonnet layout failed,checkpoint-6D standard-Italian unit gate,,hold_14_line_block_insufficient_sonnet_or_attribution_evidence,conditioned_or_inactive_hold,inactive_hold
route:ilc_ota:sonnet:ilc_rosmini:Antonio_Rosmini_R1G:block_0650,ilc_ota:record:ilc_rosmini:Antonio_Rosmini_R1G,,ilc_ota:sonnet:ilc_rosmini:Antonio_Rosmini_R1G:block_0650,ilc_ota,Versione elettronica di testi relativi al periodo 800 - 900 Teosofia Vol.II,Antonio Rosmini,837352,838300,14,b96508c51b7d1db035104131b2d0d86c6397ae27f447de0273059c05a8f819aa,948,f2801fb3a8607110124c222cdf14be15a0b409a5487e6dc0846a0c7bc3037d1b,raw 14-line blank-separated block; full-length sonnet layout failed,checkpoint-6D standard-Italian unit gate,,hold_14_line_block_insufficient_sonnet_or_attribution_evidence,conditioned_or_inactive_hold,inactive_hold
route:ilc_ota:sonnet:ilc_rosmini:Antonio_Rosmini_R1G:block_0674,ilc_ota:record:ilc_rosmini:Antonio_Rosmini_R1G,,ilc_ota:sonnet:ilc_rosmini:Antonio_Rosmini_R1G:block_0674,ilc_ota,Versione elettronica di testi relativi al periodo 800 - 900 Teosofia Vol.II,Antonio Rosmini,864857,865833,14,b96508c51b7d1db035104131b2d0d86c6397ae27f447de0273059c05a8f819aa,976,c849fa5008e7a3c06083a3a52bbd997eb53c6979974b9269955d0c39108e94ea,raw 14-line blank-separated block; full-length sonnet layout failed,checkpoint-6D standard-Italian unit gate,,hold_14_line_block_insufficient_sonnet_or_attribution_evidence,conditioned_or_inactive_hold,inactive_hold
route:ilc_ota:sonnet:ilc_rosmini:Antonio_Rosmini_R1G:block_0729,ilc_ota:record:ilc_rosmini:Antonio_Rosmini_R1G,,ilc_ota:sonnet:ilc_rosmini:Antonio_Rosmini_R1G:block_0729,ilc_ota,Versione elettronica di testi relativi al periodo 800 - 900 Teosofia Vol.II,Antonio Rosmini,922257,923251,14,b96508c51b7d1db035104131b2d0d86c6397ae27f447de0273059c05a8f819aa,994,dbedf5808e44a3b871a5ca50676b88ba8374c8578a91680fe4a63ad0b5b1ec92,raw 14-line blank-separated block; full-length sonnet layout failed,checkpoint-6D standard-Italian unit gate,,hold_14_line_block_insufficient_sonnet_or_attribution_evidence,conditioned_or_inactive_hold,inactive_hold
route:ilc_ota:sonnet:ilc_rosmini:Antonio_Rosmini_R1H:block_0009,ilc_ota:record:ilc_rosmini:Antonio_Rosmini_R1H,,ilc_ota:sonnet:ilc_rosmini:Antonio_Rosmini_R1H:block_0009,ilc_ota,Versione elettronica di testi relativi al periodo 800 - 900 Trattato della coscienza morale,Antonio Rosmini,13618,14588,14,564e826dc9086b27a36a3ccc8241fc0b030d1810fb36eed8ab2bd04c0005145b,970,516c88567da25a0754f5d6d77c53107c6c8e91fd8d90b0675159c7288f8946c3,raw 14-line blank-separated block; full-length sonnet layout failed,checkpoint-6D standard-Italian unit gate,,hold_14_line_block_insufficient_sonnet_or_attribution_evidence,conditioned_or_inactive_hold,inactive_hold
route:ilc_ota:sonnet:ilc_rosmini:Antonio_Rosmini_R1H:block_0010,ilc_ota:record:ilc_rosmini:Antonio_Rosmini_R1H,,ilc_ota:sonnet:ilc_rosmini:Antonio_Rosmini_R1H:block_0010,ilc_ota,Versione elettronica di testi relativi al periodo 800 - 900 Trattato della coscienza morale,Antonio Rosmini,14589,15432,14,564e826dc9086b27a36a3ccc8241fc0b030d1810fb36eed8ab2bd04c0005145b,843,79f633d8c506e6008a43c45b4dd594825b468f34d61b9a0187c66289b2331813,raw 14-line blank-separated block; full-length sonnet layout failed,checkpoint-6D standard-Italian unit gate,,hold_14_line_block_insufficient_sonnet_or_attribution_evidence,conditioned_or_inactive_hold,inactive_hold
route:ilc_ota:sonnet:ilc_rosmini:Antonio_Rosmini_R1H:block_0043,ilc_ota:record:ilc_rosmini:Antonio_Rosmini_R1H,,ilc_ota:sonnet:ilc_rosmini:Antonio_Rosmini_R1H:block_0043,ilc_ota,Versione elettronica di testi relativi al periodo 800 - 900 Trattato della coscienza morale,Antonio Rosmini,63202,64119,14,564e826dc9086b27a36a3ccc8241fc0b030d1810fb36eed8ab2bd04c0005145b,917,a2d0a6b59ef0b1c320bef9823318ca30f38dd901b3ed62cf59f19717e4be7a8b,raw 14-line blank-separated block; full-length sonnet layout failed,checkpoint-6D standard-Italian unit gate,,hold_14_line_block_insufficient_sonnet_or_attribution_evidence,conditioned_or_inactive_hold,inactive_hold
route:ilc_ota:sonnet:ilc_rosmini:Antonio_Rosmini_R1H:block_0084,ilc_ota:record:ilc_rosmini:Antonio_Rosmini_R1H,,ilc_ota:sonnet:ilc_rosmini:Antonio_Rosmini_R1H:block_0084,ilc_ota,Versione elettronica di testi relativi al periodo 800 - 900 Trattato della coscienza morale,Antonio Rosmini,107230,108185,14,564e826dc9086b27a36a3ccc8241fc0b030d1810fb36eed8ab2bd04c0005145b,955,407a65b17f5b46357104f274c5a819ee7f3eef8d2cecc062597fc96407d8dc7f,raw 14-line blank-separated block; full-length sonnet layout failed,checkpoint-6D standard-Italian unit gate,,hold_14_line_block_insufficient_sonnet_or_attribution_evidence,conditioned_or_inactive_hold,inactive_hold
route:ilc_ota:sonnet:ilc_rosmini:Antonio_Rosmini_R1H:block_0126,ilc_ota:record:ilc_rosmini:Antonio_Rosmini_R1H,,ilc_ota:sonnet:ilc_rosmini:Antonio_Rosmini_R1H:block_0126,ilc_ota,Versione elettronica di testi relativi al periodo 800 - 900 Trattato della coscienza morale,Antonio Rosmini,145635,146565,14,564e826dc9086b27a36a3ccc8241fc0b030d1810fb36eed8ab2bd04c0005145b,930,b856f61c45d07231218b6142fd885e1997d68b1308f98bf5b96775e1f40b8cbb,raw 14-line blank-separated block; full-length sonnet layout failed,checkpoint-6D standard-Italian unit gate,,hold_14_line_block_insufficient_sonnet_or_attribution_evidence,conditioned_or_inactive_hold,inactive_hold
route:ilc_ota:sonnet:ilc_rosmini:Antonio_Rosmini_R1H:block_0127,ilc_ota:record:ilc_rosmini:Antonio_Rosmini_R1H,,ilc_ota:sonnet:ilc_rosmini:Antonio_Rosmini_R1H:block_0127,ilc_ota,Versione elettronica di testi relativi al periodo 800 - 900 Trattato della coscienza morale,Antonio Rosmini,146566,147465,14,564e826dc9086b27a36a3ccc8241fc0b030d1810fb36eed8ab2bd04c0005145b,899,95271244554312996cda6b01db5fe8611b52970d1032048fc6fc0347222f1f87,raw 14-line blank-separated block; full-length sonnet layout failed,checkpoint-6D standard-Italian unit gate,,hold_14_line_block_insufficient_sonnet_or_attribution_evidence,conditioned_or_inactive_hold,inactive_hold
route:ilc_ota:sonnet:ilc_rosmini:Antonio_Rosmini_R1H:block_0156,ilc_ota:record:ilc_rosmini:Antonio_Rosmini_R1H,,ilc_ota:sonnet:ilc_rosmini:Antonio_Rosmini_R1H:block_0156,ilc_ota,Versione elettronica di testi relativi al periodo 800 - 900 Trattato della coscienza morale,Antonio Rosmini,189015,189937,14,564e826dc9086b27a36a3ccc8241fc0b030d1810fb36eed8ab2bd04c0005145b,922,4c90cf64af6d0d24c17e174146e301ddce12b4ca495500a9502dae00119681a1,raw 14-line blank-separated block; full-length sonnet layout failed,checkpoint-6D standard-Italian unit gate,,hold_14_line_block_insufficient_sonnet_or_attribution_evidence,conditioned_or_inactive_hold,inactive_hold
route:ilc_ota:sonnet:ilc_rosmini:Antonio_Rosmini_R1H:block_0158,ilc_ota:record:ilc_rosmini:Antonio_Rosmini_R1H,,ilc_ota:sonnet:ilc_rosmini:Antonio_Rosmini_R1H:block_0158,ilc_ota,Versione elettronica di testi relativi al periodo 800 - 900 Trattato della coscienza morale,Antonio Rosmini,190513,191519,14,564e826dc9086b27a36a3ccc8241fc0b030d1810fb36eed8ab2bd04c0005145b,1006,dd353128357bf33c6b3afaea85857b74b91ad7ba0fdfe2a5ab46720b45dc7475,raw 14-line blank-separated block; full-length sonnet layout failed,checkpoint-6D standard-Italian unit gate,,hold_14_line_block_insufficient_sonnet_or_attribution_evidence,conditioned_or_inactive_hold,inactive_hold
route:ilc_ota:sonnet:ilc_rosmini:Antonio_Rosmini_R1H:block_0193,ilc_ota:record:ilc_rosmini:Antonio_Rosmini_R1H,,ilc_ota:sonnet:ilc_rosmini:Antonio_Rosmini_R1H:block_0193,ilc_ota,Versione elettronica di testi relativi al periodo 800 - 900 Trattato della coscienza morale,Antonio Rosmini,236239,237206,14,564e826dc9086b27a36a3ccc8241fc0b030d1810fb36eed8ab2bd04c0005145b,967,507a6d7fc745bbfadc10eaebb0537b21f16b26639dd9101081cdb4fd114649b6,raw 14-line blank-separated block; full-length sonnet layout failed,checkpoint-6D standard-Italian unit gate,,hold_14_line_block_insufficient_sonnet_or_attribution_evidence,conditioned_or_inactive_hold,inactive_hold
route:ilc_ota:sonnet:ilc_rosmini:Antonio_Rosmini_R1H:block_0203,ilc_ota:record:ilc_rosmini:Antonio_Rosmini_R1H,,ilc_ota:sonnet:ilc_rosmini:Antonio_Rosmini_R1H:block_0203,ilc_ota,Versione elettronica di testi relativi al periodo 800 - 900 Trattato della coscienza morale,Antonio Rosmini,245966,246814,14,564e826dc9086b27a36a3ccc8241fc0b030d1810fb36eed8ab2bd04c0005145b,848,13fe0148e4e4cb9a3d6e7dc63c07841ac48dac90c667fa2734c71f1e19741802,raw 14-line blank-separated block; full-length sonnet layout failed,checkpoint-6D standard-Italian unit gate,,hold_14_line_block_insufficient_sonnet_or_attribution_evidence,conditioned_or_inactive_hold,inactive_hold
route:ilc_ota:sonnet:ilc_rosmini:Antonio_Rosmini_R1H:block_0211,ilc_ota:record:ilc_rosmini:Antonio_Rosmini_R1H,,ilc_ota:sonnet:ilc_rosmini:Antonio_Rosmini_R1H:block_0211,ilc_ota,Versione elettronica di testi relativi al periodo 800 - 900 Trattato della coscienza morale,Antonio Rosmini,249586,250412,14,564e826dc9086b27a36a3ccc8241fc0b030d1810fb36eed8ab2bd04c0005145b,826,5493c93ee1bdb11f1a66acbd72fad088f8b7d6e892aff022112f2b218975194c,raw 14-line blank-separated block; full-length sonnet layout failed,checkpoint-6D standard-Italian unit gate,,hold_14_line_block_insufficient_sonnet_or_attribution_evidence,conditioned_or_inactive_hold,inactive_hold
route:ilc_ota:sonnet:ilc_rosmini:Antonio_Rosmini_R1H:block_0230,ilc_ota:record:ilc_rosmini:Antonio_Rosmini_R1H,,ilc_ota:sonnet:ilc_rosmini:Antonio_Rosmini_R1H:block_0230,ilc_ota,Versione elettronica di testi relativi al periodo 800 - 900 Trattato della coscienza morale,Antonio Rosmini,265528,266455,14,564e826dc9086b27a36a3ccc8241fc0b030d1810fb36eed8ab2bd04c0005145b,927,e857ee4fb788bb3ad90f51d3de21857237e05397f7bbcfc338126df77810178d,raw 14-line blank-separated block; full-length sonnet layout failed,checkpoint-6D standard-Italian unit gate,,hold_14_line_block_insufficient_sonnet_or_attribution_evidence,conditioned_or_inactive_hold,inactive_hold
route:ilc_ota:sonnet:ilc_rosmini:Antonio_Rosmini_R1H:block_0296,ilc_ota:record:ilc_rosmini:Antonio_Rosmini_R1H,,ilc_ota:sonnet:ilc_rosmini:Antonio_Rosmini_R1H:block_0296,ilc_ota,Versione elettronica di testi relativi al periodo 800 - 900 Trattato della coscienza morale,Antonio Rosmini,312220,313019,14,564e826dc9086b27a36a3ccc8241fc0b030d1810fb36eed8ab2bd04c0005145b,799,4703bfdb31159b6c1560ed98937e1f98275ba5d5240be4d338b8ac224edd3952,raw 14-line blank-separated block; full-length sonnet layout failed,checkpoint-6D standard-Italian unit gate,,hold_14_line_block_insufficient_sonnet_or_attribution_evidence,conditioned_or_inactive_hold,inactive_hold
route:ilc_ota:sonnet:ilc_rosmini:Antonio_Rosmini_R1H:block_0333,ilc_ota:record:ilc_rosmini:Antonio_Rosmini_R1H,,ilc_ota:sonnet:ilc_rosmini:Antonio_Rosmini_R1H:block_0333,ilc_ota,Versione elettronica di testi relativi al periodo 800 - 900 Trattato della coscienza morale,Antonio Rosmini,345833,346724,14,564e826dc9086b27a36a3ccc8241fc0b030d1810fb36eed8ab2bd04c0005145b,891,366f5292763fc790e7b3948cbb4ef9267efa77e12391642b3418ae19662e20f0,raw 14-line blank-separated block; full-length sonnet layout failed,checkpoint-6D standard-Italian unit gate,,hold_14_line_block_insufficient_sonnet_or_attribution_evidence,conditioned_or_inactive_hold,inactive_hold
route:ilc_ota:sonnet:ilc_rosmini:Antonio_Rosmini_R1H:block_0340,ilc_ota:record:ilc_rosmini:Antonio_Rosmini_R1H,,ilc_ota:sonnet:ilc_rosmini:Antonio_Rosmini_R1H:block_0340,ilc_ota,Versione elettronica di testi relativi al periodo 800 - 900 Trattato della coscienza morale,Antonio Rosmini,351094,351920,14,564e826dc9086b27a36a3ccc8241fc0b030d1810fb36eed8ab2bd04c0005145b,826,75c60241de9261014685851a1ebe223881105ce7cd8f5cfc99493deb9276541c,raw 14-line blank-separated block; full-length sonnet layout failed,checkpoint-6D standard-Italian unit gate,,hold_14_line_block_insufficient_sonnet_or_attribution_evidence,conditioned_or_inactive_hold,inactive_hold
route:ilc_ota:sonnet:ilc_rosmini:Antonio_Rosmini_R1H:block_0352,ilc_ota:record:ilc_rosmini:Antonio_Rosmini_R1H,,ilc_ota:sonnet:ilc_rosmini:Antonio_Rosmini_R1H:block_0352,ilc_ota,Versione elettronica di testi relativi al periodo 800 - 900 Trattato della coscienza morale,Antonio Rosmini,366325,367154,14,564e826dc9086b27a36a3ccc8241fc0b030d1810fb36eed8ab2bd04c0005145b,827,6d3bc413d9f02b9be010a1d25063a21213e3356342121f7e0e1f3f3e4f9cb205,raw 14-line blank-separated block; full-length sonnet layout failed,checkpoint-6D standard-Italian unit gate,,hold_14_line_block_insufficient_sonnet_or_attribution_evidence,conditioned_or_inactive_hold,inactive_hold
route:ilc_ota:sonnet:ilc_rosmini:Antonio_Rosmini_R1H:block_0377,ilc_ota:record:ilc_rosmini:Antonio_Rosmini_R1H,,ilc_ota:sonnet:ilc_rosmini:Antonio_Rosmini_R1H:block_0377,ilc_ota,Versione elettronica di testi relativi al periodo 800 - 900 Trattato della coscienza morale,Antonio Rosmini,394437,395478,14,564e826dc9086b27a36a3ccc8241fc0b030d1810fb36eed8ab2bd04c0005145b,1041,276e32a13150f63d97fe3b04c460c8b45183e0ae4b43b83403d701971dc6ad4b,raw 14-line blank-separated block; full-length sonnet layout failed,checkpoint-6D standard-Italian unit gate,,hold_14_line_block_insufficient_sonnet_or_attribution_evidence,conditioned_or_inactive_hold,inactive_hold
route:ilc_ota:sonnet:ilc_rosmini:Antonio_Rosmini_R1H:block_0402,ilc_ota:record:ilc_rosmini:Antonio_Rosmini_R1H,,ilc_ota:sonnet:ilc_rosmini:Antonio_Rosmini_R1H:block_0402,ilc_ota,Versione elettronica di testi relativi al periodo 800 - 900 Trattato della coscienza morale,Antonio Rosmini,418867,419773,14,564e826dc9086b27a36a3ccc8241fc0b030d1810fb36eed8ab2bd04c0005145b,906,28e96d78dfc484029827ce68c393205eced7271890ea3f3c1979a0fd5f393d61,raw 14-line blank-separated block; full-length sonnet layout failed,checkpoint-6D standard-Italian unit gate,,hold_14_line_block_insufficient_sonnet_or_attribution_evidence,conditioned_or_inactive_hold,inactive_hold
route:ilc_ota:sonnet:ilc_rosmini:Antonio_Rosmini_R1H:block_0405,ilc_ota:record:ilc_rosmini:Antonio_Rosmini_R1H,,ilc_ota:sonnet:ilc_rosmini:Antonio_Rosmini_R1H:block_0405,ilc_ota,Versione elettronica di testi relativi al periodo 800 - 900 Trattato della coscienza morale,Antonio Rosmini,421856,422797,14,564e826dc9086b27a36a3ccc8241fc0b030d1810fb36eed8ab2bd04c0005145b,941,0968e4b811c0a590cf0240a04e061ef80ef5b994e1e66203e325e52993169a3b,raw 14-line blank-separated block; full-length sonnet layout failed,checkpoint-6D standard-Italian unit gate,,hold_14_line_block_insufficient_sonnet_or_attribution_evidence,conditioned_or_inactive_hold,inactive_hold
route:ilc_ota:sonnet:ilc_rosmini:Antonio_Rosmini_R1H:block_0445,ilc_ota:record:ilc_rosmini:Antonio_Rosmini_R1H,,ilc_ota:sonnet:ilc_rosmini:Antonio_Rosmini_R1H:block_0445,ilc_ota,Versione elettronica di testi relativi al periodo 800 - 900 Trattato della coscienza morale,Antonio Rosmini,470965,471817,14,564e826dc9086b27a36a3ccc8241fc0b030d1810fb36eed8ab2bd04c0005145b,852,4ec74fd0e8a5be2e732db5802163a52f0532522e4b1753bdd19c9f187231e27e,raw 14-line blank-separated block; full-length sonnet layout failed,checkpoint-6D standard-Italian unit gate,,hold_14_line_block_insufficient_sonnet_or_attribution_evidence,conditioned_or_inactive_hold,inactive_hold
route:ilc_ota:sonnet:ilc_rosmini:Antonio_Rosmini_R1H:block_0493,ilc_ota:record:ilc_rosmini:Antonio_Rosmini_R1H,,ilc_ota:sonnet:ilc_rosmini:Antonio_Rosmini_R1H:block_0493,ilc_ota,Versione elettronica di testi relativi al periodo 800 - 900 Trattato della coscienza morale,Antonio Rosmini,521207,522011,14,564e826dc9086b27a36a3ccc8241fc0b030d1810fb36eed8ab2bd04c0005145b,804,e68a70147f317094a258d44111b7a6ce5725cdf2c2097bb294ce8c1370d47704,raw 14-line blank-separated block; full-length sonnet layout failed,checkpoint-6D standard-Italian unit gate,,hold_14_line_block_insufficient_sonnet_or_attribution_evidence,conditioned_or_inactive_hold,inactive_hold
route:ilc_ota:sonnet:ilc_rosmini:Antonio_Rosmini_R1H:block_0520,ilc_ota:record:ilc_rosmini:Antonio_Rosmini_R1H,,ilc_ota:sonnet:ilc_rosmini:Antonio_Rosmini_R1H:block_0520,ilc_ota,Versione elettronica di testi relativi al periodo 800 - 900 Trattato della coscienza morale,Antonio Rosmini,545461,546319,14,564e826dc9086b27a36a3ccc8241fc0b030d1810fb36eed8ab2bd04c0005145b,858,b0168cae527b479ef598eaf5da6598a261b305e2e73739c8558fda4137ce7261,raw 14-line blank-separated block; full-length sonnet layout failed,checkpoint-6D standard-Italian unit gate,,hold_14_line_block_insufficient_sonnet_or_attribution_evidence,conditioned_or_inactive_hold,inactive_hold
route:ilc_ota:sonnet:ilc_rosmini:Antonio_Rosmini_R1H:block_0543,ilc_ota:record:ilc_rosmini:Antonio_Rosmini_R1H,,ilc_ota:sonnet:ilc_rosmini:Antonio_Rosmini_R1H:block_0543,ilc_ota,Versione elettronica di testi relativi al periodo 800 - 900 Trattato della coscienza morale,Antonio Rosmini,569400,570329,14,564e826dc9086b27a36a3ccc8241fc0b030d1810fb36eed8ab2bd04c0005145b,929,8ac399ccda5aead38db869a64ad3724ae8c87eb3d3f265f506916b6181ba74b7,raw 14-line blank-separated block; full-length sonnet layout failed,checkpoint-6D standard-Italian unit gate,,hold_14_line_block_insufficient_sonnet_or_attribution_evidence,conditioned_or_inactive_hold,inactive_hold
route:ilc_ota:sonnet:ilc_rosmini:Antonio_Rosmini_R1H:block_0570,ilc_ota:record:ilc_rosmini:Antonio_Rosmini_R1H,,ilc_ota:sonnet:ilc_rosmini:Antonio_Rosmini_R1H:block_0570,ilc_ota,Versione elettronica di testi relativi al periodo 800 - 900 Trattato della coscienza morale,Antonio Rosmini,589091,589947,14,564e826dc9086b27a36a3ccc8241fc0b030d1810fb36eed8ab2bd04c0005145b,856,5dd78ee024d5fcbf8f890b8865769b003354e994e2f9b6624d81c0db3151efad,raw 14-line blank-separated block; full-length sonnet layout failed,checkpoint-6D standard-Italian unit gate,,hold_14_line_block_insufficient_sonnet_or_attribution_evidence,conditioned_or_inactive_hold,inactive_hold
route:ilc_ota:sonnet:ilc_rosmini:Antonio_Rosmini_R1H:block_0577,ilc_ota:record:ilc_rosmini:Antonio_Rosmini_R1H,,ilc_ota:sonnet:ilc_rosmini:Antonio_Rosmini_R1H:block_0577,ilc_ota,Versione elettronica di testi relativi al periodo 800 - 900 Trattato della coscienza morale,Antonio Rosmini,594420,595415,14,564e826dc9086b27a36a3ccc8241fc0b030d1810fb36eed8ab2bd04c0005145b,995,c07a17b4b85cddd180a06bf6bd70e2dbcad1d2733637f6674cd6cb399a27283a,raw 14-line blank-separated block; full-length sonnet layout failed,checkpoint-6D standard-Italian unit gate,,hold_14_line_block_insufficient_sonnet_or_attribution_evidence,conditioned_or_inactive_hold,inactive_hold
route:ilc_ota:sonnet:ilc_rosmini:Antonio_Rosmini_R1H:block_0608,ilc_ota:record:ilc_rosmini:Antonio_Rosmini_R1H,,ilc_ota:sonnet:ilc_rosmini:Antonio_Rosmini_R1H:block_0608,ilc_ota,Versione elettronica di testi relativi al periodo 800 - 900 Trattato della coscienza morale,Antonio Rosmini,632129,633046,14,564e826dc9086b27a36a3ccc8241fc0b030d1810fb36eed8ab2bd04c0005145b,917,4a0f1c8f00be4ca67d124bb46ff5e1d000de64c7572ece45c395a0f9f4013408,raw 14-line blank-separated block; full-length sonnet layout failed,checkpoint-6D standard-Italian unit gate,,hold_14_line_block_insufficient_sonnet_or_attribution_evidence,conditioned_or_inactive_hold,inactive_hold
route:ilc_ota:sonnet:ilc_rosmini:Antonio_Rosmini_R1I:block_0017,ilc_ota:record:ilc_rosmini:Antonio_Rosmini_R1I,,ilc_ota:sonnet:ilc_rosmini:Antonio_Rosmini_R1I:block_0017,ilc_ota,Versione elettronica di testi relativi al periodo 800 - 900 Trattato di aritmetica,Antonio Rosmini,4488,5321,14,9af733ce6d12c89660e6eba5a5ef90dce91a61e73f5f10297b89c4df5b3b8d6c,833,9f2d47ca893cb211dc48ab27d7caa95be4dd37a8d0ba65580d781bac82644500,raw 14-line blank-separated block; full-length sonnet layout failed,checkpoint-6D standard-Italian unit gate,,hold_14_line_block_insufficient_sonnet_or_attribution_evidence,conditioned_or_inactive_hold,inactive_hold
route:ilc_ota:sonnet:ilc_rosmini:Antonio_Rosmini_R1I:block_0036,ilc_ota:record:ilc_rosmini:Antonio_Rosmini_R1I,,ilc_ota:sonnet:ilc_rosmini:Antonio_Rosmini_R1I:block_0036,ilc_ota,Versione elettronica di testi relativi al periodo 800 - 900 Trattato di aritmetica,Antonio Rosmini,11562,12331,14,9af733ce6d12c89660e6eba5a5ef90dce91a61e73f5f10297b89c4df5b3b8d6c,767,0b51dc310032c69267371591ecd54980c67942848c2587cacedf934d9dbeca4f,raw 14-line blank-separated block; full-length sonnet layout failed,checkpoint-6D standard-Italian unit gate,,hold_14_line_block_insufficient_sonnet_or_attribution_evidence,conditioned_or_inactive_hold,inactive_hold
route:ilc_ota:sonnet:ilc_rosmini:Antonio_Rosmini_R1I:block_0079,ilc_ota:record:ilc_rosmini:Antonio_Rosmini_R1I,,ilc_ota:sonnet:ilc_rosmini:Antonio_Rosmini_R1I:block_0079,ilc_ota,Versione elettronica di testi relativi al periodo 800 - 900 Trattato di aritmetica,Antonio Rosmini,24982,25792,14,9af733ce6d12c89660e6eba5a5ef90dce91a61e73f5f10297b89c4df5b3b8d6c,810,17205d85bdb05205d9f467f49055d9d30d126f4b5e5ca6532b2743e65f2004bf,raw 14-line blank-separated block; full-length sonnet layout failed,checkpoint-6D standard-Italian unit gate,,hold_14_line_block_insufficient_sonnet_or_attribution_evidence,conditioned_or_inactive_hold,inactive_hold
route:ilc_ota:sonnet:ilc_rosmini:Antonio_Rosmini_R1I:block_0097,ilc_ota:record:ilc_rosmini:Antonio_Rosmini_R1I,,ilc_ota:sonnet:ilc_rosmini:Antonio_Rosmini_R1I:block_0097,ilc_ota,Versione elettronica di testi relativi al periodo 800 - 900 Trattato di aritmetica,Antonio Rosmini,30266,31078,14,9af733ce6d12c89660e6eba5a5ef90dce91a61e73f5f10297b89c4df5b3b8d6c,810,3335aafb1148a905947ad9aa5d001051a81c2003442ada48992aa5eab1b13d0a,raw 14-line blank-separated block; full-length sonnet layout failed,checkpoint-6D standard-Italian unit gate,,hold_14_line_block_insufficient_sonnet_or_attribution_evidence,conditioned_or_inactive_hold,inactive_hold
route:ilc_ota:sonnet:ilc_rosmini:Antonio_Rosmini_R1I:block_0108,ilc_ota:record:ilc_rosmini:Antonio_Rosmini_R1I,,ilc_ota:sonnet:ilc_rosmini:Antonio_Rosmini_R1I:block_0108,ilc_ota,Versione elettronica di testi relativi al periodo 800 - 900 Trattato di aritmetica,Antonio Rosmini,34211,35002,14,9af733ce6d12c89660e6eba5a5ef90dce91a61e73f5f10297b89c4df5b3b8d6c,791,7ca29eeef56608398b380b3daeb6382e2ec14f360dfefa9f6cdd721ccca67df0,raw 14-line blank-separated block; full-length sonnet layout failed,checkpoint-6D standard-Italian unit gate,,hold_14_line_block_insufficient_sonnet_or_attribution_evidence,conditioned_or_inactive_hold,inactive_hold
route:ilc_ota:sonnet:ilc_rosmini:Antonio_Rosmini_R1I:block_0134,ilc_ota:record:ilc_rosmini:Antonio_Rosmini_R1I,,ilc_ota:sonnet:ilc_rosmini:Antonio_Rosmini_R1I:block_0134,ilc_ota,Versione elettronica di testi relativi al periodo 800 - 900 Trattato di aritmetica,Antonio Rosmini,45070,45870,14,9af733ce6d12c89660e6eba5a5ef90dce91a61e73f5f10297b89c4df5b3b8d6c,795,46d0c18593f02535a950cd62cf2dd46b8c15fa29b7bf168079b77f8c6558c551,raw 14-line blank-separated block; full-length sonnet layout failed,checkpoint-6D standard-Italian unit gate,,hold_14_line_block_insufficient_sonnet_or_attribution_evidence,conditioned_or_inactive_hold,inactive_hold
route:ilc_ota:sonnet:ilc_rosmini:Antonio_Rosmini_R1I:block_0137,ilc_ota:record:ilc_rosmini:Antonio_Rosmini_R1I,,ilc_ota:sonnet:ilc_rosmini:Antonio_Rosmini_R1I:block_0137,ilc_ota,Versione elettronica di testi relativi al periodo 800 - 900 Trattato di aritmetica,Antonio Rosmini,46941,47736,14,9af733ce6d12c89660e6eba5a5ef90dce91a61e73f5f10297b89c4df5b3b8d6c,795,e863b7f436c9623118b55c96b404799a7cb93cbda59dd79a758d2fc708a82b3e,raw 14-line blank-separated block; full-length sonnet layout failed,checkpoint-6D standard-Italian unit gate,,hold_14_line_block_insufficient_sonnet_or_attribution_evidence,conditioned_or_inactive_hold,inactive_hold
route:ilc_ota:sonnet:ilc_rosmini:Antonio_Rosmini_R1I:block_0139,ilc_ota:record:ilc_rosmini:Antonio_Rosmini_R1I,,ilc_ota:sonnet:ilc_rosmini:Antonio_Rosmini_R1I:block_0139,ilc_ota,Versione elettronica di testi relativi al periodo 800 - 900 Trattato di aritmetica,Antonio Rosmini,47745,48513,14,9af733ce6d12c89660e6eba5a5ef90dce91a61e73f5f10297b89c4df5b3b8d6c,765,9d5091ef196f4c852db4feeb7d9b2971b04362c7df62c4887873659de3b76346,raw 14-line blank-separated block; full-length sonnet layout failed,checkpoint-6D standard-Italian unit gate,,hold_14_line_block_insufficient_sonnet_or_attribution_evidence,conditioned_or_inactive_hold,inactive_hold
route:ilc_ota:sonnet:ilc_rosmini:Antonio_Rosmini_R1I:block_0183,ilc_ota:record:ilc_rosmini:Antonio_Rosmini_R1I,,ilc_ota:sonnet:ilc_rosmini:Antonio_Rosmini_R1I:block_0183,ilc_ota,Versione elettronica di testi relativi al periodo 800 - 900 Trattato di aritmetica,Antonio Rosmini,66730,67563,14,9af733ce6d12c89660e6eba5a5ef90dce91a61e73f5f10297b89c4df5b3b8d6c,828,0e04a630745eaf84c649f4ca5cd998c071c77cf1c86ca4fa88ed42f2ef39803b,raw 14-line blank-separated block; full-length sonnet layout failed,checkpoint-6D standard-Italian unit gate,,hold_14_line_block_insufficient_sonnet_or_attribution_evidence,conditioned_or_inactive_hold,inactive_hold
route:ilc_ota:sonnet:ilc_rosmini:Antonio_Rosmini_R1I:block_0206,ilc_ota:record:ilc_rosmini:Antonio_Rosmini_R1I,,ilc_ota:sonnet:ilc_rosmini:Antonio_Rosmini_R1I:block_0206,ilc_ota,Versione elettronica di testi relativi al periodo 800 - 900 Trattato di aritmetica,Antonio Rosmini,78114,78933,14,9af733ce6d12c89660e6eba5a5ef90dce91a61e73f5f10297b89c4df5b3b8d6c,819,48a1a51f96e6caed56b2069518f34a5fd27f447d76b63dc9b1d6fa109258488a,raw 14-line blank-separated block; full-length sonnet layout failed,checkpoint-6D standard-Italian unit gate,,hold_14_line_block_insufficient_sonnet_or_attribution_evidence,conditioned_or_inactive_hold,inactive_hold
route:ilc_ota:sonnet:ilc_rosmini:Antonio_Rosmini_R1I:block_0215,ilc_ota:record:ilc_rosmini:Antonio_Rosmini_R1I,,ilc_ota:sonnet:ilc_rosmini:Antonio_Rosmini_R1I:block_0215,ilc_ota,Versione elettronica di testi relativi al periodo 800 - 900 Trattato di aritmetica,Antonio Rosmini,80674,81549,14,9af733ce6d12c89660e6eba5a5ef90dce91a61e73f5f10297b89c4df5b3b8d6c,873,e0b3d1c12866c9fe7c1d7716d520dee56f0de45260407d5a3692f646fb8c0987,raw 14-line blank-separated block; full-length sonnet layout failed,checkpoint-6D standard-Italian unit gate,,hold_14_line_block_insufficient_sonnet_or_attribution_evidence,conditioned_or_inactive_hold,inactive_hold
route:ilc_ota:sonnet:ilc_rosmini:Antonio_Rosmini_R1I:block_0240,ilc_ota:record:ilc_rosmini:Antonio_Rosmini_R1I,,ilc_ota:sonnet:ilc_rosmini:Antonio_Rosmini_R1I:block_0240,ilc_ota,Versione elettronica di testi relativi al periodo 800 - 900 Trattato di aritmetica,Antonio Rosmini,89361,90136,14,9af733ce6d12c89660e6eba5a5ef90dce91a61e73f5f10297b89c4df5b3b8d6c,765,e704bc61ad9e253dd6dfa57191c15b18f7994746bdea1b93f7836637ae446e89,raw 14-line blank-separated block; full-length sonnet layout failed,checkpoint-6D standard-Italian unit gate,,hold_14_line_block_insufficient_sonnet_or_attribution_evidence,conditioned_or_inactive_hold,inactive_hold
route:ilc_ota:sonnet:ilc_rosmini:Antonio_Rosmini_R1I:block_0242,ilc_ota:record:ilc_rosmini:Antonio_Rosmini_R1I,,ilc_ota:sonnet:ilc_rosmini:Antonio_Rosmini_R1I:block_0242,ilc_ota,Versione elettronica di testi relativi al periodo 800 - 900 Trattato di aritmetica,Antonio Rosmini,90145,90920,14,9af733ce6d12c89660e6eba5a5ef90dce91a61e73f5f10297b89c4df5b3b8d6c,775,dcb5871e6ae7194ad6528a49e0dcfdfa8f4408d5b0c3f651957ed0171adf1554,raw 14-line blank-separated block; full-length sonnet layout failed,checkpoint-6D standard-Italian unit gate,,hold_14_line_block_insufficient_sonnet_or_attribution_evidence,conditioned_or_inactive_hold,inactive_hold
route:ilc_ota:sonnet:ilc_rosmini:Antonio_Rosmini_R1I:block_0352,ilc_ota:record:ilc_rosmini:Antonio_Rosmini_R1I,,ilc_ota:sonnet:ilc_rosmini:Antonio_Rosmini_R1I:block_0352,ilc_ota,Versione elettronica di testi relativi al periodo 800 - 900 Trattato di aritmetica,Antonio Rosmini,136055,136868,14,9af733ce6d12c89660e6eba5a5ef90dce91a61e73f5f10297b89c4df5b3b8d6c,813,2e69dc64976f1e84444427ce8823a4a40d1fd35938b88be402477c484ca480cc,raw 14-line blank-separated block; full-length sonnet layout failed,checkpoint-6D standard-Italian unit gate,,hold_14_line_block_insufficient_sonnet_or_attribution_evidence,conditioned_or_inactive_hold,inactive_hold
route:ilc_ota:sonnet:ilc_rosmini:Antonio_Rosmini_R1I:block_0423,ilc_ota:record:ilc_rosmini:Antonio_Rosmini_R1I,,ilc_ota:sonnet:ilc_rosmini:Antonio_Rosmini_R1I:block_0423,ilc_ota,Versione elettronica di testi relativi al periodo 800 - 900 Trattato di aritmetica,Antonio Rosmini,174774,175603,14,9af733ce6d12c89660e6eba5a5ef90dce91a61e73f5f10297b89c4df5b3b8d6c,829,62afd8bac1cee75033d5aa646c7fda8bb6d2d6fc3e0c7423e2d8cec69b831491,raw 14-line blank-separated block; full-length sonnet layout failed,checkpoint-6D standard-Italian unit gate,,hold_14_line_block_insufficient_sonnet_or_attribution_evidence,conditioned_or_inactive_hold,inactive_hold
route:ilc_ota:sonnet:ilc_rosmini:Antonio_Rosmini_R1I:block_0429,ilc_ota:record:ilc_rosmini:Antonio_Rosmini_R1I,,ilc_ota:sonnet:ilc_rosmini:Antonio_Rosmini_R1I:block_0429,ilc_ota,Versione elettronica di testi relativi al periodo 800 - 900 Trattato di aritmetica,Antonio Rosmini,178612,179402,14,9af733ce6d12c89660e6eba5a5ef90dce91a61e73f5f10297b89c4df5b3b8d6c,788,97416a24af5a2940473c804d39bb0fc5368f241956ba70ee5b24e93335f794c4,raw 14-line blank-separated block; full-length sonnet layout failed,checkpoint-6D standard-Italian unit gate,,hold_14_line_block_insufficient_sonnet_or_attribution_evidence,conditioned_or_inactive_hold,inactive_hold
route:ilc_ota:sonnet:ilc_rosmini:Antonio_Rosmini_R1I:block_0448,ilc_ota:record:ilc_rosmini:Antonio_Rosmini_R1I,,ilc_ota:sonnet:ilc_rosmini:Antonio_Rosmini_R1I:block_0448,ilc_ota,Versione elettronica di testi relativi al periodo 800 - 900 Trattato di aritmetica,Antonio Rosmini,183612,184449,14,9af733ce6d12c89660e6eba5a5ef90dce91a61e73f5f10297b89c4df5b3b8d6c,837,bb897121f32b3db8af771d52ebd6f58ff0df9f751f9c308febd1bfc3f5cbf9b3,raw 14-line blank-separated block; full-length sonnet layout failed,checkpoint-6D standard-Italian unit gate,,hold_14_line_block_insufficient_sonnet_or_attribution_evidence,conditioned_or_inactive_hold,inactive_hold
route:ilc_ota:sonnet:ota_0304:rime-0304:block_0043,ilc_ota:record:ota_0304:rime-0304,,ilc_ota:sonnet:ota_0304:rime-0304:block_0043,ilc_ota,Rime : 1-85 / Michelangelo Buonarroti,"Michelangelo Buonarroti, 1475-1564",19694,20155,14,3a15f1d6df4926eb209ab4a3b4f86be96c4b8cecb30e7219e69c845e8c52f275,458,94098bd5a63cc9c04c1aad9fdd27c046c1f4b183313f1627f87d65e186aa6e5e,raw 14-line blank-separated block; full-length sonnet layout failed,checkpoint-6D standard-Italian unit gate,,hold_14_line_block_not_full_length_sonnet_verse_layout,conditioned_or_inactive_hold,inactive_hold
route:ilc_ota:sonnet:ota_0304:rime-0304:block_0061,ilc_ota:record:ota_0304:rime-0304,,ilc_ota:sonnet:ota_0304:rime-0304:block_0061,ilc_ota,Rime : 1-85 / Michelangelo Buonarroti,"Michelangelo Buonarroti, 1475-1564",27930,28389,14,3a15f1d6df4926eb209ab4a3b4f86be96c4b8cecb30e7219e69c845e8c52f275,457,0cadf8cb8ee3912a38934aa3b69774a65b6593da476b6527be01a9462db876ff,raw 14-line blank-separated block; full-length sonnet layout failed,checkpoint-6D standard-Italian unit gate,,hold_14_line_block_not_full_length_sonnet_verse_layout,conditioned_or_inactive_hold,inactive_hold
route:ilc_ota:sonnet:ota_0304:rime-0304:block_0082,ilc_ota:record:ota_0304:rime-0304,,ilc_ota:sonnet:ota_0304:rime-0304:block_0082,ilc_ota,Rime : 1-85 / Michelangelo Buonarroti,"Michelangelo Buonarroti, 1475-1564",33356,33804,14,3a15f1d6df4926eb209ab4a3b4f86be96c4b8cecb30e7219e69c845e8c52f275,445,ede863ecb7e93d7f50f4b0f7939bca6a96a5ae472213963a6789b3dbf9e8d065,raw 14-line blank-separated block; full-length sonnet layout failed,checkpoint-6D standard-Italian unit gate,,hold_14_line_block_not_full_length_sonnet_verse_layout,conditioned_or_inactive_hold,inactive_hold
route:ilc_ota:sonnet:ota_0304:rime-0304:block_0119,ilc_ota:record:ota_0304:rime-0304,,ilc_ota:sonnet:ota_0304:rime-0304:block_0119,ilc_ota,Rime : 1-85 / Michelangelo Buonarroti,"Michelangelo Buonarroti, 1475-1564",39964,40484,14,3a15f1d6df4926eb209ab4a3b4f86be96c4b8cecb30e7219e69c845e8c52f275,517,ab6abfbd44348525245afaeb22432fd6d012689ca5956383e2d734b34975d989,exact 14-line blank-separated source block with 14 full-length verse lines,checkpoint-6D standard-Italian unit gate,,retain_new_verified_standard_sonnet_inactive,standard_sonnets,inactive_pending_v7
route:ilc_ota:sonnet:ota_0304:rime-0304:block_0122,ilc_ota:record:ota_0304:rime-0304,,ilc_ota:sonnet:ota_0304:rime-0304:block_0122,ilc_ota,Rime : 1-85 / Michelangelo Buonarroti,"Michelangelo Buonarroti, 1475-1564",41387,41844,14,3a15f1d6df4926eb209ab4a3b4f86be96c4b8cecb30e7219e69c845e8c52f275,455,3ea75f00823bf551d198f2f72784795bfb84814fef3d80c75f6a8093c27a27b2,raw 14-line blank-separated block; full-length sonnet layout failed,checkpoint-6D standard-Italian unit gate,,hold_14_line_block_not_full_length_sonnet_verse_layout,conditioned_or_inactive_hold,inactive_hold
route:ilc_ota:sonnet:ota_0304:rime-0304:block_0164,ilc_ota:record:ota_0304:rime-0304,,ilc_ota:sonnet:ota_0304:rime-0304:block_0164,ilc_ota,Rime : 1-85 / Michelangelo Buonarroti,"Michelangelo Buonarroti, 1475-1564",57849,58427,14,3a15f1d6df4926eb209ab4a3b4f86be96c4b8cecb30e7219e69c845e8c52f275,574,ad13e4b6c7e3b39292cd3c79dd03b07fd0aac721951ceed7ba62e050312b4052,exact 14-line blank-separated source block with 14 full-length verse lines,checkpoint-6D standard-Italian unit gate,,retain_new_verified_standard_sonnet_inactive,standard_sonnets,inactive_pending_v7
route:ilc_ota:sonnet:ota_0407:galateo-0407:block_0039,ilc_ota:record:ota_0407:galateo-0407,,ilc_ota:sonnet:ota_0407:galateo-0407:block_0039,ilc_ota,Galateo  / compiled by J.R. Woodhouse,"Casa, Giovanni della, 1503-1556",49520,50276,14,9c2981eb3e5905ba166200c94d2b8fbc2ab10df7f958fd7fb14bd591c8fece30,756,91677024e7b1ef54afd4df16169a6d8fabac8ee2b27e27786e98ee605cc2e237,raw 14-line blank-separated block; full-length sonnet layout failed,checkpoint-6D standard-Italian unit gate,,hold_14_line_block_insufficient_sonnet_or_attribution_evidence,conditioned_or_inactive_hold,inactive_hold
route:ilc_ota:sonnet:ota_0407:galateo-0407:block_0072,ilc_ota:record:ota_0407:galateo-0407,,ilc_ota:sonnet:ota_0407:galateo-0407:block_0072,ilc_ota,Galateo  / compiled by J.R. Woodhouse,"Casa, Giovanni della, 1503-1556",95998,96674,14,9c2981eb3e5905ba166200c94d2b8fbc2ab10df7f958fd7fb14bd591c8fece30,673,ff73e5166b1cd279e542be82e833b286b5c2ed4c820e99faffe6d747ba5079d9,raw 14-line blank-separated block; full-length sonnet layout failed,checkpoint-6D standard-Italian unit gate,,hold_14_line_block_insufficient_sonnet_or_attribution_evidence,conditioned_or_inactive_hold,inactive_hold
route:ilc_ota:sonnet:ota_0702:lettsa702:block_0138,ilc_ota:record:ota_0702:lettsa702,,ilc_ota:sonnet:ota_0702:lettsa702:block_0138,ilc_ota,"Lettere familiari : [lettere a Charles Lyell, 1826-49] / Gabriele Rossetti","Rossetti, Gabriele, 1783-1854",51289,51796,14,aa0d22eed0533aed74d8886f1fa80a721071734642017a39d4b807bb24b8a31e,507,adebc197bda572a9cb029bdf4a544e988d4b72b6c955331322a9ff78905e5093,raw 14-line blank-separated block; full-length sonnet layout failed,checkpoint-6D standard-Italian unit gate,,hold_14_line_block_insufficient_sonnet_or_attribution_evidence,conditioned_or_inactive_hold,inactive_hold
route:ilc_ota:sonnet:ota_0702:lettsa702:block_0454,ilc_ota:record:ota_0702:lettsa702,,ilc_ota:sonnet:ota_0702:lettsa702:block_0454,ilc_ota,"Lettere familiari : [lettere a Charles Lyell, 1826-49] / Gabriele Rossetti","Rossetti, Gabriele, 1783-1854",116492,117167,14,aa0d22eed0533aed74d8886f1fa80a721071734642017a39d4b807bb24b8a31e,675,7c0ff127eccddb01d5915d039d39f770495776a204e1f6ec57a8e21111a890d0,raw 14-line blank-separated block; full-length sonnet layout failed,checkpoint-6D standard-Italian unit gate,,hold_14_line_block_insufficient_sonnet_or_attribution_evidence,conditioned_or_inactive_hold,inactive_hold
route:ilc_ota:sonnet:ota_0702:lettsa702:block_0484,ilc_ota:record:ota_0702:lettsa702,,ilc_ota:sonnet:ota_0702:lettsa702:block_0484,ilc_ota,"Lettere familiari : [lettere a Charles Lyell, 1826-49] / Gabriele Rossetti","Rossetti, Gabriele, 1783-1854",124409,125002,14,aa0d22eed0533aed74d8886f1fa80a721071734642017a39d4b807bb24b8a31e,593,23e8009215ac2c5cd65743c9e2f0be2fbe4bcab8ab836460f029d3a483f957b9,raw 14-line blank-separated block; full-length sonnet layout failed,checkpoint-6D standard-Italian unit gate,,hold_14_line_block_insufficient_sonnet_or_attribution_evidence,conditioned_or_inactive_hold,inactive_hold
route:ilc_ota:sonnet:ota_0702:lettsa702:block_0492,ilc_ota:record:ota_0702:lettsa702,,ilc_ota:sonnet:ota_0702:lettsa702:block_0492,ilc_ota,"Lettere familiari : [lettere a Charles Lyell, 1826-49] / Gabriele Rossetti","Rossetti, Gabriele, 1783-1854",130452,131262,14,aa0d22eed0533aed74d8886f1fa80a721071734642017a39d4b807bb24b8a31e,810,3f7e058cb641143fca243f92c5989f16f6ce5de9e56d6f5883acdf35d7b61f31,raw 14-line blank-separated block; full-length sonnet layout failed,checkpoint-6D standard-Italian unit gate,,hold_14_line_block_insufficient_sonnet_or_attribution_evidence,conditioned_or_inactive_hold,inactive_hold
route:ilc_ota:sonnet:ota_0702:lettsb702:block_0011,ilc_ota:record:ota_0702:lettsb702,,ilc_ota:sonnet:ota_0702:lettsb702:block_0011,ilc_ota,"Lettere familiari : [lettere a Charles Lyell, 1826-49] / Gabriele Rossetti","Rossetti, Gabriele, 1783-1854",2839,3239,14,8ecc25f0f0e127c53baa3a2d2d32377cddf56216c6c6c892ed62cabd0ff19231,400,0a425534f0a6f5a809b2d8ae8285fa407577f2d9f40236415bea2b42e42896c3,raw 14-line blank-separated block; full-length sonnet layout failed,checkpoint-6D standard-Italian unit gate,,hold_14_line_block_insufficient_sonnet_or_attribution_evidence,conditioned_or_inactive_hold,inactive_hold
route:ilc_ota:sonnet:ota_0702:lettsb702:block_0025,ilc_ota:record:ota_0702:lettsb702,,ilc_ota:sonnet:ota_0702:lettsb702:block_0025,ilc_ota,"Lettere familiari : [lettere a Charles Lyell, 1826-49] / Gabriele Rossetti","Rossetti, Gabriele, 1783-1854",6617,7330,14,8ecc25f0f0e127c53baa3a2d2d32377cddf56216c6c6c892ed62cabd0ff19231,713,2122afebf1061b4a5c11060d6d7f08e040982bf0674b7b778aa105984929cfbd,raw 14-line blank-separated block; full-length sonnet layout failed,checkpoint-6D standard-Italian unit gate,,hold_14_line_block_insufficient_sonnet_or_attribution_evidence,conditioned_or_inactive_hold,inactive_hold
route:ilc_ota:sonnet:ota_0702:lettsc702:block_0076,ilc_ota:record:ota_0702:lettsc702,,ilc_ota:sonnet:ota_0702:lettsc702:block_0076,ilc_ota,"Lettere familiari : [lettere a Charles Lyell, 1826-49] / Gabriele Rossetti","Rossetti, Gabriele, 1783-1854",30456,31270,14,4316508df77d7985ff6a4208978e85ecbde5a6cae49e61425c822fb003d1c50c,814,7110fd6e7ad0fb7b044efae83b9bc0c94eaeecf373bdddc40b7cb8d99a4751ab,raw 14-line blank-separated block; full-length sonnet layout failed,checkpoint-6D standard-Italian unit gate,,hold_14_line_block_insufficient_sonnet_or_attribution_evidence,conditioned_or_inactive_hold,inactive_hold
route:ilc_ota:sonnet:ota_0702:lettsc702:block_0240,ilc_ota:record:ota_0702:lettsc702,,ilc_ota:sonnet:ota_0702:lettsc702:block_0240,ilc_ota,"Lettere familiari : [lettere a Charles Lyell, 1826-49] / Gabriele Rossetti","Rossetti, Gabriele, 1783-1854",61706,62518,14,4316508df77d7985ff6a4208978e85ecbde5a6cae49e61425c822fb003d1c50c,812,269eb719d5b3f4c6fa8525fb78c997d3515af29bfae9e3a2d87b91258410eb9a,raw 14-line blank-separated block; full-length sonnet layout failed,checkpoint-6D standard-Italian unit gate,,hold_14_line_block_insufficient_sonnet_or_attribution_evidence,conditioned_or_inactive_hold,inactive_hold
route:ilc_ota:sonnet:ota_0702:lettsc702:block_0311,ilc_ota:record:ota_0702:lettsc702,,ilc_ota:sonnet:ota_0702:lettsc702:block_0311,ilc_ota,"Lettere familiari : [lettere a Charles Lyell, 1826-49] / Gabriele Rossetti","Rossetti, Gabriele, 1783-1854",84634,85212,14,4316508df77d7985ff6a4208978e85ecbde5a6cae49e61425c822fb003d1c50c,578,bb6bd9fd072e939dc97bbab9f0274d77042802b263ba4eeebe8e03d23b910ba7,raw 14-line blank-separated block; full-length sonnet layout failed,checkpoint-6D standard-Italian unit gate,,hold_14_line_block_insufficient_sonnet_or_attribution_evidence,conditioned_or_inactive_hold,inactive_hold
route:ilc_ota:sonnet:ota_0702:lettsd702:block_0043,ilc_ota:record:ota_0702:lettsd702,,ilc_ota:sonnet:ota_0702:lettsd702:block_0043,ilc_ota,"Lettere familiari : [lettere a Charles Lyell, 1826-49] / Gabriele Rossetti","Rossetti, Gabriele, 1783-1854",14402,15162,14,f3cd0d88b578d0033f43aa309de9dc5a54328376ac607e0878d0b7cc3a1f4909,760,677df9541ede59f6c1ab10b9b6b9589d1e5f16e714713ad0707346b7e640aec8,raw 14-line blank-separated block; full-length sonnet layout failed,checkpoint-6D standard-Italian unit gate,,hold_14_line_block_insufficient_sonnet_or_attribution_evidence,conditioned_or_inactive_hold,inactive_hold
route:ilc_ota:sonnet:ota_0702:lettsd702:block_0067,ilc_ota:record:ota_0702:lettsd702,,ilc_ota:sonnet:ota_0702:lettsd702:block_0067,ilc_ota,"Lettere familiari : [lettere a Charles Lyell, 1826-49] / Gabriele Rossetti","Rossetti, Gabriele, 1783-1854",23847,24588,14,f3cd0d88b578d0033f43aa309de9dc5a54328376ac607e0878d0b7cc3a1f4909,741,c60c92235f9efe4c75a62b651395ec17f2bbeb15cf8b8eb61fb05f3897d4bbcf,raw 14-line blank-separated block; full-length sonnet layout failed,checkpoint-6D standard-Italian unit gate,,hold_14_line_block_insufficient_sonnet_or_attribution_evidence,conditioned_or_inactive_hold,inactive_hold
route:ilc_ota:sonnet:ota_0702:lettsd702:block_0230,ilc_ota:record:ota_0702:lettsd702,,ilc_ota:sonnet:ota_0702:lettsd702:block_0230,ilc_ota,"Lettere familiari : [lettere a Charles Lyell, 1826-49] / Gabriele Rossetti","Rossetti, Gabriele, 1783-1854",99716,100328,14,f3cd0d88b578d0033f43aa309de9dc5a54328376ac607e0878d0b7cc3a1f4909,612,2f67258d6b57e639cfe7a91079a5483282fb0242f40ef1764dcfc36ccd939906,raw 14-line blank-separated block; full-length sonnet layout failed,checkpoint-6D standard-Italian unit gate,,hold_14_line_block_insufficient_sonnet_or_attribution_evidence,conditioned_or_inactive_hold,inactive_hold
route:ilc_ota:sonnet:ota_0702:lettsd702:block_0242,ilc_ota:record:ota_0702:lettsd702,,ilc_ota:sonnet:ota_0702:lettsd702:block_0242,ilc_ota,"Lettere familiari : [lettere a Charles Lyell, 1826-49] / Gabriele Rossetti","Rossetti, Gabriele, 1783-1854",102899,103725,14,f3cd0d88b578d0033f43aa309de9dc5a54328376ac607e0878d0b7cc3a1f4909,826,e6b160b980de5420d548b70cea3507357d277b03d7198f493a1bc55802daa46d,raw 14-line blank-separated block; full-length sonnet layout failed,checkpoint-6D standard-Italian unit gate,,hold_14_line_block_insufficient_sonnet_or_attribution_evidence,conditioned_or_inactive_hold,inactive_hold
route:ilc_ota:sonnet:ota_0702:lettsd702:block_0249,ilc_ota:record:ota_0702:lettsd702,,ilc_ota:sonnet:ota_0702:lettsd702:block_0249,ilc_ota,"Lettere familiari : [lettere a Charles Lyell, 1826-49] / Gabriele Rossetti","Rossetti, Gabriele, 1783-1854",108942,109706,14,f3cd0d88b578d0033f43aa309de9dc5a54328376ac607e0878d0b7cc3a1f4909,764,88b15d31fecbf63ce85d839405bf397d72098fec97ff4c879d848a21339491d2,raw 14-line blank-separated block; full-length sonnet layout failed,checkpoint-6D standard-Italian unit gate,,hold_14_line_block_insufficient_sonnet_or_attribution_evidence,conditioned_or_inactive_hold,inactive_hold
route:ilc_ota:sonnet:ota_0702:lettse702:block_0196,ilc_ota:record:ota_0702:lettse702,,ilc_ota:sonnet:ota_0702:lettse702:block_0196,ilc_ota,"Lettere familiari : [lettere a Charles Lyell, 1826-49] / Gabriele Rossetti","Rossetti, Gabriele, 1783-1854",49415,50172,14,2c92fd7f246dd291ec5bfbdccb731a4f1054a8051b2047d17bd6fc469d8c20f2,757,e7018d524db379af2f220a943126e94ffc6b197d61eecdbd06b6bf72f81c03fd,raw 14-line blank-separated block; full-length sonnet layout failed,checkpoint-6D standard-Italian unit gate,,hold_14_line_block_insufficient_sonnet_or_attribution_evidence,conditioned_or_inactive_hold,inactive_hold
route:ilc_ota:sonnet:ota_0702:lettse702:block_0198,ilc_ota:record:ota_0702:lettse702,,ilc_ota:sonnet:ota_0702:lettse702:block_0198,ilc_ota,"Lettere familiari : [lettere a Charles Lyell, 1826-49] / Gabriele Rossetti","Rossetti, Gabriele, 1783-1854",50674,51291,14,2c92fd7f246dd291ec5bfbdccb731a4f1054a8051b2047d17bd6fc469d8c20f2,617,a031132c158e8d5b3adf2c3dcd490ba48451c37a0cf8e4f4b7d0bd559040aaec,raw 14-line blank-separated block; full-length sonnet layout failed,checkpoint-6D standard-Italian unit gate,,hold_14_line_block_insufficient_sonnet_or_attribution_evidence,conditioned_or_inactive_hold,inactive_hold
route:ilc_ota:sonnet:ota_0702:lettse702:block_0211,ilc_ota:record:ota_0702:lettse702,,ilc_ota:sonnet:ota_0702:lettse702:block_0211,ilc_ota,"Lettere familiari : [lettere a Charles Lyell, 1826-49] / Gabriele Rossetti","Rossetti, Gabriele, 1783-1854",53025,53761,14,2c92fd7f246dd291ec5bfbdccb731a4f1054a8051b2047d17bd6fc469d8c20f2,736,c51d93335866d066b879f06b038bdbfc1c1701006b38b10684dbf9f700bc4d8d,raw 14-line blank-separated block; full-length sonnet layout failed,checkpoint-6D standard-Italian unit gate,,hold_14_line_block_insufficient_sonnet_or_attribution_evidence,conditioned_or_inactive_hold,inactive_hold
route:ilc_ota:sonnet:ota_0702:lettse702:block_0217,ilc_ota:record:ota_0702:lettse702,,ilc_ota:sonnet:ota_0702:lettse702:block_0217,ilc_ota,"Lettere familiari : [lettere a Charles Lyell, 1826-49] / Gabriele Rossetti","Rossetti, Gabriele, 1783-1854",55709,56263,14,2c92fd7f246dd291ec5bfbdccb731a4f1054a8051b2047d17bd6fc469d8c20f2,554,e87811d99f358f77f183b59ed1acbc0a2ef98eafbfc838b46f9d98ce25c6eefd,raw 14-line blank-separated block; full-length sonnet layout failed,checkpoint-6D standard-Italian unit gate,,hold_14_line_block_insufficient_sonnet_or_attribution_evidence,conditioned_or_inactive_hold,inactive_hold
route:ilc_ota:sonnet:ota_0702:lettse702:block_0241,ilc_ota:record:ota_0702:lettse702,,ilc_ota:sonnet:ota_0702:lettse702:block_0241,ilc_ota,"Lettere familiari : [lettere a Charles Lyell, 1826-49] / Gabriele Rossetti","Rossetti, Gabriele, 1783-1854",61600,62197,14,2c92fd7f246dd291ec5bfbdccb731a4f1054a8051b2047d17bd6fc469d8c20f2,597,6709d54a9b9c7968729a251bf26cb3c58da7f52554a7165cb8de3b9d2a83817b,raw 14-line blank-separated block; full-length sonnet layout failed,checkpoint-6D standard-Italian unit gate,,hold_14_line_block_insufficient_sonnet_or_attribution_evidence,conditioned_or_inactive_hold,inactive_hold
route:ilc_ota:sonnet:ota_0702:lettse702:block_0351,ilc_ota:record:ota_0702:lettse702,,ilc_ota:sonnet:ota_0702:lettse702:block_0351,ilc_ota,"Lettere familiari : [lettere a Charles Lyell, 1826-49] / Gabriele Rossetti","Rossetti, Gabriele, 1783-1854",87867,88349,14,2c92fd7f246dd291ec5bfbdccb731a4f1054a8051b2047d17bd6fc469d8c20f2,482,5492ad078b3c31e3dc693b804b1896b99f0c766bb06ea97181eeb090be609c4e,raw 14-line blank-separated block; full-length sonnet layout failed,checkpoint-6D standard-Italian unit gate,,hold_14_line_block_insufficient_sonnet_or_attribution_evidence,conditioned_or_inactive_hold,inactive_hold
route:ilc_ota:sonnet:ota_0702:lettsf702:block_0019,ilc_ota:record:ota_0702:lettsf702,,ilc_ota:sonnet:ota_0702:lettsf702:block_0019,ilc_ota,"Lettere familiari : [lettere a Charles Lyell, 1826-49] / Gabriele Rossetti","Rossetti, Gabriele, 1783-1854",10156,10966,14,78a5c4493ee979f6d1b69e561b575eb392adaddc9ba75a7311f1553cafa502d7,810,f0651bc46978416dc6755151fc8b636efd76a9367ef970003428ca3db16a4a90,raw 14-line blank-separated block; full-length sonnet layout failed,checkpoint-6D standard-Italian unit gate,,hold_14_line_block_insufficient_sonnet_or_attribution_evidence,conditioned_or_inactive_hold,inactive_hold
route:ilc_ota:sonnet:ota_0702:lettsg702:block_0008,ilc_ota:record:ota_0702:lettsg702,,ilc_ota:sonnet:ota_0702:lettsg702:block_0008,ilc_ota,"Lettere familiari : [lettere a Charles Lyell, 1826-49] / Gabriele Rossetti","Rossetti, Gabriele, 1783-1854",1509,2080,14,e67e6d9af105386f997ed9a085aeed834ac0616c3dc08553d145f5feeba5bc8c,571,6b69dd1e8017c2aee9a7892ffe9de0cbd6ee6b785ca5d63a33690e24b603a1a9,raw 14-line blank-separated block; full-length sonnet layout failed,checkpoint-6D standard-Italian unit gate,,hold_14_line_block_insufficient_sonnet_or_attribution_evidence,conditioned_or_inactive_hold,inactive_hold
route:ilc_ota:sonnet:ota_0702:lettsg702:block_0052,ilc_ota:record:ota_0702:lettsg702,,ilc_ota:sonnet:ota_0702:lettsg702:block_0052,ilc_ota,"Lettere familiari : [lettere a Charles Lyell, 1826-49] / Gabriele Rossetti","Rossetti, Gabriele, 1783-1854",12368,12968,14,e67e6d9af105386f997ed9a085aeed834ac0616c3dc08553d145f5feeba5bc8c,600,bc023098d9a3840848358358c21f4f0ca232efc319e373ab0bc08db768f80887,raw 14-line blank-separated block; full-length sonnet layout failed,checkpoint-6D standard-Italian unit gate,,hold_14_line_block_insufficient_sonnet_or_attribution_evidence,conditioned_or_inactive_hold,inactive_hold
route:ilc_ota:sonnet:ota_0702:lettsg702:block_0083,ilc_ota:record:ota_0702:lettsg702,,ilc_ota:sonnet:ota_0702:lettsg702:block_0083,ilc_ota,"Lettere familiari : [lettere a Charles Lyell, 1826-49] / Gabriele Rossetti","Rossetti, Gabriele, 1783-1854",24371,25067,14,e67e6d9af105386f997ed9a085aeed834ac0616c3dc08553d145f5feeba5bc8c,696,bbfaebaef75afad47e7f58a14dcc0cabfe01e160b64f5f492a61e35b5ea22ee0,raw 14-line blank-separated block; full-length sonnet layout failed,checkpoint-6D standard-Italian unit gate,,hold_14_line_block_insufficient_sonnet_or_attribution_evidence,conditioned_or_inactive_hold,inactive_hold
route:ilc_ota:sonnet:ota_0702:vas702:block_0009,ilc_ota:record:ota_0702:vas702,,ilc_ota:sonnet:ota_0702:vas702:block_0009,ilc_ota,"Lettere familiari : [lettere a Charles Lyell, 1826-49] / Gabriele Rossetti","Rossetti, Gabriele, 1783-1854",902,1303,14,b289f7db77a58e26d557dbcd777c87c62dc742116923c68f72588a63ac1b51f5,401,5714729fb1ed0fe3f1aa7312ce612b627e82a867db92b332beee503c111826a8,raw 14-line blank-separated block; full-length sonnet layout failed,checkpoint-6D standard-Italian unit gate,,hold_14_line_block_insufficient_sonnet_or_attribution_evidence,conditioned_or_inactive_hold,inactive_hold
route:ilc_ota:sonnet:ota_0702:vas702:block_0134,ilc_ota:record:ota_0702:vas702,,ilc_ota:sonnet:ota_0702:vas702:block_0134,ilc_ota,"Lettere familiari : [lettere a Charles Lyell, 1826-49] / Gabriele Rossetti","Rossetti, Gabriele, 1783-1854",44887,45498,14,b289f7db77a58e26d557dbcd777c87c62dc742116923c68f72588a63ac1b51f5,611,4ba69e908df94da5e7a23cb6863fa8ba53cc81d5250a1d7c72f3bfb1867ab6b8,raw 14-line blank-separated block; full-length sonnet layout failed,checkpoint-6D standard-Italian unit gate,,hold_14_line_block_insufficient_sonnet_or_attribution_evidence,conditioned_or_inactive_hold,inactive_hold
route:ilc_ota:sonnet:ota_1062:amori-1062:block_0002,ilc_ota:record:ota_1062:amori-1062,,ilc_ota:sonnet:ota_1062:amori-1062:block_0002,ilc_ota,Amori and Discorsi,"Magnanini, Orazio, 16th/17th cent",3,555,14,88f343bbae18ef1b97f0bf7ffa6cfc3f52a09ebd6b83da94cb18ff05d1b73b7c,545,fea623c040d9484df89b92d52aff6d14ea5b11c32c1d0841ca7acc77243669c0,exact 14-line blank-separated source block with 14 full-length verse lines,checkpoint-6D standard-Italian unit gate,,retain_new_verified_standard_sonnet_inactive,standard_sonnets,inactive_pending_v7
route:ilc_ota:sonnet:ota_1062:amori-1062:block_0005,ilc_ota:record:ota_1062:amori-1062,,ilc_ota:sonnet:ota_1062:amori-1062:block_0005,ilc_ota,Amori and Discorsi,"Magnanini, Orazio, 16th/17th cent",972,1542,14,88f343bbae18ef1b97f0bf7ffa6cfc3f52a09ebd6b83da94cb18ff05d1b73b7c,563,efe19bdeee2876fefc73e9d42bc6056caf50dd11223ed3307c90a4b7b85c2d17,exact 14-line blank-separated source block with 14 full-length verse lines,checkpoint-6D standard-Italian unit gate,,retain_new_verified_standard_sonnet_inactive,standard_sonnets,inactive_pending_v7
route:ilc_ota:sonnet:ota_1062:amori-1062:block_0100,ilc_ota:record:ota_1062:amori-1062,,ilc_ota:sonnet:ota_1062:amori-1062:block_0100,ilc_ota,Amori and Discorsi,"Magnanini, Orazio, 16th/17th cent",13995,14534,14,88f343bbae18ef1b97f0bf7ffa6cfc3f52a09ebd6b83da94cb18ff05d1b73b7c,531,588beaa43c2fefe4fba319e279873ea2f4fcec2e767768de8bcc81c305f73a0b,exact 14-line blank-separated source block with 14 full-length verse lines,checkpoint-6D standard-Italian unit gate,,retain_new_verified_standard_sonnet_inactive,standard_sonnets,inactive_pending_v7
route:ilc_ota:sonnet:ota_1062:amori-1062:block_0106,ilc_ota:record:ota_1062:amori-1062,,ilc_ota:sonnet:ota_1062:amori-1062:block_0106,ilc_ota,Amori and Discorsi,"Magnanini, Orazio, 16th/17th cent",15831,16391,14,88f343bbae18ef1b97f0bf7ffa6cfc3f52a09ebd6b83da94cb18ff05d1b73b7c,552,81620b555e3ee212760255432e1561026a4278175307853124f8ca221b49be8c,exact 14-line blank-separated source block with 14 full-length verse lines,checkpoint-6D standard-Italian unit gate,,retain_new_verified_standard_sonnet_inactive,standard_sonnets,inactive_pending_v7
route:ilc_ota:sonnet:ota_1062:amori-1062:block_0111,ilc_ota:record:ota_1062:amori-1062,,ilc_ota:sonnet:ota_1062:amori-1062:block_0111,ilc_ota,Amori and Discorsi,"Magnanini, Orazio, 16th/17th cent",16984,17562,14,88f343bbae18ef1b97f0bf7ffa6cfc3f52a09ebd6b83da94cb18ff05d1b73b7c,570,226b370e77859b803d267119c1adeeee82f525cbe7faee5e955a25b3d63fb61f,exact 14-line blank-separated source block with 14 full-length verse lines,checkpoint-6D standard-Italian unit gate,,retain_new_verified_standard_sonnet_inactive,standard_sonnets,inactive_pending_v7
route:ilc_ota:sonnet:ota_1062:amori-1062:block_0114,ilc_ota:record:ota_1062:amori-1062,,ilc_ota:sonnet:ota_1062:amori-1062:block_0114,ilc_ota,Amori and Discorsi,"Magnanini, Orazio, 16th/17th cent",17797,18331,14,88f343bbae18ef1b97f0bf7ffa6cfc3f52a09ebd6b83da94cb18ff05d1b73b7c,526,d032af7353c64465e537e7b72d6e233b0983e16c416958bf053208d09c44e900,exact 14-line blank-separated source block with 14 full-length verse lines,checkpoint-6D standard-Italian unit gate,,retain_new_verified_standard_sonnet_inactive,standard_sonnets,inactive_pending_v7
route:ilc_ota:sonnet:ota_1062:amori-1062:block_0118,ilc_ota:record:ota_1062:amori-1062,,ilc_ota:sonnet:ota_1062:amori-1062:block_0118,ilc_ota,Amori and Discorsi,"Magnanini, Orazio, 16th/17th cent",18872,19425,14,88f343bbae18ef1b97f0bf7ffa6cfc3f52a09ebd6b83da94cb18ff05d1b73b7c,545,6418bf9beea43b868b1a6a7de5a0e9731d3be84fbbec53beb210edccae80fa4c,exact 14-line blank-separated source block with 14 full-length verse lines,checkpoint-6D standard-Italian unit gate,,retain_new_verified_standard_sonnet_inactive,standard_sonnets,inactive_pending_v7
route:ilc_ota:sonnet:ota_1062:amori-1062:block_0120,ilc_ota:record:ota_1062:amori-1062,,ilc_ota:sonnet:ota_1062:amori-1062:block_0120,ilc_ota,Amori and Discorsi,"Magnanini, Orazio, 16th/17th cent",19431,19846,14,88f343bbae18ef1b97f0bf7ffa6cfc3f52a09ebd6b83da94cb18ff05d1b73b7c,407,eabe825e240ee9478383679e67d9c822c55fc7c11ae8a7f573fb196c2c75b625,raw 14-line blank-separated block; full-length sonnet layout failed,checkpoint-6D standard-Italian unit gate,,hold_14_line_block_not_full_length_sonnet_verse_layout,conditioned_or_inactive_hold,inactive_hold
route:ilc_ota:sonnet:ota_1062:amori-1062:block_0127,ilc_ota:record:ota_1062:amori-1062,,ilc_ota:sonnet:ota_1062:amori-1062:block_0127,ilc_ota,Amori and Discorsi,"Magnanini, Orazio, 16th/17th cent",20450,21011,14,88f343bbae18ef1b97f0bf7ffa6cfc3f52a09ebd6b83da94cb18ff05d1b73b7c,553,77e0e31d74cc3fe6c6ced64a26fe7f9601e74287ed95c4d64e98be60b67156ef,exact 14-line blank-separated source block with 14 full-length verse lines,checkpoint-6D standard-Italian unit gate,,retain_new_verified_standard_sonnet_inactive,standard_sonnets,inactive_pending_v7
route:ilc_ota:sonnet:ota_1062:amori-1062:block_0134,ilc_ota:record:ota_1062:amori-1062,,ilc_ota:sonnet:ota_1062:amori-1062:block_0134,ilc_ota,Amori and Discorsi,"Magnanini, Orazio, 16th/17th cent",21680,22219,14,88f343bbae18ef1b97f0bf7ffa6cfc3f52a09ebd6b83da94cb18ff05d1b73b7c,531,f6053ab164e057bdeba2f3f508e3f072d97ccb10f9649af99fb4185701ae4c79,exact 14-line blank-separated source block with 14 full-length verse lines,checkpoint-6D standard-Italian unit gate,,retain_new_verified_standard_sonnet_inactive,standard_sonnets,inactive_pending_v7
route:ilc_ota:sonnet:ota_1062:amori-1062:block_0159,ilc_ota:record:ota_1062:amori-1062,,ilc_ota:sonnet:ota_1062:amori-1062:block_0159,ilc_ota,Amori and Discorsi,"Magnanini, Orazio, 16th/17th cent",26785,27355,14,88f343bbae18ef1b97f0bf7ffa6cfc3f52a09ebd6b83da94cb18ff05d1b73b7c,562,a71e075ba2cf4915bdd130345eae42a277bf4ea1d6719a416d647bd4246e461e,exact 14-line blank-separated source block with 14 full-length verse lines,checkpoint-6D standard-Italian unit gate,,retain_new_verified_standard_sonnet_inactive,standard_sonnets,inactive_pending_v7
route:ilc_ota:sonnet:ota_1062:amori-1062:block_0163,ilc_ota:record:ota_1062:amori-1062,,ilc_ota:sonnet:ota_1062:amori-1062:block_0163,ilc_ota,Amori and Discorsi,"Magnanini, Orazio, 16th/17th cent",27707,28129,14,88f343bbae18ef1b97f0bf7ffa6cfc3f52a09ebd6b83da94cb18ff05d1b73b7c,414,8dad85f6054d08a4365ab8f758c514f10872504896a7fd206504998f9f8838f1,raw 14-line blank-separated block; full-length sonnet layout failed,checkpoint-6D standard-Italian unit gate,,hold_14_line_block_not_full_length_sonnet_verse_layout,conditioned_or_inactive_hold,inactive_hold
route:ilc_ota:sonnet:ota_1062:amori-1062:block_0165,ilc_ota:record:ota_1062:amori-1062,,ilc_ota:sonnet:ota_1062:amori-1062:block_0165,ilc_ota,Amori and Discorsi,"Magnanini, Orazio, 16th/17th cent",28136,28708,14,88f343bbae18ef1b97f0bf7ffa6cfc3f52a09ebd6b83da94cb18ff05d1b73b7c,564,adff1810af1e4abda54bf9332e7b4039aaf0c060908cc2929406789dfb932d93,exact 14-line blank-separated source block with 14 full-length verse lines,checkpoint-6D standard-Italian unit gate,,retain_new_verified_standard_sonnet_inactive,standard_sonnets,inactive_pending_v7
route:ilc_ota:sonnet:ota_1062:amori-1062:block_0168,ilc_ota:record:ota_1062:amori-1062,,ilc_ota:sonnet:ota_1062:amori-1062:block_0168,ilc_ota,Amori and Discorsi,"Magnanini, Orazio, 16th/17th cent",29192,29749,14,88f343bbae18ef1b97f0bf7ffa6cfc3f52a09ebd6b83da94cb18ff05d1b73b7c,549,075ffd9ea6e966198a38a36bf9f5f7e7b00a8fb07ee2d9c02930c91c1ebdb42f,exact 14-line blank-separated source block with 14 full-length verse lines,checkpoint-6D standard-Italian unit gate,,retain_new_verified_standard_sonnet_inactive,standard_sonnets,inactive_pending_v7
route:ilc_ota:sonnet:ota_1062:amori-1062:block_0175,ilc_ota:record:ota_1062:amori-1062,,ilc_ota:sonnet:ota_1062:amori-1062:block_0175,ilc_ota,Amori and Discorsi,"Magnanini, Orazio, 16th/17th cent",30759,31332,14,88f343bbae18ef1b97f0bf7ffa6cfc3f52a09ebd6b83da94cb18ff05d1b73b7c,565,3aa3b807653fd67d59ed2218769cbba3c603eca9dcf3835689b9dc810a85086c,exact 14-line blank-separated source block with 14 full-length verse lines,checkpoint-6D standard-Italian unit gate,,retain_new_verified_standard_sonnet_inactive,standard_sonnets,inactive_pending_v7
route:ilc_ota:sonnet:ota_1062:amori-1062:block_0182,ilc_ota:record:ota_1062:amori-1062,,ilc_ota:sonnet:ota_1062:amori-1062:block_0182,ilc_ota,Amori and Discorsi,"Magnanini, Orazio, 16th/17th cent",32535,33084,14,88f343bbae18ef1b97f0bf7ffa6cfc3f52a09ebd6b83da94cb18ff05d1b73b7c,541,ca9fd3a0fc127225db20e3438e3b24213c381ecb7cacb2c88b00616bada4ca74,exact 14-line blank-separated source block with 14 full-length verse lines,checkpoint-6D standard-Italian unit gate,,retain_new_verified_standard_sonnet_inactive,standard_sonnets,inactive_pending_v7
route:ilc_ota:sonnet:ota_1062:amori-1062:block_0186,ilc_ota:record:ota_1062:amori-1062,,ilc_ota:sonnet:ota_1062:amori-1062:block_0186,ilc_ota,Amori and Discorsi,"Magnanini, Orazio, 16th/17th cent",33416,33883,14,88f343bbae18ef1b97f0bf7ffa6cfc3f52a09ebd6b83da94cb18ff05d1b73b7c,459,c1023ca98331e8fa7b82cc2407bdc0661528a673913f12852c250d237f420c2c,raw 14-line blank-separated block; full-length sonnet layout failed,checkpoint-6D standard-Italian unit gate,,hold_14_line_block_contains_heading_or_number_artifact,conditioned_or_inactive_hold,inactive_hold
route:ilc_ota:sonnet:ota_1062:amori-1062:block_0187,ilc_ota:record:ota_1062:amori-1062,,ilc_ota:sonnet:ota_1062:amori-1062:block_0187,ilc_ota,Amori and Discorsi,"Magnanini, Orazio, 16th/17th cent",33884,34435,14,88f343bbae18ef1b97f0bf7ffa6cfc3f52a09ebd6b83da94cb18ff05d1b73b7c,543,91a08814506476ed9167ffe5b101100e302671f02f35dfc07476dae340907107,exact 14-line blank-separated source block with 14 full-length verse lines,checkpoint-6D standard-Italian unit gate,,retain_new_verified_standard_sonnet_inactive,standard_sonnets,inactive_pending_v7
route:ilc_ota:sonnet:ota_1062:amori-1062:block_0194,ilc_ota:record:ota_1062:amori-1062,,ilc_ota:sonnet:ota_1062:amori-1062:block_0194,ilc_ota,Amori and Discorsi,"Magnanini, Orazio, 16th/17th cent",35292,35832,14,88f343bbae18ef1b97f0bf7ffa6cfc3f52a09ebd6b83da94cb18ff05d1b73b7c,532,6b86750686f5f71dbad9e357610197f1fcab939ac187e0bf9f29d442bd4d69ac,exact 14-line blank-separated source block with 14 full-length verse lines,checkpoint-6D standard-Italian unit gate,,retain_new_verified_standard_sonnet_inactive,standard_sonnets,inactive_pending_v7
route:ilc_ota:sonnet:ota_1062:amori-1062:block_0197,ilc_ota:record:ota_1062:amori-1062,,ilc_ota:sonnet:ota_1062:amori-1062:block_0197,ilc_ota,Amori and Discorsi,"Magnanini, Orazio, 16th/17th cent",36230,36785,14,88f343bbae18ef1b97f0bf7ffa6cfc3f52a09ebd6b83da94cb18ff05d1b73b7c,547,52fd5e66e505f5139ba938d83280df80651cac3a88d870239b7ea4c07d0c5239,exact 14-line blank-separated source block with 14 full-length verse lines,checkpoint-6D standard-Italian unit gate,,retain_new_verified_standard_sonnet_inactive,standard_sonnets,inactive_pending_v7
route:ilc_ota:sonnet:ota_1062:amori-1062:block_0199,ilc_ota:record:ota_1062:amori-1062,,ilc_ota:sonnet:ota_1062:amori-1062:block_0199,ilc_ota,Amori and Discorsi,"Magnanini, Orazio, 16th/17th cent",36790,37251,14,88f343bbae18ef1b97f0bf7ffa6cfc3f52a09ebd6b83da94cb18ff05d1b73b7c,453,2091b048f5ea4c9dd74dd75e6649c3d4dd8154e4f095988e97b792706a7b3b93,raw 14-line blank-separated block; full-length sonnet layout failed,checkpoint-6D standard-Italian unit gate,,hold_14_line_block_contains_heading_or_number_artifact,conditioned_or_inactive_hold,inactive_hold
route:ilc_ota:sonnet:ota_1062:amori-1062:block_0200,ilc_ota:record:ota_1062:amori-1062,,ilc_ota:sonnet:ota_1062:amori-1062:block_0200,ilc_ota,Amori and Discorsi,"Magnanini, Orazio, 16th/17th cent",37252,37801,14,88f343bbae18ef1b97f0bf7ffa6cfc3f52a09ebd6b83da94cb18ff05d1b73b7c,541,25398042bbd90cbeb6a3de5a62446a36de969bbcf05ed52fdf7843f6da2801df,exact 14-line blank-separated source block with 14 full-length verse lines,checkpoint-6D standard-Italian unit gate,,retain_new_verified_standard_sonnet_inactive,standard_sonnets,inactive_pending_v7
route:ilc_ota:sonnet:ota_1062:amori-1062:block_0204,ilc_ota:record:ota_1062:amori-1062,,ilc_ota:sonnet:ota_1062:amori-1062:block_0204,ilc_ota,Amori and Discorsi,"Magnanini, Orazio, 16th/17th cent",38382,38939,14,88f343bbae18ef1b97f0bf7ffa6cfc3f52a09ebd6b83da94cb18ff05d1b73b7c,549,c35a351eaba856b1089d7eebc3bd911127cb0597f1d7c7ec773051830a084f12,exact 14-line blank-separated source block with 14 full-length verse lines,checkpoint-6D standard-Italian unit gate,,retain_new_verified_standard_sonnet_inactive,standard_sonnets,inactive_pending_v7
route:ilc_ota:sonnet:ota_1062:amori-1062:block_0212,ilc_ota:record:ota_1062:amori-1062,,ilc_ota:sonnet:ota_1062:amori-1062:block_0212,ilc_ota,Amori and Discorsi,"Magnanini, Orazio, 16th/17th cent",41460,42010,14,88f343bbae18ef1b97f0bf7ffa6cfc3f52a09ebd6b83da94cb18ff05d1b73b7c,541,efc6b409fe23cfc118d82ddb2e4c4f97001ee157538a26aa647e6cc2f9358bdd,exact 14-line blank-separated source block with 14 full-length verse lines,checkpoint-6D standard-Italian unit gate,,retain_new_verified_standard_sonnet_inactive,standard_sonnets,inactive_pending_v7
route:ilc_ota:sonnet:ota_1062:amori-1062:block_0214,ilc_ota:record:ota_1062:amori-1062,,ilc_ota:sonnet:ota_1062:amori-1062:block_0214,ilc_ota,Amori and Discorsi,"Magnanini, Orazio, 16th/17th cent",42019,42462,14,88f343bbae18ef1b97f0bf7ffa6cfc3f52a09ebd6b83da94cb18ff05d1b73b7c,434,84341051c4f2c5acc7b26c97c8d32ef9bc9fca9fb8ecc3daa54f6e62d8747ca4,raw 14-line blank-separated block; full-length sonnet layout failed,checkpoint-6D standard-Italian unit gate,,hold_14_line_block_not_full_length_sonnet_verse_layout,conditioned_or_inactive_hold,inactive_hold
route:ilc_ota:sonnet:ota_1062:amori-1062:block_0226,ilc_ota:record:ota_1062:amori-1062,,ilc_ota:sonnet:ota_1062:amori-1062:block_0226,ilc_ota,Amori and Discorsi,"Magnanini, Orazio, 16th/17th cent",47470,48038,14,88f343bbae18ef1b97f0bf7ffa6cfc3f52a09ebd6b83da94cb18ff05d1b73b7c,559,34dc631b661a912ad920a1380385cc573949b02abdb755e3ec8127a612fe6ec0,exact 14-line blank-separated source block with 14 full-length verse lines,checkpoint-6D standard-Italian unit gate,,retain_new_verified_standard_sonnet_inactive,standard_sonnets,inactive_pending_v7
route:ilc_ota:sonnet:ota_1062:amori-1062:block_0230,ilc_ota:record:ota_1062:amori-1062,,ilc_ota:sonnet:ota_1062:amori-1062:block_0230,ilc_ota,Amori and Discorsi,"Magnanini, Orazio, 16th/17th cent",48259,48843,14,88f343bbae18ef1b97f0bf7ffa6cfc3f52a09ebd6b83da94cb18ff05d1b73b7c,575,71c7ec1bbfbbe634d8110b4f31fd79d10851aca90aa1aa48c5ebb09fe66ed0f2,exact 14-line blank-separated source block with 14 full-length verse lines,checkpoint-6D standard-Italian unit gate,,retain_new_verified_standard_sonnet_inactive,standard_sonnets,inactive_pending_v7
route:ilc_ota:sonnet:ota_1062:amori-1062:block_0232,ilc_ota:record:ota_1062:amori-1062,,ilc_ota:sonnet:ota_1062:amori-1062:block_0232,ilc_ota,Amori and Discorsi,"Magnanini, Orazio, 16th/17th cent",48851,49326,14,88f343bbae18ef1b97f0bf7ffa6cfc3f52a09ebd6b83da94cb18ff05d1b73b7c,466,241c727dc2192ef947f2051f155772c6848e662aafa7e3f1157dab92ca54fe9b,raw 14-line blank-separated block; full-length sonnet layout failed,checkpoint-6D standard-Italian unit gate,,hold_14_line_block_contains_heading_or_number_artifact,conditioned_or_inactive_hold,inactive_hold
route:ilc_ota:sonnet:ota_1062:amori-1062:block_0254,ilc_ota:record:ota_1062:amori-1062,,ilc_ota:sonnet:ota_1062:amori-1062:block_0254,ilc_ota,Amori and Discorsi,"Magnanini, Orazio, 16th/17th cent",53735,54290,14,88f343bbae18ef1b97f0bf7ffa6cfc3f52a09ebd6b83da94cb18ff05d1b73b7c,546,461d8a391078fbb02f5b1547511b6430af9b9470d77f908f9dc46d20aeb5123e,exact 14-line blank-separated source block with 14 full-length verse lines,checkpoint-6D standard-Italian unit gate,,retain_new_verified_standard_sonnet_inactive,standard_sonnets,inactive_pending_v7
route:ilc_ota:sonnet:ota_1062:amori-1062:block_0257,ilc_ota:record:ota_1062:amori-1062,,ilc_ota:sonnet:ota_1062:amori-1062:block_0257,ilc_ota,Amori and Discorsi,"Magnanini, Orazio, 16th/17th cent",55004,55580,14,88f343bbae18ef1b97f0bf7ffa6cfc3f52a09ebd6b83da94cb18ff05d1b73b7c,567,76d86b66e5bc8e66dbea4d8776f7fed303f189277be74e073d399375346d9e92,exact 14-line blank-separated source block with 14 full-length verse lines,checkpoint-6D standard-Italian unit gate,,retain_new_verified_standard_sonnet_inactive,standard_sonnets,inactive_pending_v7
route:ilc_ota:sonnet:ota_1062:amori-1062:block_1082,ilc_ota:record:ota_1062:amori-1062,,ilc_ota:sonnet:ota_1062:amori-1062:block_1082,ilc_ota,Amori and Discorsi,"Magnanini, Orazio, 16th/17th cent",92448,92902,14,88f343bbae18ef1b97f0bf7ffa6cfc3f52a09ebd6b83da94cb18ff05d1b73b7c,445,2ca615c1185a4034c824352e2ed8a705fc2c84d13375c79ceb1440e858c76c3f,raw 14-line blank-separated block; full-length sonnet layout failed,checkpoint-6D standard-Italian unit gate,,hold_14_line_block_not_full_length_sonnet_verse_layout,conditioned_or_inactive_hold,inactive_hold
route:ilc_ota:sonnet:ota_1062:amori-1062:block_1100,ilc_ota:record:ota_1062:amori-1062,,ilc_ota:sonnet:ota_1062:amori-1062:block_1100,ilc_ota,Amori and Discorsi,"Magnanini, Orazio, 16th/17th cent",95403,95895,14,88f343bbae18ef1b97f0bf7ffa6cfc3f52a09ebd6b83da94cb18ff05d1b73b7c,483,0d3db94bafbda3b445799b6bd0494801dfdc09c2653467aae67e573733281c7e,raw 14-line blank-separated block; full-length sonnet layout failed,checkpoint-6D standard-Italian unit gate,,hold_14_line_block_not_full_length_sonnet_verse_layout,conditioned_or_inactive_hold,inactive_hold
route:ilc_ota:sonnet:ota_1062:amori-1062:block_1106,ilc_ota:record:ota_1062:amori-1062,,ilc_ota:sonnet:ota_1062:amori-1062:block_1106,ilc_ota,Amori and Discorsi,"Magnanini, Orazio, 16th/17th cent",96602,97139,14,88f343bbae18ef1b97f0bf7ffa6cfc3f52a09ebd6b83da94cb18ff05d1b73b7c,528,69e38d6b8b4e9ed9a5b9aa7d19121d9a1e90b5cdc0cb72fc4e4622817b463466,exact 14-line blank-separated source block with 14 full-length verse lines,checkpoint-6D standard-Italian unit gate,,retain_new_verified_standard_sonnet_inactive,standard_sonnets,inactive_pending_v7
route:ilc_ota:sonnet:ota_1062:amori-1062:block_1115,ilc_ota:record:ota_1062:amori-1062,,ilc_ota:sonnet:ota_1062:amori-1062:block_1115,ilc_ota,Amori and Discorsi,"Magnanini, Orazio, 16th/17th cent",98141,98524,14,88f343bbae18ef1b97f0bf7ffa6cfc3f52a09ebd6b83da94cb18ff05d1b73b7c,378,9cb3660453aecfc2a588a43a7db8e6796df557b87216362bc8b15380ac2fbb51,raw 14-line blank-separated block; full-length sonnet layout failed,checkpoint-6D standard-Italian unit gate,,hold_14_line_block_not_full_length_sonnet_verse_layout,conditioned_or_inactive_hold,inactive_hold
route:ilc_ota:sonnet:ota_1062:amori-1062:block_1122,ilc_ota:record:ota_1062:amori-1062,,ilc_ota:sonnet:ota_1062:amori-1062:block_1122,ilc_ota,Amori and Discorsi,"Magnanini, Orazio, 16th/17th cent",99594,100142,14,88f343bbae18ef1b97f0bf7ffa6cfc3f52a09ebd6b83da94cb18ff05d1b73b7c,539,95fe6ca1db7b4e3edb7fd5d073d067ff6081c50c6aaf74ea23ed3647146a4628,exact 14-line blank-separated source block with 14 full-length verse lines,checkpoint-6D standard-Italian unit gate,,retain_new_verified_standard_sonnet_inactive,standard_sonnets,inactive_pending_v7
route:ilc_ota:sonnet:ota_1062:amori-1062:block_1126,ilc_ota:record:ota_1062:amori-1062,,ilc_ota:sonnet:ota_1062:amori-1062:block_1126,ilc_ota,Amori and Discorsi,"Magnanini, Orazio, 16th/17th cent",100388,100861,14,88f343bbae18ef1b97f0bf7ffa6cfc3f52a09ebd6b83da94cb18ff05d1b73b7c,466,11e2982f066d0d88c6bb5f169ee6248743989f555346a1023e03466aa3d29050,raw 14-line blank-separated block; full-length sonnet layout failed,checkpoint-6D standard-Italian unit gate,,hold_14_line_block_not_full_length_sonnet_verse_layout,conditioned_or_inactive_hold,inactive_hold
route:ilc_ota:sonnet:ota_1062:amori-1062:block_1165,ilc_ota:record:ota_1062:amori-1062,,ilc_ota:sonnet:ota_1062:amori-1062:block_1165,ilc_ota,Amori and Discorsi,"Magnanini, Orazio, 16th/17th cent",108143,108605,14,88f343bbae18ef1b97f0bf7ffa6cfc3f52a09ebd6b83da94cb18ff05d1b73b7c,458,4d8f2663a37445af28da641d7659ca95a96b6bd84184f202646d5f0701a7b633,raw 14-line blank-separated block; full-length sonnet layout failed,checkpoint-6D standard-Italian unit gate,,hold_14_line_block_not_full_length_sonnet_verse_layout,conditioned_or_inactive_hold,inactive_hold
route:ilc_ota:sonnet:ota_1062:amori-1062:block_1591,ilc_ota:record:ota_1062:amori-1062,,ilc_ota:sonnet:ota_1062:amori-1062:block_1591,ilc_ota,Amori and Discorsi,"Magnanini, Orazio, 16th/17th cent",188544,189393,14,88f343bbae18ef1b97f0bf7ffa6cfc3f52a09ebd6b83da94cb18ff05d1b73b7c,846,2653193838a6c5c7f123e748193a4a8d6e2d2a066f37a6797e4c87924c694481,raw 14-line blank-separated block; full-length sonnet layout failed,checkpoint-6D standard-Italian unit gate,,hold_14_line_block_not_full_length_sonnet_verse_layout,conditioned_or_inactive_hold,inactive_hold
route:ilc_ota:sonnet:ota_1062:amori-1062:block_1630,ilc_ota:record:ota_1062:amori-1062,,ilc_ota:sonnet:ota_1062:amori-1062:block_1630,ilc_ota,Amori and Discorsi,"Magnanini, Orazio, 16th/17th cent",206494,207378,14,88f343bbae18ef1b97f0bf7ffa6cfc3f52a09ebd6b83da94cb18ff05d1b73b7c,881,b549e40027b539292653dc0347eb72746b962edc1faab1f8d9ff02e79f9c7404,raw 14-line blank-separated block; full-length sonnet layout failed,checkpoint-6D standard-Italian unit gate,,hold_14_line_block_not_full_length_sonnet_verse_layout,conditioned_or_inactive_hold,inactive_hold
route:ilc_ota:sonnet:ota_A18325:A18325:block_0021,ilc_ota:record:ota_A18325:A18325,,ilc_ota:sonnet:ota_A18325:A18325:block_0021,ilc_ota,"Atto della Giustitia d'Inghilterra, effeguito, per la coseruatione della commune [e] christiana pace contra alcuni feminatori di discordie, [e] seguaci de ribelli, [e] denemici del reame, [e] non per niuna perfecutione ... Traslatato d'inglese in vulgare ... Il 25.d Maggio 1584. [e] 26.del felicissimo regno d'Eliza ... tta, per gratia at Dio ... .","Burghley, William Cecil, Baron, 1520-1598.",14052,14571,14,a68557c1f119a87547fdc36fb4610fe9851186b6ffb4c938d4b1a86b53fe8dff,519,d3efec33800ef671c282f35c01bf39d8cd0d5523a99683c25b816adc55b600f6,raw 14-line blank-separated block; full-length sonnet layout failed,checkpoint-6D standard-Italian unit gate,,hold_14_line_block_insufficient_sonnet_or_attribution_evidence,conditioned_or_inactive_hold,inactive_hold
route:ilc_ota:sonnet:ota_A18325:A18325:block_0089,ilc_ota:record:ota_A18325:A18325,,ilc_ota:sonnet:ota_A18325:A18325:block_0089,ilc_ota,"Atto della Giustitia d'Inghilterra, effeguito, per la coseruatione della commune [e] christiana pace contra alcuni feminatori di discordie, [e] seguaci de ribelli, [e] denemici del reame, [e] non per niuna perfecutione ... Traslatato d'inglese in vulgare ... Il 25.d Maggio 1584. [e] 26.del felicissimo regno d'Eliza ... tta, per gratia at Dio ... .","Burghley, William Cecil, Baron, 1520-1598.",48003,48529,14,a68557c1f119a87547fdc36fb4610fe9851186b6ffb4c938d4b1a86b53fe8dff,526,5766e0ca7ac2d9702048158bde0be20abbbc6d740cd7e5ecd52e29b578901c42,raw 14-line blank-separated block; full-length sonnet layout failed,checkpoint-6D standard-Italian unit gate,,hold_14_line_block_insufficient_sonnet_or_attribution_evidence,conditioned_or_inactive_hold,inactive_hold
route:ilc_ota:sonnet:ota_A18325:A18325:block_0105,ilc_ota:record:ota_A18325:A18325,,ilc_ota:sonnet:ota_A18325:A18325:block_0105,ilc_ota,"Atto della Giustitia d'Inghilterra, effeguito, per la coseruatione della commune [e] christiana pace contra alcuni feminatori di discordie, [e] seguaci de ribelli, [e] denemici del reame, [e] non per niuna perfecutione ... Traslatato d'inglese in vulgare ... Il 25.d Maggio 1584. [e] 26.del felicissimo regno d'Eliza ... tta, per gratia at Dio ... .","Burghley, William Cecil, Baron, 1520-1598.",55838,56393,14,a68557c1f119a87547fdc36fb4610fe9851186b6ffb4c938d4b1a86b53fe8dff,555,1de8d5142c72e38914d9b9cb6c54abb4a3c1414728257c638a05141d7edce3f1,exact 14-line blank-separated source block with 14 full-length verse lines,checkpoint-6D standard-Italian unit gate,,hold_14_line_block_insufficient_sonnet_or_attribution_evidence,conditioned_or_inactive_hold,inactive_hold
route:ilc_ota:sonnet:ota_A18325:A18325:block_0124,ilc_ota:record:ota_A18325:A18325,,ilc_ota:sonnet:ota_A18325:A18325:block_0124,ilc_ota,"Atto della Giustitia d'Inghilterra, effeguito, per la coseruatione della commune [e] christiana pace contra alcuni feminatori di discordie, [e] seguaci de ribelli, [e] denemici del reame, [e] non per niuna perfecutione ... Traslatato d'inglese in vulgare ... Il 25.d Maggio 1584. [e] 26.del felicissimo regno d'Eliza ... tta, per gratia at Dio ... .","Burghley, William Cecil, Baron, 1520-1598.",65691,66228,14,a68557c1f119a87547fdc36fb4610fe9851186b6ffb4c938d4b1a86b53fe8dff,537,b0c593bffae8c6737b887475cdf0e27da098c9e06196bb1bd62458a76043d1fc,raw 14-line blank-separated block; full-length sonnet layout failed,checkpoint-6D standard-Italian unit gate,,hold_14_line_block_insufficient_sonnet_or_attribution_evidence,conditioned_or_inactive_hold,inactive_hold
route:ilc_ota:sonnet:ota_A18325:A18325:block_0131,ilc_ota:record:ota_A18325:A18325,,ilc_ota:sonnet:ota_A18325:A18325:block_0131,ilc_ota,"Atto della Giustitia d'Inghilterra, effeguito, per la coseruatione della commune [e] christiana pace contra alcuni feminatori di discordie, [e] seguaci de ribelli, [e] denemici del reame, [e] non per niuna perfecutione ... Traslatato d'inglese in vulgare ... Il 25.d Maggio 1584. [e] 26.del felicissimo regno d'Eliza ... tta, per gratia at Dio ... .","Burghley, William Cecil, Baron, 1520-1598.",69402,69931,14,a68557c1f119a87547fdc36fb4610fe9851186b6ffb4c938d4b1a86b53fe8dff,529,9e442f192d43c7312cb09e5b590911aa33e5ac2f8007665a64d424e448291b93,exact 14-line blank-separated source block with 14 full-length verse lines,checkpoint-6D standard-Italian unit gate,,hold_14_line_block_insufficient_sonnet_or_attribution_evidence,conditioned_or_inactive_hold,inactive_hold
route:wikisource:record:itws:285691,wikisource:record:itws:285691,bibit:sonnet:bibit000266:sonnet_0001,,wikisource,Ritratto di se stesso (1922),Alessandro Manzoni,,,,d57a92103d380d6e81d24914a833a5643490053eff7db3137ed70628de353bec,567,d57a92103d380d6e81d24914a833a5643490053eff7db3137ed70628de353bec,7A broader root is covered by canonical standard-sonnet identity,source-specific standard queue already passed,bibit:sonnet:bibit000266:sonnet_0001,exclude_duplicate_broader_representation_reference_canonical_sonnet,standard_sonnets,inactive_pending_v7
route:wikisource:record:itws:3107,wikisource:record:itws:3107,bibit:sonnet:bibit000266:sonnet_0005,,wikisource,Alla sua donna (Manzoni),Alessandro Manzoni,,,,1fb1b17b4a70c3c912faa32cfd2fb74d9b98759656b5116befa41e3cb46347aa,575,1fb1b17b4a70c3c912faa32cfd2fb74d9b98759656b5116befa41e3cb46347aa,7A broader root is covered by canonical standard-sonnet identity,source-specific standard queue already passed,bibit:sonnet:bibit000266:sonnet_0005,exclude_duplicate_broader_representation_reference_canonical_sonnet,standard_sonnets,inactive_pending_v7
route:wikisource:record:itws:394391,wikisource:record:itws:394391,bibit:sonnet:bibit001555:sonnet_0007,,wikisource,O tra la neve d'un bel viso nate,Giovan Battista Marino,,,,7bd3729efbf6f73f28f2cfdc233b127fce8a075094360788bf712fad274e48a3,519,7bd3729efbf6f73f28f2cfdc233b127fce8a075094360788bf712fad274e48a3,7A broader root is covered by canonical standard-sonnet identity,source-specific standard queue already passed,bibit:sonnet:bibit001555:sonnet_0007,exclude_duplicate_broader_representation_reference_canonical_sonnet,standard_sonnets,inactive_pending_v7
route:wikisource:record:itws:394398,wikisource:record:itws:394398,bibit:sonnet:bibit001555:sonnet_0011,,wikisource,"Amor, non dissi il ver, quando talora",Giovan Battista Marino,,,,0fd0d9d6922bf886ab849c854c03464de62efd352abd04a166c574d9459bff79,584,0fd0d9d6922bf886ab849c854c03464de62efd352abd04a166c574d9459bff79,7A broader root is covered by canonical standard-sonnet identity,source-specific standard queue already passed,bibit:sonnet:bibit001555:sonnet_0011,exclude_duplicate_broader_representation_reference_canonical_sonnet,standard_sonnets,inactive_pending_v7
route:wikisource:record:itws:394399,wikisource:record:itws:394399,bibit:sonnet:bibit001555:sonnet_0013,,wikisource,"Fosti di pianto, e del mio pianto umore",Giovan Battista Marino,,,,06548c12950a9114b147ab51b953782bc0e40a301c728d392b9c8d84d420517f,563,06548c12950a9114b147ab51b953782bc0e40a301c728d392b9c8d84d420517f,7A broader root is covered by canonical standard-sonnet identity,source-specific standard queue already passed,bibit:sonnet:bibit001555:sonnet_0013,exclude_duplicate_broader_representation_reference_canonical_sonnet,standard_sonnets,inactive_pending_v7
route:wikisource:record:itws:394401,wikisource:record:itws:394401,bibit:sonnet:bibit001555:sonnet_0023,,wikisource,"Dimmi, bella guerrera, ond'è che porte",Giovan Battista Marino,,,,f411f18225ed1f478a2885abbd041a7ab8a4b32d2c5d8ff947bdb713063c7954,566,f411f18225ed1f478a2885abbd041a7ab8a4b32d2c5d8ff947bdb713063c7954,7A broader root is covered by canonical standard-sonnet identity,source-specific standard queue already passed,bibit:sonnet:bibit001555:sonnet_0023,exclude_duplicate_broader_representation_reference_canonical_sonnet,standard_sonnets,inactive_pending_v7
route:wikisource:record:itws:394406,wikisource:record:itws:394406,bibit:sonnet:bibit000396:sonnet_0025,,wikisource,Questo vaso d'amomo e questi acanti,Giovan Battista Marino,,,,f181aabd883eef6f25ecbb5ed5c6a7093542080e8caa12ee7f25030f164d9141,543,f181aabd883eef6f25ecbb5ed5c6a7093542080e8caa12ee7f25030f164d9141,7A broader root is covered by canonical standard-sonnet identity,source-specific standard queue already passed,bibit:sonnet:bibit000396:sonnet_0025,exclude_duplicate_broader_representation_reference_canonical_sonnet,standard_sonnets,inactive_pending_v7
route:wikisource:record:itws:394407,wikisource:record:itws:394407,bibit:sonnet:bibit000396:sonnet_0026,,wikisource,Oh con che vaghi amorosetti giri,Giovan Battista Marino,,,,96742876856dd17425762db345d0262a09ea029f47861d58198114365d14a93d,542,96742876856dd17425762db345d0262a09ea029f47861d58198114365d14a93d,7A broader root is covered by canonical standard-sonnet identity,source-specific standard queue already passed,bibit:sonnet:bibit000396:sonnet_0026,exclude_duplicate_broader_representation_reference_canonical_sonnet,standard_sonnets,inactive_pending_v7
route:wikisource:record:itws:394413,wikisource:record:itws:394413,bibit:sonnet:bibit001555:sonnet_0017,,wikisource,Mentre che 'l caro pargoletto estinto,Giovan Battista Marino,,,,0e2883e1363e9e30d3680879bed905a8325c64d92a2e874d0f06557c9a8e2d3f,601,0e2883e1363e9e30d3680879bed905a8325c64d92a2e874d0f06557c9a8e2d3f,7A broader root is covered by canonical standard-sonnet identity,source-specific standard queue already passed,bibit:sonnet:bibit001555:sonnet_0017,exclude_duplicate_broader_representation_reference_canonical_sonnet,standard_sonnets,inactive_pending_v7
route:wikisource:record:itws:394419,wikisource:record:itws:394419,bibit:sonnet:bibit001555:sonnet_0051,,wikisource,"Né tu pietosa dea, né tu lucente",Giovan Battista Marino,,,,6825f0aefbcc3300b2f159ca7a4362c2d37a572cce2d6edf73a754726377d0f5,615,6825f0aefbcc3300b2f159ca7a4362c2d37a572cce2d6edf73a754726377d0f5,7A broader root is covered by canonical standard-sonnet identity,source-specific standard queue already passed,bibit:sonnet:bibit001555:sonnet_0051,exclude_duplicate_broader_representation_reference_canonical_sonnet,standard_sonnets,inactive_pending_v7
route:wikisource:record:itws:394420,wikisource:record:itws:394420,bibit:sonnet:bibit000396:sonnet_0037,,wikisource,"Filli, ai baci m'inviti e giá mi stendi",Giovan Battista Marino,,,,1ec2bb50cbee40b92a0c9b62a1917d757850fb591a9f300371cd28f9547f6895,567,1ec2bb50cbee40b92a0c9b62a1917d757850fb591a9f300371cd28f9547f6895,7A broader root is covered by canonical standard-sonnet identity,source-specific standard queue already passed,bibit:sonnet:bibit000396:sonnet_0037,exclude_duplicate_broader_representation_reference_canonical_sonnet,standard_sonnets,inactive_pending_v7
route:wikisource:record:itws:394422,wikisource:record:itws:394422,bibit:sonnet:bibit000396:sonnet_0039,,wikisource,Pur dopo mille pianti e mille preghi,Giovan Battista Marino,,,,a9372448191d6247c6b47f6198ea439610c670528326aee479e8c64cf691c09b,594,a9372448191d6247c6b47f6198ea439610c670528326aee479e8c64cf691c09b,7A broader root is covered by canonical standard-sonnet identity,source-specific standard queue already passed,bibit:sonnet:bibit000396:sonnet_0039,exclude_duplicate_broader_representation_reference_canonical_sonnet,standard_sonnets,inactive_pending_v7
route:wikisource:record:itws:394428,wikisource:record:itws:394428,bibit:sonnet:bibit000396:sonnet_0001,,wikisource,"Giá parte il verno, e la stagion senile",Giovan Battista Marino,,,,1cf85207fc8f3a2ad92f0710ed7b1255de3118eb0bdf9c4a55d6297653480cae,600,1cf85207fc8f3a2ad92f0710ed7b1255de3118eb0bdf9c4a55d6297653480cae,7A broader root is covered by canonical standard-sonnet identity,source-specific standard queue already passed,bibit:sonnet:bibit000396:sonnet_0001,exclude_duplicate_broader_representation_reference_canonical_sonnet,standard_sonnets,inactive_pending_v7
route:wikisource:record:itws:394431,wikisource:record:itws:394431,bibit:sonnet:bibit001632:sonnet_0003,,wikisource,Rotte giá l'onde da l'ardenti rote,Giovan Battista Marino,,,,fd207c5b0d976b6441e7abcea08ae361d7508d361df49fa6056d539dd7024811,557,fd207c5b0d976b6441e7abcea08ae361d7508d361df49fa6056d539dd7024811,7A broader root is covered by canonical standard-sonnet identity,source-specific standard queue already passed,bibit:sonnet:bibit001632:sonnet_0003,exclude_duplicate_broader_representation_reference_canonical_sonnet,standard_sonnets,inactive_pending_v7
route:wikisource:record:itws:394434,wikisource:record:itws:394434,bibit:sonnet:bibit001632:sonnet_0030,,wikisource,"Oggi, lá dove il destro fianco ad Ischia",Giovan Battista Marino,,,,6b79641bd4270c622fc4d42a4101b2ccb9aa22f06a88aa6c49baf12f548fc0c5,578,6b79641bd4270c622fc4d42a4101b2ccb9aa22f06a88aa6c49baf12f548fc0c5,7A broader root is covered by canonical standard-sonnet identity,source-specific standard queue already passed,bibit:sonnet:bibit001632:sonnet_0030,exclude_duplicate_broader_representation_reference_canonical_sonnet,standard_sonnets,inactive_pending_v7
route:wikisource:record:itws:394439,wikisource:record:itws:394439,bibit:sonnet:bibit001632:sonnet_0009,,wikisource,O terror d'ogni rete e d'ogni nassa,Giovan Battista Marino,,,,22bd9f8c7f52704b368e31905627bc94bc8a7342b1f29acceb0529a00ea65873,585,22bd9f8c7f52704b368e31905627bc94bc8a7342b1f29acceb0529a00ea65873,7A broader root is covered by canonical standard-sonnet identity,source-specific standard queue already passed,bibit:sonnet:bibit001632:sonnet_0009,exclude_duplicate_broader_representation_reference_canonical_sonnet,standard_sonnets,inactive_pending_v7
route:wikisource:record:itws:394443,wikisource:record:itws:394443,bibit:sonnet:bibit001632:sonnet_0025,,wikisource,"Lilla, qualor vegg'io che 'l ciel s'avolga",Giovan Battista Marino,,,,a230afe2612b69a779111258ef0d68e8b5f1b0f24ba1b81e020e6038bce957fa,589,a230afe2612b69a779111258ef0d68e8b5f1b0f24ba1b81e020e6038bce957fa,7A broader root is covered by canonical standard-sonnet identity,source-specific standard queue already passed,bibit:sonnet:bibit001632:sonnet_0025,exclude_duplicate_broader_representation_reference_canonical_sonnet,standard_sonnets,inactive_pending_v7
route:wikisource:record:itws:394444,wikisource:record:itws:394444,bibit:sonnet:bibit001632:sonnet_0043,,wikisource,"Pon' mente al mar, Cratone, or che 'n ciascuna",Giovan Battista Marino,,,,b842b6d1e709ae5c737e544d618a75a9b6f1bf353d292b6c94a78cd2f699331b,591,b842b6d1e709ae5c737e544d618a75a9b6f1bf353d292b6c94a78cd2f699331b,7A broader root is covered by canonical standard-sonnet identity,source-specific standard queue already passed,bibit:sonnet:bibit001632:sonnet_0043,exclude_duplicate_broader_representation_reference_canonical_sonnet,standard_sonnets,inactive_pending_v7
route:wikisource:record:itws:394445,wikisource:record:itws:394445,bibit:sonnet:bibit000396:sonnet_0010,,wikisource,Su la sponda del Tebro umida erbosa,Giovan Battista Marino,,,,95b0df7a1c52465010173539f01e09c3ba8cc4895f422efcd2fa1eb0258bbca1,611,95b0df7a1c52465010173539f01e09c3ba8cc4895f422efcd2fa1eb0258bbca1,7A broader root is covered by canonical standard-sonnet identity,source-specific standard queue already passed,bibit:sonnet:bibit000396:sonnet_0010,exclude_duplicate_broader_representation_reference_canonical_sonnet,standard_sonnets,inactive_pending_v7
route:wikisource:record:itws:394448,wikisource:record:itws:394448,bibit:sonnet:bibit000396:sonnet_0009,,wikisource,"Questa, che 'l busto in mille groppi a l'orno",Giovan Battista Marino,,,,0f5a0b6a2e85fa639b869ec9d585c2efc1261e38836363f0bf59dc166039a5ab,563,0f5a0b6a2e85fa639b869ec9d585c2efc1261e38836363f0bf59dc166039a5ab,7A broader root is covered by canonical standard-sonnet identity,source-specific standard queue already passed,bibit:sonnet:bibit000396:sonnet_0009,exclude_duplicate_broader_representation_reference_canonical_sonnet,standard_sonnets,inactive_pending_v7
route:wikisource:record:itws:394481,wikisource:record:itws:394481,bibit:sonnet:bibit001555:sonnet_0057,,wikisource,"Peregrino pensier, ch'ardito e solo",Giovan Battista Marino,,,,eb971c3d3e1f52cf10b0e1dd73e85661a496b8d0374343fa420f2e3784dfd910,569,eb971c3d3e1f52cf10b0e1dd73e85661a496b8d0374343fa420f2e3784dfd910,7A broader root is covered by canonical standard-sonnet identity,source-specific standard queue already passed,bibit:sonnet:bibit001555:sonnet_0057,exclude_duplicate_broader_representation_reference_canonical_sonnet,standard_sonnets,inactive_pending_v7
route:wikisource:record:itws:394482,wikisource:record:itws:394482,bibit:sonnet:bibit001555:sonnet_0059,,wikisource,"Pensier che, l'ali tue placide e lievi",Giovan Battista Marino,,,,221b0228e3d4573ef4b20e7227278d14b069a5f5ca7b755b5bf6408ac20f0587,561,221b0228e3d4573ef4b20e7227278d14b069a5f5ca7b755b5bf6408ac20f0587,7A broader root is covered by canonical standard-sonnet identity,source-specific standard queue already passed,bibit:sonnet:bibit001555:sonnet_0059,exclude_duplicate_broader_representation_reference_canonical_sonnet,standard_sonnets,inactive_pending_v7
route:wikisource:record:itws:394489,wikisource:record:itws:394489,bibit:sonnet:bibit001555:sonnet_0079,,wikisource,"Tarlo e lima d'amor, cura mordace",Giovan Battista Marino,,,,5b335eb188808955cf7f6976a319baf660c3d5a19d4de38ead2db46562ee5e5d,550,5b335eb188808955cf7f6976a319baf660c3d5a19d4de38ead2db46562ee5e5d,7A broader root is covered by canonical standard-sonnet identity,source-specific standard queue already passed,bibit:sonnet:bibit001555:sonnet_0079,exclude_duplicate_broader_representation_reference_canonical_sonnet,standard_sonnets,inactive_pending_v7
route:wikisource:record:itws:394491,wikisource:record:itws:394491,bibit:sonnet:bibit000776:sonnet_0007,,wikisource,Era la notte e tenebrosa e nera,Giovan Battista Marino,,,,40ad8264f72fe8eadf9b7ea59693e9e79aadafcb633918b7b61db3f09d211dbc,546,40ad8264f72fe8eadf9b7ea59693e9e79aadafcb633918b7b61db3f09d211dbc,7A broader root is covered by canonical standard-sonnet identity,source-specific standard queue already passed,bibit:sonnet:bibit000776:sonnet_0007,exclude_duplicate_broader_representation_reference_canonical_sonnet,standard_sonnets,inactive_pending_v7
route:wikisource:record:itws:394601,wikisource:record:itws:394601,bibit:sonnet:bibit000396:sonnet_0032,,wikisource,"Stanca, anelante a la paterna riva",Giovan Battista Marino,,,,cc41780197df090d8577e42dbea4719898251ed6f3d3ae77552e06ea69936727,586,cc41780197df090d8577e42dbea4719898251ed6f3d3ae77552e06ea69936727,7A broader root is covered by canonical standard-sonnet identity,source-specific standard queue already passed,bibit:sonnet:bibit000396:sonnet_0032,exclude_duplicate_broader_representation_reference_canonical_sonnet,standard_sonnets,inactive_pending_v7
route:wikisource:record:itws:394821,wikisource:record:itws:394821,bibit:sonnet:bibit000657:sonnet_0001,,wikisource,Chi crederá da mortal mano espresso,Giovan Battista Marino,,,,9041106c70290d055b0f78d38a665ce5343850ce236b470aeba7afaea218ee2a,585,9041106c70290d055b0f78d38a665ce5343850ce236b470aeba7afaea218ee2a,7A broader root is covered by canonical standard-sonnet identity,source-specific standard queue already passed,bibit:sonnet:bibit000657:sonnet_0001,exclude_duplicate_broader_representation_reference_canonical_sonnet,standard_sonnets,inactive_pending_v7
route:wikisource:record:itws:394825,wikisource:record:itws:394825,bibit:sonnet:bibit000657:sonnet_0006,,wikisource,Accennar gran mistero in foglio breve,Giovan Battista Marino,,,,67174c145d3ecd012daddf3ac27e487b62d8c141cbed62b26d6c1d1c2e9fc071,595,67174c145d3ecd012daddf3ac27e487b62d8c141cbed62b26d6c1d1c2e9fc071,7A broader root is covered by canonical standard-sonnet identity,source-specific standard queue already passed,bibit:sonnet:bibit000657:sonnet_0006,exclude_duplicate_broader_representation_reference_canonical_sonnet,standard_sonnets,inactive_pending_v7
route:wikisource:record:itws:394827,wikisource:record:itws:394827,bibit:sonnet:bibit000657:sonnet_0008,,wikisource,"Madre infelice, e qual rassembra, ahi lassa!",Giovan Battista Marino,,,,5fb02648d886c98e9eb1e029aac2fd2bfe659155cddd55b18081d09c5ddc1406,565,5fb02648d886c98e9eb1e029aac2fd2bfe659155cddd55b18081d09c5ddc1406,7A broader root is covered by canonical standard-sonnet identity,source-specific standard queue already passed,bibit:sonnet:bibit000657:sonnet_0008,exclude_duplicate_broader_representation_reference_canonical_sonnet,standard_sonnets,inactive_pending_v7
route:wikisource:record:itws:394831,wikisource:record:itws:394831,bibit:sonnet:bibit000657:sonnet_0020,,wikisource,Quando a ritrar l'angel terrestre intese,Giovan Battista Marino,,,,58d5e103bd3f97d71ef2df470db76ef8590641346e50ae6b08429af6cba140ff,570,58d5e103bd3f97d71ef2df470db76ef8590641346e50ae6b08429af6cba140ff,7A broader root is covered by canonical standard-sonnet identity,source-specific standard queue already passed,bibit:sonnet:bibit000657:sonnet_0020,exclude_duplicate_broader_representation_reference_canonical_sonnet,standard_sonnets,inactive_pending_v7
route:wikisource:record:itws:394834,wikisource:record:itws:394834,bibit:sonnet:bibit000657:sonnet_0017,,wikisource,"È questa, oimè, del tuo celeste figlio",Giovan Battista Marino,,,,1338d9f0752a8ac2e4ca37c314e5e7f9534eb5778cc0345196969fb234e71671,628,1338d9f0752a8ac2e4ca37c314e5e7f9534eb5778cc0345196969fb234e71671,7A broader root is covered by canonical standard-sonnet identity,source-specific standard queue already passed,bibit:sonnet:bibit000657:sonnet_0017,exclude_duplicate_broader_representation_reference_canonical_sonnet,standard_sonnets,inactive_pending_v7
route:wikisource:record:itws:394861,wikisource:record:itws:394861,bibit:sonnet:bibit000657:sonnet_0036,,wikisource,"Per frenar, per fiaccar l'orgoglio insano",Giovan Battista Marino,,,,540d095b894993927415a8a7c1c6a97924ca556451d0da11608275a5c4dd2489,557,540d095b894993927415a8a7c1c6a97924ca556451d0da11608275a5c4dd2489,7A broader root is covered by canonical standard-sonnet identity,source-specific standard queue already passed,bibit:sonnet:bibit000657:sonnet_0036,exclude_duplicate_broader_representation_reference_canonical_sonnet,standard_sonnets,inactive_pending_v7
route:wikisource:record:itws:394870,wikisource:record:itws:394870,bibit:sonnet:bibit000657:sonnet_0087,,wikisource,Togli il rigor del gelo e de l'arsura,Giovan Battista Marino,,,,63633614ef07bbb7a40db2380c8d8427895686c0006a3ac8183187d399e15e7e,579,63633614ef07bbb7a40db2380c8d8427895686c0006a3ac8183187d399e15e7e,7A broader root is covered by canonical standard-sonnet identity,source-specific standard queue already passed,bibit:sonnet:bibit000657:sonnet_0087,exclude_duplicate_broader_representation_reference_canonical_sonnet,standard_sonnets,inactive_pending_v7
route:wikisource:record:itws:394883,wikisource:record:itws:394883,bibit:sonnet:bibit000657:sonnet_0127,,wikisource,"Infelice scultor, deh! che mi vale",Giovan Battista Marino,,,,53eea16dd4e7cf2f858bbcec3382ceb4c0b5652b459a8b59623ea9f6489f0bae,599,53eea16dd4e7cf2f858bbcec3382ceb4c0b5652b459a8b59623ea9f6489f0bae,7A broader root is covered by canonical standard-sonnet identity,source-specific standard queue already passed,bibit:sonnet:bibit000657:sonnet_0127,exclude_duplicate_broader_representation_reference_canonical_sonnet,standard_sonnets,inactive_pending_v7
route:wikisource:record:itws:394898,wikisource:record:itws:394898,bibit:sonnet:bibit000776:sonnet_0024,,wikisource,Se' pur giunto a quel nido almo natio,Giovan Battista Marino,,,,89fed80091211be7b86126761070fdabcc159ee357c2e15ac55bb1ed939e5ac3,574,89fed80091211be7b86126761070fdabcc159ee357c2e15ac55bb1ed939e5ac3,7A broader root is covered by canonical standard-sonnet identity,source-specific standard queue already passed,bibit:sonnet:bibit000776:sonnet_0024,exclude_duplicate_broader_representation_reference_canonical_sonnet,standard_sonnets,inactive_pending_v7
route:wikisource:record:itws:394901,wikisource:record:itws:394901,bibit:sonnet:bibit001632:sonnet_0045,,wikisource,"Arpie del mar, che da l'estreme sponde",Giovan Battista Marino,,,,daf34ef895cd0f50edc4af59ff8820ce98ae4a337ae1ec56e7d70b1ab1d850c9,612,daf34ef895cd0f50edc4af59ff8820ce98ae4a337ae1ec56e7d70b1ab1d850c9,7A broader root is covered by canonical standard-sonnet identity,source-specific standard queue already passed,bibit:sonnet:bibit001632:sonnet_0045,exclude_duplicate_broader_representation_reference_canonical_sonnet,standard_sonnets,inactive_pending_v7
route:wikisource:record:itws:394909,wikisource:record:itws:394909,bibit:sonnet:bibit001555:sonnet_0048,,wikisource,Intorno al labro del mio ben che fai,Giovan Battista Marino,,,,b10f279b8d3ec9215f26be014857ed072c7c7538f1a80091b00bcd6846f11186,603,b10f279b8d3ec9215f26be014857ed072c7c7538f1a80091b00bcd6846f11186,7A broader root is covered by canonical standard-sonnet identity,source-specific standard queue already passed,bibit:sonnet:bibit001555:sonnet_0048,exclude_duplicate_broader_representation_reference_canonical_sonnet,standard_sonnets,inactive_pending_v7
route:wikisource:record:itws:394915,wikisource:record:itws:394915,bibit:sonnet:bibit001632:sonnet_0008,,wikisource,Tacean sotto la notte austri e procelle,Giovan Battista Marino,,,,dbb34377f905b657483394346cf3fad9d2f2105d9e26769a135540aa6d6747a7,567,dbb34377f905b657483394346cf3fad9d2f2105d9e26769a135540aa6d6747a7,7A broader root is covered by canonical standard-sonnet identity,source-specific standard queue already passed,bibit:sonnet:bibit001632:sonnet_0008,exclude_duplicate_broader_representation_reference_canonical_sonnet,standard_sonnets,inactive_pending_v7
route:wikisource:record:itws:394916,wikisource:record:itws:394916,bibit:sonnet:bibit001632:sonnet_0049,,wikisource,Dir ben poss'io (se non m'inganna il vero,Giovan Battista Marino,,,,295723f65ba92eaf014d221782419f0988652fe79ff5f9d8f722f411249c624b,584,295723f65ba92eaf014d221782419f0988652fe79ff5f9d8f722f411249c624b,7A broader root is covered by canonical standard-sonnet identity,source-specific standard queue already passed,bibit:sonnet:bibit001632:sonnet_0049,exclude_duplicate_broader_representation_reference_canonical_sonnet,standard_sonnets,inactive_pending_v7
route:wikisource:record:itws:394943,wikisource:record:itws:394943,bibit:sonnet:bibit000776:sonnet_0039,,wikisource,Da' confini del mondo oscuri e bassi,Giovan Battista Marino,,,,df022bd4c3b210661f23e1caf2e928863aeaca453e25964c0526b873298f5b97,660,df022bd4c3b210661f23e1caf2e928863aeaca453e25964c0526b873298f5b97,7A broader root is covered by canonical standard-sonnet identity,source-specific standard queue already passed,bibit:sonnet:bibit000776:sonnet_0039,exclude_duplicate_broader_representation_reference_canonical_sonnet,standard_sonnets,inactive_pending_v7
route:wikisource:record:itws:43762,wikisource:record:itws:43762,bibit:sonnet:bibit001063:sonnet_0036,,wikisource,"Che? non credevi forse, anima schiva",Faustina Maratti,,,,2e72014da6982acd9fe8626dc2c917355731cfbf5f5ad8dcf22c3e28df26518d,543,2e72014da6982acd9fe8626dc2c917355731cfbf5f5ad8dcf22c3e28df26518d,7A broader root is covered by canonical standard-sonnet identity,source-specific standard queue already passed,bibit:sonnet:bibit001063:sonnet_0036,exclude_duplicate_broader_representation_reference_canonical_sonnet,standard_sonnets,inactive_pending_v7
route:wikisource:record:itws:43926,wikisource:record:itws:43926,bibit:sonnet:bibit001063:sonnet_0048,,wikisource,"Ombrose valli, e solitari orrori",Faustina Maratti,,,,6a2f522a441d10af4fe019e5f971086007b4e93672d86ba0299d53318e597622,539,6a2f522a441d10af4fe019e5f971086007b4e93672d86ba0299d53318e597622,7A broader root is covered by canonical standard-sonnet identity,source-specific standard queue already passed,bibit:sonnet:bibit001063:sonnet_0048,exclude_duplicate_broader_representation_reference_canonical_sonnet,standard_sonnets,inactive_pending_v7
route:wikisource:record:itws:483532,wikisource:record:itws:483532,bibit:sonnet:bibit001036:sonnet_0005,,wikisource,"Occhi, poi che privati in sempiterno",Lorenzo de' Medici,,,,934b78938f3884c0296fcfdcbed147296deedfd0d6ab1ab42cad9464fe016d8d,579,934b78938f3884c0296fcfdcbed147296deedfd0d6ab1ab42cad9464fe016d8d,7A broader root is covered by canonical standard-sonnet identity,source-specific standard queue already passed,bibit:sonnet:bibit001036:sonnet_0005,exclude_duplicate_broader_representation_reference_canonical_sonnet,standard_sonnets,inactive_pending_v7
route:wikisource:record:itws:483547,wikisource:record:itws:483547,bibit:sonnet:bibit001036:sonnet_0009,,wikisource,"Poi che a Fortuna, a' miei prieghi inimica",Lorenzo de' Medici,,,,be72d0a62332523e9c306acaf1e85ea4f50a923e2724b800410aa76107eb0652,567,be72d0a62332523e9c306acaf1e85ea4f50a923e2724b800410aa76107eb0652,7A broader root is covered by canonical standard-sonnet identity,source-specific standard queue already passed,bibit:sonnet:bibit001036:sonnet_0009,exclude_duplicate_broader_representation_reference_canonical_sonnet,standard_sonnets,inactive_pending_v7
route:wikisource:record:itws:483550,wikisource:record:itws:483550,bibit:sonnet:bibit001036:sonnet_0012,,wikisource,Spesso ritorno al disiato loco,Lorenzo de' Medici,,,,4bc20ca23d983756faaad4cf8d192fa762abd9de0c5b3de497aa12c5619aedc9,561,4bc20ca23d983756faaad4cf8d192fa762abd9de0c5b3de497aa12c5619aedc9,7A broader root is covered by canonical standard-sonnet identity,source-specific standard queue already passed,bibit:sonnet:bibit001036:sonnet_0012,exclude_duplicate_broader_representation_reference_canonical_sonnet,standard_sonnets,inactive_pending_v7
route:wikisource:record:itws:483586,wikisource:record:itws:483586,bibit:sonnet:bibit001036:sonnet_0028,,wikisource,Vidi madonna sopra un fresco rio (Laterza),Lorenzo de' Medici,,,,decdc430a8f4590bef2afa155f81e5904a3eb6905b66f2830373b8f7050e328b,603,decdc430a8f4590bef2afa155f81e5904a3eb6905b66f2830373b8f7050e328b,7A broader root is covered by canonical standard-sonnet identity,source-specific standard queue already passed,bibit:sonnet:bibit001036:sonnet_0028,exclude_duplicate_broader_representation_reference_canonical_sonnet,standard_sonnets,inactive_pending_v7
route:wikisource:record:itws:483588,wikisource:record:itws:483588,bibit:sonnet:bibit001036:sonnet_0033,,wikisource,Se avvien che Amor d'alcun brieve contento,Lorenzo de' Medici,,,,860f59d76409d5a4d2bd1abaea6201bf47e0e1141e3f0e57de9bfcfb148427e4,617,860f59d76409d5a4d2bd1abaea6201bf47e0e1141e3f0e57de9bfcfb148427e4,7A broader root is covered by canonical standard-sonnet identity,source-specific standard queue already passed,bibit:sonnet:bibit001036:sonnet_0033,exclude_duplicate_broader_representation_reference_canonical_sonnet,standard_sonnets,inactive_pending_v7
route:wikisource:record:itws:483594,wikisource:record:itws:483594,bibit:sonnet:bibit001036:sonnet_0039,,wikisource,"Meglio era, Amor, che mai di tua dolcezza",Lorenzo de' Medici,,,,d0362b49eef60dc7172418fd453aec8b6437dedab8fe582ec440644280f14859,637,d0362b49eef60dc7172418fd453aec8b6437dedab8fe582ec440644280f14859,7A broader root is covered by canonical standard-sonnet identity,source-specific standard queue already passed,bibit:sonnet:bibit001036:sonnet_0039,exclude_duplicate_broader_representation_reference_canonical_sonnet,standard_sonnets,inactive_pending_v7
route:wikisource:record:itws:483643,wikisource:record:itws:483643,bibit:sonnet:bibit001036:sonnet_0053,,wikisource,Come lucerna all'ora mattutina,Lorenzo de' Medici,,,,0edaa99aac472594a6556927b2d6f29422634841ebc875097fced3fd52bf2bca,581,0edaa99aac472594a6556927b2d6f29422634841ebc875097fced3fd52bf2bca,7A broader root is covered by canonical standard-sonnet identity,source-specific standard queue already passed,bibit:sonnet:bibit001036:sonnet_0053,exclude_duplicate_broader_representation_reference_canonical_sonnet,standard_sonnets,inactive_pending_v7
route:wikisource:record:itws:483645,wikisource:record:itws:483645,bibit:sonnet:bibit001036:sonnet_0055,,wikisource,"Una ninfa gentil, leggiadra e bella",Lorenzo de' Medici,,,,09aa3ffc383a67b1376437a35d09c8b2098084efbc7675aa47b24a198e487715,633,09aa3ffc383a67b1376437a35d09c8b2098084efbc7675aa47b24a198e487715,7A broader root is covered by canonical standard-sonnet identity,source-specific standard queue already passed,bibit:sonnet:bibit001036:sonnet_0055,exclude_duplicate_broader_representation_reference_canonical_sonnet,standard_sonnets,inactive_pending_v7
route:wikisource:record:itws:483647,wikisource:record:itws:483647,bibit:sonnet:bibit001036:sonnet_0056,,wikisource,Sí presto il ciel mai vidi alluminarsi,Lorenzo de' Medici,,,,9b7e63600ac2b5ccd714357285712d04ff57ae6e5c806e9a0eccfe1e6f877f63,610,9b7e63600ac2b5ccd714357285712d04ff57ae6e5c806e9a0eccfe1e6f877f63,7A broader root is covered by canonical standard-sonnet identity,source-specific standard queue already passed,bibit:sonnet:bibit001036:sonnet_0056,exclude_duplicate_broader_representation_reference_canonical_sonnet,standard_sonnets,inactive_pending_v7
route:wikisource:record:itws:483652,wikisource:record:itws:483652,bibit:sonnet:bibit001036:sonnet_0061,,wikisource,Lo spirito talora a sé redutto,Lorenzo de' Medici,,,,c5be27c7365112b96ea0eb9a7c46d3de08bc3d17bf8a169ac06c318f157acea4,554,c5be27c7365112b96ea0eb9a7c46d3de08bc3d17bf8a169ac06c318f157acea4,7A broader root is covered by canonical standard-sonnet identity,source-specific standard queue already passed,bibit:sonnet:bibit001036:sonnet_0061,exclude_duplicate_broader_representation_reference_canonical_sonnet,standard_sonnets,inactive_pending_v7
route:wikisource:record:itws:483661,wikisource:record:itws:483661,bibit:sonnet:bibit000807:sonnet_0192,,wikisource,O della stirpe dell'invitto Marte,Giambattista Felice Zappi,,,,234af85ecb2297fbb4b70fd107f21e0bab63d0d7266f17e1182a8c98d340eb04,564,234af85ecb2297fbb4b70fd107f21e0bab63d0d7266f17e1182a8c98d340eb04,7A broader root is covered by canonical standard-sonnet identity,source-specific standard queue already passed,bibit:sonnet:bibit000807:sonnet_0192,exclude_duplicate_broader_representation_reference_canonical_sonnet,standard_sonnets,inactive_pending_v7
route:wikisource:record:itws:483663,wikisource:record:itws:483663,bibit:sonnet:bibit000807:sonnet_0206,,wikisource,"O luccioletta, che di quà dall'Orno",Giambattista Felice Zappi,,,,80203b0ff9e86ed4129bccfbc30a7185ce8012f0da93469b4de8d1545d5e3d1a,529,80203b0ff9e86ed4129bccfbc30a7185ce8012f0da93469b4de8d1545d5e3d1a,7A broader root is covered by canonical standard-sonnet identity,source-specific standard queue already passed,bibit:sonnet:bibit000807:sonnet_0206,exclude_duplicate_broader_representation_reference_canonical_sonnet,standard_sonnets,inactive_pending_v7
route:wikisource:record:itws:483678,wikisource:record:itws:483678,bibit:sonnet:bibit000807:sonnet_0202,,wikisource,"O Violetta bella, che ti stai",Giambattista Felice Zappi,,,,41200182be873bc4afa86e3f708771988d1d764ed79807176a7a6c6aea65adc4,565,41200182be873bc4afa86e3f708771988d1d764ed79807176a7a6c6aea65adc4,7A broader root is covered by canonical standard-sonnet identity,source-specific standard queue already passed,bibit:sonnet:bibit000807:sonnet_0202,exclude_duplicate_broader_representation_reference_canonical_sonnet,standard_sonnets,inactive_pending_v7
route:wikisource:record:itws:483716,wikisource:record:itws:483716,bibit:sonnet:bibit001036:sonnet_0063,,wikisource,Talor mi priega dolcemente Amore,Lorenzo de' Medici,,,,1c153c17578e7fb727c5868d14aac006aeb28e3fdf9a354da84a1a1eadd2d1b1,587,1c153c17578e7fb727c5868d14aac006aeb28e3fdf9a354da84a1a1eadd2d1b1,7A broader root is covered by canonical standard-sonnet identity,source-specific standard queue already passed,bibit:sonnet:bibit001036:sonnet_0063,exclude_duplicate_broader_representation_reference_canonical_sonnet,standard_sonnets,inactive_pending_v7
route:wikisource:record:itws:483719,wikisource:record:itws:483719,bibit:sonnet:bibit001036:sonnet_0068,,wikisource,Se con dolce armonia due istrumenti,Lorenzo de' Medici,,,,092d4f6c4385682c6596f62b55a3adb3615f758cbccd87e54fb8d007ab30d5f9,566,092d4f6c4385682c6596f62b55a3adb3615f758cbccd87e54fb8d007ab30d5f9,7A broader root is covered by canonical standard-sonnet identity,source-specific standard queue already passed,bibit:sonnet:bibit001036:sonnet_0068,exclude_duplicate_broader_representation_reference_canonical_sonnet,standard_sonnets,inactive_pending_v7
route:wikisource:record:itws:483724,wikisource:record:itws:483724,bibit:sonnet:bibit001036:sonnet_0081,,wikisource,Chi ha la vista sua cosí potente,Lorenzo de' Medici,,,,0fdb5156d96b67b0102d94a9528a938d18c10eb83446d9ffaf2a77c4f3a7e842,583,0fdb5156d96b67b0102d94a9528a938d18c10eb83446d9ffaf2a77c4f3a7e842,7A broader root is covered by canonical standard-sonnet identity,source-specific standard queue already passed,bibit:sonnet:bibit001036:sonnet_0081,exclude_duplicate_broader_representation_reference_canonical_sonnet,standard_sonnets,inactive_pending_v7
route:wikisource:record:itws:483727,wikisource:record:itws:483727,bibit:sonnet:bibit001036:sonnet_0107,,wikisource,"Occhi, voi siate pur, come paresti",Lorenzo de' Medici,,,,8429ac1e83850a3351d6463cf72314b3f84574a43f178f2fc90b57d042d1afa1,552,8429ac1e83850a3351d6463cf72314b3f84574a43f178f2fc90b57d042d1afa1,7A broader root is covered by canonical standard-sonnet identity,source-specific standard queue already passed,bibit:sonnet:bibit001036:sonnet_0107,exclude_duplicate_broader_representation_reference_canonical_sonnet,standard_sonnets,inactive_pending_v7
route:wikisource:record:itws:483734,wikisource:record:itws:483734,bibit:sonnet:bibit001036:sonnet_0123,,wikisource,Poi che dal bel sembiante dipartisse,Lorenzo de' Medici,,,,819d3c48c06ff676fda96e9ec981c22f2c330b22c6dab2202ff6fc69e708b651,574,819d3c48c06ff676fda96e9ec981c22f2c330b22c6dab2202ff6fc69e708b651,7A broader root is covered by canonical standard-sonnet identity,source-specific standard queue already passed,bibit:sonnet:bibit001036:sonnet_0123,exclude_duplicate_broader_representation_reference_canonical_sonnet,standard_sonnets,inactive_pending_v7
route:wikisource:record:itws:483735,wikisource:record:itws:483735,bibit:sonnet:bibit001036:sonnet_0124,,wikisource,"Per lunga, erta, aspra via, nell'ombre involto",Lorenzo de' Medici,,,,6dc78be7679a03781787085f9f5502b97cccd6a848d2725f7b1424d1e72261fa,576,6dc78be7679a03781787085f9f5502b97cccd6a848d2725f7b1424d1e72261fa,7A broader root is covered by canonical standard-sonnet identity,source-specific standard queue already passed,bibit:sonnet:bibit001036:sonnet_0124,exclude_duplicate_broader_representation_reference_canonical_sonnet,standard_sonnets,inactive_pending_v7
route:wikisource:record:itws:483736,wikisource:record:itws:483736,bibit:sonnet:bibit001036:sonnet_0125,,wikisource,"Le frondi giovinette, li arbuscelli",Lorenzo de' Medici,,,,c525db830daa013245c864c9ee2566b27c19df016858cc3039f3bd80b296c06f,546,c525db830daa013245c864c9ee2566b27c19df016858cc3039f3bd80b296c06f,7A broader root is covered by canonical standard-sonnet identity,source-specific standard queue already passed,bibit:sonnet:bibit001036:sonnet_0125,exclude_duplicate_broader_representation_reference_canonical_sonnet,standard_sonnets,inactive_pending_v7
route:wikisource:record:itws:483745,wikisource:record:itws:483745,bibit:sonnet:bibit001036:sonnet_0135,,wikisource,S'avvien che la mia vista tutta intenta,Lorenzo de' Medici,,,,4ec430db49929e71fa48639d1e4a49687c7d294bae8102f56b8951ebfde988d7,560,4ec430db49929e71fa48639d1e4a49687c7d294bae8102f56b8951ebfde988d7,7A broader root is covered by canonical standard-sonnet identity,source-specific standard queue already passed,bibit:sonnet:bibit001036:sonnet_0135,exclude_duplicate_broader_representation_reference_canonical_sonnet,standard_sonnets,inactive_pending_v7
route:wikisource:record:itws:483797,wikisource:record:itws:483797,bibit:sonnet:bibit001036:sonnet_0143,,wikisource,Madonna simulando una dolce ira,Lorenzo de' Medici,,,,f26d3e2e796fbe38f053b005268d42e070aeb379dbfb57953f33bb74db248647,590,f26d3e2e796fbe38f053b005268d42e070aeb379dbfb57953f33bb74db248647,7A broader root is covered by canonical standard-sonnet identity,source-specific standard queue already passed,bibit:sonnet:bibit001036:sonnet_0143,exclude_duplicate_broader_representation_reference_canonical_sonnet,standard_sonnets,inactive_pending_v7
route:wikisource:record:itws:483798,wikisource:record:itws:483798,bibit:sonnet:bibit001036:sonnet_0144,,wikisource,Quando il cieco desir per maggior pena,Lorenzo de' Medici,,,,1d0f97aa4af2de040bd3b52f79d9f74801063f132b3680020c8c8b817a3f2665,567,1d0f97aa4af2de040bd3b52f79d9f74801063f132b3680020c8c8b817a3f2665,7A broader root is covered by canonical standard-sonnet identity,source-specific standard queue already passed,bibit:sonnet:bibit001036:sonnet_0144,exclude_duplicate_broader_representation_reference_canonical_sonnet,standard_sonnets,inactive_pending_v7
route:wikisource:record:itws:483801,wikisource:record:itws:483801,bibit:sonnet:bibit001036:sonnet_0147,,wikisource,Se talor gli occhi miei madonna mira,Lorenzo de' Medici,,,,49788b2d79bb78b712134850a6cbd19c37c128e317bb501e424c7a8bbfc32ada,563,49788b2d79bb78b712134850a6cbd19c37c128e317bb501e424c7a8bbfc32ada,7A broader root is covered by canonical standard-sonnet identity,source-specific standard queue already passed,bibit:sonnet:bibit001036:sonnet_0147,exclude_duplicate_broader_representation_reference_canonical_sonnet,standard_sonnets,inactive_pending_v7
route:wikisource:record:itws:483803,wikisource:record:itws:483803,bibit:sonnet:bibit001036:sonnet_0149,,wikisource,"Dura memoria, perché non ti spegni",Lorenzo de' Medici,,,,c3b5c0a6709e6d0fcc68224b026f17726b167fc097c0f6bd835520f823880e43,586,c3b5c0a6709e6d0fcc68224b026f17726b167fc097c0f6bd835520f823880e43,7A broader root is covered by canonical standard-sonnet identity,source-specific standard queue already passed,bibit:sonnet:bibit001036:sonnet_0149,exclude_duplicate_broader_representation_reference_canonical_sonnet,standard_sonnets,inactive_pending_v7
route:wikisource:record:itws:483804,wikisource:record:itws:483804,bibit:sonnet:bibit001036:sonnet_0150,,wikisource,"Qual maraviglia, o mio gentil Cortese",Lorenzo de' Medici,,,,1dadc32d40b17a75fee0bb8062bf62cca54e139ff582306edf81f21db6be24e2,551,1dadc32d40b17a75fee0bb8062bf62cca54e139ff582306edf81f21db6be24e2,7A broader root is covered by canonical standard-sonnet identity,source-specific standard queue already passed,bibit:sonnet:bibit001036:sonnet_0150,exclude_duplicate_broader_representation_reference_canonical_sonnet,standard_sonnets,inactive_pending_v7
route:wikisource:record:itws:484108,wikisource:record:itws:484108,bibit:sonnet:bibit000807:sonnet_0212,,wikisource,"Vago, leggiadro, caro Bambolino",Giambattista Felice Zappi,,,,f284af5569e5016dd17c765a22207e705485dc44bdb6d0f48c0893a113b5eecc,547,f284af5569e5016dd17c765a22207e705485dc44bdb6d0f48c0893a113b5eecc,7A broader root is covered by canonical standard-sonnet identity,source-specific standard queue already passed,bibit:sonnet:bibit000807:sonnet_0212,exclude_duplicate_broader_representation_reference_canonical_sonnet,standard_sonnets,inactive_pending_v7
route:wikisource:record:itws:518160,wikisource:record:itws:518160,bibit:sonnet:bibit000524:sonnet_0227,,wikisource,Mira l'eroe che tutto in se raccolto,Giovan Girolamo II Acquaviva d'Aragona,,,,eaa029027a70046ec63369ab25a2db81915df8bf278e1b88c5f6a9ceec58cbd8,552,eaa029027a70046ec63369ab25a2db81915df8bf278e1b88c5f6a9ceec58cbd8,7A broader root is covered by canonical standard-sonnet identity,source-specific standard queue already passed,bibit:sonnet:bibit000524:sonnet_0227,exclude_duplicate_broader_representation_reference_canonical_sonnet,standard_sonnets,inactive_pending_v7
route:wikisource:record:itws:742777,wikisource:record:itws:742777,bibit:sonnet:bibit000831:sonnet_0108,,wikisource,Silentium,Giovanni Prati,,,,aec55acb91e159ca219a2f40da8f2db693ea3d879429dc4f52beb63a94645648,548,aec55acb91e159ca219a2f40da8f2db693ea3d879429dc4f52beb63a94645648,7A broader root is covered by canonical standard-sonnet identity,source-specific standard queue already passed,bibit:sonnet:bibit000831:sonnet_0108,exclude_duplicate_broader_representation_reference_canonical_sonnet,standard_sonnets,inactive_pending_v7
route:wikisource:record:itws:746025,wikisource:record:itws:746025,v6:sonnet:cecco_lx_io_combattei_con_amor_ed_hol_morto,,wikisource,Io combattei con Amor ed hol morto,Cecco Angiolieri,,,,d2c4de1814b6608354abbb3f740a0db4cbe371b4196e95d129e0922c8dd43f61,595,d2c4de1814b6608354abbb3f740a0db4cbe371b4196e95d129e0922c8dd43f61,7A broader root is covered by canonical standard-sonnet identity,source-specific standard queue already passed,v6:sonnet:cecco_lx_io_combattei_con_amor_ed_hol_morto,exclude_duplicate_broader_representation_reference_canonical_sonnet,standard_sonnets,inactive_pending_v7
route:wikisource:record:itws:826728,wikisource:record:itws:826728,bibit:sonnet:bibit000949:sonnet_0007,,wikisource,"Dante Alighieri son, Minerva oscura (Lucas)",Giovanni Boccaccio,,,,ea6e74cbbaf12e27054d30eb530614bf2056aa8e5b8b9c7513d3e0326a7de30f,546,ea6e74cbbaf12e27054d30eb530614bf2056aa8e5b8b9c7513d3e0326a7de30f,7A broader root is covered by canonical standard-sonnet identity,source-specific standard queue already passed,bibit:sonnet:bibit000949:sonnet_0007,exclude_duplicate_broader_representation_reference_canonical_sonnet,standard_sonnets,inactive_pending_v7
route:wikisource:record:itws:826919,wikisource:record:itws:826919,bibit:sonnet:bibit000099:sonnet_0393,,wikisource,"Vecchio ed alato dio, nato col sole",Torquato Tasso,,,,6e8992a680ffc772da500573c83d6b00b71a12c181b7647e4d0fe937604c28ad,535,6e8992a680ffc772da500573c83d6b00b71a12c181b7647e4d0fe937604c28ad,7A broader root is covered by canonical standard-sonnet identity,source-specific standard queue already passed,bibit:sonnet:bibit000099:sonnet_0393,exclude_duplicate_broader_representation_reference_canonical_sonnet,standard_sonnets,inactive_pending_v7
route:wikisource:record:itws:882555,wikisource:record:itws:882555,bibit:sonnet:bibit000364:sonnet_0075,,wikisource,"Ben ardo anch'io, ma d'un bel viso adorno",Girolamo Preti,,,,7ed5f3a2e3fc359f9bd1901dd0bdc4a5e122530a90b9226dd23c242fb09ef64b,564,7ed5f3a2e3fc359f9bd1901dd0bdc4a5e122530a90b9226dd23c242fb09ef64b,7A broader root is covered by canonical standard-sonnet identity,source-specific standard queue already passed,bibit:sonnet:bibit000364:sonnet_0075,exclude_duplicate_broader_representation_reference_canonical_sonnet,standard_sonnets,inactive_pending_v7
route:wikisource:record:itws:975995,wikisource:record:itws:975995,bibit:sonnet:bibit001002:sonnet_0014;bibit:sonnet:bibit001036:sonnet_0086,,wikisource,O mano mia suavissima e decora (Simioni),Lorenzo de' Medici,,,,288d1eb9cd36fccace06708786cf234fa90da3eec82895ff88e6a0b80755613a,517,288d1eb9cd36fccace06708786cf234fa90da3eec82895ff88e6a0b80755613a,7A broader root is covered by canonical standard-sonnet identity,source-specific standard queue already passed,bibit:sonnet:bibit001002:sonnet_0014;bibit:sonnet:bibit001036:sonnet_0086,exclude_duplicate_broader_representation_reference_canonical_sonnet,standard_sonnets,inactive_pending_v7
