review_id,checkpoint_4b_decision,review_unit_type,work_root_count,projected_wikitext_bytes,work_root_ids,representative_root_titles,scan_titles,scan_title_language_signals,scan_group_conditioned_count,scan_group_nonitalian_count,scan_group_nonstandard_hold_count,review_status,required_action,activation_status
itws-4b-review-0001,hold_multiple_source_scans,work_root,1,85923,itws:739585,"Poesie (Campanella, 1938)","Campanella, Tommaso – Poesie, 1915 – BEIC 1777758.djvu | Campanella, Tommaso – Poesie, 1938 – BEIC 1778417.djvu",,0,0,0,unresolved_hold,Select and justify one edition or define non-overlapping edition segments.,metadata_only_not_activated
itws-4b-review-0002,hold_multiple_source_scans,work_root,1,102412,itws:855643,Trattato completo di agricoltura,"Cantoni - Trattato completo di agricoltura, 1855, I.djvu | Gaetano Cantoni - Trattato completo di agricoltura, 1855.djvu",,0,0,0,unresolved_hold,Select and justify one edition or define non-overlapping edition segments.,metadata_only_not_activated
itws-4b-review-0003,hold_multiple_source_scans,work_root,1,6665,itws:279023,Scelte opere di Ugo Foscolo,Inni di Callimaco.djvu | Opere scelte di Ugo Foscolo I.djvu | Opere scelte di Ugo Foscolo II.djvu,,0,1,0,unresolved_hold,Select and justify one edition or define non-overlapping edition segments.,metadata_only_not_activated
itws-4b-review-0004,hold_no_direct_scan_link,work_root,1,801,itws:19974,8 aprile 1887,,,0,0,0,unresolved_hold,Resolve the exact source scan or retain the work outside page-level extraction.,metadata_only_not_activated
itws-4b-review-0005,hold_no_direct_scan_link,work_root,1,998,itws:14074,A Bergamo,,,0,0,0,unresolved_hold,Resolve the exact source scan or retain the work outside page-level extraction.,metadata_only_not_activated
itws-4b-review-0006,hold_no_direct_scan_link,work_root,1,1111,itws:3232,A Carlo Porta,,,0,0,0,unresolved_hold,Resolve the exact source scan or retain the work outside page-level extraction.,metadata_only_not_activated
itws-4b-review-0007,hold_no_direct_scan_link,work_root,1,2780,itws:356923,A caso in terra caddero,,,0,0,0,unresolved_hold,Resolve the exact source scan or retain the work outside page-level extraction.,metadata_only_not_activated
itws-4b-review-0008,hold_no_direct_scan_link,work_root,1,1143,itws:4161,A Ferrer,,,0,0,0,unresolved_hold,Resolve the exact source scan or retain the work outside page-level extraction.,metadata_only_not_activated
itws-4b-review-0009,hold_no_direct_scan_link,work_root,1,1083,itws:63940,A frate Guittone,,,0,0,0,unresolved_hold,Resolve the exact source scan or retain the work outside page-level extraction.,metadata_only_not_activated
itws-4b-review-0010,hold_no_direct_scan_link,work_root,1,1501,itws:3293,"A Giulio, lodatore di ""pazzi sonettanti"", o classicisti",,,0,0,0,unresolved_hold,Resolve the exact source scan or retain the work outside page-level extraction.,metadata_only_not_activated
itws-4b-review-0011,hold_no_direct_scan_link,work_root,1,1139,itws:26151,A la stagion che 'l mondo foglia e fiora (Ricciardi),,,0,0,0,unresolved_hold,Resolve the exact source scan or retain the work outside page-level extraction.,metadata_only_not_activated
itws-4b-review-0012,hold_no_direct_scan_link,work_root,1,3001,itws:36263,A pena pare ch'io saccia cantare,,,0,0,0,unresolved_hold,Resolve the exact source scan or retain the work outside page-level extraction.,metadata_only_not_activated
itws-4b-review-0013,hold_no_direct_scan_link,work_root,1,3816,itws:62617,A qualunque animal che vive in terra,,,0,0,0,unresolved_hold,Resolve the exact source scan or retain the work outside page-level extraction.,metadata_only_not_activated
itws-4b-review-0014,hold_no_direct_scan_link,work_root,1,1452,itws:168357,A' piè dell'Etna,,,0,0,0,unresolved_hold,Resolve the exact source scan or retain the work outside page-level extraction.,metadata_only_not_activated
itws-4b-review-0015,hold_no_direct_scan_link,work_root,1,1134,itws:68923,Abbi Pietà!,,,0,0,0,unresolved_hold,Resolve the exact source scan or retain the work outside page-level extraction.,metadata_only_not_activated
itws-4b-review-0016,hold_no_direct_scan_link,work_root,1,764,itws:31908,"Abbi, musica bella",,,0,0,0,unresolved_hold,Resolve the exact source scan or retain the work outside page-level extraction.,metadata_only_not_activated
itws-4b-review-0017,hold_no_direct_scan_link,work_root,1,1416,itws:70228,Addio a Lugano,,,0,0,0,unresolved_hold,Resolve the exact source scan or retain the work outside page-level extraction.,metadata_only_not_activated
itws-4b-review-0018,hold_no_direct_scan_link,work_root,1,1319,itws:8429,Addio addio amore,,,0,0,0,unresolved_hold,Resolve the exact source scan or retain the work outside page-level extraction.,metadata_only_not_activated
itws-4b-review-0019,hold_no_direct_scan_link,work_root,1,1050,itws:4129,Addio bella addio!,,,0,0,0,unresolved_hold,Resolve the exact source scan or retain the work outside page-level extraction.,metadata_only_not_activated
itws-4b-review-0020,hold_no_direct_scan_link,work_root,1,1852,itws:19955,Addio compagni addio,,,0,0,0,unresolved_hold,Resolve the exact source scan or retain the work outside page-level extraction.,metadata_only_not_activated
itws-4b-review-0021,hold_no_direct_scan_link,work_root,1,4599,itws:41410,"Ahi lasso, che li boni e li malvagi",,,0,0,0,unresolved_hold,Resolve the exact source scan or retain the work outside page-level extraction.,metadata_only_not_activated
itws-4b-review-0022,hold_no_direct_scan_link,work_root,1,4241,itws:37284,"Ahi lasso, or è stagion de doler tanto",,,0,0,0,unresolved_hold,Resolve the exact source scan or retain the work outside page-level extraction.,metadata_only_not_activated
itws-4b-review-0023,hold_no_direct_scan_link,work_root,1,1455,itws:4132,Ai 24 ma di settembre,,,0,0,0,unresolved_hold,Resolve the exact source scan or retain the work outside page-level extraction.,metadata_only_not_activated
itws-4b-review-0024,hold_no_direct_scan_link,work_root,1,5301,itws:204235,Ai Palleschi,,,0,0,0,unresolved_hold,Resolve the exact source scan or retain the work outside page-level extraction.,metadata_only_not_activated
itws-4b-review-0025,hold_no_direct_scan_link,work_root,1,4425,itws:75003,Ai superstiti di Calatafimi,,,0,0,0,unresolved_hold,Resolve the exact source scan or retain the work outside page-level extraction.,metadata_only_not_activated
itws-4b-review-0026,hold_no_direct_scan_link,work_root,1,2868,itws:6741,Al cor gentil rempaira sempre amore,,,0,0,0,unresolved_hold,Resolve the exact source scan or retain the work outside page-level extraction.,metadata_only_not_activated
itws-4b-review-0027,hold_no_direct_scan_link,work_root,1,1498,itws:36247,Al cor m'è nato e prende uno disio,,,0,0,0,unresolved_hold,Resolve the exact source scan or retain the work outside page-level extraction.,metadata_only_not_activated
itws-4b-review-0028,hold_no_direct_scan_link,work_root,1,1264,itws:984116,Al mio calendario,,,0,0,0,unresolved_hold,Resolve the exact source scan or retain the work outside page-level extraction.,metadata_only_not_activated
itws-4b-review-0029,hold_no_direct_scan_link,work_root,1,11790,itws:216297,Al pianoforte,,,0,0,0,unresolved_hold,Resolve the exact source scan or retain the work outside page-level extraction.,metadata_only_not_activated
itws-4b-review-0030,hold_no_direct_scan_link,work_root,1,468235,itws:562648,Al Polo Nord,,,0,0,0,unresolved_hold,Resolve the exact source scan or retain the work outside page-level extraction.,metadata_only_not_activated
itws-4b-review-0031,hold_no_direct_scan_link,work_root,1,707,itws:3230,Al signor Francesco Hayez,,,0,0,0,unresolved_hold,Resolve the exact source scan or retain the work outside page-level extraction.,metadata_only_not_activated
itws-4b-review-0032,hold_no_direct_scan_link,work_root,1,1068,itws:352884,All'apparir del tramontar del sole,,,0,0,0,unresolved_hold,Resolve the exact source scan or retain the work outside page-level extraction.,metadata_only_not_activated
itws-4b-review-0033,hold_no_direct_scan_link,work_root,1,878,itws:797732,Alla libertà,,,0,0,0,unresolved_hold,Resolve the exact source scan or retain the work outside page-level extraction.,metadata_only_not_activated
itws-4b-review-0034,hold_no_direct_scan_link,work_root,1,609,itws:892357,Allor che ignuda,,,0,0,0,unresolved_hold,Resolve the exact source scan or retain the work outside page-level extraction.,metadata_only_not_activated
itws-4b-review-0035,hold_no_direct_scan_link,work_root,1,643,itws:63787,Altissimo glorioso Dio,,,0,0,0,unresolved_hold,Resolve the exact source scan or retain the work outside page-level extraction.,metadata_only_not_activated
itws-4b-review-0036,hold_no_direct_scan_link,work_root,1,612,itws:31891,Altra mercè giamai,,,0,0,0,unresolved_hold,Resolve the exact source scan or retain the work outside page-level extraction.,metadata_only_not_activated
itws-4b-review-0037,hold_no_direct_scan_link,work_root,1,2284,itws:36213,Amando con fin core e co speranza,,,0,0,0,unresolved_hold,Resolve the exact source scan or retain the work outside page-level extraction.,metadata_only_not_activated
itws-4b-review-0038,hold_no_direct_scan_link,work_root,1,1983,itws:36262,Amor ben veio che mi fa tenire,,,0,0,0,unresolved_hold,Resolve the exact source scan or retain the work outside page-level extraction.,metadata_only_not_activated
itws-4b-review-0039,hold_no_direct_scan_link,work_root,1,1968,itws:36612,Amor mi fa sovente,,,0,0,0,unresolved_hold,Resolve the exact source scan or retain the work outside page-level extraction.,metadata_only_not_activated
itws-4b-review-0040,hold_no_direct_scan_link,work_root,1,3000,itws:35652,"Amor, che lungiamente m'ài menato",,,0,0,0,unresolved_hold,Resolve the exact source scan or retain the work outside page-level extraction.,metadata_only_not_activated
itws-4b-review-0041,hold_no_direct_scan_link,work_root,1,1674,itws:36066,"Amor, che m'à 'n comando",,,0,0,0,unresolved_hold,Resolve the exact source scan or retain the work outside page-level extraction.,metadata_only_not_activated
itws-4b-review-0042,hold_no_direct_scan_link,work_root,1,972,itws:31881,"Amor, com'esser può che per mia doglia",,,0,0,0,unresolved_hold,Resolve the exact source scan or retain the work outside page-level extraction.,metadata_only_not_activated
itws-4b-review-0043,hold_no_direct_scan_link,work_root,1,2752,itws:35075,"Amor, quando mi membra",,,0,0,0,unresolved_hold,Resolve the exact source scan or retain the work outside page-level extraction.,metadata_only_not_activated
itws-4b-review-0044,hold_no_direct_scan_link,work_root,1,941,itws:36988,Amore fue invisibole criato,,,0,0,0,unresolved_hold,Resolve the exact source scan or retain the work outside page-level extraction.,metadata_only_not_activated
itws-4b-review-0045,hold_no_direct_scan_link,work_root,1,1370,itws:36617,Amore m'ave priso,,,0,0,0,unresolved_hold,Resolve the exact source scan or retain the work outside page-level extraction.,metadata_only_not_activated
itws-4b-review-0046,hold_no_direct_scan_link,work_root,1,1121,itws:19876,Amore ribelle,,,0,0,0,unresolved_hold,Resolve the exact source scan or retain the work outside page-level extraction.,metadata_only_not_activated
itws-4b-review-0047,hold_no_direct_scan_link,work_root,1,1012,itws:35144,Amore è uno desio che ven da' core,,,0,0,0,unresolved_hold,Resolve the exact source scan or retain the work outside page-level extraction.,metadata_only_not_activated
itws-4b-review-0048,hold_no_direct_scan_link,work_root,1,2365,itws:36587,"Amore, avendo interamente voglia",,,0,0,0,unresolved_hold,Resolve the exact source scan or retain the work outside page-level extraction.,metadata_only_not_activated
itws-4b-review-0049,hold_no_direct_scan_link,work_root,1,1944,itws:36214,"Amore, in cui disio ed ò speranza",,,0,0,0,unresolved_hold,Resolve the exact source scan or retain the work outside page-level extraction.,metadata_only_not_activated
itws-4b-review-0050,hold_no_direct_scan_link,work_root,1,3256,itws:31879,Amori (Marino),,,0,0,0,unresolved_hold,Resolve the exact source scan or retain the work outside page-level extraction.,metadata_only_not_activated
itws-4b-review-0051,hold_no_direct_scan_link,work_root,1,2061,itws:36198,Amorosa donna fina,,,0,0,0,unresolved_hold,Resolve the exact source scan or retain the work outside page-level extraction.,metadata_only_not_activated
itws-4b-review-0052,hold_no_direct_scan_link,work_root,1,705,itws:3150,Anacreontica,,,0,0,0,unresolved_hold,Resolve the exact source scan or retain the work outside page-level extraction.,metadata_only_not_activated
itws-4b-review-0053,hold_no_direct_scan_link,work_root,1,3167,itws:35653,Ancor che l'aigua per lo foco lassi,,,0,0,0,unresolved_hold,Resolve the exact source scan or retain the work outside page-level extraction.,metadata_only_not_activated
itws-4b-review-0054,hold_no_direct_scan_link,work_root,1,20807,itws:406143,Ancorché antichissimo,,,0,0,0,unresolved_hold,Resolve the exact source scan or retain the work outside page-level extraction.,metadata_only_not_activated
itws-4b-review-0055,hold_no_direct_scan_link,work_root,1,60271,itws:71282,Angelica (Aretino),,,0,0,0,unresolved_hold,Resolve the exact source scan or retain the work outside page-level extraction.,metadata_only_not_activated
itws-4b-review-0056,hold_no_direct_scan_link,work_root,1,31343,itws:106369,Antichità estensi,,,0,0,0,unresolved_hold,Resolve the exact source scan or retain the work outside page-level extraction.,metadata_only_not_activated
itws-4b-review-0057,hold_no_direct_scan_link,work_root,1,29265,itws:73300,Apologia,,,0,0,0,unresolved_hold,Resolve the exact source scan or retain the work outside page-level extraction.,metadata_only_not_activated
itws-4b-review-0058,hold_no_direct_scan_link,work_root,1,37562,itws:26417,Appressamento della morte,,,0,0,0,unresolved_hold,Resolve the exact source scan or retain the work outside page-level extraction.,metadata_only_not_activated
itws-4b-review-0059,hold_no_direct_scan_link,work_root,1,124287,itws:74156,Aridosia,,,0,0,0,unresolved_hold,Resolve the exact source scan or retain the work outside page-level extraction.,metadata_only_not_activated
itws-4b-review-0060,hold_no_direct_scan_link,work_root,1,355662,itws:21722,Asolani,,,0,0,0,unresolved_hold,Resolve the exact source scan or retain the work outside page-level extraction.,metadata_only_not_activated
itws-4b-review-0061,hold_no_direct_scan_link,work_root,1,2335,itws:36589,Assai cretti celare,,,0,0,0,unresolved_hold,Resolve the exact source scan or retain the work outside page-level extraction.,metadata_only_not_activated
itws-4b-review-0062,hold_no_direct_scan_link,work_root,1,2259,itws:36224,Assai mi placeria,,,0,0,0,unresolved_hold,Resolve the exact source scan or retain the work outside page-level extraction.,metadata_only_not_activated
itws-4b-review-0063,hold_no_direct_scan_link,work_root,1,338909,itws:532067,Attraverso l'Atlantico in pallone,,,0,0,0,unresolved_hold,Resolve the exact source scan or retain the work outside page-level extraction.,metadata_only_not_activated
itws-4b-review-0064,hold_no_direct_scan_link,work_root,1,1759,itws:36994,Audite forte cosa che m'avene,,,0,0,0,unresolved_hold,Resolve the exact source scan or retain the work outside page-level extraction.,metadata_only_not_activated
itws-4b-review-0065,hold_no_direct_scan_link,work_root,1,961,itws:26148,Audite poverelle,,,0,0,0,unresolved_hold,Resolve the exact source scan or retain the work outside page-level extraction.,metadata_only_not_activated
itws-4b-review-0066,hold_no_direct_scan_link,work_root,1,353328,itws:557749,Avventure fra le pelli-rosse,,,0,0,0,unresolved_hold,Resolve the exact source scan or retain the work outside page-level extraction.,metadata_only_not_activated
itws-4b-review-0067,hold_no_direct_scan_link,work_root,1,307219,itws:544610,Avventure straordinarie di un marinaio in Africa,,,0,0,0,unresolved_hold,Resolve the exact source scan or retain the work outside page-level extraction.,metadata_only_not_activated
itws-4b-review-0068,hold_no_direct_scan_link,work_root,1,707,itws:28190,Avventuroso augello,,,0,0,0,unresolved_hold,Resolve the exact source scan or retain the work outside page-level extraction.,metadata_only_not_activated
itws-4b-review-0069,hold_no_direct_scan_link,work_root,1,2833,itws:265954,Avviso 13 luglio 1787 Regio Imperiale Consiglio di Governo,,,0,0,0,unresolved_hold,Resolve the exact source scan or retain the work outside page-level extraction.,metadata_only_not_activated
itws-4b-review-0070,hold_no_direct_scan_link,work_root,1,8769,itws:106370,Avviso mandato a S. Maestà Cesarea,,,0,0,0,unresolved_hold,Resolve the exact source scan or retain the work outside page-level extraction.,metadata_only_not_activated
itws-4b-review-0071,hold_no_direct_scan_link,work_root,1,4830,itws:169126,"Baciami, baciami, baciami ancora",,,0,0,0,unresolved_hold,Resolve the exact source scan or retain the work outside page-level extraction.,metadata_only_not_activated
itws-4b-review-0072,hold_no_direct_scan_link,work_root,1,2228,itws:984121,Bacio ideale,,,0,0,0,unresolved_hold,Resolve the exact source scan or retain the work outside page-level extraction.,metadata_only_not_activated
itws-4b-review-0073,hold_no_direct_scan_link,work_root,1,15475,itws:1539,"Bando sopra la nuova divisione, e riforma de' Confini delle Contrade della Città di Siena",,,0,0,0,unresolved_hold,Resolve the exact source scan or retain the work outside page-level extraction.,metadata_only_not_activated
itws-4b-review-0074,hold_no_direct_scan_link,work_root,1,1062,itws:352232,"Bella coppia felice, in cui natura",,,0,0,0,unresolved_hold,Resolve the exact source scan or retain the work outside page-level extraction.,metadata_only_not_activated
itws-4b-review-0075,hold_no_direct_scan_link,work_root,1,756,itws:352290,Bella cosa il veder vestito in gala,,,0,0,0,unresolved_hold,Resolve the exact source scan or retain the work outside page-level extraction.,metadata_only_not_activated
itws-4b-review-0076,hold_no_direct_scan_link,work_root,1,1214,itws:302478,"Bella donna sdegna molti che l'amano, e ama uno solo, che l'odia",,,0,0,0,unresolved_hold,Resolve the exact source scan or retain the work outside page-level extraction.,metadata_only_not_activated
itws-4b-review-0077,hold_no_direct_scan_link,work_root,1,1798,itws:36447,Ben mi degio alegrare,,,0,0,0,unresolved_hold,Resolve the exact source scan or retain the work outside page-level extraction.,metadata_only_not_activated
itws-4b-review-0078,hold_no_direct_scan_link,work_root,1,1674,itws:64689,Ben venga maggio (Sapegno),,,0,0,0,unresolved_hold,Resolve the exact source scan or retain the work outside page-level extraction.,metadata_only_not_activated
itws-4b-review-0079,hold_no_direct_scan_link,work_root,1,46498,itws:61335,Bestiario moralizzato di Gubbio,,,0,0,0,unresolved_hold,Resolve the exact source scan or retain the work outside page-level extraction.,metadata_only_not_activated
itws-4b-review-0080,hold_no_direct_scan_link,work_root,1,53573,itws:54029,Breve schizzo dei sistemi di filosofia moderna e del proprio sistema,,,0,0,0,unresolved_hold,Resolve the exact source scan or retain the work outside page-level extraction.,metadata_only_not_activated
itws-4b-review-0081,hold_no_direct_scan_link,work_root,1,1118,itws:698485,Bruceremo le chiese,,,0,0,0,unresolved_hold,Resolve the exact source scan or retain the work outside page-level extraction.,metadata_only_not_activated
itws-4b-review-0082,hold_no_direct_scan_link,work_root,1,13598,itws:61323,Caducità della vita umana,,,0,0,0,unresolved_hold,Resolve the exact source scan or retain the work outside page-level extraction.,metadata_only_not_activated
itws-4b-review-0083,hold_no_direct_scan_link,work_root,1,1291,itws:73331,Canto degli Ermafroditi,,,0,0,0,unresolved_hold,Resolve the exact source scan or retain the work outside page-level extraction.,metadata_only_not_activated
itws-4b-review-0084,hold_no_direct_scan_link,work_root,1,425,itws:35329,Canto soldatesco di Travale,,,0,0,0,unresolved_hold,Resolve the exact source scan or retain the work outside page-level extraction.,metadata_only_not_activated
itws-4b-review-0085,hold_no_direct_scan_link,work_root,1,4257,itws:76751,Canzone alla greca in onore dell'invitto martire Sant'Ermete,,,0,0,0,unresolved_hold,Resolve the exact source scan or retain the work outside page-level extraction.,metadata_only_not_activated
itws-4b-review-0086,hold_no_direct_scan_link,work_root,1,4318,itws:61438,Canzone del fi' Aldobrandino,,,0,0,0,unresolved_hold,Resolve the exact source scan or retain the work outside page-level extraction.,metadata_only_not_activated
itws-4b-review-0087,hold_no_direct_scan_link,work_root,1,2907,itws:61259,Canzone di Auliver,,,0,0,0,unresolved_hold,Resolve the exact source scan or retain the work outside page-level extraction.,metadata_only_not_activated
itws-4b-review-0088,hold_no_direct_scan_link,work_root,1,12303,itws:69594,Canzoniere (Dante da Maiano),,,0,0,0,unresolved_hold,Resolve the exact source scan or retain the work outside page-level extraction.,metadata_only_not_activated
itws-4b-review-0089,hold_no_direct_scan_link,work_root,1,2352,itws:418367,Canzun dils giats da Glienard Balleta de anno 1794,,,0,0,0,unresolved_hold,Resolve the exact source scan or retain the work outside page-level extraction.,metadata_only_not_activated
itws-4b-review-0090,hold_no_direct_scan_link,work_root,1,6346,itws:963096,Capannetta,,,0,0,0,unresolved_hold,Resolve the exact source scan or retain the work outside page-level extraction.,metadata_only_not_activated
itws-4b-review-0091,hold_no_direct_scan_link,work_root,1,36166,itws:56942,Capitoli della congregazione dello Spirito Santo di Villafranca-Piemonte,,,0,0,0,unresolved_hold,Resolve the exact source scan or retain the work outside page-level extraction.,metadata_only_not_activated
itws-4b-review-0092,hold_no_direct_scan_link,work_root,1,37255,itws:61996,Capitolo sopra all'amicizia,,,0,0,0,unresolved_hold,Resolve the exact source scan or retain the work outside page-level extraction.,metadata_only_not_activated
itws-4b-review-0093,hold_no_direct_scan_link,work_root,1,3703,itws:200125,Capitolo sopra il nome suo,,,0,0,0,unresolved_hold,Resolve the exact source scan or retain the work outside page-level extraction.,metadata_only_not_activated
itws-4b-review-0094,hold_no_direct_scan_link,work_root,1,705,itws:35307,Cartula del Monte Amiata,,,0,0,0,unresolved_hold,Resolve the exact source scan or retain the work outside page-level extraction.,metadata_only_not_activated
itws-4b-review-0095,hold_no_direct_scan_link,work_root,1,1910,itws:71947,Casta Diva,,,0,0,0,unresolved_hold,Resolve the exact source scan or retain the work outside page-level extraction.,metadata_only_not_activated
itws-4b-review-0096,hold_no_direct_scan_link,work_root,1,1276,itws:55907,Cattiverie,,,0,0,0,unresolved_hold,Resolve the exact source scan or retain the work outside page-level extraction.,metadata_only_not_activated
itws-4b-review-0097,hold_no_direct_scan_link,work_root,1,1998,itws:36995,Caunoscenza penosa e angosciosa,,,0,0,0,unresolved_hold,Resolve the exact source scan or retain the work outside page-level extraction.,metadata_only_not_activated
itws-4b-review-0098,hold_no_direct_scan_link,work_root,1,8922,itws:36328,Cenni sulla costituzione della Repubblica Ambrosiana,,,0,0,0,unresolved_hold,Resolve the exact source scan or retain the work outside page-level extraction.,metadata_only_not_activated
itws-4b-review-0099,hold_no_direct_scan_link,work_root,1,3103,itws:374206,Cento novelle amorose de i Signori Accademici Incogniti,,,0,0,0,unresolved_hold,Resolve the exact source scan or retain the work outside page-level extraction.,metadata_only_not_activated
itws-4b-review-0100,hold_no_direct_scan_link,work_root,1,1135,itws:230677,Cerco la strofa che sia fosca e queta,,,0,0,0,unresolved_hold,Resolve the exact source scan or retain the work outside page-level extraction.,metadata_only_not_activated
itws-4b-review-0101,hold_no_direct_scan_link,work_root,1,928,itws:63734,"Ch'eo cor avesse, mi potea laudare",,,0,0,0,unresolved_hold,Resolve the exact source scan or retain the work outside page-level extraction.,metadata_only_not_activated
itws-4b-review-0102,hold_no_direct_scan_link,work_root,1,678,itws:352300,Chercuto bruco,,,0,0,0,unresolved_hold,Resolve the exact source scan or retain the work outside page-level extraction.,metadata_only_not_activated
itws-4b-review-0103,hold_no_direct_scan_link,work_root,1,928,itws:36577,Chi conoscesse sì la sua fallanza,,,0,0,0,unresolved_hold,Resolve the exact source scan or retain the work outside page-level extraction.,metadata_only_not_activated
itws-4b-review-0104,hold_no_direct_scan_link,work_root,1,1509,itws:352878,Chi fosse sano di dentro e di fuore,,,0,0,0,unresolved_hold,Resolve the exact source scan or retain the work outside page-level extraction.,metadata_only_not_activated
itws-4b-review-0105,hold_no_direct_scan_link,work_root,1,65847,itws:216426,"Chi lascia la via vecchia per la nuova, sa quel che lascia, e non sa quel che trova",,,0,0,0,unresolved_hold,Resolve the exact source scan or retain the work outside page-level extraction.,metadata_only_not_activated
itws-4b-review-0106,hold_no_direct_scan_link,work_root,1,927,itws:4906,Chi non avesse mai veduto foco,,,0,0,0,unresolved_hold,Resolve the exact source scan or retain the work outside page-level extraction.,metadata_only_not_activated
itws-4b-review-0107,hold_no_direct_scan_link,work_root,1,806,itws:19985,Chi per la patria muor,,,0,0,0,unresolved_hold,Resolve the exact source scan or retain the work outside page-level extraction.,metadata_only_not_activated
itws-4b-review-0108,hold_no_direct_scan_link,work_root,1,947,itws:63742,Chi vedesse a Lucia un var capuzzo,,,0,0,0,unresolved_hold,Resolve the exact source scan or retain the work outside page-level extraction.,metadata_only_not_activated
itws-4b-review-0109,hold_no_direct_scan_link,work_root,1,590,itws:31889,"Chi vuol veder, chi vuole",,,0,0,0,unresolved_hold,Resolve the exact source scan or retain the work outside page-level extraction.,metadata_only_not_activated
itws-4b-review-0110,hold_no_direct_scan_link,work_root,1,5506,itws:71827,Chiamati dalla Divina Provvidenza,,,0,0,0,unresolved_hold,Resolve the exact source scan or retain the work outside page-level extraction.,metadata_only_not_activated
itws-4b-review-0111,hold_no_direct_scan_link,work_root,1,981,itws:31894,Cinto di fosche e tenebrose bende,,,0,0,0,unresolved_hold,Resolve the exact source scan or retain the work outside page-level extraction.,metadata_only_not_activated
itws-4b-review-0112,hold_no_direct_scan_link,work_root,1,89414,itws:70261,Clizia,,,0,0,0,unresolved_hold,Resolve the exact source scan or retain the work outside page-level extraction.,metadata_only_not_activated
itws-4b-review-0113,hold_no_direct_scan_link,work_root,1,12348,itws:75953,Come si diventa socialisti,,,0,0,0,unresolved_hold,Resolve the exact source scan or retain the work outside page-level extraction.,metadata_only_not_activated
itws-4b-review-0114,hold_no_direct_scan_link,work_root,1,780,itws:60708,Come vanno,,,0,0,0,unresolved_hold,Resolve the exact source scan or retain the work outside page-level extraction.,metadata_only_not_activated
itws-4b-review-0115,hold_no_direct_scan_link,work_root,1,860,itws:427720,Compilazione dell'Eneide di Virgilio,,,0,0,0,unresolved_hold,Resolve the exact source scan or retain the work outside page-level extraction.,metadata_only_not_activated
itws-4b-review-0116,hold_no_direct_scan_link,work_root,1,1787,itws:62186,Con gran disio pensando lungamente,,,0,0,0,unresolved_hold,Resolve the exact source scan or retain the work outside page-level extraction.,metadata_only_not_activated
itws-4b-review-0117,hold_no_direct_scan_link,work_root,1,1003,itws:31903,Con venti e venti effigiate carte,,,0,0,0,unresolved_hold,Resolve the exact source scan or retain the work outside page-level extraction.,metadata_only_not_activated
itws-4b-review-0118,hold_no_direct_scan_link,work_root,1,8238,itws:7028,Condizioni che devono servir alla riunione degli Stati di Genova a quelli di S. M. Sarda concordate dalle Potenze Alleate nel Congresso di Vienna,,,0,0,0,unresolved_hold,Resolve the exact source scan or retain the work outside page-level extraction.,metadata_only_not_activated
itws-4b-review-0119,hold_no_direct_scan_link,work_root,1,765076,itws:87840,Condizioni politiche e amministrative della Sicilia,,,0,0,0,unresolved_hold,Resolve the exact source scan or retain the work outside page-level extraction.,metadata_only_not_activated
itws-4b-review-0120,hold_no_direct_scan_link,work_root,1,3440,itws:59725,Confessione di Norcia,,,0,0,0,unresolved_hold,Resolve the exact source scan or retain the work outside page-level extraction.,metadata_only_not_activated
itws-4b-review-0121,hold_no_direct_scan_link,work_root,1,1448,itws:74180,Congedo (Ragusa Moleti),,,0,0,0,unresolved_hold,Resolve the exact source scan or retain the work outside page-level extraction.,metadata_only_not_activated
itws-4b-review-0122,hold_no_direct_scan_link,work_root,1,2784,itws:36237,Contra lo meo volire,,,0,0,0,unresolved_hold,Resolve the exact source scan or retain the work outside page-level extraction.,metadata_only_not_activated
itws-4b-review-0123,hold_no_direct_scan_link,work_root,1,2492,itws:514268,Contratto di acquisto della baia di Assab,,,0,0,0,unresolved_hold,Resolve the exact source scan or retain the work outside page-level extraction.,metadata_only_not_activated
itws-4b-review-0124,hold_no_direct_scan_link,work_root,1,613,itws:159432,"Contro i detrattori delle sue tragedie (Alfieri, 1912)",,,0,0,0,unresolved_hold,Resolve the exact source scan or retain the work outside page-level extraction.,metadata_only_not_activated
itws-4b-review-0125,hold_no_direct_scan_link,work_root,1,2978,itws:87956,Contro i dissidi tra Originari e Forestieri,,,0,0,0,unresolved_hold,Resolve the exact source scan or retain the work outside page-level extraction.,metadata_only_not_activated
itws-4b-review-0126,hold_no_direct_scan_link,work_root,1,3115,itws:237092,Convenzione Clary-Medici,,,0,0,0,unresolved_hold,Resolve the exact source scan or retain the work outside page-level extraction.,metadata_only_not_activated
itws-4b-review-0127,hold_no_direct_scan_link,work_root,1,425848,itws:29655,Convivio,,,0,0,0,unresolved_hold,Resolve the exact source scan or retain the work outside page-level extraction.,metadata_only_not_activated
itws-4b-review-0128,hold_no_direct_scan_link,work_root,1,972,itws:77221,"Coprite, o muse, di color funebre",,,0,0,0,unresolved_hold,Resolve the exact source scan or retain the work outside page-level extraction.,metadata_only_not_activated
itws-4b-review-0129,hold_no_direct_scan_link,work_root,1,1154,itws:19980,Coro dei crociati e pellegrini,,,0,0,0,unresolved_hold,Resolve the exact source scan or retain the work outside page-level extraction.,metadata_only_not_activated
itws-4b-review-0130,hold_no_direct_scan_link,work_root,1,987,itws:1021901,Cosi com' nell'oscuro alluma il raggio,,,0,0,0,unresolved_hold,Resolve the exact source scan or retain the work outside page-level extraction.,metadata_only_not_activated
itws-4b-review-0131,hold_no_direct_scan_link,work_root,1,16695,itws:678128,Costituzione del Regno di Corsica,,,0,0,0,unresolved_hold,Resolve the exact source scan or retain the work outside page-level extraction.,metadata_only_not_activated
itws-4b-review-0132,hold_no_direct_scan_link,work_root,1,15016,itws:168827,Costituzione dell'Impero del Giappone (1889),,,0,0,0,unresolved_hold,Resolve the exact source scan or retain the work outside page-level extraction.,metadata_only_not_activated
itws-4b-review-0133,hold_no_direct_scan_link,work_root,1,9501,itws:706760,Costituzione di 17 articoli,,,0,0,0,unresolved_hold,Resolve the exact source scan or retain the work outside page-level extraction.,metadata_only_not_activated
itws-4b-review-0134,hold_no_direct_scan_link,work_root,1,12957,itws:963369,Creditor galante,,,0,0,0,unresolved_hold,Resolve the exact source scan or retain the work outside page-level extraction.,metadata_only_not_activated
itws-4b-review-0135,hold_no_direct_scan_link,work_root,1,637,itws:370409,Cronaca senese,,,0,0,0,unresolved_hold,Resolve the exact source scan or retain the work outside page-level extraction.,metadata_only_not_activated
itws-4b-review-0136,hold_no_direct_scan_link,work_root,1,379075,itws:63044,Cronica,,,0,0,0,unresolved_hold,Resolve the exact source scan or retain the work outside page-level extraction.,metadata_only_not_activated
itws-4b-review-0137,hold_no_direct_scan_link,work_root,1,1094,itws:71313,Cuore ingenuo,,,0,0,0,unresolved_hold,Resolve the exact source scan or retain the work outside page-level extraction.,metadata_only_not_activated
itws-4b-review-0138,hold_no_direct_scan_link,work_root,1,19133,itws:72123,Custodi di quella fede,,,0,0,0,unresolved_hold,Resolve the exact source scan or retain the work outside page-level extraction.,metadata_only_not_activated
itws-4b-review-0139,hold_no_direct_scan_link,work_root,1,1604,itws:36694,D'Amor distretto vivo doloroso,,,0,0,0,unresolved_hold,Resolve the exact source scan or retain the work outside page-level extraction.,metadata_only_not_activated
itws-4b-review-0140,hold_no_direct_scan_link,work_root,1,2441,itws:35648,D'amoroso paese,,,0,0,0,unresolved_hold,Resolve the exact source scan or retain the work outside page-level extraction.,metadata_only_not_activated
itws-4b-review-0141,hold_no_direct_scan_link,work_root,1,1020,itws:71505,"D'ozio, e di vino, e di vivande pieno",,,0,0,0,unresolved_hold,Resolve the exact source scan or retain the work outside page-level extraction.,metadata_only_not_activated
itws-4b-review-0142,hold_no_direct_scan_link,work_root,1,13237,itws:72160,Da grave sventura,,,0,0,0,unresolved_hold,Resolve the exact source scan or retain the work outside page-level extraction.,metadata_only_not_activated
itws-4b-review-0143,hold_no_direct_scan_link,work_root,1,6305,itws:72111,Da questa pacifica,,,0,0,0,unresolved_hold,Resolve the exact source scan or retain the work outside page-level extraction.,metadata_only_not_activated
itws-4b-review-0144,hold_no_direct_scan_link,work_root,1,15459,itws:337484,Dafne,,,0,0,0,unresolved_hold,Resolve the exact source scan or retain the work outside page-level extraction.,metadata_only_not_activated
itws-4b-review-0145,hold_no_direct_scan_link,work_root,1,974,itws:187377,Dal suo infinito Amor sospinto Dio,,,0,0,0,unresolved_hold,Resolve the exact source scan or retain the work outside page-level extraction.,metadata_only_not_activated
itws-4b-review-0146,hold_no_direct_scan_link,work_root,1,710,itws:31925,Dal zoppo genitore,,,0,0,0,unresolved_hold,Resolve the exact source scan or retain the work outside page-level extraction.,metadata_only_not_activated
itws-4b-review-0147,hold_no_direct_scan_link,work_root,1,32907,itws:72121,Dall'alto dell'apostolico seggio,,,0,0,0,unresolved_hold,Resolve the exact source scan or retain the work outside page-level extraction.,metadata_only_not_activated
itws-4b-review-0148,hold_no_direct_scan_link,work_root,1,4298,itws:54142,Dall'Elogio d'un Pazzo,,,0,0,0,unresolved_hold,Resolve the exact source scan or retain the work outside page-level extraction.,metadata_only_not_activated
itws-4b-review-0149,hold_no_direct_scan_link,work_root,1,16945,itws:50172,De Babilonia civitate infernali,,,0,0,0,unresolved_hold,Resolve the exact source scan or retain the work outside page-level extraction.,metadata_only_not_activated
itws-4b-review-0150,hold_no_direct_scan_link,work_root,1,13692,itws:50171,De Ierusalem celesti,,,0,0,0,unresolved_hold,Resolve the exact source scan or retain the work outside page-level extraction.,metadata_only_not_activated
itws-4b-review-0151,hold_no_direct_scan_link,work_root,1,1850,itws:36271,De le mia disïanza,,,0,0,0,unresolved_hold,Resolve the exact source scan or retain the work outside page-level extraction.,metadata_only_not_activated
itws-4b-review-0152,hold_no_direct_scan_link,work_root,1,4223,itws:31440,De lunularum quadratura,,,0,0,0,unresolved_hold,Resolve the exact source scan or retain the work outside page-level extraction.,metadata_only_not_activated
itws-4b-review-0153,hold_no_direct_scan_link,work_root,1,1102,itws:77189,De Nativitate Christi,,,0,0,0,unresolved_hold,Resolve the exact source scan or retain the work outside page-level extraction.,metadata_only_not_activated
itws-4b-review-0154,hold_no_direct_scan_link,work_root,1,2337,itws:53843,Decadenza e rinnovazione dell'Arte,,,0,0,0,unresolved_hold,Resolve the exact source scan or retain the work outside page-level extraction.,metadata_only_not_activated
itws-4b-review-0155,hold_no_direct_scan_link,work_root,1,189554,itws:1343,Dei delitti e delle pene,,,0,0,0,unresolved_hold,Resolve the exact source scan or retain the work outside page-level extraction.,metadata_only_not_activated
itws-4b-review-0156,hold_no_direct_scan_link,work_root,1,437986,itws:33145,Dei difetti della giurisprudenza,,,0,0,0,unresolved_hold,Resolve the exact source scan or retain the work outside page-level extraction.,metadata_only_not_activated
itws-4b-review-0157,hold_no_direct_scan_link,work_root,1,1093,itws:356925,Del letto marital questa è la sponda,,,0,0,0,unresolved_hold,Resolve the exact source scan or retain the work outside page-level extraction.,metadata_only_not_activated
itws-4b-review-0158,hold_no_direct_scan_link,work_root,1,2464,itws:36996,Del meo voler dir l'ombra,,,0,0,0,unresolved_hold,Resolve the exact source scan or retain the work outside page-level extraction.,metadata_only_not_activated
itws-4b-review-0159,hold_no_direct_scan_link,work_root,1,37657,itws:3089,Del trionfo della libertà,,,0,0,0,unresolved_hold,Resolve the exact source scan or retain the work outside page-level extraction.,metadata_only_not_activated
itws-4b-review-0160,hold_no_direct_scan_link,work_root,1,89070,itws:103599,Della eccellenza e dignità delle donne,,,0,0,0,unresolved_hold,Resolve the exact source scan or retain the work outside page-level extraction.,metadata_only_not_activated
itws-4b-review-0161,hold_no_direct_scan_link,work_root,1,40967,itws:83773,Della generazione de' mostri,,,0,0,0,unresolved_hold,Resolve the exact source scan or retain the work outside page-level extraction.,metadata_only_not_activated
itws-4b-review-0162,hold_no_direct_scan_link,work_root,1,5221,itws:53845,Della Morale Epicurea,,,0,0,0,unresolved_hold,Resolve the exact source scan or retain the work outside page-level extraction.,metadata_only_not_activated
itws-4b-review-0163,hold_no_direct_scan_link,work_root,1,537,itws:352288,Della poltroneria tale è il diletto,,,0,0,0,unresolved_hold,Resolve the exact source scan or retain the work outside page-level extraction.,metadata_only_not_activated
itws-4b-review-0164,hold_no_direct_scan_link,work_root,1,43540,itws:92380,Della presente condizione delle donne e del loro avvenire,,,0,0,0,unresolved_hold,Resolve the exact source scan or retain the work outside page-level extraction.,metadata_only_not_activated
itws-4b-review-0165,hold_no_direct_scan_link,work_root,1,29182,itws:8857,Detti e sentenze memorabili,,,0,0,0,unresolved_hold,Resolve the exact source scan or retain the work outside page-level extraction.,metadata_only_not_activated
itws-4b-review-0166,hold_no_direct_scan_link,work_root,1,4849,itws:61317,Detto del gatto lupesco,,,0,0,0,unresolved_hold,Resolve the exact source scan or retain the work outside page-level extraction.,metadata_only_not_activated
itws-4b-review-0167,hold_no_direct_scan_link,work_root,1,5058,itws:51029,Di alcuni marmi e rocce della Valtellina,,,0,0,0,unresolved_hold,Resolve the exact source scan or retain the work outside page-level extraction.,metadata_only_not_activated
itws-4b-review-0168,hold_no_direct_scan_link,work_root,1,1191,itws:19990,Di canti di gioia,,,0,0,0,unresolved_hold,Resolve the exact source scan or retain the work outside page-level extraction.,metadata_only_not_activated
itws-4b-review-0169,hold_no_direct_scan_link,work_root,1,10571,itws:963916,Dialoghi tra il Gran Me e il piccolo me: La vigilia,,,0,0,0,unresolved_hold,Resolve the exact source scan or retain the work outside page-level extraction.,metadata_only_not_activated
itws-4b-review-0170,hold_no_direct_scan_link,work_root,1,51638,itws:22775,"Dialogo di Camillo Agrippa milanese sopra la generatione de venti, baleni, tuoni, fulgori, fiumi, laghi, valli, & montagne",,,0,0,0,unresolved_hold,Resolve the exact source scan or retain the work outside page-level extraction.,metadata_only_not_activated
itws-4b-review-0171,hold_no_direct_scan_link,work_root,1,6114,itws:66332,"Dilettissima figlia, al mondo sola",,,0,0,0,unresolved_hold,Resolve the exact source scan or retain the work outside page-level extraction.,metadata_only_not_activated
itws-4b-review-0172,hold_no_direct_scan_link,work_root,1,3496,itws:5926,"Disciplina di alcuni punti di diritto marittimo - Dichiarazione, Parigi, 16 aprile 1856",,,0,0,0,unresolved_hold,Resolve the exact source scan or retain the work outside page-level extraction.,metadata_only_not_activated
itws-4b-review-0173,hold_no_direct_scan_link,work_root,1,794052,itws:12711,Discorsi sopra la prima Deca di Tito Livio,,,0,0,0,unresolved_hold,Resolve the exact source scan or retain the work outside page-level extraction.,metadata_only_not_activated
itws-4b-review-0174,hold_no_direct_scan_link,work_root,1,30784,itws:71670,Discorso delle cose fiorentine dopo la morte di Lorenzo,,,0,0,0,unresolved_hold,Resolve the exact source scan or retain the work outside page-level extraction.,metadata_only_not_activated
itws-4b-review-0175,hold_no_direct_scan_link,work_root,1,8887,itws:71599,Discorso fatto al Magistrato dei Dieci sopra le cose di Pisa,,,0,0,0,unresolved_hold,Resolve the exact source scan or retain the work outside page-level extraction.,metadata_only_not_activated
itws-4b-review-0176,hold_no_direct_scan_link,work_root,1,1499,itws:35658,Distretto core e amoruso,,,0,0,0,unresolved_hold,Resolve the exact source scan or retain the work outside page-level extraction.,metadata_only_not_activated
itws-4b-review-0177,hold_no_direct_scan_link,work_root,1,1397,itws:5947,"Divieto di impiegare proiettili destinati unicamente a sviluppare gas asfissianti e deleteri - Dichiarazione, L'Aja, 29 luglio 1899",,,0,0,0,unresolved_hold,Resolve the exact source scan or retain the work outside page-level extraction.,metadata_only_not_activated
itws-4b-review-0178,hold_no_direct_scan_link,work_root,1,745034,itws:1548,Divina Commedia,,,0,0,0,unresolved_hold,Resolve the exact source scan or retain the work outside page-level extraction.,metadata_only_not_activated
itws-4b-review-0179,hold_no_direct_scan_link,work_root,1,27040,itws:106377,Dizionario Topografico-Storico degli Stati Estensi,,,0,0,0,unresolved_hold,Resolve the exact source scan or retain the work outside page-level extraction.,metadata_only_not_activated
itws-4b-review-0180,hold_no_direct_scan_link,work_root,1,1596,itws:92382,Do mi sol... la do mi...,,,0,0,0,unresolved_hold,Resolve the exact source scan or retain the work outside page-level extraction.,metadata_only_not_activated
itws-4b-review-0181,hold_no_direct_scan_link,work_root,1,6397,itws:75730,Documenti per la storia dell'arte senese,,,0,0,0,unresolved_hold,Resolve the exact source scan or retain the work outside page-level extraction.,metadata_only_not_activated
itws-4b-review-0182,hold_no_direct_scan_link,work_root,1,2254,itws:36997,Dogliosamente e con gran malenanza,,,0,0,0,unresolved_hold,Resolve the exact source scan or retain the work outside page-level extraction.,metadata_only_not_activated
itws-4b-review-0183,hold_no_direct_scan_link,work_root,1,966,itws:63795,"Dolente, lasso, già non m'asecuro",,,0,0,0,unresolved_hold,Resolve the exact source scan or retain the work outside page-level extraction.,metadata_only_not_activated
itws-4b-review-0184,hold_no_direct_scan_link,work_root,1,2705,itws:763143,"Domna, tant vos ai preiada",,,0,0,0,unresolved_hold,Resolve the exact source scan or retain the work outside page-level extraction.,metadata_only_not_activated
itws-4b-review-0185,hold_no_direct_scan_link,work_root,1,4134,itws:61689,Donna de Paradiso,,,0,0,0,unresolved_hold,Resolve the exact source scan or retain the work outside page-level extraction.,metadata_only_not_activated
itws-4b-review-0186,hold_no_direct_scan_link,work_root,1,2846,itws:35663,"Donna, audite como",,,0,0,0,unresolved_hold,Resolve the exact source scan or retain the work outside page-level extraction.,metadata_only_not_activated
itws-4b-review-0187,hold_no_direct_scan_link,work_root,1,2586,itws:36552,"Donna, di voi mi lamento",,,0,0,0,unresolved_hold,Resolve the exact source scan or retain the work outside page-level extraction.,metadata_only_not_activated
itws-4b-review-0188,hold_no_direct_scan_link,work_root,1,500,itws:64755,"Donna, il cantar soave",,,0,0,0,unresolved_hold,Resolve the exact source scan or retain the work outside page-level extraction.,metadata_only_not_activated
itws-4b-review-0189,hold_no_direct_scan_link,work_root,1,1956,itws:63782,"Donna, l'amor mi sforza",,,0,0,0,unresolved_hold,Resolve the exact source scan or retain the work outside page-level extraction.,metadata_only_not_activated
itws-4b-review-0190,hold_no_direct_scan_link,work_root,1,2058,itws:64760,"Donna, lo fino amore",,,0,0,0,unresolved_hold,Resolve the exact source scan or retain the work outside page-level extraction.,metadata_only_not_activated
itws-4b-review-0191,hold_no_direct_scan_link,work_root,1,2388,itws:36553,"Donna, per vostro amore",,,0,0,0,unresolved_hold,Resolve the exact source scan or retain the work outside page-level extraction.,metadata_only_not_activated
itws-4b-review-0192,hold_no_direct_scan_link,work_root,1,982,itws:31882,"Donna, siam rei di morte. Errasti, errai",,,0,0,0,unresolved_hold,Resolve the exact source scan or retain the work outside page-level extraction.,metadata_only_not_activated
itws-4b-review-0193,hold_no_direct_scan_link,work_root,1,1066,itws:602765,Dove la luce è tanta,,,0,0,0,unresolved_hold,Resolve the exact source scan or retain the work outside page-level extraction.,metadata_only_not_activated
itws-4b-review-0194,hold_no_direct_scan_link,work_root,1,67327,itws:5868,Drammi intimi,,,0,0,0,unresolved_hold,Resolve the exact source scan or retain the work outside page-level extraction.,metadata_only_not_activated
itws-4b-review-0195,hold_no_direct_scan_link,work_root,1,4287,itws:418529,Duas canzuns veglias,,,0,0,0,unresolved_hold,Resolve the exact source scan or retain the work outside page-level extraction.,metadata_only_not_activated
itws-4b-review-0196,hold_no_direct_scan_link,work_root,1,641,itws:352310,Due colombine intatte,,,0,0,0,unresolved_hold,Resolve the exact source scan or retain the work outside page-level extraction.,metadata_only_not_activated
itws-4b-review-0197,hold_no_direct_scan_link,work_root,1,57079,itws:329191,"Due lezioni all'Accademia fiorentina circa la figura, sito e grandezza dell'inferno di Dante",,,0,0,0,unresolved_hold,Resolve the exact source scan or retain the work outside page-level extraction.,metadata_only_not_activated
itws-4b-review-0198,hold_no_direct_scan_link,work_root,1,6234,itws:122040,Due tradizioni sulla Regina delle fate,,,0,0,0,unresolved_hold,Resolve the exact source scan or retain the work outside page-level extraction.,metadata_only_not_activated
itws-4b-review-0199,hold_no_direct_scan_link,work_root,1,738,itws:352294,E al Sovrano dirà come a sua voglia,,,0,0,0,unresolved_hold,Resolve the exact source scan or retain the work outside page-level extraction.,metadata_only_not_activated
itws-4b-review-0200,hold_no_direct_scan_link,work_root,1,984,itws:64869,E i tedeschi coi suoi baffi,,,0,0,0,unresolved_hold,Resolve the exact source scan or retain the work outside page-level extraction.,metadata_only_not_activated
itws-4b-review-0201,hold_no_direct_scan_link,work_root,1,721,itws:31883,E labra ha di rubino,,,0,0,0,unresolved_hold,Resolve the exact source scan or retain the work outside page-level extraction.,metadata_only_not_activated
itws-4b-review-0202,hold_no_direct_scan_link,work_root,1,6105,itws:265950,Editto 1744 Senato di Milano,,,0,0,0,unresolved_hold,Resolve the exact source scan or retain the work outside page-level extraction.,metadata_only_not_activated
itws-4b-review-0203,hold_no_direct_scan_link,work_root,1,13321,itws:265942,"Editto 20 agosto 1701 Filippo V di Spagna, duca di Milano",,,0,0,0,unresolved_hold,Resolve the exact source scan or retain the work outside page-level extraction.,metadata_only_not_activated
itws-4b-review-0204,hold_no_direct_scan_link,work_root,1,6740,itws:265939,Editto 5 luglio 1748 Senato di Milano,,,0,0,0,unresolved_hold,Resolve the exact source scan or retain the work outside page-level extraction.,metadata_only_not_activated
itws-4b-review-0205,hold_no_direct_scan_link,work_root,1,6948,itws:266430,Editto 6 aprile 1757 Senato di Milano,,,0,0,0,unresolved_hold,Resolve the exact source scan or retain the work outside page-level extraction.,metadata_only_not_activated
itws-4b-review-0206,hold_no_direct_scan_link,work_root,1,4915,itws:77296,Egloga (Benivieni),,,0,0,0,unresolved_hold,Resolve the exact source scan or retain the work outside page-level extraction.,metadata_only_not_activated
itws-4b-review-0207,hold_no_direct_scan_link,work_root,1,308167,itws:64898,El libro dell'amore,,,0,0,0,unresolved_hold,Resolve the exact source scan or retain the work outside page-level extraction.,metadata_only_not_activated
itws-4b-review-0208,hold_no_direct_scan_link,work_root,1,4531,itws:59650,Elegia giudeo-italiana,,,0,0,0,unresolved_hold,Resolve the exact source scan or retain the work outside page-level extraction.,metadata_only_not_activated
itws-4b-review-0209,hold_no_direct_scan_link,work_root,1,1008,itws:351354,Entra la verginella in sul mattino,,,0,0,0,unresolved_hold,Resolve the exact source scan or retain the work outside page-level extraction.,metadata_only_not_activated
itws-4b-review-0210,hold_no_direct_scan_link,work_root,1,940,itws:36987,Eo maladico l'ora che 'n promero,,,0,0,0,unresolved_hold,Resolve the exact source scan or retain the work outside page-level extraction.,metadata_only_not_activated
itws-4b-review-0211,hold_no_direct_scan_link,work_root,1,1839,itws:3100,Epigrammi (Manzoni),,,0,0,0,unresolved_hold,Resolve the exact source scan or retain the work outside page-level extraction.,metadata_only_not_activated
itws-4b-review-0212,hold_no_direct_scan_link,work_root,1,8178,itws:64679,Epistolario (Santa Caterina da Siena),,,0,0,0,unresolved_hold,Resolve the exact source scan or retain the work outside page-level extraction.,metadata_only_not_activated
itws-4b-review-0213,hold_no_direct_scan_link,work_root,1,202863,itws:136713,Epistolario di Renato Serra,,,0,0,0,unresolved_hold,Resolve the exact source scan or retain the work outside page-level extraction.,metadata_only_not_activated
itws-4b-review-0214,hold_no_direct_scan_link,work_root,1,5621,itws:76580,Eroismo di madre,,,0,0,0,unresolved_hold,Resolve the exact source scan or retain the work outside page-level extraction.,metadata_only_not_activated
itws-4b-review-0215,hold_no_direct_scan_link,work_root,1,809,itws:69247,Eros,,,0,0,0,unresolved_hold,Resolve the exact source scan or retain the work outside page-level extraction.,metadata_only_not_activated
itws-4b-review-0216,hold_no_direct_scan_link,work_root,1,2085,itws:353078,"Essere o non essere, questo è il dubbio!",,,0,0,0,unresolved_hold,Resolve the exact source scan or retain the work outside page-level extraction.,metadata_only_not_activated
itws-4b-review-0217,hold_no_direct_scan_link,work_root,1,1360,itws:191792,Fantasimi,,,0,0,0,unresolved_hold,Resolve the exact source scan or retain the work outside page-level extraction.,metadata_only_not_activated
itws-4b-review-0218,hold_no_direct_scan_link,work_root,1,40038,itws:64501,Favole (Leonardo da Vinci),,,0,0,0,unresolved_hold,Resolve the exact source scan or retain the work outside page-level extraction.,metadata_only_not_activated
itws-4b-review-0219,hold_no_direct_scan_link,work_root,1,386544,itws:75745,Fede e bellezza,,,0,0,0,unresolved_hold,Resolve the exact source scan or retain the work outside page-level extraction.,metadata_only_not_activated
itws-4b-review-0220,hold_no_direct_scan_link,work_root,1,1368424,itws:3153,Fermo e Lucia,,,0,0,0,unresolved_hold,Resolve the exact source scan or retain the work outside page-level extraction.,metadata_only_not_activated
itws-4b-review-0221,hold_no_direct_scan_link,work_root,1,1051,itws:22261,"Figlio mio dilettoso, in faccia laude (Einaudi)",,,0,0,0,unresolved_hold,Resolve the exact source scan or retain the work outside page-level extraction.,metadata_only_not_activated
itws-4b-review-0222,hold_no_direct_scan_link,work_root,1,1316026,itws:23166,Filocolo,,,0,0,0,unresolved_hold,Resolve the exact source scan or retain the work outside page-level extraction.,metadata_only_not_activated
itws-4b-review-0223,hold_no_direct_scan_link,work_root,1,1336,itws:526754,"Filocolo (Magheri, 1829)",,,0,0,0,unresolved_hold,Resolve the exact source scan or retain the work outside page-level extraction.,metadata_only_not_activated
itws-4b-review-0224,hold_no_direct_scan_link,work_root,1,4850,itws:154531,Fior di mia gioventute,,,0,0,0,unresolved_hold,Resolve the exact source scan or retain the work outside page-level extraction.,metadata_only_not_activated
itws-4b-review-0225,hold_no_direct_scan_link,work_root,1,1493,itws:18969,Flik Flok,,,0,0,0,unresolved_hold,Resolve the exact source scan or retain the work outside page-level extraction.,metadata_only_not_activated
itws-4b-review-0226,hold_no_direct_scan_link,work_root,1,1756,itws:352220,"Folle amante, e che fai",,,0,0,0,unresolved_hold,Resolve the exact source scan or retain the work outside page-level extraction.,metadata_only_not_activated
itws-4b-review-0227,hold_no_direct_scan_link,work_root,1,3404,itws:162297,Formula di confessione dell'abbazia di sant'Eustizio,,,0,0,0,unresolved_hold,Resolve the exact source scan or retain the work outside page-level extraction.,metadata_only_not_activated
itws-4b-review-0228,hold_no_direct_scan_link,work_root,1,6298,itws:66337,"Fortuna, a cui el mondo è sottoposto",,,0,0,0,unresolved_hold,Resolve the exact source scan or retain the work outside page-level extraction.,metadata_only_not_activated
itws-4b-review-0229,hold_no_direct_scan_link,work_root,1,951,itws:63852,Fra l'altre pene maggio credo sia,,,0,0,0,unresolved_hold,Resolve the exact source scan or retain the work outside page-level extraction.,metadata_only_not_activated
itws-4b-review-0230,hold_no_direct_scan_link,work_root,1,552,itws:162223,Fra tuti quî ke fece lu Creature,,,0,0,0,unresolved_hold,Resolve the exact source scan or retain the work outside page-level extraction.,metadata_only_not_activated
itws-4b-review-0231,hold_no_direct_scan_link,work_root,1,1565,itws:3109,Frammento d'un'ode alle muse,,,0,0,0,unresolved_hold,Resolve the exact source scan or retain the work outside page-level extraction.,metadata_only_not_activated
itws-4b-review-0232,hold_no_direct_scan_link,work_root,1,4769,itws:39158,Gente noiosa e villana,,,0,0,0,unresolved_hold,Resolve the exact source scan or retain the work outside page-level extraction.,metadata_only_not_activated
itws-4b-review-0233,hold_no_direct_scan_link,work_root,1,941,itws:138667,"Gentil donzella, di pregio nomata",,,0,0,0,unresolved_hold,Resolve the exact source scan or retain the work outside page-level extraction.,metadata_only_not_activated
itws-4b-review-0234,hold_no_direct_scan_link,work_root,1,2411,itws:123860,Gioiosamente canto (Contini),,,0,0,0,unresolved_hold,Resolve the exact source scan or retain the work outside page-level extraction.,metadata_only_not_activated
itws-4b-review-0235,hold_no_direct_scan_link,work_root,1,60923,itws:83721,Giornale circostanziato di quanto ha fatto la Bestia feroce nell'Alto Milanese,,,0,0,0,unresolved_hold,Resolve the exact source scan or retain the work outside page-level extraction.,metadata_only_not_activated
itws-4b-review-0236,hold_no_direct_scan_link,work_root,1,917,itws:61440,"Gioven sonetto, come vo' che sia",,,0,0,0,unresolved_hold,Resolve the exact source scan or retain the work outside page-level extraction.,metadata_only_not_activated
itws-4b-review-0237,hold_no_direct_scan_link,work_root,1,2030,itws:36195,Già mai non mi conforto (Panvini),,,0,0,0,unresolved_hold,Resolve the exact source scan or retain the work outside page-level extraction.,metadata_only_not_activated
itws-4b-review-0238,hold_no_direct_scan_link,work_root,1,2820,itws:352222,Già nell'umido seno,,,0,0,0,unresolved_hold,Resolve the exact source scan or retain the work outside page-level extraction.,metadata_only_not_activated
itws-4b-review-0239,hold_no_direct_scan_link,work_root,1,946,itws:60367,Gl'occhi col core stanno in tenzamento,,,0,0,0,unresolved_hold,Resolve the exact source scan or retain the work outside page-level extraction.,metadata_only_not_activated
itws-4b-review-0240,hold_no_direct_scan_link,work_root,1,30290,itws:563276,Gli antropofaghi del mare del Corallo,,,0,0,0,unresolved_hold,Resolve the exact source scan or retain the work outside page-level extraction.,metadata_only_not_activated
itws-4b-review-0241,hold_no_direct_scan_link,work_root,1,2622,itws:73129,Gli Eroi della Soffitta,,,0,0,0,unresolved_hold,Resolve the exact source scan or retain the work outside page-level extraction.,metadata_only_not_activated
itws-4b-review-0242,hold_no_direct_scan_link,work_root,1,610857,itws:491756,Gli orrori della Siberia,,,0,0,0,unresolved_hold,Resolve the exact source scan or retain the work outside page-level extraction.,metadata_only_not_activated
itws-4b-review-0243,hold_no_direct_scan_link,work_root,1,1028,itws:31904,Globbo gravido d'aure al ciel sospinto,,,0,0,0,unresolved_hold,Resolve the exact source scan or retain the work outside page-level extraction.,metadata_only_not_activated
itws-4b-review-0244,hold_no_direct_scan_link,work_root,1,1984,itws:36702,Gravosa dimoranza,,,0,0,0,unresolved_hold,Resolve the exact source scan or retain the work outside page-level extraction.,metadata_only_not_activated
itws-4b-review-0245,hold_no_direct_scan_link,work_root,1,1556,itws:60365,Greve cosa m'avene oltre misura,,,0,0,0,unresolved_hold,Resolve the exact source scan or retain the work outside page-level extraction.,metadata_only_not_activated
itws-4b-review-0246,hold_no_direct_scan_link,work_root,1,2358,itws:36998,Greve puot'om piacere a tutta gente,,,0,0,0,unresolved_hold,Resolve the exact source scan or retain the work outside page-level extraction.,metadata_only_not_activated
itws-4b-review-0247,hold_no_direct_scan_link,work_root,1,2305,itws:500780,Grida di Milano del 19 maggio 1630,,,0,0,0,unresolved_hold,Resolve the exact source scan or retain the work outside page-level extraction.,metadata_only_not_activated
itws-4b-review-0248,hold_no_direct_scan_link,work_root,1,1484,itws:8515,Guagliù nun cacate muollo,,,0,0,0,unresolved_hold,Resolve the exact source scan or retain the work outside page-level extraction.,metadata_only_not_activated
itws-4b-review-0249,hold_no_direct_scan_link,work_root,1,822,itws:71393,"Guarda che bianca luna! (Laterza, 1973)",,,0,0,0,unresolved_hold,Resolve the exact source scan or retain the work outside page-level extraction.,metadata_only_not_activated
itws-4b-review-0250,hold_no_direct_scan_link,work_root,1,1099,itws:4154,"Guarda, Napoleone, quello che fai",,,0,0,0,unresolved_hold,Resolve the exact source scan or retain the work outside page-level extraction.,metadata_only_not_activated
itws-4b-review-0251,hold_no_direct_scan_link,work_root,1,3074,itws:4155,Guerra guerra,,,0,0,0,unresolved_hold,Resolve the exact source scan or retain the work outside page-level extraction.,metadata_only_not_activated
itws-4b-review-0252,hold_no_direct_scan_link,work_root,1,987,itws:230670,Helder,,,0,0,0,unresolved_hold,Resolve the exact source scan or retain the work outside page-level extraction.,metadata_only_not_activated
itws-4b-review-0253,hold_no_direct_scan_link,work_root,1,1042,itws:160496,I baci (Belluso),,,0,0,0,unresolved_hold,Resolve the exact source scan or retain the work outside page-level extraction.,metadata_only_not_activated
itws-4b-review-0254,hold_no_direct_scan_link,work_root,1,210743,itws:73777,I cani,,,0,0,0,unresolved_hold,Resolve the exact source scan or retain the work outside page-level extraction.,metadata_only_not_activated
itws-4b-review-0255,hold_no_direct_scan_link,work_root,1,12520,itws:50866,I cimiteri,,,0,0,0,unresolved_hold,Resolve the exact source scan or retain the work outside page-level extraction.,metadata_only_not_activated
itws-4b-review-0256,hold_no_direct_scan_link,work_root,1,37204,itws:122102,I costumi delle api,,,0,0,0,unresolved_hold,Resolve the exact source scan or retain the work outside page-level extraction.,metadata_only_not_activated
itws-4b-review-0257,hold_no_direct_scan_link,work_root,1,8685,itws:204265,I dolori di Cristo e le pene dell'Inferno,,,0,0,0,unresolved_hold,Resolve the exact source scan or retain the work outside page-level extraction.,metadata_only_not_activated
itws-4b-review-0258,hold_no_direct_scan_link,work_root,1,5536,itws:783577,I Falsi Liberali - Maledizioni,,,0,0,0,unresolved_hold,Resolve the exact source scan or retain the work outside page-level extraction.,metadata_only_not_activated
itws-4b-review-0259,hold_no_direct_scan_link,work_root,1,52020,itws:104391,I fatti spiritici e le ipotesi affrettate,,,0,0,0,unresolved_hold,Resolve the exact source scan or retain the work outside page-level extraction.,metadata_only_not_activated
itws-4b-review-0260,hold_no_direct_scan_link,work_root,1,19264,itws:71824,I gloriosi nostri,,,0,0,0,unresolved_hold,Resolve the exact source scan or retain the work outside page-level extraction.,metadata_only_not_activated
itws-4b-review-0261,hold_no_direct_scan_link,work_root,1,453993,itws:91809,I misteri della jungla nera,,,0,0,0,unresolved_hold,Resolve the exact source scan or retain the work outside page-level extraction.,metadata_only_not_activated
itws-4b-review-0262,hold_no_direct_scan_link,work_root,1,85806,itws:120987,I monologhi di Pierrot,,,0,0,0,unresolved_hold,Resolve the exact source scan or retain the work outside page-level extraction.,metadata_only_not_activated
itws-4b-review-0263,hold_no_direct_scan_link,work_root,1,339493,itws:542469,I naufraghi del Poplador,,,0,0,0,unresolved_hold,Resolve the exact source scan or retain the work outside page-level extraction.,metadata_only_not_activated
itws-4b-review-0264,hold_no_direct_scan_link,work_root,1,55128,itws:43348,I Neoplatonici,,,0,0,0,unresolved_hold,Resolve the exact source scan or retain the work outside page-level extraction.,metadata_only_not_activated
itws-4b-review-0265,hold_no_direct_scan_link,work_root,1,438382,itws:513516,I pescatori di balene,,,0,0,0,unresolved_hold,Resolve the exact source scan or retain the work outside page-level extraction.,metadata_only_not_activated
itws-4b-review-0266,hold_no_direct_scan_link,work_root,1,517929,itws:148957,I pirati della Malesia,,,0,0,0,unresolved_hold,Resolve the exact source scan or retain the work outside page-level extraction.,metadata_only_not_activated
itws-4b-review-0267,hold_no_direct_scan_link,work_root,1,1350,itws:71508,I poeti son oggi salmonei,,,0,0,0,unresolved_hold,Resolve the exact source scan or retain the work outside page-level extraction.,metadata_only_not_activated
itws-4b-review-0268,hold_no_direct_scan_link,work_root,1,95602,itws:539882,I predoni del gran deserto,,,0,0,0,unresolved_hold,Resolve the exact source scan or retain the work outside page-level extraction.,metadata_only_not_activated
itws-4b-review-0269,hold_no_direct_scan_link,work_root,1,1559,itws:10307,I racconti delle fate,,,0,0,0,unresolved_hold,Resolve the exact source scan or retain the work outside page-level extraction.,metadata_only_not_activated
itws-4b-review-0270,hold_no_direct_scan_link,work_root,1,139993,itws:10325,I ragazzi grandi,,,0,0,0,unresolved_hold,Resolve the exact source scan or retain the work outside page-level extraction.,metadata_only_not_activated
itws-4b-review-0271,hold_no_direct_scan_link,work_root,1,13705,itws:57664,I saltarelli dell'Abbrucia sopra i Mattaccini di ser Fedocco,,,0,0,0,unresolved_hold,Resolve the exact source scan or retain the work outside page-level extraction.,metadata_only_not_activated
itws-4b-review-0272,hold_no_direct_scan_link,work_root,1,25946,itws:368541,I selvaggi della Papuasia,,,0,0,0,unresolved_hold,Resolve the exact source scan or retain the work outside page-level extraction.,metadata_only_not_activated
itws-4b-review-0273,hold_no_direct_scan_link,work_root,1,26166,itws:3087,I sermoni,,,0,0,0,unresolved_hold,Resolve the exact source scan or retain the work outside page-level extraction.,metadata_only_not_activated
itws-4b-review-0274,hold_no_direct_scan_link,work_root,1,1151,itws:8392,I tedeschi par Ravenna,,,0,0,0,unresolved_hold,Resolve the exact source scan or retain the work outside page-level extraction.,metadata_only_not_activated
itws-4b-review-0275,hold_no_direct_scan_link,work_root,1,481,itws:3291,I versi del Conte Giovio,,,0,0,0,unresolved_hold,Resolve the exact source scan or retain the work outside page-level extraction.,metadata_only_not_activated
itws-4b-review-0276,hold_no_direct_scan_link,work_root,1,1649,itws:64687,"I' mi trovai, fanciulle, un bel mattino (Sapegno)",,,0,0,0,unresolved_hold,Resolve the exact source scan or retain the work outside page-level extraction.,metadata_only_not_activated
itws-4b-review-0277,hold_no_direct_scan_link,work_root,1,48127,itws:93155,Iberia,,,0,0,0,unresolved_hold,Resolve the exact source scan or retain the work outside page-level extraction.,metadata_only_not_activated
itws-4b-review-0278,hold_no_direct_scan_link,work_root,1,2390,itws:71641,Il bagno (Lamberti),,,0,0,0,unresolved_hold,Resolve the exact source scan or retain the work outside page-level extraction.,metadata_only_not_activated
itws-4b-review-0279,hold_no_direct_scan_link,work_root,1,4101,itws:6458,Il canto dei lavoratori,,,0,0,0,unresolved_hold,Resolve the exact source scan or retain the work outside page-level extraction.,metadata_only_not_activated
itws-4b-review-0280,hold_no_direct_scan_link,work_root,1,1694,itws:48602,Il canto di Ebe,,,0,0,0,unresolved_hold,Resolve the exact source scan or retain the work outside page-level extraction.,metadata_only_not_activated
itws-4b-review-0281,hold_no_direct_scan_link,work_root,1,476725,itws:489843,Il capitano della Djumna,,,0,0,0,unresolved_hold,Resolve the exact source scan or retain the work outside page-level extraction.,metadata_only_not_activated
itws-4b-review-0282,hold_no_direct_scan_link,work_root,1,145207,itws:217786,Il Conte Rosso,,,0,0,0,unresolved_hold,Resolve the exact source scan or retain the work outside page-level extraction.,metadata_only_not_activated
itws-4b-review-0283,hold_no_direct_scan_link,work_root,1,382490,itws:536897,Il continente misterioso,,,0,0,0,unresolved_hold,Resolve the exact source scan or retain the work outside page-level extraction.,metadata_only_not_activated
itws-4b-review-0284,hold_no_direct_scan_link,work_root,1,2618,itws:374003,Il corriero svaligiato,,,0,0,0,unresolved_hold,Resolve the exact source scan or retain the work outside page-level extraction.,metadata_only_not_activated
itws-4b-review-0285,hold_no_direct_scan_link,work_root,1,638413,itws:31872,Il Corsaro Nero,,,0,0,0,unresolved_hold,Resolve the exact source scan or retain the work outside page-level extraction.,metadata_only_not_activated
itws-4b-review-0286,hold_no_direct_scan_link,work_root,1,16673,itws:216531,Il filo (Giacosa),,,0,0,0,unresolved_hold,Resolve the exact source scan or retain the work outside page-level extraction.,metadata_only_not_activated
itws-4b-review-0287,hold_no_direct_scan_link,work_root,1,13657,itws:106605,Il generale Ernesto Montecuccoli,,,0,0,0,unresolved_hold,Resolve the exact source scan or retain the work outside page-level extraction.,metadata_only_not_activated
itws-4b-review-0288,hold_no_direct_scan_link,work_root,1,226916,itws:73228,Il Giorno,,,0,0,0,unresolved_hold,Resolve the exact source scan or retain the work outside page-level extraction.,metadata_only_not_activated
itws-4b-review-0289,hold_no_direct_scan_link,work_root,1,206539,itws:92886,Il maestro di setticlavio,,,0,0,0,unresolved_hold,Resolve the exact source scan or retain the work outside page-level extraction.,metadata_only_not_activated
itws-4b-review-0290,hold_no_direct_scan_link,work_root,1,1193,itws:71318,Il mio poeta,,,0,0,0,unresolved_hold,Resolve the exact source scan or retain the work outside page-level extraction.,metadata_only_not_activated
itws-4b-review-0291,hold_no_direct_scan_link,work_root,1,1905,itws:86733,Il mio tempo,,,0,0,0,unresolved_hold,Resolve the exact source scan or retain the work outside page-level extraction.,metadata_only_not_activated
itws-4b-review-0292,hold_no_direct_scan_link,work_root,1,2531,itws:356929,Il mondo è fatto in una certa foggia,,,0,0,0,unresolved_hold,Resolve the exact source scan or retain the work outside page-level extraction.,metadata_only_not_activated
itws-4b-review-0293,hold_no_direct_scan_link,work_root,1,47796,itws:963361,Il nido,,,0,0,0,unresolved_hold,Resolve the exact source scan or retain the work outside page-level extraction.,metadata_only_not_activated
itws-4b-review-0294,hold_no_direct_scan_link,work_root,1,1824,itws:71301,Il nome,,,0,0,0,unresolved_hold,Resolve the exact source scan or retain the work outside page-level extraction.,metadata_only_not_activated
itws-4b-review-0295,hold_no_direct_scan_link,work_root,1,14880,itws:335212,Il palazzo,,,0,0,0,unresolved_hold,Resolve the exact source scan or retain the work outside page-level extraction.,metadata_only_not_activated
itws-4b-review-0296,hold_no_direct_scan_link,work_root,1,11443,itws:50901,Il pianto delle Marie,,,0,0,0,unresolved_hold,Resolve the exact source scan or retain the work outside page-level extraction.,metadata_only_not_activated
itws-4b-review-0297,hold_no_direct_scan_link,work_root,1,52394,itws:108849,Il principe Foresto d'Este nell'armata cesarea comandata dal maresciallo Raimondo Montecuccoli,,,0,0,0,unresolved_hold,Resolve the exact source scan or retain the work outside page-level extraction.,metadata_only_not_activated
itws-4b-review-0298,hold_no_direct_scan_link,work_root,1,15466,itws:353275,Il Prologo del Superbo,,,0,0,0,unresolved_hold,Resolve the exact source scan or retain the work outside page-level extraction.,metadata_only_not_activated
itws-4b-review-0299,hold_no_direct_scan_link,work_root,1,27785,itws:64570,Il racconto del Pellegrino,,,0,0,0,unresolved_hold,Resolve the exact source scan or retain the work outside page-level extraction.,metadata_only_not_activated
itws-4b-review-0300,hold_no_direct_scan_link,work_root,1,2222,itws:71299,Il sogno (Metastasio),,,0,0,0,unresolved_hold,Resolve the exact source scan or retain the work outside page-level extraction.,metadata_only_not_activated
itws-4b-review-0301,hold_no_direct_scan_link,work_root,1,15770,itws:58913,Il sogno di Scipione,,,0,0,0,unresolved_hold,Resolve the exact source scan or retain the work outside page-level extraction.,metadata_only_not_activated
itws-4b-review-0302,hold_no_direct_scan_link,work_root,1,1864,itws:2252,Il tombone di San Marco,,,0,0,0,unresolved_hold,Resolve the exact source scan or retain the work outside page-level extraction.,metadata_only_not_activated
itws-4b-review-0303,hold_no_direct_scan_link,work_root,1,4085,itws:352210,Il Trionfo della Ragione,,,0,0,0,unresolved_hold,Resolve the exact source scan or retain the work outside page-level extraction.,metadata_only_not_activated
itws-4b-review-0304,hold_no_direct_scan_link,work_root,1,25831,itws:74674,Il vendemmiatore (edizione 1931),,,0,0,0,unresolved_hold,Resolve the exact source scan or retain the work outside page-level extraction.,metadata_only_not_activated
itws-4b-review-0305,hold_no_direct_scan_link,work_root,1,728,itws:352305,Il vezzoso terremoto,,,0,0,0,unresolved_hold,Resolve the exact source scan or retain the work outside page-level extraction.,metadata_only_not_activated
itws-4b-review-0306,hold_no_direct_scan_link,work_root,1,1332,itws:36196,In amoroso pensare,,,0,0,0,unresolved_hold,Resolve the exact source scan or retain the work outside page-level extraction.,metadata_only_not_activated
itws-4b-review-0307,hold_no_direct_scan_link,work_root,1,1690,itws:36197,In gioi mi tegno tutta la mia pena,,,0,0,0,unresolved_hold,Resolve the exact source scan or retain the work outside page-level extraction.,metadata_only_not_activated
itws-4b-review-0308,hold_no_direct_scan_link,work_root,1,137417,itws:102390,In memoria del Manifesto dei comunisti,,,0,0,0,unresolved_hold,Resolve the exact source scan or retain the work outside page-level extraction.,metadata_only_not_activated
itws-4b-review-0309,hold_no_direct_scan_link,work_root,1,17146,itws:72119,In mezzo alle ragioni,,,0,0,0,unresolved_hold,Resolve the exact source scan or retain the work outside page-level extraction.,metadata_only_not_activated
itws-4b-review-0310,hold_no_direct_scan_link,work_root,1,934,itws:77141,In morte di bella donna,,,0,0,0,unresolved_hold,Resolve the exact source scan or retain the work outside page-level extraction.,metadata_only_not_activated
itws-4b-review-0311,hold_no_direct_scan_link,work_root,1,935,itws:36989,In ogne membro un spirito m'è nato,,,0,0,0,unresolved_hold,Resolve the exact source scan or retain the work outside page-level extraction.,metadata_only_not_activated
itws-4b-review-0312,hold_no_direct_scan_link,work_root,1,1456,itws:62189,In quanto la natura,,,0,0,0,unresolved_hold,Resolve the exact source scan or retain the work outside page-level extraction.,metadata_only_not_activated
itws-4b-review-0313,hold_no_direct_scan_link,work_root,1,1036,itws:31900,"In sogno ancora (Amor, che puoi più farmi?)",,,0,0,0,unresolved_hold,Resolve the exact source scan or retain the work outside page-level extraction.,metadata_only_not_activated
itws-4b-review-0314,hold_no_direct_scan_link,work_root,1,701,itws:353068,In sul mattin sereno,,,0,0,0,unresolved_hold,Resolve the exact source scan or retain the work outside page-level extraction.,metadata_only_not_activated
itws-4b-review-0315,hold_no_direct_scan_link,work_root,1,1476,itws:36218,In un gravoso affanno,,,0,0,0,unresolved_hold,Resolve the exact source scan or retain the work outside page-level extraction.,metadata_only_not_activated
itws-4b-review-0316,hold_no_direct_scan_link,work_root,1,1293,itws:160502,In una chiesa,,,0,0,0,unresolved_hold,Resolve the exact source scan or retain the work outside page-level extraction.,metadata_only_not_activated
itws-4b-review-0317,hold_no_direct_scan_link,work_root,1,8210,itws:75055,Indovinello nuovo,,,0,0,0,unresolved_hold,Resolve the exact source scan or retain the work outside page-level extraction.,metadata_only_not_activated
itws-4b-review-0318,hold_no_direct_scan_link,work_root,1,167412,itws:76984,Inferno monacale,,,0,0,0,unresolved_hold,Resolve the exact source scan or retain the work outside page-level extraction.,metadata_only_not_activated
itws-4b-review-0319,hold_no_direct_scan_link,work_root,1,1235,itws:4160,Inno a Oberdan,,,0,0,0,unresolved_hold,Resolve the exact source scan or retain the work outside page-level extraction.,metadata_only_not_activated
itws-4b-review-0320,hold_no_direct_scan_link,work_root,1,1051,itws:19987,Inno degli studenti del 1848,,,0,0,0,unresolved_hold,Resolve the exact source scan or retain the work outside page-level extraction.,metadata_only_not_activated
itws-4b-review-0321,hold_no_direct_scan_link,work_root,1,3293,itws:6356,Inno dei malfattori,,,0,0,0,unresolved_hold,Resolve the exact source scan or retain the work outside page-level extraction.,metadata_only_not_activated
itws-4b-review-0322,hold_no_direct_scan_link,work_root,1,2414,itws:19921,Inno dei pezzenti,,,0,0,0,unresolved_hold,Resolve the exact source scan or retain the work outside page-level extraction.,metadata_only_not_activated
itws-4b-review-0323,hold_no_direct_scan_link,work_root,1,1243,itws:19902,Inno del primo maggio,,,0,0,0,unresolved_hold,Resolve the exact source scan or retain the work outside page-level extraction.,metadata_only_not_activated
itws-4b-review-0324,hold_no_direct_scan_link,work_root,1,2200,itws:19900,Inno dell'Internazionale,,,0,0,0,unresolved_hold,Resolve the exact source scan or retain the work outside page-level extraction.,metadata_only_not_activated
itws-4b-review-0325,hold_no_direct_scan_link,work_root,1,1520,itws:136140,Inno della Guardia Palatina,,,0,0,0,unresolved_hold,Resolve the exact source scan or retain the work outside page-level extraction.,metadata_only_not_activated
itws-4b-review-0326,hold_no_direct_scan_link,work_root,1,1531,itws:19898,Inno della libertà,,,0,0,0,unresolved_hold,Resolve the exact source scan or retain the work outside page-level extraction.,metadata_only_not_activated
itws-4b-review-0327,hold_no_direct_scan_link,work_root,1,788,itws:19982,Inno della Repubblica Napoletana,,,0,0,0,unresolved_hold,Resolve the exact source scan or retain the work outside page-level extraction.,metadata_only_not_activated
itws-4b-review-0328,hold_no_direct_scan_link,work_root,1,1063,itws:19896,Inno della rivolta,,,0,0,0,unresolved_hold,Resolve the exact source scan or retain the work outside page-level extraction.,metadata_only_not_activated
itws-4b-review-0329,hold_no_direct_scan_link,work_root,1,1009,itws:490069,Inno di Trento,,,0,0,0,unresolved_hold,Resolve the exact source scan or retain the work outside page-level extraction.,metadata_only_not_activated
itws-4b-review-0330,hold_no_direct_scan_link,work_root,1,3923,itws:61325,Insegnamenti a Guglielmo,,,0,0,0,unresolved_hold,Resolve the exact source scan or retain the work outside page-level extraction.,metadata_only_not_activated
itws-4b-review-0331,hold_no_direct_scan_link,work_root,1,34175,itws:418444,Intermezzo di rime,,,0,0,0,unresolved_hold,Resolve the exact source scan or retain the work outside page-level extraction.,metadata_only_not_activated
itws-4b-review-0332,hold_no_direct_scan_link,work_root,1,941,itws:7755,Io m'aggio posto in core a Dio servire,,,0,0,0,unresolved_hold,Resolve the exact source scan or retain the work outside page-level extraction.,metadata_only_not_activated
itws-4b-review-0333,hold_no_direct_scan_link,work_root,1,3356,itws:352224,Io me ne stava in fondo,,,0,0,0,unresolved_hold,Resolve the exact source scan or retain the work outside page-level extraction.,metadata_only_not_activated
itws-4b-review-0334,hold_no_direct_scan_link,work_root,1,7892,itws:352874,Io vi voglio fare ora un mappamondo,,,0,0,0,unresolved_hold,Resolve the exact source scan or retain the work outside page-level extraction.,metadata_only_not_activated
itws-4b-review-0335,hold_no_direct_scan_link,work_root,1,1177,itws:8052,Io voglio del ver la mia donna laudare,,,0,0,0,unresolved_hold,Resolve the exact source scan or retain the work outside page-level extraction.,metadata_only_not_activated
itws-4b-review-0336,hold_no_direct_scan_link,work_root,1,543,itws:59496,Iscrizione della catacomba di Commodilla,,,0,0,0,unresolved_hold,Resolve the exact source scan or retain the work outside page-level extraction.,metadata_only_not_activated
itws-4b-review-0337,hold_no_direct_scan_link,work_root,1,587,itws:798136,Iscrizione di Leonacco,,,0,0,0,unresolved_hold,Resolve the exact source scan or retain the work outside page-level extraction.,metadata_only_not_activated
itws-4b-review-0338,hold_no_direct_scan_link,work_root,1,2124,itws:36554,Isplendïente,,,0,0,0,unresolved_hold,Resolve the exact source scan or retain the work outside page-level extraction.,metadata_only_not_activated
itws-4b-review-0339,hold_no_direct_scan_link,work_root,1,1724698,itws:12284,Istorie fiorentine,,,0,0,0,unresolved_hold,Resolve the exact source scan or retain the work outside page-level extraction.,metadata_only_not_activated
itws-4b-review-0340,hold_no_direct_scan_link,work_root,1,27850,itws:742364,Istruzioni elementari (1760),,,0,0,0,unresolved_hold,Resolve the exact source scan or retain the work outside page-level extraction.,metadata_only_not_activated
itws-4b-review-0341,hold_no_direct_scan_link,work_root,1,896,itws:61444,Iudicium hoc intentio mea,,,0,0,0,unresolved_hold,Resolve the exact source scan or retain the work outside page-level extraction.,metadata_only_not_activated
itws-4b-review-0342,hold_no_direct_scan_link,work_root,1,1120,itws:664732,L Signal (grafia moderna),,,0,0,0,unresolved_hold,Resolve the exact source scan or retain the work outside page-level extraction.,metadata_only_not_activated
itws-4b-review-0343,hold_no_direct_scan_link,work_root,1,1580,itws:4130,L'addio del volontario toscano,,,0,0,0,unresolved_hold,Resolve the exact source scan or retain the work outside page-level extraction.,metadata_only_not_activated
itws-4b-review-0344,hold_no_direct_scan_link,work_root,1,1068,itws:11705,L'alb'apar,,,0,0,0,unresolved_hold,Resolve the exact source scan or retain the work outside page-level extraction.,metadata_only_not_activated
itws-4b-review-0345,hold_no_direct_scan_link,work_root,1,102596,itws:135593,L'Alcibiade fanciullo a scola,,,0,0,0,unresolved_hold,Resolve the exact source scan or retain the work outside page-level extraction.,metadata_only_not_activated
itws-4b-review-0346,hold_no_direct_scan_link,work_root,1,35973,itws:92373,L'alfier nero,,,0,0,0,unresolved_hold,Resolve the exact source scan or retain the work outside page-level extraction.,metadata_only_not_activated
itws-4b-review-0347,hold_no_direct_scan_link,work_root,1,921,itws:61453,L'alma e 'l corpo l'om ch' ava zoi oblia,,,0,0,0,unresolved_hold,Resolve the exact source scan or retain the work outside page-level extraction.,metadata_only_not_activated
itws-4b-review-0348,hold_no_direct_scan_link,work_root,1,1988,itws:36621,L'amor fa una donna amare,,,0,0,0,unresolved_hold,Resolve the exact source scan or retain the work outside page-level extraction.,metadata_only_not_activated
itws-4b-review-0349,hold_no_direct_scan_link,work_root,1,1931,itws:35647,L'amoroso vedere,,,0,0,0,unresolved_hold,Resolve the exact source scan or retain the work outside page-level extraction.,metadata_only_not_activated
itws-4b-review-0350,hold_no_direct_scan_link,work_root,1,95651,itws:92927,L'anarchia,,,0,0,0,unresolved_hold,Resolve the exact source scan or retain the work outside page-level extraction.,metadata_only_not_activated
itws-4b-review-0351,hold_no_direct_scan_link,work_root,1,2191,itws:352886,L'egloga Tirsi ed Amaranta,,,0,0,0,unresolved_hold,Resolve the exact source scan or retain the work outside page-level extraction.,metadata_only_not_activated
itws-4b-review-0352,hold_no_direct_scan_link,work_root,1,723,itws:352307,L'elefante innamorato,,,0,0,0,unresolved_hold,Resolve the exact source scan or retain the work outside page-level extraction.,metadata_only_not_activated
itws-4b-review-0353,hold_no_direct_scan_link,work_root,1,2987,itws:1024809,L'Esposizione Triennale di Brera (Chirtani),,,0,0,0,unresolved_hold,Resolve the exact source scan or retain the work outside page-level extraction.,metadata_only_not_activated
itws-4b-review-0354,hold_no_direct_scan_link,work_root,1,1817,itws:73320,L'estate,,,0,0,0,unresolved_hold,Resolve the exact source scan or retain the work outside page-level extraction.,metadata_only_not_activated
itws-4b-review-0355,hold_no_direct_scan_link,work_root,1,12787,itws:71829,L'evidente diminuzione,,,0,0,0,unresolved_hold,Resolve the exact source scan or retain the work outside page-level extraction.,metadata_only_not_activated
itws-4b-review-0356,hold_no_direct_scan_link,work_root,1,73519,itws:692845,L'idea dell'architettura universale (1615),,,0,0,0,unresolved_hold,Resolve the exact source scan or retain the work outside page-level extraction.,metadata_only_not_activated
itws-4b-review-0357,hold_no_direct_scan_link,work_root,1,3497,itws:53844,L'ideale della Nazione,,,0,0,0,unresolved_hold,Resolve the exact source scan or retain the work outside page-level extraction.,metadata_only_not_activated
itws-4b-review-0358,hold_no_direct_scan_link,work_root,1,11357,itws:270676,L'impietratrice,,,0,0,0,unresolved_hold,Resolve the exact source scan or retain the work outside page-level extraction.,metadata_only_not_activated
itws-4b-review-0359,hold_no_direct_scan_link,work_root,1,1666,itws:29571,L'inno siamese,,,0,0,0,unresolved_hold,Resolve the exact source scan or retain the work outside page-level extraction.,metadata_only_not_activated
itws-4b-review-0360,hold_no_direct_scan_link,work_root,1,2404,itws:73328,L'inverno ovvero La provvida pastorella,,,0,0,0,unresolved_hold,Resolve the exact source scan or retain the work outside page-level extraction.,metadata_only_not_activated
itws-4b-review-0361,hold_no_direct_scan_link,work_root,1,7385,itws:71821,L'olio oggetto,,,0,0,0,unresolved_hold,Resolve the exact source scan or retain the work outside page-level extraction.,metadata_only_not_activated
itws-4b-review-0362,hold_no_direct_scan_link,work_root,1,647015,itws:256961,L'uomo delinquente,,,0,0,0,unresolved_hold,Resolve the exact source scan or retain the work outside page-level extraction.,metadata_only_not_activated
itws-4b-review-0363,hold_no_direct_scan_link,work_root,1,14089,itws:339740,"L. 14 maggio 1865, n. 2279",,,0,0,0,unresolved_hold,Resolve the exact source scan or retain the work outside page-level extraction.,metadata_only_not_activated
itws-4b-review-0364,hold_no_direct_scan_link,work_root,1,1479,itws:315139,"L. 2 aprile 1885, n. 3050",,,0,0,0,unresolved_hold,Resolve the exact source scan or retain the work outside page-level extraction.,metadata_only_not_activated
itws-4b-review-0365,hold_no_direct_scan_link,work_root,1,2629,itws:315736,"L. 20 marzo 1865, n. 2248",,,0,0,0,unresolved_hold,Resolve the exact source scan or retain the work outside page-level extraction.,metadata_only_not_activated
itws-4b-review-0366,hold_no_direct_scan_link,work_root,1,25445,itws:92492,"L. 29 luglio 1879, n. 5002, per la costruzione di nuove linee di completamento della rete ferroviaria del Regno",,,0,0,0,unresolved_hold,Resolve the exact source scan or retain the work outside page-level extraction.,metadata_only_not_activated
itws-4b-review-0367,hold_no_direct_scan_link,work_root,1,1228,itws:27980,La bandiera tricolore (Ongaro),,,0,0,0,unresolved_hold,Resolve the exact source scan or retain the work outside page-level extraction.,metadata_only_not_activated
itws-4b-review-0368,hold_no_direct_scan_link,work_root,1,82359,itws:29544,La battaglia delle belle donne di Firenze colle vecchie,,,0,0,0,unresolved_hold,Resolve the exact source scan or retain the work outside page-level extraction.,metadata_only_not_activated
itws-4b-review-0369,hold_no_direct_scan_link,work_root,1,1454,itws:36578,La ben aventurosa innamoranza,,,0,0,0,unresolved_hold,Resolve the exact source scan or retain the work outside page-level extraction.,metadata_only_not_activated
itws-4b-review-0370,hold_no_direct_scan_link,work_root,1,9229,itws:329189,La bilancetta,,,0,0,0,unresolved_hold,Resolve the exact source scan or retain the work outside page-level extraction.,metadata_only_not_activated
itws-4b-review-0371,hold_no_direct_scan_link,work_root,1,56348,itws:247940,La bohème,,,0,0,0,unresolved_hold,Resolve the exact source scan or retain the work outside page-level extraction.,metadata_only_not_activated
itws-4b-review-0372,hold_no_direct_scan_link,work_root,1,77860,itws:29218,La Città del Sole (1995),,,0,0,0,unresolved_hold,Resolve the exact source scan or retain the work outside page-level extraction.,metadata_only_not_activated
itws-4b-review-0373,hold_no_direct_scan_link,work_root,1,47383,itws:61581,La corona amorosa,,,0,0,0,unresolved_hold,Resolve the exact source scan or retain the work outside page-level extraction.,metadata_only_not_activated
itws-4b-review-0374,hold_no_direct_scan_link,work_root,1,177010,itws:74395,La Cortigiana (1525),,,0,0,0,unresolved_hold,Resolve the exact source scan or retain the work outside page-level extraction.,metadata_only_not_activated
itws-4b-review-0375,hold_no_direct_scan_link,work_root,1,5234,itws:86732,La Croce (Foscolo),,,0,0,0,unresolved_hold,Resolve the exact source scan or retain the work outside page-level extraction.,metadata_only_not_activated
itws-4b-review-0376,hold_no_direct_scan_link,work_root,1,262309,itws:91319,La fabbrica,,,0,0,0,unresolved_hold,Resolve the exact source scan or retain the work outside page-level extraction.,metadata_only_not_activated
itws-4b-review-0377,hold_no_direct_scan_link,work_root,1,857,itws:84853,La farfalletta,,,0,0,0,unresolved_hold,Resolve the exact source scan or retain the work outside page-level extraction.,metadata_only_not_activated
itws-4b-review-0378,hold_no_direct_scan_link,work_root,1,167267,itws:219673,La gente di spirito,,,0,0,0,unresolved_hold,Resolve the exact source scan or retain the work outside page-level extraction.,metadata_only_not_activated
itws-4b-review-0379,hold_no_direct_scan_link,work_root,1,35077,itws:83928,La guerra de' Briganti in Dongo,,,0,0,0,unresolved_hold,Resolve the exact source scan or retain the work outside page-level extraction.,metadata_only_not_activated
itws-4b-review-0380,hold_no_direct_scan_link,work_root,1,31147,itws:57236,La leggenda di Pietro Barliario,,,0,0,0,unresolved_hold,Resolve the exact source scan or retain the work outside page-level extraction.,metadata_only_not_activated
itws-4b-review-0381,hold_no_direct_scan_link,work_root,1,477101,itws:77148,La liberazione della donna,,,0,0,0,unresolved_hold,Resolve the exact source scan or retain the work outside page-level extraction.,metadata_only_not_activated
itws-4b-review-0382,hold_no_direct_scan_link,work_root,1,57769,itws:23267,La mandragola,,,0,0,0,unresolved_hold,Resolve the exact source scan or retain the work outside page-level extraction.,metadata_only_not_activated
itws-4b-review-0383,hold_no_direct_scan_link,work_root,1,37100,itws:24564,La medicina per i padri di famiglia,,,0,0,0,unresolved_hold,Resolve the exact source scan or retain the work outside page-level extraction.,metadata_only_not_activated
itws-4b-review-0384,hold_no_direct_scan_link,work_root,1,2141,itws:35651,La mia gran pena e lo gravoso affanno,,,0,0,0,unresolved_hold,Resolve the exact source scan or retain the work outside page-level extraction.,metadata_only_not_activated
itws-4b-review-0385,hold_no_direct_scan_link,work_root,1,2188,itws:123863,La mia vit' è si fort' e dura e fera,,,0,0,0,unresolved_hold,Resolve the exact source scan or retain the work outside page-level extraction.,metadata_only_not_activated
itws-4b-review-0386,hold_no_direct_scan_link,work_root,1,1766,itws:70790,La partenza (Metastasio),,,0,0,0,unresolved_hold,Resolve the exact source scan or retain the work outside page-level extraction.,metadata_only_not_activated
itws-4b-review-0387,hold_no_direct_scan_link,work_root,1,1913,itws:71286,La pesca,,,0,0,0,unresolved_hold,Resolve the exact source scan or retain the work outside page-level extraction.,metadata_only_not_activated
itws-4b-review-0388,hold_no_direct_scan_link,work_root,1,11910,itws:123002,La predica di Natale,,,0,0,0,unresolved_hold,Resolve the exact source scan or retain the work outside page-level extraction.,metadata_only_not_activated
itws-4b-review-0389,hold_no_direct_scan_link,work_root,1,4409,itws:353051,La protezione del più forte,,,0,0,0,unresolved_hold,Resolve the exact source scan or retain the work outside page-level extraction.,metadata_only_not_activated
itws-4b-review-0390,hold_no_direct_scan_link,work_root,1,801,itws:352298,La prudenza ell'è un sapere,,,0,0,0,unresolved_hold,Resolve the exact source scan or retain the work outside page-level extraction.,metadata_only_not_activated
itws-4b-review-0391,hold_no_direct_scan_link,work_root,1,337020,itws:66906,La psicologia come scienza positiva,,,0,0,0,unresolved_hold,Resolve the exact source scan or retain the work outside page-level extraction.,metadata_only_not_activated
itws-4b-review-0392,hold_no_direct_scan_link,work_root,1,9492,itws:286280,La Rassegna di Novara,,,0,0,0,unresolved_hold,Resolve the exact source scan or retain the work outside page-level extraction.,metadata_only_not_activated
itws-4b-review-0393,hold_no_direct_scan_link,work_root,1,129160,itws:492035,La Rosa del Dong-Giang,,,0,0,0,unresolved_hold,Resolve the exact source scan or retain the work outside page-level extraction.,metadata_only_not_activated
itws-4b-review-0394,hold_no_direct_scan_link,work_root,1,8467,itws:52587,La scelta del protettore,,,0,0,0,unresolved_hold,Resolve the exact source scan or retain the work outside page-level extraction.,metadata_only_not_activated
itws-4b-review-0395,hold_no_direct_scan_link,work_root,1,536061,itws:580279,La Scimitarra di Budda,,,0,0,0,unresolved_hold,Resolve the exact source scan or retain the work outside page-level extraction.,metadata_only_not_activated
itws-4b-review-0396,hold_no_direct_scan_link,work_root,1,74442,itws:122442,La scuola criminale positiva,,,0,0,0,unresolved_hold,Resolve the exact source scan or retain the work outside page-level extraction.,metadata_only_not_activated
itws-4b-review-0397,hold_no_direct_scan_link,work_root,1,653,itws:19993,La stella dei soldati,,,0,0,0,unresolved_hold,Resolve the exact source scan or retain the work outside page-level extraction.,metadata_only_not_activated
itws-4b-review-0398,hold_no_direct_scan_link,work_root,1,75921,itws:100211,La storia di Colombo narrata alla gioventù ed al popolo,,,0,0,0,unresolved_hold,Resolve the exact source scan or retain the work outside page-level extraction.,metadata_only_not_activated
itws-4b-review-0399,hold_no_direct_scan_link,work_root,1,2671,itws:70954,La tempesta (Metastasio),,,0,0,0,unresolved_hold,Resolve the exact source scan or retain the work outside page-level extraction.,metadata_only_not_activated
itws-4b-review-0400,hold_no_direct_scan_link,work_root,1,12116,itws:65644,La tribù,,,0,0,0,unresolved_hold,Resolve the exact source scan or retain the work outside page-level extraction.,metadata_only_not_activated
itws-4b-review-0401,hold_no_direct_scan_link,work_root,1,388309,itws:918538,La vendetta d'uno schiavo,,,0,0,0,unresolved_hold,Resolve the exact source scan or retain the work outside page-level extraction.,metadata_only_not_activated
itws-4b-review-0402,hold_no_direct_scan_link,work_root,1,1347,itws:159183,La visione dello specchio,,,0,0,0,unresolved_hold,Resolve the exact source scan or retain the work outside page-level extraction.,metadata_only_not_activated
itws-4b-review-0403,hold_no_direct_scan_link,work_root,1,9324,itws:65618,La visione di Ezechiello,,,0,0,0,unresolved_hold,Resolve the exact source scan or retain the work outside page-level extraction.,metadata_only_not_activated
itws-4b-review-0404,hold_no_direct_scan_link,work_root,1,1025541,itws:76773,"La vita di Benvenuto di Maestro Giovanni Cellini fiorentino, scritta, per lui medesimo, in Firenze",,,0,0,0,unresolved_hold,Resolve the exact source scan or retain the work outside page-level extraction.,metadata_only_not_activated
itws-4b-review-0405,hold_no_direct_scan_link,work_root,1,33161,itws:219779,La vita privata ne' castelli,,,0,0,0,unresolved_hold,Resolve the exact source scan or retain the work outside page-level extraction.,metadata_only_not_activated
itws-4b-review-0406,hold_no_direct_scan_link,work_root,1,138028,itws:29219,La vita sul pianeta Marte,,,0,0,0,unresolved_hold,Resolve the exact source scan or retain the work outside page-level extraction.,metadata_only_not_activated
itws-4b-review-0407,hold_no_direct_scan_link,work_root,1,14089,itws:607088,Ladislao Tarnowski in Oriente,,,0,0,0,unresolved_hold,Resolve the exact source scan or retain the work outside page-level extraction.,metadata_only_not_activated
itws-4b-review-0408,hold_no_direct_scan_link,work_root,1,7501,itws:101167,Lamento pastorale,,,0,0,0,unresolved_hold,Resolve the exact source scan or retain the work outside page-level extraction.,metadata_only_not_activated
itws-4b-review-0409,hold_no_direct_scan_link,work_root,1,887,itws:63801,Lamentomi di mia disaventura,,,0,0,0,unresolved_hold,Resolve the exact source scan or retain the work outside page-level extraction.,metadata_only_not_activated
itws-4b-review-0410,hold_no_direct_scan_link,work_root,1,2928,itws:352228,"Lascia omai, Venere bella",,,0,0,0,unresolved_hold,Resolve the exact source scan or retain the work outside page-level extraction.,metadata_only_not_activated
itws-4b-review-0411,hold_no_direct_scan_link,work_root,1,1004,itws:1894,Lasciar vorria lo mondo e Dio servire,,,0,0,0,unresolved_hold,Resolve the exact source scan or retain the work outside page-level extraction.,metadata_only_not_activated
itws-4b-review-0412,hold_no_direct_scan_link,work_root,1,3786,itws:63579,Laus pro defunctis,,,0,0,0,unresolved_hold,Resolve the exact source scan or retain the work outside page-level extraction.,metadata_only_not_activated
itws-4b-review-0413,hold_no_direct_scan_link,work_root,1,4424,itws:72115,Le armi valorose,,,0,0,0,unresolved_hold,Resolve the exact source scan or retain the work outside page-level extraction.,metadata_only_not_activated
itws-4b-review-0414,hold_no_direct_scan_link,work_root,1,81994,itws:563272,Le avventure del padre Crespel nel Labrador,,,0,0,0,unresolved_hold,Resolve the exact source scan or retain the work outside page-level extraction.,metadata_only_not_activated
itws-4b-review-0415,hold_no_direct_scan_link,work_root,1,1003,itws:31911,"Le carte, in ch'io primier scrissi e mostrai",,,0,0,0,unresolved_hold,Resolve the exact source scan or retain the work outside page-level extraction.,metadata_only_not_activated
itws-4b-review-0416,hold_no_direct_scan_link,work_root,1,427894,itws:570221,Le caverne dei diamanti,,,0,0,0,unresolved_hold,Resolve the exact source scan or retain the work outside page-level extraction.,metadata_only_not_activated
itws-4b-review-0417,hold_no_direct_scan_link,work_root,1,3311,itws:353091,Le chiare imprese e la gloriosa morte,,,0,0,0,unresolved_hold,Resolve the exact source scan or retain the work outside page-level extraction.,metadata_only_not_activated
itws-4b-review-0418,hold_no_direct_scan_link,work_root,1,65488,itws:22799,Le convulsioni,,,0,0,0,unresolved_hold,Resolve the exact source scan or retain the work outside page-level extraction.,metadata_only_not_activated
itws-4b-review-0419,hold_no_direct_scan_link,work_root,1,16205,itws:563275,Le grandi cacce nelle Sunderbunds indiane,,,0,0,0,unresolved_hold,Resolve the exact source scan or retain the work outside page-level extraction.,metadata_only_not_activated
itws-4b-review-0420,hold_no_direct_scan_link,work_root,1,35345,itws:563266,Le grandi pesche nei mari australi,,,0,0,0,unresolved_hold,Resolve the exact source scan or retain the work outside page-level extraction.,metadata_only_not_activated
itws-4b-review-0421,hold_no_direct_scan_link,work_root,1,51507,itws:19654,Le Grazie (1967),,,0,0,0,unresolved_hold,Resolve the exact source scan or retain the work outside page-level extraction.,metadata_only_not_activated
itws-4b-review-0422,hold_no_direct_scan_link,work_root,1,43791,itws:93757,Le laudi,,,0,0,0,unresolved_hold,Resolve the exact source scan or retain the work outside page-level extraction.,metadata_only_not_activated
itws-4b-review-0423,hold_no_direct_scan_link,work_root,1,73581,itws:30206,Le mecaniche,,,0,0,0,unresolved_hold,Resolve the exact source scan or retain the work outside page-level extraction.,metadata_only_not_activated
itws-4b-review-0424,hold_no_direct_scan_link,work_root,1,2915,itws:372520,Le novelle antiche dei codici Panciatichiano-Palatino 138 e Laurenziano-Gaddiano 193,,,0,0,0,unresolved_hold,Resolve the exact source scan or retain the work outside page-level extraction.,metadata_only_not_activated
itws-4b-review-0425,hold_no_direct_scan_link,work_root,1,1234140,itws:35461,Le novelle della nonna,,,0,0,0,unresolved_hold,Resolve the exact source scan or retain the work outside page-level extraction.,metadata_only_not_activated
itws-4b-review-0426,hold_no_direct_scan_link,work_root,1,232957,itws:536735,Le novelle marinaresche di Mastro Catrame,,,0,0,0,unresolved_hold,Resolve the exact source scan or retain the work outside page-level extraction.,metadata_only_not_activated
itws-4b-review-0427,hold_no_direct_scan_link,work_root,1,109265,itws:35198,Le nozze di Figaro,,,0,0,0,unresolved_hold,Resolve the exact source scan or retain the work outside page-level extraction.,metadata_only_not_activated
itws-4b-review-0428,hold_no_direct_scan_link,work_root,1,123648,itws:31319,Le operazioni del compasso geometrico e militare,,,0,0,0,unresolved_hold,Resolve the exact source scan or retain the work outside page-level extraction.,metadata_only_not_activated
itws-4b-review-0429,hold_no_direct_scan_link,work_root,1,125081,itws:75058,Le piacevoli e ridicolose semplicità di Bertoldino,,,0,0,0,unresolved_hold,Resolve the exact source scan or retain the work outside page-level extraction.,metadata_only_not_activated
itws-4b-review-0430,hold_no_direct_scan_link,work_root,1,31656,itws:71822,Le più colte,,,0,0,0,unresolved_hold,Resolve the exact source scan or retain the work outside page-level extraction.,metadata_only_not_activated
itws-4b-review-0431,hold_no_direct_scan_link,work_root,1,114826,itws:75039,Le sottilissime astuzie di Bertoldo,,,0,0,0,unresolved_hold,Resolve the exact source scan or retain the work outside page-level extraction.,metadata_only_not_activated
itws-4b-review-0432,hold_no_direct_scan_link,work_root,1,516400,itws:510127,Le stragi delle Filippine,,,0,0,0,unresolved_hold,Resolve the exact source scan or retain the work outside page-level extraction.,metadata_only_not_activated
itws-4b-review-0433,hold_no_direct_scan_link,work_root,1,562680,itws:90634,Le tigri di Mompracem,,,0,0,0,unresolved_hold,Resolve the exact source scan or retain the work outside page-level extraction.,metadata_only_not_activated
itws-4b-review-0434,hold_no_direct_scan_link,work_root,1,23090,itws:122077,Le tre parche,,,0,0,0,unresolved_hold,Resolve the exact source scan or retain the work outside page-level extraction.,metadata_only_not_activated
itws-4b-review-0435,hold_no_direct_scan_link,work_root,1,21729,itws:54035,Le Villi,,,0,0,0,unresolved_hold,Resolve the exact source scan or retain the work outside page-level extraction.,metadata_only_not_activated
itws-4b-review-0436,hold_no_direct_scan_link,work_root,1,13209,itws:69636,Le Villi (prima versione),,,0,0,0,unresolved_hold,Resolve the exact source scan or retain the work outside page-level extraction.,metadata_only_not_activated
itws-4b-review-0437,hold_no_direct_scan_link,work_root,1,3136,itws:3132,Le visioni poetiche,,,0,0,0,unresolved_hold,Resolve the exact source scan or retain the work outside page-level extraction.,metadata_only_not_activated
itws-4b-review-0438,hold_no_direct_scan_link,work_root,1,8304,itws:582020,Le Vite,,,0,0,0,unresolved_hold,Resolve the exact source scan or retain the work outside page-level extraction.,metadata_only_not_activated
itws-4b-review-0439,hold_no_direct_scan_link,work_root,1,1766437,itws:65062,"Le vite de' più eccellenti pittori, scultori e architettori (1550)",,,0,0,0,unresolved_hold,Resolve the exact source scan or retain the work outside page-level extraction.,metadata_only_not_activated
itws-4b-review-0440,hold_no_direct_scan_link,work_root,1,973,itws:352880,Legar con una rete i piedi a un fiume,,,0,0,0,unresolved_hold,Resolve the exact source scan or retain the work outside page-level extraction.,metadata_only_not_activated
itws-4b-review-0441,hold_no_direct_scan_link,work_root,1,6161,itws:538030,"Legge del 13 maggio 1877, n. 3830",,,0,0,0,unresolved_hold,Resolve the exact source scan or retain the work outside page-level extraction.,metadata_only_not_activated
itws-4b-review-0442,hold_no_direct_scan_link,work_root,1,45661,itws:538005,"Legge del 17 dicembre 1860, n. 4513",,,0,0,0,unresolved_hold,Resolve the exact source scan or retain the work outside page-level extraction.,metadata_only_not_activated
itws-4b-review-0443,hold_no_direct_scan_link,work_root,1,3584,itws:5936,"Leggi ed usi della guerra terrestre - Convenzione (II), L'Aja, 29 luglio 1899",,,0,0,0,unresolved_hold,Resolve the exact source scan or retain the work outside page-level extraction.,metadata_only_not_activated
itws-4b-review-0444,hold_no_direct_scan_link,work_root,1,22545,itws:5937,"Leggi ed usi della guerra terrestre - Regolamento (II), L'Aja, 29 luglio 1899",,,0,0,0,unresolved_hold,Resolve the exact source scan or retain the work outside page-level extraction.,metadata_only_not_activated
itws-4b-review-0445,hold_no_direct_scan_link,work_root,1,1196,itws:258325,Lettera 31 marzo 1829 (Pio VIII) 2,,,0,0,0,unresolved_hold,Resolve the exact source scan or retain the work outside page-level extraction.,metadata_only_not_activated
itws-4b-review-0446,hold_no_direct_scan_link,work_root,1,3125,itws:77246,Lettera a Galileo Galilei (10 settembre 1639),,,0,0,0,unresolved_hold,Resolve the exact source scan or retain the work outside page-level extraction.,metadata_only_not_activated
itws-4b-review-0447,hold_no_direct_scan_link,work_root,1,1447,itws:77595,Lettera a Leopoldo de' Medici (28 agosto 1658),,,0,0,0,unresolved_hold,Resolve the exact source scan or retain the work outside page-level extraction.,metadata_only_not_activated
itws-4b-review-0448,hold_no_direct_scan_link,work_root,1,1616,itws:77592,Lettera a Leopoldo de' Medici (29 gennaio 1650),,,0,0,0,unresolved_hold,Resolve the exact source scan or retain the work outside page-level extraction.,metadata_only_not_activated
itws-4b-review-0449,hold_no_direct_scan_link,work_root,1,5295,itws:46230,Lettera a Napoleone Colajanni (10 Febbraio 1894),,,0,0,0,unresolved_hold,Resolve the exact source scan or retain the work outside page-level extraction.,metadata_only_not_activated
itws-4b-review-0450,hold_no_direct_scan_link,work_root,1,717,itws:195322,Lettera a Natale Predasso (9 gennaio 1885),,,0,0,0,unresolved_hold,Resolve the exact source scan or retain the work outside page-level extraction.,metadata_only_not_activated
itws-4b-review-0451,hold_no_direct_scan_link,work_root,1,995,itws:397921,Lettera alla madre,,,0,0,0,unresolved_hold,Resolve the exact source scan or retain the work outside page-level extraction.,metadata_only_not_activated
itws-4b-review-0452,hold_no_direct_scan_link,work_root,1,675,itws:159249,"Lettera confidenziale al cavaliere N.N. d'Alghero, trasmettendogli la canzone seguente",,,0,0,0,unresolved_hold,Resolve the exact source scan or retain the work outside page-level extraction.,metadata_only_not_activated
itws-4b-review-0453,hold_no_direct_scan_link,work_root,1,630,itws:159356,Lettera di Bartomeu Simon a Domenico Simon (14 febbraio 1790),,,0,0,0,unresolved_hold,Resolve the exact source scan or retain the work outside page-level extraction.,metadata_only_not_activated
itws-4b-review-0454,hold_no_direct_scan_link,work_root,1,647,itws:159307,Lettera di Bartomeu Simon a Domenico Simon (28 maggio 1793),,,0,0,0,unresolved_hold,Resolve the exact source scan or retain the work outside page-level extraction.,metadata_only_not_activated
itws-4b-review-0455,hold_no_direct_scan_link,work_root,1,633,itws:159360,Lettera di Domenico Simon a Bartomeu Simon (11 luglio 1782),,,0,0,0,unresolved_hold,Resolve the exact source scan or retain the work outside page-level extraction.,metadata_only_not_activated
itws-4b-review-0456,hold_no_direct_scan_link,work_root,1,632,itws:159358,Lettera di Domenico Simon a Bartomeu Simon (21 novembre 1782),,,0,0,0,unresolved_hold,Resolve the exact source scan or retain the work outside page-level extraction.,metadata_only_not_activated
itws-4b-review-0457,hold_no_direct_scan_link,work_root,1,2069,itws:677855,Lettera di Pasquale Paoli a Francesco Saverio Frediani,,,0,0,0,unresolved_hold,Resolve the exact source scan or retain the work outside page-level extraction.,metadata_only_not_activated
itws-4b-review-0458,hold_no_direct_scan_link,work_root,1,3013,itws:677471,Lettera di Pasquale Paoli a James Boswell,,,0,0,0,unresolved_hold,Resolve the exact source scan or retain the work outside page-level extraction.,metadata_only_not_activated
itws-4b-review-0459,hold_no_direct_scan_link,work_root,1,1562,itws:677898,Lettera di Pasquale Paoli a Luigi Battesti,,,0,0,0,unresolved_hold,Resolve the exact source scan or retain the work outside page-level extraction.,metadata_only_not_activated
itws-4b-review-0460,hold_no_direct_scan_link,work_root,1,3812,itws:677532,Lettera di Pasquale Paoli a Maria Cosway,,,0,0,0,unresolved_hold,Resolve the exact source scan or retain the work outside page-level extraction.,metadata_only_not_activated
itws-4b-review-0461,hold_no_direct_scan_link,work_root,1,3124,itws:677296,Lettera di Pasquale Paoli a Napoleone Buonaparte,,,0,0,0,unresolved_hold,Resolve the exact source scan or retain the work outside page-level extraction.,metadata_only_not_activated
itws-4b-review-0462,hold_no_direct_scan_link,work_root,1,2065,itws:677812,Lettera di Pasquale Paoli a Pietro Paolo Colonna Cesari della Rocca,,,0,0,0,unresolved_hold,Resolve the exact source scan or retain the work outside page-level extraction.,metadata_only_not_activated
itws-4b-review-0463,hold_no_direct_scan_link,work_root,1,22744,itws:216313,Lettera di Raffaello d'Urbino a papa Leone X,,,0,0,0,unresolved_hold,Resolve the exact source scan or retain the work outside page-level extraction.,metadata_only_not_activated
itws-4b-review-0464,hold_no_direct_scan_link,work_root,1,24389,itws:595098,Lettera sui fatti di Milano del 1898,,,0,0,0,unresolved_hold,Resolve the exact source scan or retain the work outside page-level extraction.,metadata_only_not_activated
itws-4b-review-0465,hold_no_direct_scan_link,work_root,1,157038,itws:74437,Lettere (Filippo Sassetti),,,0,0,0,unresolved_hold,Resolve the exact source scan or retain the work outside page-level extraction.,metadata_only_not_activated
itws-4b-review-0466,hold_no_direct_scan_link,work_root,1,477321,itws:35665,Lettere (Galileo),,,0,0,0,unresolved_hold,Resolve the exact source scan or retain the work outside page-level extraction.,metadata_only_not_activated
itws-4b-review-0467,hold_no_direct_scan_link,work_root,1,51071,itws:66500,Lettere (Gilio de Amoruso),,,0,0,0,unresolved_hold,Resolve the exact source scan or retain the work outside page-level extraction.,metadata_only_not_activated
itws-4b-review-0468,hold_no_direct_scan_link,work_root,1,10905,itws:89412,Lettere (Giovanni Pico della Mirandola),,,0,0,0,unresolved_hold,Resolve the exact source scan or retain the work outside page-level extraction.,metadata_only_not_activated
itws-4b-review-0469,hold_no_direct_scan_link,work_root,1,75185,itws:72325,Lettere (Isabella Teotochi Albrizzi),,,0,0,0,unresolved_hold,Resolve the exact source scan or retain the work outside page-level extraction.,metadata_only_not_activated
itws-4b-review-0470,hold_no_direct_scan_link,work_root,1,210600,itws:64864,Lettere (Machiavelli),,,0,0,0,unresolved_hold,Resolve the exact source scan or retain the work outside page-level extraction.,metadata_only_not_activated
itws-4b-review-0471,hold_no_direct_scan_link,work_root,1,304802,itws:35232,Lettere al padre,,,0,0,0,unresolved_hold,Resolve the exact source scan or retain the work outside page-level extraction.,metadata_only_not_activated
itws-4b-review-0472,hold_no_direct_scan_link,work_root,1,2401,itws:74393,Libertas!,,,0,0,0,unresolved_hold,Resolve the exact source scan or retain the work outside page-level extraction.,metadata_only_not_activated
itws-4b-review-0473,hold_no_direct_scan_link,work_root,1,210288,itws:32995,Libro de' Vizî e delle virtudi,,,0,0,0,unresolved_hold,Resolve the exact source scan or retain the work outside page-level extraction.,metadata_only_not_activated
itws-4b-review-0474,hold_no_direct_scan_link,work_root,1,86897,itws:76498,Libro piccolo di meraviglie,,,0,0,0,unresolved_hold,Resolve the exact source scan or retain the work outside page-level extraction.,metadata_only_not_activated
itws-4b-review-0475,hold_no_direct_scan_link,work_root,1,128226,itws:153672,Libro proibito,,,0,0,0,unresolved_hold,Resolve the exact source scan or retain the work outside page-level extraction.,metadata_only_not_activated
itws-4b-review-0476,hold_no_direct_scan_link,work_root,1,89022,itws:62785,Linguaccio,,,0,0,0,unresolved_hold,Resolve the exact source scan or retain the work outside page-level extraction.,metadata_only_not_activated
itws-4b-review-0477,hold_no_direct_scan_link,work_root,1,2698,itws:79743,Litanie lauretane,,,0,0,0,unresolved_hold,Resolve the exact source scan or retain the work outside page-level extraction.,metadata_only_not_activated
itws-4b-review-0478,hold_no_direct_scan_link,work_root,1,1722,itws:36579,Lo core innamorato,,,0,0,0,unresolved_hold,Resolve the exact source scan or retain the work outside page-level extraction.,metadata_only_not_activated
itws-4b-review-0479,hold_no_direct_scan_link,work_root,1,2074,itws:62188,Lo fin pregi' avanzato,,,0,0,0,unresolved_hold,Resolve the exact source scan or retain the work outside page-level extraction.,metadata_only_not_activated
itws-4b-review-0480,hold_no_direct_scan_link,work_root,1,2014,itws:36591,Lo gran valore e lo pregio amoroso,,,0,0,0,unresolved_hold,Resolve the exact source scan or retain the work outside page-level extraction.,metadata_only_not_activated
itws-4b-review-0481,hold_no_direct_scan_link,work_root,1,262083,itws:66546,Lo schiavetto,,,0,0,0,unresolved_hold,Resolve the exact source scan or retain the work outside page-level extraction.,metadata_only_not_activated
itws-4b-review-0482,hold_no_direct_scan_link,work_root,1,1025,itws:64458,Lo vostro bel saluto e 'l gentil sguardo,,,0,0,0,unresolved_hold,Resolve the exact source scan or retain the work outside page-level extraction.,metadata_only_not_activated
itws-4b-review-0483,hold_no_direct_scan_link,work_root,1,1049,itws:234019,Lode al Beato Angelo Carletti,,,0,0,0,unresolved_hold,Resolve the exact source scan or retain the work outside page-level extraction.,metadata_only_not_activated
itws-4b-review-0484,hold_no_direct_scan_link,work_root,1,1661,itws:36555,Lontano amore manda sospiri,,,0,0,0,unresolved_hold,Resolve the exact source scan or retain the work outside page-level extraction.,metadata_only_not_activated
itws-4b-review-0485,hold_no_direct_scan_link,work_root,1,637,itws:31888,Luci belle e spietate,,,0,0,0,unresolved_hold,Resolve the exact source scan or retain the work outside page-level extraction.,metadata_only_not_activated
itws-4b-review-0486,hold_no_direct_scan_link,work_root,1,634,itws:31890,Luci serene e liete,,,0,0,0,unresolved_hold,Resolve the exact source scan or retain the work outside page-level extraction.,metadata_only_not_activated
itws-4b-review-0487,hold_no_direct_scan_link,work_root,1,962,itws:63824,"Madonna mia, quel dì ch'Amor consente",,,0,0,0,unresolved_hold,Resolve the exact source scan or retain the work outside page-level extraction.,metadata_only_not_activated
itws-4b-review-0488,hold_no_direct_scan_link,work_root,1,2071,itws:36580,"Madonna, de lo meo 'namoramento",,,0,0,0,unresolved_hold,Resolve the exact source scan or retain the work outside page-level extraction.,metadata_only_not_activated
itws-4b-review-0489,hold_no_direct_scan_link,work_root,1,3581,itws:62181,"Madonna, il fino amor ched eo vo porto",,,0,0,0,unresolved_hold,Resolve the exact source scan or retain the work outside page-level extraction.,metadata_only_not_activated
itws-4b-review-0490,hold_no_direct_scan_link,work_root,1,2208,itws:60363,"Madonna, me è avenuto simigliante",,,0,0,0,unresolved_hold,Resolve the exact source scan or retain the work outside page-level extraction.,metadata_only_not_activated
itws-4b-review-0491,hold_no_direct_scan_link,work_root,1,8243,itws:82774,Magna charta,,,0,0,0,unresolved_hold,Resolve the exact source scan or retain the work outside page-level extraction.,metadata_only_not_activated
itws-4b-review-0492,hold_no_direct_scan_link,work_root,1,691,itws:28188,Mandorla inzuccherata,,,0,0,0,unresolved_hold,Resolve the exact source scan or retain the work outside page-level extraction.,metadata_only_not_activated
itws-4b-review-0493,hold_no_direct_scan_link,work_root,1,56965,itws:73903,Massime di perfezione cristiana,,,0,0,0,unresolved_hold,Resolve the exact source scan or retain the work outside page-level extraction.,metadata_only_not_activated
itws-4b-review-0494,hold_no_direct_scan_link,work_root,1,624966,itws:27292,"Mastro Titta, il boia di Roma",,,0,0,0,unresolved_hold,Resolve the exact source scan or retain the work outside page-level extraction.,metadata_only_not_activated
itws-4b-review-0495,hold_no_direct_scan_link,work_root,1,3129,itws:72772,Medio Evo (Costanzo),,,0,0,0,unresolved_hold,Resolve the exact source scan or retain the work outside page-level extraction.,metadata_only_not_activated
itws-4b-review-0496,hold_no_direct_scan_link,work_root,1,963,itws:36018,Meglio val dire ciò c'omo à 'n talento,,,0,0,0,unresolved_hold,Resolve the exact source scan or retain the work outside page-level extraction.,metadata_only_not_activated
itws-4b-review-0497,hold_no_direct_scan_link,work_root,1,33713,itws:73998,Memorie del primo amore,,,0,0,0,unresolved_hold,Resolve the exact source scan or retain the work outside page-level extraction.,metadata_only_not_activated
itws-4b-review-0498,hold_no_direct_scan_link,work_root,1,192102,itws:215850,Memorie storiche modenesi,,,0,0,0,unresolved_hold,Resolve the exact source scan or retain the work outside page-level extraction.,metadata_only_not_activated
itws-4b-review-0499,hold_no_direct_scan_link,work_root,1,670,itws:31922,Mentre ch'al'aureo crine,,,0,0,0,unresolved_hold,Resolve the exact source scan or retain the work outside page-level extraction.,metadata_only_not_activated
itws-4b-review-0500,hold_no_direct_scan_link,work_root,1,697,itws:44218,Mentre lunge ti stai,,,0,0,0,unresolved_hold,Resolve the exact source scan or retain the work outside page-level extraction.,metadata_only_not_activated
itws-4b-review-0501,hold_no_direct_scan_link,work_root,1,4492,itws:5801,"Miglioramento delle condizioni dei feriti nelle armate sul campo di battaglia - Convenzione, Ginevra, 22 agosto 1864",,,0,0,0,unresolved_hold,Resolve the exact source scan or retain the work outside page-level extraction.,metadata_only_not_activated
itws-4b-review-0502,hold_no_direct_scan_link,work_root,1,370179,itws:1533,Milione,,,0,0,0,unresolved_hold,Resolve the exact source scan or retain the work outside page-level extraction.,metadata_only_not_activated
itws-4b-review-0503,hold_no_direct_scan_link,work_root,1,645,itws:31892,Miro i vostr'occhi belli,,,0,0,0,unresolved_hold,Resolve the exact source scan or retain the work outside page-level extraction.,metadata_only_not_activated
itws-4b-review-0504,hold_no_direct_scan_link,work_root,1,979,itws:352292,Mirra savia e gentil non ama alcuno,,,0,0,0,unresolved_hold,Resolve the exact source scan or retain the work outside page-level extraction.,metadata_only_not_activated
itws-4b-review-0505,hold_no_direct_scan_link,work_root,1,914,itws:36272,"Misura, providenzia e meritanza",,,0,0,0,unresolved_hold,Resolve the exact source scan or retain the work outside page-level extraction.,metadata_only_not_activated
itws-4b-review-0506,hold_no_direct_scan_link,work_root,1,902,itws:190604,Moderni auspicanti,,,0,0,0,unresolved_hold,Resolve the exact source scan or retain the work outside page-level extraction.,metadata_only_not_activated
itws-4b-review-0507,hold_no_direct_scan_link,work_root,1,1440360,itws:13762,Morgante,,,0,0,0,unresolved_hold,Resolve the exact source scan or retain the work outside page-level extraction.,metadata_only_not_activated
itws-4b-review-0508,hold_no_direct_scan_link,work_root,1,2628,itws:36556,"Morte, perchè m'ài fatta sì gran guerra",,,0,0,0,unresolved_hold,Resolve the exact source scan or retain the work outside page-level extraction.,metadata_only_not_activated
itws-4b-review-0509,hold_no_direct_scan_link,work_root,1,1756,itws:36265,Mostrar vorria in parvenza,,,0,0,0,unresolved_hold,Resolve the exact source scan or retain the work outside page-level extraction.,metadata_only_not_activated
itws-4b-review-0510,hold_no_direct_scan_link,work_root,1,4034,itws:72008,Nei giorni,,,0,0,0,unresolved_hold,Resolve the exact source scan or retain the work outside page-level extraction.,metadata_only_not_activated
itws-4b-review-0511,hold_no_direct_scan_link,work_root,1,13331,itws:72161,Nel giugno,,,0,0,0,unresolved_hold,Resolve the exact source scan or retain the work outside page-level extraction.,metadata_only_not_activated
itws-4b-review-0512,hold_no_direct_scan_link,work_root,1,1403,itws:51221,Ninfe,,,0,0,0,unresolved_hold,Resolve the exact source scan or retain the work outside page-level extraction.,metadata_only_not_activated
itws-4b-review-0513,hold_no_direct_scan_link,work_root,1,912,itws:119519,No tu non sei la vergine ideata,,,0,0,0,unresolved_hold,Resolve the exact source scan or retain the work outside page-level extraction.,metadata_only_not_activated
itws-4b-review-0514,hold_no_direct_scan_link,work_root,1,833,itws:352216,"No, che non sei beato",,,0,0,0,unresolved_hold,Resolve the exact source scan or retain the work outside page-level extraction.,metadata_only_not_activated
itws-4b-review-0515,hold_no_direct_scan_link,work_root,1,1069,itws:7010,Non deporrem la spada,,,0,0,0,unresolved_hold,Resolve the exact source scan or retain the work outside page-level extraction.,metadata_only_not_activated
itws-4b-review-0516,hold_no_direct_scan_link,work_root,1,826,itws:160500,Non pensi a me...,,,0,0,0,unresolved_hold,Resolve the exact source scan or retain the work outside page-level extraction.,metadata_only_not_activated
itws-4b-review-0517,hold_no_direct_scan_link,work_root,1,615,itws:31880,Non è di vita privo,,,0,0,0,unresolved_hold,Resolve the exact source scan or retain the work outside page-level extraction.,metadata_only_not_activated
itws-4b-review-0518,hold_no_direct_scan_link,work_root,1,8363,itws:33787,Note su alcuni insetti osservati nel periodo dell'ecclisse dell'8 luglio 1842,,,0,0,0,unresolved_hold,Resolve the exact source scan or retain the work outside page-level extraction.,metadata_only_not_activated
itws-4b-review-0519,hold_no_direct_scan_link,work_root,1,24614,itws:122351,Notizie inedite scritte da Giovanni Marsili,,,0,0,0,unresolved_hold,Resolve the exact source scan or retain the work outside page-level extraction.,metadata_only_not_activated
itws-4b-review-0520,hold_no_direct_scan_link,work_root,1,30022,itws:518426,Novella (Giovanni Guidiccioni),,,0,0,0,unresolved_hold,Resolve the exact source scan or retain the work outside page-level extraction.,metadata_only_not_activated
itws-4b-review-0521,hold_no_direct_scan_link,work_root,1,31621,itws:204240,Novella del Grasso legnajuolo,,,0,0,0,unresolved_hold,Resolve the exact source scan or retain the work outside page-level extraction.,metadata_only_not_activated
itws-4b-review-0522,hold_no_direct_scan_link,work_root,1,21610,itws:336075,Novella di Giacoppo,,,0,0,0,unresolved_hold,Resolve the exact source scan or retain the work outside page-level extraction.,metadata_only_not_activated
itws-4b-review-0523,hold_no_direct_scan_link,work_root,1,9122,itws:204238,Novella di una donna che fu lisciata dal diavolo,,,0,0,0,unresolved_hold,Resolve the exact source scan or retain the work outside page-level extraction.,metadata_only_not_activated
itws-4b-review-0524,hold_no_direct_scan_link,work_root,1,172398,itws:61853,Novelle lombarde,,,0,0,0,unresolved_hold,Resolve the exact source scan or retain the work outside page-level extraction.,metadata_only_not_activated
itws-4b-review-0525,hold_no_direct_scan_link,work_root,1,180680,itws:63719,Novellino,,,0,0,0,unresolved_hold,Resolve the exact source scan or retain the work outside page-level extraction.,metadata_only_not_activated
itws-4b-review-0526,hold_no_direct_scan_link,work_root,1,5898,itws:24282,Nunal,,,0,0,0,unresolved_hold,Resolve the exact source scan or retain the work outside page-level extraction.,metadata_only_not_activated
itws-4b-review-0527,hold_no_direct_scan_link,work_root,1,2791817,itws:65002,Nuova Cronica,,,0,0,0,unresolved_hold,Resolve the exact source scan or retain the work outside page-level extraction.,metadata_only_not_activated
itws-4b-review-0528,hold_no_direct_scan_link,work_root,1,673,itws:31907,O bella incantatrice,,,0,0,0,unresolved_hold,Resolve the exact source scan or retain the work outside page-level extraction.,metadata_only_not_activated
itws-4b-review-0529,hold_no_direct_scan_link,work_root,1,1010,itws:64677,"O caro padre meo, de vostra laude",,,0,0,0,unresolved_hold,Resolve the exact source scan or retain the work outside page-level extraction.,metadata_only_not_activated
itws-4b-review-0530,hold_no_direct_scan_link,work_root,1,4087,itws:356921,O dea dolce amorosa,,,0,0,0,unresolved_hold,Resolve the exact source scan or retain the work outside page-level extraction.,metadata_only_not_activated
itws-4b-review-0531,hold_no_direct_scan_link,work_root,1,1189,itws:61130,O iubelo de core,,,0,0,0,unresolved_hold,Resolve the exact source scan or retain the work outside page-level extraction.,metadata_only_not_activated
itws-4b-review-0532,hold_no_direct_scan_link,work_root,1,2337,itws:352218,"O Nina, a te che sei",,,0,0,0,unresolved_hold,Resolve the exact source scan or retain the work outside page-level extraction.,metadata_only_not_activated
itws-4b-review-0533,hold_no_direct_scan_link,work_root,1,660,itws:31910,"O quali, o quali io sento",,,0,0,0,unresolved_hold,Resolve the exact source scan or retain the work outside page-level extraction.,metadata_only_not_activated
itws-4b-review-0534,hold_no_direct_scan_link,work_root,1,2529,itws:35134,"O Segnor, per cortesia",,,0,0,0,unresolved_hold,Resolve the exact source scan or retain the work outside page-level extraction.,metadata_only_not_activated
itws-4b-review-0535,hold_no_direct_scan_link,work_root,1,2614,itws:68161,"O Signor, per cortesia",,,0,0,0,unresolved_hold,Resolve the exact source scan or retain the work outside page-level extraction.,metadata_only_not_activated
itws-4b-review-0536,hold_no_direct_scan_link,work_root,1,680,itws:31920,O tronchi innamorati,,,0,0,0,unresolved_hold,Resolve the exact source scan or retain the work outside page-level extraction.,metadata_only_not_activated
itws-4b-review-0537,hold_no_direct_scan_link,work_root,1,954,itws:31906,"O voi, che lieti ove vi spinge e mena",,,0,0,0,unresolved_hold,Resolve the exact source scan or retain the work outside page-level extraction.,metadata_only_not_activated
itws-4b-review-0538,hold_no_direct_scan_link,work_root,1,774,itws:153866,Oblio!,,,0,0,0,unresolved_hold,Resolve the exact source scan or retain the work outside page-level extraction.,metadata_only_not_activated
itws-4b-review-0539,hold_no_direct_scan_link,work_root,1,624,itws:31887,Occhi dela mia vita,,,0,0,0,unresolved_hold,Resolve the exact source scan or retain the work outside page-level extraction.,metadata_only_not_activated
itws-4b-review-0540,hold_no_direct_scan_link,work_root,1,695,itws:31886,"Occhi, s'è ver ch'uom saggio",,,0,0,0,unresolved_hold,Resolve the exact source scan or retain the work outside page-level extraction.,metadata_only_not_activated
itws-4b-review-0541,hold_no_direct_scan_link,work_root,1,87797,itws:23736,Odi (Parini),,,0,0,0,unresolved_hold,Resolve the exact source scan or retain the work outside page-level extraction.,metadata_only_not_activated
itws-4b-review-0542,hold_no_direct_scan_link,work_root,1,7410,itws:351512,Oh possente Armonia,,,0,0,0,unresolved_hold,Resolve the exact source scan or retain the work outside page-level extraction.,metadata_only_not_activated
itws-4b-review-0543,hold_no_direct_scan_link,work_root,1,972,itws:36691,"Oi Siri Deo, con forte fu lo punto",,,0,0,0,unresolved_hold,Resolve the exact source scan or retain the work outside page-level extraction.,metadata_only_not_activated
itws-4b-review-0544,hold_no_direct_scan_link,work_root,1,1844,itws:35228,"Omo, mìttete a pensare",,,0,0,0,unresolved_hold,Resolve the exact source scan or retain the work outside page-level extraction.,metadata_only_not_activated
itws-4b-review-0545,hold_no_direct_scan_link,work_root,1,145264,itws:104379,Opere di Raimondo Montecuccoli,,,0,0,0,unresolved_hold,Resolve the exact source scan or retain the work outside page-level extraction.,metadata_only_not_activated
itws-4b-review-0546,hold_no_direct_scan_link,work_root,1,521110,itws:55998,Operette morali,,,0,0,0,unresolved_hold,Resolve the exact source scan or retain the work outside page-level extraction.,metadata_only_not_activated
itws-4b-review-0547,hold_no_direct_scan_link,work_root,1,737,itws:31877,"Or che da te, mio bene",,,0,0,0,unresolved_hold,Resolve the exact source scan or retain the work outside page-level extraction.,metadata_only_not_activated
itws-4b-review-0548,hold_no_direct_scan_link,work_root,1,46005,itws:93673,Orazione ai nobili di Lucca,,,0,0,0,unresolved_hold,Resolve the exact source scan or retain the work outside page-level extraction.,metadata_only_not_activated
itws-4b-review-0549,hold_no_direct_scan_link,work_root,1,27632,itws:517239,Orazioni di Sallustio e di Tito Livio volgarizzate,,,0,0,0,unresolved_hold,Resolve the exact source scan or retain the work outside page-level extraction.,metadata_only_not_activated
itws-4b-review-0550,hold_no_direct_scan_link,work_root,1,1722,itws:36199,Ormai quando flore,,,0,0,0,unresolved_hold,Resolve the exact source scan or retain the work outside page-level extraction.,metadata_only_not_activated
itws-4b-review-0551,hold_no_direct_scan_link,work_root,1,929,itws:1895,Ornato di gran pregio e di valenza,,,0,0,0,unresolved_hold,Resolve the exact source scan or retain the work outside page-level extraction.,metadata_only_not_activated
itws-4b-review-0552,hold_no_direct_scan_link,work_root,1,888,itws:195301,Oroscopo,,,0,0,0,unresolved_hold,Resolve the exact source scan or retain the work outside page-level extraction.,metadata_only_not_activated
itws-4b-review-0553,hold_no_direct_scan_link,work_root,1,11450,itws:33791,Osservazioni entomologiche durante l'eclisse del 9 ottobre 1847,,,0,0,0,unresolved_hold,Resolve the exact source scan or retain the work outside page-level extraction.,metadata_only_not_activated
itws-4b-review-0554,hold_no_direct_scan_link,work_root,1,7725,itws:33789,Osservazioni zoologiche eseguite durante l'ecclisse parziale di sole del 18 ottobre 1860,,,0,0,0,unresolved_hold,Resolve the exact source scan or retain the work outside page-level extraction.,metadata_only_not_activated
itws-4b-review-0555,hold_no_direct_scan_link,work_root,1,64179,itws:149809,Otello (Boito),,,0,0,0,unresolved_hold,Resolve the exact source scan or retain the work outside page-level extraction.,metadata_only_not_activated
itws-4b-review-0556,hold_no_direct_scan_link,work_root,1,35977,itws:61913,Ottave,,,0,0,0,unresolved_hold,Resolve the exact source scan or retain the work outside page-level extraction.,metadata_only_not_activated
itws-4b-review-0557,hold_no_direct_scan_link,work_root,1,1041,itws:31897,"Ove ch'io vada, ove ch'io stia, talora",,,0,0,0,unresolved_hold,Resolve the exact source scan or retain the work outside page-level extraction.,metadata_only_not_activated
itws-4b-review-0558,hold_no_direct_scan_link,work_root,1,975,itws:71607,Ovunque giri il popolo si lagna,,,0,0,0,unresolved_hold,Resolve the exact source scan or retain the work outside page-level extraction.,metadata_only_not_activated
itws-4b-review-0559,hold_no_direct_scan_link,work_root,1,115531,itws:92828,Pagine politiche,,,0,0,0,unresolved_hold,Resolve the exact source scan or retain the work outside page-level extraction.,metadata_only_not_activated
itws-4b-review-0560,hold_no_direct_scan_link,work_root,1,27370,itws:755241,Pagliacci,,,0,0,0,unresolved_hold,Resolve the exact source scan or retain the work outside page-level extraction.,metadata_only_not_activated
itws-4b-review-0561,hold_no_direct_scan_link,work_root,1,971,itws:3290,Parodia d'arietta melodrammatica metastasiana,,,0,0,0,unresolved_hold,Resolve the exact source scan or retain the work outside page-level extraction.,metadata_only_not_activated
itws-4b-review-0562,hold_no_direct_scan_link,work_root,1,10142,itws:71603,Parole da dirle sopra la previsione del danaio,,,0,0,0,unresolved_hold,Resolve the exact source scan or retain the work outside page-level extraction.,metadata_only_not_activated
itws-4b-review-0563,hold_no_direct_scan_link,work_root,1,653,itws:863451,Parole per musica,,,0,0,0,unresolved_hold,Resolve the exact source scan or retain the work outside page-level extraction.,metadata_only_not_activated
itws-4b-review-0564,hold_no_direct_scan_link,work_root,1,1461,itws:239697,Partire partirò,,,0,0,0,unresolved_hold,Resolve the exact source scan or retain the work outside page-level extraction.,metadata_only_not_activated
itws-4b-review-0565,hold_no_direct_scan_link,work_root,1,1449,itws:31991,Patti chiari!,,,0,0,0,unresolved_hold,Resolve the exact source scan or retain the work outside page-level extraction.,metadata_only_not_activated
itws-4b-review-0566,hold_no_direct_scan_link,work_root,1,2165,itws:36200,Per fino amore vao sì letamente,,,0,0,0,unresolved_hold,Resolve the exact source scan or retain the work outside page-level extraction.,metadata_only_not_activated
itws-4b-review-0567,hold_no_direct_scan_link,work_root,1,1152,itws:136179,Per la festa dell'Immacolata Concezione,,,0,0,0,unresolved_hold,Resolve the exact source scan or retain the work outside page-level extraction.,metadata_only_not_activated
itws-4b-review-0568,hold_no_direct_scan_link,work_root,1,1948,itws:36620,Per lo marito c'ò rio,,,0,0,0,unresolved_hold,Resolve the exact source scan or retain the work outside page-level extraction.,metadata_only_not_activated
itws-4b-review-0569,hold_no_direct_scan_link,work_root,1,959,itws:352230,Per più bella cagion mai non discese,,,0,0,0,unresolved_hold,Resolve the exact source scan or retain the work outside page-level extraction.,metadata_only_not_activated
itws-4b-review-0570,hold_no_direct_scan_link,work_root,1,901,itws:3151,Per un prelato,,,0,0,0,unresolved_hold,Resolve the exact source scan or retain the work outside page-level extraction.,metadata_only_not_activated
itws-4b-review-0571,hold_no_direct_scan_link,work_root,1,5875,itws:352872,Perché pensosa e mesta,,,0,0,0,unresolved_hold,Resolve the exact source scan or retain the work outside page-level extraction.,metadata_only_not_activated
itws-4b-review-0572,hold_no_direct_scan_link,work_root,1,1022,itws:35142,Però ch'amore non si pò vedere,,,0,0,0,unresolved_hold,Resolve the exact source scan or retain the work outside page-level extraction.,metadata_only_not_activated
itws-4b-review-0573,hold_no_direct_scan_link,work_root,1,2350,itws:36223,Pir meu cori allegrari,,,0,0,0,unresolved_hold,Resolve the exact source scan or retain the work outside page-level extraction.,metadata_only_not_activated
itws-4b-review-0574,hold_no_direct_scan_link,work_root,1,1474,itws:732767,Piruç myò doç inculurit,,,0,0,0,unresolved_hold,Resolve the exact source scan or retain the work outside page-level extraction.,metadata_only_not_activated
itws-4b-review-0575,hold_no_direct_scan_link,work_root,1,4243,itws:72194,Più volte,,,0,0,0,unresolved_hold,Resolve the exact source scan or retain the work outside page-level extraction.,metadata_only_not_activated
itws-4b-review-0576,hold_no_direct_scan_link,work_root,1,932,itws:59653,Placiti cassinesi,,,0,0,0,unresolved_hold,Resolve the exact source scan or retain the work outside page-level extraction.,metadata_only_not_activated
itws-4b-review-0577,hold_no_direct_scan_link,work_root,1,533,itws:1004629,Placito di Sessa Aurunca,,,0,0,0,unresolved_hold,Resolve the exact source scan or retain the work outside page-level extraction.,metadata_only_not_activated
itws-4b-review-0578,hold_no_direct_scan_link,work_root,1,19680,itws:418646,Poesias diversas (1892),,,0,0,0,unresolved_hold,Resolve the exact source scan or retain the work outside page-level extraction.,metadata_only_not_activated
itws-4b-review-0579,hold_no_direct_scan_link,work_root,1,10668,itws:66293,Poesie (Altoviti),,,0,0,0,unresolved_hold,Resolve the exact source scan or retain the work outside page-level extraction.,metadata_only_not_activated
itws-4b-review-0580,hold_no_direct_scan_link,work_root,1,41702,itws:66340,Poesie (Antonio di Guido),,,0,0,0,unresolved_hold,Resolve the exact source scan or retain the work outside page-level extraction.,metadata_only_not_activated
itws-4b-review-0581,hold_no_direct_scan_link,work_root,1,168752,itws:62207,Poesie (Francesco d'Altobianco Alberti),,,0,0,0,unresolved_hold,Resolve the exact source scan or retain the work outside page-level extraction.,metadata_only_not_activated
itws-4b-review-0582,hold_no_direct_scan_link,work_root,1,2398,itws:36273,"Poi ch'a voi piace, amore (Panvini)",,,0,0,0,unresolved_hold,Resolve the exact source scan or retain the work outside page-level extraction.,metadata_only_not_activated
itws-4b-review-0583,hold_no_direct_scan_link,work_root,1,1880,itws:36697,Poi l'Amor vuol ch'io dica,,,0,0,0,unresolved_hold,Resolve the exact source scan or retain the work outside page-level extraction.,metadata_only_not_activated
itws-4b-review-0584,hold_no_direct_scan_link,work_root,1,1542,itws:36999,Poi la noiosa erranza m'à sorpriso,,,0,0,0,unresolved_hold,Resolve the exact source scan or retain the work outside page-level extraction.,metadata_only_not_activated
itws-4b-review-0585,hold_no_direct_scan_link,work_root,1,1493,itws:36201,Poi li piace c'avanzi suo valore,,,0,0,0,unresolved_hold,Resolve the exact source scan or retain the work outside page-level extraction.,metadata_only_not_activated
itws-4b-review-0586,hold_no_direct_scan_link,work_root,1,910,itws:72395,Polve,,,0,0,0,unresolved_hold,Resolve the exact source scan or retain the work outside page-level extraction.,metadata_only_not_activated
itws-4b-review-0587,hold_no_direct_scan_link,work_root,1,655,itws:31924,Porta intorno madonna,,,0,0,0,unresolved_hold,Resolve the exact source scan or retain the work outside page-level extraction.,metadata_only_not_activated
itws-4b-review-0588,hold_no_direct_scan_link,work_root,1,689,itws:3231,"Postilla al sonetto ""A Carlo Porta""",,,0,0,0,unresolved_hold,Resolve the exact source scan or retain the work outside page-level extraction.,metadata_only_not_activated
itws-4b-review-0589,hold_no_direct_scan_link,work_root,1,2401,itws:29524,Preghiera (Broccadelli da Narni),,,0,0,0,unresolved_hold,Resolve the exact source scan or retain the work outside page-level extraction.,metadata_only_not_activated
itws-4b-review-0590,hold_no_direct_scan_link,work_root,1,1577,itws:29554,Preghiera (Quinzani),,,0,0,0,unresolved_hold,Resolve the exact source scan or retain the work outside page-level extraction.,metadata_only_not_activated
itws-4b-review-0591,hold_no_direct_scan_link,work_root,1,4252,itws:77980,Preludio al Calatafimi,,,0,0,0,unresolved_hold,Resolve the exact source scan or retain the work outside page-level extraction.,metadata_only_not_activated
itws-4b-review-0592,hold_no_direct_scan_link,work_root,1,960808,itws:33571,Primo maggio,,,0,0,0,unresolved_hold,Resolve the exact source scan or retain the work outside page-level extraction.,metadata_only_not_activated
itws-4b-review-0593,hold_no_direct_scan_link,work_root,1,2040,itws:9706,Privilegio Logudorese,,,0,0,0,unresolved_hold,Resolve the exact source scan or retain the work outside page-level extraction.,metadata_only_not_activated
itws-4b-review-0594,hold_no_direct_scan_link,work_root,1,52266,itws:324030,Processo di Sculacciabuchi,,,0,0,0,unresolved_hold,Resolve the exact source scan or retain the work outside page-level extraction.,metadata_only_not_activated
itws-4b-review-0595,hold_no_direct_scan_link,work_root,1,4509,itws:178548,Proclama di Rimini,,,0,0,0,unresolved_hold,Resolve the exact source scan or retain the work outside page-level extraction.,metadata_only_not_activated
itws-4b-review-0596,hold_no_direct_scan_link,work_root,1,3570,itws:66708,"Prohibitione sopra l'estrattione di statue di marmo o di metallo figure, antichità e simili. 5 ottobre 1624",,,0,0,0,unresolved_hold,Resolve the exact source scan or retain the work outside page-level extraction.,metadata_only_not_activated
itws-4b-review-0597,hold_no_direct_scan_link,work_root,1,34622,itws:65640,Prometeo (Monti),,,0,0,0,unresolved_hold,Resolve the exact source scan or retain the work outside page-level extraction.,metadata_only_not_activated
itws-4b-review-0598,hold_no_direct_scan_link,work_root,1,10078,itws:194362,Proprietà di Mercato Vecchio,,,0,0,0,unresolved_hold,Resolve the exact source scan or retain the work outside page-level extraction.,metadata_only_not_activated
itws-4b-review-0599,hold_no_direct_scan_link,work_root,1,428386,itws:21538,Prose della volgar lingua,,,0,0,0,unresolved_hold,Resolve the exact source scan or retain the work outside page-level extraction.,metadata_only_not_activated
itws-4b-review-0600,hold_no_direct_scan_link,work_root,1,10176,itws:33195,Proverbi (Garzo),,,0,0,0,unresolved_hold,Resolve the exact source scan or retain the work outside page-level extraction.,metadata_only_not_activated
itws-4b-review-0601,hold_no_direct_scan_link,work_root,1,1837,itws:797350,Publicazion di matrimoni,,,0,0,0,unresolved_hold,Resolve the exact source scan or retain the work outside page-level extraction.,metadata_only_not_activated
itws-4b-review-0602,hold_no_direct_scan_link,work_root,1,1276,itws:65733,Pulce sulle poppe di bella donna,,,0,0,0,unresolved_hold,Resolve the exact source scan or retain the work outside page-level extraction.,metadata_only_not_activated
itws-4b-review-0603,hold_no_direct_scan_link,work_root,1,897,itws:63850,Pur a pensar mi par gran meraviglia,,,0,0,0,unresolved_hold,Resolve the exact source scan or retain the work outside page-level extraction.,metadata_only_not_activated
itws-4b-review-0604,hold_no_direct_scan_link,work_root,1,25161,itws:91862,Quadro dell'uomo,,,0,0,0,unresolved_hold,Resolve the exact source scan or retain the work outside page-level extraction.,metadata_only_not_activated
itws-4b-review-0605,hold_no_direct_scan_link,work_root,1,20637,itws:5217,Quadro generale dello stato di Milano,,,0,0,0,unresolved_hold,Resolve the exact source scan or retain the work outside page-level extraction.,metadata_only_not_activated
itws-4b-review-0606,hold_no_direct_scan_link,work_root,1,4516,itws:351510,Qual non inteso duolo,,,0,0,0,unresolved_hold,Resolve the exact source scan or retain the work outside page-level extraction.,metadata_only_not_activated
itws-4b-review-0607,hold_no_direct_scan_link,work_root,1,661,itws:31921,Qualor sì dolcemente,,,0,0,0,unresolved_hold,Resolve the exact source scan or retain the work outside page-level extraction.,metadata_only_not_activated
itws-4b-review-0608,hold_no_direct_scan_link,work_root,1,1445,itws:35793,Quando chel cubo con le cose appresso,,,0,0,0,unresolved_hold,Resolve the exact source scan or retain the work outside page-level extraction.,metadata_only_not_activated
itws-4b-review-0609,hold_no_direct_scan_link,work_root,1,1060,itws:36227,Quando Dio messer Messerin fece (Mengaldo),,,0,0,0,unresolved_hold,Resolve the exact source scan or retain the work outside page-level extraction.,metadata_only_not_activated
itws-4b-review-0610,hold_no_direct_scan_link,work_root,1,2328,itws:162218,Quando eu stava in le tu' cathene,,,0,0,0,unresolved_hold,Resolve the exact source scan or retain the work outside page-level extraction.,metadata_only_not_activated
itws-4b-review-0611,hold_no_direct_scan_link,work_root,1,2448,itws:162220,Quando eu stava in le tu' cathene (Stussi),,,0,0,0,unresolved_hold,Resolve the exact source scan or retain the work outside page-level extraction.,metadata_only_not_activated
itws-4b-review-0612,hold_no_direct_scan_link,work_root,1,926,itws:21395,Quando l'aira rischiara e rinserena,,,0,0,0,unresolved_hold,Resolve the exact source scan or retain the work outside page-level extraction.,metadata_only_not_activated
itws-4b-review-0613,hold_no_direct_scan_link,work_root,1,13494,itws:71826,Quando spirato,,,0,0,0,unresolved_hold,Resolve the exact source scan or retain the work outside page-level extraction.,metadata_only_not_activated
itws-4b-review-0614,hold_no_direct_scan_link,work_root,1,1411,itws:36557,Quando vegio rinverdire,,,0,0,0,unresolved_hold,Resolve the exact source scan or retain the work outside page-level extraction.,metadata_only_not_activated
itws-4b-review-0615,hold_no_direct_scan_link,work_root,1,1006,itws:31905,"Quasi in campo di Marte, in chiuso loco",,,0,0,0,unresolved_hold,Resolve the exact source scan or retain the work outside page-level extraction.,metadata_only_not_activated
itws-4b-review-0616,hold_no_direct_scan_link,work_root,1,9961,itws:72113,Quel Dio,,,0,0,0,unresolved_hold,Resolve the exact source scan or retain the work outside page-level extraction.,metadata_only_not_activated
itws-4b-review-0617,hold_no_direct_scan_link,work_root,1,1415,itws:509612,Quel mazzolin di fiori,,,0,0,0,unresolved_hold,Resolve the exact source scan or retain the work outside page-level extraction.,metadata_only_not_activated
itws-4b-review-0618,hold_no_direct_scan_link,work_root,1,708,itws:31878,Quel musico tebano,,,0,0,0,unresolved_hold,Resolve the exact source scan or retain the work outside page-level extraction.,metadata_only_not_activated
itws-4b-review-0619,hold_no_direct_scan_link,work_root,1,252149,itws:35821,Quesiti et inventioni diverse,,,0,0,0,unresolved_hold,Resolve the exact source scan or retain the work outside page-level extraction.,metadata_only_not_activated
itws-4b-review-0620,hold_no_direct_scan_link,work_root,1,2732,itws:315080,"R.D. 11 maggio 1879, n. 4891",,,0,0,0,unresolved_hold,Resolve the exact source scan or retain the work outside page-level extraction.,metadata_only_not_activated
itws-4b-review-0621,hold_no_direct_scan_link,work_root,1,3509,itws:315089,"R.D. 14 luglio 1860, n. 4176",,,0,0,0,unresolved_hold,Resolve the exact source scan or retain the work outside page-level extraction.,metadata_only_not_activated
itws-4b-review-0622,hold_no_direct_scan_link,work_root,1,6910,itws:314308,"R.D. 15 ottobre 1870, n. 5929",,,0,0,0,unresolved_hold,Resolve the exact source scan or retain the work outside page-level extraction.,metadata_only_not_activated
itws-4b-review-0623,hold_no_direct_scan_link,work_root,1,2490,itws:313625,"R.D. 18 gennaio 1877, n. 3644",,,0,0,0,unresolved_hold,Resolve the exact source scan or retain the work outside page-level extraction.,metadata_only_not_activated
itws-4b-review-0624,hold_no_direct_scan_link,work_root,1,2363,itws:314405,"R.D. 20 agosto 1873, n. 1537",,,0,0,0,unresolved_hold,Resolve the exact source scan or retain the work outside page-level extraction.,metadata_only_not_activated
itws-4b-review-0625,hold_no_direct_scan_link,work_root,1,3224,itws:315733,"R.D. 21 giugno 1883, n. 1476",,,0,0,0,unresolved_hold,Resolve the exact source scan or retain the work outside page-level extraction.,metadata_only_not_activated
itws-4b-review-0626,hold_no_direct_scan_link,work_root,1,5818,itws:318016,"R.D. 22 aprile 1868, n. 4361",,,0,0,0,unresolved_hold,Resolve the exact source scan or retain the work outside page-level extraction.,metadata_only_not_activated
itws-4b-review-0627,hold_no_direct_scan_link,work_root,1,3133,itws:170700,"R.D. 24 agosto 1862, n. 802, che autorizza alcuni comuni a variare la loro denominazione",,,0,0,0,unresolved_hold,Resolve the exact source scan or retain the work outside page-level extraction.,metadata_only_not_activated
itws-4b-review-0628,hold_no_direct_scan_link,work_root,1,14367,itws:350453,"R.D. 28 giugno 1863, n. 1426",,,0,0,0,unresolved_hold,Resolve the exact source scan or retain the work outside page-level extraction.,metadata_only_not_activated
itws-4b-review-0629,hold_no_direct_scan_link,work_root,1,1882,itws:170647,"R.D. 5 ottobre 1862, n. 879, che autorizza alcuni comuni della provincia di Brescia ad assumere nuove denominazioni",,,0,0,0,unresolved_hold,Resolve the exact source scan or retain the work outside page-level extraction.,metadata_only_not_activated
itws-4b-review-0630,hold_no_direct_scan_link,work_root,1,2404,itws:102790,R.D. 7 dicembre 1884 - Soppressione dei comuni di Monte Olimpino e di Camerlata e loro aggregazione alla città di Como,,,0,0,0,unresolved_hold,Resolve the exact source scan or retain the work outside page-level extraction.,metadata_only_not_activated
itws-4b-review-0631,hold_no_direct_scan_link,work_root,1,3300,itws:315625,"R.D. 8 giugno 1873, n. 1413",,,0,0,0,unresolved_hold,Resolve the exact source scan or retain the work outside page-level extraction.,metadata_only_not_activated
itws-4b-review-0632,hold_no_direct_scan_link,work_root,1,4709,itws:313607,"R.D. 9 febbraio 1868, n. 4236, col quale la Provincia di Mantova è ripartita in Distretti amministrativi",,,0,0,0,unresolved_hold,Resolve the exact source scan or retain the work outside page-level extraction.,metadata_only_not_activated
itws-4b-review-0633,hold_no_direct_scan_link,work_root,1,6796,itws:314430,"R.D. 9 giugno 1870, n. 5722",,,0,0,0,unresolved_hold,Resolve the exact source scan or retain the work outside page-level extraction.,metadata_only_not_activated
itws-4b-review-0634,hold_no_direct_scan_link,work_root,1,77163,itws:13677,Racconti e bozzetti,,,0,0,0,unresolved_hold,Resolve the exact source scan or retain the work outside page-level extraction.,metadata_only_not_activated
itws-4b-review-0635,hold_no_direct_scan_link,work_root,1,265399,itws:33218,Racconti inverisimili di Picche,,,0,0,0,unresolved_hold,Resolve the exact source scan or retain the work outside page-level extraction.,metadata_only_not_activated
itws-4b-review-0636,hold_no_direct_scan_link,work_root,1,727559,itws:74074,Ragionamenti,,,0,0,0,unresolved_hold,Resolve the exact source scan or retain the work outside page-level extraction.,metadata_only_not_activated
itws-4b-review-0637,hold_no_direct_scan_link,work_root,1,16093,itws:108897,Raimondo Montecuccoli,,,0,0,0,unresolved_hold,Resolve the exact source scan or retain the work outside page-level extraction.,metadata_only_not_activated
itws-4b-review-0638,hold_no_direct_scan_link,work_root,1,7357,itws:108890,Raimondo Montecuccoli (Corniani),,,0,0,0,unresolved_hold,Resolve the exact source scan or retain the work outside page-level extraction.,metadata_only_not_activated
itws-4b-review-0639,hold_no_direct_scan_link,work_root,1,17153,itws:22115,Relatione dell'atto della fede,,,0,0,0,unresolved_hold,Resolve the exact source scan or retain the work outside page-level extraction.,metadata_only_not_activated
itws-4b-review-0640,hold_no_direct_scan_link,work_root,1,34047,itws:595115,Relazione del generale Bava sulla sommossa di Milano del 1898,,,0,0,0,unresolved_hold,Resolve the exact source scan or retain the work outside page-level extraction.,metadata_only_not_activated
itws-4b-review-0641,hold_no_direct_scan_link,work_root,1,38144,itws:595119,Relazione del generale Del Mayno sulla sommossa di Milano del 1898,,,0,0,0,unresolved_hold,Resolve the exact source scan or retain the work outside page-level extraction.,metadata_only_not_activated
itws-4b-review-0642,hold_no_direct_scan_link,work_root,1,220423,itws:7236,Relazione del primo viaggio intorno al mondo,,,0,0,0,unresolved_hold,Resolve the exact source scan or retain the work outside page-level extraction.,metadata_only_not_activated
itws-4b-review-0643,hold_no_direct_scan_link,work_root,1,64169,itws:92385,Relazione di Moscovia,,,0,0,0,unresolved_hold,Resolve the exact source scan or retain the work outside page-level extraction.,metadata_only_not_activated
itws-4b-review-0644,hold_no_direct_scan_link,work_root,1,28898,itws:104389,Relazione intorno al riparare per quanto possibile sia la città e campagne di Pisa dall'inondazioni,,,0,0,0,unresolved_hold,Resolve the exact source scan or retain the work outside page-level extraction.,metadata_only_not_activated
itws-4b-review-0645,hold_no_direct_scan_link,work_root,1,781,itws:352312,"Rendere asciutta, muta e senza suono",,,0,0,0,unresolved_hold,Resolve the exact source scan or retain the work outside page-level extraction.,metadata_only_not_activated
itws-4b-review-0646,hold_no_direct_scan_link,work_root,1,407433,itws:11187,Renovatione della Chiesa,,,0,0,0,unresolved_hold,Resolve the exact source scan or retain the work outside page-level extraction.,metadata_only_not_activated
itws-4b-review-0647,hold_no_direct_scan_link,work_root,1,5724,itws:481357,Resoconto della consegna dei risultati del plebiscito del 1866 a Vittorio Emanuele II,,,0,0,0,unresolved_hold,Resolve the exact source scan or retain the work outside page-level extraction.,metadata_only_not_activated
itws-4b-review-0648,hold_no_direct_scan_link,work_root,1,2213,itws:168359,Resurrezione,,,0,0,0,unresolved_hold,Resolve the exact source scan or retain the work outside page-level extraction.,metadata_only_not_activated
itws-4b-review-0649,hold_no_direct_scan_link,work_root,1,193342,itws:37070,Rime (Berni),,,0,0,0,unresolved_hold,Resolve the exact source scan or retain the work outside page-level extraction.,metadata_only_not_activated
itws-4b-review-0650,hold_no_direct_scan_link,work_root,1,1602,itws:371259,Rime (Cappello),,,0,0,0,unresolved_hold,Resolve the exact source scan or retain the work outside page-level extraction.,metadata_only_not_activated
itws-4b-review-0651,hold_no_direct_scan_link,work_root,1,27474,itws:93970,Rime (Dino Frescobaldi),,,0,0,0,unresolved_hold,Resolve the exact source scan or retain the work outside page-level extraction.,metadata_only_not_activated
itws-4b-review-0652,hold_no_direct_scan_link,work_root,1,23862,itws:103661,Rime (Meo de' Tolomei),,,0,0,0,unresolved_hold,Resolve the exact source scan or retain the work outside page-level extraction.,metadata_only_not_activated
itws-4b-review-0653,hold_no_direct_scan_link,work_root,1,19685,itws:61724,Rime (Morra),,,0,0,0,unresolved_hold,Resolve the exact source scan or retain the work outside page-level extraction.,metadata_only_not_activated
itws-4b-review-0654,hold_no_direct_scan_link,work_root,1,12966,itws:14944,Rime varie,,,0,0,0,unresolved_hold,Resolve the exact source scan or retain the work outside page-level extraction.,metadata_only_not_activated
itws-4b-review-0655,hold_no_direct_scan_link,work_root,1,3324,itws:5919,"Rinunzia all'uso in tempo di guerra di proiettili esplodenti di peso inferiore ai 400 grammi - Dichiarazione, Pietroburgo, 29 novembre (11 dicembre) 1868",,,0,0,0,unresolved_hold,Resolve the exact source scan or retain the work outside page-level extraction.,metadata_only_not_activated
itws-4b-review-0656,hold_no_direct_scan_link,work_root,1,1019,itws:372380,Risposte a nome di Madonna Laura alle Rime di messer Francesco Petrarca in vita della medesima,,,0,0,0,unresolved_hold,Resolve the exact source scan or retain the work outside page-level extraction.,metadata_only_not_activated
itws-4b-review-0657,hold_no_direct_scan_link,work_root,1,2238,itws:11703,Ritmo bellunese,,,0,0,0,unresolved_hold,Resolve the exact source scan or retain the work outside page-level extraction.,metadata_only_not_activated
itws-4b-review-0658,hold_no_direct_scan_link,work_root,1,3102,itws:35425,Ritmo cassinese,,,0,0,0,unresolved_hold,Resolve the exact source scan or retain the work outside page-level extraction.,metadata_only_not_activated
itws-4b-review-0659,hold_no_direct_scan_link,work_root,1,8081,itws:35401,Ritmo di Sant'Alessio,,,0,0,0,unresolved_hold,Resolve the exact source scan or retain the work outside page-level extraction.,metadata_only_not_activated
itws-4b-review-0660,hold_no_direct_scan_link,work_root,1,1702,itws:35409,Ritmo lucchese,,,0,0,0,unresolved_hold,Resolve the exact source scan or retain the work outside page-level extraction.,metadata_only_not_activated
itws-4b-review-0661,hold_no_direct_scan_link,work_root,1,27362,itws:108896,Rivoluzioni della Germania,,,0,0,0,unresolved_hold,Resolve the exact source scan or retain the work outside page-level extraction.,metadata_only_not_activated
itws-4b-review-0662,hold_no_direct_scan_link,work_root,1,8412,itws:21399,Rosa fresca aulentissima (Einaudi),,,0,0,0,unresolved_hold,Resolve the exact source scan or retain the work outside page-level extraction.,metadata_only_not_activated
itws-4b-review-0663,hold_no_direct_scan_link,work_root,1,1604,itws:60366,S'eo canto d'alegranza,,,0,0,0,unresolved_hold,Resolve the exact source scan or retain the work outside page-level extraction.,metadata_only_not_activated
itws-4b-review-0664,hold_no_direct_scan_link,work_root,1,2464,itws:36613,S'eo trovasse Pietanza (Panvini),,,0,0,0,unresolved_hold,Resolve the exact source scan or retain the work outside page-level extraction.,metadata_only_not_activated
itws-4b-review-0665,hold_no_direct_scan_link,work_root,1,1225,itws:1554,S'i' fosse fuoco,,,0,0,0,unresolved_hold,Resolve the exact source scan or retain the work outside page-level extraction.,metadata_only_not_activated
itws-4b-review-0666,hold_no_direct_scan_link,work_root,1,937,itws:69146,S'io fossi,,,0,0,0,unresolved_hold,Resolve the exact source scan or retain the work outside page-level extraction.,metadata_only_not_activated
itws-4b-review-0667,hold_no_direct_scan_link,work_root,1,1152,itws:9717,"Sa Vitta et sa Morte, et Passione de sanctu Gavinu, Prothu et Januariu",,,0,0,0,unresolved_hold,Resolve the exact source scan or retain the work outside page-level extraction.,metadata_only_not_activated
itws-4b-review-0668,hold_no_direct_scan_link,work_root,1,1543,itws:35390,Salv'a lo Vescovo senato,,,0,0,0,unresolved_hold,Resolve the exact source scan or retain the work outside page-level extraction.,metadata_only_not_activated
itws-4b-review-0669,hold_no_direct_scan_link,work_root,1,1216440,itws:24277,Scienza in cucina e l'arte di mangiar bene,,,0,0,0,unresolved_hold,Resolve the exact source scan or retain the work outside page-level extraction.,metadata_only_not_activated
itws-4b-review-0670,hold_no_direct_scan_link,work_root,1,965,itws:71560,Sdegna Clorinda a i femminili uffici,,,0,0,0,unresolved_hold,Resolve the exact source scan or retain the work outside page-level extraction.,metadata_only_not_activated
itws-4b-review-0671,hold_no_direct_scan_link,work_root,1,1098,itws:62203,Se Morte prevenisse al mio partire,,,0,0,0,unresolved_hold,Resolve the exact source scan or retain the work outside page-level extraction.,metadata_only_not_activated
itws-4b-review-0672,hold_no_direct_scan_link,work_root,1,1782,itws:36581,Sei anni ò travagliato,,,0,0,0,unresolved_hold,Resolve the exact source scan or retain the work outside page-level extraction.,metadata_only_not_activated
itws-4b-review-0673,hold_no_direct_scan_link,work_root,1,19821,itws:677614,Sentimenti de' Nazionali Corsi contro l'invasione della loro Patria,,,0,0,0,unresolved_hold,Resolve the exact source scan or retain the work outside page-level extraction.,metadata_only_not_activated
itws-4b-review-0674,hold_no_direct_scan_link,work_root,1,8645,itws:76947,Sermone ad Anna de Fratnich Salvotti,,,0,0,0,unresolved_hold,Resolve the exact source scan or retain the work outside page-level extraction.,metadata_only_not_activated
itws-4b-review-0675,hold_no_direct_scan_link,work_root,1,27993,itws:79359,Sermoni subalpini,,,0,0,0,unresolved_hold,Resolve the exact source scan or retain the work outside page-level extraction.,metadata_only_not_activated
itws-4b-review-0676,hold_no_direct_scan_link,work_root,1,972,itws:72918,"Sfoga pur contro me, Cielo adirato",,,0,0,0,unresolved_hold,Resolve the exact source scan or retain the work outside page-level extraction.,metadata_only_not_activated
itws-4b-review-0677,hold_no_direct_scan_link,work_root,1,2894,itws:61257,Sirventés lombardesco (Auliver),,,0,0,0,unresolved_hold,Resolve the exact source scan or retain the work outside page-level extraction.,metadata_only_not_activated
itws-4b-review-0678,hold_no_direct_scan_link,work_root,1,2800,itws:11707,Sirventés lombardesco (Sordello da Goito),,,0,0,0,unresolved_hold,Resolve the exact source scan or retain the work outside page-level extraction.,metadata_only_not_activated
itws-4b-review-0679,hold_no_direct_scan_link,work_root,1,1326,itws:353058,Socrate un giorno fabbricar facea,,,0,0,0,unresolved_hold,Resolve the exact source scan or retain the work outside page-level extraction.,metadata_only_not_activated
itws-4b-review-0680,hold_no_direct_scan_link,work_root,1,1345,itws:76608,Sola,,,0,0,0,unresolved_hold,Resolve the exact source scan or retain the work outside page-level extraction.,metadata_only_not_activated
itws-4b-review-0681,hold_no_direct_scan_link,work_root,1,1043,itws:35139,Sollicitando un poco meo savere,,,0,0,0,unresolved_hold,Resolve the exact source scan or retain the work outside page-level extraction.,metadata_only_not_activated
itws-4b-review-0682,hold_no_direct_scan_link,work_root,1,137611,itws:76427,Sommario della storia d'Italia,,,0,0,0,unresolved_hold,Resolve the exact source scan or retain the work outside page-level extraction.,metadata_only_not_activated
itws-4b-review-0683,hold_no_direct_scan_link,work_root,1,54659,itws:3776,Sommario delle vite de' duchi di Milano,,,0,0,0,unresolved_hold,Resolve the exact source scan or retain the work outside page-level extraction.,metadata_only_not_activated
itws-4b-review-0684,hold_no_direct_scan_link,work_root,1,7403,itws:75609,Sonetti (Raffaello),,,0,0,0,unresolved_hold,Resolve the exact source scan or retain the work outside page-level extraction.,metadata_only_not_activated
itws-4b-review-0685,hold_no_direct_scan_link,work_root,1,30373,itws:38324,Sonetti lussuriosi (edizione 1986),,,0,0,0,unresolved_hold,Resolve the exact source scan or retain the work outside page-level extraction.,metadata_only_not_activated
itws-4b-review-0686,hold_no_direct_scan_link,work_root,1,957,itws:31993,Sonetto contro Francesco Crispi,,,0,0,0,unresolved_hold,Resolve the exact source scan or retain the work outside page-level extraction.,metadata_only_not_activated
itws-4b-review-0687,hold_no_direct_scan_link,work_root,1,989,itws:352882,Sonetto sopra un pedante,,,0,0,0,unresolved_hold,Resolve the exact source scan or retain the work outside page-level extraction.,metadata_only_not_activated
itws-4b-review-0688,hold_no_direct_scan_link,work_root,1,3181,itws:427212,Sonetto XV (Sopra varj argomenti),,,0,0,0,unresolved_hold,Resolve the exact source scan or retain the work outside page-level extraction.,metadata_only_not_activated
itws-4b-review-0689,hold_no_direct_scan_link,work_root,1,2220,itws:4150,Sono italiano,,,0,0,0,unresolved_hold,Resolve the exact source scan or retain the work outside page-level extraction.,metadata_only_not_activated
itws-4b-review-0690,hold_no_direct_scan_link,work_root,1,3973,itws:58736,Sopra il Santissimo Natale,,,0,0,0,unresolved_hold,Resolve the exact source scan or retain the work outside page-level extraction.,metadata_only_not_activated
itws-4b-review-0691,hold_no_direct_scan_link,work_root,1,1016,itws:57945,Sopra il Santo Natale,,,0,0,0,unresolved_hold,Resolve the exact source scan or retain the work outside page-level extraction.,metadata_only_not_activated
itws-4b-review-0692,hold_no_direct_scan_link,work_root,1,4802,itws:74642,Sopra l'albero della Fortuna,,,0,0,0,unresolved_hold,Resolve the exact source scan or retain the work outside page-level extraction.,metadata_only_not_activated
itws-4b-review-0693,hold_no_direct_scan_link,work_root,1,1671,itws:352226,Sotto il ciglio lusinghiero,,,0,0,0,unresolved_hold,Resolve the exact source scan or retain the work outside page-level extraction.,metadata_only_not_activated
itws-4b-review-0694,hold_no_direct_scan_link,work_root,1,2154,itws:35551,Sovente Amore n'à ricuto manti,,,0,0,0,unresolved_hold,Resolve the exact source scan or retain the work outside page-level extraction.,metadata_only_not_activated
itws-4b-review-0695,hold_no_direct_scan_link,work_root,1,20301,itws:72158,Spesse volte,,,0,0,0,unresolved_hold,Resolve the exact source scan or retain the work outside page-level extraction.,metadata_only_not_activated
itws-4b-review-0696,hold_no_direct_scan_link,work_root,1,1013,itws:66324,"Spirto gentil, che di laurea fronde",,,0,0,0,unresolved_hold,Resolve the exact source scan or retain the work outside page-level extraction.,metadata_only_not_activated
itws-4b-review-0697,hold_no_direct_scan_link,work_root,1,41859,itws:35033,Spugne e Coralli,,,0,0,0,unresolved_hold,Resolve the exact source scan or retain the work outside page-level extraction.,metadata_only_not_activated
itws-4b-review-0698,hold_no_direct_scan_link,work_root,1,3898,itws:352212,Stamane al far del giorno,,,0,0,0,unresolved_hold,Resolve the exact source scan or retain the work outside page-level extraction.,metadata_only_not_activated
itws-4b-review-0699,hold_no_direct_scan_link,work_root,1,39888,itws:75587,Storia di Lauretta,,,0,0,0,unresolved_hold,Resolve the exact source scan or retain the work outside page-level extraction.,metadata_only_not_activated
itws-4b-review-0700,hold_no_direct_scan_link,work_root,1,168906,itws:27761,Storia di una gamba e altri racconti,,,0,0,0,unresolved_hold,Resolve the exact source scan or retain the work outside page-level extraction.,metadata_only_not_activated
itws-4b-review-0701,hold_no_direct_scan_link,work_root,1,5555,itws:185787,Strufugi,,,0,0,0,unresolved_hold,Resolve the exact source scan or retain the work outside page-level extraction.,metadata_only_not_activated
itws-4b-review-0702,hold_no_direct_scan_link,work_root,1,304330,itws:57814,Sulla lingua italiana. Discorsi sei,,,0,0,0,unresolved_hold,Resolve the exact source scan or retain the work outside page-level extraction.,metadata_only_not_activated
itws-4b-review-0703,hold_no_direct_scan_link,work_root,1,2940,itws:27145,Suona la tromba,,,0,0,0,unresolved_hold,Resolve the exact source scan or retain the work outside page-level extraction.,metadata_only_not_activated
itws-4b-review-0704,hold_no_direct_scan_link,work_root,1,1794,itws:37000,Sì alto intendimento,,,0,0,0,unresolved_hold,Resolve the exact source scan or retain the work outside page-level extraction.,metadata_only_not_activated
itws-4b-review-0705,hold_no_direct_scan_link,work_root,1,939,itws:63846,Sì sono angostioso e pien di doglia,,,0,0,0,unresolved_hold,Resolve the exact source scan or retain the work outside page-level extraction.,metadata_only_not_activated
itws-4b-review-0706,hold_no_direct_scan_link,work_root,1,957,itws:77220,"Tacete, o maschj, a dir, che la Natura",,,0,0,0,unresolved_hold,Resolve the exact source scan or retain the work outside page-level extraction.,metadata_only_not_activated
itws-4b-review-0707,hold_no_direct_scan_link,work_root,1,154138,itws:492033,Tay-See,,,0,0,0,unresolved_hold,Resolve the exact source scan or retain the work outside page-level extraction.,metadata_only_not_activated
itws-4b-review-0708,hold_no_direct_scan_link,work_root,1,5444,itws:122359,Te Maurum Laudamus,,,0,0,0,unresolved_hold,Resolve the exact source scan or retain the work outside page-level extraction.,metadata_only_not_activated
itws-4b-review-0709,hold_no_direct_scan_link,work_root,1,53993,itws:108850,Teatro del Belgio o sia descritione delle diecisette Provincie del medesimo,,,0,0,0,unresolved_hold,Resolve the exact source scan or retain the work outside page-level extraction.,metadata_only_not_activated
itws-4b-review-0710,hold_no_direct_scan_link,work_root,1,2163,itws:62180,"Tegno de folle 'mpres', a lo ver dire",,,0,0,0,unresolved_hold,Resolve the exact source scan or retain the work outside page-level extraction.,metadata_only_not_activated
itws-4b-review-0711,hold_no_direct_scan_link,work_root,1,9284,itws:3566,Testamento di Alessandro Manzoni,,,0,0,0,unresolved_hold,Resolve the exact source scan or retain the work outside page-level extraction.,metadata_only_not_activated
itws-4b-review-0712,hold_no_direct_scan_link,work_root,1,8045,itws:677174,Testamento di Pasquale Paoli,,,0,0,0,unresolved_hold,Resolve the exact source scan or retain the work outside page-level extraction.,metadata_only_not_activated
itws-4b-review-0713,hold_no_direct_scan_link,work_root,1,781,itws:352303,Tignolette arse affamate,,,0,0,0,unresolved_hold,Resolve the exact source scan or retain the work outside page-level extraction.,metadata_only_not_activated
itws-4b-review-0714,hold_no_direct_scan_link,work_root,1,125605,itws:94757,Topografia e clima di Milano,,,0,0,0,unresolved_hold,Resolve the exact source scan or retain the work outside page-level extraction.,metadata_only_not_activated
itws-4b-review-0715,hold_no_direct_scan_link,work_root,1,8288,itws:111443,Trattato di Casalanza,,,0,0,0,unresolved_hold,Resolve the exact source scan or retain the work outside page-level extraction.,metadata_only_not_activated
itws-4b-review-0716,hold_no_direct_scan_link,work_root,1,7916,itws:92807,Trattato di Uccialli,,,0,0,0,unresolved_hold,Resolve the exact source scan or retain the work outside page-level extraction.,metadata_only_not_activated
itws-4b-review-0717,hold_no_direct_scan_link,work_root,1,84087,itws:75362,Trattato sul governo di Firenze,,,0,0,0,unresolved_hold,Resolve the exact source scan or retain the work outside page-level extraction.,metadata_only_not_activated
itws-4b-review-0718,hold_no_direct_scan_link,work_root,1,85422,itws:20984,Trionfi,,,0,0,0,unresolved_hold,Resolve the exact source scan or retain the work outside page-level extraction.,metadata_only_not_activated
itws-4b-review-0719,hold_no_direct_scan_link,work_root,1,38734,itws:302985,Trofeo o sia magnifica colonna ...,,,0,0,0,unresolved_hold,Resolve the exact source scan or retain the work outside page-level extraction.,metadata_only_not_activated
itws-4b-review-0720,hold_no_direct_scan_link,work_root,1,1031,itws:65982,Tu che pria d'esser nato eri già morto,,,0,0,0,unresolved_hold,Resolve the exact source scan or retain the work outside page-level extraction.,metadata_only_not_activated
itws-4b-review-0721,hold_no_direct_scan_link,work_root,1,1765,itws:352214,"Tu vuoi ch'io canti, oh dio!",,,0,0,0,unresolved_hold,Resolve the exact source scan or retain the work outside page-level extraction.,metadata_only_not_activated
itws-4b-review-0722,hold_no_direct_scan_link,work_root,1,1066,itws:66290,Tutti mi dicon Maremma Maremma (A),,,0,0,0,unresolved_hold,Resolve the exact source scan or retain the work outside page-level extraction.,metadata_only_not_activated
itws-4b-review-0723,hold_no_direct_scan_link,work_root,1,894,itws:66289,Tutti mi dicon Maremma Maremma (B),,,0,0,0,unresolved_hold,Resolve the exact source scan or retain the work outside page-level extraction.,metadata_only_not_activated
itws-4b-review-0724,hold_no_direct_scan_link,work_root,1,2025,itws:36707,Tutto lo mondo vive sanza guerra,,,0,0,0,unresolved_hold,Resolve the exact source scan or retain the work outside page-level extraction.,metadata_only_not_activated
itws-4b-review-0725,hold_no_direct_scan_link,work_root,1,1760,itws:36558,Tuttor la dolze speranza,,,0,0,0,unresolved_hold,Resolve the exact source scan or retain the work outside page-level extraction.,metadata_only_not_activated
itws-4b-review-0726,hold_no_direct_scan_link,work_root,1,2330,itws:38899,"Tuttor, s'eo veglio o dormo",,,0,0,0,unresolved_hold,Resolve the exact source scan or retain the work outside page-level extraction.,metadata_only_not_activated
itws-4b-review-0727,hold_no_direct_scan_link,work_root,1,2336,itws:27131,U trenu di Bastia,,,0,0,0,unresolved_hold,Resolve the exact source scan or retain the work outside page-level extraction.,metadata_only_not_activated
itws-4b-review-0728,hold_no_direct_scan_link,work_root,1,1745,itws:74009,Ululati,,,0,0,0,unresolved_hold,Resolve the exact source scan or retain the work outside page-level extraction.,metadata_only_not_activated
itws-4b-review-0729,hold_no_direct_scan_link,work_root,1,1811,itws:36264,Umile core e fino e amoroso,,,0,0,0,unresolved_hold,Resolve the exact source scan or retain the work outside page-level extraction.,metadata_only_not_activated
itws-4b-review-0730,hold_no_direct_scan_link,work_root,1,1022,itws:70168,Un bel giorno andando in Francia,,,0,0,0,unresolved_hold,Resolve the exact source scan or retain the work outside page-level extraction.,metadata_only_not_activated
itws-4b-review-0731,hold_no_direct_scan_link,work_root,1,77738,itws:122367,Un brieve trattato dell'eccellentia delle donne,,,0,0,0,unresolved_hold,Resolve the exact source scan or retain the work outside page-level extraction.,metadata_only_not_activated
itws-4b-review-0732,hold_no_direct_scan_link,work_root,1,997,itws:352876,Un certo beveron senza cervello,,,0,0,0,unresolved_hold,Resolve the exact source scan or retain the work outside page-level extraction.,metadata_only_not_activated
itws-4b-review-0733,hold_no_direct_scan_link,work_root,1,3585,itws:653569,Un ferito cavaliero,,,0,0,0,unresolved_hold,Resolve the exact source scan or retain the work outside page-level extraction.,metadata_only_not_activated
itws-4b-review-0734,hold_no_direct_scan_link,work_root,1,2049,itws:353056,Un lupo tutto pien d'umanità,,,0,0,0,unresolved_hold,Resolve the exact source scan or retain the work outside page-level extraction.,metadata_only_not_activated
itws-4b-review-0735,hold_no_direct_scan_link,work_root,1,864,itws:352314,Un magister volendo un dì sedare,,,0,0,0,unresolved_hold,Resolve the exact source scan or retain the work outside page-level extraction.,metadata_only_not_activated
itws-4b-review-0736,hold_no_direct_scan_link,work_root,1,920,itws:36202,Un oseletto che canta d'amore,,,0,0,0,unresolved_hold,Resolve the exact source scan or retain the work outside page-level extraction.,metadata_only_not_activated
itws-4b-review-0737,hold_no_direct_scan_link,work_root,1,1882,itws:8604,Un servu tempu fa,,,0,0,0,unresolved_hold,Resolve the exact source scan or retain the work outside page-level extraction.,metadata_only_not_activated
itws-4b-review-0738,hold_no_direct_scan_link,work_root,1,8209,itws:52658,Un veglione a Roma,,,0,0,0,unresolved_hold,Resolve the exact source scan or retain the work outside page-level extraction.,metadata_only_not_activated
itws-4b-review-0739,hold_no_direct_scan_link,work_root,1,16365,itws:245970,"Un'avventura amorosa di Ferrandino d'Aragona (lettera a Piero De Medici, 4 ottobre 1494)",,,0,0,0,unresolved_hold,Resolve the exact source scan or retain the work outside page-level extraction.,metadata_only_not_activated
itws-4b-review-0740,hold_no_direct_scan_link,work_root,1,27424,itws:563268,Un'avventura nelle pampas,,,0,0,0,unresolved_hold,Resolve the exact source scan or retain the work outside page-level extraction.,metadata_only_not_activated
itws-4b-review-0741,hold_no_direct_scan_link,work_root,1,9345,itws:563270,Una caccia sulle Montagne Rocciose,,,0,0,0,unresolved_hold,Resolve the exact source scan or retain the work outside page-level extraction.,metadata_only_not_activated
itws-4b-review-0742,hold_no_direct_scan_link,work_root,1,6507,itws:481565,Una corrispondenza da Venezia del 19 alla Perseveranza,,,0,0,0,unresolved_hold,Resolve the exact source scan or retain the work outside page-level extraction.,metadata_only_not_activated
itws-4b-review-0743,hold_no_direct_scan_link,work_root,1,2271,itws:21397,Una Fermana iscoppai da Cascioli,,,0,0,0,unresolved_hold,Resolve the exact source scan or retain the work outside page-level extraction.,metadata_only_not_activated
itws-4b-review-0744,hold_no_direct_scan_link,work_root,1,1429,itws:76606,Una lampada,,,0,0,0,unresolved_hold,Resolve the exact source scan or retain the work outside page-level extraction.,metadata_only_not_activated
itws-4b-review-0745,hold_no_direct_scan_link,work_root,1,8747,itws:52656,Una scrittura di maschere pel Carnovalone,,,0,0,0,unresolved_hold,Resolve the exact source scan or retain the work outside page-level extraction.,metadata_only_not_activated
itws-4b-review-0746,hold_no_direct_scan_link,work_root,1,2374,itws:68068,Uno piasente sguardo,,,0,0,0,unresolved_hold,Resolve the exact source scan or retain the work outside page-level extraction.,metadata_only_not_activated
itws-4b-review-0747,hold_no_direct_scan_link,work_root,1,666,itws:352296,Vada a legger costui la poesia,,,0,0,0,unresolved_hold,Resolve the exact source scan or retain the work outside page-level extraction.,metadata_only_not_activated
itws-4b-review-0748,hold_no_direct_scan_link,work_root,1,1301,itws:353064,"Vanne, amabile rosa",,,0,0,0,unresolved_hold,Resolve the exact source scan or retain the work outside page-level extraction.,metadata_only_not_activated
itws-4b-review-0749,hold_no_direct_scan_link,work_root,1,834,itws:70958,Vecchiaia,,,0,0,0,unresolved_hold,Resolve the exact source scan or retain the work outside page-level extraction.,metadata_only_not_activated
itws-4b-review-0750,hold_no_direct_scan_link,work_root,1,996,itws:31896,"Vecchio importun, che 'l rozzo labro irsuto",,,0,0,0,unresolved_hold,Resolve the exact source scan or retain the work outside page-level extraction.,metadata_only_not_activated
itws-4b-review-0751,hold_no_direct_scan_link,work_root,1,1598,itws:8520,Veditela veditela chi sponta,,,0,0,0,unresolved_hold,Resolve the exact source scan or retain the work outside page-level extraction.,metadata_only_not_activated
itws-4b-review-0752,hold_no_direct_scan_link,work_root,1,967,itws:63789,Vedut' ho la lucente stella diana,,,0,0,0,unresolved_hold,Resolve the exact source scan or retain the work outside page-level extraction.,metadata_only_not_activated
itws-4b-review-0753,hold_no_direct_scan_link,work_root,1,146500,itws:265441,Vedute di Roma (Piranesi),,,0,0,0,unresolved_hold,Resolve the exact source scan or retain the work outside page-level extraction.,metadata_only_not_activated
itws-4b-review-0754,hold_no_direct_scan_link,work_root,1,3982,itws:8522,Vene lu viento,,,0,0,0,unresolved_hold,Resolve the exact source scan or retain the work outside page-level extraction.,metadata_only_not_activated
itws-4b-review-0755,hold_no_direct_scan_link,work_root,1,3673,itws:36203,Venuto m'è in talento,,,0,0,0,unresolved_hold,Resolve the exact source scan or retain the work outside page-level extraction.,metadata_only_not_activated
itws-4b-review-0756,hold_no_direct_scan_link,work_root,1,64905,itws:491604,Vera narrazione del massacro di Valtellina,,,0,0,0,unresolved_hold,Resolve the exact source scan or retain the work outside page-level extraction.,metadata_only_not_activated
itws-4b-review-0757,hold_no_direct_scan_link,work_root,1,939,itws:31909,Versar vid'io da' suoi begli occhi fore,,,0,0,0,unresolved_hold,Resolve the exact source scan or retain the work outside page-level extraction.,metadata_only_not_activated
itws-4b-review-0758,hold_no_direct_scan_link,work_root,1,2972,itws:353060,Verso orïente il cielo era vermiglio,,,0,0,0,unresolved_hold,Resolve the exact source scan or retain the work outside page-level extraction.,metadata_only_not_activated
itws-4b-review-0759,hold_no_direct_scan_link,work_root,1,8365,itws:72117,Vi è ben noto,,,0,0,0,unresolved_hold,Resolve the exact source scan or retain the work outside page-level extraction.,metadata_only_not_activated
itws-4b-review-0760,hold_no_direct_scan_link,work_root,1,1875,itws:78575,Vicinia di Edolo - 7 agosto 1558,,,0,0,0,unresolved_hold,Resolve the exact source scan or retain the work outside page-level extraction.,metadata_only_not_activated
itws-4b-review-0761,hold_no_direct_scan_link,work_root,1,970,itws:31915,"Vipera mia, che di fin or lucenti",,,0,0,0,unresolved_hold,Resolve the exact source scan or retain the work outside page-level extraction.,metadata_only_not_activated
itws-4b-review-0762,hold_no_direct_scan_link,work_root,1,543,itws:31926,"Vita mia, di te privo",,,0,0,0,unresolved_hold,Resolve the exact source scan or retain the work outside page-level extraction.,metadata_only_not_activated
itws-4b-review-0763,hold_no_direct_scan_link,work_root,1,32050,itws:108852,"Vita, et azzioni di Raimondo Conte di Montecuccoli",,,0,0,0,unresolved_hold,Resolve the exact source scan or retain the work outside page-level extraction.,metadata_only_not_activated
itws-4b-review-0764,hold_no_direct_scan_link,work_root,1,816,itws:9342,Vittorio che comandi,,,0,0,0,unresolved_hold,Resolve the exact source scan or retain the work outside page-level extraction.,metadata_only_not_activated
itws-4b-review-0765,hold_no_direct_scan_link,work_root,1,568,itws:4169,Viva Venezia,,,0,0,0,unresolved_hold,Resolve the exact source scan or retain the work outside page-level extraction.,metadata_only_not_activated
itws-4b-review-0766,hold_no_direct_scan_link,work_root,1,923,itws:72402,Voi,,,0,0,0,unresolved_hold,Resolve the exact source scan or retain the work outside page-level extraction.,metadata_only_not_activated
itws-4b-review-0767,hold_no_direct_scan_link,work_root,1,671,itws:353066,"Voi, freschi venticelli",,,0,0,0,unresolved_hold,Resolve the exact source scan or retain the work outside page-level extraction.,metadata_only_not_activated
itws-4b-review-0768,hold_no_direct_scan_link,work_root,1,2717,itws:353081,"Volle il monarca, e subito egli sente",,,0,0,0,unresolved_hold,Resolve the exact source scan or retain the work outside page-level extraction.,metadata_only_not_activated
itws-4b-review-0769,hold_no_direct_scan_link,work_root,1,2179,itws:353053,Volle un giorno il leone,,,0,0,0,unresolved_hold,Resolve the exact source scan or retain the work outside page-level extraction.,metadata_only_not_activated
itws-4b-review-0770,hold_no_direct_scan_link,work_root,1,932,itws:63878,"Volvol te levi, vecchia rabbiosa",,,0,0,0,unresolved_hold,Resolve the exact source scan or retain the work outside page-level extraction.,metadata_only_not_activated
itws-4b-review-0771,hold_no_direct_scan_link,work_root,1,3120,itws:356876,Vostre son queste tenere,,,0,0,0,unresolved_hold,Resolve the exact source scan or retain the work outside page-level extraction.,metadata_only_not_activated
itws-4b-review-0772,hold_no_direct_scan_link,work_root,1,1390,itws:8423,Vuoi tu venir Giulietta?,,,0,0,0,unresolved_hold,Resolve the exact source scan or retain the work outside page-level extraction.,metadata_only_not_activated
itws-4b-review-0773,hold_no_direct_scan_link,work_root,1,1050,itws:4144,È l'Africa un paese,,,0,0,0,unresolved_hold,Resolve the exact source scan or retain the work outside page-level extraction.,metadata_only_not_activated
itws-4b-review-0774,hold_no_direct_scan_link,work_root,1,1014,itws:31899,"È sogno o ver? Se sogno, ahi, chi depinge",,,0,0,0,unresolved_hold,Resolve the exact source scan or retain the work outside page-level extraction.,metadata_only_not_activated
itws-4b-review-0775,hold_redirected_index_page,work_root,1,614,itws:236195,Lettera dell'ingegnere Giovanni Milani diretta al di lui amico G. B. B.,Lettera dell'ingegnere Giovanni Milani diretta al di lui amico G. B. B. .djvu,,0,0,0,unresolved_hold,Resolve and pin the canonical Index page before page-level extraction.,metadata_only_not_activated
itws-4b-review-0776,hold_scan_language_conflict,shared_scan_cluster,3,17659,itws:622735 | itws:622748 | itws:622757,Nuove inventioni di Camillo Agrippa Milanese sopra il modo di navigare | Nuove inventioni di Camillo Agrippa Milanese sopra il modo di navigare - Versione critica | Nuove inventioni di Camillo Agrippa Milanese sopra il modo di navigare - Versione diplomatica,"Agrippa - Nuove inventioni di Camillo Agrippa Milanese sopra il modo di navigare, 1595.djvu",milanese,0,0,0,unresolved_hold,Resolve language boundaries at scan and root level; never default the material to standard core.,metadata_only_not_activated
itws-4b-review-0777,hold_scan_language_conflict,work_root,1,95361,itws:865359,Nuovo vocabolario siciliano-italiano,Antonino Traina - Nuovo vocabolario siciliano-italiano.pdf,siciliano,0,0,0,unresolved_hold,Resolve language boundaries at scan and root level; never default the material to standard core.,metadata_only_not_activated
itws-4b-review-0778,hold_scan_language_conflict,work_root,1,62409,itws:341769,"Archivio Glottologico Italiano, vol. II, 1876","Archivio Glottologico Italiano, vol. II, 1876.djvu",,1,0,0,unresolved_hold,Resolve language boundaries at scan and root level; never default the material to standard core.,metadata_only_not_activated
itws-4b-review-0779,hold_scan_language_conflict,shared_scan_cluster,4,2099,itws:432154 | itws:432163 | itws:432292 | itws:433801,Catechismus | Curt Mossament | Ilg Nief Testament | In prezius scazi della olma,"Decurtins - Rätoromanische chrestomathie, I.djvu",,0,0,28,unresolved_hold,Resolve language boundaries at scan and root level; never default the material to standard core.,metadata_only_not_activated
itws-4b-review-0780,hold_scan_language_conflict,work_root,1,621,itws:433602,Conversatiun,"Decurtins - Rätoromanische chrestomathie, VII.djvu",,0,0,26,unresolved_hold,Resolve language boundaries at scan and root level; never default the material to standard core.,metadata_only_not_activated
itws-4b-review-0781,hold_scan_language_conflict,work_root,1,7343,itws:252150,Dizionario - Vocabolario del dialetto triestino,Dizionario triestino (1890).djvu,triestino,0,0,0,unresolved_hold,Resolve language boundaries at scan and root level; never default the material to standard core.,metadata_only_not_activated
itws-4b-review-0782,hold_scan_language_conflict,work_root,1,1104,itws:249756,Egeria,Egeria.djvu,,3,0,0,unresolved_hold,Resolve language boundaries at scan and root level; never default the material to standard core.,metadata_only_not_activated
itws-4b-review-0783,hold_scan_language_conflict,shared_scan_cluster,5,12355,itws:667771 | itws:667950 | itws:667984 | itws:668109 | itws:668157,I due gemelli veneziani | Il frappatore | L'uomo prudente | La putta onorata | La vedova scaltra,"Goldoni - Opere complete, Venezia 1908, II.djvu",,1,0,0,unresolved_hold,Resolve language boundaries at scan and root level; never default the material to standard core.,metadata_only_not_activated
itws-4b-review-0784,hold_scan_language_conflict,shared_scan_cluster,4,10199,itws:672705 | itws:672722 | itws:672730 | itws:672739,I puntigli domestici | Il feudatario | La figlia obbediente | La serva amorosa,"Goldoni - Opere complete, Venezia 1910, VIII.djvu",,1,0,0,unresolved_hold,Resolve language boundaries at scan and root level; never default the material to standard core.,metadata_only_not_activated
itws-4b-review-0785,hold_scan_language_conflict,shared_scan_cluster,4,8244,itws:676397 | itws:676417 | itws:676425 | itws:676426,I malcontenti | Il cavalier Giocondo | Introduzione per la prima sera dell'Autunno dell'Anno 1755 | La buona famiglia,"Goldoni - Opere complete, Venezia 1911, XII.djvu",,2,0,0,unresolved_hold,Resolve language boundaries at scan and root level; never default the material to standard core.,metadata_only_not_activated
itws-4b-review-0786,hold_scan_language_conflict,shared_scan_cluster,5,12634,itws:676604 | itws:676988 | itws:676992 | itws:676996 | itws:676998,Il raggiratore | L'amante di sè medesimo | L'avaro | La donna stravagante | La villeggiatura,"Goldoni - Opere complete, Venezia 1911, XIII.djvu",,1,0,0,unresolved_hold,Resolve language boundaries at scan and root level; never default the material to standard core.,metadata_only_not_activated
itws-4b-review-0787,hold_scan_language_conflict,shared_scan_cluster,4,10222,itws:679555 | itws:679571 | itws:679577 | itws:679588,Il ricco insidiato | La donna forte (Goldoni) | La scuola di ballo | Le donne di buon umore,"Goldoni - Opere complete, Venezia 1913, XVI.djvu",,2,0,0,unresolved_hold,Resolve language boundaries at scan and root level; never default the material to standard core.,metadata_only_not_activated
itws-4b-review-0788,hold_scan_language_conflict,shared_scan_cluster,5,11250,itws:27187 | itws:27192 | itws:680006 | itws:680013 | itws:680018,Il buon compatriotto | Il ritorno dalla villeggiatura | La scozzese | Le avventure della villeggiatura | Le smanie per la villeggiatura,"Goldoni - Opere complete, Venezia 1914, XIX.djvu",,1,0,0,unresolved_hold,Resolve language boundaries at scan and root level; never default the material to standard core.,metadata_only_not_activated
itws-4b-review-0789,hold_scan_language_conflict,shared_scan_cluster,3,7602,itws:679523 | itws:679529 | itws:679535,La casa nova | La donna di maneggio | Un curioso accidente,"Goldoni - Opere complete, Venezia 1914, XVIII.djvu",,2,0,0,unresolved_hold,Resolve language boundaries at scan and root level; never default the material to standard core.,metadata_only_not_activated
itws-4b-review-0790,hold_scan_language_conflict,shared_scan_cluster,4,8131,itws:680690 | itws:680691 | itws:680693 | itws:680694,Il matrimonio per concorso | Il ventaglio (Goldoni) | L'amore paterno | L'osteria della posta,"Goldoni - Opere complete, Venezia 1915, XX.djvu",,2,0,0,unresolved_hold,Resolve language boundaries at scan and root level; never default the material to standard core.,metadata_only_not_activated
itws-4b-review-0791,hold_scan_language_conflict,shared_scan_cluster,4,9554,itws:680846 | itws:680854 | itws:680860 | itws:680878,Gli amori di Zelinda e Lindoro | La burla retrocessa nel contraccambio | La gelosia di Lindoro | Le inquietudini di Zelinda,"Goldoni - Opere complete, Venezia 1922, XXI.djvu",,1,0,0,unresolved_hold,Resolve language boundaries at scan and root level; never default the material to standard core.,metadata_only_not_activated
itws-4b-review-0792,hold_scan_language_conflict,shared_scan_cluster,2,4613,itws:681497 | itws:681498,Gli amanti timidi | Il genio buono e il genio cattivo,"Goldoni - Opere complete, Venezia 1923, XXII.djvu",,0,2,0,unresolved_hold,Resolve language boundaries at scan and root level; never default the material to standard core.,metadata_only_not_activated
itws-4b-review-0793,hold_scan_language_conflict,shared_scan_cluster,8,14787,itws:1007437 | itws:1007452 | itws:1009129 | itws:1009327 | itws:1009733 | itws:1009735 | itws:1009736 | itws:1009737,"De dopo che sta flutta buseccona | Figlio mio, quando gli occhi apristi al giorno | Frammezzo ai picchiabanchi, ai battimani | I Lombardi alla prima Crociata | Ildegonda | Opere poetiche (Grossi) | Poesie diverse | Ulrico e Lida","Grossi - Opere poetiche, 1877.djvu",,4,0,0,unresolved_hold,Resolve language boundaries at scan and root level; never default the material to standard core.,metadata_only_not_activated
itws-4b-review-0794,hold_scan_language_conflict,work_root,1,3949,itws:118943,La guerra del vespro siciliano,La guerra del vespro siciliano.djvu,siciliano,0,0,0,unresolved_hold,Resolve language boundaries at scan and root level; never default the material to standard core.,metadata_only_not_activated
itws-4b-review-0795,hold_scan_language_conflict,work_root,1,1408,itws:806108,La mimica degli antichi investigata nel gestire napoletano,La mimica degli antichi investigata nel gestire napoletano.djvu,napoletano,0,0,0,unresolved_hold,Resolve language boundaries at scan and root level; never default the material to standard core.,metadata_only_not_activated
itws-4b-review-0796,hold_scan_language_conflict,shared_scan_cluster,5,3254,itws:850001 | itws:850470 | itws:850483 | itws:850498 | itws:850582,Ioannis Antonii Roffeni Epistola apologetica | Ioannis Kepleri Narratio de observatis a se quatuor Iovis satellitibus | Martini Horky Brevissima peregrinatio contra Nuncium Sidereum | Quatuor problematum contra Nuncium Sidereum confutatio | Sidereus Nuncius,Le opere di Galileo Galilei III.djvu,,0,1,0,unresolved_hold,Resolve language boundaries at scan and root level; never default the material to standard core.,metadata_only_not_activated
itws-4b-review-0797,hold_scan_language_conflict,shared_scan_cluster,2,4116,itws:169611 | itws:191780,"Sopra alcune questioni nella teoria delle curve piane (Cremona) | Sulle trasformazioni geometriche delle figure piane, nota II (Cremona)",Opere matematiche (Cremona) II.djvu,,0,1,0,unresolved_hold,Resolve language boundaries at scan and root level; never default the material to standard core.,metadata_only_not_activated
itws-4b-review-0798,hold_scan_language_conflict,shared_scan_cluster,2,5478,itws:278618 | itws:530466,Della morale letteraria | Lezioni di eloquenza,Opere scelte di Ugo Foscolo I.djvu,,0,1,0,unresolved_hold,Resolve language boundaries at scan and root level; never default the material to standard core.,metadata_only_not_activated
itws-4b-review-0799,hold_scan_language_conflict,shared_scan_cluster,13,38176,itws:11710 | itws:135756 | itws:1952 | itws:235799 | itws:237986 | itws:264994 | itws:297923 | itws:3104 | itws:3199 | itws:3292 | itws:357555 | itws:357805 | itws:948623,Adelchi (1881) | Del romanzo storico | Dell'unità della lingua e dei mezzi di diffonderla | Discorso sopra alcuni punti della storia longobardica in Italia | Il Conte di Carmagnola (1881) | Il proclama di Rimini (1881) | Inni Sacri (Mamiani) | Inni sacri (Manzoni 1881) | L'ira d'Apollo (1881) | Opere varie (Manzoni),Opere varie (Manzoni).djvu,,0,1,0,unresolved_hold,Resolve language boundaries at scan and root level; never default the material to standard core.,metadata_only_not_activated
itws-4b-review-0800,hold_scan_language_conflict,work_root,1,28275,itws:961649,Origine di alcuni modi di dire popolari nel dialetto vastese,Origine di alcuni modi di dire popolari nel dialetto vastese.pdf,dialetto,0,0,0,unresolved_hold,Resolve language boundaries at scan and root level; never default the material to standard core.,metadata_only_not_activated
itws-4b-review-0801,hold_scan_language_conflict,work_root,1,11844,itws:805892,Grammatica Piemontese,Pipino - Grammatica Piemontese.djvu,piemontese,0,0,0,unresolved_hold,Resolve language boundaries at scan and root level; never default the material to standard core.,metadata_only_not_activated
itws-4b-review-0802,hold_scan_language_conflict,work_root,1,585,itws:960901,La morsa,"Pirandello - Maschere nude, Volume II - Verona, Mondadori, 1965.djvu",,1,0,0,unresolved_hold,Resolve language boundaries at scan and root level; never default the material to standard core.,metadata_only_not_activated
itws-4b-review-0803,hold_scan_language_conflict,work_root,1,577,itws:496367,Giudizio imparziale sull'Anedoto di Palfi colla Marietta,Poesie e satire di Pietro Buratti veneziano.pdf,veneziano,0,0,0,unresolved_hold,Resolve language boundaries at scan and root level; never default the material to standard core.,metadata_only_not_activated
itws-4b-review-0804,hold_scan_language_conflict,shared_scan_cluster,3,37811,itws:59807 | itws:787085 | itws:787139,Della dissimulazione onesta | Della ragione di stato (Settala) | Politici e moralisti del Seicento,"Politici e moralisti del Seicento, 1930 – BEIC 1898115.djvu",,0,3,0,unresolved_hold,Resolve language boundaries at scan and root level; never default the material to standard core.,metadata_only_not_activated
itws-4b-review-0805,hold_scan_language_conflict,shared_scan_cluster,4,2861,itws:1010453 | itws:1010475 | itws:1010476 | itws:1010477,"A proposet, lustrissem, de vaccina | Alto scià penna, carta e carimaa | Lament del Marchionn di Gamb Avert | Per incoeu guarna pur via",Porta - Poesie milanesi.djvu,,68,0,1,unresolved_hold,Resolve language boundaries at scan and root level; never default the material to standard core.,metadata_only_not_activated
itws-4b-review-0806,hold_scan_language_conflict,shared_scan_cluster,113,103165,itws:343834 | itws:726408 | itws:740308 | itws:740311 | itws:740312 | itws:740359 | itws:740360 | itws:740362 | itws:740365 | itws:740366 | itws:740367 | itws:740368 | itws:740372 | itws:740401 | itws:740402 | itws:740403 | itws:740404 | itws:740405 | itws:740407 | itws:740408 | itws:740409 | itws:740410 | itws:740427 | itws:740428 | itws:740429 | itws:740432 | itws:740577 | itws:740578 | itws:740579 | itws:740580 | itws:740581 | itws:740582 | itws:740583 | itws:740584 | itws:740585 | itws:740586 | itws:740587 | itws:740588 | itws:740589 | itws:740590 | itws:740591 | itws:740592 | itws:740593 | itws:740594 | itws:740595 | itws:740596 | itws:740597 | itws:740598 | itws:740599 | itws:740600 | itws:740601 | itws:740602 | itws:740603 | itws:740604 | itws:740605 | itws:740606 | itws:740607 | itws:740608 | itws:740609 | itws:740610 | itws:740611 | itws:740612 | itws:740613 | itws:740614 | itws:740615 | itws:740616 | itws:740617 | itws:740618 | itws:740619 | itws:740620 | itws:740621 | itws:740622 | itws:740623 | itws:740624 | itws:740625 | itws:740626 | itws:740627 | itws:740628 | itws:740629 | itws:740630 | itws:740631 | itws:740632 | itws:740633 | itws:740634 | itws:740635 | itws:740636 | itws:740637 | itws:740638 | itws:740639 | itws:740640 | itws:740641 | itws:740642 | itws:740643 | itws:740644 | itws:740645 | itws:740646 | itws:740647 | itws:740648 | itws:740649 | itws:740650 | itws:740651 | itws:740652 | itws:740653 | itws:740654 | itws:740655 | itws:740656 | itws:740657 | itws:740662 | itws:740663 | itws:740664 | itws:740665 | itws:740853 | itws:740856,"A me adovene com'a lo zitello | A piò voler mostrar che porti vero | A scuro loco conven lume clero | Amor s'ha il mio voler miso di sovra | Amore amaro, a morte m'hai feruto | Amore, perché m'hai | Avegna che partensa | Ben mi credea in tutto esser d'Amore | Certo, non si convene | Chi va cherendo guerra e lassa pace",Rimatori siculo-toscani del Dugento.djvu,,0,0,2,unresolved_hold,Resolve language boundaries at scan and root level; never default the material to standard core.,metadata_only_not_activated
itws-4b-review-0807,hold_scan_language_conflict,shared_scan_cluster,3,11459,itws:207491 | itws:250612 | itws:250645,"Aes rude, signatum e grave rinvenuto alla Bruna | Monete italiane inedite nella Collezione Brambilla a Pavia | Una Medaglia inedita di Giacomo Jonghelinck",Rivista italiana di numismatica 1891.djvu,,0,1,0,unresolved_hold,Resolve language boundaries at scan and root level; never default the material to standard core.,metadata_only_not_activated
itws-4b-review-0808,hold_scan_language_conflict,shared_scan_cluster,3,9934,itws:496231 | itws:497230 | itws:697649,Annotazioni numismatiche italiane | La Zecca di Reggio Emilia | Rivista italiana di numismatica 1894,Rivista italiana di numismatica 1894.djvu,,0,2,0,unresolved_hold,Resolve language boundaries at scan and root level; never default the material to standard core.,metadata_only_not_activated
itws-4b-review-0809,hold_scan_language_conflict,shared_scan_cluster,3,6824,itws:674766 | itws:674904 | itws:678184,Miscellanea Numismatica | Necrologio: Henri Hoffmann | Rivista italiana di numismatica 1897,Rivista italiana di numismatica 1897.djvu,,0,1,0,unresolved_hold,Resolve language boundaries at scan and root level; never default the material to standard core.,metadata_only_not_activated
itws-4b-review-0810,hold_scan_language_conflict,shared_scan_cluster,2,3900,itws:698358 | itws:698653,Rivista italiana di numismatica 1898 | Un sesterzio di Plotina trovato in Sardegna,Rivista italiana di numismatica 1898.djvu,,0,3,0,unresolved_hold,Resolve language boundaries at scan and root level; never default the material to standard core.,metadata_only_not_activated
itws-4b-review-0811,hold_scan_language_conflict,work_root,1,2718,itws:1005842,La grammatica ed il lessico del dialetto teramano,"Savini, Giuseppe - La grammatica ed il lessico del dialetto teramano, 1881.pdf",dialetto,1,0,0,unresolved_hold,Resolve language boundaries at scan and root level; never default the material to standard core.,metadata_only_not_activated
itws-4b-review-0812,hold_scan_language_conflict,shared_scan_cluster,91,54431,itws:306016 | itws:306017 | itws:306019 | itws:306020 | itws:306021 | itws:306025 | itws:306026 | itws:306027 | itws:306037 | itws:306038 | itws:306040 | itws:306042 | itws:306044 | itws:306049 | itws:306051 | itws:306053 | itws:306056 | itws:306058 | itws:306060 | itws:306061 | itws:306063 | itws:306070 | itws:306072 | itws:306074 | itws:306079 | itws:306083 | itws:306084 | itws:306089 | itws:306091 | itws:306092 | itws:306093 | itws:306095 | itws:306096 | itws:306098 | itws:306100 | itws:306101 | itws:306102 | itws:306103 | itws:306104 | itws:306106 | itws:306110 | itws:306111 | itws:306114 | itws:306115 | itws:306116 | itws:306117 | itws:306120 | itws:306125 | itws:306126 | itws:306128 | itws:306130 | itws:306131 | itws:306133 | itws:306135 | itws:306140 | itws:306141 | itws:306142 | itws:306143 | itws:306148 | itws:306149 | itws:306150 | itws:306159 | itws:306160 | itws:306161 | itws:306164 | itws:306165 | itws:306166 | itws:306169 | itws:306170 | itws:306173 | itws:306176 | itws:306180 | itws:306181 | itws:306182 | itws:306185 | itws:306190 | itws:306191 | itws:306192 | itws:306193 | itws:306196 | itws:306197 | itws:306199 | itws:306201 | itws:306206 | itws:306207 | itws:306211 | itws:306212 | itws:306213 | itws:306215 | itws:306218 | itws:308148,A la sora Tèta che pijja marito | A li caggnaroli sull'ore calle | A Pippo de R... | Accusì va er monno | Ar sor Longhi che pijja mojje | Campidojjo | Che ccristiani! | Che llingue curiose! | Contro er barbieretto de li Gipponari | Contro li Giacobbini,Sonetti romaneschi I.djvu,romanesco,1,0,0,unresolved_hold,Resolve language boundaries at scan and root level; never default the material to standard core.,metadata_only_not_activated
itws-4b-review-0813,hold_scan_language_conflict,shared_scan_cluster,240,140743,itws:306220 | itws:306228 | itws:306229 | itws:306230 | itws:306231 | itws:306232 | itws:306234 | itws:306237 | itws:306238 | itws:306240 | itws:306243 | itws:306244 | itws:306246 | itws:306247 | itws:306250 | itws:306251 | itws:306252 | itws:306255 | itws:306256 | itws:306260 | itws:306261 | itws:306262 | itws:306263 | itws:306264 | itws:306266 | itws:306267 | itws:306270 | itws:306273 | itws:306275 | itws:306277 | itws:306278 | itws:306279 | itws:306280 | itws:306281 | itws:306285 | itws:306286 | itws:306287 | itws:306289 | itws:306290 | itws:306291 | itws:306292 | itws:306294 | itws:306297 | itws:306299 | itws:306301 | itws:306302 | itws:306303 | itws:306304 | itws:306305 | itws:306308 | itws:306310 | itws:306311 | itws:306313 | itws:306315 | itws:306316 | itws:306318 | itws:306319 | itws:306320 | itws:306321 | itws:306322 | itws:306323 | itws:306324 | itws:306327 | itws:306329 | itws:306332 | itws:306334 | itws:306335 | itws:306337 | itws:306338 | itws:306339 | itws:306342 | itws:306343 | itws:306344 | itws:306345 | itws:306346 | itws:306347 | itws:306348 | itws:306351 | itws:306352 | itws:306353 | itws:306355 | itws:306356 | itws:306359 | itws:306363 | itws:306364 | itws:306365 | itws:306366 | itws:306368 | itws:306369 | itws:306371 | itws:306372 | itws:306374 | itws:306376 | itws:306379 | itws:306380 | itws:306381 | itws:306382 | itws:306385 | itws:306386 | itws:306388 | itws:306389 | itws:306391 | itws:306393 | itws:306396 | itws:306398 | itws:306399 | itws:306400 | itws:306401 | itws:306402 | itws:306403 | itws:306406 | itws:306407 | itws:306408 | itws:306409 | itws:306413 | itws:306416 | itws:306418 | itws:306420 | itws:306421 | itws:306422 | itws:306424 | itws:306425 | itws:306428 | itws:306429 | itws:306430 | itws:306431 | itws:306435 | itws:306437 | itws:306438 | itws:306440 | itws:306441 | itws:306442 | itws:306443 | itws:306444 | itws:306447 | itws:306448 | itws:306451 | itws:306452 | itws:306454 | itws:306455 | itws:306457 | itws:306458 | itws:306461 | itws:306462 | itws:306466 | itws:306467 | itws:306470 | itws:306472 | itws:306473 | itws:306474 | itws:306475 | itws:306476 | itws:306477 | itws:306479 | itws:306480 | itws:306481 | itws:306483 | itws:306487 | itws:306488 | itws:306489 | itws:306490 | itws:306491 | itws:306493 | itws:306494 | itws:306496 | itws:306498 | itws:306499 | itws:306502 | itws:306503 | itws:306504 | itws:306505 | itws:306506 | itws:306508 | itws:306518 | itws:306521 | itws:306522 | itws:306524 | itws:306525 | itws:306527 | itws:306528 | itws:306530 | itws:306531 | itws:306532 | itws:306533 | itws:306537 | itws:306539 | itws:306541 | itws:306544 | itws:306545 | itws:306546 | itws:306547 | itws:306548 | itws:306549 | itws:306550 | itws:306551 | itws:306557 | itws:306558 | itws:306563 | itws:306564 | itws:306566 | itws:306567 | itws:306570 | itws:306571 | itws:306572 | itws:306573 | itws:306575 | itws:306576 | itws:306577 | itws:306581 | itws:306583 | itws:306584 | itws:306585 | itws:306586 | itws:306587 | itws:306588 | itws:306589 | itws:306591 | itws:308269 | itws:308273 | itws:308783 | itws:308784 | itws:308934 | itws:308935 | itws:308946 | itws:309020 | itws:309021 | itws:309063 | itws:309066 | itws:309068 | itws:309069 | itws:309071 | itws:309073 | itws:309075 | itws:309076 | itws:309077 | itws:309080 | itws:309120 | itws:309123 | itws:856144 | itws:856163,"A mmi' mojje ch'è nnata oggi, e sse chiama come che la Madonna | Certe condanne... | Chi ha ffatto, ha ffatto | Chi nnun vede, nun crede | Chi va la notte, va a la morte | Com'ar mulo, sei parmi lontan dar culo | Dommine-covàti | E sse magna! | Er barbiere | Er bottegaro",Sonetti romaneschi II.djvu,romanesco,0,0,0,unresolved_hold,Resolve language boundaries at scan and root level; never default the material to standard core.,metadata_only_not_activated
itws-4b-review-0814,hold_scan_language_conflict,shared_scan_cluster,255,151975,itws:306593 | itws:306594 | itws:306595 | itws:306596 | itws:306597 | itws:306598 | itws:306601 | itws:306602 | itws:306604 | itws:306605 | itws:306607 | itws:306608 | itws:306610 | itws:306614 | itws:306615 | itws:306616 | itws:306617 | itws:306618 | itws:306619 | itws:306621 | itws:306624 | itws:306627 | itws:306631 | itws:306632 | itws:306633 | itws:306634 | itws:306635 | itws:306637 | itws:306638 | itws:306639 | itws:306640 | itws:306641 | itws:306642 | itws:306643 | itws:306644 | itws:306645 | itws:306646 | itws:306647 | itws:306649 | itws:306650 | itws:306651 | itws:306652 | itws:306653 | itws:306654 | itws:306658 | itws:306659 | itws:306660 | itws:306661 | itws:306664 | itws:306667 | itws:306669 | itws:306671 | itws:306672 | itws:306674 | itws:306675 | itws:306676 | itws:306677 | itws:306678 | itws:306679 | itws:306682 | itws:306683 | itws:306686 | itws:306688 | itws:306689 | itws:306691 | itws:306692 | itws:306693 | itws:306695 | itws:306698 | itws:306701 | itws:306702 | itws:306703 | itws:306704 | itws:306705 | itws:306712 | itws:306713 | itws:306715 | itws:306716 | itws:306718 | itws:306719 | itws:306720 | itws:306723 | itws:306724 | itws:306725 | itws:306726 | itws:306728 | itws:306731 | itws:306732 | itws:306735 | itws:306736 | itws:306737 | itws:306739 | itws:306742 | itws:306743 | itws:306744 | itws:306751 | itws:306752 | itws:306753 | itws:306755 | itws:306756 | itws:306757 | itws:306759 | itws:306763 | itws:306764 | itws:306765 | itws:306766 | itws:306769 | itws:306770 | itws:306771 | itws:306772 | itws:306773 | itws:306774 | itws:306775 | itws:306776 | itws:306777 | itws:306778 | itws:306779 | itws:306780 | itws:306782 | itws:306784 | itws:306786 | itws:306787 | itws:306788 | itws:306790 | itws:306792 | itws:306793 | itws:306795 | itws:306796 | itws:306797 | itws:306798 | itws:306799 | itws:306800 | itws:306802 | itws:306803 | itws:306806 | itws:306810 | itws:306811 | itws:306812 | itws:306813 | itws:306814 | itws:306815 | itws:306818 | itws:306820 | itws:306821 | itws:306823 | itws:306824 | itws:306825 | itws:306827 | itws:306828 | itws:306831 | itws:306833 | itws:306834 | itws:306835 | itws:306838 | itws:306840 | itws:306841 | itws:306842 | itws:306843 | itws:306844 | itws:306846 | itws:306847 | itws:306848 | itws:306849 | itws:306850 | itws:306851 | itws:306852 | itws:306853 | itws:306854 | itws:306856 | itws:306857 | itws:306858 | itws:306859 | itws:306862 | itws:306863 | itws:306864 | itws:306865 | itws:306868 | itws:306871 | itws:306872 | itws:306874 | itws:306876 | itws:306878 | itws:306880 | itws:306883 | itws:306885 | itws:306887 | itws:306888 | itws:306889 | itws:306891 | itws:306894 | itws:306895 | itws:306897 | itws:306900 | itws:306904 | itws:306907 | itws:306910 | itws:306911 | itws:306913 | itws:306915 | itws:306916 | itws:306917 | itws:306920 | itws:306922 | itws:306923 | itws:306924 | itws:306926 | itws:306927 | itws:306928 | itws:306933 | itws:306935 | itws:306936 | itws:306939 | itws:306940 | itws:306942 | itws:306943 | itws:306944 | itws:306945 | itws:306947 | itws:306949 | itws:306950 | itws:306951 | itws:306952 | itws:306953 | itws:306956 | itws:306957 | itws:306960 | itws:306961 | itws:306964 | itws:306965 | itws:306966 | itws:306968 | itws:308287 | itws:308288 | itws:308290 | itws:308291 | itws:308789 | itws:308794 | itws:308796 | itws:308799 | itws:308803 | itws:308805 | itws:308809 | itws:308810 | itws:308812 | itws:309126 | itws:309128 | itws:309133 | itws:309134 | itws:309136 | itws:309137 | itws:309142 | itws:309372 | itws:309595 | itws:854177 | itws:854181,"'Na resìa bbell'e bbona | A li ggiacubbini | A li zzelanti | A padron Marcello | Avviso | Chi la tira, la strappa | Compatìmose | Cose antiche | Da Erode a Ppilato | Er bene pe' li morti",Sonetti romaneschi III.djvu,romanesco,0,0,0,unresolved_hold,Resolve language boundaries at scan and root level; never default the material to standard core.,metadata_only_not_activated
itws-4b-review-0815,hold_scan_language_conflict,shared_scan_cluster,250,148254,itws:306969 | itws:306970 | itws:306972 | itws:306973 | itws:306974 | itws:306975 | itws:306976 | itws:306977 | itws:306979 | itws:306980 | itws:306981 | itws:306982 | itws:306984 | itws:306985 | itws:306986 | itws:306987 | itws:306988 | itws:306989 | itws:306990 | itws:306991 | itws:306993 | itws:306995 | itws:306996 | itws:306998 | itws:306999 | itws:307000 | itws:307003 | itws:307004 | itws:307005 | itws:307006 | itws:307007 | itws:307009 | itws:307010 | itws:307011 | itws:307012 | itws:307013 | itws:307014 | itws:307016 | itws:307019 | itws:307020 | itws:307021 | itws:307022 | itws:307023 | itws:307024 | itws:307025 | itws:307028 | itws:307029 | itws:307032 | itws:307033 | itws:307037 | itws:307039 | itws:307040 | itws:307042 | itws:307043 | itws:307046 | itws:307047 | itws:307049 | itws:307050 | itws:307052 | itws:307053 | itws:307054 | itws:307055 | itws:307056 | itws:307057 | itws:307060 | itws:307064 | itws:307065 | itws:307067 | itws:307068 | itws:307070 | itws:307071 | itws:307073 | itws:307074 | itws:307076 | itws:307077 | itws:307079 | itws:307080 | itws:307081 | itws:307083 | itws:307084 | itws:307085 | itws:307086 | itws:307087 | itws:307088 | itws:307090 | itws:307093 | itws:307095 | itws:307097 | itws:307099 | itws:307100 | itws:307102 | itws:307106 | itws:307109 | itws:307110 | itws:307111 | itws:307112 | itws:307113 | itws:307116 | itws:307118 | itws:307119 | itws:307120 | itws:307123 | itws:307124 | itws:307125 | itws:307126 | itws:307127 | itws:307128 | itws:307129 | itws:307130 | itws:307131 | itws:307132 | itws:307139 | itws:307140 | itws:307143 | itws:307144 | itws:307146 | itws:307151 | itws:307155 | itws:307157 | itws:307159 | itws:307160 | itws:307162 | itws:307165 | itws:307166 | itws:307167 | itws:307168 | itws:307173 | itws:307175 | itws:307176 | itws:307179 | itws:307181 | itws:307183 | itws:307184 | itws:307185 | itws:307187 | itws:307189 | itws:307190 | itws:307192 | itws:307194 | itws:307196 | itws:307197 | itws:307198 | itws:307199 | itws:307200 | itws:307201 | itws:307203 | itws:307204 | itws:307206 | itws:307208 | itws:307210 | itws:307211 | itws:307215 | itws:307216 | itws:307217 | itws:307219 | itws:307221 | itws:307222 | itws:307223 | itws:307224 | itws:307225 | itws:307228 | itws:307233 | itws:307235 | itws:307237 | itws:307238 | itws:307239 | itws:307242 | itws:307244 | itws:307245 | itws:307246 | itws:307247 | itws:307250 | itws:307251 | itws:307252 | itws:307253 | itws:307256 | itws:307258 | itws:307259 | itws:307260 | itws:307261 | itws:307262 | itws:307264 | itws:307265 | itws:307268 | itws:307269 | itws:307270 | itws:307271 | itws:307273 | itws:307274 | itws:307275 | itws:307282 | itws:307283 | itws:307288 | itws:307291 | itws:307292 | itws:307293 | itws:307294 | itws:307296 | itws:307298 | itws:307299 | itws:307304 | itws:307305 | itws:307306 | itws:307307 | itws:307308 | itws:307311 | itws:307316 | itws:307319 | itws:307321 | itws:307325 | itws:307328 | itws:307331 | itws:307332 | itws:307333 | itws:307334 | itws:307335 | itws:307336 | itws:307339 | itws:307345 | itws:307347 | itws:308895 | itws:308897 | itws:308898 | itws:308899 | itws:308901 | itws:308903 | itws:308904 | itws:308908 | itws:308910 | itws:308916 | itws:308917 | itws:308918 | itws:308921 | itws:308922 | itws:308930 | itws:855099 | itws:855123 | itws:855125 | itws:855126 | itws:855127 | itws:855129 | itws:855131 | itws:855132 | itws:855134 | itws:855135 | itws:855137 | itws:855140 | itws:855142 | itws:857316 | itws:860162,"'Na precavuzzione | A cquela fata de la Ssciùzzeri | A Ggesù Ssagramentato | Bbrutti e scontenti | Cattive massime | Che ttempi! | Che vvita da cani! | Checchina appiccicarella | Chi ccerca, trova | Chi mmìstica, màstica",Sonetti romaneschi IV.djvu,romanesco,0,0,0,unresolved_hold,Resolve language boundaries at scan and root level; never default the material to standard core.,metadata_only_not_activated
itws-4b-review-0816,hold_scan_language_conflict,shared_scan_cluster,213,127259,itws:307114 | itws:308284 | itws:308292 | itws:308293 | itws:308294 | itws:308295 | itws:308296 | itws:308298 | itws:308299 | itws:308300 | itws:308301 | itws:308302 | itws:308303 | itws:308304 | itws:308305 | itws:308309 | itws:308310 | itws:308311 | itws:308312 | itws:308315 | itws:308316 | itws:308317 | itws:308320 | itws:308321 | itws:308326 | itws:308329 | itws:308330 | itws:308331 | itws:308333 | itws:308334 | itws:308336 | itws:308338 | itws:308340 | itws:308341 | itws:308343 | itws:308344 | itws:308349 | itws:308350 | itws:308352 | itws:308353 | itws:308356 | itws:308358 | itws:308359 | itws:308360 | itws:308365 | itws:308366 | itws:308367 | itws:308368 | itws:308369 | itws:308370 | itws:308378 | itws:308379 | itws:308380 | itws:308381 | itws:308382 | itws:308385 | itws:308389 | itws:308390 | itws:308392 | itws:308393 | itws:308395 | itws:308396 | itws:308397 | itws:308398 | itws:308400 | itws:308403 | itws:308404 | itws:308408 | itws:308409 | itws:308416 | itws:308419 | itws:308421 | itws:308422 | itws:308427 | itws:308435 | itws:308436 | itws:308441 | itws:308442 | itws:308443 | itws:308445 | itws:308446 | itws:308448 | itws:308451 | itws:308452 | itws:308453 | itws:308455 | itws:308456 | itws:308457 | itws:308458 | itws:308460 | itws:308461 | itws:308462 | itws:308464 | itws:308465 | itws:308466 | itws:308469 | itws:308472 | itws:308473 | itws:308474 | itws:308477 | itws:308479 | itws:308480 | itws:308482 | itws:308485 | itws:308489 | itws:308491 | itws:308494 | itws:308495 | itws:308498 | itws:308500 | itws:308501 | itws:308503 | itws:308504 | itws:308505 | itws:308506 | itws:308508 | itws:308510 | itws:308514 | itws:308515 | itws:308516 | itws:308518 | itws:308519 | itws:308520 | itws:308525 | itws:308526 | itws:308528 | itws:308529 | itws:308534 | itws:308536 | itws:308538 | itws:308539 | itws:308541 | itws:308545 | itws:308547 | itws:308548 | itws:308549 | itws:308550 | itws:308551 | itws:308552 | itws:308553 | itws:308554 | itws:308556 | itws:308557 | itws:308560 | itws:308561 | itws:308563 | itws:308564 | itws:308567 | itws:308568 | itws:308569 | itws:308570 | itws:308571 | itws:308573 | itws:308578 | itws:308586 | itws:308593 | itws:308594 | itws:308595 | itws:308598 | itws:308602 | itws:308605 | itws:308606 | itws:308607 | itws:308608 | itws:308610 | itws:308611 | itws:308612 | itws:308614 | itws:308615 | itws:308620 | itws:308621 | itws:308622 | itws:308624 | itws:308626 | itws:308629 | itws:308630 | itws:308631 | itws:308633 | itws:308634 | itws:308637 | itws:308638 | itws:308640 | itws:308641 | itws:308642 | itws:308643 | itws:308646 | itws:308647 | itws:308648 | itws:308649 | itws:308651 | itws:308652 | itws:308653 | itws:308655 | itws:308656 | itws:308658 | itws:308659 | itws:308660 | itws:308969 | itws:308970 | itws:308975 | itws:308980 | itws:308982 | itws:309016 | itws:309017 | itws:309146 | itws:309147 | itws:309149 | itws:309155 | itws:309156 | itws:309162 | itws:309163 | itws:309165 | itws:942038,"'Na ssciacquata de bbocca | A la sor' Orzola | A oggnuno er zuo | Ahà, rriecco l'acqua! E 'ggni tantino | Ajjuto e cconzijjo | Anticajja e pietrella | Anzi, appostatamente ciài d'annà | Ar zor Abbate Bbonafede | Ar zor Lello Scini, ch'oggi diventa omo | Certe parole latine",Sonetti romaneschi V.djvu,romanesco,0,0,0,unresolved_hold,Resolve language boundaries at scan and root level; never default the material to standard core.,metadata_only_not_activated
itws-4b-review-0817,hold_scan_language_conflict,shared_scan_cluster,165,99253,itws:307350 | itws:307351 | itws:307352 | itws:307353 | itws:307355 | itws:307356 | itws:307357 | itws:307358 | itws:307363 | itws:307364 | itws:307365 | itws:307366 | itws:307373 | itws:307375 | itws:307377 | itws:307378 | itws:307379 | itws:307380 | itws:307384 | itws:307386 | itws:307388 | itws:307390 | itws:307391 | itws:307392 | itws:307393 | itws:307394 | itws:307395 | itws:307396 | itws:307397 | itws:307398 | itws:307401 | itws:307402 | itws:307403 | itws:307404 | itws:307405 | itws:307409 | itws:307410 | itws:307413 | itws:307415 | itws:307417 | itws:307418 | itws:307420 | itws:307422 | itws:307423 | itws:307424 | itws:307425 | itws:307427 | itws:307428 | itws:307432 | itws:307439 | itws:307440 | itws:307441 | itws:307442 | itws:307443 | itws:307444 | itws:307445 | itws:307446 | itws:307447 | itws:307449 | itws:307451 | itws:307454 | itws:307455 | itws:307461 | itws:307462 | itws:307464 | itws:307468 | itws:307472 | itws:307473 | itws:307475 | itws:307476 | itws:307477 | itws:307478 | itws:307480 | itws:307481 | itws:307486 | itws:307487 | itws:307489 | itws:307490 | itws:307491 | itws:307493 | itws:307494 | itws:307499 | itws:307500 | itws:307502 | itws:307503 | itws:307506 | itws:307507 | itws:307508 | itws:307512 | itws:307516 | itws:307517 | itws:307518 | itws:307519 | itws:307521 | itws:307522 | itws:307523 | itws:307527 | itws:307530 | itws:307531 | itws:307532 | itws:307540 | itws:307541 | itws:307544 | itws:307547 | itws:307548 | itws:307550 | itws:307551 | itws:307553 | itws:307556 | itws:307558 | itws:307559 | itws:307561 | itws:307562 | itws:307564 | itws:307565 | itws:307567 | itws:307572 | itws:307573 | itws:307575 | itws:307576 | itws:307578 | itws:307580 | itws:307582 | itws:307585 | itws:307587 | itws:307589 | itws:307596 | itws:307597 | itws:307599 | itws:307600 | itws:307601 | itws:307603 | itws:307604 | itws:307605 | itws:307606 | itws:308279 | itws:308281 | itws:308282 | itws:309168 | itws:309173 | itws:309176 | itws:309177 | itws:309178 | itws:309189 | itws:309193 | itws:309196 | itws:854034 | itws:854035 | itws:854036 | itws:854040 | itws:854041 | itws:854045 | itws:854046 | itws:854047 | itws:854049 | itws:854050 | itws:854051 | itws:854052 | itws:854054 | itws:854055 | itws:854056 | itws:854057 | itws:854060 | itws:854061 | itws:855664,A Checco | A chi soscera e a chi nnora | A compar Dimenico | A la Torfetana | A le prove | A Menica-zózza | A Nnunziata | A ppijjà mojje pènzece un anno e un giorno | A vvoi de sotto | Abbada a chi ppijji!,Sonetti romaneschi VI.djvu,romanesco,0,0,0,unresolved_hold,Resolve language boundaries at scan and root level; never default the material to standard core.,metadata_only_not_activated
itws-4b-review-0818,hold_scan_language_conflict,shared_scan_cluster,8,5427,itws:944100 | itws:947311 | itws:948549 | itws:957830 | itws:957831 | itws:957886 | itws:957887 | itws:957895,Donna bella che chiede fiori | Ecco gli antichi Eroi di patria mia | Empio discorso! E potrà mai fattura | La beltà è saggio del Cielo | La Maddalena liberata (1857) | Non di mortal caduchi Semidei | S. Stefano Vescovo di Reggio | Terza canzone (Ferrante),"Spanò Bolani - Storia di Reggio Calabria, Vol. II, Fibreno, 1857.djvu",,0,2,0,unresolved_hold,Resolve language boundaries at scan and root level; never default the material to standard core.,metadata_only_not_activated
itws-4b-review-0819,hold_scan_language_conflict,work_root,1,1204,itws:942075,Vocabolario bergamasco-italiano per ogni classe di persone e specialmente per la gioventù,"Stefano Zappettini - Vocabolario bergamasco-italiano per ogni classe di persone e specialmente per la gioventù, 1859.djvu",bergamasco,0,0,0,unresolved_hold,Resolve language boundaries at scan and root level; never default the material to standard core.,metadata_only_not_activated
itws-4b-review-0820,hold_scan_language_conflict,work_root,1,706,itws:239158,Regno di Sardegna - Proclama 12 marzo 1821 (Vittorio Emanuele I),Storia della rivoluzione piemontese del 1821 (Santarosa).djvu,piemontese,0,0,0,unresolved_hold,Resolve language boundaries at scan and root level; never default the material to standard core.,metadata_only_not_activated
itws-4b-review-0821,hold_scan_language_conflict,work_root,1,769,itws:737124,De studiorum ratione,"Vico, Giambattista – Le orazioni inaugurali, il De Italorum sapientia e le polemiche, 1914 – BEIC 1965567.djvu",,0,1,0,unresolved_hold,Resolve language boundaries at scan and root level; never default the material to standard core.,metadata_only_not_activated
itws-4b-review-0822,hold_scan_language_conflict,work_root,1,1803,itws:749458,Vocabolario del dialetto napolitano (Rocco 1882),"Vocabolario del dialetto napolitano (Rocco 1882, A - CAN).djvu",dialetto,0,0,0,unresolved_hold,Resolve language boundaries at scan and root level; never default the material to standard core.,metadata_only_not_activated
itws-4b-review-0823,hold_scan_language_conflict,work_root,1,5452,itws:817252,Vocabolario dell'uso abruzzese (1893),Vocabolario dell'uso abruzzese.djvu,abruzzese,0,0,0,unresolved_hold,Resolve language boundaries at scan and root level; never default the material to standard core.,metadata_only_not_activated
