review_id,work_root_id,checkpoint_4c_decision,resolution,canonical_reference_ids,removed_reference_ids,rights_decision,rationale,review_status,activation_status
itws4c:478864,itws:478864,hold_quality_or_editorial_review,exclude_quality_language_or_editorial_hold,,,rights_pass,"Non-removable quality, language-variety, transcription-gap, or editorial evidence remains.",resolved,inactive_pending_cross_archive_freeze
itws4c:67279,itws:67279,hold_duplicate_review,exclude_source_rights_unresolved,,,rights_hold_modern_edition_contributor,"Post-1930 edition names a curator, translator, or illustrator whose contribution needs separate rights evidence.",resolved,inactive_pending_cross_archive_freeze
itws4c:883542,itws:883542,hold_duplicate_review,exclude_internal_exact_duplicate,itws:883541,,rights_pass,Deterministic complete/long/stable-ID precedence selected another exact Wikisource root.,resolved,inactive_pending_cross_archive_freeze
itws4c:746042,itws:746042,hold_duplicate_review,exclude_internal_exact_duplicate,itws:746041,,rights_pass,Deterministic complete/long/stable-ID precedence selected another exact Wikisource root.,resolved,inactive_pending_cross_archive_freeze
itws4c:746103,itws:746103,hold_duplicate_review,exclude_internal_exact_duplicate,itws:746102,,rights_pass,Deterministic complete/long/stable-ID precedence selected another exact Wikisource root.,resolved,inactive_pending_cross_archive_freeze
itws4c:745999,itws:745999,hold_duplicate_review,exclude_internal_exact_duplicate,itws:745998,,rights_pass,Deterministic complete/long/stable-ID precedence selected another exact Wikisource root.,resolved,inactive_pending_cross_archive_freeze
itws4c:742874,itws:742874,hold_duplicate_review,exclude_internal_exact_duplicate,itws:742873,,rights_pass,Deterministic complete/long/stable-ID precedence selected another exact Wikisource root.,resolved,inactive_pending_cross_archive_freeze
itws4c:248002,itws:248002,hold_unresolved_markup,exclude_unresolved_markup,,,rights_pass,Unknown markup may contain or corrupt primary text.,resolved,inactive_pending_cross_archive_freeze
itws4c:742744,itws:742744,hold_duplicate_review,exclude_internal_exact_duplicate,itws:742743,,rights_pass,Deterministic complete/long/stable-ID precedence selected another exact Wikisource root.,resolved,inactive_pending_cross_archive_freeze
itws4c:746856,itws:746856,hold_duplicate_review,eligible_inactive_processed_build,,,rights_pass,"Rights, quality, canonicalization, and protected-material gates passed.",resolved,inactive_pending_cross_archive_freeze
itws4c:746815,itws:746815,hold_duplicate_review,eligible_inactive_processed_build,,,rights_pass,"Rights, quality, canonicalization, and protected-material gates passed.",resolved,inactive_pending_cross_archive_freeze
itws4c:1003724,itws:1003724,hold_duplicate_review,exclude_canonical_cross_corpus_duplicate,bibit:bibit001069,,rights_pass,An already resolved project source contains this Wikisource root.,resolved,inactive_pending_cross_archive_freeze
itws4c:4751,itws:4751,hold_duplicate_review,eligible_inactive_processed_build,,,rights_pass,"Rights, quality, canonicalization, and protected-material gates passed.",resolved,inactive_pending_cross_archive_freeze
itws4c:742757,itws:742757,hold_duplicate_review,exclude_internal_exact_duplicate,itws:742756,,rights_pass,Deterministic complete/long/stable-ID precedence selected another exact Wikisource root.,resolved,inactive_pending_cross_archive_freeze
itws4c:746640,itws:746640,hold_duplicate_review,eligible_inactive_processed_build,,,rights_pass,"Rights, quality, canonicalization, and protected-material gates passed.",resolved,inactive_pending_cross_archive_freeze
itws4c:746677,itws:746677,hold_duplicate_review,eligible_inactive_processed_build,,,rights_pass,"Rights, quality, canonicalization, and protected-material gates passed.",resolved,inactive_pending_cross_archive_freeze
itws4c:893202,itws:893202,hold_duplicate_review,exclude_internal_exact_duplicate,itws:893201,,rights_pass,Deterministic complete/long/stable-ID precedence selected another exact Wikisource root.,resolved,inactive_pending_cross_archive_freeze
itws4c:742742,itws:742742,hold_duplicate_review,exclude_internal_exact_duplicate,itws:742741,,rights_pass,Deterministic complete/long/stable-ID precedence selected another exact Wikisource root.,resolved,inactive_pending_cross_archive_freeze
itws4c:746623,itws:746623,hold_duplicate_review,exclude_internal_exact_duplicate,itws:746622,,rights_pass,Deterministic complete/long/stable-ID precedence selected another exact Wikisource root.,resolved,inactive_pending_cross_archive_freeze
itws4c:746600,itws:746600,hold_duplicate_review,exclude_internal_exact_duplicate,itws:746598,,rights_pass,Deterministic complete/long/stable-ID precedence selected another exact Wikisource root.,resolved,inactive_pending_cross_archive_freeze
itws4c:587988,itws:587988,hold_duplicate_review,exclude_canonical_cross_corpus_duplicate,gutenberg_previous:pg19034,,rights_pass,An already resolved project source contains this Wikisource root.,resolved,inactive_pending_cross_archive_freeze
itws4c:687961,itws:687961,hold_quality_or_editorial_review,exclude_source_rights_unresolved,,,rights_hold_modern_edition_contributor,"Post-1930 edition names a curator, translator, or illustrator whose contribution needs separate rights evidence.",resolved,inactive_pending_cross_archive_freeze
itws4c:742761,itws:742761,hold_duplicate_review,exclude_internal_exact_duplicate,itws:742760,,rights_pass,Deterministic complete/long/stable-ID precedence selected another exact Wikisource root.,resolved,inactive_pending_cross_archive_freeze
itws4c:827058,itws:827058,hold_duplicate_review,exclude_canonical_cross_corpus_duplicate,bibit:bibit000469,,rights_pass,An already resolved project source contains this Wikisource root.,resolved,inactive_pending_cross_archive_freeze
itws4c:915444,itws:915444,hold_unresolved_markup,exclude_unresolved_markup,,,rights_pass,Unknown markup may contain or corrupt primary text.,resolved,inactive_pending_cross_archive_freeze
itws4c:10713,itws:10713,hold_unresolved_markup,exclude_source_rights_unresolved,,,rights_hold_modern_edition_contributor,"Post-1930 edition names a curator, translator, or illustrator whose contribution needs separate rights evidence.",resolved,inactive_pending_cross_archive_freeze
itws4c:896104,itws:896104,hold_unresolved_markup,exclude_unresolved_markup,,,rights_pass,Unknown markup may contain or corrupt primary text.,resolved,inactive_pending_cross_archive_freeze
itws4c:586152,itws:586152,hold_unresolved_markup,exclude_unresolved_markup,,,rights_pass,Unknown markup may contain or corrupt primary text.,resolved,inactive_pending_cross_archive_freeze
itws4c:119758,itws:119758,hold_unresolved_markup,exclude_unresolved_markup,,,rights_pass,Unknown markup may contain or corrupt primary text.,resolved,inactive_pending_cross_archive_freeze
itws4c:687059,itws:687059,hold_duplicate_review,exclude_source_rights_unresolved,,,rights_hold_modern_edition_contributor,"Post-1930 edition names a curator, translator, or illustrator whose contribution needs separate rights evidence.",resolved,inactive_pending_cross_archive_freeze
itws4c:1016972,itws:1016972,hold_quality_or_editorial_review,exclude_quality_language_or_editorial_hold,,,rights_pass,"Non-removable quality, language-variety, transcription-gap, or editorial evidence remains.",resolved,inactive_pending_cross_archive_freeze
itws4c:687683,itws:687683,hold_duplicate_review,exclude_source_rights_unresolved,,,rights_hold_modern_edition_contributor,"Post-1930 edition names a curator, translator, or illustrator whose contribution needs separate rights evidence.",resolved,inactive_pending_cross_archive_freeze
itws4c:746831,itws:746831,hold_duplicate_review,eligible_inactive_processed_build,,,rights_pass,"Rights, quality, canonicalization, and protected-material gates passed.",resolved,inactive_pending_cross_archive_freeze
itws4c:742766,itws:742766,hold_duplicate_review,exclude_no_unique_material_after_segmentation,,,rights_pass,No unique broader text or eligible sonnet remains after segmentation.,resolved,inactive_pending_cross_archive_freeze
itws4c:746854,itws:746854,hold_duplicate_review,exclude_internal_exact_duplicate,itws:746853,,rights_pass,Deterministic complete/long/stable-ID precedence selected another exact Wikisource root.,resolved,inactive_pending_cross_archive_freeze
itws4c:746618,itws:746618,hold_duplicate_review,eligible_inactive_processed_build,,,rights_pass,"Rights, quality, canonicalization, and protected-material gates passed.",resolved,inactive_pending_cross_archive_freeze
itws4c:579181,itws:579181,hold_quality_or_editorial_review,exclude_quality_language_or_editorial_hold,,,rights_pass,"Non-removable quality, language-variety, transcription-gap, or editorial evidence remains.",resolved,inactive_pending_cross_archive_freeze
itws4c:120169,itws:120169,hold_quality_or_editorial_review,exclude_quality_language_or_editorial_hold,,,rights_pass,"Non-removable quality, language-variety, transcription-gap, or editorial evidence remains.",resolved,inactive_pending_cross_archive_freeze
itws4c:742688,itws:742688,hold_duplicate_review,exclude_no_unique_material_after_segmentation,,,rights_pass,No unique broader text or eligible sonnet remains after segmentation.,resolved,inactive_pending_cross_archive_freeze
itws4c:687945,itws:687945,hold_unresolved_markup,exclude_source_rights_unresolved,,,rights_hold_modern_edition_contributor,"Post-1930 edition names a curator, translator, or illustrator whose contribution needs separate rights evidence.",resolved,inactive_pending_cross_archive_freeze
itws4c:365161,itws:365161,hold_unresolved_markup,exclude_unresolved_markup,,,rights_pass,Unknown markup may contain or corrupt primary text.,resolved,inactive_pending_cross_archive_freeze
itws4c:883617,itws:883617,hold_duplicate_review,eligible_inactive_processed_build,,,rights_pass,"Rights, quality, canonicalization, and protected-material gates passed.",resolved,inactive_pending_cross_archive_freeze
itws4c:624530,itws:624530,hold_unresolved_markup,exclude_unresolved_markup,,,rights_pass,Unknown markup may contain or corrupt primary text.,resolved,inactive_pending_cross_archive_freeze
itws4c:624547,itws:624547,hold_unresolved_markup,exclude_unresolved_markup,,,rights_pass,Unknown markup may contain or corrupt primary text.,resolved,inactive_pending_cross_archive_freeze
itws4c:624546,itws:624546,hold_unresolved_markup,exclude_unresolved_markup,,,rights_pass,Unknown markup may contain or corrupt primary text.,resolved,inactive_pending_cross_archive_freeze
itws4c:800875,itws:800875,hold_quality_or_editorial_review,exclude_quality_language_or_editorial_hold,,,rights_pass,"Non-removable quality, language-variety, transcription-gap, or editorial evidence remains.",resolved,inactive_pending_cross_archive_freeze
itws4c:283435,itws:283435,hold_quality_or_editorial_review,exclude_quality_language_or_editorial_hold,,,rights_pass,"Non-removable quality, language-variety, transcription-gap, or editorial evidence remains.",resolved,inactive_pending_cross_archive_freeze
itws4c:104290,itws:104290,hold_unresolved_markup,exclude_unresolved_markup,,,rights_pass,Unknown markup may contain or corrupt primary text.,resolved,inactive_pending_cross_archive_freeze
itws4c:77008,itws:77008,hold_quality_or_editorial_review,exclude_quality_language_or_editorial_hold,,,rights_pass,"Non-removable quality, language-variety, transcription-gap, or editorial evidence remains.",resolved,inactive_pending_cross_archive_freeze
itws4c:88267,itws:88267,hold_missing_transcription,exclude_incomplete_transcription,,,rights_pass,Missing requested transcription pages make the work incomplete.,resolved,inactive_pending_cross_archive_freeze
itws4c:586088,itws:586088,hold_unresolved_markup,exclude_unresolved_markup,,,rights_pass,Unknown markup may contain or corrupt primary text.,resolved,inactive_pending_cross_archive_freeze
itws4c:598412,itws:598412,hold_quality_or_editorial_review,exclude_quality_language_or_editorial_hold,,,rights_pass,"Non-removable quality, language-variety, transcription-gap, or editorial evidence remains.",resolved,inactive_pending_cross_archive_freeze
itws4c:827052,itws:827052,hold_duplicate_review,eligible_inactive_processed_build,,,rights_pass,"Rights, quality, canonicalization, and protected-material gates passed.",resolved,inactive_pending_cross_archive_freeze
itws4c:831747,itws:831747,hold_quality_or_editorial_review,exclude_quality_language_or_editorial_hold,,,rights_pass,"Non-removable quality, language-variety, transcription-gap, or editorial evidence remains.",resolved,inactive_pending_cross_archive_freeze
itws4c:1003681,itws:1003681,hold_duplicate_review,exclude_internal_near_duplicate,itws:1003725,,rights_pass,Directional containment and deterministic completeness precedence selected another Wikisource root.,resolved,inactive_pending_cross_archive_freeze
itws4c:1003725,itws:1003725,hold_duplicate_review,exclude_no_unique_material_after_segmentation,,,rights_pass,No unique broader text or eligible sonnet remains after segmentation.,resolved,inactive_pending_cross_archive_freeze
itws4c:490789,itws:490789,hold_unresolved_markup,exclude_unresolved_markup,,,rights_pass,Unknown markup may contain or corrupt primary text.,resolved,inactive_pending_cross_archive_freeze
itws4c:20123,itws:20123,hold_duplicate_review,exclude_internal_near_duplicate,itws:1003621,,rights_pass,Directional containment and deterministic completeness precedence selected another Wikisource root.,resolved,inactive_pending_cross_archive_freeze
itws4c:1003621,itws:1003621,hold_duplicate_review,exclude_no_unique_material_after_segmentation,,,rights_pass,No unique broader text or eligible sonnet remains after segmentation.,resolved,inactive_pending_cross_archive_freeze
itws4c:827040,itws:827040,hold_duplicate_review,exclude_internal_near_duplicate,itws:1003621,,rights_pass,Directional containment and deterministic completeness precedence selected another Wikisource root.,resolved,inactive_pending_cross_archive_freeze
itws4c:742722,itws:742722,hold_unresolved_markup,exclude_unresolved_markup,,,rights_pass,Unknown markup may contain or corrupt primary text.,resolved,inactive_pending_cross_archive_freeze
itws4c:296465,itws:296465,hold_quality_or_editorial_review,exclude_quality_language_or_editorial_hold,,,rights_pass,"Non-removable quality, language-variety, transcription-gap, or editorial evidence remains.",resolved,inactive_pending_cross_archive_freeze
itws4c:879988,itws:879988,hold_duplicate_review,exclude_internal_exact_duplicate,itws:879782,,rights_pass,Deterministic complete/long/stable-ID precedence selected another exact Wikisource root.,resolved,inactive_pending_cross_archive_freeze
itws4c:893726,itws:893726,hold_duplicate_review,eligible_inactive_processed_build,,,rights_pass,"Rights, quality, canonicalization, and protected-material gates passed.",resolved,inactive_pending_cross_archive_freeze
itws4c:876369,itws:876369,hold_duplicate_review,eligible_inactive_processed_build,,,rights_pass,"Rights, quality, canonicalization, and protected-material gates passed.",resolved,inactive_pending_cross_archive_freeze
itws4c:876455,itws:876455,hold_duplicate_review,exclude_internal_exact_duplicate,itws:876452,,rights_pass,Deterministic complete/long/stable-ID precedence selected another exact Wikisource root.,resolved,inactive_pending_cross_archive_freeze
itws4c:187849,itws:187849,hold_unresolved_markup,exclude_unresolved_markup,,,rights_pass,Unknown markup may contain or corrupt primary text.,resolved,inactive_pending_cross_archive_freeze
itws4c:384290,itws:384290,hold_unresolved_markup,exclude_unresolved_markup,,,rights_pass,Unknown markup may contain or corrupt primary text.,resolved,inactive_pending_cross_archive_freeze
itws4c:409035,itws:409035,hold_unresolved_markup,exclude_unresolved_markup,,,rights_pass,Unknown markup may contain or corrupt primary text.,resolved,inactive_pending_cross_archive_freeze
itws4c:409034,itws:409034,hold_unresolved_markup,exclude_unresolved_markup,,,rights_pass,Unknown markup may contain or corrupt primary text.,resolved,inactive_pending_cross_archive_freeze
itws4c:889506,itws:889506,hold_quality_or_editorial_review,exclude_quality_language_or_editorial_hold,,,rights_pass,"Non-removable quality, language-variety, transcription-gap, or editorial evidence remains.",resolved,inactive_pending_cross_archive_freeze
itws4c:746626,itws:746626,hold_duplicate_review,eligible_inactive_processed_build,,,rights_pass,"Rights, quality, canonicalization, and protected-material gates passed.",resolved,inactive_pending_cross_archive_freeze
itws4c:746656,itws:746656,hold_duplicate_review,eligible_inactive_processed_build,,,rights_pass,"Rights, quality, canonicalization, and protected-material gates passed.",resolved,inactive_pending_cross_archive_freeze
itws4c:746859,itws:746859,hold_duplicate_review,exclude_internal_exact_duplicate,itws:746858,,rights_pass,Deterministic complete/long/stable-ID precedence selected another exact Wikisource root.,resolved,inactive_pending_cross_archive_freeze
itws4c:746778,itws:746778,hold_duplicate_review,eligible_inactive_processed_build,,,rights_pass,"Rights, quality, canonicalization, and protected-material gates passed.",resolved,inactive_pending_cross_archive_freeze
itws4c:746929,itws:746929,hold_duplicate_review,eligible_inactive_processed_build,,,rights_pass,"Rights, quality, canonicalization, and protected-material gates passed.",resolved,inactive_pending_cross_archive_freeze
itws4c:745975,itws:745975,hold_duplicate_review,eligible_inactive_processed_build,,,rights_pass,"Rights, quality, canonicalization, and protected-material gates passed.",resolved,inactive_pending_cross_archive_freeze
itws4c:746639,itws:746639,hold_duplicate_review,exclude_internal_exact_duplicate,itws:746638,,rights_pass,Deterministic complete/long/stable-ID precedence selected another exact Wikisource root.,resolved,inactive_pending_cross_archive_freeze
itws4c:523106,itws:523106,hold_duplicate_review,exclude_canonical_cross_corpus_duplicate,gutenberg_previous:pg77121,,rights_pass,An already resolved project source contains this Wikisource root.,resolved,inactive_pending_cross_archive_freeze
itws4c:746660,itws:746660,hold_duplicate_review,eligible_inactive_processed_build,,,rights_pass,"Rights, quality, canonicalization, and protected-material gates passed.",resolved,inactive_pending_cross_archive_freeze
itws4c:746637,itws:746637,hold_duplicate_review,exclude_internal_exact_duplicate,itws:746636,,rights_pass,Deterministic complete/long/stable-ID precedence selected another exact Wikisource root.,resolved,inactive_pending_cross_archive_freeze
itws4c:746633,itws:746633,hold_duplicate_review,exclude_internal_exact_duplicate,itws:746632,,rights_pass,Deterministic complete/long/stable-ID precedence selected another exact Wikisource root.,resolved,inactive_pending_cross_archive_freeze
itws4c:445772,itws:445772,hold_unresolved_markup,exclude_unresolved_markup,,,rights_pass,Unknown markup may contain or corrupt primary text.,resolved,inactive_pending_cross_archive_freeze
itws4c:883403,itws:883403,hold_duplicate_review,exclude_internal_exact_duplicate,itws:883398,,rights_pass,Deterministic complete/long/stable-ID precedence selected another exact Wikisource root.,resolved,inactive_pending_cross_archive_freeze
itws4c:324399,itws:324399,hold_quality_or_editorial_review,exclude_quality_language_or_editorial_hold,,,rights_pass,"Non-removable quality, language-variety, transcription-gap, or editorial evidence remains.",resolved,inactive_pending_cross_archive_freeze
itws4c:879556,itws:879556,hold_duplicate_review,exclude_internal_exact_duplicate,itws:879553,,rights_pass,Deterministic complete/long/stable-ID precedence selected another exact Wikisource root.,resolved,inactive_pending_cross_archive_freeze
itws4c:560885,itws:560885,hold_unresolved_markup,exclude_unresolved_markup,,,rights_pass,Unknown markup may contain or corrupt primary text.,resolved,inactive_pending_cross_archive_freeze
itws4c:745987,itws:745987,hold_protected_v6_overlap,exclude_internal_exact_duplicate,itws:745986,protected_v6:cecco_xxv_sonetto_da_poi_ch_i_non_trovo_messo;protected_v6:cecco_xxvi_anima_mia_cuor_del_mi_corp_amore,rights_pass,Deterministic complete/long/stable-ID precedence selected another exact Wikisource root.,resolved,inactive_pending_cross_archive_freeze
itws4c:894275,itws:894275,hold_duplicate_review,exclude_internal_exact_duplicate,itws:894273,,rights_pass,Deterministic complete/long/stable-ID precedence selected another exact Wikisource root.,resolved,inactive_pending_cross_archive_freeze
itws4c:561549,itws:561549,hold_unresolved_markup,exclude_unresolved_markup,,,rights_pass,Unknown markup may contain or corrupt primary text.,resolved,inactive_pending_cross_archive_freeze
itws4c:194765,itws:194765,hold_unresolved_markup,exclude_unresolved_markup,,,rights_pass,Unknown markup may contain or corrupt primary text.,resolved,inactive_pending_cross_archive_freeze
itws4c:282885,itws:282885,hold_quality_or_editorial_review,exclude_quality_language_or_editorial_hold,,,rights_pass,"Non-removable quality, language-variety, transcription-gap, or editorial evidence remains.",resolved,inactive_pending_cross_archive_freeze
itws4c:392428,itws:392428,hold_missing_transcription,exclude_incomplete_transcription,,,rights_pass,Missing requested transcription pages make the work incomplete.,resolved,inactive_pending_cross_archive_freeze
itws4c:132245,itws:132245,hold_unresolved_markup,exclude_unresolved_markup,,,rights_pass,Unknown markup may contain or corrupt primary text.,resolved,inactive_pending_cross_archive_freeze
itws4c:687001,itws:687001,hold_duplicate_review,exclude_source_rights_unresolved,,,rights_hold_modern_edition_contributor,"Post-1930 edition names a curator, translator, or illustrator whose contribution needs separate rights evidence.",resolved,inactive_pending_cross_archive_freeze
itws4c:961747,itws:961747,hold_missing_transcription,exclude_incomplete_transcription,,,rights_pass,Missing requested transcription pages make the work incomplete.,resolved,inactive_pending_cross_archive_freeze
itws4c:687914,itws:687914,hold_unresolved_markup,exclude_source_rights_unresolved,,,rights_hold_modern_edition_contributor,"Post-1930 edition names a curator, translator, or illustrator whose contribution needs separate rights evidence.",resolved,inactive_pending_cross_archive_freeze
itws4c:91411,itws:91411,hold_unresolved_markup,exclude_unresolved_markup,,,rights_pass,Unknown markup may contain or corrupt primary text.,resolved,inactive_pending_cross_archive_freeze
itws4c:893204,itws:893204,hold_duplicate_review,eligible_inactive_processed_build,,,rights_pass,"Rights, quality, canonicalization, and protected-material gates passed.",resolved,inactive_pending_cross_archive_freeze
itws4c:252520,itws:252520,hold_unresolved_markup,exclude_unresolved_markup,,,rights_pass,Unknown markup may contain or corrupt primary text.,resolved,inactive_pending_cross_archive_freeze
itws4c:980734,itws:980734,hold_duplicate_review,exclude_source_rights_unresolved,,,rights_hold_modern_edition_contributor,"Post-1930 edition names a curator, translator, or illustrator whose contribution needs separate rights evidence.",resolved,inactive_pending_cross_archive_freeze
itws4c:320100,itws:320100,hold_quality_or_editorial_review,exclude_quality_language_or_editorial_hold,,,rights_pass,"Non-removable quality, language-variety, transcription-gap, or editorial evidence remains.",resolved,inactive_pending_cross_archive_freeze
itws4c:405024,itws:405024,hold_unresolved_markup,exclude_unresolved_markup,,,rights_pass,Unknown markup may contain or corrupt primary text.,resolved,inactive_pending_cross_archive_freeze
itws4c:351172,itws:351172,hold_missing_transcription,exclude_incomplete_transcription,,,rights_pass,Missing requested transcription pages make the work incomplete.,resolved,inactive_pending_cross_archive_freeze
itws4c:405054,itws:405054,hold_quality_or_editorial_review,exclude_quality_language_or_editorial_hold,,,rights_pass,"Non-removable quality, language-variety, transcription-gap, or editorial evidence remains.",resolved,inactive_pending_cross_archive_freeze
itws4c:566201,itws:566201,hold_missing_transcription,exclude_incomplete_transcription,,,rights_pass,Missing requested transcription pages make the work incomplete.,resolved,inactive_pending_cross_archive_freeze
itws4c:535514,itws:535514,hold_quality_or_editorial_review,exclude_quality_language_or_editorial_hold,,,rights_pass,"Non-removable quality, language-variety, transcription-gap, or editorial evidence remains.",resolved,inactive_pending_cross_archive_freeze
itws4c:893725,itws:893725,hold_duplicate_review,exclude_internal_exact_duplicate,itws:893721,,rights_pass,Deterministic complete/long/stable-ID precedence selected another exact Wikisource root.,resolved,inactive_pending_cross_archive_freeze
itws4c:891123,itws:891123,hold_quality_or_editorial_review,exclude_quality_language_or_editorial_hold,,,rights_pass,"Non-removable quality, language-variety, transcription-gap, or editorial evidence remains.",resolved,inactive_pending_cross_archive_freeze
itws4c:273329,itws:273329,hold_unresolved_markup,exclude_unresolved_markup,,,rights_pass,Unknown markup may contain or corrupt primary text.,resolved,inactive_pending_cross_archive_freeze
itws4c:21828,itws:21828,hold_unresolved_markup,exclude_unresolved_markup,,,rights_pass,Unknown markup may contain or corrupt primary text.,resolved,inactive_pending_cross_archive_freeze
itws4c:886332,itws:886332,hold_unresolved_markup,exclude_unresolved_markup,,,rights_pass,Unknown markup may contain or corrupt primary text.,resolved,inactive_pending_cross_archive_freeze
itws4c:651924,itws:651924,hold_quality_or_editorial_review,exclude_quality_language_or_editorial_hold,,,rights_pass,"Non-removable quality, language-variety, transcription-gap, or editorial evidence remains.",resolved,inactive_pending_cross_archive_freeze
itws4c:746652,itws:746652,hold_duplicate_review,eligible_inactive_processed_build,,,rights_pass,"Rights, quality, canonicalization, and protected-material gates passed.",resolved,inactive_pending_cross_archive_freeze
itws4c:558417,itws:558417,hold_unresolved_markup,exclude_unresolved_markup,,,rights_pass,Unknown markup may contain or corrupt primary text.,resolved,inactive_pending_cross_archive_freeze
itws4c:48930,itws:48930,hold_unresolved_markup,exclude_unresolved_markup,,,rights_pass,Unknown markup may contain or corrupt primary text.,resolved,inactive_pending_cross_archive_freeze
itws4c:208083,itws:208083,hold_unresolved_markup,exclude_unresolved_markup,,,rights_pass,Unknown markup may contain or corrupt primary text.,resolved,inactive_pending_cross_archive_freeze
itws4c:754455,itws:754455,hold_duplicate_review,exclude_quality_language_or_editorial_hold,,,rights_pass,"Non-removable quality, language-variety, transcription-gap, or editorial evidence remains.",resolved,inactive_pending_cross_archive_freeze
itws4c:746823,itws:746823,hold_duplicate_review,eligible_inactive_processed_build,,,rights_pass,"Rights, quality, canonicalization, and protected-material gates passed.",resolved,inactive_pending_cross_archive_freeze
itws4c:742762,itws:742762,hold_duplicate_review,exclude_no_unique_material_after_segmentation,,,rights_pass,No unique broader text or eligible sonnet remains after segmentation.,resolved,inactive_pending_cross_archive_freeze
itws4c:742768,itws:742768,hold_duplicate_review,eligible_sonnets_only_inactive,,,rights_pass,Only verified unique sonnet artifacts remain after wrapper and duplicate removal.,resolved,inactive_pending_cross_archive_freeze
itws4c:879512,itws:879512,hold_duplicate_review,exclude_internal_exact_duplicate,itws:879511,,rights_pass,Deterministic complete/long/stable-ID precedence selected another exact Wikisource root.,resolved,inactive_pending_cross_archive_freeze
itws4c:879666,itws:879666,hold_duplicate_review,exclude_internal_exact_duplicate,itws:879664,,rights_pass,Deterministic complete/long/stable-ID precedence selected another exact Wikisource root.,resolved,inactive_pending_cross_archive_freeze
itws4c:883558,itws:883558,hold_duplicate_review,exclude_internal_exact_duplicate,itws:883557,,rights_pass,Deterministic complete/long/stable-ID precedence selected another exact Wikisource root.,resolved,inactive_pending_cross_archive_freeze
itws4c:62619,itws:62619,hold_unresolved_markup,exclude_unresolved_markup,,,rights_pass,Unknown markup may contain or corrupt primary text.,resolved,inactive_pending_cross_archive_freeze
itws4c:876377,itws:876377,hold_duplicate_review,exclude_internal_near_duplicate,itws:876376,,rights_pass,Directional containment and deterministic completeness precedence selected another Wikisource root.,resolved,inactive_pending_cross_archive_freeze
itws4c:392431,itws:392431,hold_unresolved_markup,exclude_unresolved_markup,,,rights_pass,Unknown markup may contain or corrupt primary text.,resolved,inactive_pending_cross_archive_freeze
itws4c:916664,itws:916664,hold_duplicate_review,exclude_internal_exact_duplicate,itws:916663,,rights_pass,Deterministic complete/long/stable-ID precedence selected another exact Wikisource root.,resolved,inactive_pending_cross_archive_freeze
itws4c:745960,itws:745960,hold_protected_v6_overlap,exclude_internal_exact_duplicate,itws:170896,protected_v6:cecco_cix_avvegna_ched_i_paghi_l_tu_mirare,rights_pass,Deterministic complete/long/stable-ID precedence selected another exact Wikisource root.,resolved,inactive_pending_cross_archive_freeze
itws4c:106371,itws:106371,hold_unresolved_markup,exclude_unresolved_markup,,,rights_pass,Unknown markup may contain or corrupt primary text.,resolved,inactive_pending_cross_archive_freeze
itws4c:880040,itws:880040,hold_duplicate_review,exclude_internal_exact_duplicate,itws:880035,,rights_pass,Deterministic complete/long/stable-ID precedence selected another exact Wikisource root.,resolved,inactive_pending_cross_archive_freeze
itws4c:746056,itws:746056,hold_protected_v6_overlap,exclude_internal_exact_duplicate,itws:746055,protected_v6:cecco_lxxxiv_se_die_m_aiuti_a_le_sante_guagnele,rights_pass,Deterministic complete/long/stable-ID precedence selected another exact Wikisource root.,resolved,inactive_pending_cross_archive_freeze
itws4c:551680,itws:551680,hold_duplicate_review,exclude_canonical_cross_corpus_duplicate,gutenberg_pass1b:pg29037,,rights_pass,An already resolved project source contains this Wikisource root.,resolved,inactive_pending_cross_archive_freeze
itws4c:746950,itws:746950,hold_duplicate_review,exclude_internal_exact_duplicate,itws:746949,,rights_pass,Deterministic complete/long/stable-ID precedence selected another exact Wikisource root.,resolved,inactive_pending_cross_archive_freeze
itws4c:746010,itws:746010,hold_protected_v6_overlap,eligible_inactive_processed_build,,protected_v6:cecco_xlviii_da_giuda_in_fuor_neuno_sciagurato,rights_pass,"Rights, quality, canonicalization, and protected-material gates passed.",resolved,inactive_pending_cross_archive_freeze
itws4c:746002,itws:746002,hold_unresolved_markup,exclude_unresolved_markup,,,rights_pass,Unknown markup may contain or corrupt primary text.,resolved,inactive_pending_cross_archive_freeze
itws4c:745982,itws:745982,hold_duplicate_review,exclude_internal_exact_duplicate,itws:745981,,rights_pass,Deterministic complete/long/stable-ID precedence selected another exact Wikisource root.,resolved,inactive_pending_cross_archive_freeze
itws4c:746018,itws:746018,hold_duplicate_review,exclude_internal_exact_duplicate,itws:746017,,rights_pass,Deterministic complete/long/stable-ID precedence selected another exact Wikisource root.,resolved,inactive_pending_cross_archive_freeze
itws4c:893727,itws:893727,hold_duplicate_review,exclude_internal_exact_duplicate,itws:893726,,rights_pass,Deterministic complete/long/stable-ID precedence selected another exact Wikisource root.,resolved,inactive_pending_cross_archive_freeze
itws4c:883510,itws:883510,hold_duplicate_review,exclude_internal_exact_duplicate,itws:883509,,rights_pass,Deterministic complete/long/stable-ID precedence selected another exact Wikisource root.,resolved,inactive_pending_cross_archive_freeze
itws4c:877809,itws:877809,hold_quality_or_editorial_review,exclude_quality_language_or_editorial_hold,,,rights_pass,"Non-removable quality, language-variety, transcription-gap, or editorial evidence remains.",resolved,inactive_pending_cross_archive_freeze
itws4c:877326,itws:877326,hold_duplicate_review,eligible_inactive_processed_build,,,rights_pass,"Rights, quality, canonicalization, and protected-material gates passed.",resolved,inactive_pending_cross_archive_freeze
itws4c:883503,itws:883503,hold_duplicate_review,eligible_inactive_processed_build,,,rights_pass,"Rights, quality, canonicalization, and protected-material gates passed.",resolved,inactive_pending_cross_archive_freeze
itws4c:883400,itws:883400,hold_duplicate_review,exclude_internal_exact_duplicate,itws:883398,,rights_pass,Deterministic complete/long/stable-ID precedence selected another exact Wikisource root.,resolved,inactive_pending_cross_archive_freeze
itws4c:892392,itws:892392,hold_duplicate_review,exclude_internal_exact_duplicate,itws:892390,,rights_pass,Deterministic complete/long/stable-ID precedence selected another exact Wikisource root.,resolved,inactive_pending_cross_archive_freeze
itws4c:826930,itws:826930,hold_duplicate_review,exclude_internal_near_duplicate,itws:892390,,rights_pass,Directional containment and deterministic completeness precedence selected another Wikisource root.,resolved,inactive_pending_cross_archive_freeze
itws4c:879984,itws:879984,hold_duplicate_review,exclude_internal_exact_duplicate,itws:879782,,rights_pass,Deterministic complete/long/stable-ID precedence selected another exact Wikisource root.,resolved,inactive_pending_cross_archive_freeze
itws4c:875958,itws:875958,hold_duplicate_review,exclude_internal_exact_duplicate,itws:875957,,rights_pass,Deterministic complete/long/stable-ID precedence selected another exact Wikisource root.,resolved,inactive_pending_cross_archive_freeze
itws4c:879647,itws:879647,hold_duplicate_review,exclude_internal_exact_duplicate,itws:879634,,rights_pass,Deterministic complete/long/stable-ID precedence selected another exact Wikisource root.,resolved,inactive_pending_cross_archive_freeze
itws4c:746696,itws:746696,hold_duplicate_review,exclude_internal_exact_duplicate,itws:746695,,rights_pass,Deterministic complete/long/stable-ID precedence selected another exact Wikisource root.,resolved,inactive_pending_cross_archive_freeze
itws4c:892539,itws:892539,hold_quality_or_editorial_review,exclude_quality_language_or_editorial_hold,,,rights_pass,"Non-removable quality, language-variety, transcription-gap, or editorial evidence remains.",resolved,inactive_pending_cross_archive_freeze
itws4c:509891,itws:509891,hold_missing_transcription,exclude_incomplete_transcription,,,rights_pass,Missing requested transcription pages make the work incomplete.,resolved,inactive_pending_cross_archive_freeze
itws4c:746698,itws:746698,hold_duplicate_review,exclude_internal_exact_duplicate,itws:746697,,rights_pass,Deterministic complete/long/stable-ID precedence selected another exact Wikisource root.,resolved,inactive_pending_cross_archive_freeze
itws4c:466815,itws:466815,hold_quality_or_editorial_review,exclude_quality_language_or_editorial_hold,,,rights_pass,"Non-removable quality, language-variety, transcription-gap, or editorial evidence remains.",resolved,inactive_pending_cross_archive_freeze
itws4c:698287,itws:698287,hold_unresolved_markup,exclude_source_rights_unresolved,,,rights_hold_incomplete_index_provenance,"Index metadata lacks author, year, or source evidence.",resolved,inactive_pending_cross_archive_freeze
itws4c:333853,itws:333853,hold_quality_or_editorial_review,exclude_quality_language_or_editorial_hold,,,rights_pass,"Non-removable quality, language-variety, transcription-gap, or editorial evidence remains.",resolved,inactive_pending_cross_archive_freeze
itws4c:746087,itws:746087,hold_duplicate_review,exclude_internal_exact_duplicate,itws:746086,,rights_pass,Deterministic complete/long/stable-ID precedence selected another exact Wikisource root.,resolved,inactive_pending_cross_archive_freeze
itws4c:873764,itws:873764,hold_unresolved_markup,exclude_unresolved_markup,,,rights_pass,Unknown markup may contain or corrupt primary text.,resolved,inactive_pending_cross_archive_freeze
itws4c:453332,itws:453332,hold_quality_or_editorial_review,exclude_quality_language_or_editorial_hold,,,rights_pass,"Non-removable quality, language-variety, transcription-gap, or editorial evidence remains.",resolved,inactive_pending_cross_archive_freeze
itws4c:627871,itws:627871,hold_unresolved_markup,exclude_unresolved_markup,,,rights_pass,Unknown markup may contain or corrupt primary text.,resolved,inactive_pending_cross_archive_freeze
itws4c:505848,itws:505848,hold_unresolved_markup,exclude_unresolved_markup,,,rights_pass,Unknown markup may contain or corrupt primary text.,resolved,inactive_pending_cross_archive_freeze
itws4c:46798,itws:46798,hold_duplicate_review,exclude_canonical_cross_corpus_duplicate,gutenberg_pass1b:pg22502,,rights_pass,An already resolved project source contains this Wikisource root.,resolved,inactive_pending_cross_archive_freeze
itws4c:626223,itws:626223,hold_unresolved_markup,exclude_source_rights_unresolved,,,rights_hold_incomplete_index_provenance,"Index metadata lacks author, year, or source evidence.",resolved,inactive_pending_cross_archive_freeze
itws4c:626236,itws:626236,hold_unresolved_markup,exclude_source_rights_unresolved,,,rights_hold_incomplete_index_provenance,"Index metadata lacks author, year, or source evidence.",resolved,inactive_pending_cross_archive_freeze
itws4c:626229,itws:626229,hold_unresolved_markup,exclude_source_rights_unresolved,,,rights_hold_incomplete_index_provenance,"Index metadata lacks author, year, or source evidence.",resolved,inactive_pending_cross_archive_freeze
itws4c:11820,itws:11820,hold_duplicate_review,exclude_source_rights_unresolved,,,rights_hold_modern_edition_contributor,"Post-1930 edition names a curator, translator, or illustrator whose contribution needs separate rights evidence.",resolved,inactive_pending_cross_archive_freeze
itws4c:11876,itws:11876,hold_duplicate_review,exclude_source_rights_unresolved,,,rights_hold_modern_edition_contributor,"Post-1930 edition names a curator, translator, or illustrator whose contribution needs separate rights evidence.",resolved,inactive_pending_cross_archive_freeze
itws4c:742702,itws:742702,hold_duplicate_review,exclude_no_unique_material_after_segmentation,,,rights_pass,No unique broader text or eligible sonnet remains after segmentation.,resolved,inactive_pending_cross_archive_freeze
itws4c:746620,itws:746620,hold_duplicate_review,eligible_inactive_processed_build,,,rights_pass,"Rights, quality, canonicalization, and protected-material gates passed.",resolved,inactive_pending_cross_archive_freeze
itws4c:349175,itws:349175,hold_quality_or_editorial_review,exclude_quality_language_or_editorial_hold,,,rights_pass,"Non-removable quality, language-variety, transcription-gap, or editorial evidence remains.",resolved,inactive_pending_cross_archive_freeze
itws4c:6027,itws:6027,hold_quality_or_editorial_review,exclude_quality_language_or_editorial_hold,,,rights_pass,"Non-removable quality, language-variety, transcription-gap, or editorial evidence remains.",resolved,inactive_pending_cross_archive_freeze
itws4c:980236,itws:980236,hold_duplicate_review,exclude_source_rights_unresolved,,,rights_hold_modern_edition_contributor,"Post-1930 edition names a curator, translator, or illustrator whose contribution needs separate rights evidence.",resolved,inactive_pending_cross_archive_freeze
itws4c:880026,itws:880026,hold_duplicate_review,exclude_internal_exact_duplicate,itws:879991,,rights_pass,Deterministic complete/long/stable-ID precedence selected another exact Wikisource root.,resolved,inactive_pending_cross_archive_freeze
itws4c:742719,itws:742719,hold_duplicate_review,exclude_no_unique_material_after_segmentation,,,rights_pass,No unique broader text or eligible sonnet remains after segmentation.,resolved,inactive_pending_cross_archive_freeze
itws4c:552588,itws:552588,hold_unresolved_markup,exclude_unresolved_markup,,,rights_pass,Unknown markup may contain or corrupt primary text.,resolved,inactive_pending_cross_archive_freeze
itws4c:553672,itws:553672,hold_unresolved_markup,exclude_unresolved_markup,,,rights_pass,Unknown markup may contain or corrupt primary text.,resolved,inactive_pending_cross_archive_freeze
itws4c:855103,itws:855103,hold_duplicate_review,exclude_internal_near_duplicate,itws:60494,,rights_pass,Directional containment and deterministic completeness precedence selected another Wikisource root.,resolved,inactive_pending_cross_archive_freeze
itws4c:60494,itws:60494,hold_duplicate_review,eligible_inactive_processed_build,,,rights_pass,"Rights, quality, canonicalization, and protected-material gates passed.",resolved,inactive_pending_cross_archive_freeze
itws4c:30967,itws:30967,hold_duplicate_review,exclude_quality_language_or_editorial_hold,,,rights_pass,"Non-removable quality, language-variety, transcription-gap, or editorial evidence remains.",resolved,inactive_pending_cross_archive_freeze
itws4c:547561,itws:547561,hold_unresolved_markup,exclude_source_rights_unresolved,,,rights_hold_modern_edition_contributor,"Post-1930 edition names a curator, translator, or illustrator whose contribution needs separate rights evidence.",resolved,inactive_pending_cross_archive_freeze
itws4c:984010,itws:984010,hold_unresolved_markup,exclude_unresolved_markup,,,rights_pass,Unknown markup may contain or corrupt primary text.,resolved,inactive_pending_cross_archive_freeze
itws4c:1545,itws:1545,hold_duplicate_review,exclude_source_rights_unresolved,,,rights_hold_incompatible_or_unclear_scan_license,Commons does not explicitly mark the exact scan file public domain and non-copyrighted.,resolved,inactive_pending_cross_archive_freeze
itws4c:742657,itws:742657,hold_duplicate_review,eligible_inactive_processed_build,,,rights_pass,"Rights, quality, canonicalization, and protected-material gates passed.",resolved,inactive_pending_cross_archive_freeze
itws4c:827074,itws:827074,hold_duplicate_review,exclude_internal_near_duplicate,itws:742657,,rights_pass,Directional containment and deterministic completeness precedence selected another Wikisource root.,resolved,inactive_pending_cross_archive_freeze
itws4c:827063,itws:827063,hold_duplicate_review,exclude_canonical_cross_corpus_duplicate,bibit:bibit000469,,rights_pass,An already resolved project source contains this Wikisource root.,resolved,inactive_pending_cross_archive_freeze
itws4c:545585,itws:545585,hold_duplicate_review,exclude_canonical_cross_corpus_duplicate,bibit:bibit001503,,rights_pass,An already resolved project source contains this Wikisource root.,resolved,inactive_pending_cross_archive_freeze
itws4c:551746,itws:551746,hold_duplicate_review,exclude_canonical_cross_corpus_duplicate,bibit:bibit000173,,rights_pass,An already resolved project source contains this Wikisource root.,resolved,inactive_pending_cross_archive_freeze
itws4c:551822,itws:551822,hold_duplicate_review,exclude_quality_language_or_editorial_hold,,,rights_pass,"Non-removable quality, language-variety, transcription-gap, or editorial evidence remains.",resolved,inactive_pending_cross_archive_freeze
itws4c:666361,itws:666361,hold_quality_or_editorial_review,exclude_quality_language_or_editorial_hold,,,rights_pass,"Non-removable quality, language-variety, transcription-gap, or editorial evidence remains.",resolved,inactive_pending_cross_archive_freeze
itws4c:79552,itws:79552,hold_quality_or_editorial_review,exclude_quality_language_or_editorial_hold,,,rights_pass,"Non-removable quality, language-variety, transcription-gap, or editorial evidence remains.",resolved,inactive_pending_cross_archive_freeze
itws4c:78004,itws:78004,hold_quality_or_editorial_review,exclude_quality_language_or_editorial_hold,,,rights_pass,"Non-removable quality, language-variety, transcription-gap, or editorial evidence remains.",resolved,inactive_pending_cross_archive_freeze
itws4c:94236,itws:94236,hold_quality_or_editorial_review,exclude_quality_language_or_editorial_hold,,,rights_pass,"Non-removable quality, language-variety, transcription-gap, or editorial evidence remains.",resolved,inactive_pending_cross_archive_freeze
itws4c:11773,itws:11773,hold_unresolved_markup,exclude_unresolved_markup,,,rights_pass,Unknown markup may contain or corrupt primary text.,resolved,inactive_pending_cross_archive_freeze
itws4c:599627,itws:599627,hold_quality_or_editorial_review,exclude_quality_language_or_editorial_hold,,,rights_pass,"Non-removable quality, language-variety, transcription-gap, or editorial evidence remains.",resolved,inactive_pending_cross_archive_freeze
itws4c:980245,itws:980245,hold_duplicate_review,exclude_source_rights_unresolved,,,rights_hold_modern_edition_contributor,"Post-1930 edition names a curator, translator, or illustrator whose contribution needs separate rights evidence.",resolved,inactive_pending_cross_archive_freeze
itws4c:746028,itws:746028,hold_duplicate_review,exclude_internal_exact_duplicate,itws:746027,,rights_pass,Deterministic complete/long/stable-ID precedence selected another exact Wikisource root.,resolved,inactive_pending_cross_archive_freeze
itws4c:742691,itws:742691,hold_duplicate_review,exclude_internal_exact_duplicate,itws:742690,,rights_pass,Deterministic complete/long/stable-ID precedence selected another exact Wikisource root.,resolved,inactive_pending_cross_archive_freeze
itws4c:554973,itws:554973,hold_quality_or_editorial_review,exclude_quality_language_or_editorial_hold,,,rights_pass,"Non-removable quality, language-variety, transcription-gap, or editorial evidence remains.",resolved,inactive_pending_cross_archive_freeze
itws4c:630872,itws:630872,hold_unresolved_markup,exclude_unresolved_markup,,,rights_pass,Unknown markup may contain or corrupt primary text.,resolved,inactive_pending_cross_archive_freeze
itws4c:584259,itws:584259,hold_unresolved_markup,exclude_unresolved_markup,,,rights_pass,Unknown markup may contain or corrupt primary text.,resolved,inactive_pending_cross_archive_freeze
itws4c:742739,itws:742739,hold_duplicate_review,exclude_no_unique_material_after_segmentation,,,rights_pass,No unique broader text or eligible sonnet remains after segmentation.,resolved,inactive_pending_cross_archive_freeze
itws4c:746108,itws:746108,hold_duplicate_review,eligible_inactive_processed_build,,,rights_pass,"Rights, quality, canonicalization, and protected-material gates passed.",resolved,inactive_pending_cross_archive_freeze
itws4c:742698,itws:742698,hold_duplicate_review,eligible_inactive_processed_build,,,rights_pass,"Rights, quality, canonicalization, and protected-material gates passed.",resolved,inactive_pending_cross_archive_freeze
itws4c:404946,itws:404946,hold_quality_or_editorial_review,exclude_quality_language_or_editorial_hold,,,rights_pass,"Non-removable quality, language-variety, transcription-gap, or editorial evidence remains.",resolved,inactive_pending_cross_archive_freeze
itws4c:746947,itws:746947,hold_duplicate_review,exclude_quality_language_or_editorial_hold,,,rights_pass,"Non-removable quality, language-variety, transcription-gap, or editorial evidence remains.",resolved,inactive_pending_cross_archive_freeze
itws4c:881712,itws:881712,hold_missing_transcription,exclude_incomplete_transcription,,,rights_pass,Missing requested transcription pages make the work incomplete.,resolved,inactive_pending_cross_archive_freeze
itws4c:591170,itws:591170,hold_missing_transcription,exclude_incomplete_transcription,,,rights_pass,Missing requested transcription pages make the work incomplete.,resolved,inactive_pending_cross_archive_freeze
itws4c:660833,itws:660833,hold_quality_or_editorial_review,exclude_quality_language_or_editorial_hold,,,rights_pass,"Non-removable quality, language-variety, transcription-gap, or editorial evidence remains.",resolved,inactive_pending_cross_archive_freeze
itws4c:13637,itws:13637,hold_duplicate_review,exclude_canonical_cross_corpus_duplicate,bibit:bibit001594,,rights_pass,An already resolved project source contains this Wikisource root.,resolved,inactive_pending_cross_archive_freeze
itws4c:883538,itws:883538,hold_duplicate_review,exclude_internal_exact_duplicate,itws:883530,,rights_pass,Deterministic complete/long/stable-ID precedence selected another exact Wikisource root.,resolved,inactive_pending_cross_archive_freeze
itws4c:778442,itws:778442,hold_unresolved_markup,exclude_unresolved_markup,,,rights_pass,Unknown markup may contain or corrupt primary text.,resolved,inactive_pending_cross_archive_freeze
itws4c:269974,itws:269974,hold_duplicate_review,exclude_canonical_cross_corpus_duplicate,gutenberg_previous:pg19429,,rights_pass,An already resolved project source contains this Wikisource root.,resolved,inactive_pending_cross_archive_freeze
itws4c:883530,itws:883530,hold_duplicate_review,eligible_inactive_processed_build,,,rights_pass,"Rights, quality, canonicalization, and protected-material gates passed.",resolved,inactive_pending_cross_archive_freeze
itws4c:826928,itws:826928,hold_duplicate_review,exclude_internal_near_duplicate,itws:880101,,rights_pass,Directional containment and deterministic completeness precedence selected another Wikisource root.,resolved,inactive_pending_cross_archive_freeze
itws4c:880098,itws:880098,hold_duplicate_review,eligible_inactive_processed_build,,,rights_pass,"Rights, quality, canonicalization, and protected-material gates passed.",resolved,inactive_pending_cross_archive_freeze
itws4c:880099,itws:880099,hold_duplicate_review,exclude_internal_exact_duplicate,itws:880098,,rights_pass,Deterministic complete/long/stable-ID precedence selected another exact Wikisource root.,resolved,inactive_pending_cross_archive_freeze
itws4c:881836,itws:881836,hold_duplicate_review,exclude_internal_exact_duplicate,itws:881832,,rights_pass,Deterministic complete/long/stable-ID precedence selected another exact Wikisource root.,resolved,inactive_pending_cross_archive_freeze
itws4c:875972,itws:875972,hold_duplicate_review,exclude_internal_exact_duplicate,itws:875969,,rights_pass,Deterministic complete/long/stable-ID precedence selected another exact Wikisource root.,resolved,inactive_pending_cross_archive_freeze
itws4c:875974,itws:875974,hold_duplicate_review,exclude_internal_exact_duplicate,itws:875969,,rights_pass,Deterministic complete/long/stable-ID precedence selected another exact Wikisource root.,resolved,inactive_pending_cross_archive_freeze
itws4c:880048,itws:880048,hold_duplicate_review,exclude_internal_exact_duplicate,itws:880045,,rights_pass,Deterministic complete/long/stable-ID precedence selected another exact Wikisource root.,resolved,inactive_pending_cross_archive_freeze
itws4c:67260,itws:67260,hold_duplicate_review,exclude_source_rights_unresolved,,,rights_hold_modern_edition_contributor,"Post-1930 edition names a curator, translator, or illustrator whose contribution needs separate rights evidence.",resolved,inactive_pending_cross_archive_freeze
itws4c:67274,itws:67274,hold_duplicate_review,exclude_source_rights_unresolved,,,rights_hold_modern_edition_contributor,"Post-1930 edition names a curator, translator, or illustrator whose contribution needs separate rights evidence.",resolved,inactive_pending_cross_archive_freeze
itws4c:883405,itws:883405,hold_duplicate_review,eligible_inactive_processed_build,,,rights_pass,"Rights, quality, canonicalization, and protected-material gates passed.",resolved,inactive_pending_cross_archive_freeze
itws4c:1003682,itws:1003682,hold_duplicate_review,exclude_internal_near_duplicate,itws:1003708,,rights_pass,Directional containment and deterministic completeness precedence selected another Wikisource root.,resolved,inactive_pending_cross_archive_freeze
itws4c:1003708,itws:1003708,hold_duplicate_review,exclude_no_unique_material_after_segmentation,,,rights_pass,No unique broader text or eligible sonnet remains after segmentation.,resolved,inactive_pending_cross_archive_freeze
itws4c:746850,itws:746850,hold_duplicate_review,exclude_internal_exact_duplicate,itws:746849,,rights_pass,Deterministic complete/long/stable-ID precedence selected another exact Wikisource root.,resolved,inactive_pending_cross_archive_freeze
itws4c:746975,itws:746975,hold_duplicate_review,exclude_internal_exact_duplicate,itws:746974,,rights_pass,Deterministic complete/long/stable-ID precedence selected another exact Wikisource root.,resolved,inactive_pending_cross_archive_freeze
itws4c:746107,itws:746107,hold_duplicate_review,exclude_internal_exact_duplicate,itws:746106,,rights_pass,Deterministic complete/long/stable-ID precedence selected another exact Wikisource root.,resolved,inactive_pending_cross_archive_freeze
itws4c:746679,itws:746679,hold_duplicate_review,eligible_inactive_processed_build,,,rights_pass,"Rights, quality, canonicalization, and protected-material gates passed.",resolved,inactive_pending_cross_archive_freeze
itws4c:746067,itws:746067,hold_duplicate_review,exclude_internal_exact_duplicate,itws:746066,,rights_pass,Deterministic complete/long/stable-ID precedence selected another exact Wikisource root.,resolved,inactive_pending_cross_archive_freeze
itws4c:883540,itws:883540,hold_duplicate_review,exclude_internal_exact_duplicate,itws:883530,,rights_pass,Deterministic complete/long/stable-ID precedence selected another exact Wikisource root.,resolved,inactive_pending_cross_archive_freeze
itws4c:880052,itws:880052,hold_duplicate_review,exclude_internal_exact_duplicate,itws:880045,,rights_pass,Deterministic complete/long/stable-ID precedence selected another exact Wikisource root.,resolved,inactive_pending_cross_archive_freeze
itws4c:879552,itws:879552,hold_duplicate_review,exclude_internal_exact_duplicate,itws:879526,,rights_pass,Deterministic complete/long/stable-ID precedence selected another exact Wikisource root.,resolved,inactive_pending_cross_archive_freeze
itws4c:746612,itws:746612,hold_duplicate_review,eligible_inactive_processed_build,,,rights_pass,"Rights, quality, canonicalization, and protected-material gates passed.",resolved,inactive_pending_cross_archive_freeze
itws4c:746001,itws:746001,hold_duplicate_review,exclude_internal_exact_duplicate,itws:746000,,rights_pass,Deterministic complete/long/stable-ID precedence selected another exact Wikisource root.,resolved,inactive_pending_cross_archive_freeze
itws4c:875964,itws:875964,hold_duplicate_review,exclude_internal_exact_duplicate,itws:875957,,rights_pass,Deterministic complete/long/stable-ID precedence selected another exact Wikisource root.,resolved,inactive_pending_cross_archive_freeze
itws4c:875979,itws:875979,hold_duplicate_review,exclude_internal_exact_duplicate,itws:875978,,rights_pass,Deterministic complete/long/stable-ID precedence selected another exact Wikisource root.,resolved,inactive_pending_cross_archive_freeze
itws4c:745974,itws:745974,hold_protected_v6_overlap,exclude_internal_exact_duplicate,itws:745973,protected_v6:cecco_xiv_chi_vol_vantaggio_aver_a_l_altre_genti,rights_pass,Deterministic complete/long/stable-ID precedence selected another exact Wikisource root.,resolved,inactive_pending_cross_archive_freeze
itws4c:833339,itws:833339,hold_quality_or_editorial_review,exclude_quality_language_or_editorial_hold,,,rights_pass,"Non-removable quality, language-variety, transcription-gap, or editorial evidence remains.",resolved,inactive_pending_cross_archive_freeze
itws4c:746838,itws:746838,hold_duplicate_review,exclude_internal_exact_duplicate,itws:746837,,rights_pass,Deterministic complete/long/stable-ID precedence selected another exact Wikisource root.,resolved,inactive_pending_cross_archive_freeze
itws4c:742730,itws:742730,hold_duplicate_review,eligible_sonnets_only_inactive,,,rights_pass,Only verified unique sonnet artifacts remain after wrapper and duplicate removal.,resolved,inactive_pending_cross_archive_freeze
itws4c:899134,itws:899134,hold_unresolved_markup,exclude_unresolved_markup,,,rights_pass,Unknown markup may contain or corrupt primary text.,resolved,inactive_pending_cross_archive_freeze
itws4c:483001,itws:483001,hold_unresolved_markup,exclude_unresolved_markup,,,rights_pass,Unknown markup may contain or corrupt primary text.,resolved,inactive_pending_cross_archive_freeze
itws4c:746851,itws:746851,hold_duplicate_review,eligible_inactive_processed_build,,,rights_pass,"Rights, quality, canonicalization, and protected-material gates passed.",resolved,inactive_pending_cross_archive_freeze
itws4c:745972,itws:745972,hold_duplicate_review,exclude_internal_exact_duplicate,itws:745971,,rights_pass,Deterministic complete/long/stable-ID precedence selected another exact Wikisource root.,resolved,inactive_pending_cross_archive_freeze
itws4c:746824,itws:746824,hold_duplicate_review,exclude_internal_exact_duplicate,itws:746823,,rights_pass,Deterministic complete/long/stable-ID precedence selected another exact Wikisource root.,resolved,inactive_pending_cross_archive_freeze
itws4c:836013,itws:836013,hold_duplicate_review,exclude_quality_language_or_editorial_hold,,,rights_pass,"Non-removable quality, language-variety, transcription-gap, or editorial evidence remains.",resolved,inactive_pending_cross_archive_freeze
itws4c:452276,itws:452276,hold_unresolved_markup,exclude_unresolved_markup,,,rights_pass,Unknown markup may contain or corrupt primary text.,resolved,inactive_pending_cross_archive_freeze
itws4c:883524,itws:883524,hold_duplicate_review,exclude_internal_exact_duplicate,itws:883520,,rights_pass,Deterministic complete/long/stable-ID precedence selected another exact Wikisource root.,resolved,inactive_pending_cross_archive_freeze
itws4c:881832,itws:881832,hold_duplicate_review,eligible_inactive_processed_build,,,rights_pass,"Rights, quality, canonicalization, and protected-material gates passed.",resolved,inactive_pending_cross_archive_freeze
itws4c:253742,itws:253742,hold_quality_or_editorial_review,exclude_quality_language_or_editorial_hold,,,rights_pass,"Non-removable quality, language-variety, transcription-gap, or editorial evidence remains.",resolved,inactive_pending_cross_archive_freeze
itws4c:746606,itws:746606,hold_duplicate_review,exclude_internal_exact_duplicate,itws:746605,,rights_pass,Deterministic complete/long/stable-ID precedence selected another exact Wikisource root.,resolved,inactive_pending_cross_archive_freeze
itws4c:879992,itws:879992,hold_duplicate_review,exclude_internal_exact_duplicate,itws:879991,,rights_pass,Deterministic complete/long/stable-ID precedence selected another exact Wikisource root.,resolved,inactive_pending_cross_archive_freeze
itws4c:746874,itws:746874,hold_duplicate_review,exclude_internal_exact_duplicate,itws:746873,,rights_pass,Deterministic complete/long/stable-ID precedence selected another exact Wikisource root.,resolved,inactive_pending_cross_archive_freeze
itws4c:746628,itws:746628,hold_duplicate_review,eligible_inactive_processed_build,,,rights_pass,"Rights, quality, canonicalization, and protected-material gates passed.",resolved,inactive_pending_cross_archive_freeze
itws4c:615655,itws:615655,hold_quality_or_editorial_review,exclude_quality_language_or_editorial_hold,,,rights_pass,"Non-removable quality, language-variety, transcription-gap, or editorial evidence remains.",resolved,inactive_pending_cross_archive_freeze
itws4c:85193,itws:85193,hold_empty_extraction,exclude_empty_extraction,,,rights_pass,No primary text remains.,resolved,inactive_pending_cross_archive_freeze
itws4c:590938,itws:590938,hold_quality_or_editorial_review,exclude_quality_language_or_editorial_hold,,,rights_pass,"Non-removable quality, language-variety, transcription-gap, or editorial evidence remains.",resolved,inactive_pending_cross_archive_freeze
itws4c:590815,itws:590815,hold_unresolved_markup,exclude_unresolved_markup,,,rights_pass,Unknown markup may contain or corrupt primary text.,resolved,inactive_pending_cross_archive_freeze
itws4c:409042,itws:409042,hold_empty_extraction,exclude_empty_extraction,,,rights_pass,No primary text remains.,resolved,inactive_pending_cross_archive_freeze
itws4c:212486,itws:212486,hold_unresolved_markup,exclude_unresolved_markup,,,rights_pass,Unknown markup may contain or corrupt primary text.,resolved,inactive_pending_cross_archive_freeze
itws4c:364827,itws:364827,hold_quality_or_editorial_review,exclude_quality_language_or_editorial_hold,,,rights_pass,"Non-removable quality, language-variety, transcription-gap, or editorial evidence remains.",resolved,inactive_pending_cross_archive_freeze
itws4c:742737,itws:742737,hold_duplicate_review,exclude_no_unique_material_after_segmentation,,,rights_pass,No unique broader text or eligible sonnet remains after segmentation.,resolved,inactive_pending_cross_archive_freeze
itws4c:805333,itws:805333,hold_duplicate_review,exclude_source_rights_unresolved,,,rights_hold_modern_edition_contributor,"Post-1930 edition names a curator, translator, or illustrator whose contribution needs separate rights evidence.",resolved,inactive_pending_cross_archive_freeze
itws4c:759192,itws:759192,hold_quality_or_editorial_review,exclude_quality_language_or_editorial_hold,,,rights_pass,"Non-removable quality, language-variety, transcription-gap, or editorial evidence remains.",resolved,inactive_pending_cross_archive_freeze
itws4c:679220,itws:679220,hold_unresolved_markup,exclude_unresolved_markup,,,rights_pass,Unknown markup may contain or corrupt primary text.,resolved,inactive_pending_cross_archive_freeze
itws4c:699408,itws:699408,hold_unresolved_markup,exclude_unresolved_markup,,,rights_pass,Unknown markup may contain or corrupt primary text.,resolved,inactive_pending_cross_archive_freeze
itws4c:746680,itws:746680,hold_duplicate_review,exclude_internal_exact_duplicate,itws:746679,,rights_pass,Deterministic complete/long/stable-ID precedence selected another exact Wikisource root.,resolved,inactive_pending_cross_archive_freeze
itws4c:746049,itws:746049,hold_duplicate_review,eligible_inactive_processed_build,,,rights_pass,"Rights, quality, canonicalization, and protected-material gates passed.",resolved,inactive_pending_cross_archive_freeze
itws4c:883619,itws:883619,hold_duplicate_review,exclude_internal_exact_duplicate,itws:883617,,rights_pass,Deterministic complete/long/stable-ID precedence selected another exact Wikisource root.,resolved,inactive_pending_cross_archive_freeze
itws4c:883622,itws:883622,hold_duplicate_review,exclude_internal_exact_duplicate,itws:881828,,rights_pass,Deterministic complete/long/stable-ID precedence selected another exact Wikisource root.,resolved,inactive_pending_cross_archive_freeze
itws4c:746685,itws:746685,hold_duplicate_review,eligible_inactive_processed_build,,,rights_pass,"Rights, quality, canonicalization, and protected-material gates passed.",resolved,inactive_pending_cross_archive_freeze
itws4c:75353,itws:75353,hold_unresolved_markup,exclude_unresolved_markup,,,rights_pass,Unknown markup may contain or corrupt primary text.,resolved,inactive_pending_cross_archive_freeze
itws4c:985861,itws:985861,hold_missing_transcription,exclude_incomplete_transcription,,,rights_pass,Missing requested transcription pages make the work incomplete.,resolved,inactive_pending_cross_archive_freeze
itws4c:880101,itws:880101,hold_duplicate_review,eligible_inactive_processed_build,,,rights_pass,"Rights, quality, canonicalization, and protected-material gates passed.",resolved,inactive_pending_cross_archive_freeze
itws4c:880023,itws:880023,hold_duplicate_review,eligible_inactive_processed_build,,,rights_pass,"Rights, quality, canonicalization, and protected-material gates passed.",resolved,inactive_pending_cross_archive_freeze
itws4c:72789,itws:72789,hold_duplicate_review,exclude_source_rights_unresolved,,,rights_hold_modern_edition_contributor,"Post-1930 edition names a curator, translator, or illustrator whose contribution needs separate rights evidence.",resolved,inactive_pending_cross_archive_freeze
itws4c:533078,itws:533078,hold_quality_or_editorial_review,exclude_quality_language_or_editorial_hold,,,rights_pass,"Non-removable quality, language-variety, transcription-gap, or editorial evidence remains.",resolved,inactive_pending_cross_archive_freeze
itws4c:696142,itws:696142,hold_quality_or_editorial_review,exclude_quality_language_or_editorial_hold,,,rights_pass,"Non-removable quality, language-variety, transcription-gap, or editorial evidence remains.",resolved,inactive_pending_cross_archive_freeze
itws4c:746657,itws:746657,hold_duplicate_review,exclude_internal_exact_duplicate,itws:746656,,rights_pass,Deterministic complete/long/stable-ID precedence selected another exact Wikisource root.,resolved,inactive_pending_cross_archive_freeze
itws4c:634208,itws:634208,hold_unresolved_markup,exclude_unresolved_markup,,,rights_pass,Unknown markup may contain or corrupt primary text.,resolved,inactive_pending_cross_archive_freeze
itws4c:634222,itws:634222,hold_unresolved_markup,exclude_unresolved_markup,,,rights_pass,Unknown markup may contain or corrupt primary text.,resolved,inactive_pending_cross_archive_freeze
itws4c:634214,itws:634214,hold_unresolved_markup,exclude_unresolved_markup,,,rights_pass,Unknown markup may contain or corrupt primary text.,resolved,inactive_pending_cross_archive_freeze
itws4c:242425,itws:242425,hold_unresolved_markup,exclude_unresolved_markup,,,rights_pass,Unknown markup may contain or corrupt primary text.,resolved,inactive_pending_cross_archive_freeze
itws4c:892390,itws:892390,hold_duplicate_review,eligible_inactive_processed_build,,,rights_pass,"Rights, quality, canonicalization, and protected-material gates passed.",resolved,inactive_pending_cross_archive_freeze
itws4c:746956,itws:746956,hold_duplicate_review,exclude_internal_exact_duplicate,itws:746955,,rights_pass,Deterministic complete/long/stable-ID precedence selected another exact Wikisource root.,resolved,inactive_pending_cross_archive_freeze
itws4c:883536,itws:883536,hold_duplicate_review,exclude_internal_exact_duplicate,itws:883530,,rights_pass,Deterministic complete/long/stable-ID precedence selected another exact Wikisource root.,resolved,inactive_pending_cross_archive_freeze
itws4c:742759,itws:742759,hold_duplicate_review,exclude_internal_exact_duplicate,itws:742758,,rights_pass,Deterministic complete/long/stable-ID precedence selected another exact Wikisource root.,resolved,inactive_pending_cross_archive_freeze
itws4c:890868,itws:890868,hold_duplicate_review,eligible_inactive_processed_build,,,rights_pass,"Rights, quality, canonicalization, and protected-material gates passed.",resolved,inactive_pending_cross_archive_freeze
itws4c:826932,itws:826932,hold_duplicate_review,exclude_internal_near_duplicate,itws:890868,,rights_pass,Directional containment and deterministic completeness precedence selected another Wikisource root.,resolved,inactive_pending_cross_archive_freeze
itws4c:746035,itws:746035,hold_duplicate_review,eligible_inactive_processed_build,,,rights_pass,"Rights, quality, canonicalization, and protected-material gates passed.",resolved,inactive_pending_cross_archive_freeze
itws4c:879634,itws:879634,hold_duplicate_review,eligible_inactive_processed_build,,,rights_pass,"Rights, quality, canonicalization, and protected-material gates passed.",resolved,inactive_pending_cross_archive_freeze
itws4c:304785,itws:304785,hold_unresolved_markup,exclude_unresolved_markup,,,rights_pass,Unknown markup may contain or corrupt primary text.,resolved,inactive_pending_cross_archive_freeze
itws4c:980215,itws:980215,hold_duplicate_review,exclude_source_rights_unresolved,,,rights_hold_modern_edition_contributor,"Post-1930 edition names a curator, translator, or illustrator whose contribution needs separate rights evidence.",resolved,inactive_pending_cross_archive_freeze
itws4c:1003645,itws:1003645,hold_duplicate_review,exclude_internal_near_duplicate,itws:1003713,,rights_pass,Directional containment and deterministic completeness precedence selected another Wikisource root.,resolved,inactive_pending_cross_archive_freeze
itws4c:1003713,itws:1003713,hold_duplicate_review,exclude_no_unique_material_after_segmentation,,,rights_pass,No unique broader text or eligible sonnet remains after segmentation.,resolved,inactive_pending_cross_archive_freeze
itws4c:805334,itws:805334,hold_duplicate_review,exclude_source_rights_unresolved,,,rights_hold_modern_edition_contributor,"Post-1930 edition names a curator, translator, or illustrator whose contribution needs separate rights evidence.",resolved,inactive_pending_cross_archive_freeze
itws4c:746783,itws:746783,hold_duplicate_review,exclude_internal_exact_duplicate,itws:746782,,rights_pass,Deterministic complete/long/stable-ID precedence selected another exact Wikisource root.,resolved,inactive_pending_cross_archive_freeze
itws4c:746021,itws:746021,hold_duplicate_review,eligible_inactive_processed_build,,,rights_pass,"Rights, quality, canonicalization, and protected-material gates passed.",resolved,inactive_pending_cross_archive_freeze
itws4c:746803,itws:746803,hold_duplicate_review,eligible_inactive_processed_build,,,rights_pass,"Rights, quality, canonicalization, and protected-material gates passed.",resolved,inactive_pending_cross_archive_freeze
itws4c:820944,itws:820944,hold_unresolved_markup,exclude_unresolved_markup,,,rights_pass,Unknown markup may contain or corrupt primary text.,resolved,inactive_pending_cross_archive_freeze
itws4c:961143,itws:961143,hold_unresolved_markup,exclude_unresolved_markup,,,rights_pass,Unknown markup may contain or corrupt primary text.,resolved,inactive_pending_cross_archive_freeze
itws4c:317162,itws:317162,hold_quality_or_editorial_review,exclude_quality_language_or_editorial_hold,,,rights_pass,"Non-removable quality, language-variety, transcription-gap, or editorial evidence remains.",resolved,inactive_pending_cross_archive_freeze
itws4c:746848,itws:746848,hold_duplicate_review,exclude_internal_exact_duplicate,itws:746847,,rights_pass,Deterministic complete/long/stable-ID precedence selected another exact Wikisource root.,resolved,inactive_pending_cross_archive_freeze
itws4c:394558,itws:394558,hold_duplicate_review,exclude_canonical_cross_corpus_duplicate,bibit:bibit000341,,rights_pass,An already resolved project source contains this Wikisource root.,resolved,inactive_pending_cross_archive_freeze
itws4c:244208,itws:244208,hold_unresolved_markup,exclude_unresolved_markup,,,rights_pass,Unknown markup may contain or corrupt primary text.,resolved,inactive_pending_cross_archive_freeze
itws4c:746825,itws:746825,hold_duplicate_review,eligible_inactive_processed_build,,,rights_pass,"Rights, quality, canonicalization, and protected-material gates passed.",resolved,inactive_pending_cross_archive_freeze
itws4c:8992,itws:8992,hold_missing_transcription,exclude_incomplete_transcription,,,rights_pass,Missing requested transcription pages make the work incomplete.,resolved,inactive_pending_cross_archive_freeze
itws4c:211465,itws:211465,hold_duplicate_review,exclude_quality_language_or_editorial_hold,,,rights_pass,"Non-removable quality, language-variety, transcription-gap, or editorial evidence remains.",resolved,inactive_pending_cross_archive_freeze
itws4c:121828,itws:121828,hold_quality_or_editorial_review,exclude_quality_language_or_editorial_hold,,,rights_pass,"Non-removable quality, language-variety, transcription-gap, or editorial evidence remains.",resolved,inactive_pending_cross_archive_freeze
itws4c:746678,itws:746678,hold_duplicate_review,exclude_internal_exact_duplicate,itws:746677,,rights_pass,Deterministic complete/long/stable-ID precedence selected another exact Wikisource root.,resolved,inactive_pending_cross_archive_freeze
itws4c:880100,itws:880100,hold_duplicate_review,exclude_internal_exact_duplicate,itws:880098,,rights_pass,Deterministic complete/long/stable-ID precedence selected another exact Wikisource root.,resolved,inactive_pending_cross_archive_freeze
itws4c:746608,itws:746608,hold_duplicate_review,eligible_inactive_processed_build,,,rights_pass,"Rights, quality, canonicalization, and protected-material gates passed.",resolved,inactive_pending_cross_archive_freeze
itws4c:746622,itws:746622,hold_duplicate_review,eligible_inactive_processed_build,,,rights_pass,"Rights, quality, canonicalization, and protected-material gates passed.",resolved,inactive_pending_cross_archive_freeze
itws4c:746011,itws:746011,hold_protected_v6_overlap,exclude_internal_exact_duplicate,itws:746010,protected_v6:cecco_xlviii_da_giuda_in_fuor_neuno_sciagurato,rights_pass,Deterministic complete/long/stable-ID precedence selected another exact Wikisource root.,resolved,inactive_pending_cross_archive_freeze
itws4c:745981,itws:745981,hold_duplicate_review,eligible_inactive_processed_build,,,rights_pass,"Rights, quality, canonicalization, and protected-material gates passed.",resolved,inactive_pending_cross_archive_freeze
itws4c:301783,itws:301783,hold_unresolved_markup,exclude_unresolved_markup,,,rights_pass,Unknown markup may contain or corrupt primary text.,resolved,inactive_pending_cross_archive_freeze
itws4c:746082,itws:746082,hold_duplicate_review,eligible_inactive_processed_build,,,rights_pass,"Rights, quality, canonicalization, and protected-material gates passed.",resolved,inactive_pending_cross_archive_freeze
itws4c:876588,itws:876588,hold_duplicate_review,exclude_internal_exact_duplicate,itws:876587,,rights_pass,Deterministic complete/long/stable-ID precedence selected another exact Wikisource root.,resolved,inactive_pending_cross_archive_freeze
itws4c:304047,itws:304047,hold_unresolved_markup,exclude_unresolved_markup,,,rights_pass,Unknown markup may contain or corrupt primary text.,resolved,inactive_pending_cross_archive_freeze
itws4c:893983,itws:893983,hold_duplicate_review,exclude_internal_exact_duplicate,itws:893958,,rights_pass,Deterministic complete/long/stable-ID precedence selected another exact Wikisource root.,resolved,inactive_pending_cross_archive_freeze
itws4c:891738,itws:891738,hold_duplicate_review,eligible_inactive_processed_build,,,rights_pass,"Rights, quality, canonicalization, and protected-material gates passed.",resolved,inactive_pending_cross_archive_freeze
itws4c:838040,itws:838040,hold_duplicate_review,eligible_inactive_processed_build,,,rights_pass,"Rights, quality, canonicalization, and protected-material gates passed.",resolved,inactive_pending_cross_archive_freeze
itws4c:548260,itws:548260,hold_quality_or_editorial_review,exclude_quality_language_or_editorial_hold,,,rights_pass,"Non-removable quality, language-variety, transcription-gap, or editorial evidence remains.",resolved,inactive_pending_cross_archive_freeze
itws4c:842000,itws:842000,hold_unresolved_markup,exclude_unresolved_markup,,,rights_pass,Unknown markup may contain or corrupt primary text.,resolved,inactive_pending_cross_archive_freeze
itws4c:746094,itws:746094,hold_duplicate_review,eligible_inactive_processed_build,,,rights_pass,"Rights, quality, canonicalization, and protected-material gates passed.",resolved,inactive_pending_cross_archive_freeze
itws4c:746095,itws:746095,hold_duplicate_review,exclude_internal_exact_duplicate,itws:746094,,rights_pass,Deterministic complete/long/stable-ID precedence selected another exact Wikisource root.,resolved,inactive_pending_cross_archive_freeze
itws4c:20779,itws:20779,hold_duplicate_review,exclude_source_rights_unresolved,,,rights_hold_modern_edition_contributor,"Post-1930 edition names a curator, translator, or illustrator whose contribution needs separate rights evidence.",resolved,inactive_pending_cross_archive_freeze
itws4c:89537,itws:89537,hold_quality_or_editorial_review,exclude_quality_language_or_editorial_hold,,,rights_pass,"Non-removable quality, language-variety, transcription-gap, or editorial evidence remains.",resolved,inactive_pending_cross_archive_freeze
itws4c:169037,itws:169037,hold_missing_transcription,exclude_incomplete_transcription,,,rights_pass,Missing requested transcription pages make the work incomplete.,resolved,inactive_pending_cross_archive_freeze
itws4c:895083,itws:895083,hold_quality_or_editorial_review,exclude_quality_language_or_editorial_hold,,,rights_pass,"Non-removable quality, language-variety, transcription-gap, or editorial evidence remains.",resolved,inactive_pending_cross_archive_freeze
itws4c:62080,itws:62080,hold_duplicate_review,exclude_source_rights_unresolved,,,rights_hold_modern_edition_contributor,"Post-1930 edition names a curator, translator, or illustrator whose contribution needs separate rights evidence.",resolved,inactive_pending_cross_archive_freeze
itws4c:960326,itws:960326,hold_unresolved_markup,exclude_unresolved_markup,,,rights_pass,Unknown markup may contain or corrupt primary text.,resolved,inactive_pending_cross_archive_freeze
itws4c:530942,itws:530942,hold_unresolved_markup,exclude_unresolved_markup,,,rights_pass,Unknown markup may contain or corrupt primary text.,resolved,inactive_pending_cross_archive_freeze
itws4c:746098,itws:746098,hold_duplicate_review,eligible_inactive_processed_build,,,rights_pass,"Rights, quality, canonicalization, and protected-material gates passed.",resolved,inactive_pending_cross_archive_freeze
itws4c:35766,itws:35766,hold_quality_or_editorial_review,exclude_quality_language_or_editorial_hold,,,rights_pass,"Non-removable quality, language-variety, transcription-gap, or editorial evidence remains.",resolved,inactive_pending_cross_archive_freeze
itws4c:883357,itws:883357,hold_duplicate_review,exclude_internal_exact_duplicate,itws:883356,,rights_pass,Deterministic complete/long/stable-ID precedence selected another exact Wikisource root.,resolved,inactive_pending_cross_archive_freeze
itws4c:742726,itws:742726,hold_duplicate_review,exclude_no_unique_material_after_segmentation,,,rights_pass,No unique broader text or eligible sonnet remains after segmentation.,resolved,inactive_pending_cross_archive_freeze
itws4c:1713,itws:1713,hold_unresolved_markup,exclude_unresolved_markup,,,rights_pass,Unknown markup may contain or corrupt primary text.,resolved,inactive_pending_cross_archive_freeze
itws4c:68853,itws:68853,hold_quality_or_editorial_review,exclude_quality_language_or_editorial_hold,,,rights_pass,"Non-removable quality, language-variety, transcription-gap, or editorial evidence remains.",resolved,inactive_pending_cross_archive_freeze
itws4c:742701,itws:742701,hold_duplicate_review,exclude_internal_exact_duplicate,itws:742700,,rights_pass,Deterministic complete/long/stable-ID precedence selected another exact Wikisource root.,resolved,inactive_pending_cross_archive_freeze
itws4c:244031,itws:244031,hold_quality_or_editorial_review,exclude_source_rights_unresolved,,,rights_hold_incomplete_index_provenance,"Index metadata lacks author, year, or source evidence.",resolved,inactive_pending_cross_archive_freeze
itws4c:91851,itws:91851,hold_unresolved_markup,exclude_unresolved_markup,,,rights_pass,Unknown markup may contain or corrupt primary text.,resolved,inactive_pending_cross_archive_freeze
itws4c:392441,itws:392441,hold_unresolved_markup,exclude_unresolved_markup,,,rights_pass,Unknown markup may contain or corrupt primary text.,resolved,inactive_pending_cross_archive_freeze
itws4c:883533,itws:883533,hold_duplicate_review,exclude_internal_exact_duplicate,itws:883530,,rights_pass,Deterministic complete/long/stable-ID precedence selected another exact Wikisource root.,resolved,inactive_pending_cross_archive_freeze
itws4c:745994,itws:745994,hold_duplicate_review,eligible_inactive_processed_build,,,rights_pass,"Rights, quality, canonicalization, and protected-material gates passed.",resolved,inactive_pending_cross_archive_freeze
itws4c:883537,itws:883537,hold_duplicate_review,exclude_internal_exact_duplicate,itws:883530,,rights_pass,Deterministic complete/long/stable-ID precedence selected another exact Wikisource root.,resolved,inactive_pending_cross_archive_freeze
itws4c:746966,itws:746966,hold_duplicate_review,exclude_internal_exact_duplicate,itws:746965,,rights_pass,Deterministic complete/long/stable-ID precedence selected another exact Wikisource root.,resolved,inactive_pending_cross_archive_freeze
itws4c:894039,itws:894039,hold_missing_transcription,exclude_incomplete_transcription,,,rights_pass,Missing requested transcription pages make the work incomplete.,resolved,inactive_pending_cross_archive_freeze
itws4c:186250,itws:186250,hold_quality_or_editorial_review,exclude_quality_language_or_editorial_hold,,,rights_pass,"Non-removable quality, language-variety, transcription-gap, or editorial evidence remains.",resolved,inactive_pending_cross_archive_freeze
itws4c:340128,itws:340128,hold_unresolved_markup,exclude_unresolved_markup,,,rights_pass,Unknown markup may contain or corrupt primary text.,resolved,inactive_pending_cross_archive_freeze
itws4c:62088,itws:62088,hold_duplicate_review,exclude_source_rights_unresolved,,,rights_hold_modern_edition_contributor,"Post-1930 edition names a curator, translator, or illustrator whose contribution needs separate rights evidence.",resolved,inactive_pending_cross_archive_freeze
itws4c:861762,itws:861762,hold_quality_or_editorial_review,exclude_quality_language_or_editorial_hold,,,rights_pass,"Non-removable quality, language-variety, transcription-gap, or editorial evidence remains.",resolved,inactive_pending_cross_archive_freeze
itws4c:518239,itws:518239,hold_quality_or_editorial_review,exclude_quality_language_or_editorial_hold,,,rights_pass,"Non-removable quality, language-variety, transcription-gap, or editorial evidence remains.",resolved,inactive_pending_cross_archive_freeze
itws4c:67245,itws:67245,hold_protected_v6_overlap,exclude_source_rights_unresolved,,protected_v6:sannazaro_del_funesto_arbor_l_ombre_oscure_e_spesse,rights_hold_modern_edition_contributor,"Post-1930 edition names a curator, translator, or illustrator whose contribution needs separate rights evidence.",resolved,inactive_pending_cross_archive_freeze
itws4c:879975,itws:879975,hold_duplicate_review,exclude_internal_exact_duplicate,itws:879961,,rights_pass,Deterministic complete/long/stable-ID precedence selected another exact Wikisource root.,resolved,inactive_pending_cross_archive_freeze
itws4c:532447,itws:532447,hold_unresolved_markup,exclude_unresolved_markup,,,rights_pass,Unknown markup may contain or corrupt primary text.,resolved,inactive_pending_cross_archive_freeze
itws4c:746955,itws:746955,hold_duplicate_review,eligible_inactive_processed_build,,,rights_pass,"Rights, quality, canonicalization, and protected-material gates passed.",resolved,inactive_pending_cross_archive_freeze
itws4c:767506,itws:767506,hold_quality_or_editorial_review,exclude_source_rights_unresolved,,,rights_hold_modern_edition_contributor,"Post-1930 edition names a curator, translator, or illustrator whose contribution needs separate rights evidence.",resolved,inactive_pending_cross_archive_freeze
itws4c:68484,itws:68484,hold_unresolved_markup,exclude_unresolved_markup,,,rights_pass,Unknown markup may contain or corrupt primary text.,resolved,inactive_pending_cross_archive_freeze
itws4c:393328,itws:393328,hold_unresolved_markup,exclude_unresolved_markup,,,rights_pass,Unknown markup may contain or corrupt primary text.,resolved,inactive_pending_cross_archive_freeze
itws4c:637192,itws:637192,hold_unresolved_markup,exclude_unresolved_markup,,,rights_pass,Unknown markup may contain or corrupt primary text.,resolved,inactive_pending_cross_archive_freeze
itws4c:637200,itws:637200,hold_duplicate_review,exclude_internal_exact_duplicate,itws:637197,,rights_pass,Deterministic complete/long/stable-ID precedence selected another exact Wikisource root.,resolved,inactive_pending_cross_archive_freeze
itws4c:637197,itws:637197,hold_duplicate_review,eligible_inactive_processed_build,,,rights_pass,"Rights, quality, canonicalization, and protected-material gates passed.",resolved,inactive_pending_cross_archive_freeze
itws4c:137019,itws:137019,hold_quality_or_editorial_review,exclude_quality_language_or_editorial_hold,,,rights_pass,"Non-removable quality, language-variety, transcription-gap, or editorial evidence remains.",resolved,inactive_pending_cross_archive_freeze
itws4c:187090,itws:187090,hold_quality_or_editorial_review,exclude_quality_language_or_editorial_hold,,,rights_pass,"Non-removable quality, language-variety, transcription-gap, or editorial evidence remains.",resolved,inactive_pending_cross_archive_freeze
itws4c:848225,itws:848225,hold_quality_or_editorial_review,exclude_quality_language_or_editorial_hold,,,rights_pass,"Non-removable quality, language-variety, transcription-gap, or editorial evidence remains.",resolved,inactive_pending_cross_archive_freeze
itws4c:670684,itws:670684,hold_duplicate_review,exclude_quality_language_or_editorial_hold,,,rights_pass,"Non-removable quality, language-variety, transcription-gap, or editorial evidence remains.",resolved,inactive_pending_cross_archive_freeze
itws4c:62723,itws:62723,hold_duplicate_review,exclude_canonical_cross_corpus_duplicate,bibit:bibit000656,,rights_pass,An already resolved project source contains this Wikisource root.,resolved,inactive_pending_cross_archive_freeze
itws4c:847433,itws:847433,hold_missing_transcription,exclude_incomplete_transcription,,,rights_pass,Missing requested transcription pages make the work incomplete.,resolved,inactive_pending_cross_archive_freeze
itws4c:45994,itws:45994,hold_quality_or_editorial_review,exclude_quality_language_or_editorial_hold,,,rights_pass,"Non-removable quality, language-variety, transcription-gap, or editorial evidence remains.",resolved,inactive_pending_cross_archive_freeze
itws4c:368290,itws:368290,hold_unresolved_markup,exclude_unresolved_markup,,,rights_pass,Unknown markup may contain or corrupt primary text.,resolved,inactive_pending_cross_archive_freeze
itws4c:1007912,itws:1007912,hold_quality_or_editorial_review,exclude_quality_language_or_editorial_hold,,,rights_pass,"Non-removable quality, language-variety, transcription-gap, or editorial evidence remains.",resolved,inactive_pending_cross_archive_freeze
itws4c:552563,itws:552563,hold_duplicate_review,exclude_quality_language_or_editorial_hold,,,rights_pass,"Non-removable quality, language-variety, transcription-gap, or editorial evidence remains.",resolved,inactive_pending_cross_archive_freeze
itws4c:487843,itws:487843,hold_unresolved_markup,exclude_unresolved_markup,,,rights_pass,Unknown markup may contain or corrupt primary text.,resolved,inactive_pending_cross_archive_freeze
itws4c:611896,itws:611896,hold_quality_or_editorial_review,exclude_quality_language_or_editorial_hold,,,rights_pass,"Non-removable quality, language-variety, transcription-gap, or editorial evidence remains.",resolved,inactive_pending_cross_archive_freeze
itws4c:538431,itws:538431,hold_unresolved_markup,exclude_unresolved_markup,,,rights_pass,Unknown markup may contain or corrupt primary text.,resolved,inactive_pending_cross_archive_freeze
itws4c:515018,itws:515018,hold_unresolved_markup,exclude_unresolved_markup,,,rights_pass,Unknown markup may contain or corrupt primary text.,resolved,inactive_pending_cross_archive_freeze
itws4c:537124,itws:537124,hold_quality_or_editorial_review,exclude_quality_language_or_editorial_hold,,,rights_pass,"Non-removable quality, language-variety, transcription-gap, or editorial evidence remains.",resolved,inactive_pending_cross_archive_freeze
itws4c:567515,itws:567515,hold_missing_transcription,exclude_incomplete_transcription,,,rights_pass,Missing requested transcription pages make the work incomplete.,resolved,inactive_pending_cross_archive_freeze
itws4c:91548,itws:91548,hold_unresolved_markup,exclude_unresolved_markup,,,rights_pass,Unknown markup may contain or corrupt primary text.,resolved,inactive_pending_cross_archive_freeze
itws4c:394143,itws:394143,hold_missing_transcription,exclude_incomplete_transcription,,,rights_pass,Missing requested transcription pages make the work incomplete.,resolved,inactive_pending_cross_archive_freeze
itws4c:91732,itws:91732,hold_quality_or_editorial_review,exclude_quality_language_or_editorial_hold,,,rights_pass,"Non-removable quality, language-variety, transcription-gap, or editorial evidence remains.",resolved,inactive_pending_cross_archive_freeze
itws4c:91496,itws:91496,hold_quality_or_editorial_review,exclude_quality_language_or_editorial_hold,,,rights_pass,"Non-removable quality, language-variety, transcription-gap, or editorial evidence remains.",resolved,inactive_pending_cross_archive_freeze
itws4c:586153,itws:586153,hold_duplicate_review,exclude_quality_language_or_editorial_hold,,,rights_pass,"Non-removable quality, language-variety, transcription-gap, or editorial evidence remains.",resolved,inactive_pending_cross_archive_freeze
itws4c:32850,itws:32850,hold_quality_or_editorial_review,exclude_quality_language_or_editorial_hold,,,rights_pass,"Non-removable quality, language-variety, transcription-gap, or editorial evidence remains.",resolved,inactive_pending_cross_archive_freeze
itws4c:746810,itws:746810,hold_duplicate_review,exclude_internal_exact_duplicate,itws:746809,,rights_pass,Deterministic complete/long/stable-ID precedence selected another exact Wikisource root.,resolved,inactive_pending_cross_archive_freeze
itws4c:339951,itws:339951,hold_quality_or_editorial_review,exclude_quality_language_or_editorial_hold,,,rights_pass,"Non-removable quality, language-variety, transcription-gap, or editorial evidence remains.",resolved,inactive_pending_cross_archive_freeze
itws4c:200403,itws:200403,hold_unresolved_markup,exclude_unresolved_markup,,,rights_pass,Unknown markup may contain or corrupt primary text.,resolved,inactive_pending_cross_archive_freeze
itws4c:742686,itws:742686,hold_duplicate_review,eligible_sonnets_only_inactive,,,rights_pass,Only verified unique sonnet artifacts remain after wrapper and duplicate removal.,resolved,inactive_pending_cross_archive_freeze
itws4c:746973,itws:746973,hold_unresolved_markup,exclude_unresolved_markup,,,rights_pass,Unknown markup may contain or corrupt primary text.,resolved,inactive_pending_cross_archive_freeze
itws4c:891735,itws:891735,hold_duplicate_review,eligible_inactive_processed_build,,,rights_pass,"Rights, quality, canonicalization, and protected-material gates passed.",resolved,inactive_pending_cross_archive_freeze
itws4c:883517,itws:883517,hold_duplicate_review,exclude_internal_exact_duplicate,itws:883509,,rights_pass,Deterministic complete/long/stable-ID precedence selected another exact Wikisource root.,resolved,inactive_pending_cross_archive_freeze
itws4c:894284,itws:894284,hold_duplicate_review,eligible_inactive_processed_build,,,rights_pass,"Rights, quality, canonicalization, and protected-material gates passed.",resolved,inactive_pending_cross_archive_freeze
itws4c:746039,itws:746039,hold_duplicate_review,eligible_inactive_processed_build,,,rights_pass,"Rights, quality, canonicalization, and protected-material gates passed.",resolved,inactive_pending_cross_archive_freeze
itws4c:540084,itws:540084,hold_duplicate_review,exclude_canonical_cross_corpus_duplicate,gutenberg_previous:pg20094,,rights_pass,An already resolved project source contains this Wikisource root.,resolved,inactive_pending_cross_archive_freeze
itws4c:255702,itws:255702,hold_unresolved_markup,exclude_unresolved_markup,,,rights_pass,Unknown markup may contain or corrupt primary text.,resolved,inactive_pending_cross_archive_freeze
itws4c:121943,itws:121943,hold_quality_or_editorial_review,exclude_quality_language_or_editorial_hold,,,rights_pass,"Non-removable quality, language-variety, transcription-gap, or editorial evidence remains.",resolved,inactive_pending_cross_archive_freeze
itws4c:217556,itws:217556,hold_unresolved_markup,exclude_unresolved_markup,,,rights_pass,Unknown markup may contain or corrupt primary text.,resolved,inactive_pending_cross_archive_freeze
itws4c:78798,itws:78798,hold_unresolved_markup,exclude_unresolved_markup,,,rights_pass,Unknown markup may contain or corrupt primary text.,resolved,inactive_pending_cross_archive_freeze
itws4c:697287,itws:697287,hold_duplicate_review,exclude_quality_language_or_editorial_hold,,,rights_pass,"Non-removable quality, language-variety, transcription-gap, or editorial evidence remains.",resolved,inactive_pending_cross_archive_freeze
itws4c:630101,itws:630101,hold_unresolved_markup,exclude_unresolved_markup,,,rights_pass,Unknown markup may contain or corrupt primary text.,resolved,inactive_pending_cross_archive_freeze
itws4c:630104,itws:630104,hold_unresolved_markup,exclude_unresolved_markup,,,rights_pass,Unknown markup may contain or corrupt primary text.,resolved,inactive_pending_cross_archive_freeze
itws4c:630103,itws:630103,hold_unresolved_markup,exclude_unresolved_markup,,,rights_pass,Unknown markup may contain or corrupt primary text.,resolved,inactive_pending_cross_archive_freeze
itws4c:336084,itws:336084,hold_unresolved_markup,exclude_unresolved_markup,,,rights_pass,Unknown markup may contain or corrupt primary text.,resolved,inactive_pending_cross_archive_freeze
itws4c:875982,itws:875982,hold_duplicate_review,exclude_internal_exact_duplicate,itws:875978,,rights_pass,Deterministic complete/long/stable-ID precedence selected another exact Wikisource root.,resolved,inactive_pending_cross_archive_freeze
itws4c:742696,itws:742696,hold_duplicate_review,eligible_sonnets_only_inactive,,,rights_pass,Only verified unique sonnet artifacts remain after wrapper and duplicate removal.,resolved,inactive_pending_cross_archive_freeze
itws4c:106536,itws:106536,hold_unresolved_markup,exclude_unresolved_markup,,,rights_pass,Unknown markup may contain or corrupt primary text.,resolved,inactive_pending_cross_archive_freeze
itws4c:746852,itws:746852,hold_duplicate_review,exclude_internal_exact_duplicate,itws:746851,,rights_pass,Deterministic complete/long/stable-ID precedence selected another exact Wikisource root.,resolved,inactive_pending_cross_archive_freeze
itws4c:68438,itws:68438,hold_quality_or_editorial_review,exclude_quality_language_or_editorial_hold,,,rights_pass,"Non-removable quality, language-variety, transcription-gap, or editorial evidence remains.",resolved,inactive_pending_cross_archive_freeze
itws4c:742711,itws:742711,hold_duplicate_review,exclude_internal_exact_duplicate,itws:742710,,rights_pass,Deterministic complete/long/stable-ID precedence selected another exact Wikisource root.,resolved,inactive_pending_cross_archive_freeze
itws4c:482781,itws:482781,hold_unresolved_markup,exclude_unresolved_markup,,,rights_pass,Unknown markup may contain or corrupt primary text.,resolved,inactive_pending_cross_archive_freeze
itws4c:135400,itws:135400,hold_unresolved_markup,exclude_unresolved_markup,,,rights_pass,Unknown markup may contain or corrupt primary text.,resolved,inactive_pending_cross_archive_freeze
itws4c:22950,itws:22950,hold_unresolved_markup,exclude_unresolved_markup,,,rights_pass,Unknown markup may contain or corrupt primary text.,resolved,inactive_pending_cross_archive_freeze
itws4c:327399,itws:327399,hold_missing_transcription,exclude_incomplete_transcription,,,rights_pass,Missing requested transcription pages make the work incomplete.,resolved,inactive_pending_cross_archive_freeze
itws4c:285050,itws:285050,hold_unresolved_markup,exclude_unresolved_markup,,,rights_pass,Unknown markup may contain or corrupt primary text.,resolved,inactive_pending_cross_archive_freeze
itws4c:474977,itws:474977,hold_missing_transcription,exclude_incomplete_transcription,,,rights_pass,Missing requested transcription pages make the work incomplete.,resolved,inactive_pending_cross_archive_freeze
itws4c:318086,itws:318086,hold_unresolved_markup,exclude_unresolved_markup,,,rights_pass,Unknown markup may contain or corrupt primary text.,resolved,inactive_pending_cross_archive_freeze
itws4c:27911,itws:27911,hold_unresolved_markup,exclude_unresolved_markup,,,rights_pass,Unknown markup may contain or corrupt primary text.,resolved,inactive_pending_cross_archive_freeze
itws4c:448415,itws:448415,hold_quality_or_editorial_review,exclude_quality_language_or_editorial_hold,,,rights_pass,"Non-removable quality, language-variety, transcription-gap, or editorial evidence remains.",resolved,inactive_pending_cross_archive_freeze
itws4c:879662,itws:879662,hold_duplicate_review,exclude_internal_exact_duplicate,itws:879634,,rights_pass,Deterministic complete/long/stable-ID precedence selected another exact Wikisource root.,resolved,inactive_pending_cross_archive_freeze
itws4c:392409,itws:392409,hold_quality_or_editorial_review,exclude_quality_language_or_editorial_hold,,,rights_pass,"Non-removable quality, language-variety, transcription-gap, or editorial evidence remains.",resolved,inactive_pending_cross_archive_freeze
itws4c:746876,itws:746876,hold_duplicate_review,eligible_inactive_processed_build,,,rights_pass,"Rights, quality, canonicalization, and protected-material gates passed.",resolved,inactive_pending_cross_archive_freeze
itws4c:770228,itws:770228,hold_duplicate_review,exclude_source_rights_unresolved,,,rights_hold_modern_edition_contributor,"Post-1930 edition names a curator, translator, or illustrator whose contribution needs separate rights evidence.",resolved,inactive_pending_cross_archive_freeze
itws4c:535535,itws:535535,hold_missing_transcription,exclude_incomplete_transcription,,,rights_pass,Missing requested transcription pages make the work incomplete.,resolved,inactive_pending_cross_archive_freeze
itws4c:695569,itws:695569,hold_quality_or_editorial_review,exclude_quality_language_or_editorial_hold,,,rights_pass,"Non-removable quality, language-variety, transcription-gap, or editorial evidence remains.",resolved,inactive_pending_cross_archive_freeze
itws4c:440572,itws:440572,hold_quality_or_editorial_review,exclude_quality_language_or_editorial_hold,,,rights_pass,"Non-removable quality, language-variety, transcription-gap, or editorial evidence remains.",resolved,inactive_pending_cross_archive_freeze
itws4c:546264,itws:546264,hold_unresolved_markup,exclude_unresolved_markup,,,rights_pass,Unknown markup may contain or corrupt primary text.,resolved,inactive_pending_cross_archive_freeze
itws4c:893996,itws:893996,hold_duplicate_review,exclude_internal_exact_duplicate,itws:893994,,rights_pass,Deterministic complete/long/stable-ID precedence selected another exact Wikisource root.,resolved,inactive_pending_cross_archive_freeze
itws4c:893988,itws:893988,hold_duplicate_review,exclude_internal_exact_duplicate,itws:893986,,rights_pass,Deterministic complete/long/stable-ID precedence selected another exact Wikisource root.,resolved,inactive_pending_cross_archive_freeze
itws4c:893994,itws:893994,hold_duplicate_review,eligible_inactive_processed_build,,,rights_pass,"Rights, quality, canonicalization, and protected-material gates passed.",resolved,inactive_pending_cross_archive_freeze
itws4c:742784,itws:742784,hold_duplicate_review,exclude_internal_exact_duplicate,itws:742783,,rights_pass,Deterministic complete/long/stable-ID precedence selected another exact Wikisource root.,resolved,inactive_pending_cross_archive_freeze
itws4c:13649,itws:13649,hold_duplicate_review,exclude_canonical_cross_corpus_duplicate,bibit:bibit000621,,rights_pass,An already resolved project source contains this Wikisource root.,resolved,inactive_pending_cross_archive_freeze
itws4c:687265,itws:687265,hold_duplicate_review,exclude_source_rights_unresolved,,,rights_hold_modern_edition_contributor,"Post-1930 edition names a curator, translator, or illustrator whose contribution needs separate rights evidence.",resolved,inactive_pending_cross_archive_freeze
itws4c:6567,itws:6567,hold_quality_or_editorial_review,exclude_quality_language_or_editorial_hold,,,rights_pass,"Non-removable quality, language-variety, transcription-gap, or editorial evidence remains.",resolved,inactive_pending_cross_archive_freeze
itws4c:880748,itws:880748,hold_quality_or_editorial_review,exclude_quality_language_or_editorial_hold,,,rights_pass,"Non-removable quality, language-variety, transcription-gap, or editorial evidence remains.",resolved,inactive_pending_cross_archive_freeze
itws4c:418295,itws:418295,hold_duplicate_review,exclude_quality_language_or_editorial_hold,,,rights_pass,"Non-removable quality, language-variety, transcription-gap, or editorial evidence remains.",resolved,inactive_pending_cross_archive_freeze
itws4c:746812,itws:746812,hold_duplicate_review,exclude_internal_exact_duplicate,itws:746811,,rights_pass,Deterministic complete/long/stable-ID precedence selected another exact Wikisource root.,resolved,inactive_pending_cross_archive_freeze
itws4c:879511,itws:879511,hold_duplicate_review,eligible_inactive_processed_build,,,rights_pass,"Rights, quality, canonicalization, and protected-material gates passed.",resolved,inactive_pending_cross_archive_freeze
itws4c:875963,itws:875963,hold_duplicate_review,exclude_internal_exact_duplicate,itws:875957,,rights_pass,Deterministic complete/long/stable-ID precedence selected another exact Wikisource root.,resolved,inactive_pending_cross_archive_freeze
itws4c:568877,itws:568877,hold_unresolved_markup,exclude_unresolved_markup,,,rights_pass,Unknown markup may contain or corrupt primary text.,resolved,inactive_pending_cross_archive_freeze
itws4c:883541,itws:883541,hold_duplicate_review,eligible_inactive_processed_build,,,rights_pass,"Rights, quality, canonicalization, and protected-material gates passed.",resolved,inactive_pending_cross_archive_freeze
itws4c:746785,itws:746785,hold_duplicate_review,exclude_internal_exact_duplicate,itws:746784,,rights_pass,Deterministic complete/long/stable-ID precedence selected another exact Wikisource root.,resolved,inactive_pending_cross_archive_freeze
itws4c:742733,itws:742733,hold_duplicate_review,exclude_internal_exact_duplicate,itws:742732,,rights_pass,Deterministic complete/long/stable-ID precedence selected another exact Wikisource root.,resolved,inactive_pending_cross_archive_freeze
itws4c:603392,itws:603392,hold_quality_or_editorial_review,exclude_quality_language_or_editorial_hold,,,rights_pass,"Non-removable quality, language-variety, transcription-gap, or editorial evidence remains.",resolved,inactive_pending_cross_archive_freeze
itws4c:494325,itws:494325,hold_quality_or_editorial_review,exclude_quality_language_or_editorial_hold,,,rights_pass,"Non-removable quality, language-variety, transcription-gap, or editorial evidence remains.",resolved,inactive_pending_cross_archive_freeze
itws4c:875959,itws:875959,hold_duplicate_review,exclude_internal_exact_duplicate,itws:875957,,rights_pass,Deterministic complete/long/stable-ID precedence selected another exact Wikisource root.,resolved,inactive_pending_cross_archive_freeze
itws4c:31739,itws:31739,hold_duplicate_review,exclude_quality_language_or_editorial_hold,,,rights_pass,"Non-removable quality, language-variety, transcription-gap, or editorial evidence remains.",resolved,inactive_pending_cross_archive_freeze
itws4c:777217,itws:777217,hold_unresolved_markup,exclude_unresolved_markup,,,rights_pass,Unknown markup may contain or corrupt primary text.,resolved,inactive_pending_cross_archive_freeze
itws4c:746631,itws:746631,hold_duplicate_review,exclude_internal_exact_duplicate,itws:746630,,rights_pass,Deterministic complete/long/stable-ID precedence selected another exact Wikisource root.,resolved,inactive_pending_cross_archive_freeze
itws4c:746617,itws:746617,hold_duplicate_review,exclude_internal_exact_duplicate,itws:746616,,rights_pass,Deterministic complete/long/stable-ID precedence selected another exact Wikisource root.,resolved,inactive_pending_cross_archive_freeze
itws4c:340667,itws:340667,hold_missing_transcription,exclude_incomplete_transcription,,,rights_pass,Missing requested transcription pages make the work incomplete.,resolved,inactive_pending_cross_archive_freeze
itws4c:879972,itws:879972,hold_duplicate_review,exclude_internal_exact_duplicate,itws:879961,,rights_pass,Deterministic complete/long/stable-ID precedence selected another exact Wikisource root.,resolved,inactive_pending_cross_archive_freeze
itws4c:742690,itws:742690,hold_duplicate_review,exclude_no_unique_material_after_segmentation,,,rights_pass,No unique broader text or eligible sonnet remains after segmentation.,resolved,inactive_pending_cross_archive_freeze
itws4c:746605,itws:746605,hold_duplicate_review,eligible_inactive_processed_build,,,rights_pass,"Rights, quality, canonicalization, and protected-material gates passed.",resolved,inactive_pending_cross_archive_freeze
itws4c:30586,itws:30586,hold_duplicate_review,exclude_quality_language_or_editorial_hold,,,rights_pass,"Non-removable quality, language-variety, transcription-gap, or editorial evidence remains.",resolved,inactive_pending_cross_archive_freeze
itws4c:329197,itws:329197,hold_duplicate_review,eligible_inactive_processed_build,,,rights_pass,"Rights, quality, canonicalization, and protected-material gates passed.",resolved,inactive_pending_cross_archive_freeze
itws4c:266813,itws:266813,hold_missing_transcription,exclude_incomplete_transcription,,,rights_pass,Missing requested transcription pages make the work incomplete.,resolved,inactive_pending_cross_archive_freeze
itws4c:602434,itws:602434,hold_quality_or_editorial_review,exclude_quality_language_or_editorial_hold,,,rights_pass,"Non-removable quality, language-variety, transcription-gap, or editorial evidence remains.",resolved,inactive_pending_cross_archive_freeze
itws4c:746076,itws:746076,hold_duplicate_review,eligible_inactive_processed_build,,,rights_pass,"Rights, quality, canonicalization, and protected-material gates passed.",resolved,inactive_pending_cross_archive_freeze
itws4c:879531,itws:879531,hold_duplicate_review,exclude_internal_exact_duplicate,itws:879526,,rights_pass,Deterministic complete/long/stable-ID precedence selected another exact Wikisource root.,resolved,inactive_pending_cross_archive_freeze
itws4c:893956,itws:893956,hold_duplicate_review,exclude_internal_exact_duplicate,itws:893954,,rights_pass,Deterministic complete/long/stable-ID precedence selected another exact Wikisource root.,resolved,inactive_pending_cross_archive_freeze
itws4c:742765,itws:742765,hold_duplicate_review,exclude_internal_exact_duplicate,itws:742764,,rights_pass,Deterministic complete/long/stable-ID precedence selected another exact Wikisource root.,resolved,inactive_pending_cross_archive_freeze
itws4c:742723,itws:742723,hold_unresolved_markup,exclude_unresolved_markup,,,rights_pass,Unknown markup may contain or corrupt primary text.,resolved,inactive_pending_cross_archive_freeze
itws4c:894277,itws:894277,hold_duplicate_review,eligible_inactive_processed_build,,,rights_pass,"Rights, quality, canonicalization, and protected-material gates passed.",resolved,inactive_pending_cross_archive_freeze
itws4c:742738,itws:742738,hold_duplicate_review,exclude_internal_exact_duplicate,itws:742737,,rights_pass,Deterministic complete/long/stable-ID precedence selected another exact Wikisource root.,resolved,inactive_pending_cross_archive_freeze
itws4c:742715,itws:742715,hold_duplicate_review,exclude_internal_exact_duplicate,itws:742714,,rights_pass,Deterministic complete/long/stable-ID precedence selected another exact Wikisource root.,resolved,inactive_pending_cross_archive_freeze
itws4c:746939,itws:746939,hold_duplicate_review,eligible_inactive_processed_build,,,rights_pass,"Rights, quality, canonicalization, and protected-material gates passed.",resolved,inactive_pending_cross_archive_freeze
itws4c:742776,itws:742776,hold_duplicate_review,exclude_internal_exact_duplicate,itws:742775,,rights_pass,Deterministic complete/long/stable-ID precedence selected another exact Wikisource root.,resolved,inactive_pending_cross_archive_freeze
itws4c:746009,itws:746009,hold_duplicate_review,exclude_internal_exact_duplicate,itws:746008,,rights_pass,Deterministic complete/long/stable-ID precedence selected another exact Wikisource root.,resolved,inactive_pending_cross_archive_freeze
itws4c:745970,itws:745970,hold_duplicate_review,exclude_internal_exact_duplicate,itws:82994,,rights_pass,Deterministic complete/long/stable-ID precedence selected another exact Wikisource root.,resolved,inactive_pending_cross_archive_freeze
itws4c:746029,itws:746029,hold_duplicate_review,eligible_inactive_processed_build,,,rights_pass,"Rights, quality, canonicalization, and protected-material gates passed.",resolved,inactive_pending_cross_archive_freeze
itws4c:745983,itws:745983,hold_duplicate_review,eligible_inactive_processed_build,,,rights_pass,"Rights, quality, canonicalization, and protected-material gates passed.",resolved,inactive_pending_cross_archive_freeze
itws4c:273326,itws:273326,hold_unresolved_markup,exclude_unresolved_markup,,,rights_pass,Unknown markup may contain or corrupt primary text.,resolved,inactive_pending_cross_archive_freeze
itws4c:62096,itws:62096,hold_duplicate_review,exclude_source_rights_unresolved,,,rights_hold_modern_edition_contributor,"Post-1930 edition names a curator, translator, or illustrator whose contribution needs separate rights evidence.",resolved,inactive_pending_cross_archive_freeze
itws4c:891737,itws:891737,hold_duplicate_review,exclude_internal_near_duplicate,itws:891735,,rights_pass,Directional containment and deterministic completeness precedence selected another Wikisource root.,resolved,inactive_pending_cross_archive_freeze
itws4c:891742,itws:891742,hold_duplicate_review,eligible_inactive_processed_build,,,rights_pass,"Rights, quality, canonicalization, and protected-material gates passed.",resolved,inactive_pending_cross_archive_freeze
itws4c:876587,itws:876587,hold_duplicate_review,eligible_inactive_processed_build,,,rights_pass,"Rights, quality, canonicalization, and protected-material gates passed.",resolved,inactive_pending_cross_archive_freeze
itws4c:893954,itws:893954,hold_duplicate_review,eligible_inactive_processed_build,,,rights_pass,"Rights, quality, canonicalization, and protected-material gates passed.",resolved,inactive_pending_cross_archive_freeze
itws4c:237127,itws:237127,hold_unresolved_markup,exclude_unresolved_markup,,,rights_pass,Unknown markup may contain or corrupt primary text.,resolved,inactive_pending_cross_archive_freeze
itws4c:832980,itws:832980,hold_unresolved_markup,exclude_unresolved_markup,,,rights_pass,Unknown markup may contain or corrupt primary text.,resolved,inactive_pending_cross_archive_freeze
itws4c:741936,itws:741936,hold_unresolved_markup,exclude_unresolved_markup,,,rights_pass,Unknown markup may contain or corrupt primary text.,resolved,inactive_pending_cross_archive_freeze
itws4c:378479,itws:378479,hold_quality_or_editorial_review,exclude_quality_language_or_editorial_hold,,,rights_pass,"Non-removable quality, language-variety, transcription-gap, or editorial evidence remains.",resolved,inactive_pending_cross_archive_freeze
itws4c:746053,itws:746053,hold_duplicate_review,eligible_inactive_processed_build,,,rights_pass,"Rights, quality, canonicalization, and protected-material gates passed.",resolved,inactive_pending_cross_archive_freeze
itws4c:745965,itws:745965,hold_duplicate_review,exclude_internal_exact_duplicate,itws:745964,,rights_pass,Deterministic complete/long/stable-ID precedence selected another exact Wikisource root.,resolved,inactive_pending_cross_archive_freeze
itws4c:746104,itws:746104,hold_duplicate_review,eligible_inactive_processed_build,,,rights_pass,"Rights, quality, canonicalization, and protected-material gates passed.",resolved,inactive_pending_cross_archive_freeze
itws4c:584267,itws:584267,hold_missing_transcription,exclude_incomplete_transcription,,,rights_pass,Missing requested transcription pages make the work incomplete.,resolved,inactive_pending_cross_archive_freeze
itws4c:746089,itws:746089,hold_duplicate_review,exclude_internal_exact_duplicate,itws:746088,,rights_pass,Deterministic complete/long/stable-ID precedence selected another exact Wikisource root.,resolved,inactive_pending_cross_archive_freeze
itws4c:746954,itws:746954,hold_duplicate_review,exclude_internal_exact_duplicate,itws:746953,,rights_pass,Deterministic complete/long/stable-ID precedence selected another exact Wikisource root.,resolved,inactive_pending_cross_archive_freeze
itws4c:530788,itws:530788,hold_empty_extraction,exclude_empty_extraction,,,rights_pass,No primary text remains.,resolved,inactive_pending_cross_archive_freeze
itws4c:530857,itws:530857,hold_duplicate_review,exclude_internal_exact_duplicate,itws:530856,,rights_pass,Deterministic complete/long/stable-ID precedence selected another exact Wikisource root.,resolved,inactive_pending_cross_archive_freeze
itws4c:530856,itws:530856,hold_duplicate_review,eligible_inactive_processed_build,,,rights_pass,"Rights, quality, canonicalization, and protected-material gates passed.",resolved,inactive_pending_cross_archive_freeze
itws4c:746935,itws:746935,hold_duplicate_review,eligible_inactive_processed_build,,,rights_pass,"Rights, quality, canonicalization, and protected-material gates passed.",resolved,inactive_pending_cross_archive_freeze
itws4c:746943,itws:746943,hold_duplicate_review,eligible_inactive_processed_build,,,rights_pass,"Rights, quality, canonicalization, and protected-material gates passed.",resolved,inactive_pending_cross_archive_freeze
itws4c:746625,itws:746625,hold_duplicate_review,exclude_internal_exact_duplicate,itws:746624,,rights_pass,Deterministic complete/long/stable-ID precedence selected another exact Wikisource root.,resolved,inactive_pending_cross_archive_freeze
itws4c:20970,itws:20970,hold_duplicate_review,exclude_quality_language_or_editorial_hold,,,rights_pass,"Non-removable quality, language-variety, transcription-gap, or editorial evidence remains.",resolved,inactive_pending_cross_archive_freeze
itws4c:518232,itws:518232,hold_duplicate_review,exclude_quality_language_or_editorial_hold,,,rights_pass,"Non-removable quality, language-variety, transcription-gap, or editorial evidence remains.",resolved,inactive_pending_cross_archive_freeze
itws4c:36498,itws:36498,hold_quality_or_editorial_review,exclude_quality_language_or_editorial_hold,,,rights_pass,"Non-removable quality, language-variety, transcription-gap, or editorial evidence remains.",resolved,inactive_pending_cross_archive_freeze
itws4c:780505,itws:780505,hold_unresolved_markup,exclude_unresolved_markup,,,rights_pass,Unknown markup may contain or corrupt primary text.,resolved,inactive_pending_cross_archive_freeze
itws4c:886413,itws:886413,hold_quality_or_editorial_review,exclude_quality_language_or_editorial_hold,,,rights_pass,"Non-removable quality, language-variety, transcription-gap, or editorial evidence remains.",resolved,inactive_pending_cross_archive_freeze
itws4c:881736,itws:881736,hold_quality_or_editorial_review,exclude_quality_language_or_editorial_hold,,,rights_pass,"Non-removable quality, language-variety, transcription-gap, or editorial evidence remains.",resolved,inactive_pending_cross_archive_freeze
itws4c:746809,itws:746809,hold_duplicate_review,eligible_inactive_processed_build,,,rights_pass,"Rights, quality, canonicalization, and protected-material gates passed.",resolved,inactive_pending_cross_archive_freeze
itws4c:745979,itws:745979,hold_duplicate_review,eligible_inactive_processed_build,,,rights_pass,"Rights, quality, canonicalization, and protected-material gates passed.",resolved,inactive_pending_cross_archive_freeze
itws4c:746682,itws:746682,hold_duplicate_review,exclude_internal_exact_duplicate,itws:746681,,rights_pass,Deterministic complete/long/stable-ID precedence selected another exact Wikisource root.,resolved,inactive_pending_cross_archive_freeze
itws4c:746833,itws:746833,hold_duplicate_review,eligible_inactive_processed_build,,,rights_pass,"Rights, quality, canonicalization, and protected-material gates passed.",resolved,inactive_pending_cross_archive_freeze
itws4c:20787,itws:20787,hold_duplicate_review,exclude_source_rights_unresolved,,,rights_hold_modern_edition_contributor,"Post-1930 edition names a curator, translator, or illustrator whose contribution needs separate rights evidence.",resolved,inactive_pending_cross_archive_freeze
itws4c:398158,itws:398158,hold_missing_transcription,exclude_incomplete_transcription,,,rights_pass,Missing requested transcription pages make the work incomplete.,resolved,inactive_pending_cross_archive_freeze
itws4c:964890,itws:964890,hold_quality_or_editorial_review,exclude_quality_language_or_editorial_hold,,,rights_pass,"Non-removable quality, language-variety, transcription-gap, or editorial evidence remains.",resolved,inactive_pending_cross_archive_freeze
itws4c:972108,itws:972108,hold_duplicate_review,eligible_inactive_processed_build,,,rights_pass,"Rights, quality, canonicalization, and protected-material gates passed.",resolved,inactive_pending_cross_archive_freeze
itws4c:972123,itws:972123,hold_duplicate_review,exclude_internal_near_duplicate,itws:972108,,rights_pass,Directional containment and deterministic completeness precedence selected another Wikisource root.,resolved,inactive_pending_cross_archive_freeze
itws4c:423828,itws:423828,hold_unresolved_markup,exclude_source_rights_unresolved,,,rights_hold_incomplete_index_provenance,"Index metadata lacks author, year, or source evidence.",resolved,inactive_pending_cross_archive_freeze
itws4c:518341,itws:518341,hold_unresolved_markup,exclude_source_rights_unresolved,,,rights_hold_incomplete_index_provenance,"Index metadata lacks author, year, or source evidence.",resolved,inactive_pending_cross_archive_freeze
itws4c:425586,itws:425586,hold_unresolved_markup,exclude_source_rights_unresolved,,,rights_hold_incomplete_index_provenance,"Index metadata lacks author, year, or source evidence.",resolved,inactive_pending_cross_archive_freeze
itws4c:746758,itws:746758,hold_duplicate_review,eligible_inactive_processed_build,,,rights_pass,"Rights, quality, canonicalization, and protected-material gates passed.",resolved,inactive_pending_cross_archive_freeze
itws4c:546731,itws:546731,hold_quality_or_editorial_review,exclude_quality_language_or_editorial_hold,,,rights_pass,"Non-removable quality, language-variety, transcription-gap, or editorial evidence remains.",resolved,inactive_pending_cross_archive_freeze
itws4c:353007,itws:353007,hold_unresolved_markup,exclude_unresolved_markup,,,rights_pass,Unknown markup may contain or corrupt primary text.,resolved,inactive_pending_cross_archive_freeze
itws4c:438836,itws:438836,hold_duplicate_review,exclude_canonical_cross_corpus_duplicate,bibit:bibit000804,,rights_pass,An already resolved project source contains this Wikisource root.,resolved,inactive_pending_cross_archive_freeze
itws4c:342668,itws:342668,hold_unresolved_markup,exclude_unresolved_markup,,,rights_pass,Unknown markup may contain or corrupt primary text.,resolved,inactive_pending_cross_archive_freeze
itws4c:61159,itws:61159,hold_duplicate_review,exclude_quality_language_or_editorial_hold,,,rights_pass,"Non-removable quality, language-variety, transcription-gap, or editorial evidence remains.",resolved,inactive_pending_cross_archive_freeze
itws4c:319482,itws:319482,hold_unresolved_markup,exclude_unresolved_markup,,,rights_pass,Unknown markup may contain or corrupt primary text.,resolved,inactive_pending_cross_archive_freeze
itws4c:880036,itws:880036,hold_duplicate_review,exclude_internal_exact_duplicate,itws:880035,,rights_pass,Deterministic complete/long/stable-ID precedence selected another exact Wikisource root.,resolved,inactive_pending_cross_archive_freeze
itws4c:447890,itws:447890,hold_duplicate_review,exclude_quality_language_or_editorial_hold,,,rights_pass,"Non-removable quality, language-variety, transcription-gap, or editorial evidence remains.",resolved,inactive_pending_cross_archive_freeze
itws4c:586087,itws:586087,hold_unresolved_markup,exclude_unresolved_markup,,,rights_pass,Unknown markup may contain or corrupt primary text.,resolved,inactive_pending_cross_archive_freeze
itws4c:158971,itws:158971,hold_unresolved_markup,exclude_unresolved_markup,,,rights_pass,Unknown markup may contain or corrupt primary text.,resolved,inactive_pending_cross_archive_freeze
itws4c:67266,itws:67266,hold_duplicate_review,exclude_source_rights_unresolved,,,rights_hold_modern_edition_contributor,"Post-1930 edition names a curator, translator, or illustrator whose contribution needs separate rights evidence.",resolved,inactive_pending_cross_archive_freeze
itws4c:67247,itws:67247,hold_protected_v6_overlap,exclude_source_rights_unresolved,,protected_v6:sannazaro_famosi_colli_alteramente_nati,rights_hold_modern_edition_contributor,"Post-1930 edition names a curator, translator, or illustrator whose contribution needs separate rights evidence.",resolved,inactive_pending_cross_archive_freeze
itws4c:742683,itws:742683,hold_duplicate_review,exclude_internal_exact_duplicate,itws:742682,,rights_pass,Deterministic complete/long/stable-ID precedence selected another exact Wikisource root.,resolved,inactive_pending_cross_archive_freeze
itws4c:622722,itws:622722,hold_quality_or_editorial_review,exclude_quality_language_or_editorial_hold,,,rights_pass,"Non-removable quality, language-variety, transcription-gap, or editorial evidence remains.",resolved,inactive_pending_cross_archive_freeze
itws4c:742706,itws:742706,hold_duplicate_review,eligible_sonnets_only_inactive,,,rights_pass,Only verified unique sonnet artifacts remain after wrapper and duplicate removal.,resolved,inactive_pending_cross_archive_freeze
itws4c:746598,itws:746598,hold_duplicate_review,eligible_inactive_processed_build,,,rights_pass,"Rights, quality, canonicalization, and protected-material gates passed.",resolved,inactive_pending_cross_archive_freeze
itws4c:427850,itws:427850,hold_duplicate_review,exclude_canonical_cross_corpus_duplicate,gutenberg_pass1b:pg36239,,rights_pass,An already resolved project source contains this Wikisource root.,resolved,inactive_pending_cross_archive_freeze
itws4c:532555,itws:532555,hold_quality_or_editorial_review,exclude_quality_language_or_editorial_hold,,,rights_pass,"Non-removable quality, language-variety, transcription-gap, or editorial evidence remains.",resolved,inactive_pending_cross_archive_freeze
itws4c:226527,itws:226527,hold_duplicate_review,exclude_quality_language_or_editorial_hold,,,rights_pass,"Non-removable quality, language-variety, transcription-gap, or editorial evidence remains.",resolved,inactive_pending_cross_archive_freeze
itws4c:894286,itws:894286,hold_duplicate_review,exclude_internal_exact_duplicate,itws:894284,,rights_pass,Deterministic complete/long/stable-ID precedence selected another exact Wikisource root.,resolved,inactive_pending_cross_archive_freeze
itws4c:569942,itws:569942,hold_quality_or_editorial_review,exclude_quality_language_or_editorial_hold,,,rights_pass,"Non-removable quality, language-variety, transcription-gap, or editorial evidence remains.",resolved,inactive_pending_cross_archive_freeze
itws4c:73180,itws:73180,hold_unresolved_markup,exclude_unresolved_markup,,,rights_pass,Unknown markup may contain or corrupt primary text.,resolved,inactive_pending_cross_archive_freeze
itws4c:778701,itws:778701,hold_duplicate_review,exclude_canonical_cross_corpus_duplicate,current:ll_boccaccio_elegia_fiammetta,,rights_pass,An already resolved project source contains this Wikisource root.,resolved,inactive_pending_cross_archive_freeze
itws4c:745992,itws:745992,hold_duplicate_review,eligible_inactive_processed_build,,,rights_pass,"Rights, quality, canonicalization, and protected-material gates passed.",resolved,inactive_pending_cross_archive_freeze
itws4c:132308,itws:132308,hold_unresolved_markup,exclude_unresolved_markup,,,rights_pass,Unknown markup may contain or corrupt primary text.,resolved,inactive_pending_cross_archive_freeze
itws4c:11901,itws:11901,hold_duplicate_review,exclude_source_rights_unresolved,,,rights_hold_modern_edition_contributor,"Post-1930 edition names a curator, translator, or illustrator whose contribution needs separate rights evidence.",resolved,inactive_pending_cross_archive_freeze
itws4c:526683,itws:526683,hold_quality_or_editorial_review,exclude_source_rights_unresolved,,,rights_hold_modern_edition_contributor,"Post-1930 edition names a curator, translator, or illustrator whose contribution needs separate rights evidence.",resolved,inactive_pending_cross_archive_freeze
itws4c:894285,itws:894285,hold_duplicate_review,exclude_internal_exact_duplicate,itws:894284,,rights_pass,Deterministic complete/long/stable-ID precedence selected another exact Wikisource root.,resolved,inactive_pending_cross_archive_freeze
itws4c:556369,itws:556369,hold_quality_or_editorial_review,exclude_quality_language_or_editorial_hold,,,rights_pass,"Non-removable quality, language-variety, transcription-gap, or editorial evidence remains.",resolved,inactive_pending_cross_archive_freeze
itws4c:553148,itws:553148,hold_duplicate_review,exclude_quality_language_or_editorial_hold,,,rights_pass,"Non-removable quality, language-variety, transcription-gap, or editorial evidence remains.",resolved,inactive_pending_cross_archive_freeze
itws4c:15367,itws:15367,hold_unresolved_markup,exclude_source_rights_unresolved,,,rights_hold_modern_edition_contributor,"Post-1930 edition names a curator, translator, or illustrator whose contribution needs separate rights evidence.",resolved,inactive_pending_cross_archive_freeze
itws4c:765146,itws:765146,hold_unresolved_markup,exclude_unresolved_markup,,,rights_pass,Unknown markup may contain or corrupt primary text.,resolved,inactive_pending_cross_archive_freeze
itws4c:968415,itws:968415,hold_quality_or_editorial_review,exclude_source_rights_unresolved,,,rights_hold_incomplete_index_provenance,"Index metadata lacks author, year, or source evidence.",resolved,inactive_pending_cross_archive_freeze
itws4c:569878,itws:569878,hold_missing_transcription,exclude_incomplete_transcription,,,rights_pass,Missing requested transcription pages make the work incomplete.,resolved,inactive_pending_cross_archive_freeze
itws4c:244252,itws:244252,hold_unresolved_markup,exclude_source_rights_unresolved,,,rights_hold_incomplete_index_provenance,"Index metadata lacks author, year, or source evidence.",resolved,inactive_pending_cross_archive_freeze
itws4c:742772,itws:742772,hold_duplicate_review,exclude_internal_exact_duplicate,itws:742771,,rights_pass,Deterministic complete/long/stable-ID precedence selected another exact Wikisource root.,resolved,inactive_pending_cross_archive_freeze
itws4c:880046,itws:880046,hold_duplicate_review,exclude_internal_exact_duplicate,itws:880045,,rights_pass,Deterministic complete/long/stable-ID precedence selected another exact Wikisource root.,resolved,inactive_pending_cross_archive_freeze
itws4c:883394,itws:883394,hold_duplicate_review,exclude_internal_exact_duplicate,itws:883372,,rights_pass,Deterministic complete/long/stable-ID precedence selected another exact Wikisource root.,resolved,inactive_pending_cross_archive_freeze
itws4c:876372,itws:876372,hold_duplicate_review,exclude_internal_exact_duplicate,itws:876371,,rights_pass,Deterministic complete/long/stable-ID precedence selected another exact Wikisource root.,resolved,inactive_pending_cross_archive_freeze
itws4c:27797,itws:27797,hold_duplicate_review,exclude_canonical_cross_corpus_duplicate,bibit:bibit000537,,rights_pass,An already resolved project source contains this Wikisource root.,resolved,inactive_pending_cross_archive_freeze
itws4c:915286,itws:915286,hold_quality_or_editorial_review,exclude_quality_language_or_editorial_hold,,,rights_pass,"Non-removable quality, language-variety, transcription-gap, or editorial evidence remains.",resolved,inactive_pending_cross_archive_freeze
itws4c:891786,itws:891786,hold_duplicate_review,exclude_internal_exact_duplicate,itws:891784,,rights_pass,Deterministic complete/long/stable-ID precedence selected another exact Wikisource root.,resolved,inactive_pending_cross_archive_freeze
itws4c:968158,itws:968158,hold_unresolved_markup,exclude_unresolved_markup,,,rights_pass,Unknown markup may contain or corrupt primary text.,resolved,inactive_pending_cross_archive_freeze
itws4c:535365,itws:535365,hold_missing_transcription,exclude_incomplete_transcription,,,rights_pass,Missing requested transcription pages make the work incomplete.,resolved,inactive_pending_cross_archive_freeze
itws4c:880035,itws:880035,hold_duplicate_review,exclude_internal_near_duplicate,itws:880023,,rights_pass,Directional containment and deterministic completeness precedence selected another Wikisource root.,resolved,inactive_pending_cross_archive_freeze
itws4c:894010,itws:894010,hold_duplicate_review,eligible_inactive_processed_build,,,rights_pass,"Rights, quality, canonicalization, and protected-material gates passed.",resolved,inactive_pending_cross_archive_freeze
itws4c:158989,itws:158989,hold_unresolved_markup,exclude_unresolved_markup,,,rights_pass,Unknown markup may contain or corrupt primary text.,resolved,inactive_pending_cross_archive_freeze
itws4c:883361,itws:883361,hold_duplicate_review,exclude_internal_exact_duplicate,itws:883356,,rights_pass,Deterministic complete/long/stable-ID precedence selected another exact Wikisource root.,resolved,inactive_pending_cross_archive_freeze
itws4c:746683,itws:746683,hold_duplicate_review,eligible_inactive_processed_build,,,rights_pass,"Rights, quality, canonicalization, and protected-material gates passed.",resolved,inactive_pending_cross_archive_freeze
itws4c:742725,itws:742725,hold_duplicate_review,exclude_internal_exact_duplicate,itws:742724,,rights_pass,Deterministic complete/long/stable-ID precedence selected another exact Wikisource root.,resolved,inactive_pending_cross_archive_freeze
itws4c:616330,itws:616330,hold_quality_or_editorial_review,exclude_quality_language_or_editorial_hold,,,rights_pass,"Non-removable quality, language-variety, transcription-gap, or editorial evidence remains.",resolved,inactive_pending_cross_archive_freeze
itws4c:742783,itws:742783,hold_duplicate_review,eligible_sonnets_only_inactive,,,rights_pass,Only verified unique sonnet artifacts remain after wrapper and duplicate removal.,resolved,inactive_pending_cross_archive_freeze
itws4c:530929,itws:530929,hold_quality_or_editorial_review,exclude_source_rights_unresolved,,,rights_hold_incompatible_or_unclear_scan_license,Commons does not explicitly mark the exact scan file public domain and non-copyrighted.,resolved,inactive_pending_cross_archive_freeze
itws4c:2109,itws:2109,hold_unresolved_markup,exclude_unresolved_markup,,,rights_pass,Unknown markup may contain or corrupt primary text.,resolved,inactive_pending_cross_archive_freeze
itws4c:390210,itws:390210,hold_quality_or_editorial_review,exclude_quality_language_or_editorial_hold,,,rights_pass,"Non-removable quality, language-variety, transcription-gap, or editorial evidence remains.",resolved,inactive_pending_cross_archive_freeze
itws4c:421918,itws:421918,hold_quality_or_editorial_review,exclude_quality_language_or_editorial_hold,,,rights_pass,"Non-removable quality, language-variety, transcription-gap, or editorial evidence remains.",resolved,inactive_pending_cross_archive_freeze
itws4c:292875,itws:292875,hold_quality_or_editorial_review,exclude_quality_language_or_editorial_hold,,,rights_pass,"Non-removable quality, language-variety, transcription-gap, or editorial evidence remains.",resolved,inactive_pending_cross_archive_freeze
itws4c:752448,itws:752448,hold_unresolved_markup,exclude_source_rights_unresolved,,,rights_hold_incompatible_or_unclear_scan_license,Commons does not explicitly mark the exact scan file public domain and non-copyrighted.,resolved,inactive_pending_cross_archive_freeze
itws4c:757071,itws:757071,hold_unresolved_markup,exclude_source_rights_unresolved,,,rights_hold_incompatible_or_unclear_scan_license,Commons does not explicitly mark the exact scan file public domain and non-copyrighted.,resolved,inactive_pending_cross_archive_freeze
itws4c:763299,itws:763299,hold_unresolved_markup,exclude_source_rights_unresolved,,,rights_hold_incompatible_or_unclear_scan_license,Commons does not explicitly mark the exact scan file public domain and non-copyrighted.,resolved,inactive_pending_cross_archive_freeze
itws4c:782658,itws:782658,hold_missing_transcription,exclude_source_rights_unresolved,,,rights_hold_incompatible_or_unclear_scan_license,Commons does not explicitly mark the exact scan file public domain and non-copyrighted.,resolved,inactive_pending_cross_archive_freeze
itws4c:772609,itws:772609,hold_missing_transcription,exclude_source_rights_unresolved,,,rights_hold_incompatible_or_unclear_scan_license,Commons does not explicitly mark the exact scan file public domain and non-copyrighted.,resolved,inactive_pending_cross_archive_freeze
itws4c:774992,itws:774992,hold_missing_transcription,exclude_source_rights_unresolved,,,rights_hold_incompatible_or_unclear_scan_license,Commons does not explicitly mark the exact scan file public domain and non-copyrighted.,resolved,inactive_pending_cross_archive_freeze
itws4c:781656,itws:781656,hold_missing_transcription,exclude_source_rights_unresolved,,,rights_hold_incompatible_or_unclear_scan_license,Commons does not explicitly mark the exact scan file public domain and non-copyrighted.,resolved,inactive_pending_cross_archive_freeze
itws4c:945189,itws:945189,hold_quality_or_editorial_review,exclude_source_rights_unresolved,,,rights_hold_incompatible_or_unclear_scan_license,Commons does not explicitly mark the exact scan file public domain and non-copyrighted.,resolved,inactive_pending_cross_archive_freeze
itws4c:810788,itws:810788,hold_unresolved_markup,exclude_source_rights_unresolved,,,rights_hold_incompatible_or_unclear_scan_license,Commons does not explicitly mark the exact scan file public domain and non-copyrighted.,resolved,inactive_pending_cross_archive_freeze
itws4c:810789,itws:810789,hold_missing_transcription,exclude_source_rights_unresolved,,,rights_hold_incompatible_or_unclear_scan_license,Commons does not explicitly mark the exact scan file public domain and non-copyrighted.,resolved,inactive_pending_cross_archive_freeze
itws4c:810786,itws:810786,hold_missing_transcription,exclude_source_rights_unresolved,,,rights_hold_incompatible_or_unclear_scan_license,Commons does not explicitly mark the exact scan file public domain and non-copyrighted.,resolved,inactive_pending_cross_archive_freeze
itws4c:810785,itws:810785,hold_missing_transcription,exclude_source_rights_unresolved,,,rights_hold_incompatible_or_unclear_scan_license,Commons does not explicitly mark the exact scan file public domain and non-copyrighted.,resolved,inactive_pending_cross_archive_freeze
itws4c:810783,itws:810783,hold_missing_transcription,exclude_source_rights_unresolved,,,rights_hold_incompatible_or_unclear_scan_license,Commons does not explicitly mark the exact scan file public domain and non-copyrighted.,resolved,inactive_pending_cross_archive_freeze
itws4c:810806,itws:810806,hold_missing_transcription,exclude_source_rights_unresolved,,,rights_hold_incompatible_or_unclear_scan_license,Commons does not explicitly mark the exact scan file public domain and non-copyrighted.,resolved,inactive_pending_cross_archive_freeze
itws4c:810792,itws:810792,hold_missing_transcription,exclude_source_rights_unresolved,,,rights_hold_incompatible_or_unclear_scan_license,Commons does not explicitly mark the exact scan file public domain and non-copyrighted.,resolved,inactive_pending_cross_archive_freeze
itws4c:810781,itws:810781,hold_missing_transcription,exclude_source_rights_unresolved,,,rights_hold_incompatible_or_unclear_scan_license,Commons does not explicitly mark the exact scan file public domain and non-copyrighted.,resolved,inactive_pending_cross_archive_freeze
itws4c:810802,itws:810802,hold_missing_transcription,exclude_source_rights_unresolved,,,rights_hold_incompatible_or_unclear_scan_license,Commons does not explicitly mark the exact scan file public domain and non-copyrighted.,resolved,inactive_pending_cross_archive_freeze
itws4c:810790,itws:810790,hold_missing_transcription,exclude_source_rights_unresolved,,,rights_hold_incompatible_or_unclear_scan_license,Commons does not explicitly mark the exact scan file public domain and non-copyrighted.,resolved,inactive_pending_cross_archive_freeze
itws4c:810801,itws:810801,hold_missing_transcription,exclude_source_rights_unresolved,,,rights_hold_incompatible_or_unclear_scan_license,Commons does not explicitly mark the exact scan file public domain and non-copyrighted.,resolved,inactive_pending_cross_archive_freeze
itws4c:811349,itws:811349,hold_missing_transcription,exclude_source_rights_unresolved,,,rights_hold_incompatible_or_unclear_scan_license,Commons does not explicitly mark the exact scan file public domain and non-copyrighted.,resolved,inactive_pending_cross_archive_freeze
itws4c:811120,itws:811120,hold_missing_transcription,exclude_source_rights_unresolved,,,rights_hold_incompatible_or_unclear_scan_license,Commons does not explicitly mark the exact scan file public domain and non-copyrighted.,resolved,inactive_pending_cross_archive_freeze
itws4c:811335,itws:811335,hold_missing_transcription,exclude_source_rights_unresolved,,,rights_hold_incompatible_or_unclear_scan_license,Commons does not explicitly mark the exact scan file public domain and non-copyrighted.,resolved,inactive_pending_cross_archive_freeze
itws4c:811340,itws:811340,hold_missing_transcription,exclude_source_rights_unresolved,,,rights_hold_incompatible_or_unclear_scan_license,Commons does not explicitly mark the exact scan file public domain and non-copyrighted.,resolved,inactive_pending_cross_archive_freeze
itws4c:742770,itws:742770,hold_duplicate_review,exclude_no_unique_material_after_segmentation,,,rights_pass,No unique broader text or eligible sonnet remains after segmentation.,resolved,inactive_pending_cross_archive_freeze
itws4c:611969,itws:611969,hold_quality_or_editorial_review,exclude_quality_language_or_editorial_hold,,,rights_pass,"Non-removable quality, language-variety, transcription-gap, or editorial evidence remains.",resolved,inactive_pending_cross_archive_freeze
itws4c:342068,itws:342068,hold_quality_or_editorial_review,exclude_quality_language_or_editorial_hold,,,rights_pass,"Non-removable quality, language-variety, transcription-gap, or editorial evidence remains.",resolved,inactive_pending_cross_archive_freeze
itws4c:742716,itws:742716,hold_duplicate_review,exclude_no_unique_material_after_segmentation,,,rights_pass,No unique broader text or eligible sonnet remains after segmentation.,resolved,inactive_pending_cross_archive_freeze
itws4c:746653,itws:746653,hold_duplicate_review,exclude_internal_exact_duplicate,itws:746652,,rights_pass,Deterministic complete/long/stable-ID precedence selected another exact Wikisource root.,resolved,inactive_pending_cross_archive_freeze
itws4c:1000828,itws:1000828,hold_unresolved_markup,exclude_source_rights_unresolved,,,rights_hold_modern_edition_contributor,"Post-1930 edition names a curator, translator, or illustrator whose contribution needs separate rights evidence.",resolved,inactive_pending_cross_archive_freeze
itws4c:2144,itws:2144,hold_unresolved_markup,exclude_unresolved_markup,,,rights_pass,Unknown markup may contain or corrupt primary text.,resolved,inactive_pending_cross_archive_freeze
itws4c:1000832,itws:1000832,hold_unresolved_markup,exclude_unresolved_markup,,,rights_pass,Unknown markup may contain or corrupt primary text.,resolved,inactive_pending_cross_archive_freeze
itws4c:555307,itws:555307,hold_quality_or_editorial_review,exclude_quality_language_or_editorial_hold,,,rights_pass,"Non-removable quality, language-variety, transcription-gap, or editorial evidence remains.",resolved,inactive_pending_cross_archive_freeze
itws4c:357204,itws:357204,hold_quality_or_editorial_review,exclude_quality_language_or_editorial_hold,,,rights_pass,"Non-removable quality, language-variety, transcription-gap, or editorial evidence remains.",resolved,inactive_pending_cross_archive_freeze
itws4c:381122,itws:381122,hold_quality_or_editorial_review,exclude_quality_language_or_editorial_hold,,,rights_pass,"Non-removable quality, language-variety, transcription-gap, or editorial evidence remains.",resolved,inactive_pending_cross_archive_freeze
itws4c:988778,itws:988778,hold_quality_or_editorial_review,exclude_quality_language_or_editorial_hold,,,rights_pass,"Non-removable quality, language-variety, transcription-gap, or editorial evidence remains.",resolved,inactive_pending_cross_archive_freeze
itws4c:879551,itws:879551,hold_duplicate_review,exclude_internal_exact_duplicate,itws:879526,,rights_pass,Deterministic complete/long/stable-ID precedence selected another exact Wikisource root.,resolved,inactive_pending_cross_archive_freeze
itws4c:1024137,itws:1024137,hold_quality_or_editorial_review,exclude_quality_language_or_editorial_hold,,,rights_pass,"Non-removable quality, language-variety, transcription-gap, or editorial evidence remains.",resolved,inactive_pending_cross_archive_freeze
itws4c:891784,itws:891784,hold_duplicate_review,eligible_inactive_processed_build,,,rights_pass,"Rights, quality, canonicalization, and protected-material gates passed.",resolved,inactive_pending_cross_archive_freeze
itws4c:329889,itws:329889,hold_quality_or_editorial_review,exclude_quality_language_or_editorial_hold,,,rights_pass,"Non-removable quality, language-variety, transcription-gap, or editorial evidence remains.",resolved,inactive_pending_cross_archive_freeze
itws4c:693751,itws:693751,hold_unresolved_markup,exclude_unresolved_markup,,,rights_pass,Unknown markup may contain or corrupt primary text.,resolved,inactive_pending_cross_archive_freeze
itws4c:711503,itws:711503,hold_unresolved_markup,exclude_unresolved_markup,,,rights_pass,Unknown markup may contain or corrupt primary text.,resolved,inactive_pending_cross_archive_freeze
itws4c:720684,itws:720684,hold_unresolved_markup,exclude_unresolved_markup,,,rights_pass,Unknown markup may contain or corrupt primary text.,resolved,inactive_pending_cross_archive_freeze
itws4c:731372,itws:731372,hold_unresolved_markup,exclude_unresolved_markup,,,rights_pass,Unknown markup may contain or corrupt primary text.,resolved,inactive_pending_cross_archive_freeze
itws4c:736782,itws:736782,hold_unresolved_markup,exclude_unresolved_markup,,,rights_pass,Unknown markup may contain or corrupt primary text.,resolved,inactive_pending_cross_archive_freeze
itws4c:345862,itws:345862,hold_unresolved_markup,exclude_unresolved_markup,,,rights_pass,Unknown markup may contain or corrupt primary text.,resolved,inactive_pending_cross_archive_freeze
itws4c:882238,itws:882238,hold_unresolved_markup,exclude_unresolved_markup,,,rights_pass,Unknown markup may contain or corrupt primary text.,resolved,inactive_pending_cross_archive_freeze
itws4c:876380,itws:876380,hold_duplicate_review,eligible_inactive_processed_build,,,rights_pass,"Rights, quality, canonicalization, and protected-material gates passed.",resolved,inactive_pending_cross_archive_freeze
itws4c:881830,itws:881830,hold_duplicate_review,exclude_internal_exact_duplicate,itws:881828,,rights_pass,Deterministic complete/long/stable-ID precedence selected another exact Wikisource root.,resolved,inactive_pending_cross_archive_freeze
itws4c:891744,itws:891744,hold_duplicate_review,exclude_internal_near_duplicate,itws:891742,,rights_pass,Directional containment and deterministic completeness precedence selected another Wikisource root.,resolved,inactive_pending_cross_archive_freeze
itws4c:879528,itws:879528,hold_duplicate_review,exclude_internal_exact_duplicate,itws:879526,,rights_pass,Deterministic complete/long/stable-ID precedence selected another exact Wikisource root.,resolved,inactive_pending_cross_archive_freeze
itws4c:891739,itws:891739,hold_duplicate_review,exclude_internal_exact_duplicate,itws:891738,,rights_pass,Deterministic complete/long/stable-ID precedence selected another exact Wikisource root.,resolved,inactive_pending_cross_archive_freeze
itws4c:891741,itws:891741,hold_duplicate_review,exclude_internal_exact_duplicate,itws:891738,,rights_pass,Deterministic complete/long/stable-ID precedence selected another exact Wikisource root.,resolved,inactive_pending_cross_archive_freeze
itws4c:891787,itws:891787,hold_duplicate_review,exclude_internal_near_duplicate,itws:891788,,rights_pass,Directional containment and deterministic completeness precedence selected another Wikisource root.,resolved,inactive_pending_cross_archive_freeze
itws4c:879667,itws:879667,hold_duplicate_review,exclude_internal_exact_duplicate,itws:879664,,rights_pass,Deterministic complete/long/stable-ID precedence selected another exact Wikisource root.,resolved,inactive_pending_cross_archive_freeze
itws4c:891743,itws:891743,hold_duplicate_review,exclude_internal_near_duplicate,itws:891742,,rights_pass,Directional containment and deterministic completeness precedence selected another Wikisource root.,resolved,inactive_pending_cross_archive_freeze
itws4c:746765,itws:746765,hold_duplicate_review,exclude_internal_exact_duplicate,itws:746764,,rights_pass,Deterministic complete/long/stable-ID precedence selected another exact Wikisource root.,resolved,inactive_pending_cross_archive_freeze
itws4c:746077,itws:746077,hold_duplicate_review,exclude_internal_exact_duplicate,itws:746076,,rights_pass,Deterministic complete/long/stable-ID precedence selected another exact Wikisource root.,resolved,inactive_pending_cross_archive_freeze
itws4c:679189,itws:679189,hold_quality_or_editorial_review,exclude_quality_language_or_editorial_hold,,,rights_pass,"Non-removable quality, language-variety, transcription-gap, or editorial evidence remains.",resolved,inactive_pending_cross_archive_freeze
itws4c:545677,itws:545677,hold_quality_or_editorial_review,exclude_quality_language_or_editorial_hold,,,rights_pass,"Non-removable quality, language-variety, transcription-gap, or editorial evidence remains.",resolved,inactive_pending_cross_archive_freeze
itws4c:886142,itws:886142,hold_quality_or_editorial_review,exclude_quality_language_or_editorial_hold,,,rights_pass,"Non-removable quality, language-variety, transcription-gap, or editorial evidence remains.",resolved,inactive_pending_cross_archive_freeze
itws4c:269618,itws:269618,hold_duplicate_review,exclude_canonical_cross_corpus_duplicate,gutenberg_previous:pg19429,,rights_pass,An already resolved project source contains this Wikisource root.,resolved,inactive_pending_cross_archive_freeze
itws4c:875586,itws:875586,hold_quality_or_editorial_review,exclude_quality_language_or_editorial_hold,,,rights_pass,"Non-removable quality, language-variety, transcription-gap, or editorial evidence remains.",resolved,inactive_pending_cross_archive_freeze
itws4c:518323,itws:518323,hold_duplicate_review,exclude_quality_language_or_editorial_hold,,,rights_pass,"Non-removable quality, language-variety, transcription-gap, or editorial evidence remains.",resolved,inactive_pending_cross_archive_freeze
itws4c:67273,itws:67273,hold_protected_v6_overlap,exclude_source_rights_unresolved,,protected_v6:sannazaro_gli_occhi_soavi_ove_l_mio_cor_sospira,rights_hold_modern_edition_contributor,"Post-1930 edition names a curator, translator, or illustrator whose contribution needs separate rights evidence.",resolved,inactive_pending_cross_archive_freeze
itws4c:742741,itws:742741,hold_duplicate_review,exclude_no_unique_material_after_segmentation,,,rights_pass,No unique broader text or eligible sonnet remains after segmentation.,resolved,inactive_pending_cross_archive_freeze
itws4c:746786,itws:746786,hold_duplicate_review,eligible_inactive_processed_build,,,rights_pass,"Rights, quality, canonicalization, and protected-material gates passed.",resolved,inactive_pending_cross_archive_freeze
itws4c:746826,itws:746826,hold_duplicate_review,exclude_internal_exact_duplicate,itws:746825,,rights_pass,Deterministic complete/long/stable-ID precedence selected another exact Wikisource root.,resolved,inactive_pending_cross_archive_freeze
itws4c:314686,itws:314686,hold_unresolved_markup,exclude_unresolved_markup,,,rights_pass,Unknown markup may contain or corrupt primary text.,resolved,inactive_pending_cross_archive_freeze
itws4c:742687,itws:742687,hold_duplicate_review,exclude_internal_exact_duplicate,itws:742686,,rights_pass,Deterministic complete/long/stable-ID precedence selected another exact Wikisource root.,resolved,inactive_pending_cross_archive_freeze
itws4c:742774,itws:742774,hold_duplicate_review,exclude_internal_exact_duplicate,itws:742773,,rights_pass,Deterministic complete/long/stable-ID precedence selected another exact Wikisource root.,resolved,inactive_pending_cross_archive_freeze
itws4c:883546,itws:883546,hold_duplicate_review,exclude_internal_exact_duplicate,itws:883541,,rights_pass,Deterministic complete/long/stable-ID precedence selected another exact Wikisource root.,resolved,inactive_pending_cross_archive_freeze
itws4c:11337,itws:11337,hold_quality_or_editorial_review,exclude_source_rights_unresolved,,,rights_hold_modern_edition_contributor,"Post-1930 edition names a curator, translator, or illustrator whose contribution needs separate rights evidence.",resolved,inactive_pending_cross_archive_freeze
itws4c:795875,itws:795875,hold_unresolved_markup,exclude_unresolved_markup,,,rights_pass,Unknown markup may contain or corrupt primary text.,resolved,inactive_pending_cross_archive_freeze
itws4c:746946,itws:746946,hold_duplicate_review,exclude_quality_language_or_editorial_hold,,,rights_pass,"Non-removable quality, language-variety, transcription-gap, or editorial evidence remains.",resolved,inactive_pending_cross_archive_freeze
itws4c:746651,itws:746651,hold_duplicate_review,exclude_internal_exact_duplicate,itws:746650,,rights_pass,Deterministic complete/long/stable-ID precedence selected another exact Wikisource root.,resolved,inactive_pending_cross_archive_freeze
itws4c:988114,itws:988114,hold_duplicate_review,eligible_inactive_processed_build,,,rights_pass,"Rights, quality, canonicalization, and protected-material gates passed.",resolved,inactive_pending_cross_archive_freeze
itws4c:826960,itws:826960,hold_duplicate_review,exclude_internal_near_duplicate,itws:988114,,rights_pass,Directional containment and deterministic completeness precedence selected another Wikisource root.,resolved,inactive_pending_cross_archive_freeze
itws4c:500694,itws:500694,hold_unresolved_markup,exclude_source_rights_unresolved,,,rights_hold_incomplete_index_provenance,"Index metadata lacks author, year, or source evidence.",resolved,inactive_pending_cross_archive_freeze
itws4c:501045,itws:501045,hold_unresolved_markup,exclude_source_rights_unresolved,,,rights_hold_incomplete_index_provenance,"Index metadata lacks author, year, or source evidence.",resolved,inactive_pending_cross_archive_freeze
itws4c:746978,itws:746978,hold_duplicate_review,eligible_inactive_processed_build,,,rights_pass,"Rights, quality, canonicalization, and protected-material gates passed.",resolved,inactive_pending_cross_archive_freeze
itws4c:373478,itws:373478,hold_unresolved_markup,exclude_unresolved_markup,,,rights_pass,Unknown markup may contain or corrupt primary text.,resolved,inactive_pending_cross_archive_freeze
itws4c:204626,itws:204626,hold_quality_or_editorial_review,exclude_quality_language_or_editorial_hold,,,rights_pass,"Non-removable quality, language-variety, transcription-gap, or editorial evidence remains.",resolved,inactive_pending_cross_archive_freeze
itws4c:427833,itws:427833,hold_quality_or_editorial_review,exclude_quality_language_or_editorial_hold,,,rights_pass,"Non-removable quality, language-variety, transcription-gap, or editorial evidence remains.",resolved,inactive_pending_cross_archive_freeze
itws4c:417994,itws:417994,hold_quality_or_editorial_review,exclude_quality_language_or_editorial_hold,,,rights_pass,"Non-removable quality, language-variety, transcription-gap, or editorial evidence remains.",resolved,inactive_pending_cross_archive_freeze
itws4c:571377,itws:571377,hold_missing_transcription,exclude_source_rights_unresolved,,,rights_hold_incomplete_index_provenance,"Index metadata lacks author, year, or source evidence.",resolved,inactive_pending_cross_archive_freeze
itws4c:482836,itws:482836,hold_quality_or_editorial_review,exclude_quality_language_or_editorial_hold,,,rights_pass,"Non-removable quality, language-variety, transcription-gap, or editorial evidence remains.",resolved,inactive_pending_cross_archive_freeze
itws4c:514964,itws:514964,hold_unresolved_markup,exclude_unresolved_markup,,protected_v6:cino_io_fui_n_su_l_alto_e_n_sul_beato_monte_iei,rights_pass,Unknown markup may contain or corrupt primary text.,resolved,inactive_pending_cross_archive_freeze
itws4c:585746,itws:585746,hold_quality_or_editorial_review,exclude_quality_language_or_editorial_hold,,,rights_pass,"Non-removable quality, language-variety, transcription-gap, or editorial evidence remains.",resolved,inactive_pending_cross_archive_freeze
itws4c:569470,itws:569470,hold_quality_or_editorial_review,exclude_quality_language_or_editorial_hold,,,rights_pass,"Non-removable quality, language-variety, transcription-gap, or editorial evidence remains.",resolved,inactive_pending_cross_archive_freeze
itws4c:62963,itws:62963,hold_unresolved_markup,exclude_unresolved_markup,,,rights_pass,Unknown markup may contain or corrupt primary text.,resolved,inactive_pending_cross_archive_freeze
itws4c:883514,itws:883514,hold_duplicate_review,exclude_internal_exact_duplicate,itws:883509,,rights_pass,Deterministic complete/long/stable-ID precedence selected another exact Wikisource root.,resolved,inactive_pending_cross_archive_freeze
itws4c:893201,itws:893201,hold_duplicate_review,eligible_inactive_processed_build,,,rights_pass,"Rights, quality, canonicalization, and protected-material gates passed.",resolved,inactive_pending_cross_archive_freeze
itws4c:67257,itws:67257,hold_duplicate_review,exclude_source_rights_unresolved,,,rights_hold_modern_edition_contributor,"Post-1930 edition names a curator, translator, or illustrator whose contribution needs separate rights evidence.",resolved,inactive_pending_cross_archive_freeze
itws4c:742724,itws:742724,hold_duplicate_review,exclude_no_unique_material_after_segmentation,,,rights_pass,No unique broader text or eligible sonnet remains after segmentation.,resolved,inactive_pending_cross_archive_freeze
itws4c:108855,itws:108855,hold_quality_or_editorial_review,exclude_quality_language_or_editorial_hold,,,rights_pass,"Non-removable quality, language-variety, transcription-gap, or editorial evidence remains.",resolved,inactive_pending_cross_archive_freeze
itws4c:742755,itws:742755,hold_duplicate_review,exclude_internal_exact_duplicate,itws:742754,,rights_pass,Deterministic complete/long/stable-ID precedence selected another exact Wikisource root.,resolved,inactive_pending_cross_archive_freeze
itws4c:221622,itws:221622,hold_unresolved_markup,exclude_unresolved_markup,,,rights_pass,Unknown markup may contain or corrupt primary text.,resolved,inactive_pending_cross_archive_freeze
itws4c:895074,itws:895074,hold_unresolved_markup,exclude_unresolved_markup,,,rights_pass,Unknown markup may contain or corrupt primary text.,resolved,inactive_pending_cross_archive_freeze
itws4c:512511,itws:512511,hold_unresolved_markup,exclude_unresolved_markup,,,rights_pass,Unknown markup may contain or corrupt primary text.,resolved,inactive_pending_cross_archive_freeze
itws4c:938847,itws:938847,hold_quality_or_editorial_review,exclude_source_rights_unresolved,,,rights_hold_incompatible_or_unclear_scan_license,Commons does not explicitly mark the exact scan file public domain and non-copyrighted.,resolved,inactive_pending_cross_archive_freeze
itws4c:746033,itws:746033,hold_duplicate_review,eligible_inactive_processed_build,,,rights_pass,"Rights, quality, canonicalization, and protected-material gates passed.",resolved,inactive_pending_cross_archive_freeze
itws4c:783451,itws:783451,hold_missing_transcription,exclude_incomplete_transcription,,,rights_pass,Missing requested transcription pages make the work incomplete.,resolved,inactive_pending_cross_archive_freeze
itws4c:879998,itws:879998,hold_duplicate_review,exclude_internal_exact_duplicate,itws:879991,,rights_pass,Deterministic complete/long/stable-ID precedence selected another exact Wikisource root.,resolved,inactive_pending_cross_archive_freeze
itws4c:674134,itws:674134,hold_quality_or_editorial_review,exclude_quality_language_or_editorial_hold,,,rights_pass,"Non-removable quality, language-variety, transcription-gap, or editorial evidence remains.",resolved,inactive_pending_cross_archive_freeze
itws4c:746779,itws:746779,hold_duplicate_review,exclude_internal_exact_duplicate,itws:746778,,rights_pass,Deterministic complete/long/stable-ID precedence selected another exact Wikisource root.,resolved,inactive_pending_cross_archive_freeze
itws4c:880033,itws:880033,hold_duplicate_review,exclude_internal_exact_duplicate,itws:879991,,rights_pass,Deterministic complete/long/stable-ID precedence selected another exact Wikisource root.,resolved,inactive_pending_cross_archive_freeze
itws4c:880045,itws:880045,hold_duplicate_review,eligible_inactive_processed_build,,,rights_pass,"Rights, quality, canonicalization, and protected-material gates passed.",resolved,inactive_pending_cross_archive_freeze
itws4c:62150,itws:62150,hold_duplicate_review,exclude_source_rights_unresolved,,,rights_hold_modern_edition_contributor,"Post-1930 edition names a curator, translator, or illustrator whose contribution needs separate rights evidence.",resolved,inactive_pending_cross_archive_freeze
itws4c:2547,itws:2547,hold_duplicate_review,exclude_canonical_cross_corpus_duplicate,bibit:bibit001233,,rights_pass,An already resolved project source contains this Wikisource root.,resolved,inactive_pending_cross_archive_freeze
itws4c:751254,itws:751254,hold_unresolved_markup,exclude_unresolved_markup,,,rights_pass,Unknown markup may contain or corrupt primary text.,resolved,inactive_pending_cross_archive_freeze
itws4c:674099,itws:674099,hold_quality_or_editorial_review,exclude_quality_language_or_editorial_hold,,,rights_pass,"Non-removable quality, language-variety, transcription-gap, or editorial evidence remains.",resolved,inactive_pending_cross_archive_freeze
itws4c:943537,itws:943537,hold_duplicate_review,exclude_quality_language_or_editorial_hold,,,rights_pass,"Non-removable quality, language-variety, transcription-gap, or editorial evidence remains.",resolved,inactive_pending_cross_archive_freeze
itws4c:348846,itws:348846,hold_unresolved_markup,exclude_unresolved_markup,,,rights_pass,Unknown markup may contain or corrupt primary text.,resolved,inactive_pending_cross_archive_freeze
itws4c:121376,itws:121376,hold_duplicate_review,exclude_quality_language_or_editorial_hold,,,rights_pass,"Non-removable quality, language-variety, transcription-gap, or editorial evidence remains.",resolved,inactive_pending_cross_archive_freeze
itws4c:579285,itws:579285,hold_quality_or_editorial_review,exclude_quality_language_or_editorial_hold,,,rights_pass,"Non-removable quality, language-variety, transcription-gap, or editorial evidence remains.",resolved,inactive_pending_cross_archive_freeze
itws4c:269781,itws:269781,hold_unresolved_markup,exclude_unresolved_markup,,,rights_pass,Unknown markup may contain or corrupt primary text.,resolved,inactive_pending_cross_archive_freeze
itws4c:946862,itws:946862,hold_duplicate_review,exclude_quality_language_or_editorial_hold,,,rights_pass,"Non-removable quality, language-variety, transcription-gap, or editorial evidence remains.",resolved,inactive_pending_cross_archive_freeze
itws4c:2853,itws:2853,hold_unresolved_markup,exclude_unresolved_markup,,,rights_pass,Unknown markup may contain or corrupt primary text.,resolved,inactive_pending_cross_archive_freeze
itws4c:551206,itws:551206,hold_unresolved_markup,exclude_unresolved_markup,,,rights_pass,Unknown markup may contain or corrupt primary text.,resolved,inactive_pending_cross_archive_freeze
itws4c:286738,itws:286738,hold_unresolved_markup,exclude_source_rights_unresolved,,,rights_hold_incomplete_index_provenance,"Index metadata lacks author, year, or source evidence.",resolved,inactive_pending_cross_archive_freeze
itws4c:493431,itws:493431,hold_duplicate_review,exclude_canonical_cross_corpus_duplicate,bibit:bibit000036,,rights_pass,An already resolved project source contains this Wikisource root.,resolved,inactive_pending_cross_archive_freeze
itws4c:1420,itws:1420,hold_unresolved_markup,exclude_unresolved_markup,,,rights_pass,Unknown markup may contain or corrupt primary text.,resolved,inactive_pending_cross_archive_freeze
itws4c:448653,itws:448653,hold_quality_or_editorial_review,exclude_quality_language_or_editorial_hold,,,rights_pass,"Non-removable quality, language-variety, transcription-gap, or editorial evidence remains.",resolved,inactive_pending_cross_archive_freeze
itws4c:188753,itws:188753,hold_quality_or_editorial_review,exclude_quality_language_or_editorial_hold,,,rights_pass,"Non-removable quality, language-variety, transcription-gap, or editorial evidence remains.",resolved,inactive_pending_cross_archive_freeze
itws4c:5892,itws:5892,hold_duplicate_review,exclude_quality_language_or_editorial_hold,,,rights_pass,"Non-removable quality, language-variety, transcription-gap, or editorial evidence remains.",resolved,inactive_pending_cross_archive_freeze
itws4c:364395,itws:364395,hold_quality_or_editorial_review,exclude_quality_language_or_editorial_hold,,,rights_pass,"Non-removable quality, language-variety, transcription-gap, or editorial evidence remains.",resolved,inactive_pending_cross_archive_freeze
itws4c:456668,itws:456668,hold_unresolved_markup,exclude_unresolved_markup,,,rights_pass,Unknown markup may contain or corrupt primary text.,resolved,inactive_pending_cross_archive_freeze
itws4c:273328,itws:273328,hold_unresolved_markup,exclude_unresolved_markup,,,rights_pass,Unknown markup may contain or corrupt primary text.,resolved,inactive_pending_cross_archive_freeze
itws4c:883520,itws:883520,hold_duplicate_review,eligible_inactive_processed_build,,,rights_pass,"Rights, quality, canonicalization, and protected-material gates passed.",resolved,inactive_pending_cross_archive_freeze
itws4c:120327,itws:120327,hold_duplicate_review,exclude_canonical_cross_corpus_duplicate,gutenberg_previous:pg26717,,rights_pass,An already resolved project source contains this Wikisource root.,resolved,inactive_pending_cross_archive_freeze
itws4c:367363,itws:367363,hold_quality_or_editorial_review,exclude_quality_language_or_editorial_hold,,,rights_pass,"Non-removable quality, language-variety, transcription-gap, or editorial evidence remains.",resolved,inactive_pending_cross_archive_freeze
itws4c:511711,itws:511711,hold_unresolved_markup,exclude_unresolved_markup,,,rights_pass,Unknown markup may contain or corrupt primary text.,resolved,inactive_pending_cross_archive_freeze
itws4c:52411,itws:52411,hold_quality_or_editorial_review,exclude_quality_language_or_editorial_hold,,,rights_pass,"Non-removable quality, language-variety, transcription-gap, or editorial evidence remains.",resolved,inactive_pending_cross_archive_freeze
itws4c:746629,itws:746629,hold_duplicate_review,exclude_internal_exact_duplicate,itws:746628,,rights_pass,Deterministic complete/long/stable-ID precedence selected another exact Wikisource root.,resolved,inactive_pending_cross_archive_freeze
itws4c:745993,itws:745993,hold_duplicate_review,exclude_internal_exact_duplicate,itws:745992,,rights_pass,Deterministic complete/long/stable-ID precedence selected another exact Wikisource root.,resolved,inactive_pending_cross_archive_freeze
itws4c:745963,itws:745963,hold_duplicate_review,exclude_internal_exact_duplicate,itws:745962,,rights_pass,Deterministic complete/long/stable-ID precedence selected another exact Wikisource root.,resolved,inactive_pending_cross_archive_freeze
itws4c:746052,itws:746052,hold_duplicate_review,exclude_internal_exact_duplicate,itws:746051,,rights_pass,Deterministic complete/long/stable-ID precedence selected another exact Wikisource root.,resolved,inactive_pending_cross_archive_freeze
itws4c:745996,itws:745996,hold_duplicate_review,eligible_inactive_processed_build,,,rights_pass,"Rights, quality, canonicalization, and protected-material gates passed.",resolved,inactive_pending_cross_archive_freeze
itws4c:746061,itws:746061,hold_duplicate_review,exclude_internal_exact_duplicate,itws:746060,,rights_pass,Deterministic complete/long/stable-ID precedence selected another exact Wikisource root.,resolved,inactive_pending_cross_archive_freeze
itws4c:746016,itws:746016,hold_duplicate_review,exclude_internal_exact_duplicate,itws:746015,,rights_pass,Deterministic complete/long/stable-ID precedence selected another exact Wikisource root.,resolved,inactive_pending_cross_archive_freeze
itws4c:746075,itws:746075,hold_duplicate_review,exclude_internal_exact_duplicate,itws:746074,,rights_pass,Deterministic complete/long/stable-ID precedence selected another exact Wikisource root.,resolved,inactive_pending_cross_archive_freeze
itws4c:746060,itws:746060,hold_duplicate_review,eligible_inactive_processed_build,,,rights_pass,"Rights, quality, canonicalization, and protected-material gates passed.",resolved,inactive_pending_cross_archive_freeze
itws4c:746079,itws:746079,hold_protected_v6_overlap,exclude_internal_exact_duplicate,itws:746078,protected_v6:cecco_cxxiii_i_so_non_fermo_in_su_questa_oppenione,rights_pass,Deterministic complete/long/stable-ID precedence selected another exact Wikisource root.,resolved,inactive_pending_cross_archive_freeze
itws4c:746041,itws:746041,hold_duplicate_review,eligible_inactive_processed_build,,,rights_pass,"Rights, quality, canonicalization, and protected-material gates passed.",resolved,inactive_pending_cross_archive_freeze
itws4c:746068,itws:746068,hold_duplicate_review,eligible_inactive_processed_build,,,rights_pass,"Rights, quality, canonicalization, and protected-material gates passed.",resolved,inactive_pending_cross_archive_freeze
itws4c:746046,itws:746046,hold_protected_v6_overlap,exclude_internal_exact_duplicate,itws:746045,protected_v6:cecco_cxxi_i_son_venuto_di_schiatta_di_struzzo,rights_pass,Deterministic complete/long/stable-ID precedence selected another exact Wikisource root.,resolved,inactive_pending_cross_archive_freeze
itws4c:746027,itws:746027,hold_duplicate_review,eligible_inactive_processed_build,,,rights_pass,"Rights, quality, canonicalization, and protected-material gates passed.",resolved,inactive_pending_cross_archive_freeze
itws4c:746942,itws:746942,hold_duplicate_review,exclude_internal_exact_duplicate,itws:746941,,rights_pass,Deterministic complete/long/stable-ID precedence selected another exact Wikisource root.,resolved,inactive_pending_cross_archive_freeze
itws4c:580093,itws:580093,hold_unresolved_markup,exclude_unresolved_markup,,,rights_pass,Unknown markup may contain or corrupt primary text.,resolved,inactive_pending_cross_archive_freeze
itws4c:742788,itws:742788,hold_unresolved_markup,exclude_unresolved_markup,,,rights_pass,Unknown markup may contain or corrupt primary text.,resolved,inactive_pending_cross_archive_freeze
itws4c:1004969,itws:1004969,hold_missing_transcription,exclude_incomplete_transcription,,,rights_pass,Missing requested transcription pages make the work incomplete.,resolved,inactive_pending_cross_archive_freeze
itws4c:444258,itws:444258,hold_unresolved_markup,exclude_unresolved_markup,,,rights_pass,Unknown markup may contain or corrupt primary text.,resolved,inactive_pending_cross_archive_freeze
itws4c:444353,itws:444353,hold_duplicate_review,eligible_inactive_processed_build,,,rights_pass,"Rights, quality, canonicalization, and protected-material gates passed.",resolved,inactive_pending_cross_archive_freeze
itws4c:444354,itws:444354,hold_duplicate_review,exclude_internal_exact_duplicate,itws:444353,,rights_pass,Deterministic complete/long/stable-ID precedence selected another exact Wikisource root.,resolved,inactive_pending_cross_archive_freeze
itws4c:466894,itws:466894,hold_duplicate_review,exclude_internal_exact_duplicate,itws:444353,,rights_pass,Deterministic complete/long/stable-ID precedence selected another exact Wikisource root.,resolved,inactive_pending_cross_archive_freeze
itws4c:742401,itws:742401,hold_unresolved_markup,exclude_unresolved_markup,,,rights_pass,Unknown markup may contain or corrupt primary text.,resolved,inactive_pending_cross_archive_freeze
itws4c:343622,itws:343622,hold_unresolved_markup,exclude_unresolved_markup,,,rights_pass,Unknown markup may contain or corrupt primary text.,resolved,inactive_pending_cross_archive_freeze
itws4c:746007,itws:746007,hold_duplicate_review,exclude_internal_exact_duplicate,itws:746006,,rights_pass,Deterministic complete/long/stable-ID precedence selected another exact Wikisource root.,resolved,inactive_pending_cross_archive_freeze
itws4c:270396,itws:270396,hold_duplicate_review,exclude_canonical_cross_corpus_duplicate,bibit:bibit001305,,rights_pass,An already resolved project source contains this Wikisource root.,resolved,inactive_pending_cross_archive_freeze
itws4c:863851,itws:863851,hold_quality_or_editorial_review,exclude_quality_language_or_editorial_hold,,,rights_pass,"Non-removable quality, language-variety, transcription-gap, or editorial evidence remains.",resolved,inactive_pending_cross_archive_freeze
itws4c:357761,itws:357761,hold_unresolved_markup,exclude_unresolved_markup,,,rights_pass,Unknown markup may contain or corrupt primary text.,resolved,inactive_pending_cross_archive_freeze
itws4c:682709,itws:682709,hold_quality_or_editorial_review,exclude_quality_language_or_editorial_hold,,,rights_pass,"Non-removable quality, language-variety, transcription-gap, or editorial evidence remains.",resolved,inactive_pending_cross_archive_freeze
itws4c:71397,itws:71397,hold_quality_or_editorial_review,exclude_quality_language_or_editorial_hold,,,rights_pass,"Non-removable quality, language-variety, transcription-gap, or editorial evidence remains.",resolved,inactive_pending_cross_archive_freeze
itws4c:309097,itws:309097,hold_unresolved_markup,exclude_unresolved_markup,,,rights_pass,Unknown markup may contain or corrupt primary text.,resolved,inactive_pending_cross_archive_freeze
itws4c:721042,itws:721042,hold_unresolved_markup,exclude_unresolved_markup,,,rights_pass,Unknown markup may contain or corrupt primary text.,resolved,inactive_pending_cross_archive_freeze
itws4c:391209,itws:391209,hold_quality_or_editorial_review,exclude_quality_language_or_editorial_hold,,,rights_pass,"Non-removable quality, language-variety, transcription-gap, or editorial evidence remains.",resolved,inactive_pending_cross_archive_freeze
itws4c:324729,itws:324729,hold_quality_or_editorial_review,exclude_quality_language_or_editorial_hold,,,rights_pass,"Non-removable quality, language-variety, transcription-gap, or editorial evidence remains.",resolved,inactive_pending_cross_archive_freeze
itws4c:669894,itws:669894,hold_unresolved_markup,exclude_unresolved_markup,,,rights_pass,Unknown markup may contain or corrupt primary text.,resolved,inactive_pending_cross_archive_freeze
itws4c:677366,itws:677366,hold_unresolved_markup,exclude_unresolved_markup,,,rights_pass,Unknown markup may contain or corrupt primary text.,resolved,inactive_pending_cross_archive_freeze
itws4c:669065,itws:669065,hold_quality_or_editorial_review,exclude_quality_language_or_editorial_hold,,,rights_pass,"Non-removable quality, language-variety, transcription-gap, or editorial evidence remains.",resolved,inactive_pending_cross_archive_freeze
itws4c:79144,itws:79144,hold_unresolved_markup,exclude_unresolved_markup,,,rights_pass,Unknown markup may contain or corrupt primary text.,resolved,inactive_pending_cross_archive_freeze
itws4c:564168,itws:564168,hold_quality_or_editorial_review,exclude_quality_language_or_editorial_hold,,,rights_pass,"Non-removable quality, language-variety, transcription-gap, or editorial evidence remains.",resolved,inactive_pending_cross_archive_freeze
itws4c:808193,itws:808193,hold_duplicate_review,eligible_inactive_processed_build,,,rights_pass,"Rights, quality, canonicalization, and protected-material gates passed.",resolved,inactive_pending_cross_archive_freeze
itws4c:827043,itws:827043,hold_duplicate_review,exclude_internal_near_duplicate,itws:808193,,rights_pass,Directional containment and deterministic completeness precedence selected another Wikisource root.,resolved,inactive_pending_cross_archive_freeze
itws4c:545603,itws:545603,hold_duplicate_review,exclude_quality_language_or_editorial_hold,,,rights_pass,"Non-removable quality, language-variety, transcription-gap, or editorial evidence remains.",resolved,inactive_pending_cross_archive_freeze
itws4c:495304,itws:495304,hold_unresolved_markup,exclude_unresolved_markup,,,rights_pass,Unknown markup may contain or corrupt primary text.,resolved,inactive_pending_cross_archive_freeze
itws4c:503752,itws:503752,hold_quality_or_editorial_review,exclude_quality_language_or_editorial_hold,,,rights_pass,"Non-removable quality, language-variety, transcription-gap, or editorial evidence remains.",resolved,inactive_pending_cross_archive_freeze
itws4c:327159,itws:327159,hold_duplicate_review,exclude_quality_language_or_editorial_hold,,,rights_pass,"Non-removable quality, language-variety, transcription-gap, or editorial evidence remains.",resolved,inactive_pending_cross_archive_freeze
itws4c:640592,itws:640592,hold_missing_transcription,exclude_incomplete_transcription,,,rights_pass,Missing requested transcription pages make the work incomplete.,resolved,inactive_pending_cross_archive_freeze
itws4c:982625,itws:982625,hold_unresolved_markup,exclude_unresolved_markup,,,rights_pass,Unknown markup may contain or corrupt primary text.,resolved,inactive_pending_cross_archive_freeze
itws4c:674124,itws:674124,hold_unresolved_markup,exclude_unresolved_markup,,,rights_pass,Unknown markup may contain or corrupt primary text.,resolved,inactive_pending_cross_archive_freeze
itws4c:448124,itws:448124,hold_missing_transcription,exclude_incomplete_transcription,,,rights_pass,Missing requested transcription pages make the work incomplete.,resolved,inactive_pending_cross_archive_freeze
itws4c:404479,itws:404479,hold_unresolved_markup,exclude_unresolved_markup,,,rights_pass,Unknown markup may contain or corrupt primary text.,resolved,inactive_pending_cross_archive_freeze
itws4c:510468,itws:510468,hold_missing_transcription,exclude_source_rights_unresolved,,,rights_hold_incomplete_index_provenance,"Index metadata lacks author, year, or source evidence.",resolved,inactive_pending_cross_archive_freeze
itws4c:745973,itws:745973,hold_protected_v6_overlap,eligible_inactive_processed_build,,protected_v6:cecco_xiv_chi_vol_vantaggio_aver_a_l_altre_genti,rights_pass,"Rights, quality, canonicalization, and protected-material gates passed.",resolved,inactive_pending_cross_archive_freeze
itws4c:248455,itws:248455,hold_quality_or_editorial_review,exclude_quality_language_or_editorial_hold,,,rights_pass,"Non-removable quality, language-variety, transcription-gap, or editorial evidence remains.",resolved,inactive_pending_cross_archive_freeze
itws4c:571960,itws:571960,hold_unresolved_markup,exclude_unresolved_markup,,,rights_pass,Unknown markup may contain or corrupt primary text.,resolved,inactive_pending_cross_archive_freeze
itws4c:742713,itws:742713,hold_duplicate_review,exclude_internal_exact_duplicate,itws:742712,,rights_pass,Deterministic complete/long/stable-ID precedence selected another exact Wikisource root.,resolved,inactive_pending_cross_archive_freeze
itws4c:675076,itws:675076,hold_unresolved_markup,exclude_unresolved_markup,,,rights_pass,Unknown markup may contain or corrupt primary text.,resolved,inactive_pending_cross_archive_freeze
itws4c:889505,itws:889505,hold_quality_or_editorial_review,exclude_quality_language_or_editorial_hold,,,rights_pass,"Non-removable quality, language-variety, transcription-gap, or editorial evidence remains.",resolved,inactive_pending_cross_archive_freeze
itws4c:895808,itws:895808,hold_unresolved_markup,exclude_unresolved_markup,,,rights_pass,Unknown markup may contain or corrupt primary text.,resolved,inactive_pending_cross_archive_freeze
itws4c:682784,itws:682784,hold_quality_or_editorial_review,exclude_quality_language_or_editorial_hold,,,rights_pass,"Non-removable quality, language-variety, transcription-gap, or editorial evidence remains.",resolved,inactive_pending_cross_archive_freeze
itws4c:893884,itws:893884,hold_unresolved_markup,exclude_unresolved_markup,,,rights_pass,Unknown markup may contain or corrupt primary text.,resolved,inactive_pending_cross_archive_freeze
itws4c:883374,itws:883374,hold_duplicate_review,exclude_internal_exact_duplicate,itws:883372,,rights_pass,Deterministic complete/long/stable-ID precedence selected another exact Wikisource root.,resolved,inactive_pending_cross_archive_freeze
itws4c:682781,itws:682781,hold_quality_or_editorial_review,exclude_quality_language_or_editorial_hold,,,rights_pass,"Non-removable quality, language-variety, transcription-gap, or editorial evidence remains.",resolved,inactive_pending_cross_archive_freeze
itws4c:746621,itws:746621,hold_duplicate_review,exclude_internal_exact_duplicate,itws:746620,,rights_pass,Deterministic complete/long/stable-ID precedence selected another exact Wikisource root.,resolved,inactive_pending_cross_archive_freeze
itws4c:669895,itws:669895,hold_quality_or_editorial_review,exclude_quality_language_or_editorial_hold,,,rights_pass,"Non-removable quality, language-variety, transcription-gap, or editorial evidence remains.",resolved,inactive_pending_cross_archive_freeze
itws4c:888582,itws:888582,hold_quality_or_editorial_review,exclude_quality_language_or_editorial_hold,,,rights_pass,"Non-removable quality, language-variety, transcription-gap, or editorial evidence remains.",resolved,inactive_pending_cross_archive_freeze
itws4c:758140,itws:758140,hold_quality_or_editorial_review,exclude_quality_language_or_editorial_hold,,,rights_pass,"Non-removable quality, language-variety, transcription-gap, or editorial evidence remains.",resolved,inactive_pending_cross_archive_freeze
itws4c:879637,itws:879637,hold_duplicate_review,exclude_internal_exact_duplicate,itws:879634,,rights_pass,Deterministic complete/long/stable-ID precedence selected another exact Wikisource root.,resolved,inactive_pending_cross_archive_freeze
itws4c:600673,itws:600673,hold_missing_transcription,exclude_source_rights_unresolved,,,rights_hold_incomplete_index_provenance,"Index metadata lacks author, year, or source evidence.",resolved,inactive_pending_cross_archive_freeze
itws4c:78087,itws:78087,hold_unresolved_markup,exclude_unresolved_markup,,,rights_pass,Unknown markup may contain or corrupt primary text.,resolved,inactive_pending_cross_archive_freeze
itws4c:432488,itws:432488,hold_unresolved_markup,exclude_unresolved_markup,,,rights_pass,Unknown markup may contain or corrupt primary text.,resolved,inactive_pending_cross_archive_freeze
itws4c:219618,itws:219618,hold_unresolved_markup,exclude_unresolved_markup,,,rights_pass,Unknown markup may contain or corrupt primary text.,resolved,inactive_pending_cross_archive_freeze
itws4c:595275,itws:595275,hold_unresolved_markup,exclude_unresolved_markup,,,rights_pass,Unknown markup may contain or corrupt primary text.,resolved,inactive_pending_cross_archive_freeze
itws4c:889509,itws:889509,hold_quality_or_editorial_review,exclude_quality_language_or_editorial_hold,,,rights_pass,"Non-removable quality, language-variety, transcription-gap, or editorial evidence remains.",resolved,inactive_pending_cross_archive_freeze
itws4c:677224,itws:677224,hold_quality_or_editorial_review,exclude_quality_language_or_editorial_hold,,,rights_pass,"Non-removable quality, language-variety, transcription-gap, or editorial evidence remains.",resolved,inactive_pending_cross_archive_freeze
itws4c:490562,itws:490562,hold_unresolved_markup,exclude_unresolved_markup,,,rights_pass,Unknown markup may contain or corrupt primary text.,resolved,inactive_pending_cross_archive_freeze
itws4c:742682,itws:742682,hold_duplicate_review,eligible_sonnets_only_inactive,,,rights_pass,Only verified unique sonnet artifacts remain after wrapper and duplicate removal.,resolved,inactive_pending_cross_archive_freeze
itws4c:761219,itws:761219,hold_duplicate_review,exclude_quality_language_or_editorial_hold,,,rights_pass,"Non-removable quality, language-variety, transcription-gap, or editorial evidence remains.",resolved,inactive_pending_cross_archive_freeze
itws4c:225096,itws:225096,hold_quality_or_editorial_review,exclude_quality_language_or_editorial_hold,,,rights_pass,"Non-removable quality, language-variety, transcription-gap, or editorial evidence remains.",resolved,inactive_pending_cross_archive_freeze
itws4c:671158,itws:671158,hold_unresolved_markup,exclude_unresolved_markup,,,rights_pass,Unknown markup may contain or corrupt primary text.,resolved,inactive_pending_cross_archive_freeze
itws4c:894140,itws:894140,hold_quality_or_editorial_review,exclude_quality_language_or_editorial_hold,,,rights_pass,"Non-removable quality, language-variety, transcription-gap, or editorial evidence remains.",resolved,inactive_pending_cross_archive_freeze
itws4c:333127,itws:333127,hold_unresolved_markup,exclude_unresolved_markup,,,rights_pass,Unknown markup may contain or corrupt primary text.,resolved,inactive_pending_cross_archive_freeze
itws4c:989911,itws:989911,hold_unresolved_markup,exclude_unresolved_markup,,,rights_pass,Unknown markup may contain or corrupt primary text.,resolved,inactive_pending_cross_archive_freeze
itws4c:635774,itws:635774,hold_unresolved_markup,exclude_unresolved_markup,,,rights_pass,Unknown markup may contain or corrupt primary text.,resolved,inactive_pending_cross_archive_freeze
itws4c:635794,itws:635794,hold_unresolved_markup,exclude_unresolved_markup,,,rights_pass,Unknown markup may contain or corrupt primary text.,resolved,inactive_pending_cross_archive_freeze
itws4c:635784,itws:635784,hold_unresolved_markup,exclude_unresolved_markup,,,rights_pass,Unknown markup may contain or corrupt primary text.,resolved,inactive_pending_cross_archive_freeze
itws4c:688348,itws:688348,hold_quality_or_editorial_review,exclude_quality_language_or_editorial_hold,,,rights_pass,"Non-removable quality, language-variety, transcription-gap, or editorial evidence remains.",resolved,inactive_pending_cross_archive_freeze
itws4c:893907,itws:893907,hold_unresolved_markup,exclude_unresolved_markup,,,rights_pass,Unknown markup may contain or corrupt primary text.,resolved,inactive_pending_cross_archive_freeze
itws4c:369007,itws:369007,hold_unresolved_markup,exclude_unresolved_markup,,,rights_pass,Unknown markup may contain or corrupt primary text.,resolved,inactive_pending_cross_archive_freeze
itws4c:590634,itws:590634,hold_quality_or_editorial_review,exclude_quality_language_or_editorial_hold,,,rights_pass,"Non-removable quality, language-variety, transcription-gap, or editorial evidence remains.",resolved,inactive_pending_cross_archive_freeze
itws4c:668526,itws:668526,hold_quality_or_editorial_review,exclude_quality_language_or_editorial_hold,,,rights_pass,"Non-removable quality, language-variety, transcription-gap, or editorial evidence remains.",resolved,inactive_pending_cross_archive_freeze
itws4c:677690,itws:677690,hold_unresolved_markup,exclude_unresolved_markup,,,rights_pass,Unknown markup may contain or corrupt primary text.,resolved,inactive_pending_cross_archive_freeze
itws4c:572583,itws:572583,hold_missing_transcription,exclude_incomplete_transcription,,,rights_pass,Missing requested transcription pages make the work incomplete.,resolved,inactive_pending_cross_archive_freeze
itws4c:704134,itws:704134,hold_unresolved_markup,exclude_unresolved_markup,,,rights_pass,Unknown markup may contain or corrupt primary text.,resolved,inactive_pending_cross_archive_freeze
itws4c:653652,itws:653652,hold_unresolved_markup,exclude_unresolved_markup,,,rights_pass,Unknown markup may contain or corrupt primary text.,resolved,inactive_pending_cross_archive_freeze
itws4c:346840,itws:346840,hold_unresolved_markup,exclude_unresolved_markup,,,rights_pass,Unknown markup may contain or corrupt primary text.,resolved,inactive_pending_cross_archive_freeze
itws4c:345722,itws:345722,hold_unresolved_markup,exclude_unresolved_markup,,,rights_pass,Unknown markup may contain or corrupt primary text.,resolved,inactive_pending_cross_archive_freeze
itws4c:746064,itws:746064,hold_duplicate_review,eligible_inactive_processed_build,,,rights_pass,"Rights, quality, canonicalization, and protected-material gates passed.",resolved,inactive_pending_cross_archive_freeze
itws4c:158379,itws:158379,hold_unresolved_markup,exclude_unresolved_markup,,,rights_pass,Unknown markup may contain or corrupt primary text.,resolved,inactive_pending_cross_archive_freeze
itws4c:682711,itws:682711,hold_quality_or_editorial_review,exclude_quality_language_or_editorial_hold,,,rights_pass,"Non-removable quality, language-variety, transcription-gap, or editorial evidence remains.",resolved,inactive_pending_cross_archive_freeze
itws4c:965301,itws:965301,hold_quality_or_editorial_review,exclude_quality_language_or_editorial_hold,,,rights_pass,"Non-removable quality, language-variety, transcription-gap, or editorial evidence remains.",resolved,inactive_pending_cross_archive_freeze
itws4c:896342,itws:896342,hold_unresolved_markup,exclude_unresolved_markup,,,rights_pass,Unknown markup may contain or corrupt primary text.,resolved,inactive_pending_cross_archive_freeze
itws4c:619029,itws:619029,hold_quality_or_editorial_review,exclude_quality_language_or_editorial_hold,,,rights_pass,"Non-removable quality, language-variety, transcription-gap, or editorial evidence remains.",resolved,inactive_pending_cross_archive_freeze
itws4c:1336,itws:1336,hold_unresolved_markup,exclude_unresolved_markup,,,rights_pass,Unknown markup may contain or corrupt primary text.,resolved,inactive_pending_cross_archive_freeze
itws4c:169308,itws:169308,hold_quality_or_editorial_review,exclude_quality_language_or_editorial_hold,,,rights_pass,"Non-removable quality, language-variety, transcription-gap, or editorial evidence remains.",resolved,inactive_pending_cross_archive_freeze
itws4c:568165,itws:568165,hold_missing_transcription,exclude_incomplete_transcription,,,rights_pass,Missing requested transcription pages make the work incomplete.,resolved,inactive_pending_cross_archive_freeze
itws4c:822257,itws:822257,hold_duplicate_review,eligible_inactive_processed_build,,,rights_pass,"Rights, quality, canonicalization, and protected-material gates passed.",resolved,inactive_pending_cross_archive_freeze
itws4c:809162,itws:809162,hold_unresolved_markup,exclude_unresolved_markup,,,rights_pass,Unknown markup may contain or corrupt primary text.,resolved,inactive_pending_cross_archive_freeze
itws4c:667251,itws:667251,hold_quality_or_editorial_review,exclude_quality_language_or_editorial_hold,,,rights_pass,"Non-removable quality, language-variety, transcription-gap, or editorial evidence remains.",resolved,inactive_pending_cross_archive_freeze
itws4c:889507,itws:889507,hold_quality_or_editorial_review,exclude_quality_language_or_editorial_hold,,,rights_pass,"Non-removable quality, language-variety, transcription-gap, or editorial evidence remains.",resolved,inactive_pending_cross_archive_freeze
itws4c:512510,itws:512510,hold_quality_or_editorial_review,exclude_quality_language_or_editorial_hold,,,rights_pass,"Non-removable quality, language-variety, transcription-gap, or editorial evidence remains.",resolved,inactive_pending_cross_archive_freeze
itws4c:543436,itws:543436,hold_unresolved_markup,exclude_unresolved_markup,,,rights_pass,Unknown markup may contain or corrupt primary text.,resolved,inactive_pending_cross_archive_freeze
itws4c:926891,itws:926891,hold_duplicate_review,exclude_internal_near_duplicate,itws:899888,,rights_pass,Directional containment and deterministic completeness precedence selected another Wikisource root.,resolved,inactive_pending_cross_archive_freeze
itws4c:899888,itws:899888,hold_duplicate_review,eligible_inactive_processed_build,,,rights_pass,"Rights, quality, canonicalization, and protected-material gates passed.",resolved,inactive_pending_cross_archive_freeze
itws4c:397979,itws:397979,hold_unresolved_markup,exclude_unresolved_markup,,,rights_pass,Unknown markup may contain or corrupt primary text.,resolved,inactive_pending_cross_archive_freeze
itws4c:576320,itws:576320,hold_unresolved_markup,exclude_unresolved_markup,,,rights_pass,Unknown markup may contain or corrupt primary text.,resolved,inactive_pending_cross_archive_freeze
itws4c:581159,itws:581159,hold_unresolved_markup,exclude_unresolved_markup,,,rights_pass,Unknown markup may contain or corrupt primary text.,resolved,inactive_pending_cross_archive_freeze
itws4c:754473,itws:754473,hold_quality_or_editorial_review,exclude_quality_language_or_editorial_hold,,,rights_pass,"Non-removable quality, language-variety, transcription-gap, or editorial evidence remains.",resolved,inactive_pending_cross_archive_freeze
itws4c:120613,itws:120613,hold_duplicate_review,exclude_quality_language_or_editorial_hold,,,rights_pass,"Non-removable quality, language-variety, transcription-gap, or editorial evidence remains.",resolved,inactive_pending_cross_archive_freeze
itws4c:605232,itws:605232,hold_quality_or_editorial_review,exclude_quality_language_or_editorial_hold,,,rights_pass,"Non-removable quality, language-variety, transcription-gap, or editorial evidence remains.",resolved,inactive_pending_cross_archive_freeze
itws4c:394960,itws:394960,hold_unresolved_markup,exclude_unresolved_markup,,,rights_pass,Unknown markup may contain or corrupt primary text.,resolved,inactive_pending_cross_archive_freeze
itws4c:488830,itws:488830,hold_quality_or_editorial_review,exclude_quality_language_or_editorial_hold,,,rights_pass,"Non-removable quality, language-variety, transcription-gap, or editorial evidence remains.",resolved,inactive_pending_cross_archive_freeze
itws4c:531066,itws:531066,hold_unresolved_markup,exclude_unresolved_markup,,,rights_pass,Unknown markup may contain or corrupt primary text.,resolved,inactive_pending_cross_archive_freeze
itws4c:327329,itws:327329,hold_duplicate_review,exclude_canonical_cross_corpus_duplicate,current:ws_galileo_saggiatore,,rights_pass,An already resolved project source contains this Wikisource root.,resolved,inactive_pending_cross_archive_freeze
itws4c:765611,itws:765611,hold_missing_transcription,exclude_incomplete_transcription,,,rights_pass,Missing requested transcription pages make the work incomplete.,resolved,inactive_pending_cross_archive_freeze
itws4c:836875,itws:836875,hold_unresolved_markup,exclude_unresolved_markup,,,rights_pass,Unknown markup may contain or corrupt primary text.,resolved,inactive_pending_cross_archive_freeze
itws4c:184137,itws:184137,hold_unresolved_markup,exclude_unresolved_markup,,,rights_pass,Unknown markup may contain or corrupt primary text.,resolved,inactive_pending_cross_archive_freeze
itws4c:697137,itws:697137,hold_quality_or_editorial_review,exclude_quality_language_or_editorial_hold,,,rights_pass,"Non-removable quality, language-variety, transcription-gap, or editorial evidence remains.",resolved,inactive_pending_cross_archive_freeze
itws4c:878432,itws:878432,hold_duplicate_review,exclude_internal_near_duplicate,itws:878431,,rights_pass,Directional containment and deterministic completeness precedence selected another Wikisource root.,resolved,inactive_pending_cross_archive_freeze
itws4c:746930,itws:746930,hold_duplicate_review,exclude_internal_exact_duplicate,itws:746929,,rights_pass,Deterministic complete/long/stable-ID precedence selected another exact Wikisource root.,resolved,inactive_pending_cross_archive_freeze
itws4c:120293,itws:120293,hold_quality_or_editorial_review,exclude_quality_language_or_editorial_hold,,,rights_pass,"Non-removable quality, language-variety, transcription-gap, or editorial evidence remains.",resolved,inactive_pending_cross_archive_freeze
itws4c:92135,itws:92135,hold_unresolved_markup,exclude_unresolved_markup,,,rights_pass,Unknown markup may contain or corrupt primary text.,resolved,inactive_pending_cross_archive_freeze
itws4c:11802,itws:11802,hold_unresolved_markup,exclude_unresolved_markup,,,rights_pass,Unknown markup may contain or corrupt primary text.,resolved,inactive_pending_cross_archive_freeze
itws4c:442724,itws:442724,hold_missing_transcription,exclude_incomplete_transcription,,,rights_pass,Missing requested transcription pages make the work incomplete.,resolved,inactive_pending_cross_archive_freeze
itws4c:671740,itws:671740,hold_unresolved_markup,exclude_unresolved_markup,,,rights_pass,Unknown markup may contain or corrupt primary text.,resolved,inactive_pending_cross_archive_freeze
itws4c:682785,itws:682785,hold_quality_or_editorial_review,exclude_quality_language_or_editorial_hold,,,rights_pass,"Non-removable quality, language-variety, transcription-gap, or editorial evidence remains.",resolved,inactive_pending_cross_archive_freeze
itws4c:524176,itws:524176,hold_quality_or_editorial_review,exclude_quality_language_or_editorial_hold,,,rights_pass,"Non-removable quality, language-variety, transcription-gap, or editorial evidence remains.",resolved,inactive_pending_cross_archive_freeze
itws4c:832837,itws:832837,hold_duplicate_review,exclude_internal_near_duplicate,itws:160669,,rights_pass,Directional containment and deterministic completeness precedence selected another Wikisource root.,resolved,inactive_pending_cross_archive_freeze
itws4c:669896,itws:669896,hold_quality_or_editorial_review,exclude_quality_language_or_editorial_hold,,,rights_pass,"Non-removable quality, language-variety, transcription-gap, or editorial evidence remains.",resolved,inactive_pending_cross_archive_freeze
itws4c:170046,itws:170046,hold_unresolved_markup,exclude_unresolved_markup,,,rights_pass,Unknown markup may contain or corrupt primary text.,resolved,inactive_pending_cross_archive_freeze
itws4c:666525,itws:666525,hold_quality_or_editorial_review,exclude_quality_language_or_editorial_hold,,,rights_pass,"Non-removable quality, language-variety, transcription-gap, or editorial evidence remains.",resolved,inactive_pending_cross_archive_freeze
itws4c:484201,itws:484201,hold_unresolved_markup,exclude_source_rights_unresolved,,,rights_hold_incomplete_index_provenance,"Index metadata lacks author, year, or source evidence.",resolved,inactive_pending_cross_archive_freeze
itws4c:23747,itws:23747,hold_unresolved_markup,exclude_unresolved_markup,,,rights_pass,Unknown markup may contain or corrupt primary text.,resolved,inactive_pending_cross_archive_freeze
itws4c:269973,itws:269973,hold_duplicate_review,exclude_canonical_cross_corpus_duplicate,gutenberg_previous:pg19429,,rights_pass,An already resolved project source contains this Wikisource root.,resolved,inactive_pending_cross_archive_freeze
itws4c:205613,itws:205613,hold_unresolved_markup,exclude_unresolved_markup,,,rights_pass,Unknown markup may contain or corrupt primary text.,resolved,inactive_pending_cross_archive_freeze
itws4c:746756,itws:746756,hold_duplicate_review,eligible_inactive_processed_build,,,rights_pass,"Rights, quality, canonicalization, and protected-material gates passed.",resolved,inactive_pending_cross_archive_freeze
itws4c:992259,itws:992259,hold_unresolved_markup,exclude_unresolved_markup,,,rights_pass,Unknown markup may contain or corrupt primary text.,resolved,inactive_pending_cross_archive_freeze
itws4c:746782,itws:746782,hold_duplicate_review,eligible_inactive_processed_build,,,rights_pass,"Rights, quality, canonicalization, and protected-material gates passed.",resolved,inactive_pending_cross_archive_freeze
itws4c:1003622,itws:1003622,hold_duplicate_review,eligible_sonnets_only_inactive,,,rights_pass,Only verified unique sonnet artifacts remain after wrapper and duplicate removal.,resolved,inactive_pending_cross_archive_freeze
itws4c:827038,itws:827038,hold_duplicate_review,exclude_internal_near_duplicate,itws:1003622,,rights_pass,Directional containment and deterministic completeness precedence selected another Wikisource root.,resolved,inactive_pending_cross_archive_freeze
itws4c:65626,itws:65626,hold_duplicate_review,exclude_quality_language_or_editorial_hold,,,rights_pass,"Non-removable quality, language-variety, transcription-gap, or editorial evidence remains.",resolved,inactive_pending_cross_archive_freeze
itws4c:746047,itws:746047,hold_protected_v6_overlap,eligible_inactive_processed_build,,protected_v6:cecco_lxxix_per_ogni_oncia_di_carne_che_ho_addosso;protected_v6:cecco_lxxviii_in_nessun_modo_mi_poss_acconciare,rights_pass,"Rights, quality, canonicalization, and protected-material gates passed.",resolved,inactive_pending_cross_archive_freeze
itws4c:891785,itws:891785,hold_duplicate_review,exclude_internal_exact_duplicate,itws:891784,,rights_pass,Deterministic complete/long/stable-ID precedence selected another exact Wikisource root.,resolved,inactive_pending_cross_archive_freeze
itws4c:755179,itws:755179,hold_unresolved_markup,exclude_unresolved_markup,,,rights_pass,Unknown markup may contain or corrupt primary text.,resolved,inactive_pending_cross_archive_freeze
itws4c:893986,itws:893986,hold_duplicate_review,eligible_inactive_processed_build,,,rights_pass,"Rights, quality, canonicalization, and protected-material gates passed.",resolved,inactive_pending_cross_archive_freeze
itws4c:883518,itws:883518,hold_duplicate_review,exclude_internal_exact_duplicate,itws:883509,,rights_pass,Deterministic complete/long/stable-ID precedence selected another exact Wikisource root.,resolved,inactive_pending_cross_archive_freeze
itws4c:883564,itws:883564,hold_duplicate_review,exclude_internal_near_duplicate,itws:883563,,rights_pass,Directional containment and deterministic completeness precedence selected another Wikisource root.,resolved,inactive_pending_cross_archive_freeze
itws4c:746034,itws:746034,hold_duplicate_review,exclude_internal_exact_duplicate,itws:746033,,rights_pass,Deterministic complete/long/stable-ID precedence selected another exact Wikisource root.,resolved,inactive_pending_cross_archive_freeze
itws4c:746081,itws:746081,hold_duplicate_review,exclude_internal_exact_duplicate,itws:746080,,rights_pass,Deterministic complete/long/stable-ID precedence selected another exact Wikisource root.,resolved,inactive_pending_cross_archive_freeze
itws4c:746043,itws:746043,hold_duplicate_review,eligible_inactive_processed_build,,,rights_pass,"Rights, quality, canonicalization, and protected-material gates passed.",resolved,inactive_pending_cross_archive_freeze
itws4c:746813,itws:746813,hold_duplicate_review,eligible_inactive_processed_build,,,rights_pass,"Rights, quality, canonicalization, and protected-material gates passed.",resolved,inactive_pending_cross_archive_freeze
itws4c:879991,itws:879991,hold_duplicate_review,eligible_inactive_processed_build,,,rights_pass,"Rights, quality, canonicalization, and protected-material gates passed.",resolved,inactive_pending_cross_archive_freeze
itws4c:742873,itws:742873,hold_duplicate_review,eligible_sonnets_only_inactive,,,rights_pass,Only verified unique sonnet artifacts remain after wrapper and duplicate removal.,resolved,inactive_pending_cross_archive_freeze
itws4c:742760,itws:742760,hold_duplicate_review,eligible_sonnets_only_inactive,,,rights_pass,Only verified unique sonnet artifacts remain after wrapper and duplicate removal.,resolved,inactive_pending_cross_archive_freeze
itws4c:815566,itws:815566,hold_unresolved_markup,exclude_unresolved_markup,,,rights_pass,Unknown markup may contain or corrupt primary text.,resolved,inactive_pending_cross_archive_freeze
itws4c:362828,itws:362828,hold_unresolved_markup,exclude_unresolved_markup,,,rights_pass,Unknown markup may contain or corrupt primary text.,resolved,inactive_pending_cross_archive_freeze
itws4c:682780,itws:682780,hold_quality_or_editorial_review,exclude_quality_language_or_editorial_hold,,,rights_pass,"Non-removable quality, language-variety, transcription-gap, or editorial evidence remains.",resolved,inactive_pending_cross_archive_freeze
itws4c:120644,itws:120644,hold_unresolved_markup,exclude_unresolved_markup,,,rights_pass,Unknown markup may contain or corrupt primary text.,resolved,inactive_pending_cross_archive_freeze
itws4c:255783,itws:255783,hold_quality_or_editorial_review,exclude_quality_language_or_editorial_hold,,,rights_pass,"Non-removable quality, language-variety, transcription-gap, or editorial evidence remains.",resolved,inactive_pending_cross_archive_freeze
itws4c:745969,itws:745969,hold_duplicate_review,exclude_internal_exact_duplicate,itws:745968,,rights_pass,Deterministic complete/long/stable-ID precedence selected another exact Wikisource root.,resolved,inactive_pending_cross_archive_freeze
itws4c:746025,itws:746025,hold_duplicate_review,eligible_inactive_processed_build,,,rights_pass,"Rights, quality, canonicalization, and protected-material gates passed.",resolved,inactive_pending_cross_archive_freeze
itws4c:746083,itws:746083,hold_duplicate_review,exclude_internal_exact_duplicate,itws:746082,,rights_pass,Deterministic complete/long/stable-ID precedence selected another exact Wikisource root.,resolved,inactive_pending_cross_archive_freeze
itws4c:746614,itws:746614,hold_duplicate_review,eligible_inactive_processed_build,,,rights_pass,"Rights, quality, canonicalization, and protected-material gates passed.",resolved,inactive_pending_cross_archive_freeze
itws4c:746644,itws:746644,hold_duplicate_review,eligible_inactive_processed_build,,,rights_pass,"Rights, quality, canonicalization, and protected-material gates passed.",resolved,inactive_pending_cross_archive_freeze
itws4c:746757,itws:746757,hold_duplicate_review,exclude_internal_exact_duplicate,itws:746756,,rights_pass,Deterministic complete/long/stable-ID precedence selected another exact Wikisource root.,resolved,inactive_pending_cross_archive_freeze
itws4c:746840,itws:746840,hold_duplicate_review,exclude_internal_exact_duplicate,itws:746839,,rights_pass,Deterministic complete/long/stable-ID precedence selected another exact Wikisource root.,resolved,inactive_pending_cross_archive_freeze
itws4c:746952,itws:746952,hold_duplicate_review,exclude_internal_exact_duplicate,itws:746951,,rights_pass,Deterministic complete/long/stable-ID precedence selected another exact Wikisource root.,resolved,inactive_pending_cross_archive_freeze
itws4c:746004,itws:746004,hold_duplicate_review,eligible_inactive_processed_build,,,rights_pass,"Rights, quality, canonicalization, and protected-material gates passed.",resolved,inactive_pending_cross_archive_freeze
itws4c:745967,itws:745967,hold_duplicate_review,exclude_internal_exact_duplicate,itws:745966,,rights_pass,Deterministic complete/long/stable-ID precedence selected another exact Wikisource root.,resolved,inactive_pending_cross_archive_freeze
itws4c:746026,itws:746026,hold_duplicate_review,exclude_internal_exact_duplicate,itws:746025,,rights_pass,Deterministic complete/long/stable-ID precedence selected another exact Wikisource root.,resolved,inactive_pending_cross_archive_freeze
itws4c:746880,itws:746880,hold_duplicate_review,exclude_internal_exact_duplicate,itws:746879,,rights_pass,Deterministic complete/long/stable-ID precedence selected another exact Wikisource root.,resolved,inactive_pending_cross_archive_freeze
itws4c:745995,itws:745995,hold_duplicate_review,exclude_internal_exact_duplicate,itws:745994,,rights_pass,Deterministic complete/long/stable-ID precedence selected another exact Wikisource root.,resolved,inactive_pending_cross_archive_freeze
itws4c:746885,itws:746885,hold_duplicate_review,eligible_inactive_processed_build,,,rights_pass,"Rights, quality, canonicalization, and protected-material gates passed.",resolved,inactive_pending_cross_archive_freeze
itws4c:746967,itws:746967,hold_duplicate_review,eligible_inactive_processed_build,,,rights_pass,"Rights, quality, canonicalization, and protected-material gates passed.",resolved,inactive_pending_cross_archive_freeze
itws4c:746017,itws:746017,hold_duplicate_review,eligible_inactive_processed_build,,,rights_pass,"Rights, quality, canonicalization, and protected-material gates passed.",resolved,inactive_pending_cross_archive_freeze
itws4c:392030,itws:392030,hold_revision_mismatch,exclude_revision_mismatch,,,rights_pass,Pinned current revision did not match extraction input.,resolved,inactive_pending_cross_archive_freeze
itws4c:884241,itws:884241,hold_quality_or_editorial_review,exclude_quality_language_or_editorial_hold,,,rights_pass,"Non-removable quality, language-variety, transcription-gap, or editorial evidence remains.",resolved,inactive_pending_cross_archive_freeze
itws4c:883928,itws:883928,hold_unresolved_markup,exclude_unresolved_markup,,,rights_pass,Unknown markup may contain or corrupt primary text.,resolved,inactive_pending_cross_archive_freeze
itws4c:756892,itws:756892,hold_duplicate_review,exclude_canonical_cross_corpus_duplicate,gutenberg_pass1b:pg27825,,rights_pass,An already resolved project source contains this Wikisource root.,resolved,inactive_pending_cross_archive_freeze
itws4c:746642,itws:746642,hold_duplicate_review,eligible_inactive_processed_build,,,rights_pass,"Rights, quality, canonicalization, and protected-material gates passed.",resolved,inactive_pending_cross_archive_freeze
itws4c:635177,itws:635177,hold_quality_or_editorial_review,exclude_quality_language_or_editorial_hold,,,rights_pass,"Non-removable quality, language-variety, transcription-gap, or editorial evidence remains.",resolved,inactive_pending_cross_archive_freeze
itws4c:586154,itws:586154,hold_quality_or_editorial_review,exclude_quality_language_or_editorial_hold,,,rights_pass,"Non-removable quality, language-variety, transcription-gap, or editorial evidence remains.",resolved,inactive_pending_cross_archive_freeze
itws4c:43997,itws:43997,hold_quality_or_editorial_review,exclude_quality_language_or_editorial_hold,,,rights_pass,"Non-removable quality, language-variety, transcription-gap, or editorial evidence remains.",resolved,inactive_pending_cross_archive_freeze
itws4c:454871,itws:454871,hold_unresolved_markup,exclude_unresolved_markup,,,rights_pass,Unknown markup may contain or corrupt primary text.,resolved,inactive_pending_cross_archive_freeze
itws4c:38623,itws:38623,hold_unresolved_markup,exclude_unresolved_markup,,,rights_pass,Unknown markup may contain or corrupt primary text.,resolved,inactive_pending_cross_archive_freeze
itws4c:20789,itws:20789,hold_duplicate_review,exclude_source_rights_unresolved,,,rights_hold_modern_edition_contributor,"Post-1930 edition names a curator, translator, or illustrator whose contribution needs separate rights evidence.",resolved,inactive_pending_cross_archive_freeze
itws4c:708742,itws:708742,hold_quality_or_editorial_review,exclude_quality_language_or_editorial_hold,,,rights_pass,"Non-removable quality, language-variety, transcription-gap, or editorial evidence remains.",resolved,inactive_pending_cross_archive_freeze
itws4c:302538,itws:302538,hold_unresolved_markup,exclude_unresolved_markup,,,rights_pass,Unknown markup may contain or corrupt primary text.,resolved,inactive_pending_cross_archive_freeze
itws4c:532235,itws:532235,hold_missing_transcription,exclude_incomplete_transcription,,,rights_pass,Missing requested transcription pages make the work incomplete.,resolved,inactive_pending_cross_archive_freeze
itws4c:980244,itws:980244,hold_duplicate_review,exclude_source_rights_unresolved,,,rights_hold_modern_edition_contributor,"Post-1930 edition names a curator, translator, or illustrator whose contribution needs separate rights evidence.",resolved,inactive_pending_cross_archive_freeze
itws4c:538632,itws:538632,hold_unresolved_markup,exclude_unresolved_markup,,,rights_pass,Unknown markup may contain or corrupt primary text.,resolved,inactive_pending_cross_archive_freeze
itws4c:3320,itws:3320,hold_unresolved_markup,exclude_unresolved_markup,,,rights_pass,Unknown markup may contain or corrupt primary text.,resolved,inactive_pending_cross_archive_freeze
itws4c:894005,itws:894005,hold_duplicate_review,exclude_internal_near_duplicate,itws:873991,,rights_pass,Directional containment and deterministic completeness precedence selected another Wikisource root.,resolved,inactive_pending_cross_archive_freeze
itws4c:682710,itws:682710,hold_quality_or_editorial_review,exclude_quality_language_or_editorial_hold,,,rights_pass,"Non-removable quality, language-variety, transcription-gap, or editorial evidence remains.",resolved,inactive_pending_cross_archive_freeze
itws4c:746634,itws:746634,hold_duplicate_review,eligible_inactive_processed_build,,,rights_pass,"Rights, quality, canonicalization, and protected-material gates passed.",resolved,inactive_pending_cross_archive_freeze
itws4c:806070,itws:806070,hold_unresolved_markup,exclude_unresolved_markup,,,rights_pass,Unknown markup may contain or corrupt primary text.,resolved,inactive_pending_cross_archive_freeze
itws4c:729892,itws:729892,hold_unresolved_markup,exclude_unresolved_markup,,,rights_pass,Unknown markup may contain or corrupt primary text.,resolved,inactive_pending_cross_archive_freeze
itws4c:875976,itws:875976,hold_duplicate_review,exclude_internal_exact_duplicate,itws:875969,,rights_pass,Deterministic complete/long/stable-ID precedence selected another exact Wikisource root.,resolved,inactive_pending_cross_archive_freeze
itws4c:746697,itws:746697,hold_duplicate_review,eligible_inactive_processed_build,,,rights_pass,"Rights, quality, canonicalization, and protected-material gates passed.",resolved,inactive_pending_cross_archive_freeze
itws4c:746020,itws:746020,hold_duplicate_review,exclude_internal_exact_duplicate,itws:746019,,rights_pass,Deterministic complete/long/stable-ID precedence selected another exact Wikisource root.,resolved,inactive_pending_cross_archive_freeze
itws4c:93853,itws:93853,hold_quality_or_editorial_review,exclude_quality_language_or_editorial_hold,,,rights_pass,"Non-removable quality, language-variety, transcription-gap, or editorial evidence remains.",resolved,inactive_pending_cross_archive_freeze
itws4c:889504,itws:889504,hold_quality_or_editorial_review,exclude_quality_language_or_editorial_hold,,,rights_pass,"Non-removable quality, language-variety, transcription-gap, or editorial evidence remains.",resolved,inactive_pending_cross_archive_freeze
itws4c:671708,itws:671708,hold_quality_or_editorial_review,exclude_quality_language_or_editorial_hold,,,rights_pass,"Non-removable quality, language-variety, transcription-gap, or editorial evidence remains.",resolved,inactive_pending_cross_archive_freeze
itws4c:745976,itws:745976,hold_duplicate_review,exclude_internal_exact_duplicate,itws:745975,,rights_pass,Deterministic complete/long/stable-ID precedence selected another exact Wikisource root.,resolved,inactive_pending_cross_archive_freeze
itws4c:746800,itws:746800,hold_duplicate_review,exclude_internal_exact_duplicate,itws:746799,,rights_pass,Deterministic complete/long/stable-ID precedence selected another exact Wikisource root.,resolved,inactive_pending_cross_archive_freeze
itws4c:746787,itws:746787,hold_duplicate_review,exclude_internal_exact_duplicate,itws:746786,,rights_pass,Deterministic complete/long/stable-ID precedence selected another exact Wikisource root.,resolved,inactive_pending_cross_archive_freeze
itws4c:745971,itws:745971,hold_duplicate_review,eligible_inactive_processed_build,,,rights_pass,"Rights, quality, canonicalization, and protected-material gates passed.",resolved,inactive_pending_cross_archive_freeze
itws4c:411000,itws:411000,hold_quality_or_editorial_review,exclude_quality_language_or_editorial_hold,,,rights_pass,"Non-removable quality, language-variety, transcription-gap, or editorial evidence remains.",resolved,inactive_pending_cross_archive_freeze
itws4c:678213,itws:678213,hold_quality_or_editorial_review,exclude_quality_language_or_editorial_hold,,,rights_pass,"Non-removable quality, language-variety, transcription-gap, or editorial evidence remains.",resolved,inactive_pending_cross_archive_freeze
itws4c:893411,itws:893411,hold_unresolved_markup,exclude_unresolved_markup,,,rights_pass,Unknown markup may contain or corrupt primary text.,resolved,inactive_pending_cross_archive_freeze
itws4c:883504,itws:883504,hold_duplicate_review,exclude_internal_exact_duplicate,itws:883503,,rights_pass,Deterministic complete/long/stable-ID precedence selected another exact Wikisource root.,resolved,inactive_pending_cross_archive_freeze
itws4c:512508,itws:512508,hold_quality_or_editorial_review,exclude_quality_language_or_editorial_hold,,,rights_pass,"Non-removable quality, language-variety, transcription-gap, or editorial evidence remains.",resolved,inactive_pending_cross_archive_freeze
itws4c:800549,itws:800549,hold_unresolved_markup,exclude_unresolved_markup,,,rights_pass,Unknown markup may contain or corrupt primary text.,resolved,inactive_pending_cross_archive_freeze
itws4c:837936,itws:837936,hold_unresolved_markup,exclude_unresolved_markup,,,rights_pass,Unknown markup may contain or corrupt primary text.,resolved,inactive_pending_cross_archive_freeze
itws4c:990141,itws:990141,hold_quality_or_editorial_review,exclude_quality_language_or_editorial_hold,,,rights_pass,"Non-removable quality, language-variety, transcription-gap, or editorial evidence remains.",resolved,inactive_pending_cross_archive_freeze
itws4c:670285,itws:670285,hold_quality_or_editorial_review,exclude_quality_language_or_editorial_hold,,,rights_pass,"Non-removable quality, language-variety, transcription-gap, or editorial evidence remains.",resolved,inactive_pending_cross_archive_freeze
itws4c:669067,itws:669067,hold_unresolved_markup,exclude_unresolved_markup,,,rights_pass,Unknown markup may contain or corrupt primary text.,resolved,inactive_pending_cross_archive_freeze
itws4c:79583,itws:79583,hold_unresolved_markup,exclude_unresolved_markup,,,rights_pass,Unknown markup may contain or corrupt primary text.,resolved,inactive_pending_cross_archive_freeze
itws4c:206722,itws:206722,hold_unresolved_markup,exclude_unresolved_markup,,,rights_pass,Unknown markup may contain or corrupt primary text.,resolved,inactive_pending_cross_archive_freeze
itws4c:57238,itws:57238,hold_duplicate_review,eligible_inactive_processed_build,,,rights_pass,"Rights, quality, canonicalization, and protected-material gates passed.",resolved,inactive_pending_cross_archive_freeze
itws4c:329264,itws:329264,hold_duplicate_review,exclude_internal_near_duplicate,itws:57238,,rights_pass,Directional containment and deterministic completeness precedence selected another Wikisource root.,resolved,inactive_pending_cross_archive_freeze
itws4c:669068,itws:669068,hold_unresolved_markup,exclude_unresolved_markup,,,rights_pass,Unknown markup may contain or corrupt primary text.,resolved,inactive_pending_cross_archive_freeze
itws4c:746866,itws:746866,hold_duplicate_review,exclude_internal_near_duplicate,itws:746865,,rights_pass,Directional containment and deterministic completeness precedence selected another Wikisource root.,resolved,inactive_pending_cross_archive_freeze
itws4c:608010,itws:608010,hold_quality_or_editorial_review,exclude_source_rights_unresolved,,,rights_hold_incomplete_index_provenance,"Index metadata lacks author, year, or source evidence.",resolved,inactive_pending_cross_archive_freeze
itws4c:358257,itws:358257,hold_unresolved_markup,exclude_unresolved_markup,,,rights_pass,Unknown markup may contain or corrupt primary text.,resolved,inactive_pending_cross_archive_freeze
itws4c:631377,itws:631377,hold_unresolved_markup,exclude_unresolved_markup,,,rights_pass,Unknown markup may contain or corrupt primary text.,resolved,inactive_pending_cross_archive_freeze
itws4c:631388,itws:631388,hold_unresolved_markup,exclude_unresolved_markup,,,rights_pass,Unknown markup may contain or corrupt primary text.,resolved,inactive_pending_cross_archive_freeze
itws4c:631387,itws:631387,hold_unresolved_markup,exclude_unresolved_markup,,,rights_pass,Unknown markup may contain or corrupt primary text.,resolved,inactive_pending_cross_archive_freeze
itws4c:675776,itws:675776,hold_quality_or_editorial_review,exclude_quality_language_or_editorial_hold,,,rights_pass,"Non-removable quality, language-variety, transcription-gap, or editorial evidence remains.",resolved,inactive_pending_cross_archive_freeze
itws4c:679228,itws:679228,hold_unresolved_markup,exclude_unresolved_markup,,,rights_pass,Unknown markup may contain or corrupt primary text.,resolved,inactive_pending_cross_archive_freeze
itws4c:709375,itws:709375,hold_quality_or_editorial_review,exclude_quality_language_or_editorial_hold,,,rights_pass,"Non-removable quality, language-variety, transcription-gap, or editorial evidence remains.",resolved,inactive_pending_cross_archive_freeze
itws4c:670172,itws:670172,hold_quality_or_editorial_review,exclude_quality_language_or_editorial_hold,,,rights_pass,"Non-removable quality, language-variety, transcription-gap, or editorial evidence remains.",resolved,inactive_pending_cross_archive_freeze
itws4c:547591,itws:547591,hold_duplicate_review,exclude_quality_language_or_editorial_hold,,,rights_pass,"Non-removable quality, language-variety, transcription-gap, or editorial evidence remains.",resolved,inactive_pending_cross_archive_freeze
itws4c:889501,itws:889501,hold_quality_or_editorial_review,exclude_quality_language_or_editorial_hold,,,rights_pass,"Non-removable quality, language-variety, transcription-gap, or editorial evidence remains.",resolved,inactive_pending_cross_archive_freeze
itws4c:158628,itws:158628,hold_quality_or_editorial_review,exclude_quality_language_or_editorial_hold,,,rights_pass,"Non-removable quality, language-variety, transcription-gap, or editorial evidence remains.",resolved,inactive_pending_cross_archive_freeze
itws4c:91297,itws:91297,hold_quality_or_editorial_review,exclude_quality_language_or_editorial_hold,,,rights_pass,"Non-removable quality, language-variety, transcription-gap, or editorial evidence remains.",resolved,inactive_pending_cross_archive_freeze
itws4c:763720,itws:763720,hold_unresolved_markup,exclude_unresolved_markup,,,rights_pass,Unknown markup may contain or corrupt primary text.,resolved,inactive_pending_cross_archive_freeze
itws4c:518321,itws:518321,hold_duplicate_review,exclude_canonical_cross_corpus_duplicate,gutenberg_previous:pg25183,,rights_pass,An already resolved project source contains this Wikisource root.,resolved,inactive_pending_cross_archive_freeze
itws4c:619025,itws:619025,hold_quality_or_editorial_review,exclude_quality_language_or_editorial_hold,,,rights_pass,"Non-removable quality, language-variety, transcription-gap, or editorial evidence remains.",resolved,inactive_pending_cross_archive_freeze
itws4c:746760,itws:746760,hold_duplicate_review,eligible_inactive_processed_build,,,rights_pass,"Rights, quality, canonicalization, and protected-material gates passed.",resolved,inactive_pending_cross_archive_freeze
itws4c:942164,itws:942164,hold_quality_or_editorial_review,exclude_quality_language_or_editorial_hold,,,rights_pass,"Non-removable quality, language-variety, transcription-gap, or editorial evidence remains.",resolved,inactive_pending_cross_archive_freeze
itws4c:51022,itws:51022,hold_unresolved_markup,exclude_unresolved_markup,,,rights_pass,Unknown markup may contain or corrupt primary text.,resolved,inactive_pending_cross_archive_freeze
itws4c:202255,itws:202255,hold_missing_transcription,exclude_incomplete_transcription,,,rights_pass,Missing requested transcription pages make the work incomplete.,resolved,inactive_pending_cross_archive_freeze
itws4c:746054,itws:746054,hold_duplicate_review,exclude_internal_exact_duplicate,itws:746053,,rights_pass,Deterministic complete/long/stable-ID precedence selected another exact Wikisource root.,resolved,inactive_pending_cross_archive_freeze
itws4c:666950,itws:666950,hold_unresolved_markup,exclude_unresolved_markup,,,rights_pass,Unknown markup may contain or corrupt primary text.,resolved,inactive_pending_cross_archive_freeze
itws4c:364000,itws:364000,hold_quality_or_editorial_review,exclude_quality_language_or_editorial_hold,,,rights_pass,"Non-removable quality, language-variety, transcription-gap, or editorial evidence remains.",resolved,inactive_pending_cross_archive_freeze
itws4c:879510,itws:879510,hold_duplicate_review,exclude_internal_exact_duplicate,itws:877326,,rights_pass,Deterministic complete/long/stable-ID precedence selected another exact Wikisource root.,resolved,inactive_pending_cross_archive_freeze
itws4c:667255,itws:667255,hold_unresolved_markup,exclude_unresolved_markup,,,rights_pass,Unknown markup may contain or corrupt primary text.,resolved,inactive_pending_cross_archive_freeze
itws4c:883354,itws:883354,hold_duplicate_review,exclude_internal_exact_duplicate,itws:880098,,rights_pass,Deterministic complete/long/stable-ID precedence selected another exact Wikisource root.,resolved,inactive_pending_cross_archive_freeze
itws4c:746804,itws:746804,hold_duplicate_review,exclude_internal_exact_duplicate,itws:746803,,rights_pass,Deterministic complete/long/stable-ID precedence selected another exact Wikisource root.,resolved,inactive_pending_cross_archive_freeze
itws4c:886824,itws:886824,hold_quality_or_editorial_review,exclude_quality_language_or_editorial_hold,,,rights_pass,"Non-removable quality, language-variety, transcription-gap, or editorial evidence remains.",resolved,inactive_pending_cross_archive_freeze
itws4c:885111,itws:885111,hold_quality_or_editorial_review,exclude_quality_language_or_editorial_hold,,,rights_pass,"Non-removable quality, language-variety, transcription-gap, or editorial evidence remains.",resolved,inactive_pending_cross_archive_freeze
itws4c:879502,itws:879502,hold_duplicate_review,exclude_internal_exact_duplicate,itws:877326,,rights_pass,Deterministic complete/long/stable-ID precedence selected another exact Wikisource root.,resolved,inactive_pending_cross_archive_freeze
itws4c:530548,itws:530548,hold_quality_or_editorial_review,exclude_quality_language_or_editorial_hold,,,rights_pass,"Non-removable quality, language-variety, transcription-gap, or editorial evidence remains.",resolved,inactive_pending_cross_archive_freeze
itws4c:889075,itws:889075,hold_quality_or_editorial_review,exclude_quality_language_or_editorial_hold,,,rights_pass,"Non-removable quality, language-variety, transcription-gap, or editorial evidence remains.",resolved,inactive_pending_cross_archive_freeze
itws4c:889502,itws:889502,hold_quality_or_editorial_review,exclude_quality_language_or_editorial_hold,,,rights_pass,"Non-removable quality, language-variety, transcription-gap, or editorial evidence remains.",resolved,inactive_pending_cross_archive_freeze
itws4c:8039,itws:8039,hold_quality_or_editorial_review,exclude_quality_language_or_editorial_hold,,,rights_pass,"Non-removable quality, language-variety, transcription-gap, or editorial evidence remains.",resolved,inactive_pending_cross_archive_freeze
itws4c:141302,itws:141302,hold_unresolved_markup,exclude_unresolved_markup,,,rights_pass,Unknown markup may contain or corrupt primary text.,resolved,inactive_pending_cross_archive_freeze
itws4c:508291,itws:508291,hold_duplicate_review,exclude_quality_language_or_editorial_hold,,,rights_pass,"Non-removable quality, language-variety, transcription-gap, or editorial evidence remains.",resolved,inactive_pending_cross_archive_freeze
itws4c:682783,itws:682783,hold_quality_or_editorial_review,exclude_quality_language_or_editorial_hold,,,rights_pass,"Non-removable quality, language-variety, transcription-gap, or editorial evidence remains.",resolved,inactive_pending_cross_archive_freeze
itws4c:889510,itws:889510,hold_unresolved_markup,exclude_unresolved_markup,,,rights_pass,Unknown markup may contain or corrupt primary text.,resolved,inactive_pending_cross_archive_freeze
itws4c:518278,itws:518278,hold_duplicate_review,exclude_canonical_cross_corpus_duplicate,gutenberg_previous:pg28372,,rights_pass,An already resolved project source contains this Wikisource root.,resolved,inactive_pending_cross_archive_freeze
itws4c:599180,itws:599180,hold_unresolved_markup,exclude_unresolved_markup,,,rights_pass,Unknown markup may contain or corrupt primary text.,resolved,inactive_pending_cross_archive_freeze
itws4c:897206,itws:897206,hold_unresolved_markup,exclude_unresolved_markup,,,rights_pass,Unknown markup may contain or corrupt primary text.,resolved,inactive_pending_cross_archive_freeze
itws4c:409481,itws:409481,hold_unresolved_markup,exclude_unresolved_markup,,,rights_pass,Unknown markup may contain or corrupt primary text.,resolved,inactive_pending_cross_archive_freeze
itws4c:671674,itws:671674,hold_quality_or_editorial_review,exclude_quality_language_or_editorial_hold,,,rights_pass,"Non-removable quality, language-variety, transcription-gap, or editorial evidence remains.",resolved,inactive_pending_cross_archive_freeze
itws4c:1004027,itws:1004027,hold_quality_or_editorial_review,exclude_quality_language_or_editorial_hold,,,rights_pass,"Non-removable quality, language-variety, transcription-gap, or editorial evidence remains.",resolved,inactive_pending_cross_archive_freeze
itws4c:281323,itws:281323,hold_unresolved_markup,exclude_unresolved_markup,,,rights_pass,Unknown markup may contain or corrupt primary text.,resolved,inactive_pending_cross_archive_freeze
itws4c:960329,itws:960329,hold_unresolved_markup,exclude_unresolved_markup,,,rights_pass,Unknown markup may contain or corrupt primary text.,resolved,inactive_pending_cross_archive_freeze
itws4c:270707,itws:270707,hold_quality_or_editorial_review,exclude_quality_language_or_editorial_hold,,,rights_pass,"Non-removable quality, language-variety, transcription-gap, or editorial evidence remains.",resolved,inactive_pending_cross_archive_freeze
itws4c:512643,itws:512643,hold_quality_or_editorial_review,exclude_quality_language_or_editorial_hold,,,rights_pass,"Non-removable quality, language-variety, transcription-gap, or editorial evidence remains.",resolved,inactive_pending_cross_archive_freeze
itws4c:518322,itws:518322,hold_duplicate_review,exclude_canonical_cross_corpus_duplicate,gutenberg_previous:pg25198,,rights_pass,An already resolved project source contains this Wikisource root.,resolved,inactive_pending_cross_archive_freeze
itws4c:483133,itws:483133,hold_empty_extraction,exclude_empty_extraction,,,rights_pass,No primary text remains.,resolved,inactive_pending_cross_archive_freeze
itws4c:488278,itws:488278,hold_duplicate_review,exclude_internal_exact_duplicate,itws:488275,,rights_pass,Deterministic complete/long/stable-ID precedence selected another exact Wikisource root.,resolved,inactive_pending_cross_archive_freeze
itws4c:488275,itws:488275,hold_duplicate_review,eligible_inactive_processed_build,,,rights_pass,"Rights, quality, canonicalization, and protected-material gates passed.",resolved,inactive_pending_cross_archive_freeze
itws4c:5597,itws:5597,hold_duplicate_review,exclude_canonical_cross_corpus_duplicate,bibit:bibit001594,,rights_pass,An already resolved project source contains this Wikisource root.,resolved,inactive_pending_cross_archive_freeze
itws4c:492927,itws:492927,hold_unresolved_markup,exclude_unresolved_markup,,,rights_pass,Unknown markup may contain or corrupt primary text.,resolved,inactive_pending_cross_archive_freeze
itws4c:855640,itws:855640,hold_quality_or_editorial_review,exclude_quality_language_or_editorial_hold,,,rights_pass,"Non-removable quality, language-variety, transcription-gap, or editorial evidence remains.",resolved,inactive_pending_cross_archive_freeze
itws4c:533986,itws:533986,hold_quality_or_editorial_review,exclude_quality_language_or_editorial_hold,,,rights_pass,"Non-removable quality, language-variety, transcription-gap, or editorial evidence remains.",resolved,inactive_pending_cross_archive_freeze
itws4c:687256,itws:687256,hold_duplicate_review,exclude_source_rights_unresolved,,,rights_hold_modern_edition_contributor,"Post-1930 edition names a curator, translator, or illustrator whose contribution needs separate rights evidence.",resolved,inactive_pending_cross_archive_freeze
itws4c:892337,itws:892337,hold_unresolved_markup,exclude_unresolved_markup,,,rights_pass,Unknown markup may contain or corrupt primary text.,resolved,inactive_pending_cross_archive_freeze
itws4c:572678,itws:572678,hold_quality_or_editorial_review,exclude_quality_language_or_editorial_hold,,,rights_pass,"Non-removable quality, language-variety, transcription-gap, or editorial evidence remains.",resolved,inactive_pending_cross_archive_freeze
itws4c:746949,itws:746949,hold_duplicate_review,eligible_inactive_processed_build,,,rights_pass,"Rights, quality, canonicalization, and protected-material gates passed.",resolved,inactive_pending_cross_archive_freeze
itws4c:746686,itws:746686,hold_duplicate_review,exclude_internal_exact_duplicate,itws:746685,,rights_pass,Deterministic complete/long/stable-ID precedence selected another exact Wikisource root.,resolved,inactive_pending_cross_archive_freeze
itws4c:995738,itws:995738,hold_unresolved_markup,exclude_unresolved_markup,,,rights_pass,Unknown markup may contain or corrupt primary text.,resolved,inactive_pending_cross_archive_freeze
itws4c:985040,itws:985040,hold_unresolved_markup,exclude_unresolved_markup,,,rights_pass,Unknown markup may contain or corrupt primary text.,resolved,inactive_pending_cross_archive_freeze
itws4c:885975,itws:885975,hold_unresolved_markup,exclude_unresolved_markup,,,rights_pass,Unknown markup may contain or corrupt primary text.,resolved,inactive_pending_cross_archive_freeze
itws4c:351226,itws:351226,hold_missing_transcription,exclude_incomplete_transcription,,,rights_pass,Missing requested transcription pages make the work incomplete.,resolved,inactive_pending_cross_archive_freeze
itws4c:897132,itws:897132,hold_unresolved_markup,exclude_unresolved_markup,,,rights_pass,Unknown markup may contain or corrupt primary text.,resolved,inactive_pending_cross_archive_freeze
itws4c:678219,itws:678219,hold_unresolved_markup,exclude_unresolved_markup,,,rights_pass,Unknown markup may contain or corrupt primary text.,resolved,inactive_pending_cross_archive_freeze
itws4c:2800,itws:2800,hold_unresolved_markup,exclude_unresolved_markup,,,rights_pass,Unknown markup may contain or corrupt primary text.,resolved,inactive_pending_cross_archive_freeze
itws4c:678225,itws:678225,hold_quality_or_editorial_review,exclude_quality_language_or_editorial_hold,,,rights_pass,"Non-removable quality, language-variety, transcription-gap, or editorial evidence remains.",resolved,inactive_pending_cross_archive_freeze
itws4c:682782,itws:682782,hold_quality_or_editorial_review,exclude_quality_language_or_editorial_hold,,,rights_pass,"Non-removable quality, language-variety, transcription-gap, or editorial evidence remains.",resolved,inactive_pending_cross_archive_freeze
itws4c:712148,itws:712148,hold_duplicate_review,exclude_canonical_cross_corpus_duplicate,gutenberg_pass1b:pg64899,,rights_pass,An already resolved project source contains this Wikisource root.,resolved,inactive_pending_cross_archive_freeze
itws4c:919422,itws:919422,hold_missing_transcription,exclude_incomplete_transcription,,,rights_pass,Missing requested transcription pages make the work incomplete.,resolved,inactive_pending_cross_archive_freeze
itws4c:677315,itws:677315,hold_quality_or_editorial_review,exclude_quality_language_or_editorial_hold,,,rights_pass,"Non-removable quality, language-variety, transcription-gap, or editorial evidence remains.",resolved,inactive_pending_cross_archive_freeze
itws4c:674132,itws:674132,hold_quality_or_editorial_review,exclude_quality_language_or_editorial_hold,,,rights_pass,"Non-removable quality, language-variety, transcription-gap, or editorial evidence remains.",resolved,inactive_pending_cross_archive_freeze
itws4c:670290,itws:670290,hold_quality_or_editorial_review,exclude_quality_language_or_editorial_hold,,,rights_pass,"Non-removable quality, language-variety, transcription-gap, or editorial evidence remains.",resolved,inactive_pending_cross_archive_freeze
itws4c:669066,itws:669066,hold_quality_or_editorial_review,exclude_quality_language_or_editorial_hold,,,rights_pass,"Non-removable quality, language-variety, transcription-gap, or editorial evidence remains.",resolved,inactive_pending_cross_archive_freeze
itws4c:518280,itws:518280,hold_duplicate_review,exclude_canonical_cross_corpus_duplicate,gutenberg_previous:pg29872,,rights_pass,An already resolved project source contains this Wikisource root.,resolved,inactive_pending_cross_archive_freeze
itws4c:889508,itws:889508,hold_unresolved_markup,exclude_unresolved_markup,,,rights_pass,Unknown markup may contain or corrupt primary text.,resolved,inactive_pending_cross_archive_freeze
itws4c:348175,itws:348175,hold_duplicate_review,exclude_canonical_cross_corpus_duplicate,gutenberg_pass1b:pg25180,,rights_pass,An already resolved project source contains this Wikisource root.,resolved,inactive_pending_cross_archive_freeze
itws4c:746808,itws:746808,hold_duplicate_review,exclude_internal_exact_duplicate,itws:746807,,rights_pass,Deterministic complete/long/stable-ID precedence selected another exact Wikisource root.,resolved,inactive_pending_cross_archive_freeze
itws4c:533362,itws:533362,hold_quality_or_editorial_review,exclude_quality_language_or_editorial_hold,,,rights_pass,"Non-removable quality, language-variety, transcription-gap, or editorial evidence remains.",resolved,inactive_pending_cross_archive_freeze
itws4c:753373,itws:753373,hold_unresolved_markup,exclude_unresolved_markup,,,rights_pass,Unknown markup may contain or corrupt primary text.,resolved,inactive_pending_cross_archive_freeze
itws4c:770339,itws:770339,hold_unresolved_markup,exclude_unresolved_markup,,,rights_pass,Unknown markup may contain or corrupt primary text.,resolved,inactive_pending_cross_archive_freeze
itws4c:669897,itws:669897,hold_quality_or_editorial_review,exclude_quality_language_or_editorial_hold,,,rights_pass,"Non-removable quality, language-variety, transcription-gap, or editorial evidence remains.",resolved,inactive_pending_cross_archive_freeze
itws4c:891718,itws:891718,hold_quality_or_editorial_review,exclude_quality_language_or_editorial_hold,,,rights_pass,"Non-removable quality, language-variety, transcription-gap, or editorial evidence remains.",resolved,inactive_pending_cross_archive_freeze
itws4c:509496,itws:509496,hold_quality_or_editorial_review,exclude_source_rights_unresolved,,,rights_hold_modern_edition_contributor,"Post-1930 edition names a curator, translator, or illustrator whose contribution needs separate rights evidence.",resolved,inactive_pending_cross_archive_freeze
itws4c:746933,itws:746933,hold_duplicate_review,eligible_inactive_processed_build,,,rights_pass,"Rights, quality, canonicalization, and protected-material gates passed.",resolved,inactive_pending_cross_archive_freeze
itws4c:254380,itws:254380,hold_missing_transcription,exclude_incomplete_transcription,,,rights_pass,Missing requested transcription pages make the work incomplete.,resolved,inactive_pending_cross_archive_freeze
itws4c:827062,itws:827062,hold_duplicate_review,exclude_canonical_cross_corpus_duplicate,bibit:bibit000850,,rights_pass,An already resolved project source contains this Wikisource root.,resolved,inactive_pending_cross_archive_freeze
itws4c:981325,itws:981325,hold_unresolved_markup,exclude_source_rights_unresolved,,,rights_hold_modern_edition_contributor,"Post-1930 edition names a curator, translator, or illustrator whose contribution needs separate rights evidence.",resolved,inactive_pending_cross_archive_freeze
itws4c:852287,itws:852287,hold_quality_or_editorial_review,exclude_quality_language_or_editorial_hold,,,rights_pass,"Non-removable quality, language-variety, transcription-gap, or editorial evidence remains.",resolved,inactive_pending_cross_archive_freeze
itws4c:879794,itws:879794,hold_quality_or_editorial_review,exclude_quality_language_or_editorial_hold,,,rights_pass,"Non-removable quality, language-variety, transcription-gap, or editorial evidence remains.",resolved,inactive_pending_cross_archive_freeze
itws4c:679230,itws:679230,hold_quality_or_editorial_review,exclude_quality_language_or_editorial_hold,,,rights_pass,"Non-removable quality, language-variety, transcription-gap, or editorial evidence remains.",resolved,inactive_pending_cross_archive_freeze
itws4c:185739,itws:185739,hold_quality_or_editorial_review,exclude_quality_language_or_editorial_hold,,,rights_pass,"Non-removable quality, language-variety, transcription-gap, or editorial evidence remains.",resolved,inactive_pending_cross_archive_freeze
itws4c:616904,itws:616904,hold_unresolved_markup,exclude_unresolved_markup,,,rights_pass,Unknown markup may contain or corrupt primary text.,resolved,inactive_pending_cross_archive_freeze
itws4c:517667,itws:517667,hold_quality_or_editorial_review,exclude_quality_language_or_editorial_hold,,,rights_pass,"Non-removable quality, language-variety, transcription-gap, or editorial evidence remains.",resolved,inactive_pending_cross_archive_freeze
itws4c:803450,itws:803450,hold_unresolved_markup,exclude_source_rights_unresolved,,,rights_hold_modern_edition_contributor,"Post-1930 edition names a curator, translator, or illustrator whose contribution needs separate rights evidence.",resolved,inactive_pending_cross_archive_freeze
itws4c:576314,itws:576314,hold_missing_transcription,exclude_incomplete_transcription,,,rights_pass,Missing requested transcription pages make the work incomplete.,resolved,inactive_pending_cross_archive_freeze
itws4c:8686,itws:8686,hold_unresolved_markup,exclude_unresolved_markup,,,rights_pass,Unknown markup may contain or corrupt primary text.,resolved,inactive_pending_cross_archive_freeze
itws4c:755830,itws:755830,hold_unresolved_markup,exclude_unresolved_markup,,,rights_pass,Unknown markup may contain or corrupt primary text.,resolved,inactive_pending_cross_archive_freeze
itws4c:675615,itws:675615,hold_quality_or_editorial_review,exclude_quality_language_or_editorial_hold,,,rights_pass,"Non-removable quality, language-variety, transcription-gap, or editorial evidence remains.",resolved,inactive_pending_cross_archive_freeze
itws4c:269972,itws:269972,hold_duplicate_review,exclude_canonical_cross_corpus_duplicate,gutenberg_previous:pg19429,,rights_pass,An already resolved project source contains this Wikisource root.,resolved,inactive_pending_cross_archive_freeze
itws4c:198824,itws:198824,hold_quality_or_editorial_review,exclude_quality_language_or_editorial_hold,,,rights_pass,"Non-removable quality, language-variety, transcription-gap, or editorial evidence remains.",resolved,inactive_pending_cross_archive_freeze
itws4c:893995,itws:893995,hold_duplicate_review,exclude_internal_exact_duplicate,itws:893994,,rights_pass,Deterministic complete/long/stable-ID precedence selected another exact Wikisource root.,resolved,inactive_pending_cross_archive_freeze
itws4c:507582,itws:507582,hold_unresolved_markup,exclude_unresolved_markup,,,rights_pass,Unknown markup may contain or corrupt primary text.,resolved,inactive_pending_cross_archive_freeze
itws4c:497955,itws:497955,hold_missing_transcription,exclude_incomplete_transcription,,,rights_pass,Missing requested transcription pages make the work incomplete.,resolved,inactive_pending_cross_archive_freeze
itws4c:753369,itws:753369,hold_duplicate_review,exclude_canonical_cross_corpus_duplicate,bibit:bibit001032,,rights_pass,An already resolved project source contains this Wikisource root.,resolved,inactive_pending_cross_archive_freeze
itws4c:746005,itws:746005,hold_duplicate_review,exclude_internal_exact_duplicate,itws:746004,,rights_pass,Deterministic complete/long/stable-ID precedence selected another exact Wikisource root.,resolved,inactive_pending_cross_archive_freeze
itws4c:82994,itws:82994,hold_duplicate_review,eligible_inactive_processed_build,,,rights_pass,"Rights, quality, canonicalization, and protected-material gates passed.",resolved,inactive_pending_cross_archive_freeze
itws4c:424490,itws:424490,hold_quality_or_editorial_review,exclude_quality_language_or_editorial_hold,,,rights_pass,"Non-removable quality, language-variety, transcription-gap, or editorial evidence remains.",resolved,inactive_pending_cross_archive_freeze
itws4c:671750,itws:671750,hold_quality_or_editorial_review,exclude_quality_language_or_editorial_hold,,,rights_pass,"Non-removable quality, language-variety, transcription-gap, or editorial evidence remains.",resolved,inactive_pending_cross_archive_freeze
itws4c:499513,itws:499513,hold_missing_transcription,exclude_incomplete_transcription,,,rights_pass,Missing requested transcription pages make the work incomplete.,resolved,inactive_pending_cross_archive_freeze
itws4c:329920,itws:329920,hold_unresolved_markup,exclude_unresolved_markup,,,rights_pass,Unknown markup may contain or corrupt primary text.,resolved,inactive_pending_cross_archive_freeze
itws4c:279988,itws:279988,hold_quality_or_editorial_review,exclude_quality_language_or_editorial_hold,,,rights_pass,"Non-removable quality, language-variety, transcription-gap, or editorial evidence remains.",resolved,inactive_pending_cross_archive_freeze
itws4c:881036,itws:881036,hold_missing_transcription,exclude_incomplete_transcription,,,rights_pass,Missing requested transcription pages make the work incomplete.,resolved,inactive_pending_cross_archive_freeze
itws4c:441576,itws:441576,hold_unresolved_markup,exclude_unresolved_markup,,,rights_pass,Unknown markup may contain or corrupt primary text.,resolved,inactive_pending_cross_archive_freeze
itws4c:888028,itws:888028,hold_quality_or_editorial_review,exclude_quality_language_or_editorial_hold,,,rights_pass,"Non-removable quality, language-variety, transcription-gap, or editorial evidence remains.",resolved,inactive_pending_cross_archive_freeze
itws4c:883319,itws:883319,hold_unresolved_markup,exclude_unresolved_markup,,,rights_pass,Unknown markup may contain or corrupt primary text.,resolved,inactive_pending_cross_archive_freeze
itws4c:369286,itws:369286,hold_missing_transcription,exclude_incomplete_transcription,,,rights_pass,Missing requested transcription pages make the work incomplete.,resolved,inactive_pending_cross_archive_freeze
itws4c:504869,itws:504869,hold_unresolved_markup,exclude_source_rights_unresolved,,,rights_hold_incomplete_index_provenance,"Index metadata lacks author, year, or source evidence.",resolved,inactive_pending_cross_archive_freeze
itws4c:757207,itws:757207,hold_quality_or_editorial_review,exclude_quality_language_or_editorial_hold,,,rights_pass,"Non-removable quality, language-variety, transcription-gap, or editorial evidence remains.",resolved,inactive_pending_cross_archive_freeze
itws4c:746040,itws:746040,hold_duplicate_review,exclude_internal_exact_duplicate,itws:746039,,rights_pass,Deterministic complete/long/stable-ID precedence selected another exact Wikisource root.,resolved,inactive_pending_cross_archive_freeze
itws4c:746877,itws:746877,hold_duplicate_review,exclude_internal_near_duplicate,itws:746876,,rights_pass,Directional containment and deterministic completeness precedence selected another Wikisource root.,resolved,inactive_pending_cross_archive_freeze
itws4c:264136,itws:264136,hold_quality_or_editorial_review,exclude_quality_language_or_editorial_hold,,,rights_pass,"Non-removable quality, language-variety, transcription-gap, or editorial evidence remains.",resolved,inactive_pending_cross_archive_freeze
itws4c:677341,itws:677341,hold_quality_or_editorial_review,exclude_quality_language_or_editorial_hold,,,rights_pass,"Non-removable quality, language-variety, transcription-gap, or editorial evidence remains.",resolved,inactive_pending_cross_archive_freeze
itws4c:888867,itws:888867,hold_quality_or_editorial_review,exclude_quality_language_or_editorial_hold,,,rights_pass,"Non-removable quality, language-variety, transcription-gap, or editorial evidence remains.",resolved,inactive_pending_cross_archive_freeze
itws4c:897304,itws:897304,hold_unresolved_markup,exclude_unresolved_markup,,,rights_pass,Unknown markup may contain or corrupt primary text.,resolved,inactive_pending_cross_archive_freeze
itws4c:120611,itws:120611,hold_unresolved_markup,exclude_unresolved_markup,,,rights_pass,Unknown markup may contain or corrupt primary text.,resolved,inactive_pending_cross_archive_freeze
itws4c:93677,itws:93677,hold_quality_or_editorial_review,exclude_quality_language_or_editorial_hold,,,rights_pass,"Non-removable quality, language-variety, transcription-gap, or editorial evidence remains.",resolved,inactive_pending_cross_archive_freeze
itws4c:31804,itws:31804,hold_quality_or_editorial_review,exclude_quality_language_or_editorial_hold,,,rights_pass,"Non-removable quality, language-variety, transcription-gap, or editorial evidence remains.",resolved,inactive_pending_cross_archive_freeze
itws4c:443899,itws:443899,hold_unresolved_markup,exclude_unresolved_markup,,,rights_pass,Unknown markup may contain or corrupt primary text.,resolved,inactive_pending_cross_archive_freeze
itws4c:715877,itws:715877,hold_unresolved_markup,exclude_unresolved_markup,,,rights_pass,Unknown markup may contain or corrupt primary text.,resolved,inactive_pending_cross_archive_freeze
itws4c:892458,itws:892458,hold_unresolved_markup,exclude_unresolved_markup,,,rights_pass,Unknown markup may contain or corrupt primary text.,resolved,inactive_pending_cross_archive_freeze
itws4c:117520,itws:117520,hold_quality_or_editorial_review,exclude_quality_language_or_editorial_hold,,,rights_pass,"Non-removable quality, language-variety, transcription-gap, or editorial evidence remains.",resolved,inactive_pending_cross_archive_freeze
itws4c:763290,itws:763290,hold_unresolved_markup,exclude_unresolved_markup,,,rights_pass,Unknown markup may contain or corrupt primary text.,resolved,inactive_pending_cross_archive_freeze
itws4c:763216,itws:763216,hold_unresolved_markup,exclude_unresolved_markup,,,rights_pass,Unknown markup may contain or corrupt primary text.,resolved,inactive_pending_cross_archive_freeze
itws4c:499981,itws:499981,hold_quality_or_editorial_review,exclude_source_rights_unresolved,,,rights_hold_incomplete_index_provenance,"Index metadata lacks author, year, or source evidence.",resolved,inactive_pending_cross_archive_freeze
itws4c:924505,itws:924505,hold_missing_transcription,exclude_incomplete_transcription,,,rights_pass,Missing requested transcription pages make the work incomplete.,resolved,inactive_pending_cross_archive_freeze
itws4c:497146,itws:497146,hold_quality_or_editorial_review,exclude_quality_language_or_editorial_hold,,,rights_pass,"Non-removable quality, language-variety, transcription-gap, or editorial evidence remains.",resolved,inactive_pending_cross_archive_freeze
itws4c:850059,itws:850059,hold_unresolved_markup,exclude_unresolved_markup,,,rights_pass,Unknown markup may contain or corrupt primary text.,resolved,inactive_pending_cross_archive_freeze
itws4c:866659,itws:866659,hold_quality_or_editorial_review,exclude_quality_language_or_editorial_hold,,,rights_pass,"Non-removable quality, language-variety, transcription-gap, or editorial evidence remains.",resolved,inactive_pending_cross_archive_freeze
itws4c:882874,itws:882874,hold_unresolved_markup,exclude_unresolved_markup,,,rights_pass,Unknown markup may contain or corrupt primary text.,resolved,inactive_pending_cross_archive_freeze
itws4c:678231,itws:678231,hold_quality_or_editorial_review,exclude_quality_language_or_editorial_hold,,,rights_pass,"Non-removable quality, language-variety, transcription-gap, or editorial evidence remains.",resolved,inactive_pending_cross_archive_freeze
itws4c:568159,itws:568159,hold_quality_or_editorial_review,exclude_quality_language_or_editorial_hold,,,rights_pass,"Non-removable quality, language-variety, transcription-gap, or editorial evidence remains.",resolved,inactive_pending_cross_archive_freeze
itws4c:243588,itws:243588,hold_unresolved_markup,exclude_unresolved_markup,,,rights_pass,Unknown markup may contain or corrupt primary text.,resolved,inactive_pending_cross_archive_freeze
itws4c:746050,itws:746050,hold_duplicate_review,exclude_internal_exact_duplicate,itws:746049,,rights_pass,Deterministic complete/long/stable-ID precedence selected another exact Wikisource root.,resolved,inactive_pending_cross_archive_freeze
itws4c:518282,itws:518282,hold_duplicate_review,exclude_quality_language_or_editorial_hold,,,rights_pass,"Non-removable quality, language-variety, transcription-gap, or editorial evidence remains.",resolved,inactive_pending_cross_archive_freeze
itws4c:696651,itws:696651,hold_unresolved_markup,exclude_unresolved_markup,,,rights_pass,Unknown markup may contain or corrupt primary text.,resolved,inactive_pending_cross_archive_freeze
itws4c:555370,itws:555370,hold_duplicate_review,exclude_canonical_cross_corpus_duplicate,gutenberg_previous:pg26452,,rights_pass,An already resolved project source contains this Wikisource root.,resolved,inactive_pending_cross_archive_freeze
itws4c:76548,itws:76548,hold_unresolved_markup,exclude_unresolved_markup,,,rights_pass,Unknown markup may contain or corrupt primary text.,resolved,inactive_pending_cross_archive_freeze
itws4c:875985,itws:875985,hold_duplicate_review,exclude_internal_exact_duplicate,itws:875978,,rights_pass,Deterministic complete/long/stable-ID precedence selected another exact Wikisource root.,resolved,inactive_pending_cross_archive_freeze
itws4c:889512,itws:889512,hold_quality_or_editorial_review,exclude_quality_language_or_editorial_hold,,,rights_pass,"Non-removable quality, language-variety, transcription-gap, or editorial evidence remains.",resolved,inactive_pending_cross_archive_freeze
itws4c:681969,itws:681969,hold_quality_or_editorial_review,exclude_quality_language_or_editorial_hold,,,rights_pass,"Non-removable quality, language-variety, transcription-gap, or editorial evidence remains.",resolved,inactive_pending_cross_archive_freeze
itws4c:891788,itws:891788,hold_duplicate_review,eligible_inactive_processed_build,,,rights_pass,"Rights, quality, canonicalization, and protected-material gates passed.",resolved,inactive_pending_cross_archive_freeze
itws4c:798072,itws:798072,hold_duplicate_review,eligible_inactive_processed_build,,bibit:bibit000940,rights_pass,"Rights, quality, canonicalization, and protected-material gates passed.",resolved,inactive_pending_cross_archive_freeze
itws4c:545044,itws:545044,hold_quality_or_editorial_review,exclude_quality_language_or_editorial_hold,,,rights_pass,"Non-removable quality, language-variety, transcription-gap, or editorial evidence remains.",resolved,inactive_pending_cross_archive_freeze
itws4c:541928,itws:541928,hold_quality_or_editorial_review,exclude_quality_language_or_editorial_hold,,,rights_pass,"Non-removable quality, language-variety, transcription-gap, or editorial evidence remains.",resolved,inactive_pending_cross_archive_freeze
itws4c:216783,itws:216783,hold_unresolved_markup,exclude_unresolved_markup,,,rights_pass,Unknown markup may contain or corrupt primary text.,resolved,inactive_pending_cross_archive_freeze
itws4c:989422,itws:989422,hold_unresolved_markup,exclude_unresolved_markup,,,rights_pass,Unknown markup may contain or corrupt primary text.,resolved,inactive_pending_cross_archive_freeze
itws4c:742708,itws:742708,hold_duplicate_review,eligible_inactive_processed_build,,,rights_pass,"Rights, quality, canonicalization, and protected-material gates passed.",resolved,inactive_pending_cross_archive_freeze
itws4c:742680,itws:742680,hold_duplicate_review,eligible_sonnets_only_inactive,,,rights_pass,Only verified unique sonnet artifacts remain after wrapper and duplicate removal.,resolved,inactive_pending_cross_archive_freeze
itws4c:974750,itws:974750,hold_quality_or_editorial_review,exclude_quality_language_or_editorial_hold,,,rights_pass,"Non-removable quality, language-variety, transcription-gap, or editorial evidence remains.",resolved,inactive_pending_cross_archive_freeze
itws4c:883505,itws:883505,hold_duplicate_review,exclude_internal_exact_duplicate,itws:883503,,rights_pass,Deterministic complete/long/stable-ID precedence selected another exact Wikisource root.,resolved,inactive_pending_cross_archive_freeze
itws4c:746013,itws:746013,hold_duplicate_review,exclude_internal_exact_duplicate,itws:746012,,rights_pass,Deterministic complete/long/stable-ID precedence selected another exact Wikisource root.,resolved,inactive_pending_cross_archive_freeze
itws4c:746093,itws:746093,hold_duplicate_review,exclude_internal_exact_duplicate,itws:746092,,rights_pass,Deterministic complete/long/stable-ID precedence selected another exact Wikisource root.,resolved,inactive_pending_cross_archive_freeze
itws4c:67272,itws:67272,hold_protected_v6_overlap,exclude_source_rights_unresolved,,protected_v6:sannazaro_lasso_ch_io_non_so_di_chi_biasmarmi,rights_hold_modern_edition_contributor,"Post-1930 edition names a curator, translator, or illustrator whose contribution needs separate rights evidence.",resolved,inactive_pending_cross_archive_freeze
itws4c:980213,itws:980213,hold_duplicate_review,exclude_source_rights_unresolved,,,rights_hold_modern_edition_contributor,"Post-1930 edition names a curator, translator, or illustrator whose contribution needs separate rights evidence.",resolved,inactive_pending_cross_archive_freeze
itws4c:67258,itws:67258,hold_duplicate_review,exclude_source_rights_unresolved,,,rights_hold_modern_edition_contributor,"Post-1930 edition names a curator, translator, or illustrator whose contribution needs separate rights evidence.",resolved,inactive_pending_cross_archive_freeze
itws4c:746777,itws:746777,hold_duplicate_review,exclude_internal_exact_duplicate,itws:746776,,rights_pass,Deterministic complete/long/stable-ID precedence selected another exact Wikisource root.,resolved,inactive_pending_cross_archive_freeze
itws4c:68158,itws:68158,hold_unresolved_markup,exclude_source_rights_unresolved,,,rights_hold_modern_edition_contributor,"Post-1930 edition names a curator, translator, or illustrator whose contribution needs separate rights evidence.",resolved,inactive_pending_cross_archive_freeze
itws4c:543608,itws:543608,hold_quality_or_editorial_review,exclude_quality_language_or_editorial_hold,,,rights_pass,"Non-removable quality, language-variety, transcription-gap, or editorial evidence remains.",resolved,inactive_pending_cross_archive_freeze
itws4c:135653,itws:135653,hold_missing_transcription,exclude_incomplete_transcription,,,rights_pass,Missing requested transcription pages make the work incomplete.,resolved,inactive_pending_cross_archive_freeze
itws4c:533931,itws:533931,hold_missing_transcription,exclude_incomplete_transcription,,,rights_pass,Missing requested transcription pages make the work incomplete.,resolved,inactive_pending_cross_archive_freeze
itws4c:1907,itws:1907,hold_unresolved_markup,exclude_unresolved_markup,,,rights_pass,Unknown markup may contain or corrupt primary text.,resolved,inactive_pending_cross_archive_freeze
itws4c:516847,itws:516847,hold_unresolved_markup,exclude_unresolved_markup,,,rights_pass,Unknown markup may contain or corrupt primary text.,resolved,inactive_pending_cross_archive_freeze
itws4c:63599,itws:63599,hold_duplicate_review,exclude_quality_language_or_editorial_hold,,,rights_pass,"Non-removable quality, language-variety, transcription-gap, or editorial evidence remains.",resolved,inactive_pending_cross_archive_freeze
itws4c:534774,itws:534774,hold_quality_or_editorial_review,exclude_quality_language_or_editorial_hold,,,rights_pass,"Non-removable quality, language-variety, transcription-gap, or editorial evidence remains.",resolved,inactive_pending_cross_archive_freeze
itws4c:281119,itws:281119,hold_unresolved_markup,exclude_unresolved_markup,,,rights_pass,Unknown markup may contain or corrupt primary text.,resolved,inactive_pending_cross_archive_freeze
itws4c:753370,itws:753370,hold_quality_or_editorial_review,exclude_quality_language_or_editorial_hold,,,rights_pass,"Non-removable quality, language-variety, transcription-gap, or editorial evidence remains.",resolved,inactive_pending_cross_archive_freeze
itws4c:269619,itws:269619,hold_duplicate_review,exclude_canonical_cross_corpus_duplicate,gutenberg_previous:pg19429,,rights_pass,An already resolved project source contains this Wikisource root.,resolved,inactive_pending_cross_archive_freeze
itws4c:213238,itws:213238,hold_duplicate_review,exclude_quality_language_or_editorial_hold,,,rights_pass,"Non-removable quality, language-variety, transcription-gap, or editorial evidence remains.",resolved,inactive_pending_cross_archive_freeze
itws4c:624910,itws:624910,hold_unresolved_markup,exclude_source_rights_unresolved,,,rights_hold_incomplete_index_provenance,"Index metadata lacks author, year, or source evidence.",resolved,inactive_pending_cross_archive_freeze
itws4c:624932,itws:624932,hold_unresolved_markup,exclude_source_rights_unresolved,,,rights_hold_incomplete_index_provenance,"Index metadata lacks author, year, or source evidence.",resolved,inactive_pending_cross_archive_freeze
itws4c:624921,itws:624921,hold_unresolved_markup,exclude_source_rights_unresolved,,,rights_hold_incomplete_index_provenance,"Index metadata lacks author, year, or source evidence.",resolved,inactive_pending_cross_archive_freeze
itws4c:567639,itws:567639,hold_unresolved_markup,exclude_unresolved_markup,,,rights_pass,Unknown markup may contain or corrupt primary text.,resolved,inactive_pending_cross_archive_freeze
itws4c:674113,itws:674113,hold_quality_or_editorial_review,exclude_quality_language_or_editorial_hold,,,rights_pass,"Non-removable quality, language-variety, transcription-gap, or editorial evidence remains.",resolved,inactive_pending_cross_archive_freeze
itws4c:518658,itws:518658,hold_quality_or_editorial_review,exclude_quality_language_or_editorial_hold,,,rights_pass,"Non-removable quality, language-variety, transcription-gap, or editorial evidence remains.",resolved,inactive_pending_cross_archive_freeze
itws4c:682694,itws:682694,hold_quality_or_editorial_review,exclude_quality_language_or_editorial_hold,,,rights_pass,"Non-removable quality, language-variety, transcription-gap, or editorial evidence remains.",resolved,inactive_pending_cross_archive_freeze
itws4c:541437,itws:541437,hold_unresolved_markup,exclude_unresolved_markup,,,rights_pass,Unknown markup may contain or corrupt primary text.,resolved,inactive_pending_cross_archive_freeze
itws4c:400628,itws:400628,hold_unresolved_markup,exclude_unresolved_markup,,,rights_pass,Unknown markup may contain or corrupt primary text.,resolved,inactive_pending_cross_archive_freeze
itws4c:746100,itws:746100,hold_duplicate_review,eligible_inactive_processed_build,,,rights_pass,"Rights, quality, canonicalization, and protected-material gates passed.",resolved,inactive_pending_cross_archive_freeze
itws4c:91271,itws:91271,hold_unresolved_markup,exclude_unresolved_markup,,,rights_pass,Unknown markup may contain or corrupt primary text.,resolved,inactive_pending_cross_archive_freeze
itws4c:326949,itws:326949,hold_unresolved_markup,exclude_unresolved_markup,,,rights_pass,Unknown markup may contain or corrupt primary text.,resolved,inactive_pending_cross_archive_freeze
itws4c:953086,itws:953086,hold_quality_or_editorial_review,exclude_quality_language_or_editorial_hold,,,rights_pass,"Non-removable quality, language-variety, transcription-gap, or editorial evidence remains.",resolved,inactive_pending_cross_archive_freeze
itws4c:746613,itws:746613,hold_duplicate_review,exclude_internal_exact_duplicate,itws:746612,,rights_pass,Deterministic complete/long/stable-ID precedence selected another exact Wikisource root.,resolved,inactive_pending_cross_archive_freeze
itws4c:2616,itws:2616,hold_quality_or_editorial_review,exclude_quality_language_or_editorial_hold,,,rights_pass,"Non-removable quality, language-variety, transcription-gap, or editorial evidence remains.",resolved,inactive_pending_cross_archive_freeze
itws4c:185055,itws:185055,hold_unresolved_markup,exclude_unresolved_markup,,,rights_pass,Unknown markup may contain or corrupt primary text.,resolved,inactive_pending_cross_archive_freeze
itws4c:896413,itws:896413,hold_unresolved_markup,exclude_unresolved_markup,,,rights_pass,Unknown markup may contain or corrupt primary text.,resolved,inactive_pending_cross_archive_freeze
itws4c:574115,itws:574115,hold_unresolved_markup,exclude_source_rights_unresolved,,,rights_hold_incomplete_index_provenance,"Index metadata lacks author, year, or source evidence.",resolved,inactive_pending_cross_archive_freeze
itws4c:894282,itws:894282,hold_duplicate_review,exclude_internal_exact_duplicate,itws:894280,,rights_pass,Deterministic complete/long/stable-ID precedence selected another exact Wikisource root.,resolved,inactive_pending_cross_archive_freeze
itws4c:121719,itws:121719,hold_quality_or_editorial_review,exclude_quality_language_or_editorial_hold,,,rights_pass,"Non-removable quality, language-variety, transcription-gap, or editorial evidence remains.",resolved,inactive_pending_cross_archive_freeze
itws4c:896739,itws:896739,hold_unresolved_markup,exclude_unresolved_markup,,,rights_pass,Unknown markup may contain or corrupt primary text.,resolved,inactive_pending_cross_archive_freeze
itws4c:327028,itws:327028,hold_duplicate_review,exclude_quality_language_or_editorial_hold,,,rights_pass,"Non-removable quality, language-variety, transcription-gap, or editorial evidence remains.",resolved,inactive_pending_cross_archive_freeze
itws4c:265694,itws:265694,hold_unresolved_markup,exclude_unresolved_markup,,,rights_pass,Unknown markup may contain or corrupt primary text.,resolved,inactive_pending_cross_archive_freeze
itws4c:368198,itws:368198,hold_unresolved_markup,exclude_unresolved_markup,,,rights_pass,Unknown markup may contain or corrupt primary text.,resolved,inactive_pending_cross_archive_freeze
itws4c:586888,itws:586888,hold_missing_transcription,exclude_incomplete_transcription,,,rights_pass,Missing requested transcription pages make the work incomplete.,resolved,inactive_pending_cross_archive_freeze
itws4c:498159,itws:498159,hold_unresolved_markup,exclude_unresolved_markup,,,rights_pass,Unknown markup may contain or corrupt primary text.,resolved,inactive_pending_cross_archive_freeze
itws4c:589480,itws:589480,hold_unresolved_markup,exclude_unresolved_markup,,,rights_pass,Unknown markup may contain or corrupt primary text.,resolved,inactive_pending_cross_archive_freeze
itws4c:384887,itws:384887,hold_unresolved_markup,exclude_unresolved_markup,,,rights_pass,Unknown markup may contain or corrupt primary text.,resolved,inactive_pending_cross_archive_freeze
itws4c:335504,itws:335504,hold_missing_transcription,exclude_incomplete_transcription,,,rights_pass,Missing requested transcription pages make the work incomplete.,resolved,inactive_pending_cross_archive_freeze
itws4c:245611,itws:245611,hold_unresolved_markup,exclude_unresolved_markup,,,rights_pass,Unknown markup may contain or corrupt primary text.,resolved,inactive_pending_cross_archive_freeze
itws4c:269620,itws:269620,hold_unresolved_markup,exclude_unresolved_markup,,,rights_pass,Unknown markup may contain or corrupt primary text.,resolved,inactive_pending_cross_archive_freeze
itws4c:746865,itws:746865,hold_duplicate_review,eligible_inactive_processed_build,,,rights_pass,"Rights, quality, canonicalization, and protected-material gates passed.",resolved,inactive_pending_cross_archive_freeze
itws4c:883507,itws:883507,hold_duplicate_review,exclude_internal_exact_duplicate,itws:883503,,rights_pass,Deterministic complete/long/stable-ID precedence selected another exact Wikisource root.,resolved,inactive_pending_cross_archive_freeze
itws4c:827055,itws:827055,hold_duplicate_review,exclude_canonical_cross_corpus_duplicate,bibit:bibit000469,,rights_pass,An already resolved project source contains this Wikisource root.,resolved,inactive_pending_cross_archive_freeze
itws4c:274827,itws:274827,hold_quality_or_editorial_review,exclude_quality_language_or_editorial_hold,,,rights_pass,"Non-removable quality, language-variety, transcription-gap, or editorial evidence remains.",resolved,inactive_pending_cross_archive_freeze
itws4c:59751,itws:59751,hold_quality_or_editorial_review,exclude_quality_language_or_editorial_hold,,,rights_pass,"Non-removable quality, language-variety, transcription-gap, or editorial evidence remains.",resolved,inactive_pending_cross_archive_freeze
itws4c:396589,itws:396589,hold_unresolved_markup,exclude_unresolved_markup,,,rights_pass,Unknown markup may contain or corrupt primary text.,resolved,inactive_pending_cross_archive_freeze
itws4c:28118,itws:28118,hold_unresolved_markup,exclude_unresolved_markup,,,rights_pass,Unknown markup may contain or corrupt primary text.,resolved,inactive_pending_cross_archive_freeze
itws4c:13638,itws:13638,hold_duplicate_review,exclude_canonical_cross_corpus_duplicate,bibit:bibit001594,,rights_pass,An already resolved project source contains this Wikisource root.,resolved,inactive_pending_cross_archive_freeze
itws4c:704176,itws:704176,hold_quality_or_editorial_review,exclude_quality_language_or_editorial_hold,,,rights_pass,"Non-removable quality, language-variety, transcription-gap, or editorial evidence remains.",resolved,inactive_pending_cross_archive_freeze
itws4c:391403,itws:391403,hold_quality_or_editorial_review,exclude_quality_language_or_editorial_hold,,,rights_pass,"Non-removable quality, language-variety, transcription-gap, or editorial evidence remains.",resolved,inactive_pending_cross_archive_freeze
itws4c:802821,itws:802821,hold_quality_or_editorial_review,exclude_quality_language_or_editorial_hold,,,rights_pass,"Non-removable quality, language-variety, transcription-gap, or editorial evidence remains.",resolved,inactive_pending_cross_archive_freeze
itws4c:1005875,itws:1005875,hold_quality_or_editorial_review,exclude_quality_language_or_editorial_hold,,,rights_pass,"Non-removable quality, language-variety, transcription-gap, or editorial evidence remains.",resolved,inactive_pending_cross_archive_freeze
itws4c:217006,itws:217006,hold_unresolved_markup,exclude_unresolved_markup,,,rights_pass,Unknown markup may contain or corrupt primary text.,resolved,inactive_pending_cross_archive_freeze
itws4c:435726,itws:435726,hold_unresolved_markup,exclude_unresolved_markup,,,rights_pass,Unknown markup may contain or corrupt primary text.,resolved,inactive_pending_cross_archive_freeze
itws4c:59917,itws:59917,hold_unresolved_markup,exclude_unresolved_markup,,,rights_pass,Unknown markup may contain or corrupt primary text.,resolved,inactive_pending_cross_archive_freeze
itws4c:621851,itws:621851,hold_quality_or_editorial_review,exclude_quality_language_or_editorial_hold,,,rights_pass,"Non-removable quality, language-variety, transcription-gap, or editorial evidence remains.",resolved,inactive_pending_cross_archive_freeze
itws4c:350063,itws:350063,hold_unresolved_markup,exclude_unresolved_markup,,,rights_pass,Unknown markup may contain or corrupt primary text.,resolved,inactive_pending_cross_archive_freeze
itws4c:85158,itws:85158,hold_unresolved_markup,exclude_unresolved_markup,,,rights_pass,Unknown markup may contain or corrupt primary text.,resolved,inactive_pending_cross_archive_freeze
itws4c:63438,itws:63438,hold_duplicate_review,eligible_inactive_processed_build,,,rights_pass,"Rights, quality, canonicalization, and protected-material gates passed.",resolved,inactive_pending_cross_archive_freeze
itws4c:65286,itws:65286,hold_duplicate_review,exclude_internal_exact_duplicate,itws:63438,,rights_pass,Deterministic complete/long/stable-ID precedence selected another exact Wikisource root.,resolved,inactive_pending_cross_archive_freeze
itws4c:346323,itws:346323,hold_quality_or_editorial_review,exclude_quality_language_or_editorial_hold,,,rights_pass,"Non-removable quality, language-variety, transcription-gap, or editorial evidence remains.",resolved,inactive_pending_cross_archive_freeze
itws4c:278486,itws:278486,hold_unresolved_markup,exclude_unresolved_markup,,,rights_pass,Unknown markup may contain or corrupt primary text.,resolved,inactive_pending_cross_archive_freeze
itws4c:248984,itws:248984,hold_unresolved_markup,exclude_unresolved_markup,,,rights_pass,Unknown markup may contain or corrupt primary text.,resolved,inactive_pending_cross_archive_freeze
itws4c:540060,itws:540060,hold_duplicate_review,exclude_canonical_cross_corpus_duplicate,gutenberg_previous:pg20094,,rights_pass,An already resolved project source contains this Wikisource root.,resolved,inactive_pending_cross_archive_freeze
itws4c:318581,itws:318581,hold_unresolved_markup,exclude_unresolved_markup,,,rights_pass,Unknown markup may contain or corrupt primary text.,resolved,inactive_pending_cross_archive_freeze
itws4c:792658,itws:792658,hold_unresolved_markup,exclude_source_rights_unresolved,,,rights_hold_modern_edition_contributor,"Post-1930 edition names a curator, translator, or illustrator whose contribution needs separate rights evidence.",resolved,inactive_pending_cross_archive_freeze
itws4c:773941,itws:773941,hold_unresolved_markup,exclude_unresolved_markup,,,rights_pass,Unknown markup may contain or corrupt primary text.,resolved,inactive_pending_cross_archive_freeze
itws4c:403963,itws:403963,hold_quality_or_editorial_review,exclude_quality_language_or_editorial_hold,,,rights_pass,"Non-removable quality, language-variety, transcription-gap, or editorial evidence remains.",resolved,inactive_pending_cross_archive_freeze
itws4c:458445,itws:458445,hold_unresolved_markup,exclude_unresolved_markup,,,rights_pass,Unknown markup may contain or corrupt primary text.,resolved,inactive_pending_cross_archive_freeze
itws4c:90541,itws:90541,hold_unresolved_markup,exclude_unresolved_markup,,,rights_pass,Unknown markup may contain or corrupt primary text.,resolved,inactive_pending_cross_archive_freeze
itws4c:392998,itws:392998,hold_quality_or_editorial_review,exclude_quality_language_or_editorial_hold,,,rights_pass,"Non-removable quality, language-variety, transcription-gap, or editorial evidence remains.",resolved,inactive_pending_cross_archive_freeze
itws4c:428338,itws:428338,hold_quality_or_editorial_review,exclude_quality_language_or_editorial_hold,,,rights_pass,"Non-removable quality, language-variety, transcription-gap, or editorial evidence remains.",resolved,inactive_pending_cross_archive_freeze
itws4c:393000,itws:393000,hold_duplicate_review,exclude_quality_language_or_editorial_hold,,,rights_pass,"Non-removable quality, language-variety, transcription-gap, or editorial evidence remains.",resolved,inactive_pending_cross_archive_freeze
itws4c:456418,itws:456418,hold_missing_transcription,exclude_incomplete_transcription,,,rights_pass,Missing requested transcription pages make the work incomplete.,resolved,inactive_pending_cross_archive_freeze
itws4c:393292,itws:393292,hold_quality_or_editorial_review,exclude_quality_language_or_editorial_hold,,,rights_pass,"Non-removable quality, language-variety, transcription-gap, or editorial evidence remains.",resolved,inactive_pending_cross_archive_freeze
itws4c:364608,itws:364608,hold_quality_or_editorial_review,exclude_quality_language_or_editorial_hold,,,rights_pass,"Non-removable quality, language-variety, transcription-gap, or editorial evidence remains.",resolved,inactive_pending_cross_archive_freeze
itws4c:449475,itws:449475,hold_unresolved_markup,exclude_unresolved_markup,,,rights_pass,Unknown markup may contain or corrupt primary text.,resolved,inactive_pending_cross_archive_freeze
itws4c:101426,itws:101426,hold_missing_transcription,exclude_incomplete_transcription,,,rights_pass,Missing requested transcription pages make the work incomplete.,resolved,inactive_pending_cross_archive_freeze
itws4c:3426,itws:3426,hold_unresolved_markup,exclude_unresolved_markup,,,rights_pass,Unknown markup may contain or corrupt primary text.,resolved,inactive_pending_cross_archive_freeze
itws4c:20307,itws:20307,hold_quality_or_editorial_review,exclude_quality_language_or_editorial_hold,,,rights_pass,"Non-removable quality, language-variety, transcription-gap, or editorial evidence remains.",resolved,inactive_pending_cross_archive_freeze
itws4c:593598,itws:593598,hold_unresolved_markup,exclude_unresolved_markup,,,rights_pass,Unknown markup may contain or corrupt primary text.,resolved,inactive_pending_cross_archive_freeze
itws4c:482457,itws:482457,hold_unresolved_markup,exclude_unresolved_markup,,,rights_pass,Unknown markup may contain or corrupt primary text.,resolved,inactive_pending_cross_archive_freeze
itws4c:746798,itws:746798,hold_duplicate_review,exclude_internal_exact_duplicate,itws:746797,,rights_pass,Deterministic complete/long/stable-ID precedence selected another exact Wikisource root.,resolved,inactive_pending_cross_archive_freeze
itws4c:745985,itws:745985,hold_duplicate_review,exclude_internal_exact_duplicate,itws:745983,,rights_pass,Deterministic complete/long/stable-ID precedence selected another exact Wikisource root.,resolved,inactive_pending_cross_archive_freeze
itws4c:896031,itws:896031,hold_unresolved_markup,exclude_unresolved_markup,,,rights_pass,Unknown markup may contain or corrupt primary text.,resolved,inactive_pending_cross_archive_freeze
itws4c:678207,itws:678207,hold_quality_or_editorial_review,exclude_quality_language_or_editorial_hold,,,rights_pass,"Non-removable quality, language-variety, transcription-gap, or editorial evidence remains.",resolved,inactive_pending_cross_archive_freeze
itws4c:746648,itws:746648,hold_duplicate_review,eligible_inactive_processed_build,,,rights_pass,"Rights, quality, canonicalization, and protected-material gates passed.",resolved,inactive_pending_cross_archive_freeze
itws4c:586942,itws:586942,hold_missing_transcription,exclude_source_rights_unresolved,,,rights_hold_incomplete_index_provenance,"Index metadata lacks author, year, or source evidence.",resolved,inactive_pending_cross_archive_freeze
itws4c:571444,itws:571444,hold_missing_transcription,exclude_incomplete_transcription,,,rights_pass,Missing requested transcription pages make the work incomplete.,resolved,inactive_pending_cross_archive_freeze
itws4c:742754,itws:742754,hold_duplicate_review,exclude_no_unique_material_after_segmentation,,,rights_pass,No unique broader text or eligible sonnet remains after segmentation.,resolved,inactive_pending_cross_archive_freeze
itws4c:742728,itws:742728,hold_duplicate_review,exclude_no_unique_material_after_segmentation,,,rights_pass,No unique broader text or eligible sonnet remains after segmentation.,resolved,inactive_pending_cross_archive_freeze
itws4c:49333,itws:49333,hold_unresolved_markup,exclude_unresolved_markup,,,rights_pass,Unknown markup may contain or corrupt primary text.,resolved,inactive_pending_cross_archive_freeze
itws4c:10684,itws:10684,hold_quality_or_editorial_review,exclude_source_rights_unresolved,,,rights_hold_modern_edition_contributor,"Post-1930 edition names a curator, translator, or illustrator whose contribution needs separate rights evidence.",resolved,inactive_pending_cross_archive_freeze
itws4c:891803,itws:891803,hold_quality_or_editorial_review,exclude_quality_language_or_editorial_hold,,,rights_pass,"Non-removable quality, language-variety, transcription-gap, or editorial evidence remains.",resolved,inactive_pending_cross_archive_freeze
itws4c:875957,itws:875957,hold_duplicate_review,eligible_inactive_processed_build,,,rights_pass,"Rights, quality, canonicalization, and protected-material gates passed.",resolved,inactive_pending_cross_archive_freeze
itws4c:880038,itws:880038,hold_duplicate_review,exclude_internal_exact_duplicate,itws:880035,,rights_pass,Deterministic complete/long/stable-ID precedence selected another exact Wikisource root.,resolved,inactive_pending_cross_archive_freeze
itws4c:742703,itws:742703,hold_duplicate_review,exclude_internal_exact_duplicate,itws:742702,,rights_pass,Deterministic complete/long/stable-ID precedence selected another exact Wikisource root.,resolved,inactive_pending_cross_archive_freeze
itws4c:595271,itws:595271,hold_quality_or_editorial_review,exclude_quality_language_or_editorial_hold,,,rights_pass,"Non-removable quality, language-variety, transcription-gap, or editorial evidence remains.",resolved,inactive_pending_cross_archive_freeze
itws4c:491047,itws:491047,hold_quality_or_editorial_review,exclude_quality_language_or_editorial_hold,,,rights_pass,"Non-removable quality, language-variety, transcription-gap, or editorial evidence remains.",resolved,inactive_pending_cross_archive_freeze
itws4c:746659,itws:746659,hold_duplicate_review,exclude_internal_exact_duplicate,itws:746658,,rights_pass,Deterministic complete/long/stable-ID precedence selected another exact Wikisource root.,resolved,inactive_pending_cross_archive_freeze
itws4c:746658,itws:746658,hold_duplicate_review,eligible_inactive_processed_build,,,rights_pass,"Rights, quality, canonicalization, and protected-material gates passed.",resolved,inactive_pending_cross_archive_freeze
itws4c:746630,itws:746630,hold_duplicate_review,eligible_inactive_processed_build,,,rights_pass,"Rights, quality, canonicalization, and protected-material gates passed.",resolved,inactive_pending_cross_archive_freeze
itws4c:67265,itws:67265,hold_duplicate_review,exclude_source_rights_unresolved,,,rights_hold_modern_edition_contributor,"Post-1930 edition names a curator, translator, or illustrator whose contribution needs separate rights evidence.",resolved,inactive_pending_cross_archive_freeze
itws4c:746015,itws:746015,hold_duplicate_review,eligible_inactive_processed_build,,,rights_pass,"Rights, quality, canonicalization, and protected-material gates passed.",resolved,inactive_pending_cross_archive_freeze
itws4c:745962,itws:745962,hold_duplicate_review,eligible_inactive_processed_build,,,rights_pass,"Rights, quality, canonicalization, and protected-material gates passed.",resolved,inactive_pending_cross_archive_freeze
itws4c:842955,itws:842955,hold_unresolved_markup,exclude_unresolved_markup,,,rights_pass,Unknown markup may contain or corrupt primary text.,resolved,inactive_pending_cross_archive_freeze
itws4c:226938,itws:226938,hold_unresolved_markup,exclude_unresolved_markup,,,rights_pass,Unknown markup may contain or corrupt primary text.,resolved,inactive_pending_cross_archive_freeze
itws4c:49990,itws:49990,hold_quality_or_editorial_review,exclude_quality_language_or_editorial_hold,,,rights_pass,"Non-removable quality, language-variety, transcription-gap, or editorial evidence remains.",resolved,inactive_pending_cross_archive_freeze
itws4c:746977,itws:746977,hold_duplicate_review,exclude_internal_exact_duplicate,itws:746976,,rights_pass,Deterministic complete/long/stable-ID precedence selected another exact Wikisource root.,resolved,inactive_pending_cross_archive_freeze
itws4c:980212,itws:980212,hold_duplicate_review,exclude_source_rights_unresolved,,,rights_hold_modern_edition_contributor,"Post-1930 edition names a curator, translator, or illustrator whose contribution needs separate rights evidence.",resolved,inactive_pending_cross_archive_freeze
itws4c:144111,itws:144111,hold_missing_transcription,exclude_incomplete_transcription,,,rights_pass,Missing requested transcription pages make the work incomplete.,resolved,inactive_pending_cross_archive_freeze
itws4c:876539,itws:876539,hold_duplicate_review,exclude_internal_exact_duplicate,itws:876538,,rights_pass,Deterministic complete/long/stable-ID precedence selected another exact Wikisource root.,resolved,inactive_pending_cross_archive_freeze
itws4c:572150,itws:572150,hold_quality_or_editorial_review,exclude_quality_language_or_editorial_hold,,,rights_pass,"Non-removable quality, language-variety, transcription-gap, or editorial evidence remains.",resolved,inactive_pending_cross_archive_freeze
itws4c:568009,itws:568009,hold_unresolved_markup,exclude_unresolved_markup,,,rights_pass,Unknown markup may contain or corrupt primary text.,resolved,inactive_pending_cross_archive_freeze
itws4c:893992,itws:893992,hold_duplicate_review,exclude_internal_exact_duplicate,itws:893991,,rights_pass,Deterministic complete/long/stable-ID precedence selected another exact Wikisource root.,resolved,inactive_pending_cross_archive_freeze
itws4c:746839,itws:746839,hold_duplicate_review,eligible_inactive_processed_build,,,rights_pass,"Rights, quality, canonicalization, and protected-material gates passed.",resolved,inactive_pending_cross_archive_freeze
itws4c:1007869,itws:1007869,hold_missing_transcription,exclude_incomplete_transcription,,,rights_pass,Missing requested transcription pages make the work incomplete.,resolved,inactive_pending_cross_archive_freeze
itws4c:1017361,itws:1017361,hold_quality_or_editorial_review,exclude_quality_language_or_editorial_hold,,,rights_pass,"Non-removable quality, language-variety, transcription-gap, or editorial evidence remains.",resolved,inactive_pending_cross_archive_freeze
itws4c:687247,itws:687247,hold_duplicate_review,exclude_source_rights_unresolved,,,rights_hold_modern_edition_contributor,"Post-1930 edition names a curator, translator, or illustrator whose contribution needs separate rights evidence.",resolved,inactive_pending_cross_archive_freeze
itws4c:742748,itws:742748,hold_duplicate_review,exclude_internal_exact_duplicate,itws:742747,,rights_pass,Deterministic complete/long/stable-ID precedence selected another exact Wikisource root.,resolved,inactive_pending_cross_archive_freeze
itws4c:556928,itws:556928,hold_quality_or_editorial_review,exclude_quality_language_or_editorial_hold,,,rights_pass,"Non-removable quality, language-variety, transcription-gap, or editorial evidence remains.",resolved,inactive_pending_cross_archive_freeze
itws4c:876351,itws:876351,hold_duplicate_review,exclude_internal_near_duplicate,itws:876369,,rights_pass,Directional containment and deterministic completeness precedence selected another Wikisource root.,resolved,inactive_pending_cross_archive_freeze
itws4c:822255,itws:822255,hold_duplicate_review,exclude_internal_near_duplicate,itws:809143,,rights_pass,Directional containment and deterministic completeness precedence selected another Wikisource root.,resolved,inactive_pending_cross_archive_freeze
itws4c:809143,itws:809143,hold_duplicate_review,eligible_inactive_processed_build,,,rights_pass,"Rights, quality, canonicalization, and protected-material gates passed.",resolved,inactive_pending_cross_archive_freeze
itws4c:827044,itws:827044,hold_duplicate_review,exclude_internal_near_duplicate,itws:809143,,rights_pass,Directional containment and deterministic completeness precedence selected another Wikisource root.,resolved,inactive_pending_cross_archive_freeze
itws4c:2566,itws:2566,hold_duplicate_review,exclude_canonical_cross_corpus_duplicate,bibit:bibit001610,,rights_pass,An already resolved project source contains this Wikisource root.,resolved,inactive_pending_cross_archive_freeze
itws4c:567237,itws:567237,hold_unresolved_markup,exclude_unresolved_markup,,,rights_pass,Unknown markup may contain or corrupt primary text.,resolved,inactive_pending_cross_archive_freeze
itws4c:567240,itws:567240,hold_unresolved_markup,exclude_unresolved_markup,,,rights_pass,Unknown markup may contain or corrupt primary text.,resolved,inactive_pending_cross_archive_freeze
itws4c:567238,itws:567238,hold_quality_or_editorial_review,exclude_quality_language_or_editorial_hold,,,rights_pass,"Non-removable quality, language-variety, transcription-gap, or editorial evidence remains.",resolved,inactive_pending_cross_archive_freeze
itws4c:567239,itws:567239,hold_quality_or_editorial_review,exclude_quality_language_or_editorial_hold,,,rights_pass,"Non-removable quality, language-variety, transcription-gap, or editorial evidence remains.",resolved,inactive_pending_cross_archive_freeze
itws4c:745980,itws:745980,hold_duplicate_review,exclude_internal_exact_duplicate,itws:745979,,rights_pass,Deterministic complete/long/stable-ID precedence selected another exact Wikisource root.,resolved,inactive_pending_cross_archive_freeze
itws4c:956029,itws:956029,hold_quality_or_editorial_review,exclude_quality_language_or_editorial_hold,,,rights_pass,"Non-removable quality, language-variety, transcription-gap, or editorial evidence remains.",resolved,inactive_pending_cross_archive_freeze
itws4c:69983,itws:69983,hold_unresolved_markup,exclude_unresolved_markup,,,rights_pass,Unknown markup may contain or corrupt primary text.,resolved,inactive_pending_cross_archive_freeze
itws4c:363452,itws:363452,hold_quality_or_editorial_review,exclude_quality_language_or_editorial_hold,,,rights_pass,"Non-removable quality, language-variety, transcription-gap, or editorial evidence remains.",resolved,inactive_pending_cross_archive_freeze
itws4c:742736,itws:742736,hold_duplicate_review,exclude_internal_exact_duplicate,itws:742735,,rights_pass,Deterministic complete/long/stable-ID precedence selected another exact Wikisource root.,resolved,inactive_pending_cross_archive_freeze
itws4c:191770,itws:191770,hold_unresolved_markup,exclude_unresolved_markup,,,rights_pass,Unknown markup may contain or corrupt primary text.,resolved,inactive_pending_cross_archive_freeze
itws4c:694516,itws:694516,hold_unresolved_markup,exclude_unresolved_markup,,,rights_pass,Unknown markup may contain or corrupt primary text.,resolved,inactive_pending_cross_archive_freeze
itws4c:695125,itws:695125,hold_unresolved_markup,exclude_unresolved_markup,,,rights_pass,Unknown markup may contain or corrupt primary text.,resolved,inactive_pending_cross_archive_freeze
itws4c:742707,itws:742707,hold_duplicate_review,exclude_internal_exact_duplicate,itws:742706,,rights_pass,Deterministic complete/long/stable-ID precedence selected another exact Wikisource root.,resolved,inactive_pending_cross_archive_freeze
itws4c:792656,itws:792656,hold_quality_or_editorial_review,exclude_source_rights_unresolved,,,rights_hold_modern_edition_contributor,"Post-1930 edition names a curator, translator, or illustrator whose contribution needs separate rights evidence.",resolved,inactive_pending_cross_archive_freeze
itws4c:835243,itws:835243,hold_missing_transcription,exclude_incomplete_transcription,,,rights_pass,Missing requested transcription pages make the work incomplete.,resolved,inactive_pending_cross_archive_freeze
itws4c:454027,itws:454027,hold_duplicate_review,exclude_quality_language_or_editorial_hold,,,rights_pass,"Non-removable quality, language-variety, transcription-gap, or editorial evidence remains.",resolved,inactive_pending_cross_archive_freeze
itws4c:233184,itws:233184,hold_unresolved_markup,exclude_unresolved_markup,,,rights_pass,Unknown markup may contain or corrupt primary text.,resolved,inactive_pending_cross_archive_freeze
itws4c:194740,itws:194740,hold_unresolved_markup,exclude_unresolved_markup,,,rights_pass,Unknown markup may contain or corrupt primary text.,resolved,inactive_pending_cross_archive_freeze
itws4c:345731,itws:345731,hold_quality_or_editorial_review,exclude_quality_language_or_editorial_hold,,,rights_pass,"Non-removable quality, language-variety, transcription-gap, or editorial evidence remains.",resolved,inactive_pending_cross_archive_freeze
itws4c:911486,itws:911486,hold_duplicate_review,exclude_internal_near_duplicate,itws:575630,,rights_pass,Directional containment and deterministic completeness precedence selected another Wikisource root.,resolved,inactive_pending_cross_archive_freeze
itws4c:575630,itws:575630,hold_duplicate_review,eligible_inactive_processed_build,,,rights_pass,"Rights, quality, canonicalization, and protected-material gates passed.",resolved,inactive_pending_cross_archive_freeze
itws4c:340239,itws:340239,hold_unresolved_markup,exclude_source_rights_unresolved,,,rights_hold_incomplete_index_provenance,"Index metadata lacks author, year, or source evidence.",resolved,inactive_pending_cross_archive_freeze
itws4c:537208,itws:537208,hold_unresolved_markup,exclude_unresolved_markup,,,rights_pass,Unknown markup may contain or corrupt primary text.,resolved,inactive_pending_cross_archive_freeze
itws4c:71664,itws:71664,hold_unresolved_markup,exclude_unresolved_markup,,,rights_pass,Unknown markup may contain or corrupt primary text.,resolved,inactive_pending_cross_archive_freeze
itws4c:90130,itws:90130,hold_missing_transcription,exclude_incomplete_transcription,,,rights_pass,Missing requested transcription pages make the work incomplete.,resolved,inactive_pending_cross_archive_freeze
itws4c:351254,itws:351254,hold_quality_or_editorial_review,exclude_quality_language_or_editorial_hold,,,rights_pass,"Non-removable quality, language-variety, transcription-gap, or editorial evidence remains.",resolved,inactive_pending_cross_archive_freeze
itws4c:302553,itws:302553,hold_quality_or_editorial_review,exclude_source_rights_unresolved,,,rights_hold_incomplete_index_provenance,"Index metadata lacks author, year, or source evidence.",resolved,inactive_pending_cross_archive_freeze
itws4c:219077,itws:219077,hold_unresolved_markup,exclude_unresolved_markup,,,rights_pass,Unknown markup may contain or corrupt primary text.,resolved,inactive_pending_cross_archive_freeze
itws4c:653974,itws:653974,hold_unresolved_markup,exclude_unresolved_markup,,,rights_pass,Unknown markup may contain or corrupt primary text.,resolved,inactive_pending_cross_archive_freeze
itws4c:605868,itws:605868,hold_quality_or_editorial_review,exclude_quality_language_or_editorial_hold,,,rights_pass,"Non-removable quality, language-variety, transcription-gap, or editorial evidence remains.",resolved,inactive_pending_cross_archive_freeze
itws4c:640051,itws:640051,hold_unresolved_markup,exclude_unresolved_markup,,,rights_pass,Unknown markup may contain or corrupt primary text.,resolved,inactive_pending_cross_archive_freeze
itws4c:883618,itws:883618,hold_duplicate_review,exclude_internal_exact_duplicate,itws:883617,,rights_pass,Deterministic complete/long/stable-ID precedence selected another exact Wikisource root.,resolved,inactive_pending_cross_archive_freeze
itws4c:980277,itws:980277,hold_duplicate_review,exclude_source_rights_unresolved,,,rights_hold_modern_edition_contributor,"Post-1930 edition names a curator, translator, or illustrator whose contribution needs separate rights evidence.",resolved,inactive_pending_cross_archive_freeze
itws4c:876538,itws:876538,hold_duplicate_review,eligible_inactive_processed_build,,,rights_pass,"Rights, quality, canonicalization, and protected-material gates passed.",resolved,inactive_pending_cross_archive_freeze
itws4c:879976,itws:879976,hold_duplicate_review,exclude_internal_exact_duplicate,itws:879782,,rights_pass,Deterministic complete/long/stable-ID precedence selected another exact Wikisource root.,resolved,inactive_pending_cross_archive_freeze
itws4c:879669,itws:879669,hold_duplicate_review,exclude_internal_exact_duplicate,itws:879664,,rights_pass,Deterministic complete/long/stable-ID precedence selected another exact Wikisource root.,resolved,inactive_pending_cross_archive_freeze
itws4c:75022,itws:75022,hold_duplicate_review,eligible_inactive_processed_build,,,rights_pass,"Rights, quality, canonicalization, and protected-material gates passed.",resolved,inactive_pending_cross_archive_freeze
itws4c:329257,itws:329257,hold_duplicate_review,exclude_internal_near_duplicate,itws:75022,,rights_pass,Directional containment and deterministic completeness precedence selected another Wikisource root.,resolved,inactive_pending_cross_archive_freeze
itws4c:75020,itws:75020,hold_duplicate_review,eligible_inactive_processed_build,,,rights_pass,"Rights, quality, canonicalization, and protected-material gates passed.",resolved,inactive_pending_cross_archive_freeze
itws4c:329261,itws:329261,hold_duplicate_review,exclude_internal_near_duplicate,itws:75020,,rights_pass,Directional containment and deterministic completeness precedence selected another Wikisource root.,resolved,inactive_pending_cross_archive_freeze
itws4c:742780,itws:742780,hold_duplicate_review,exclude_internal_exact_duplicate,itws:742779,,rights_pass,Deterministic complete/long/stable-ID precedence selected another exact Wikisource root.,resolved,inactive_pending_cross_archive_freeze
itws4c:687232,itws:687232,hold_duplicate_review,exclude_source_rights_unresolved,,,rights_hold_modern_edition_contributor,"Post-1930 edition names a curator, translator, or illustrator whose contribution needs separate rights evidence.",resolved,inactive_pending_cross_archive_freeze
itws4c:746632,itws:746632,hold_duplicate_review,eligible_inactive_processed_build,,,rights_pass,"Rights, quality, canonicalization, and protected-material gates passed.",resolved,inactive_pending_cross_archive_freeze
itws4c:875971,itws:875971,hold_duplicate_review,exclude_internal_exact_duplicate,itws:875969,,rights_pass,Deterministic complete/long/stable-ID precedence selected another exact Wikisource root.,resolved,inactive_pending_cross_archive_freeze
itws4c:746607,itws:746607,hold_duplicate_review,eligible_inactive_processed_build,,,rights_pass,"Rights, quality, canonicalization, and protected-material gates passed.",resolved,inactive_pending_cross_archive_freeze
itws4c:746974,itws:746974,hold_duplicate_review,eligible_inactive_processed_build,,,rights_pass,"Rights, quality, canonicalization, and protected-material gates passed.",resolved,inactive_pending_cross_archive_freeze
itws4c:567028,itws:567028,hold_missing_transcription,exclude_incomplete_transcription,,,rights_pass,Missing requested transcription pages make the work incomplete.,resolved,inactive_pending_cross_archive_freeze
itws4c:827024,itws:827024,hold_quality_or_editorial_review,exclude_quality_language_or_editorial_hold,,,rights_pass,"Non-removable quality, language-variety, transcription-gap, or editorial evidence remains.",resolved,inactive_pending_cross_archive_freeze
itws4c:604528,itws:604528,hold_duplicate_review,exclude_quality_language_or_editorial_hold,,,rights_pass,"Non-removable quality, language-variety, transcription-gap, or editorial evidence remains.",resolved,inactive_pending_cross_archive_freeze
itws4c:746968,itws:746968,hold_duplicate_review,exclude_internal_exact_duplicate,itws:746967,,rights_pass,Deterministic complete/long/stable-ID precedence selected another exact Wikisource root.,resolved,inactive_pending_cross_archive_freeze
itws4c:892380,itws:892380,hold_duplicate_review,eligible_inactive_processed_build,,,rights_pass,"Rights, quality, canonicalization, and protected-material gates passed.",resolved,inactive_pending_cross_archive_freeze
itws4c:746069,itws:746069,hold_duplicate_review,exclude_internal_exact_duplicate,itws:746068,,rights_pass,Deterministic complete/long/stable-ID precedence selected another exact Wikisource root.,resolved,inactive_pending_cross_archive_freeze
itws4c:894281,itws:894281,hold_duplicate_review,exclude_internal_exact_duplicate,itws:894280,,rights_pass,Deterministic complete/long/stable-ID precedence selected another exact Wikisource root.,resolved,inactive_pending_cross_archive_freeze
itws4c:746070,itws:746070,hold_duplicate_review,eligible_inactive_processed_build,,,rights_pass,"Rights, quality, canonicalization, and protected-material gates passed.",resolved,inactive_pending_cross_archive_freeze
itws4c:746072,itws:746072,hold_duplicate_review,eligible_inactive_processed_build,,,rights_pass,"Rights, quality, canonicalization, and protected-material gates passed.",resolved,inactive_pending_cross_archive_freeze
itws4c:746979,itws:746979,hold_duplicate_review,exclude_internal_exact_duplicate,itws:746978,,rights_pass,Deterministic complete/long/stable-ID precedence selected another exact Wikisource root.,resolved,inactive_pending_cross_archive_freeze
itws4c:875970,itws:875970,hold_duplicate_review,exclude_internal_exact_duplicate,itws:875969,,rights_pass,Deterministic complete/long/stable-ID precedence selected another exact Wikisource root.,resolved,inactive_pending_cross_archive_freeze
itws4c:883352,itws:883352,hold_duplicate_review,exclude_internal_exact_duplicate,itws:880098,,rights_pass,Deterministic complete/long/stable-ID precedence selected another exact Wikisource root.,resolved,inactive_pending_cross_archive_freeze
itws4c:883515,itws:883515,hold_duplicate_review,exclude_internal_exact_duplicate,itws:883509,,rights_pass,Deterministic complete/long/stable-ID precedence selected another exact Wikisource root.,resolved,inactive_pending_cross_archive_freeze
itws4c:12077,itws:12077,hold_duplicate_review,exclude_source_rights_unresolved,,,rights_hold_modern_edition_contributor,"Post-1930 edition names a curator, translator, or illustrator whose contribution needs separate rights evidence.",resolved,inactive_pending_cross_archive_freeze
itws4c:318572,itws:318572,hold_unresolved_markup,exclude_unresolved_markup,,,rights_pass,Unknown markup may contain or corrupt primary text.,resolved,inactive_pending_cross_archive_freeze
itws4c:522821,itws:522821,hold_unresolved_markup,exclude_unresolved_markup,,,rights_pass,Unknown markup may contain or corrupt primary text.,resolved,inactive_pending_cross_archive_freeze
itws4c:742779,itws:742779,hold_duplicate_review,eligible_sonnets_only_inactive,,,rights_pass,Only verified unique sonnet artifacts remain after wrapper and duplicate removal.,resolved,inactive_pending_cross_archive_freeze
itws4c:756604,itws:756604,hold_quality_or_editorial_review,exclude_quality_language_or_editorial_hold,,,rights_pass,"Non-removable quality, language-variety, transcription-gap, or editorial evidence remains.",resolved,inactive_pending_cross_archive_freeze
itws4c:340039,itws:340039,hold_missing_transcription,exclude_incomplete_transcription,,,rights_pass,Missing requested transcription pages make the work incomplete.,resolved,inactive_pending_cross_archive_freeze
itws4c:742749,itws:742749,hold_duplicate_review,exclude_no_unique_material_after_segmentation,,,rights_pass,No unique broader text or eligible sonnet remains after segmentation.,resolved,inactive_pending_cross_archive_freeze
itws4c:426810,itws:426810,hold_unresolved_markup,exclude_unresolved_markup,,,rights_pass,Unknown markup may contain or corrupt primary text.,resolved,inactive_pending_cross_archive_freeze
itws4c:907279,itws:907279,hold_quality_or_editorial_review,exclude_quality_language_or_editorial_hold,,,rights_pass,"Non-removable quality, language-variety, transcription-gap, or editorial evidence remains.",resolved,inactive_pending_cross_archive_freeze
itws4c:231937,itws:231937,hold_unresolved_markup,exclude_unresolved_markup,,,rights_pass,Unknown markup may contain or corrupt primary text.,resolved,inactive_pending_cross_archive_freeze
itws4c:233962,itws:233962,hold_unresolved_markup,exclude_unresolved_markup,,,rights_pass,Unknown markup may contain or corrupt primary text.,resolved,inactive_pending_cross_archive_freeze
itws4c:180851,itws:180851,hold_unresolved_markup,exclude_unresolved_markup,,,rights_pass,Unknown markup may contain or corrupt primary text.,resolved,inactive_pending_cross_archive_freeze
itws4c:746832,itws:746832,hold_duplicate_review,exclude_internal_exact_duplicate,itws:746831,,rights_pass,Deterministic complete/long/stable-ID precedence selected another exact Wikisource root.,resolved,inactive_pending_cross_archive_freeze
itws4c:889503,itws:889503,hold_quality_or_editorial_review,exclude_quality_language_or_editorial_hold,,,rights_pass,"Non-removable quality, language-variety, transcription-gap, or editorial evidence remains.",resolved,inactive_pending_cross_archive_freeze
itws4c:250355,itws:250355,hold_quality_or_editorial_review,exclude_quality_language_or_editorial_hold,,,rights_pass,"Non-removable quality, language-variety, transcription-gap, or editorial evidence remains.",resolved,inactive_pending_cross_archive_freeze
itws4c:619031,itws:619031,hold_missing_transcription,exclude_incomplete_transcription,,,rights_pass,Missing requested transcription pages make the work incomplete.,resolved,inactive_pending_cross_archive_freeze
itws4c:746870,itws:746870,hold_duplicate_review,exclude_internal_exact_duplicate,itws:746869,,rights_pass,Deterministic complete/long/stable-ID precedence selected another exact Wikisource root.,resolved,inactive_pending_cross_archive_freeze
itws4c:697691,itws:697691,hold_missing_transcription,exclude_incomplete_transcription,,,rights_pass,Missing requested transcription pages make the work incomplete.,resolved,inactive_pending_cross_archive_freeze
itws4c:473283,itws:473283,hold_unresolved_markup,exclude_unresolved_markup,,,rights_pass,Unknown markup may contain or corrupt primary text.,resolved,inactive_pending_cross_archive_freeze
itws4c:93549,itws:93549,hold_duplicate_review,eligible_inactive_processed_build,,,rights_pass,"Rights, quality, canonicalization, and protected-material gates passed.",resolved,inactive_pending_cross_archive_freeze
itws4c:746819,itws:746819,hold_duplicate_review,eligible_inactive_processed_build,,,rights_pass,"Rights, quality, canonicalization, and protected-material gates passed.",resolved,inactive_pending_cross_archive_freeze
itws4c:746834,itws:746834,hold_duplicate_review,exclude_internal_exact_duplicate,itws:746833,,rights_pass,Deterministic complete/long/stable-ID precedence selected another exact Wikisource root.,resolved,inactive_pending_cross_archive_freeze
itws4c:746062,itws:746062,hold_duplicate_review,eligible_inactive_processed_build,,,rights_pass,"Rights, quality, canonicalization, and protected-material gates passed.",resolved,inactive_pending_cross_archive_freeze
itws4c:746858,itws:746858,hold_duplicate_review,eligible_inactive_processed_build,,,rights_pass,"Rights, quality, canonicalization, and protected-material gates passed.",resolved,inactive_pending_cross_archive_freeze
itws4c:10591,itws:10591,hold_rendered_validation,exclude_rendered_boundary_failure,,,rights_pass,Local extraction failed rendered-text containment.,resolved,inactive_pending_cross_archive_freeze
itws4c:742756,itws:742756,hold_duplicate_review,exclude_no_unique_material_after_segmentation,,,rights_pass,No unique broader text or eligible sonnet remains after segmentation.,resolved,inactive_pending_cross_archive_freeze
itws4c:517713,itws:517713,hold_missing_transcription,exclude_incomplete_transcription,,,rights_pass,Missing requested transcription pages make the work incomplete.,resolved,inactive_pending_cross_archive_freeze
itws4c:484579,itws:484579,hold_quality_or_editorial_review,exclude_quality_language_or_editorial_hold,,,rights_pass,"Non-removable quality, language-variety, transcription-gap, or editorial evidence remains.",resolved,inactive_pending_cross_archive_freeze
itws4c:742684,itws:742684,hold_duplicate_review,eligible_sonnets_only_inactive,,,rights_pass,Only verified unique sonnet artifacts remain after wrapper and duplicate removal.,resolved,inactive_pending_cross_archive_freeze
itws4c:19624,itws:19624,hold_duplicate_review,exclude_source_rights_unresolved,,,rights_hold_modern_edition_contributor,"Post-1930 edition names a curator, translator, or illustrator whose contribution needs separate rights evidence.",resolved,inactive_pending_cross_archive_freeze
itws4c:746616,itws:746616,hold_duplicate_review,eligible_inactive_processed_build,,,rights_pass,"Rights, quality, canonicalization, and protected-material gates passed.",resolved,inactive_pending_cross_archive_freeze
itws4c:742778,itws:742778,hold_duplicate_review,exclude_internal_exact_duplicate,itws:742777,,rights_pass,Deterministic complete/long/stable-ID precedence selected another exact Wikisource root.,resolved,inactive_pending_cross_archive_freeze
itws4c:957997,itws:957997,hold_duplicate_review,exclude_source_rights_unresolved,,,rights_hold_incomplete_index_provenance,"Index metadata lacks author, year, or source evidence.",resolved,inactive_pending_cross_archive_freeze
itws4c:582476,itws:582476,hold_unresolved_markup,exclude_unresolved_markup,,,rights_pass,Unknown markup may contain or corrupt primary text.,resolved,inactive_pending_cross_archive_freeze
itws4c:957996,itws:957996,hold_duplicate_review,exclude_source_rights_unresolved,,,rights_hold_incomplete_index_provenance,"Index metadata lacks author, year, or source evidence.",resolved,inactive_pending_cross_archive_freeze
itws4c:603558,itws:603558,hold_unresolved_markup,exclude_unresolved_markup,,,rights_pass,Unknown markup may contain or corrupt primary text.,resolved,inactive_pending_cross_archive_freeze
itws4c:5603,itws:5603,hold_duplicate_review,exclude_quality_language_or_editorial_hold,,,rights_pass,"Non-removable quality, language-variety, transcription-gap, or editorial evidence remains.",resolved,inactive_pending_cross_archive_freeze
itws4c:1004335,itws:1004335,hold_quality_or_editorial_review,exclude_quality_language_or_editorial_hold,,,rights_pass,"Non-removable quality, language-variety, transcription-gap, or editorial evidence remains.",resolved,inactive_pending_cross_archive_freeze
itws4c:883392,itws:883392,hold_duplicate_review,exclude_internal_exact_duplicate,itws:883372,,rights_pass,Deterministic complete/long/stable-ID precedence selected another exact Wikisource root.,resolved,inactive_pending_cross_archive_freeze
itws4c:547196,itws:547196,hold_duplicate_review,exclude_quality_language_or_editorial_hold,,,rights_pass,"Non-removable quality, language-variety, transcription-gap, or editorial evidence remains.",resolved,inactive_pending_cross_archive_freeze
itws4c:746841,itws:746841,hold_duplicate_review,eligible_inactive_processed_build,,,rights_pass,"Rights, quality, canonicalization, and protected-material gates passed.",resolved,inactive_pending_cross_archive_freeze
itws4c:894280,itws:894280,hold_duplicate_review,eligible_inactive_processed_build,,,rights_pass,"Rights, quality, canonicalization, and protected-material gates passed.",resolved,inactive_pending_cross_archive_freeze
itws4c:883356,itws:883356,hold_duplicate_review,eligible_inactive_processed_build,,,rights_pass,"Rights, quality, canonicalization, and protected-material gates passed.",resolved,inactive_pending_cross_archive_freeze
itws4c:779043,itws:779043,hold_quality_or_editorial_review,exclude_quality_language_or_editorial_hold,,,rights_pass,"Non-removable quality, language-variety, transcription-gap, or editorial evidence remains.",resolved,inactive_pending_cross_archive_freeze
itws4c:742758,itws:742758,hold_duplicate_review,exclude_no_unique_material_after_segmentation,,,rights_pass,No unique broader text or eligible sonnet remains after segmentation.,resolved,inactive_pending_cross_archive_freeze
itws4c:779614,itws:779614,hold_unresolved_markup,exclude_unresolved_markup,,,rights_pass,Unknown markup may contain or corrupt primary text.,resolved,inactive_pending_cross_archive_freeze
itws4c:742786,itws:742786,hold_duplicate_review,exclude_internal_exact_duplicate,itws:742785,,rights_pass,Deterministic complete/long/stable-ID precedence selected another exact Wikisource root.,resolved,inactive_pending_cross_archive_freeze
itws4c:219866,itws:219866,hold_unresolved_markup,exclude_unresolved_markup,,,rights_pass,Unknown markup may contain or corrupt primary text.,resolved,inactive_pending_cross_archive_freeze
itws4c:742775,itws:742775,hold_duplicate_review,exclude_no_unique_material_after_segmentation,,,rights_pass,No unique broader text or eligible sonnet remains after segmentation.,resolved,inactive_pending_cross_archive_freeze
itws4c:883543,itws:883543,hold_duplicate_review,exclude_internal_exact_duplicate,itws:883541,,rights_pass,Deterministic complete/long/stable-ID precedence selected another exact Wikisource root.,resolved,inactive_pending_cross_archive_freeze
itws4c:879664,itws:879664,hold_duplicate_review,eligible_inactive_processed_build,,,rights_pass,"Rights, quality, canonicalization, and protected-material gates passed.",resolved,inactive_pending_cross_archive_freeze
itws4c:892385,itws:892385,hold_duplicate_review,exclude_internal_exact_duplicate,itws:892380,,rights_pass,Deterministic complete/long/stable-ID precedence selected another exact Wikisource root.,resolved,inactive_pending_cross_archive_freeze
itws4c:883544,itws:883544,hold_duplicate_review,exclude_internal_exact_duplicate,itws:883541,,rights_pass,Deterministic complete/long/stable-ID precedence selected another exact Wikisource root.,resolved,inactive_pending_cross_archive_freeze
itws4c:893950,itws:893950,hold_duplicate_review,exclude_internal_exact_duplicate,itws:893726,,rights_pass,Deterministic complete/long/stable-ID precedence selected another exact Wikisource root.,resolved,inactive_pending_cross_archive_freeze
itws4c:746821,itws:746821,hold_duplicate_review,eligible_inactive_processed_build,,,rights_pass,"Rights, quality, canonicalization, and protected-material gates passed.",resolved,inactive_pending_cross_archive_freeze
itws4c:980267,itws:980267,hold_duplicate_review,exclude_source_rights_unresolved,,,rights_hold_modern_edition_contributor,"Post-1930 edition names a curator, translator, or illustrator whose contribution needs separate rights evidence.",resolved,inactive_pending_cross_archive_freeze
itws4c:883402,itws:883402,hold_duplicate_review,exclude_internal_exact_duplicate,itws:883398,,rights_pass,Deterministic complete/long/stable-ID precedence selected another exact Wikisource root.,resolved,inactive_pending_cross_archive_freeze
itws4c:186686,itws:186686,hold_quality_or_editorial_review,exclude_quality_language_or_editorial_hold,,,rights_pass,"Non-removable quality, language-variety, transcription-gap, or editorial evidence remains.",resolved,inactive_pending_cross_archive_freeze
itws4c:746065,itws:746065,hold_duplicate_review,exclude_internal_exact_duplicate,itws:746064,,rights_pass,Deterministic complete/long/stable-ID precedence selected another exact Wikisource root.,resolved,inactive_pending_cross_archive_freeze
itws4c:746604,itws:746604,hold_duplicate_review,exclude_internal_exact_duplicate,itws:746603,,rights_pass,Deterministic complete/long/stable-ID precedence selected another exact Wikisource root.,resolved,inactive_pending_cross_archive_freeze
itws4c:883512,itws:883512,hold_duplicate_review,exclude_internal_exact_duplicate,itws:883509,,rights_pass,Deterministic complete/long/stable-ID precedence selected another exact Wikisource root.,resolved,inactive_pending_cross_archive_freeze
itws4c:746898,itws:746898,hold_duplicate_review,eligible_inactive_processed_build,,,rights_pass,"Rights, quality, canonicalization, and protected-material gates passed.",resolved,inactive_pending_cross_archive_freeze
itws4c:746830,itws:746830,hold_duplicate_review,exclude_internal_exact_duplicate,itws:746829,,rights_pass,Deterministic complete/long/stable-ID precedence selected another exact Wikisource root.,resolved,inactive_pending_cross_archive_freeze
itws4c:883366,itws:883366,hold_duplicate_review,exclude_internal_exact_duplicate,itws:883356,,rights_pass,Deterministic complete/long/stable-ID precedence selected another exact Wikisource root.,resolved,inactive_pending_cross_archive_freeze
itws4c:746066,itws:746066,hold_duplicate_review,eligible_inactive_processed_build,,,rights_pass,"Rights, quality, canonicalization, and protected-material gates passed.",resolved,inactive_pending_cross_archive_freeze
itws4c:880051,itws:880051,hold_duplicate_review,exclude_internal_exact_duplicate,itws:880045,,rights_pass,Deterministic complete/long/stable-ID precedence selected another exact Wikisource root.,resolved,inactive_pending_cross_archive_freeze
itws4c:1003648,itws:1003648,hold_duplicate_review,exclude_internal_near_duplicate,itws:1003706,,rights_pass,Directional containment and deterministic completeness precedence selected another Wikisource root.,resolved,inactive_pending_cross_archive_freeze
itws4c:1003706,itws:1003706,hold_duplicate_review,exclude_no_unique_material_after_segmentation,,,rights_pass,No unique broader text or eligible sonnet remains after segmentation.,resolved,inactive_pending_cross_archive_freeze
itws4c:883348,itws:883348,hold_duplicate_review,exclude_internal_exact_duplicate,itws:880098,,rights_pass,Deterministic complete/long/stable-ID precedence selected another exact Wikisource root.,resolved,inactive_pending_cross_archive_freeze
itws4c:746761,itws:746761,hold_duplicate_review,exclude_internal_exact_duplicate,itws:746760,,rights_pass,Deterministic complete/long/stable-ID precedence selected another exact Wikisource root.,resolved,inactive_pending_cross_archive_freeze
itws4c:746972,itws:746972,hold_unresolved_markup,exclude_unresolved_markup,,,rights_pass,Unknown markup may contain or corrupt primary text.,resolved,inactive_pending_cross_archive_freeze
itws4c:479939,itws:479939,hold_duplicate_review,exclude_internal_near_duplicate,itws:826731,,rights_pass,Directional containment and deterministic completeness precedence selected another Wikisource root.,resolved,inactive_pending_cross_archive_freeze
itws4c:826731,itws:826731,hold_duplicate_review,eligible_sonnets_only_inactive,,,rights_pass,Only verified unique sonnet artifacts remain after wrapper and duplicate removal.,resolved,inactive_pending_cross_archive_freeze
itws4c:879504,itws:879504,hold_duplicate_review,exclude_internal_exact_duplicate,itws:877326,,rights_pass,Deterministic complete/long/stable-ID precedence selected another exact Wikisource root.,resolved,inactive_pending_cross_archive_freeze
itws4c:876356,itws:876356,hold_quality_or_editorial_review,exclude_quality_language_or_editorial_hold,,,rights_pass,"Non-removable quality, language-variety, transcription-gap, or editorial evidence remains.",resolved,inactive_pending_cross_archive_freeze
itws4c:783281,itws:783281,hold_quality_or_editorial_review,exclude_quality_language_or_editorial_hold,,,rights_pass,"Non-removable quality, language-variety, transcription-gap, or editorial evidence remains.",resolved,inactive_pending_cross_archive_freeze
itws4c:440727,itws:440727,hold_unresolved_markup,exclude_unresolved_markup,,,rights_pass,Unknown markup may contain or corrupt primary text.,resolved,inactive_pending_cross_archive_freeze
itws4c:20627,itws:20627,hold_empty_extraction,exclude_empty_extraction,,,rights_pass,No primary text remains.,resolved,inactive_pending_cross_archive_freeze
itws4c:642506,itws:642506,hold_unresolved_markup,exclude_unresolved_markup,,,rights_pass,Unknown markup may contain or corrupt primary text.,resolved,inactive_pending_cross_archive_freeze
itws4c:559338,itws:559338,hold_missing_transcription,exclude_incomplete_transcription,,,rights_pass,Missing requested transcription pages make the work incomplete.,resolved,inactive_pending_cross_archive_freeze
itws4c:441022,itws:441022,hold_quality_or_editorial_review,exclude_quality_language_or_editorial_hold,,,rights_pass,"Non-removable quality, language-variety, transcription-gap, or editorial evidence remains.",resolved,inactive_pending_cross_archive_freeze
itws4c:297199,itws:297199,hold_quality_or_editorial_review,exclude_quality_language_or_editorial_hold,,,rights_pass,"Non-removable quality, language-variety, transcription-gap, or editorial evidence remains.",resolved,inactive_pending_cross_archive_freeze
itws4c:515153,itws:515153,hold_unresolved_markup,exclude_unresolved_markup,,,rights_pass,Unknown markup may contain or corrupt primary text.,resolved,inactive_pending_cross_archive_freeze
itws4c:508279,itws:508279,hold_missing_transcription,exclude_incomplete_transcription,,,rights_pass,Missing requested transcription pages make the work incomplete.,resolved,inactive_pending_cross_archive_freeze
itws4c:823411,itws:823411,hold_quality_or_editorial_review,exclude_quality_language_or_editorial_hold,,,rights_pass,"Non-removable quality, language-variety, transcription-gap, or editorial evidence remains.",resolved,inactive_pending_cross_archive_freeze
itws4c:514459,itws:514459,hold_quality_or_editorial_review,exclude_quality_language_or_editorial_hold,,,rights_pass,"Non-removable quality, language-variety, transcription-gap, or editorial evidence remains.",resolved,inactive_pending_cross_archive_freeze
itws4c:512716,itws:512716,hold_quality_or_editorial_review,exclude_quality_language_or_editorial_hold,,,rights_pass,"Non-removable quality, language-variety, transcription-gap, or editorial evidence remains.",resolved,inactive_pending_cross_archive_freeze
itws4c:214052,itws:214052,hold_unresolved_markup,exclude_unresolved_markup,,,rights_pass,Unknown markup may contain or corrupt primary text.,resolved,inactive_pending_cross_archive_freeze
itws4c:294121,itws:294121,hold_quality_or_editorial_review,exclude_quality_language_or_editorial_hold,,,rights_pass,"Non-removable quality, language-variety, transcription-gap, or editorial evidence remains.",resolved,inactive_pending_cross_archive_freeze
itws4c:742767,itws:742767,hold_duplicate_review,exclude_internal_exact_duplicate,itws:742766,,rights_pass,Deterministic complete/long/stable-ID precedence selected another exact Wikisource root.,resolved,inactive_pending_cross_archive_freeze
itws4c:743151,itws:743151,hold_duplicate_review,exclude_internal_exact_duplicate,itws:742770,,rights_pass,Deterministic complete/long/stable-ID precedence selected another exact Wikisource root.,resolved,inactive_pending_cross_archive_freeze
itws4c:32483,itws:32483,hold_quality_or_editorial_review,exclude_quality_language_or_editorial_hold,,,rights_pass,"Non-removable quality, language-variety, transcription-gap, or editorial evidence remains.",resolved,inactive_pending_cross_archive_freeze
itws4c:398784,itws:398784,hold_missing_transcription,exclude_incomplete_transcription,,,rights_pass,Missing requested transcription pages make the work incomplete.,resolved,inactive_pending_cross_archive_freeze
itws4c:398783,itws:398783,hold_missing_transcription,exclude_incomplete_transcription,,,rights_pass,Missing requested transcription pages make the work incomplete.,resolved,inactive_pending_cross_archive_freeze
itws4c:398780,itws:398780,hold_missing_transcription,exclude_incomplete_transcription,,,rights_pass,Missing requested transcription pages make the work incomplete.,resolved,inactive_pending_cross_archive_freeze
itws4c:398777,itws:398777,hold_missing_transcription,exclude_incomplete_transcription,,,rights_pass,Missing requested transcription pages make the work incomplete.,resolved,inactive_pending_cross_archive_freeze
itws4c:943488,itws:943488,hold_quality_or_editorial_review,exclude_quality_language_or_editorial_hold,,,rights_pass,"Non-removable quality, language-variety, transcription-gap, or editorial evidence remains.",resolved,inactive_pending_cross_archive_freeze
itws4c:122180,itws:122180,hold_quality_or_editorial_review,exclude_quality_language_or_editorial_hold,,,rights_pass,"Non-removable quality, language-variety, transcription-gap, or editorial evidence remains.",resolved,inactive_pending_cross_archive_freeze
itws4c:294881,itws:294881,hold_unresolved_markup,exclude_unresolved_markup,,,rights_pass,Unknown markup may contain or corrupt primary text.,resolved,inactive_pending_cross_archive_freeze
itws4c:5623,itws:5623,hold_duplicate_review,exclude_quality_language_or_editorial_hold,,,rights_pass,"Non-removable quality, language-variety, transcription-gap, or editorial evidence remains.",resolved,inactive_pending_cross_archive_freeze
itws4c:100208,itws:100208,hold_quality_or_editorial_review,exclude_quality_language_or_editorial_hold,,,rights_pass,"Non-removable quality, language-variety, transcription-gap, or editorial evidence remains.",resolved,inactive_pending_cross_archive_freeze
itws4c:477648,itws:477648,hold_unresolved_markup,exclude_unresolved_markup,,,rights_pass,Unknown markup may contain or corrupt primary text.,resolved,inactive_pending_cross_archive_freeze
itws4c:742729,itws:742729,hold_duplicate_review,exclude_internal_exact_duplicate,itws:742728,,rights_pass,Deterministic complete/long/stable-ID precedence selected another exact Wikisource root.,resolved,inactive_pending_cross_archive_freeze
itws4c:942797,itws:942797,hold_missing_transcription,exclude_incomplete_transcription,,,rights_pass,Missing requested transcription pages make the work incomplete.,resolved,inactive_pending_cross_archive_freeze
itws4c:474133,itws:474133,hold_empty_extraction,exclude_empty_extraction,,,rights_pass,No primary text remains.,resolved,inactive_pending_cross_archive_freeze
itws4c:474226,itws:474226,hold_unresolved_markup,exclude_unresolved_markup,,,rights_pass,Unknown markup may contain or corrupt primary text.,resolved,inactive_pending_cross_archive_freeze
itws4c:474224,itws:474224,hold_unresolved_markup,exclude_unresolved_markup,,,rights_pass,Unknown markup may contain or corrupt primary text.,resolved,inactive_pending_cross_archive_freeze
itws4c:879526,itws:879526,hold_duplicate_review,eligible_inactive_processed_build,,,rights_pass,"Rights, quality, canonicalization, and protected-material gates passed.",resolved,inactive_pending_cross_archive_freeze
itws4c:883513,itws:883513,hold_duplicate_review,exclude_internal_exact_duplicate,itws:883509,,rights_pass,Deterministic complete/long/stable-ID precedence selected another exact Wikisource root.,resolved,inactive_pending_cross_archive_freeze
itws4c:883509,itws:883509,hold_duplicate_review,eligible_inactive_processed_build,,,rights_pass,"Rights, quality, canonicalization, and protected-material gates passed.",resolved,inactive_pending_cross_archive_freeze
itws4c:892379,itws:892379,hold_duplicate_review,exclude_internal_exact_duplicate,itws:891793,,rights_pass,Deterministic complete/long/stable-ID precedence selected another exact Wikisource root.,resolved,inactive_pending_cross_archive_freeze
itws4c:875978,itws:875978,hold_duplicate_review,eligible_inactive_processed_build,,,rights_pass,"Rights, quality, canonicalization, and protected-material gates passed.",resolved,inactive_pending_cross_archive_freeze
itws4c:875969,itws:875969,hold_duplicate_review,eligible_inactive_processed_build,,,rights_pass,"Rights, quality, canonicalization, and protected-material gates passed.",resolved,inactive_pending_cross_archive_freeze
itws4c:879961,itws:879961,hold_duplicate_review,eligible_inactive_processed_build,,,rights_pass,"Rights, quality, canonicalization, and protected-material gates passed.",resolved,inactive_pending_cross_archive_freeze
itws4c:746938,itws:746938,hold_duplicate_review,exclude_internal_exact_duplicate,itws:746937,,rights_pass,Deterministic complete/long/stable-ID precedence selected another exact Wikisource root.,resolved,inactive_pending_cross_archive_freeze
itws4c:394484,itws:394484,hold_duplicate_review,exclude_internal_near_duplicate,itws:394485,,rights_pass,Directional containment and deterministic completeness precedence selected another Wikisource root.,resolved,inactive_pending_cross_archive_freeze
itws4c:887142,itws:887142,hold_duplicate_review,exclude_internal_exact_duplicate,itws:86665,,rights_pass,Deterministic complete/long/stable-ID precedence selected another exact Wikisource root.,resolved,inactive_pending_cross_archive_freeze
itws4c:893991,itws:893991,hold_duplicate_review,eligible_inactive_processed_build,,,rights_pass,"Rights, quality, canonicalization, and protected-material gates passed.",resolved,inactive_pending_cross_archive_freeze
itws4c:883417,itws:883417,hold_duplicate_review,exclude_internal_exact_duplicate,itws:883405,,rights_pass,Deterministic complete/long/stable-ID precedence selected another exact Wikisource root.,resolved,inactive_pending_cross_archive_freeze
itws4c:893984,itws:893984,hold_duplicate_review,exclude_internal_exact_duplicate,itws:893958,,rights_pass,Deterministic complete/long/stable-ID precedence selected another exact Wikisource root.,resolved,inactive_pending_cross_archive_freeze
itws4c:826772,itws:826772,hold_duplicate_review,exclude_internal_near_duplicate,itws:975995,,rights_pass,Directional containment and deterministic completeness precedence selected another Wikisource root.,resolved,inactive_pending_cross_archive_freeze
itws4c:975995,itws:975995,hold_duplicate_review,eligible_inactive_processed_build,,,rights_pass,"Rights, quality, canonicalization, and protected-material gates passed.",resolved,inactive_pending_cross_archive_freeze
itws4c:893952,itws:893952,hold_duplicate_review,exclude_internal_exact_duplicate,itws:893726,,rights_pass,Deterministic complete/long/stable-ID precedence selected another exact Wikisource root.,resolved,inactive_pending_cross_archive_freeze
itws4c:880044,itws:880044,hold_duplicate_review,exclude_internal_exact_duplicate,itws:880035,,rights_pass,Deterministic complete/long/stable-ID precedence selected another exact Wikisource root.,resolved,inactive_pending_cross_archive_freeze
itws4c:883364,itws:883364,hold_duplicate_review,exclude_internal_exact_duplicate,itws:883356,,rights_pass,Deterministic complete/long/stable-ID precedence selected another exact Wikisource root.,resolved,inactive_pending_cross_archive_freeze
itws4c:746828,itws:746828,hold_duplicate_review,exclude_internal_exact_duplicate,itws:746827,,rights_pass,Deterministic complete/long/stable-ID precedence selected another exact Wikisource root.,resolved,inactive_pending_cross_archive_freeze
itws4c:746963,itws:746963,hold_duplicate_review,eligible_inactive_processed_build,,,rights_pass,"Rights, quality, canonicalization, and protected-material gates passed.",resolved,inactive_pending_cross_archive_freeze
itws4c:482818,itws:482818,hold_duplicate_review,exclude_internal_near_duplicate,itws:826735,,rights_pass,Directional containment and deterministic completeness precedence selected another Wikisource root.,resolved,inactive_pending_cross_archive_freeze
itws4c:826735,itws:826735,hold_duplicate_review,eligible_inactive_processed_build,,,rights_pass,"Rights, quality, canonicalization, and protected-material gates passed.",resolved,inactive_pending_cross_archive_freeze
itws4c:746846,itws:746846,hold_duplicate_review,exclude_internal_exact_duplicate,itws:746845,,rights_pass,Deterministic complete/long/stable-ID precedence selected another exact Wikisource root.,resolved,inactive_pending_cross_archive_freeze
itws4c:746932,itws:746932,hold_duplicate_review,exclude_internal_exact_duplicate,itws:746931,,rights_pass,Deterministic complete/long/stable-ID precedence selected another exact Wikisource root.,resolved,inactive_pending_cross_archive_freeze
itws4c:746872,itws:746872,hold_duplicate_review,exclude_internal_exact_duplicate,itws:746871,,rights_pass,Deterministic complete/long/stable-ID precedence selected another exact Wikisource root.,resolved,inactive_pending_cross_archive_freeze
itws4c:746843,itws:746843,hold_duplicate_review,eligible_inactive_processed_build,,,rights_pass,"Rights, quality, canonicalization, and protected-material gates passed.",resolved,inactive_pending_cross_archive_freeze
itws4c:50914,itws:50914,hold_unresolved_markup,exclude_unresolved_markup,,,rights_pass,Unknown markup may contain or corrupt primary text.,resolved,inactive_pending_cross_archive_freeze
itws4c:891793,itws:891793,hold_duplicate_review,eligible_inactive_processed_build,,,rights_pass,"Rights, quality, canonicalization, and protected-material gates passed.",resolved,inactive_pending_cross_archive_freeze
itws4c:319522,itws:319522,hold_quality_or_editorial_review,exclude_quality_language_or_editorial_hold,,,rights_pass,"Non-removable quality, language-variety, transcription-gap, or editorial evidence remains.",resolved,inactive_pending_cross_archive_freeze
itws4c:893987,itws:893987,hold_duplicate_review,exclude_internal_exact_duplicate,itws:893986,,rights_pass,Deterministic complete/long/stable-ID precedence selected another exact Wikisource root.,resolved,inactive_pending_cross_archive_freeze
itws4c:893959,itws:893959,hold_duplicate_review,exclude_internal_exact_duplicate,itws:893958,,rights_pass,Deterministic complete/long/stable-ID precedence selected another exact Wikisource root.,resolved,inactive_pending_cross_archive_freeze
itws4c:883623,itws:883623,hold_duplicate_review,exclude_internal_exact_duplicate,itws:881828,,rights_pass,Deterministic complete/long/stable-ID precedence selected another exact Wikisource root.,resolved,inactive_pending_cross_archive_freeze
itws4c:875980,itws:875980,hold_duplicate_review,exclude_internal_exact_duplicate,itws:875978,,rights_pass,Deterministic complete/long/stable-ID precedence selected another exact Wikisource root.,resolved,inactive_pending_cross_archive_freeze
itws4c:30363,itws:30363,hold_missing_transcription,exclude_incomplete_transcription,,,rights_pass,Missing requested transcription pages make the work incomplete.,resolved,inactive_pending_cross_archive_freeze
itws4c:881835,itws:881835,hold_duplicate_review,exclude_internal_exact_duplicate,itws:881832,,rights_pass,Deterministic complete/long/stable-ID precedence selected another exact Wikisource root.,resolved,inactive_pending_cross_archive_freeze
itws4c:746019,itws:746019,hold_duplicate_review,eligible_inactive_processed_build,,,rights_pass,"Rights, quality, canonicalization, and protected-material gates passed.",resolved,inactive_pending_cross_archive_freeze
itws4c:746045,itws:746045,hold_protected_v6_overlap,eligible_inactive_processed_build,,protected_v6:cecco_cxxi_i_son_venuto_di_schiatta_di_struzzo,rights_pass,"Rights, quality, canonicalization, and protected-material gates passed.",resolved,inactive_pending_cross_archive_freeze
itws4c:746102,itws:746102,hold_duplicate_review,eligible_inactive_processed_build,,,rights_pass,"Rights, quality, canonicalization, and protected-material gates passed.",resolved,inactive_pending_cross_archive_freeze
itws4c:976435,itws:976435,hold_duplicate_review,exclude_canonical_cross_corpus_duplicate,bibit:bibit000532,,rights_pass,An already resolved project source contains this Wikisource root.,resolved,inactive_pending_cross_archive_freeze
itws4c:746853,itws:746853,hold_duplicate_review,eligible_inactive_processed_build,,,rights_pass,"Rights, quality, canonicalization, and protected-material gates passed.",resolved,inactive_pending_cross_archive_freeze
itws4c:742746,itws:742746,hold_duplicate_review,exclude_internal_exact_duplicate,itws:742745,,rights_pass,Deterministic complete/long/stable-ID precedence selected another exact Wikisource root.,resolved,inactive_pending_cross_archive_freeze
itws4c:746650,itws:746650,hold_duplicate_review,eligible_inactive_processed_build,,,rights_pass,"Rights, quality, canonicalization, and protected-material gates passed.",resolved,inactive_pending_cross_archive_freeze
itws4c:61134,itws:61134,hold_duplicate_review,exclude_internal_near_duplicate,itws:746607,,rights_pass,Directional containment and deterministic completeness precedence selected another Wikisource root.,resolved,inactive_pending_cross_archive_freeze
itws4c:746861,itws:746861,hold_duplicate_review,exclude_internal_exact_duplicate,itws:746860,,rights_pass,Deterministic complete/long/stable-ID precedence selected another exact Wikisource root.,resolved,inactive_pending_cross_archive_freeze
itws4c:746665,itws:746665,hold_duplicate_review,exclude_internal_exact_duplicate,itws:746664,,rights_pass,Deterministic complete/long/stable-ID precedence selected another exact Wikisource root.,resolved,inactive_pending_cross_archive_freeze
itws4c:746837,itws:746837,hold_duplicate_review,eligible_inactive_processed_build,,,rights_pass,"Rights, quality, canonicalization, and protected-material gates passed.",resolved,inactive_pending_cross_archive_freeze
itws4c:746666,itws:746666,hold_duplicate_review,exclude_internal_near_duplicate,itws:345658,,rights_pass,Directional containment and deterministic completeness precedence selected another Wikisource root.,resolved,inactive_pending_cross_archive_freeze
itws4c:745964,itws:745964,hold_duplicate_review,eligible_inactive_processed_build,,,rights_pass,"Rights, quality, canonicalization, and protected-material gates passed.",resolved,inactive_pending_cross_archive_freeze
itws4c:746857,itws:746857,hold_duplicate_review,exclude_internal_exact_duplicate,itws:746856,,rights_pass,Deterministic complete/long/stable-ID precedence selected another exact Wikisource root.,resolved,inactive_pending_cross_archive_freeze
itws4c:89575,itws:89575,hold_quality_or_editorial_review,exclude_quality_language_or_editorial_hold,,,rights_pass,"Non-removable quality, language-variety, transcription-gap, or editorial evidence remains.",resolved,inactive_pending_cross_archive_freeze
itws4c:742745,itws:742745,hold_duplicate_review,eligible_sonnets_only_inactive,,,rights_pass,Only verified unique sonnet artifacts remain after wrapper and duplicate removal.,resolved,inactive_pending_cross_archive_freeze
itws4c:746940,itws:746940,hold_duplicate_review,exclude_internal_exact_duplicate,itws:746939,,rights_pass,Deterministic complete/long/stable-ID precedence selected another exact Wikisource root.,resolved,inactive_pending_cross_archive_freeze
itws4c:745988,itws:745988,hold_duplicate_review,eligible_inactive_processed_build,,,rights_pass,"Rights, quality, canonicalization, and protected-material gates passed.",resolved,inactive_pending_cross_archive_freeze
itws4c:878431,itws:878431,hold_duplicate_review,eligible_inactive_processed_build,,,rights_pass,"Rights, quality, canonicalization, and protected-material gates passed.",resolved,inactive_pending_cross_archive_freeze
itws4c:746768,itws:746768,hold_duplicate_review,eligible_inactive_processed_build,,,rights_pass,"Rights, quality, canonicalization, and protected-material gates passed.",resolved,inactive_pending_cross_archive_freeze
itws4c:746805,itws:746805,hold_duplicate_review,eligible_inactive_processed_build,,,rights_pass,"Rights, quality, canonicalization, and protected-material gates passed.",resolved,inactive_pending_cross_archive_freeze
itws4c:881242,itws:881242,hold_quality_or_editorial_review,exclude_quality_language_or_editorial_hold,,,rights_pass,"Non-removable quality, language-variety, transcription-gap, or editorial evidence remains.",resolved,inactive_pending_cross_archive_freeze
itws4c:881243,itws:881243,hold_quality_or_editorial_review,exclude_quality_language_or_editorial_hold,,,rights_pass,"Non-removable quality, language-variety, transcription-gap, or editorial evidence remains.",resolved,inactive_pending_cross_archive_freeze
itws4c:881047,itws:881047,hold_quality_or_editorial_review,exclude_quality_language_or_editorial_hold,,,rights_pass,"Non-removable quality, language-variety, transcription-gap, or editorial evidence remains.",resolved,inactive_pending_cross_archive_freeze
itws4c:278543,itws:278543,hold_unresolved_markup,exclude_unresolved_markup,,,rights_pass,Unknown markup may contain or corrupt primary text.,resolved,inactive_pending_cross_archive_freeze
itws4c:873991,itws:873991,hold_duplicate_review,eligible_inactive_processed_build,,,rights_pass,"Rights, quality, canonicalization, and protected-material gates passed.",resolved,inactive_pending_cross_archive_freeze
itws4c:116725,itws:116725,hold_missing_transcription,exclude_incomplete_transcription,,,rights_pass,Missing requested transcription pages make the work incomplete.,resolved,inactive_pending_cross_archive_freeze
itws4c:370840,itws:370840,hold_missing_transcription,exclude_incomplete_transcription,,,rights_pass,Missing requested transcription pages make the work incomplete.,resolved,inactive_pending_cross_archive_freeze
itws4c:72569,itws:72569,hold_unresolved_markup,exclude_unresolved_markup,,,rights_pass,Unknown markup may contain or corrupt primary text.,resolved,inactive_pending_cross_archive_freeze
itws4c:575585,itws:575585,hold_missing_transcription,exclude_incomplete_transcription,,,rights_pass,Missing requested transcription pages make the work incomplete.,resolved,inactive_pending_cross_archive_freeze
itws4c:683849,itws:683849,hold_quality_or_editorial_review,exclude_quality_language_or_editorial_hold,,,rights_pass,"Non-removable quality, language-variety, transcription-gap, or editorial evidence remains.",resolved,inactive_pending_cross_archive_freeze
itws4c:746820,itws:746820,hold_duplicate_review,exclude_internal_exact_duplicate,itws:746819,,rights_pass,Deterministic complete/long/stable-ID precedence selected another exact Wikisource root.,resolved,inactive_pending_cross_archive_freeze
itws4c:457256,itws:457256,hold_quality_or_editorial_review,exclude_quality_language_or_editorial_hold,,,rights_pass,"Non-removable quality, language-variety, transcription-gap, or editorial evidence remains.",resolved,inactive_pending_cross_archive_freeze
itws4c:980234,itws:980234,hold_duplicate_review,exclude_source_rights_unresolved,,,rights_hold_modern_edition_contributor,"Post-1930 edition names a curator, translator, or illustrator whose contribution needs separate rights evidence.",resolved,inactive_pending_cross_archive_freeze
itws4c:879983,itws:879983,hold_duplicate_review,exclude_internal_exact_duplicate,itws:879782,,rights_pass,Deterministic complete/long/stable-ID precedence selected another exact Wikisource root.,resolved,inactive_pending_cross_archive_freeze
itws4c:893955,itws:893955,hold_duplicate_review,exclude_internal_exact_duplicate,itws:893954,,rights_pass,Deterministic complete/long/stable-ID precedence selected another exact Wikisource root.,resolved,inactive_pending_cross_archive_freeze
itws4c:746647,itws:746647,hold_duplicate_review,exclude_internal_exact_duplicate,itws:746646,,rights_pass,Deterministic complete/long/stable-ID precedence selected another exact Wikisource root.,resolved,inactive_pending_cross_archive_freeze
itws4c:170896,itws:170896,hold_protected_v6_overlap,eligible_inactive_processed_build,,protected_v6:cecco_cix_avvegna_ched_i_paghi_l_tu_mirare,rights_pass,"Rights, quality, canonicalization, and protected-material gates passed.",resolved,inactive_pending_cross_archive_freeze
itws4c:746030,itws:746030,hold_duplicate_review,exclude_internal_exact_duplicate,itws:746029,,rights_pass,Deterministic complete/long/stable-ID precedence selected another exact Wikisource root.,resolved,inactive_pending_cross_archive_freeze
itws4c:746037,itws:746037,hold_duplicate_review,eligible_inactive_processed_build,,,rights_pass,"Rights, quality, canonicalization, and protected-material gates passed.",resolved,inactive_pending_cross_archive_freeze
itws4c:299984,itws:299984,hold_unresolved_markup,exclude_unresolved_markup,,,rights_pass,Unknown markup may contain or corrupt primary text.,resolved,inactive_pending_cross_archive_freeze
itws4c:521946,itws:521946,hold_missing_transcription,exclude_source_rights_unresolved,,,rights_hold_incomplete_index_provenance,"Index metadata lacks author, year, or source evidence.",resolved,inactive_pending_cross_archive_freeze
itws4c:11937,itws:11937,hold_duplicate_review,exclude_source_rights_unresolved,,,rights_hold_modern_edition_contributor,"Post-1930 edition names a curator, translator, or illustrator whose contribution needs separate rights evidence.",resolved,inactive_pending_cross_archive_freeze
itws4c:551687,itws:551687,hold_quality_or_editorial_review,exclude_quality_language_or_editorial_hold,,,rights_pass,"Non-removable quality, language-variety, transcription-gap, or editorial evidence remains.",resolved,inactive_pending_cross_archive_freeze
itws4c:742781,itws:742781,hold_duplicate_review,eligible_sonnets_only_inactive,,,rights_pass,Only verified unique sonnet artifacts remain after wrapper and duplicate removal.,resolved,inactive_pending_cross_archive_freeze
itws4c:721001,itws:721001,hold_unresolved_markup,exclude_unresolved_markup,,,rights_pass,Unknown markup may contain or corrupt primary text.,resolved,inactive_pending_cross_archive_freeze
itws4c:32863,itws:32863,hold_unresolved_markup,exclude_unresolved_markup,,,rights_pass,Unknown markup may contain or corrupt primary text.,resolved,inactive_pending_cross_archive_freeze
itws4c:200590,itws:200590,hold_unresolved_markup,exclude_unresolved_markup,,,rights_pass,Unknown markup may contain or corrupt primary text.,resolved,inactive_pending_cross_archive_freeze
itws4c:99093,itws:99093,hold_quality_or_editorial_review,exclude_quality_language_or_editorial_hold,,,rights_pass,"Non-removable quality, language-variety, transcription-gap, or editorial evidence remains.",resolved,inactive_pending_cross_archive_freeze
itws4c:261811,itws:261811,hold_quality_or_editorial_review,exclude_quality_language_or_editorial_hold,,,rights_pass,"Non-removable quality, language-variety, transcription-gap, or editorial evidence remains.",resolved,inactive_pending_cross_archive_freeze
itws4c:259495,itws:259495,hold_duplicate_review,exclude_quality_language_or_editorial_hold,,,rights_pass,"Non-removable quality, language-variety, transcription-gap, or editorial evidence remains.",resolved,inactive_pending_cross_archive_freeze
itws4c:687147,itws:687147,hold_duplicate_review,exclude_source_rights_unresolved,,,rights_hold_modern_edition_contributor,"Post-1930 edition names a curator, translator, or illustrator whose contribution needs separate rights evidence.",resolved,inactive_pending_cross_archive_freeze
itws4c:742750,itws:742750,hold_duplicate_review,exclude_internal_exact_duplicate,itws:742749,,rights_pass,Deterministic complete/long/stable-ID precedence selected another exact Wikisource root.,resolved,inactive_pending_cross_archive_freeze
itws4c:669880,itws:669880,hold_unresolved_markup,exclude_unresolved_markup,,,rights_pass,Unknown markup may contain or corrupt primary text.,resolved,inactive_pending_cross_archive_freeze
itws4c:679198,itws:679198,hold_quality_or_editorial_review,exclude_quality_language_or_editorial_hold,,,rights_pass,"Non-removable quality, language-variety, transcription-gap, or editorial evidence remains.",resolved,inactive_pending_cross_archive_freeze
itws4c:89305,itws:89305,hold_quality_or_editorial_review,exclude_quality_language_or_editorial_hold,,,rights_pass,"Non-removable quality, language-variety, transcription-gap, or editorial evidence remains.",resolved,inactive_pending_cross_archive_freeze
itws4c:594756,itws:594756,hold_unresolved_markup,exclude_unresolved_markup,,,rights_pass,Unknown markup may contain or corrupt primary text.,resolved,inactive_pending_cross_archive_freeze
itws4c:32157,itws:32157,hold_duplicate_review,exclude_canonical_cross_corpus_duplicate,bibit:bibit000466,,rights_pass,An already resolved project source contains this Wikisource root.,resolved,inactive_pending_cross_archive_freeze
itws4c:742714,itws:742714,hold_duplicate_review,exclude_no_unique_material_after_segmentation,,,rights_pass,No unique broader text or eligible sonnet remains after segmentation.,resolved,inactive_pending_cross_archive_freeze
itws4c:742803,itws:742803,hold_unresolved_markup,exclude_unresolved_markup,,,rights_pass,Unknown markup may contain or corrupt primary text.,resolved,inactive_pending_cross_archive_freeze
itws4c:746101,itws:746101,hold_duplicate_review,exclude_internal_exact_duplicate,itws:746100,,rights_pass,Deterministic complete/long/stable-ID precedence selected another exact Wikisource root.,resolved,inactive_pending_cross_archive_freeze
itws4c:132234,itws:132234,hold_unresolved_markup,exclude_unresolved_markup,,,rights_pass,Unknown markup may contain or corrupt primary text.,resolved,inactive_pending_cross_archive_freeze
itws4c:121680,itws:121680,hold_unresolved_markup,exclude_unresolved_markup,,,rights_pass,Unknown markup may contain or corrupt primary text.,resolved,inactive_pending_cross_archive_freeze
itws4c:746759,itws:746759,hold_duplicate_review,exclude_internal_exact_duplicate,itws:746758,,rights_pass,Deterministic complete/long/stable-ID precedence selected another exact Wikisource root.,resolved,inactive_pending_cross_archive_freeze
itws4c:875983,itws:875983,hold_duplicate_review,exclude_internal_exact_duplicate,itws:875978,,rights_pass,Deterministic complete/long/stable-ID precedence selected another exact Wikisource root.,resolved,inactive_pending_cross_archive_freeze
itws4c:746088,itws:746088,hold_duplicate_review,eligible_inactive_processed_build,,,rights_pass,"Rights, quality, canonicalization, and protected-material gates passed.",resolved,inactive_pending_cross_archive_freeze
itws4c:746091,itws:746091,hold_duplicate_review,exclude_internal_exact_duplicate,itws:746090,,rights_pass,Deterministic complete/long/stable-ID precedence selected another exact Wikisource root.,resolved,inactive_pending_cross_archive_freeze
itws4c:823322,itws:823322,hold_quality_or_editorial_review,exclude_quality_language_or_editorial_hold,,,rights_pass,"Non-removable quality, language-variety, transcription-gap, or editorial evidence remains.",resolved,inactive_pending_cross_archive_freeze
itws4c:5836,itws:5836,hold_duplicate_review,exclude_canonical_cross_corpus_duplicate,bibit:bibit001161,,rights_pass,An already resolved project source contains this Wikisource root.,resolved,inactive_pending_cross_archive_freeze
itws4c:122197,itws:122197,hold_unresolved_markup,exclude_unresolved_markup,,,rights_pass,Unknown markup may contain or corrupt primary text.,resolved,inactive_pending_cross_archive_freeze
itws4c:746806,itws:746806,hold_duplicate_review,exclude_internal_exact_duplicate,itws:746805,,rights_pass,Deterministic complete/long/stable-ID precedence selected another exact Wikisource root.,resolved,inactive_pending_cross_archive_freeze
itws4c:745997,itws:745997,hold_duplicate_review,exclude_internal_exact_duplicate,itws:745996,,rights_pass,Deterministic complete/long/stable-ID precedence selected another exact Wikisource root.,resolved,inactive_pending_cross_archive_freeze
itws4c:746048,itws:746048,hold_protected_v6_overlap,exclude_internal_exact_duplicate,itws:746047,protected_v6:cecco_lxxix_per_ogni_oncia_di_carne_che_ho_addosso;protected_v6:cecco_lxxviii_in_nessun_modo_mi_poss_acconciare,rights_pass,Deterministic complete/long/stable-ID precedence selected another exact Wikisource root.,resolved,inactive_pending_cross_archive_freeze
itws4c:875960,itws:875960,hold_duplicate_review,exclude_internal_exact_duplicate,itws:875957,,rights_pass,Deterministic complete/long/stable-ID precedence selected another exact Wikisource root.,resolved,inactive_pending_cross_archive_freeze
itws4c:883532,itws:883532,hold_duplicate_review,exclude_internal_exact_duplicate,itws:883530,,rights_pass,Deterministic complete/long/stable-ID precedence selected another exact Wikisource root.,resolved,inactive_pending_cross_archive_freeze
itws4c:746051,itws:746051,hold_duplicate_review,eligible_inactive_processed_build,,,rights_pass,"Rights, quality, canonicalization, and protected-material gates passed.",resolved,inactive_pending_cross_archive_freeze
itws4c:879503,itws:879503,hold_duplicate_review,exclude_internal_exact_duplicate,itws:877326,,rights_pass,Deterministic complete/long/stable-ID precedence selected another exact Wikisource root.,resolved,inactive_pending_cross_archive_freeze
itws4c:875975,itws:875975,hold_duplicate_review,exclude_internal_exact_duplicate,itws:875969,,rights_pass,Deterministic complete/long/stable-ID precedence selected another exact Wikisource root.,resolved,inactive_pending_cross_archive_freeze
itws4c:883557,itws:883557,hold_duplicate_review,eligible_inactive_processed_build,,,rights_pass,"Rights, quality, canonicalization, and protected-material gates passed.",resolved,inactive_pending_cross_archive_freeze
itws4c:894278,itws:894278,hold_duplicate_review,exclude_internal_exact_duplicate,itws:894277,,rights_pass,Deterministic complete/long/stable-ID precedence selected another exact Wikisource root.,resolved,inactive_pending_cross_archive_freeze
itws4c:1003642,itws:1003642,hold_duplicate_review,exclude_internal_near_duplicate,itws:1003712,,rights_pass,Directional containment and deterministic completeness precedence selected another Wikisource root.,resolved,inactive_pending_cross_archive_freeze
itws4c:1003712,itws:1003712,hold_duplicate_review,exclude_no_unique_material_after_segmentation,,,rights_pass,No unique broader text or eligible sonnet remains after segmentation.,resolved,inactive_pending_cross_archive_freeze
itws4c:67263,itws:67263,hold_duplicate_review,exclude_source_rights_unresolved,,,rights_hold_modern_edition_contributor,"Post-1930 edition names a curator, translator, or illustrator whose contribution needs separate rights evidence.",resolved,inactive_pending_cross_archive_freeze
itws4c:365106,itws:365106,hold_unresolved_markup,exclude_unresolved_markup,,,rights_pass,Unknown markup may contain or corrupt primary text.,resolved,inactive_pending_cross_archive_freeze
itws4c:980214,itws:980214,hold_duplicate_review,exclude_source_rights_unresolved,,,rights_hold_modern_edition_contributor,"Post-1930 edition names a curator, translator, or illustrator whose contribution needs separate rights evidence.",resolved,inactive_pending_cross_archive_freeze
itws4c:686446,itws:686446,hold_unresolved_markup,exclude_unresolved_markup,,,rights_pass,Unknown markup may contain or corrupt primary text.,resolved,inactive_pending_cross_archive_freeze
itws4c:881838,itws:881838,hold_duplicate_review,eligible_inactive_processed_build,,,rights_pass,"Rights, quality, canonicalization, and protected-material gates passed.",resolved,inactive_pending_cross_archive_freeze
itws4c:808163,itws:808163,hold_unresolved_markup,exclude_unresolved_markup,,,rights_pass,Unknown markup may contain or corrupt primary text.,resolved,inactive_pending_cross_archive_freeze
itws4c:742769,itws:742769,hold_duplicate_review,exclude_internal_exact_duplicate,itws:742768,,rights_pass,Deterministic complete/long/stable-ID precedence selected another exact Wikisource root.,resolved,inactive_pending_cross_archive_freeze
itws4c:7178,itws:7178,hold_quality_or_editorial_review,exclude_quality_language_or_editorial_hold,,,rights_pass,"Non-removable quality, language-variety, transcription-gap, or editorial evidence remains.",resolved,inactive_pending_cross_archive_freeze
itws4c:532280,itws:532280,hold_duplicate_review,exclude_source_rights_unresolved,,,rights_hold_incompatible_or_unclear_scan_license,Commons does not explicitly mark the exact scan file public domain and non-copyrighted.,resolved,inactive_pending_cross_archive_freeze
itws4c:170837,itws:170837,hold_quality_or_editorial_review,exclude_quality_language_or_editorial_hold,,,rights_pass,"Non-removable quality, language-variety, transcription-gap, or editorial evidence remains.",resolved,inactive_pending_cross_archive_freeze
itws4c:746789,itws:746789,hold_duplicate_review,exclude_internal_exact_duplicate,itws:746788,,rights_pass,Deterministic complete/long/stable-ID precedence selected another exact Wikisource root.,resolved,inactive_pending_cross_archive_freeze
itws4c:620151,itws:620151,hold_unresolved_markup,exclude_unresolved_markup,,,rights_pass,Unknown markup may contain or corrupt primary text.,resolved,inactive_pending_cross_archive_freeze
itws4c:154674,itws:154674,hold_unresolved_markup,exclude_unresolved_markup,,,rights_pass,Unknown markup may contain or corrupt primary text.,resolved,inactive_pending_cross_archive_freeze
itws4c:879977,itws:879977,hold_duplicate_review,exclude_internal_exact_duplicate,itws:879782,,rights_pass,Deterministic complete/long/stable-ID precedence selected another exact Wikisource root.,resolved,inactive_pending_cross_archive_freeze
itws4c:741058,itws:741058,hold_unresolved_markup,exclude_unresolved_markup,,,rights_pass,Unknown markup may contain or corrupt primary text.,resolved,inactive_pending_cross_archive_freeze
itws4c:487144,itws:487144,hold_unresolved_markup,exclude_unresolved_markup,,,rights_pass,Unknown markup may contain or corrupt primary text.,resolved,inactive_pending_cross_archive_freeze
itws4c:742693,itws:742693,hold_duplicate_review,exclude_internal_exact_duplicate,itws:742692,,rights_pass,Deterministic complete/long/stable-ID precedence selected another exact Wikisource root.,resolved,inactive_pending_cross_archive_freeze
itws4c:746883,itws:746883,hold_duplicate_review,eligible_inactive_processed_build,,,rights_pass,"Rights, quality, canonicalization, and protected-material gates passed.",resolved,inactive_pending_cross_archive_freeze
itws4c:879782,itws:879782,hold_duplicate_review,eligible_inactive_processed_build,,,rights_pass,"Rights, quality, canonicalization, and protected-material gates passed.",resolved,inactive_pending_cross_archive_freeze
itws4c:873994,itws:873994,hold_duplicate_review,eligible_inactive_processed_build,,,rights_pass,"Rights, quality, canonicalization, and protected-material gates passed.",resolved,inactive_pending_cross_archive_freeze
itws4c:826937,itws:826937,hold_duplicate_review,exclude_internal_near_duplicate,itws:873994,,rights_pass,Directional containment and deterministic completeness precedence selected another Wikisource root.,resolved,inactive_pending_cross_archive_freeze
itws4c:742689,itws:742689,hold_duplicate_review,exclude_internal_exact_duplicate,itws:742688,,rights_pass,Deterministic complete/long/stable-ID precedence selected another exact Wikisource root.,resolved,inactive_pending_cross_archive_freeze
itws4c:737599,itws:737599,hold_unresolved_markup,exclude_unresolved_markup,,,rights_pass,Unknown markup may contain or corrupt primary text.,resolved,inactive_pending_cross_archive_freeze
itws4c:160065,itws:160065,hold_quality_or_editorial_review,exclude_quality_language_or_editorial_hold,,,rights_pass,"Non-removable quality, language-variety, transcription-gap, or editorial evidence remains.",resolved,inactive_pending_cross_archive_freeze
itws4c:474686,itws:474686,hold_unresolved_markup,exclude_unresolved_markup,,,rights_pass,Unknown markup may contain or corrupt primary text.,resolved,inactive_pending_cross_archive_freeze
itws4c:397438,itws:397438,hold_unresolved_markup,exclude_unresolved_markup,,,rights_pass,Unknown markup may contain or corrupt primary text.,resolved,inactive_pending_cross_archive_freeze
itws4c:57190,itws:57190,hold_duplicate_review,exclude_canonical_cross_corpus_duplicate,bibit:bibit001489,,rights_pass,An already resolved project source contains this Wikisource root.,resolved,inactive_pending_cross_archive_freeze
itws4c:814614,itws:814614,hold_unresolved_markup,exclude_unresolved_markup,,,rights_pass,Unknown markup may contain or corrupt primary text.,resolved,inactive_pending_cross_archive_freeze
itws4c:280338,itws:280338,hold_unresolved_markup,exclude_unresolved_markup,,,rights_pass,Unknown markup may contain or corrupt primary text.,resolved,inactive_pending_cross_archive_freeze
itws4c:53578,itws:53578,hold_unresolved_markup,exclude_unresolved_markup,,,rights_pass,Unknown markup may contain or corrupt primary text.,resolved,inactive_pending_cross_archive_freeze
itws4c:392633,itws:392633,hold_unresolved_markup,exclude_unresolved_markup,,,rights_pass,Unknown markup may contain or corrupt primary text.,resolved,inactive_pending_cross_archive_freeze
itws4c:629107,itws:629107,hold_unresolved_markup,exclude_unresolved_markup,,,rights_pass,Unknown markup may contain or corrupt primary text.,resolved,inactive_pending_cross_archive_freeze
itws4c:629114,itws:629114,hold_unresolved_markup,exclude_unresolved_markup,,,rights_pass,Unknown markup may contain or corrupt primary text.,resolved,inactive_pending_cross_archive_freeze
itws4c:629111,itws:629111,hold_unresolved_markup,exclude_unresolved_markup,,,rights_pass,Unknown markup may contain or corrupt primary text.,resolved,inactive_pending_cross_archive_freeze
itws4c:746788,itws:746788,hold_duplicate_review,eligible_inactive_processed_build,,,rights_pass,"Rights, quality, canonicalization, and protected-material gates passed.",resolved,inactive_pending_cross_archive_freeze
itws4c:746619,itws:746619,hold_duplicate_review,exclude_internal_exact_duplicate,itws:746618,,rights_pass,Deterministic complete/long/stable-ID precedence selected another exact Wikisource root.,resolved,inactive_pending_cross_archive_freeze
itws4c:746860,itws:746860,hold_duplicate_review,eligible_inactive_processed_build,,,rights_pass,"Rights, quality, canonicalization, and protected-material gates passed.",resolved,inactive_pending_cross_archive_freeze
itws4c:746649,itws:746649,hold_duplicate_review,exclude_internal_exact_duplicate,itws:746648,,rights_pass,Deterministic complete/long/stable-ID precedence selected another exact Wikisource root.,resolved,inactive_pending_cross_archive_freeze
itws4c:746763,itws:746763,hold_duplicate_review,exclude_internal_exact_duplicate,itws:746762,,rights_pass,Deterministic complete/long/stable-ID precedence selected another exact Wikisource root.,resolved,inactive_pending_cross_archive_freeze
itws4c:881849,itws:881849,hold_duplicate_review,exclude_internal_exact_duplicate,itws:881838,,rights_pass,Deterministic complete/long/stable-ID precedence selected another exact Wikisource root.,resolved,inactive_pending_cross_archive_freeze
itws4c:879970,itws:879970,hold_duplicate_review,exclude_internal_exact_duplicate,itws:879961,,rights_pass,Deterministic complete/long/stable-ID precedence selected another exact Wikisource root.,resolved,inactive_pending_cross_archive_freeze
itws4c:893226,itws:893226,hold_duplicate_review,exclude_internal_exact_duplicate,itws:893225,,rights_pass,Deterministic complete/long/stable-ID precedence selected another exact Wikisource root.,resolved,inactive_pending_cross_archive_freeze
itws4c:880055,itws:880055,hold_duplicate_review,exclude_internal_exact_duplicate,itws:880045,,rights_pass,Deterministic complete/long/stable-ID precedence selected another exact Wikisource root.,resolved,inactive_pending_cross_archive_freeze
itws4c:742705,itws:742705,hold_duplicate_review,exclude_internal_exact_duplicate,itws:742704,,rights_pass,Deterministic complete/long/stable-ID precedence selected another exact Wikisource root.,resolved,inactive_pending_cross_archive_freeze
itws4c:767227,itws:767227,hold_unresolved_markup,exclude_unresolved_markup,,,rights_pass,Unknown markup may contain or corrupt primary text.,resolved,inactive_pending_cross_archive_freeze
itws4c:506635,itws:506635,hold_unresolved_markup,exclude_unresolved_markup,,,rights_pass,Unknown markup may contain or corrupt primary text.,resolved,inactive_pending_cross_archive_freeze
itws4c:742785,itws:742785,hold_duplicate_review,eligible_sonnets_only_inactive,,,rights_pass,Only verified unique sonnet artifacts remain after wrapper and duplicate removal.,resolved,inactive_pending_cross_archive_freeze
itws4c:883410,itws:883410,hold_duplicate_review,exclude_internal_exact_duplicate,itws:883405,,rights_pass,Deterministic complete/long/stable-ID precedence selected another exact Wikisource root.,resolved,inactive_pending_cross_archive_freeze
itws4c:530939,itws:530939,hold_unresolved_markup,exclude_unresolved_markup,,,rights_pass,Unknown markup may contain or corrupt primary text.,resolved,inactive_pending_cross_archive_freeze
itws4c:5184,itws:5184,hold_quality_or_editorial_review,exclude_quality_language_or_editorial_hold,,,rights_pass,"Non-removable quality, language-variety, transcription-gap, or editorial evidence remains.",resolved,inactive_pending_cross_archive_freeze
itws4c:742697,itws:742697,hold_duplicate_review,exclude_internal_exact_duplicate,itws:742696,,rights_pass,Deterministic complete/long/stable-ID precedence selected another exact Wikisource root.,resolved,inactive_pending_cross_archive_freeze
itws4c:349257,itws:349257,hold_unresolved_markup,exclude_unresolved_markup,,,rights_pass,Unknown markup may contain or corrupt primary text.,resolved,inactive_pending_cross_archive_freeze
itws4c:998686,itws:998686,hold_duplicate_review,eligible_inactive_processed_build,,,rights_pass,"Rights, quality, canonicalization, and protected-material gates passed.",resolved,inactive_pending_cross_archive_freeze
itws4c:826879,itws:826879,hold_duplicate_review,exclude_internal_near_duplicate,itws:998686,,rights_pass,Directional containment and deterministic completeness precedence selected another Wikisource root.,resolved,inactive_pending_cross_archive_freeze
itws4c:254907,itws:254907,hold_quality_or_editorial_review,exclude_quality_language_or_editorial_hold,,,rights_pass,"Non-removable quality, language-variety, transcription-gap, or editorial evidence remains.",resolved,inactive_pending_cross_archive_freeze
itws4c:742710,itws:742710,hold_duplicate_review,exclude_no_unique_material_after_segmentation,,,rights_pass,No unique broader text or eligible sonnet remains after segmentation.,resolved,inactive_pending_cross_archive_freeze
itws4c:5421,itws:5421,hold_duplicate_review,exclude_quality_language_or_editorial_hold,,,rights_pass,"Non-removable quality, language-variety, transcription-gap, or editorial evidence remains.",resolved,inactive_pending_cross_archive_freeze
itws4c:194805,itws:194805,hold_quality_or_editorial_review,exclude_quality_language_or_editorial_hold,,,rights_pass,"Non-removable quality, language-variety, transcription-gap, or editorial evidence remains.",resolved,inactive_pending_cross_archive_freeze
itws4c:496926,itws:496926,hold_quality_or_editorial_review,exclude_quality_language_or_editorial_hold,,,rights_pass,"Non-removable quality, language-variety, transcription-gap, or editorial evidence remains.",resolved,inactive_pending_cross_archive_freeze
itws4c:62102,itws:62102,hold_unresolved_markup,exclude_source_rights_unresolved,,,rights_hold_modern_edition_contributor,"Post-1930 edition names a curator, translator, or illustrator whose contribution needs separate rights evidence.",resolved,inactive_pending_cross_archive_freeze
itws4c:122135,itws:122135,hold_quality_or_editorial_review,exclude_quality_language_or_editorial_hold,,,rights_pass,"Non-removable quality, language-variety, transcription-gap, or editorial evidence remains.",resolved,inactive_pending_cross_archive_freeze
itws4c:113911,itws:113911,hold_quality_or_editorial_review,exclude_quality_language_or_editorial_hold,,,rights_pass,"Non-removable quality, language-variety, transcription-gap, or editorial evidence remains.",resolved,inactive_pending_cross_archive_freeze
itws4c:228399,itws:228399,hold_unresolved_markup,exclude_source_rights_unresolved,,,rights_hold_incomplete_index_provenance,"Index metadata lacks author, year, or source evidence.",resolved,inactive_pending_cross_archive_freeze
itws4c:742694,itws:742694,hold_duplicate_review,eligible_sonnets_only_inactive,,,rights_pass,Only verified unique sonnet artifacts remain after wrapper and duplicate removal.,resolved,inactive_pending_cross_archive_freeze
itws4c:694172,itws:694172,hold_quality_or_editorial_review,exclude_quality_language_or_editorial_hold,,,rights_pass,"Non-removable quality, language-variety, transcription-gap, or editorial evidence remains.",resolved,inactive_pending_cross_archive_freeze
itws4c:970409,itws:970409,hold_missing_transcription,exclude_incomplete_transcription,,,rights_pass,Missing requested transcription pages make the work incomplete.,resolved,inactive_pending_cross_archive_freeze
itws4c:742752,itws:742752,hold_duplicate_review,eligible_sonnets_only_inactive,,,rights_pass,Only verified unique sonnet artifacts remain after wrapper and duplicate removal.,resolved,inactive_pending_cross_archive_freeze
itws4c:742718,itws:742718,hold_unresolved_markup,exclude_unresolved_markup,,,rights_pass,Unknown markup may contain or corrupt primary text.,resolved,inactive_pending_cross_archive_freeze
itws4c:742717,itws:742717,hold_duplicate_review,exclude_internal_exact_duplicate,itws:742716,,rights_pass,Deterministic complete/long/stable-ID precedence selected another exact Wikisource root.,resolved,inactive_pending_cross_archive_freeze
itws4c:881834,itws:881834,hold_duplicate_review,exclude_internal_exact_duplicate,itws:881832,,rights_pass,Deterministic complete/long/stable-ID precedence selected another exact Wikisource root.,resolved,inactive_pending_cross_archive_freeze
itws4c:881850,itws:881850,hold_duplicate_review,eligible_inactive_processed_build,,,rights_pass,"Rights, quality, canonicalization, and protected-material gates passed.",resolved,inactive_pending_cross_archive_freeze
itws4c:883526,itws:883526,hold_duplicate_review,exclude_internal_exact_duplicate,itws:883520,,rights_pass,Deterministic complete/long/stable-ID precedence selected another exact Wikisource root.,resolved,inactive_pending_cross_archive_freeze
itws4c:879513,itws:879513,hold_duplicate_review,exclude_internal_exact_duplicate,itws:879511,,rights_pass,Deterministic complete/long/stable-ID precedence selected another exact Wikisource root.,resolved,inactive_pending_cross_archive_freeze
itws4c:879649,itws:879649,hold_duplicate_review,exclude_internal_exact_duplicate,itws:879634,,rights_pass,Deterministic complete/long/stable-ID precedence selected another exact Wikisource root.,resolved,inactive_pending_cross_archive_freeze
itws4c:746024,itws:746024,hold_duplicate_review,exclude_internal_exact_duplicate,itws:746023,,rights_pass,Deterministic complete/long/stable-ID precedence selected another exact Wikisource root.,resolved,inactive_pending_cross_archive_freeze
itws4c:746058,itws:746058,hold_duplicate_review,eligible_inactive_processed_build,,,rights_pass,"Rights, quality, canonicalization, and protected-material gates passed.",resolved,inactive_pending_cross_archive_freeze
itws4c:742692,itws:742692,hold_duplicate_review,eligible_sonnets_only_inactive,,,rights_pass,Only verified unique sonnet artifacts remain after wrapper and duplicate removal.,resolved,inactive_pending_cross_archive_freeze
itws4c:879554,itws:879554,hold_duplicate_review,exclude_internal_exact_duplicate,itws:879553,,rights_pass,Deterministic complete/long/stable-ID precedence selected another exact Wikisource root.,resolved,inactive_pending_cross_archive_freeze
itws4c:746684,itws:746684,hold_duplicate_review,exclude_internal_exact_duplicate,itws:746683,,rights_pass,Deterministic complete/long/stable-ID precedence selected another exact Wikisource root.,resolved,inactive_pending_cross_archive_freeze
itws4c:881833,itws:881833,hold_duplicate_review,exclude_internal_exact_duplicate,itws:881832,,rights_pass,Deterministic complete/long/stable-ID precedence selected another exact Wikisource root.,resolved,inactive_pending_cross_archive_freeze
itws4c:746000,itws:746000,hold_duplicate_review,eligible_inactive_processed_build,,,rights_pass,"Rights, quality, canonicalization, and protected-material gates passed.",resolved,inactive_pending_cross_archive_freeze
itws4c:746012,itws:746012,hold_duplicate_review,eligible_inactive_processed_build,,,rights_pass,"Rights, quality, canonicalization, and protected-material gates passed.",resolved,inactive_pending_cross_archive_freeze
itws4c:746936,itws:746936,hold_duplicate_review,exclude_internal_exact_duplicate,itws:746935,,rights_pass,Deterministic complete/long/stable-ID precedence selected another exact Wikisource root.,resolved,inactive_pending_cross_archive_freeze
itws4c:742743,itws:742743,hold_duplicate_review,exclude_no_unique_material_after_segmentation,,,rights_pass,No unique broader text or eligible sonnet remains after segmentation.,resolved,inactive_pending_cross_archive_freeze
itws4c:746934,itws:746934,hold_duplicate_review,exclude_internal_exact_duplicate,itws:746933,,rights_pass,Deterministic complete/long/stable-ID precedence selected another exact Wikisource root.,resolved,inactive_pending_cross_archive_freeze
itws4c:745977,itws:745977,hold_duplicate_review,eligible_inactive_processed_build,,,rights_pass,"Rights, quality, canonicalization, and protected-material gates passed.",resolved,inactive_pending_cross_archive_freeze
itws4c:746086,itws:746086,hold_duplicate_review,eligible_inactive_processed_build,,,rights_pass,"Rights, quality, canonicalization, and protected-material gates passed.",resolved,inactive_pending_cross_archive_freeze
itws4c:880097,itws:880097,hold_duplicate_review,exclude_internal_exact_duplicate,itws:880045,,rights_pass,Deterministic complete/long/stable-ID precedence selected another exact Wikisource root.,resolved,inactive_pending_cross_archive_freeze
itws4c:44299,itws:44299,hold_empty_extraction,exclude_empty_extraction,,,rights_pass,No primary text remains.,resolved,inactive_pending_cross_archive_freeze
itws4c:746610,itws:746610,hold_unresolved_markup,exclude_unresolved_markup,,,rights_pass,Unknown markup may contain or corrupt primary text.,resolved,inactive_pending_cross_archive_freeze
itws4c:746611,itws:746611,hold_unresolved_markup,exclude_unresolved_markup,,,rights_pass,Unknown markup may contain or corrupt primary text.,resolved,inactive_pending_cross_archive_freeze
itws4c:879514,itws:879514,hold_duplicate_review,exclude_internal_exact_duplicate,itws:879511,,rights_pass,Deterministic complete/long/stable-ID precedence selected another exact Wikisource root.,resolved,inactive_pending_cross_archive_freeze
itws4c:876376,itws:876376,hold_duplicate_review,eligible_inactive_processed_build,,,rights_pass,"Rights, quality, canonicalization, and protected-material gates passed.",resolved,inactive_pending_cross_archive_freeze
itws4c:892387,itws:892387,hold_duplicate_review,exclude_internal_exact_duplicate,itws:892380,,rights_pass,Deterministic complete/long/stable-ID precedence selected another exact Wikisource root.,resolved,inactive_pending_cross_archive_freeze
itws4c:746953,itws:746953,hold_duplicate_review,eligible_inactive_processed_build,,,rights_pass,"Rights, quality, canonicalization, and protected-material gates passed.",resolved,inactive_pending_cross_archive_freeze
itws4c:746031,itws:746031,hold_protected_v6_overlap,eligible_inactive_processed_build,,protected_v6:cecco_cxiii_quando_mie_donn_esce_la_man_del_letto,rights_pass,"Rights, quality, canonicalization, and protected-material gates passed.",resolved,inactive_pending_cross_archive_freeze
itws4c:881845,itws:881845,hold_duplicate_review,exclude_internal_exact_duplicate,itws:881838,,rights_pass,Deterministic complete/long/stable-ID precedence selected another exact Wikisource root.,resolved,inactive_pending_cross_archive_freeze
itws4c:746096,itws:746096,hold_duplicate_review,eligible_inactive_processed_build,,,rights_pass,"Rights, quality, canonicalization, and protected-material gates passed.",resolved,inactive_pending_cross_archive_freeze
itws4c:746044,itws:746044,hold_duplicate_review,exclude_internal_exact_duplicate,itws:746043,,rights_pass,Deterministic complete/long/stable-ID precedence selected another exact Wikisource root.,resolved,inactive_pending_cross_archive_freeze
itws4c:746624,itws:746624,hold_duplicate_review,eligible_inactive_processed_build,,,rights_pass,"Rights, quality, canonicalization, and protected-material gates passed.",resolved,inactive_pending_cross_archive_freeze
itws4c:746869,itws:746869,hold_duplicate_review,eligible_inactive_processed_build,,,rights_pass,"Rights, quality, canonicalization, and protected-material gates passed.",resolved,inactive_pending_cross_archive_freeze
itws4c:916663,itws:916663,hold_duplicate_review,eligible_inactive_processed_build,,,rights_pass,"Rights, quality, canonicalization, and protected-material gates passed.",resolved,inactive_pending_cross_archive_freeze
itws4c:746931,itws:746931,hold_duplicate_review,eligible_inactive_processed_build,,,rights_pass,"Rights, quality, canonicalization, and protected-material gates passed.",resolved,inactive_pending_cross_archive_freeze
itws4c:745968,itws:745968,hold_duplicate_review,eligible_inactive_processed_build,,,rights_pass,"Rights, quality, canonicalization, and protected-material gates passed.",resolved,inactive_pending_cross_archive_freeze
itws4c:980237,itws:980237,hold_duplicate_review,exclude_source_rights_unresolved,,,rights_hold_modern_edition_contributor,"Post-1930 edition names a curator, translator, or illustrator whose contribution needs separate rights evidence.",resolved,inactive_pending_cross_archive_freeze
itws4c:891789,itws:891789,hold_duplicate_review,exclude_internal_exact_duplicate,itws:891788,,rights_pass,Deterministic complete/long/stable-ID precedence selected another exact Wikisource root.,resolved,inactive_pending_cross_archive_freeze
itws4c:746645,itws:746645,hold_duplicate_review,exclude_internal_exact_duplicate,itws:746644,,rights_pass,Deterministic complete/long/stable-ID precedence selected another exact Wikisource root.,resolved,inactive_pending_cross_archive_freeze
itws4c:980235,itws:980235,hold_duplicate_review,exclude_source_rights_unresolved,,,rights_hold_modern_edition_contributor,"Post-1930 edition names a curator, translator, or illustrator whose contribution needs separate rights evidence.",resolved,inactive_pending_cross_archive_freeze
itws4c:746814,itws:746814,hold_duplicate_review,exclude_internal_exact_duplicate,itws:746813,,rights_pass,Deterministic complete/long/stable-ID precedence selected another exact Wikisource root.,resolved,inactive_pending_cross_archive_freeze
itws4c:67264,itws:67264,hold_duplicate_review,exclude_source_rights_unresolved,,,rights_hold_modern_edition_contributor,"Post-1930 edition names a curator, translator, or illustrator whose contribution needs separate rights evidence.",resolved,inactive_pending_cross_archive_freeze
itws4c:745966,itws:745966,hold_duplicate_review,eligible_inactive_processed_build,,,rights_pass,"Rights, quality, canonicalization, and protected-material gates passed.",resolved,inactive_pending_cross_archive_freeze
itws4c:579513,itws:579513,hold_unresolved_markup,exclude_unresolved_markup,,,rights_pass,Unknown markup may contain or corrupt primary text.,resolved,inactive_pending_cross_archive_freeze
itws4c:826926,itws:826926,hold_empty_extraction,exclude_empty_extraction,,,rights_pass,No primary text remains.,resolved,inactive_pending_cross_archive_freeze
itws4c:742764,itws:742764,hold_duplicate_review,exclude_no_unique_material_after_segmentation,,,rights_pass,No unique broader text or eligible sonnet remains after segmentation.,resolved,inactive_pending_cross_archive_freeze
itws4c:980254,itws:980254,hold_duplicate_review,exclude_source_rights_unresolved,,,rights_hold_modern_edition_contributor,"Post-1930 edition names a curator, translator, or illustrator whose contribution needs separate rights evidence.",resolved,inactive_pending_cross_archive_freeze
itws4c:883516,itws:883516,hold_duplicate_review,exclude_internal_exact_duplicate,itws:883509,,rights_pass,Deterministic complete/long/stable-ID precedence selected another exact Wikisource root.,resolved,inactive_pending_cross_archive_freeze
itws4c:883511,itws:883511,hold_duplicate_review,exclude_internal_exact_duplicate,itws:883509,,rights_pass,Deterministic complete/long/stable-ID precedence selected another exact Wikisource root.,resolved,inactive_pending_cross_archive_freeze
itws4c:980211,itws:980211,hold_duplicate_review,exclude_source_rights_unresolved,,,rights_hold_modern_edition_contributor,"Post-1930 edition names a curator, translator, or illustrator whose contribution needs separate rights evidence.",resolved,inactive_pending_cross_archive_freeze
itws4c:746780,itws:746780,hold_duplicate_review,eligible_inactive_processed_build,,,rights_pass,"Rights, quality, canonicalization, and protected-material gates passed.",resolved,inactive_pending_cross_archive_freeze
itws4c:879532,itws:879532,hold_duplicate_review,exclude_internal_exact_duplicate,itws:879526,,rights_pass,Deterministic complete/long/stable-ID precedence selected another exact Wikisource root.,resolved,inactive_pending_cross_archive_freeze
itws4c:879996,itws:879996,hold_duplicate_review,exclude_internal_exact_duplicate,itws:879991,,rights_pass,Deterministic complete/long/stable-ID precedence selected another exact Wikisource root.,resolved,inactive_pending_cross_archive_freeze
itws4c:876383,itws:876383,hold_duplicate_review,exclude_internal_exact_duplicate,itws:876380,,rights_pass,Deterministic complete/long/stable-ID precedence selected another exact Wikisource root.,resolved,inactive_pending_cross_archive_freeze
itws4c:881839,itws:881839,hold_duplicate_review,exclude_internal_exact_duplicate,itws:881838,,rights_pass,Deterministic complete/long/stable-ID precedence selected another exact Wikisource root.,resolved,inactive_pending_cross_archive_freeze
itws4c:742773,itws:742773,hold_duplicate_review,exclude_no_unique_material_after_segmentation,,,rights_pass,No unique broader text or eligible sonnet remains after segmentation.,resolved,inactive_pending_cross_archive_freeze
itws4c:883620,itws:883620,hold_duplicate_review,exclude_internal_exact_duplicate,itws:883617,,rights_pass,Deterministic complete/long/stable-ID precedence selected another exact Wikisource root.,resolved,inactive_pending_cross_archive_freeze
itws4c:881854,itws:881854,hold_duplicate_review,exclude_internal_exact_duplicate,itws:881850,,rights_pass,Deterministic complete/long/stable-ID precedence selected another exact Wikisource root.,resolved,inactive_pending_cross_archive_freeze
itws4c:235081,itws:235081,hold_unresolved_markup,exclude_unresolved_markup,,,rights_pass,Unknown markup may contain or corrupt primary text.,resolved,inactive_pending_cross_archive_freeze
itws4c:208927,itws:208927,hold_quality_or_editorial_review,exclude_quality_language_or_editorial_hold,,,rights_pass,"Non-removable quality, language-variety, transcription-gap, or editorial evidence remains.",resolved,inactive_pending_cross_archive_freeze
itws4c:879553,itws:879553,hold_duplicate_review,eligible_inactive_processed_build,,,rights_pass,"Rights, quality, canonicalization, and protected-material gates passed.",resolved,inactive_pending_cross_archive_freeze
itws4c:881846,itws:881846,hold_duplicate_review,exclude_internal_exact_duplicate,itws:881838,,rights_pass,Deterministic complete/long/stable-ID precedence selected another exact Wikisource root.,resolved,inactive_pending_cross_archive_freeze
itws4c:746884,itws:746884,hold_duplicate_review,exclude_internal_exact_duplicate,itws:746883,,rights_pass,Deterministic complete/long/stable-ID precedence selected another exact Wikisource root.,resolved,inactive_pending_cross_archive_freeze
itws4c:746109,itws:746109,hold_duplicate_review,exclude_internal_exact_duplicate,itws:746108,,rights_pass,Deterministic complete/long/stable-ID precedence selected another exact Wikisource root.,resolved,inactive_pending_cross_archive_freeze
itws4c:93551,itws:93551,hold_duplicate_review,exclude_internal_exact_duplicate,itws:93549,,rights_pass,Deterministic complete/long/stable-ID precedence selected another exact Wikisource root.,resolved,inactive_pending_cross_archive_freeze
itws4c:742727,itws:742727,hold_duplicate_review,exclude_internal_exact_duplicate,itws:742726,,rights_pass,Deterministic complete/long/stable-ID precedence selected another exact Wikisource root.,resolved,inactive_pending_cross_archive_freeze
itws4c:274276,itws:274276,hold_unresolved_markup,exclude_unresolved_markup,,,rights_pass,Unknown markup may contain or corrupt primary text.,resolved,inactive_pending_cross_archive_freeze
itws4c:746882,itws:746882,hold_duplicate_review,exclude_internal_exact_duplicate,itws:746881,,rights_pass,Deterministic complete/long/stable-ID precedence selected another exact Wikisource root.,resolved,inactive_pending_cross_archive_freeze
itws4c:498217,itws:498217,hold_missing_transcription,exclude_incomplete_transcription,,,rights_pass,Missing requested transcription pages make the work incomplete.,resolved,inactive_pending_cross_archive_freeze
itws4c:123668,itws:123668,hold_unresolved_markup,exclude_unresolved_markup,,,rights_pass,Unknown markup may contain or corrupt primary text.,resolved,inactive_pending_cross_archive_freeze
itws4c:28006,itws:28006,hold_duplicate_review,exclude_canonical_cross_corpus_duplicate,gutenberg_previous:pg28867,,rights_pass,An already resolved project source contains this Wikisource root.,resolved,inactive_pending_cross_archive_freeze
itws4c:782222,itws:782222,hold_duplicate_review,exclude_quality_language_or_editorial_hold,,,rights_pass,"Non-removable quality, language-variety, transcription-gap, or editorial evidence remains.",resolved,inactive_pending_cross_archive_freeze
itws4c:391214,itws:391214,hold_quality_or_editorial_review,exclude_quality_language_or_editorial_hold,,,rights_pass,"Non-removable quality, language-variety, transcription-gap, or editorial evidence remains.",resolved,inactive_pending_cross_archive_freeze
itws4c:78138,itws:78138,hold_duplicate_review,exclude_canonical_cross_corpus_duplicate,gutenberg_previous:pg72382,,rights_pass,An already resolved project source contains this Wikisource root.,resolved,inactive_pending_cross_archive_freeze
itws4c:27774,itws:27774,hold_duplicate_review,exclude_canonical_cross_corpus_duplicate,gutenberg_previous:pg28403,,rights_pass,An already resolved project source contains this Wikisource root.,resolved,inactive_pending_cross_archive_freeze
itws4c:273325,itws:273325,hold_unresolved_markup,exclude_unresolved_markup,,,rights_pass,Unknown markup may contain or corrupt primary text.,resolved,inactive_pending_cross_archive_freeze
itws4c:627140,itws:627140,hold_unresolved_markup,exclude_unresolved_markup,,,rights_pass,Unknown markup may contain or corrupt primary text.,resolved,inactive_pending_cross_archive_freeze
itws4c:627541,itws:627541,hold_unresolved_markup,exclude_unresolved_markup,,,rights_pass,Unknown markup may contain or corrupt primary text.,resolved,inactive_pending_cross_archive_freeze
itws4c:627149,itws:627149,hold_unresolved_markup,exclude_unresolved_markup,,,rights_pass,Unknown markup may contain or corrupt primary text.,resolved,inactive_pending_cross_archive_freeze
itws4c:604912,itws:604912,hold_unresolved_markup,exclude_unresolved_markup,,,rights_pass,Unknown markup may contain or corrupt primary text.,resolved,inactive_pending_cross_archive_freeze
itws4c:302474,itws:302474,hold_quality_or_editorial_review,exclude_quality_language_or_editorial_hold,,,rights_pass,"Non-removable quality, language-variety, transcription-gap, or editorial evidence remains.",resolved,inactive_pending_cross_archive_freeze
itws4c:108891,itws:108891,hold_unresolved_markup,exclude_unresolved_markup,,,rights_pass,Unknown markup may contain or corrupt primary text.,resolved,inactive_pending_cross_archive_freeze
itws4c:894273,itws:894273,hold_duplicate_review,eligible_inactive_processed_build,,,rights_pass,"Rights, quality, canonicalization, and protected-material gates passed.",resolved,inactive_pending_cross_archive_freeze
itws4c:883534,itws:883534,hold_duplicate_review,exclude_internal_exact_duplicate,itws:883530,,rights_pass,Deterministic complete/long/stable-ID precedence selected another exact Wikisource root.,resolved,inactive_pending_cross_archive_freeze
itws4c:742712,itws:742712,hold_duplicate_review,eligible_inactive_processed_build,,,rights_pass,"Rights, quality, canonicalization, and protected-material gates passed.",resolved,inactive_pending_cross_archive_freeze
itws4c:123160,itws:123160,hold_unresolved_markup,exclude_unresolved_markup,,,rights_pass,Unknown markup may contain or corrupt primary text.,resolved,inactive_pending_cross_archive_freeze
itws4c:537901,itws:537901,hold_quality_or_editorial_review,exclude_quality_language_or_editorial_hold,,,rights_pass,"Non-removable quality, language-variety, transcription-gap, or editorial evidence remains.",resolved,inactive_pending_cross_archive_freeze
itws4c:919533,itws:919533,hold_quality_or_editorial_review,exclude_quality_language_or_editorial_hold,,,rights_pass,"Non-removable quality, language-variety, transcription-gap, or editorial evidence remains.",resolved,inactive_pending_cross_archive_freeze
itws4c:537098,itws:537098,hold_unresolved_markup,exclude_source_rights_unresolved,,,rights_hold_incomplete_index_provenance,"Index metadata lacks author, year, or source evidence.",resolved,inactive_pending_cross_archive_freeze
itws4c:593926,itws:593926,hold_unresolved_markup,exclude_source_rights_unresolved,,,rights_hold_incomplete_index_provenance,"Index metadata lacks author, year, or source evidence.",resolved,inactive_pending_cross_archive_freeze
itws4c:226787,itws:226787,hold_quality_or_editorial_review,exclude_quality_language_or_editorial_hold,,,rights_pass,"Non-removable quality, language-variety, transcription-gap, or editorial evidence remains.",resolved,inactive_pending_cross_archive_freeze
itws4c:518249,itws:518249,hold_quality_or_editorial_review,exclude_quality_language_or_editorial_hold,,,rights_pass,"Non-removable quality, language-variety, transcription-gap, or editorial evidence remains.",resolved,inactive_pending_cross_archive_freeze
itws4c:438079,itws:438079,hold_quality_or_editorial_review,exclude_quality_language_or_editorial_hold,,,rights_pass,"Non-removable quality, language-variety, transcription-gap, or editorial evidence remains.",resolved,inactive_pending_cross_archive_freeze
itws4c:589682,itws:589682,hold_unresolved_markup,exclude_unresolved_markup,,,rights_pass,Unknown markup may contain or corrupt primary text.,resolved,inactive_pending_cross_archive_freeze
itws4c:991106,itws:991106,hold_missing_transcription,exclude_source_rights_unresolved,,,rights_hold_modern_edition_contributor,"Post-1930 edition names a curator, translator, or illustrator whose contribution needs separate rights evidence.",resolved,inactive_pending_cross_archive_freeze
itws4c:180289,itws:180289,hold_unresolved_markup,exclude_unresolved_markup,,,rights_pass,Unknown markup may contain or corrupt primary text.,resolved,inactive_pending_cross_archive_freeze
itws4c:877228,itws:877228,hold_quality_or_editorial_review,exclude_quality_language_or_editorial_hold,,,rights_pass,"Non-removable quality, language-variety, transcription-gap, or editorial evidence remains.",resolved,inactive_pending_cross_archive_freeze
itws4c:94194,itws:94194,hold_quality_or_editorial_review,exclude_quality_language_or_editorial_hold,,,rights_pass,"Non-removable quality, language-variety, transcription-gap, or editorial evidence remains.",resolved,inactive_pending_cross_archive_freeze
itws4c:492348,itws:492348,hold_duplicate_review,exclude_canonical_cross_corpus_duplicate,gutenberg_pass1b:pg22505,,rights_pass,An already resolved project source contains this Wikisource root.,resolved,inactive_pending_cross_archive_freeze
itws4c:787819,itws:787819,hold_unresolved_markup,exclude_source_rights_unresolved,,,rights_hold_modern_edition_contributor,"Post-1930 edition names a curator, translator, or illustrator whose contribution needs separate rights evidence.",resolved,inactive_pending_cross_archive_freeze
itws4c:746829,itws:746829,hold_duplicate_review,eligible_inactive_processed_build,,,rights_pass,"Rights, quality, canonicalization, and protected-material gates passed.",resolved,inactive_pending_cross_archive_freeze
itws4c:742872,itws:742872,hold_duplicate_review,exclude_internal_exact_duplicate,itws:742871,,rights_pass,Deterministic complete/long/stable-ID precedence selected another exact Wikisource root.,resolved,inactive_pending_cross_archive_freeze
itws4c:554707,itws:554707,hold_quality_or_editorial_review,exclude_quality_language_or_editorial_hold,,,rights_pass,"Non-removable quality, language-variety, transcription-gap, or editorial evidence remains.",resolved,inactive_pending_cross_archive_freeze
itws4c:317904,itws:317904,hold_unresolved_markup,exclude_unresolved_markup,,,rights_pass,Unknown markup may contain or corrupt primary text.,resolved,inactive_pending_cross_archive_freeze
itws4c:961106,itws:961106,hold_unresolved_markup,exclude_unresolved_markup,,,rights_pass,Unknown markup may contain or corrupt primary text.,resolved,inactive_pending_cross_archive_freeze
itws4c:984260,itws:984260,hold_quality_or_editorial_review,exclude_quality_language_or_editorial_hold,,,rights_pass,"Non-removable quality, language-variety, transcription-gap, or editorial evidence remains.",resolved,inactive_pending_cross_archive_freeze
itws4c:11642,itws:11642,hold_unresolved_markup,exclude_source_rights_unresolved,,,rights_hold_modern_edition_contributor,"Post-1930 edition names a curator, translator, or illustrator whose contribution needs separate rights evidence.",resolved,inactive_pending_cross_archive_freeze
itws4c:788690,itws:788690,hold_quality_or_editorial_review,exclude_quality_language_or_editorial_hold,,,rights_pass,"Non-removable quality, language-variety, transcription-gap, or editorial evidence remains.",resolved,inactive_pending_cross_archive_freeze
itws4c:19070,itws:19070,hold_missing_transcription,exclude_source_rights_unresolved,,,rights_hold_modern_edition_contributor,"Post-1930 edition names a curator, translator, or illustrator whose contribution needs separate rights evidence.",resolved,inactive_pending_cross_archive_freeze
itws4c:554134,itws:554134,hold_unresolved_markup,exclude_unresolved_markup,,,rights_pass,Unknown markup may contain or corrupt primary text.,resolved,inactive_pending_cross_archive_freeze
itws4c:27286,itws:27286,hold_quality_or_editorial_review,exclude_quality_language_or_editorial_hold,,,rights_pass,"Non-removable quality, language-variety, transcription-gap, or editorial evidence remains.",resolved,inactive_pending_cross_archive_freeze
itws4c:152825,itws:152825,hold_unresolved_markup,exclude_unresolved_markup,,,rights_pass,Unknown markup may contain or corrupt primary text.,resolved,inactive_pending_cross_archive_freeze
itws4c:43785,itws:43785,hold_quality_or_editorial_review,exclude_quality_language_or_editorial_hold,,,rights_pass,"Non-removable quality, language-variety, transcription-gap, or editorial evidence remains.",resolved,inactive_pending_cross_archive_freeze
itws4c:30701,itws:30701,hold_unresolved_markup,exclude_unresolved_markup,,,rights_pass,Unknown markup may contain or corrupt primary text.,resolved,inactive_pending_cross_archive_freeze
itws4c:3539,itws:3539,hold_unresolved_markup,exclude_unresolved_markup,,,rights_pass,Unknown markup may contain or corrupt primary text.,resolved,inactive_pending_cross_archive_freeze
itws4c:881074,itws:881074,hold_unresolved_markup,exclude_unresolved_markup,,,rights_pass,Unknown markup may contain or corrupt primary text.,resolved,inactive_pending_cross_archive_freeze
itws4c:742695,itws:742695,hold_duplicate_review,exclude_internal_exact_duplicate,itws:742694,,rights_pass,Deterministic complete/long/stable-ID precedence selected another exact Wikisource root.,resolved,inactive_pending_cross_archive_freeze
itws4c:600829,itws:600829,hold_unresolved_markup,exclude_unresolved_markup,,,rights_pass,Unknown markup may contain or corrupt primary text.,resolved,inactive_pending_cross_archive_freeze
itws4c:379981,itws:379981,hold_unresolved_markup,exclude_unresolved_markup,,,rights_pass,Unknown markup may contain or corrupt primary text.,resolved,inactive_pending_cross_archive_freeze
itws4c:144169,itws:144169,hold_quality_or_editorial_review,exclude_quality_language_or_editorial_hold,,,rights_pass,"Non-removable quality, language-variety, transcription-gap, or editorial evidence remains.",resolved,inactive_pending_cross_archive_freeze
itws4c:342605,itws:342605,hold_unresolved_markup,exclude_unresolved_markup,,,rights_pass,Unknown markup may contain or corrupt primary text.,resolved,inactive_pending_cross_archive_freeze
itws4c:283207,itws:283207,hold_quality_or_editorial_review,exclude_quality_language_or_editorial_hold,,,rights_pass,"Non-removable quality, language-variety, transcription-gap, or editorial evidence remains.",resolved,inactive_pending_cross_archive_freeze
itws4c:283208,itws:283208,hold_unresolved_markup,exclude_unresolved_markup,,,rights_pass,Unknown markup may contain or corrupt primary text.,resolved,inactive_pending_cross_archive_freeze
itws4c:285444,itws:285444,hold_missing_transcription,exclude_incomplete_transcription,,,rights_pass,Missing requested transcription pages make the work incomplete.,resolved,inactive_pending_cross_archive_freeze
itws4c:789810,itws:789810,hold_quality_or_editorial_review,exclude_quality_language_or_editorial_hold,,,rights_pass,"Non-removable quality, language-variety, transcription-gap, or editorial evidence remains.",resolved,inactive_pending_cross_archive_freeze
itws4c:251397,itws:251397,hold_unresolved_markup,exclude_unresolved_markup,,,rights_pass,Unknown markup may contain or corrupt primary text.,resolved,inactive_pending_cross_archive_freeze
itws4c:256069,itws:256069,hold_unresolved_markup,exclude_unresolved_markup,,,rights_pass,Unknown markup may contain or corrupt primary text.,resolved,inactive_pending_cross_archive_freeze
itws4c:267445,itws:267445,hold_unresolved_markup,exclude_unresolved_markup,,,rights_pass,Unknown markup may contain or corrupt primary text.,resolved,inactive_pending_cross_archive_freeze
itws4c:301172,itws:301172,hold_unresolved_markup,exclude_unresolved_markup,,,rights_pass,Unknown markup may contain or corrupt primary text.,resolved,inactive_pending_cross_archive_freeze
itws4c:585613,itws:585613,hold_unresolved_markup,exclude_unresolved_markup,,,rights_pass,Unknown markup may contain or corrupt primary text.,resolved,inactive_pending_cross_archive_freeze
itws4c:603550,itws:603550,hold_unresolved_markup,exclude_unresolved_markup,,,rights_pass,Unknown markup may contain or corrupt primary text.,resolved,inactive_pending_cross_archive_freeze
itws4c:1008224,itws:1008224,hold_unresolved_markup,exclude_unresolved_markup,,,rights_pass,Unknown markup may contain or corrupt primary text.,resolved,inactive_pending_cross_archive_freeze
itws4c:798395,itws:798395,hold_unresolved_markup,exclude_unresolved_markup,,,rights_pass,Unknown markup may contain or corrupt primary text.,resolved,inactive_pending_cross_archive_freeze
itws4c:265389,itws:265389,hold_quality_or_editorial_review,exclude_quality_language_or_editorial_hold,,,rights_pass,"Non-removable quality, language-variety, transcription-gap, or editorial evidence remains.",resolved,inactive_pending_cross_archive_freeze
itws4c:602300,itws:602300,hold_duplicate_review,exclude_canonical_cross_corpus_duplicate,gutenberg_pass1b:pg22507,,rights_pass,An already resolved project source contains this Wikisource root.,resolved,inactive_pending_cross_archive_freeze
itws4c:879764,itws:879764,hold_unresolved_markup,exclude_unresolved_markup,,,rights_pass,Unknown markup may contain or corrupt primary text.,resolved,inactive_pending_cross_archive_freeze
itws4c:746817,itws:746817,hold_duplicate_review,eligible_inactive_processed_build,,,rights_pass,"Rights, quality, canonicalization, and protected-material gates passed.",resolved,inactive_pending_cross_archive_freeze
itws4c:746811,itws:746811,hold_duplicate_review,eligible_inactive_processed_build,,,rights_pass,"Rights, quality, canonicalization, and protected-material gates passed.",resolved,inactive_pending_cross_archive_freeze
itws4c:324680,itws:324680,hold_protected_v6_overlap,eligible_inactive_processed_build,,protected_v6:cecco_lxxxvi_s_i_fosse_foco_arderei_l_mondo,rights_pass,"Rights, quality, canonicalization, and protected-material gates passed.",resolved,inactive_pending_cross_archive_freeze
itws4c:746661,itws:746661,hold_duplicate_review,exclude_internal_exact_duplicate,itws:746660,,rights_pass,Deterministic complete/long/stable-ID precedence selected another exact Wikisource root.,resolved,inactive_pending_cross_archive_freeze
itws4c:746022,itws:746022,hold_duplicate_review,exclude_internal_exact_duplicate,itws:746021,,rights_pass,Deterministic complete/long/stable-ID precedence selected another exact Wikisource root.,resolved,inactive_pending_cross_archive_freeze
itws4c:745989,itws:745989,hold_duplicate_review,exclude_internal_exact_duplicate,itws:745988,,rights_pass,Deterministic complete/long/stable-ID precedence selected another exact Wikisource root.,resolved,inactive_pending_cross_archive_freeze
itws4c:746951,itws:746951,hold_duplicate_review,eligible_inactive_processed_build,,,rights_pass,"Rights, quality, canonicalization, and protected-material gates passed.",resolved,inactive_pending_cross_archive_freeze
itws4c:746769,itws:746769,hold_duplicate_review,exclude_internal_exact_duplicate,itws:746768,,rights_pass,Deterministic complete/long/stable-ID precedence selected another exact Wikisource root.,resolved,inactive_pending_cross_archive_freeze
itws4c:746957,itws:746957,hold_duplicate_review,eligible_inactive_processed_build,,,rights_pass,"Rights, quality, canonicalization, and protected-material gates passed.",resolved,inactive_pending_cross_archive_freeze
itws4c:746937,itws:746937,hold_duplicate_review,eligible_inactive_processed_build,,,rights_pass,"Rights, quality, canonicalization, and protected-material gates passed.",resolved,inactive_pending_cross_archive_freeze
itws4c:362841,itws:362841,hold_missing_transcription,exclude_incomplete_transcription,,,rights_pass,Missing requested transcription pages make the work incomplete.,resolved,inactive_pending_cross_archive_freeze
itws4c:747101,itws:747101,hold_quality_or_editorial_review,exclude_quality_language_or_editorial_hold,,,rights_pass,"Non-removable quality, language-variety, transcription-gap, or editorial evidence remains.",resolved,inactive_pending_cross_archive_freeze
itws4c:405029,itws:405029,hold_missing_transcription,exclude_incomplete_transcription,,,rights_pass,Missing requested transcription pages make the work incomplete.,resolved,inactive_pending_cross_archive_freeze
itws4c:813019,itws:813019,hold_unresolved_markup,exclude_unresolved_markup,,,rights_pass,Unknown markup may contain or corrupt primary text.,resolved,inactive_pending_cross_archive_freeze
itws4c:509212,itws:509212,hold_missing_transcription,exclude_source_rights_unresolved,,,rights_hold_incomplete_index_provenance,"Index metadata lacks author, year, or source evidence.",resolved,inactive_pending_cross_archive_freeze
itws4c:497446,itws:497446,hold_unresolved_markup,exclude_unresolved_markup,,,rights_pass,Unknown markup may contain or corrupt primary text.,resolved,inactive_pending_cross_archive_freeze
itws4c:80201,itws:80201,hold_quality_or_editorial_review,exclude_quality_language_or_editorial_hold,,,rights_pass,"Non-removable quality, language-variety, transcription-gap, or editorial evidence remains.",resolved,inactive_pending_cross_archive_freeze
itws4c:455714,itws:455714,hold_unresolved_markup,exclude_unresolved_markup,,,rights_pass,Unknown markup may contain or corrupt primary text.,resolved,inactive_pending_cross_archive_freeze
itws4c:924054,itws:924054,hold_quality_or_editorial_review,exclude_quality_language_or_editorial_hold,,,rights_pass,"Non-removable quality, language-variety, transcription-gap, or editorial evidence remains.",resolved,inactive_pending_cross_archive_freeze
itws4c:995051,itws:995051,hold_unresolved_markup,exclude_source_rights_unresolved,,,rights_hold_modern_edition_contributor,"Post-1930 edition names a curator, translator, or illustrator whose contribution needs separate rights evidence.",resolved,inactive_pending_cross_archive_freeze
itws4c:22954,itws:22954,hold_duplicate_review,exclude_quality_language_or_editorial_hold,,,rights_pass,"Non-removable quality, language-variety, transcription-gap, or editorial evidence remains.",resolved,inactive_pending_cross_archive_freeze
itws4c:746099,itws:746099,hold_duplicate_review,exclude_internal_exact_duplicate,itws:746098,,rights_pass,Deterministic complete/long/stable-ID precedence selected another exact Wikisource root.,resolved,inactive_pending_cross_archive_freeze
itws4c:269969,itws:269969,hold_duplicate_review,exclude_canonical_cross_corpus_duplicate,gutenberg_previous:pg19429,,rights_pass,An already resolved project source contains this Wikisource root.,resolved,inactive_pending_cross_archive_freeze
itws4c:746948,itws:746948,hold_duplicate_review,exclude_quality_language_or_editorial_hold,,,rights_pass,"Non-removable quality, language-variety, transcription-gap, or editorial evidence remains.",resolved,inactive_pending_cross_archive_freeze
itws4c:454504,itws:454504,hold_quality_or_editorial_review,exclude_quality_language_or_editorial_hold,,,rights_pass,"Non-removable quality, language-variety, transcription-gap, or editorial evidence remains.",resolved,inactive_pending_cross_archive_freeze
itws4c:1011536,itws:1011536,hold_unresolved_markup,exclude_unresolved_markup,,,rights_pass,Unknown markup may contain or corrupt primary text.,resolved,inactive_pending_cross_archive_freeze
itws4c:746965,itws:746965,hold_duplicate_review,eligible_inactive_processed_build,,,rights_pass,"Rights, quality, canonicalization, and protected-material gates passed.",resolved,inactive_pending_cross_archive_freeze
itws4c:770207,itws:770207,hold_duplicate_review,exclude_quality_language_or_editorial_hold,,,rights_pass,"Non-removable quality, language-variety, transcription-gap, or editorial evidence remains.",resolved,inactive_pending_cross_archive_freeze
itws4c:998559,itws:998559,hold_duplicate_review,exclude_canonical_cross_corpus_duplicate,bibit:bibit000237,,rights_pass,An already resolved project source contains this Wikisource root.,resolved,inactive_pending_cross_archive_freeze
itws4c:77037,itws:77037,hold_quality_or_editorial_review,exclude_quality_language_or_editorial_hold,,,rights_pass,"Non-removable quality, language-variety, transcription-gap, or editorial evidence remains.",resolved,inactive_pending_cross_archive_freeze
itws4c:32713,itws:32713,hold_unresolved_markup,exclude_unresolved_markup,,,rights_pass,Unknown markup may contain or corrupt primary text.,resolved,inactive_pending_cross_archive_freeze
itws4c:402760,itws:402760,hold_quality_or_editorial_review,exclude_quality_language_or_editorial_hold,,,rights_pass,"Non-removable quality, language-variety, transcription-gap, or editorial evidence remains.",resolved,inactive_pending_cross_archive_freeze
itws4c:90079,itws:90079,hold_duplicate_review,exclude_canonical_cross_corpus_duplicate,bibit:bibit000716,,rights_pass,An already resolved project source contains this Wikisource root.,resolved,inactive_pending_cross_archive_freeze
itws4c:746835,itws:746835,hold_duplicate_review,eligible_inactive_processed_build,,,rights_pass,"Rights, quality, canonicalization, and protected-material gates passed.",resolved,inactive_pending_cross_archive_freeze
itws4c:883539,itws:883539,hold_duplicate_review,exclude_internal_exact_duplicate,itws:883530,,rights_pass,Deterministic complete/long/stable-ID precedence selected another exact Wikisource root.,resolved,inactive_pending_cross_archive_freeze
itws4c:848991,itws:848991,hold_unresolved_markup,exclude_unresolved_markup,,,rights_pass,Unknown markup may contain or corrupt primary text.,resolved,inactive_pending_cross_archive_freeze
itws4c:746784,itws:746784,hold_duplicate_review,eligible_inactive_processed_build,,,rights_pass,"Rights, quality, canonicalization, and protected-material gates passed.",resolved,inactive_pending_cross_archive_freeze
itws4c:742869,itws:742869,hold_duplicate_review,eligible_sonnets_only_inactive,,,rights_pass,Only verified unique sonnet artifacts remain after wrapper and duplicate removal.,resolved,inactive_pending_cross_archive_freeze
itws4c:746092,itws:746092,hold_duplicate_review,eligible_inactive_processed_build,,,rights_pass,"Rights, quality, canonicalization, and protected-material gates passed.",resolved,inactive_pending_cross_archive_freeze
itws4c:745990,itws:745990,hold_duplicate_review,eligible_inactive_processed_build,,,rights_pass,"Rights, quality, canonicalization, and protected-material gates passed.",resolved,inactive_pending_cross_archive_freeze
itws4c:876452,itws:876452,hold_duplicate_review,eligible_inactive_processed_build,,,rights_pass,"Rights, quality, canonicalization, and protected-material gates passed.",resolved,inactive_pending_cross_archive_freeze
itws4c:883559,itws:883559,hold_duplicate_review,eligible_inactive_processed_build,,,rights_pass,"Rights, quality, canonicalization, and protected-material gates passed.",resolved,inactive_pending_cross_archive_freeze
itws4c:879516,itws:879516,hold_duplicate_review,exclude_internal_exact_duplicate,itws:879511,,rights_pass,Deterministic complete/long/stable-ID precedence selected another exact Wikisource root.,resolved,inactive_pending_cross_archive_freeze
itws4c:746926,itws:746926,hold_unresolved_markup,exclude_unresolved_markup,,,rights_pass,Unknown markup may contain or corrupt primary text.,resolved,inactive_pending_cross_archive_freeze
itws4c:746871,itws:746871,hold_duplicate_review,eligible_inactive_processed_build,,,rights_pass,"Rights, quality, canonicalization, and protected-material gates passed.",resolved,inactive_pending_cross_archive_freeze
itws4c:746945,itws:746945,hold_duplicate_review,exclude_quality_language_or_editorial_hold,,,rights_pass,"Non-removable quality, language-variety, transcription-gap, or editorial evidence remains.",resolved,inactive_pending_cross_archive_freeze
itws4c:894011,itws:894011,hold_duplicate_review,exclude_internal_exact_duplicate,itws:894010,,rights_pass,Deterministic complete/long/stable-ID precedence selected another exact Wikisource root.,resolved,inactive_pending_cross_archive_freeze
itws4c:879973,itws:879973,hold_duplicate_review,exclude_internal_exact_duplicate,itws:879961,,rights_pass,Deterministic complete/long/stable-ID precedence selected another exact Wikisource root.,resolved,inactive_pending_cross_archive_freeze
itws4c:879515,itws:879515,hold_duplicate_review,exclude_internal_exact_duplicate,itws:879511,,rights_pass,Deterministic complete/long/stable-ID precedence selected another exact Wikisource root.,resolved,inactive_pending_cross_archive_freeze
itws4c:746055,itws:746055,hold_protected_v6_overlap,eligible_inactive_processed_build,,protected_v6:cecco_lxxxiv_se_die_m_aiuti_a_le_sante_guagnele,rights_pass,"Rights, quality, canonicalization, and protected-material gates passed.",resolved,inactive_pending_cross_archive_freeze
itws4c:746822,itws:746822,hold_duplicate_review,exclude_internal_exact_duplicate,itws:746821,,rights_pass,Deterministic complete/long/stable-ID precedence selected another exact Wikisource root.,resolved,inactive_pending_cross_archive_freeze
itws4c:883372,itws:883372,hold_duplicate_review,eligible_inactive_processed_build,,,rights_pass,"Rights, quality, canonicalization, and protected-material gates passed.",resolved,inactive_pending_cross_archive_freeze
itws4c:893721,itws:893721,hold_duplicate_review,eligible_inactive_processed_build,,,rights_pass,"Rights, quality, canonicalization, and protected-material gates passed.",resolved,inactive_pending_cross_archive_freeze
itws4c:745998,itws:745998,hold_duplicate_review,eligible_inactive_processed_build,,,rights_pass,"Rights, quality, canonicalization, and protected-material gates passed.",resolved,inactive_pending_cross_archive_freeze
itws4c:746008,itws:746008,hold_duplicate_review,eligible_inactive_processed_build,,,rights_pass,"Rights, quality, canonicalization, and protected-material gates passed.",resolved,inactive_pending_cross_archive_freeze
itws4c:746899,itws:746899,hold_duplicate_review,exclude_internal_exact_duplicate,itws:746898,,rights_pass,Deterministic complete/long/stable-ID precedence selected another exact Wikisource root.,resolved,inactive_pending_cross_archive_freeze
itws4c:746036,itws:746036,hold_duplicate_review,exclude_internal_exact_duplicate,itws:746035,,rights_pass,Deterministic complete/long/stable-ID precedence selected another exact Wikisource root.,resolved,inactive_pending_cross_archive_freeze
itws4c:746818,itws:746818,hold_duplicate_review,exclude_internal_exact_duplicate,itws:746817,,rights_pass,Deterministic complete/long/stable-ID precedence selected another exact Wikisource root.,resolved,inactive_pending_cross_archive_freeze
itws4c:879555,itws:879555,hold_duplicate_review,exclude_internal_exact_duplicate,itws:879553,,rights_pass,Deterministic complete/long/stable-ID precedence selected another exact Wikisource root.,resolved,inactive_pending_cross_archive_freeze
itws4c:394147,itws:394147,hold_missing_transcription,exclude_incomplete_transcription,,,rights_pass,Missing requested transcription pages make the work incomplete.,resolved,inactive_pending_cross_archive_freeze
itws4c:879965,itws:879965,hold_duplicate_review,exclude_internal_exact_duplicate,itws:879961,,rights_pass,Deterministic complete/long/stable-ID precedence selected another exact Wikisource root.,resolved,inactive_pending_cross_archive_freeze
itws4c:883398,itws:883398,hold_duplicate_review,eligible_inactive_processed_build,,,rights_pass,"Rights, quality, canonicalization, and protected-material gates passed.",resolved,inactive_pending_cross_archive_freeze
itws4c:980298,itws:980298,hold_duplicate_review,exclude_source_rights_unresolved,,,rights_hold_modern_edition_contributor,"Post-1930 edition names a curator, translator, or illustrator whose contribution needs separate rights evidence.",resolved,inactive_pending_cross_archive_freeze
itws4c:883561,itws:883561,hold_duplicate_review,exclude_internal_exact_duplicate,itws:883559,,rights_pass,Deterministic complete/long/stable-ID precedence selected another exact Wikisource root.,resolved,inactive_pending_cross_archive_freeze
itws4c:746602,itws:746602,hold_duplicate_review,exclude_internal_exact_duplicate,itws:746601,,rights_pass,Deterministic complete/long/stable-ID precedence selected another exact Wikisource root.,resolved,inactive_pending_cross_archive_freeze
itws4c:893716,itws:893716,hold_duplicate_review,exclude_internal_exact_duplicate,itws:893713,,rights_pass,Deterministic complete/long/stable-ID precedence selected another exact Wikisource root.,resolved,inactive_pending_cross_archive_freeze
itws4c:746964,itws:746964,hold_duplicate_review,exclude_internal_exact_duplicate,itws:746963,,rights_pass,Deterministic complete/long/stable-ID precedence selected another exact Wikisource root.,resolved,inactive_pending_cross_archive_freeze
itws4c:876371,itws:876371,hold_duplicate_review,eligible_inactive_processed_build,,,rights_pass,"Rights, quality, canonicalization, and protected-material gates passed.",resolved,inactive_pending_cross_archive_freeze
itws4c:883528,itws:883528,hold_duplicate_review,exclude_internal_exact_duplicate,itws:883520,,rights_pass,Deterministic complete/long/stable-ID precedence selected another exact Wikisource root.,resolved,inactive_pending_cross_archive_freeze
itws4c:893723,itws:893723,hold_duplicate_review,exclude_internal_exact_duplicate,itws:893721,,rights_pass,Deterministic complete/long/stable-ID precedence selected another exact Wikisource root.,resolved,inactive_pending_cross_archive_freeze
itws4c:879668,itws:879668,hold_duplicate_review,exclude_internal_exact_duplicate,itws:879664,,rights_pass,Deterministic complete/long/stable-ID precedence selected another exact Wikisource root.,resolved,inactive_pending_cross_archive_freeze
itws4c:893982,itws:893982,hold_duplicate_review,exclude_internal_exact_duplicate,itws:893958,,rights_pass,Deterministic complete/long/stable-ID precedence selected another exact Wikisource root.,resolved,inactive_pending_cross_archive_freeze
itws4c:746762,itws:746762,hold_duplicate_review,eligible_inactive_processed_build,,,rights_pass,"Rights, quality, canonicalization, and protected-material gates passed.",resolved,inactive_pending_cross_archive_freeze
itws4c:745978,itws:745978,hold_duplicate_review,exclude_internal_exact_duplicate,itws:745977,,rights_pass,Deterministic complete/long/stable-ID precedence selected another exact Wikisource root.,resolved,inactive_pending_cross_archive_freeze
itws4c:746827,itws:746827,hold_duplicate_review,eligible_inactive_processed_build,,,rights_pass,"Rights, quality, canonicalization, and protected-material gates passed.",resolved,inactive_pending_cross_archive_freeze
itws4c:746084,itws:746084,hold_duplicate_review,eligible_inactive_processed_build,,,rights_pass,"Rights, quality, canonicalization, and protected-material gates passed.",resolved,inactive_pending_cross_archive_freeze
itws4c:746615,itws:746615,hold_duplicate_review,exclude_internal_exact_duplicate,itws:746614,,rights_pass,Deterministic complete/long/stable-ID precedence selected another exact Wikisource root.,resolved,inactive_pending_cross_archive_freeze
itws4c:883522,itws:883522,hold_duplicate_review,exclude_internal_exact_duplicate,itws:883520,,rights_pass,Deterministic complete/long/stable-ID precedence selected another exact Wikisource root.,resolved,inactive_pending_cross_archive_freeze
itws4c:745991,itws:745991,hold_duplicate_review,exclude_internal_exact_duplicate,itws:745990,,rights_pass,Deterministic complete/long/stable-ID precedence selected another exact Wikisource root.,resolved,inactive_pending_cross_archive_freeze
itws4c:746090,itws:746090,hold_duplicate_review,eligible_inactive_processed_build,,,rights_pass,"Rights, quality, canonicalization, and protected-material gates passed.",resolved,inactive_pending_cross_archive_freeze
itws4c:746873,itws:746873,hold_duplicate_review,eligible_inactive_processed_build,,,rights_pass,"Rights, quality, canonicalization, and protected-material gates passed.",resolved,inactive_pending_cross_archive_freeze
itws4c:746801,itws:746801,hold_duplicate_review,eligible_inactive_processed_build,,,rights_pass,"Rights, quality, canonicalization, and protected-material gates passed.",resolved,inactive_pending_cross_archive_freeze
itws4c:746003,itws:746003,hold_unresolved_markup,exclude_unresolved_markup,,,rights_pass,Unknown markup may contain or corrupt primary text.,resolved,inactive_pending_cross_archive_freeze
itws4c:746006,itws:746006,hold_duplicate_review,eligible_inactive_processed_build,,,rights_pass,"Rights, quality, canonicalization, and protected-material gates passed.",resolved,inactive_pending_cross_archive_freeze
itws4c:746063,itws:746063,hold_duplicate_review,exclude_internal_exact_duplicate,itws:746062,,rights_pass,Deterministic complete/long/stable-ID precedence selected another exact Wikisource root.,resolved,inactive_pending_cross_archive_freeze
itws4c:746059,itws:746059,hold_duplicate_review,exclude_internal_exact_duplicate,itws:746058,,rights_pass,Deterministic complete/long/stable-ID precedence selected another exact Wikisource root.,resolved,inactive_pending_cross_archive_freeze
itws4c:746023,itws:746023,hold_duplicate_review,eligible_inactive_processed_build,,,rights_pass,"Rights, quality, canonicalization, and protected-material gates passed.",resolved,inactive_pending_cross_archive_freeze
itws4c:746849,itws:746849,hold_duplicate_review,eligible_inactive_processed_build,,,rights_pass,"Rights, quality, canonicalization, and protected-material gates passed.",resolved,inactive_pending_cross_archive_freeze
itws4c:934787,itws:934787,hold_duplicate_review,eligible_inactive_processed_build,,,rights_pass,"Rights, quality, canonicalization, and protected-material gates passed.",resolved,inactive_pending_cross_archive_freeze
itws4c:826954,itws:826954,hold_duplicate_review,exclude_internal_near_duplicate,itws:934787,,rights_pass,Directional containment and deterministic completeness precedence selected another Wikisource root.,resolved,inactive_pending_cross_archive_freeze
itws4c:586151,itws:586151,hold_unresolved_markup,exclude_unresolved_markup,,,rights_pass,Unknown markup may contain or corrupt primary text.,resolved,inactive_pending_cross_archive_freeze
itws4c:746807,itws:746807,hold_duplicate_review,eligible_inactive_processed_build,,,rights_pass,"Rights, quality, canonicalization, and protected-material gates passed.",resolved,inactive_pending_cross_archive_freeze
itws4c:62260,itws:62260,hold_unresolved_markup,exclude_unresolved_markup,,,rights_pass,Unknown markup may contain or corrupt primary text.,resolved,inactive_pending_cross_archive_freeze
itws4c:881828,itws:881828,hold_duplicate_review,eligible_inactive_processed_build,,,rights_pass,"Rights, quality, canonicalization, and protected-material gates passed.",resolved,inactive_pending_cross_archive_freeze
itws4c:3005,itws:3005,hold_quality_or_editorial_review,exclude_quality_language_or_editorial_hold,,,rights_pass,"Non-removable quality, language-variety, transcription-gap, or editorial evidence remains.",resolved,inactive_pending_cross_archive_freeze
itws4c:627088,itws:627088,hold_quality_or_editorial_review,exclude_quality_language_or_editorial_hold,,,rights_pass,"Non-removable quality, language-variety, transcription-gap, or editorial evidence remains.",resolved,inactive_pending_cross_archive_freeze
itws4c:746836,itws:746836,hold_duplicate_review,exclude_internal_exact_duplicate,itws:746835,,rights_pass,Deterministic complete/long/stable-ID precedence selected another exact Wikisource root.,resolved,inactive_pending_cross_archive_freeze
itws4c:746105,itws:746105,hold_duplicate_review,exclude_internal_exact_duplicate,itws:746104,,rights_pass,Deterministic complete/long/stable-ID precedence selected another exact Wikisource root.,resolved,inactive_pending_cross_archive_freeze
itws4c:92512,itws:92512,hold_duplicate_review,exclude_quality_language_or_editorial_hold,,,rights_pass,"Non-removable quality, language-variety, transcription-gap, or editorial evidence remains.",resolved,inactive_pending_cross_archive_freeze
itws4c:2926,itws:2926,hold_unresolved_markup,exclude_unresolved_markup,,,rights_pass,Unknown markup may contain or corrupt primary text.,resolved,inactive_pending_cross_archive_freeze
itws4c:11341,itws:11341,hold_duplicate_review,exclude_source_rights_unresolved,,,rights_hold_modern_edition_contributor,"Post-1930 edition names a curator, translator, or illustrator whose contribution needs separate rights evidence.",resolved,inactive_pending_cross_archive_freeze
itws4c:598908,itws:598908,hold_duplicate_review,exclude_quality_language_or_editorial_hold,,,rights_pass,"Non-removable quality, language-variety, transcription-gap, or editorial evidence remains.",resolved,inactive_pending_cross_archive_freeze
itws4c:742731,itws:742731,hold_duplicate_review,exclude_internal_exact_duplicate,itws:742730,,rights_pass,Deterministic complete/long/stable-ID precedence selected another exact Wikisource root.,resolved,inactive_pending_cross_archive_freeze
itws4c:742699,itws:742699,hold_duplicate_review,exclude_internal_exact_duplicate,itws:742698,,rights_pass,Deterministic complete/long/stable-ID precedence selected another exact Wikisource root.,resolved,inactive_pending_cross_archive_freeze
itws4c:746664,itws:746664,hold_duplicate_review,eligible_inactive_processed_build,,,rights_pass,"Rights, quality, canonicalization, and protected-material gates passed.",resolved,inactive_pending_cross_archive_freeze
itws4c:742735,itws:742735,hold_duplicate_review,exclude_no_unique_material_after_segmentation,,,rights_pass,No unique broader text or eligible sonnet remains after segmentation.,resolved,inactive_pending_cross_archive_freeze
itws4c:746842,itws:746842,hold_duplicate_review,exclude_internal_exact_duplicate,itws:746841,,rights_pass,Deterministic complete/long/stable-ID precedence selected another exact Wikisource root.,resolved,inactive_pending_cross_archive_freeze
itws4c:557780,itws:557780,hold_quality_or_editorial_review,exclude_quality_language_or_editorial_hold,,,rights_pass,"Non-removable quality, language-variety, transcription-gap, or editorial evidence remains.",resolved,inactive_pending_cross_archive_freeze
itws4c:804121,itws:804121,hold_quality_or_editorial_review,exclude_quality_language_or_editorial_hold,,,rights_pass,"Non-removable quality, language-variety, transcription-gap, or editorial evidence remains.",resolved,inactive_pending_cross_archive_freeze
itws4c:248762,itws:248762,hold_unresolved_markup,exclude_unresolved_markup,,,rights_pass,Unknown markup may contain or corrupt primary text.,resolved,inactive_pending_cross_archive_freeze
itws4c:746073,itws:746073,hold_duplicate_review,exclude_internal_exact_duplicate,itws:746072,,rights_pass,Deterministic complete/long/stable-ID precedence selected another exact Wikisource root.,resolved,inactive_pending_cross_archive_freeze
itws4c:746767,itws:746767,hold_duplicate_review,exclude_internal_exact_duplicate,itws:746766,,rights_pass,Deterministic complete/long/stable-ID precedence selected another exact Wikisource root.,resolved,inactive_pending_cross_archive_freeze
itws4c:746085,itws:746085,hold_duplicate_review,exclude_internal_exact_duplicate,itws:746084,,rights_pass,Deterministic complete/long/stable-ID precedence selected another exact Wikisource root.,resolved,inactive_pending_cross_archive_freeze
itws4c:746643,itws:746643,hold_duplicate_review,exclude_internal_exact_duplicate,itws:746642,,rights_pass,Deterministic complete/long/stable-ID precedence selected another exact Wikisource root.,resolved,inactive_pending_cross_archive_freeze
itws4c:742763,itws:742763,hold_duplicate_review,exclude_internal_exact_duplicate,itws:742762,,rights_pass,Deterministic complete/long/stable-ID precedence selected another exact Wikisource root.,resolved,inactive_pending_cross_archive_freeze
itws4c:532264,itws:532264,hold_unresolved_markup,exclude_unresolved_markup,,,rights_pass,Unknown markup may contain or corrupt primary text.,resolved,inactive_pending_cross_archive_freeze
itws4c:742777,itws:742777,hold_duplicate_review,eligible_inactive_processed_build,,,rights_pass,"Rights, quality, canonicalization, and protected-material gates passed.",resolved,inactive_pending_cross_archive_freeze
itws4c:742747,itws:742747,hold_duplicate_review,exclude_no_unique_material_after_segmentation,,,rights_pass,No unique broader text or eligible sonnet remains after segmentation.,resolved,inactive_pending_cross_archive_freeze
itws4c:746636,itws:746636,hold_duplicate_review,eligible_inactive_processed_build,,,rights_pass,"Rights, quality, canonicalization, and protected-material gates passed.",resolved,inactive_pending_cross_archive_freeze
itws4c:586086,itws:586086,hold_unresolved_markup,exclude_unresolved_markup,,,rights_pass,Unknown markup may contain or corrupt primary text.,resolved,inactive_pending_cross_archive_freeze
itws4c:893958,itws:893958,hold_duplicate_review,eligible_inactive_processed_build,,,rights_pass,"Rights, quality, canonicalization, and protected-material gates passed.",resolved,inactive_pending_cross_archive_freeze
itws4c:62112,itws:62112,hold_duplicate_review,exclude_source_rights_unresolved,,,rights_hold_modern_edition_contributor,"Post-1930 edition names a curator, translator, or illustrator whose contribution needs separate rights evidence.",resolved,inactive_pending_cross_archive_freeze
itws4c:879631,itws:879631,hold_duplicate_review,exclude_internal_exact_duplicate,itws:879553,,rights_pass,Deterministic complete/long/stable-ID precedence selected another exact Wikisource root.,resolved,inactive_pending_cross_archive_freeze
itws4c:746816,itws:746816,hold_duplicate_review,exclude_internal_exact_duplicate,itws:746815,,rights_pass,Deterministic complete/long/stable-ID precedence selected another exact Wikisource root.,resolved,inactive_pending_cross_archive_freeze
itws4c:1003680,itws:1003680,hold_duplicate_review,exclude_internal_near_duplicate,itws:1003723,,rights_pass,Directional containment and deterministic completeness precedence selected another Wikisource root.,resolved,inactive_pending_cross_archive_freeze
itws4c:1003723,itws:1003723,hold_duplicate_review,exclude_no_unique_material_after_segmentation,,,rights_pass,No unique broader text or eligible sonnet remains after segmentation.,resolved,inactive_pending_cross_archive_freeze
itws4c:71322,itws:71322,hold_duplicate_review,eligible_inactive_processed_build,,,rights_pass,"Rights, quality, canonicalization, and protected-material gates passed.",resolved,inactive_pending_cross_archive_freeze
itws4c:826955,itws:826955,hold_duplicate_review,exclude_internal_near_duplicate,itws:71322,,rights_pass,Directional containment and deterministic completeness precedence selected another Wikisource root.,resolved,inactive_pending_cross_archive_freeze
itws4c:875965,itws:875965,hold_duplicate_review,exclude_internal_exact_duplicate,itws:875957,,rights_pass,Deterministic complete/long/stable-ID precedence selected another exact Wikisource root.,resolved,inactive_pending_cross_archive_freeze
itws4c:805527,itws:805527,hold_quality_or_editorial_review,exclude_quality_language_or_editorial_hold,,,rights_pass,"Non-removable quality, language-variety, transcription-gap, or editorial evidence remains.",resolved,inactive_pending_cross_archive_freeze
itws4c:746944,itws:746944,hold_duplicate_review,exclude_internal_exact_duplicate,itws:746943,,rights_pass,Deterministic complete/long/stable-ID precedence selected another exact Wikisource root.,resolved,inactive_pending_cross_archive_freeze
itws4c:745986,itws:745986,hold_protected_v6_overlap,eligible_inactive_processed_build,,protected_v6:cecco_xxv_sonetto_da_poi_ch_i_non_trovo_messo;protected_v6:cecco_xxvi_anima_mia_cuor_del_mi_corp_amore,rights_pass,"Rights, quality, canonicalization, and protected-material gates passed.",resolved,inactive_pending_cross_archive_freeze
itws4c:366218,itws:366218,hold_quality_or_editorial_review,exclude_source_rights_unresolved,,,rights_hold_modern_edition_contributor,"Post-1930 edition names a curator, translator, or illustrator whose contribution needs separate rights evidence.",resolved,inactive_pending_cross_archive_freeze
itws4c:883527,itws:883527,hold_duplicate_review,exclude_internal_exact_duplicate,itws:883520,,rights_pass,Deterministic complete/long/stable-ID precedence selected another exact Wikisource root.,resolved,inactive_pending_cross_archive_freeze
itws4c:118951,itws:118951,hold_missing_transcription,exclude_incomplete_transcription,,,rights_pass,Missing requested transcription pages make the work incomplete.,resolved,inactive_pending_cross_archive_freeze
itws4c:564550,itws:564550,hold_quality_or_editorial_review,exclude_quality_language_or_editorial_hold,,,rights_pass,"Non-removable quality, language-variety, transcription-gap, or editorial evidence remains.",resolved,inactive_pending_cross_archive_freeze
itws4c:67244,itws:67244,hold_protected_v6_overlap,exclude_source_rights_unresolved,,protected_v6:sannazaro_spargi_di_lauri_palme_e_mirti_foglie,rights_hold_modern_edition_contributor,"Post-1930 edition names a curator, translator, or illustrator whose contribution needs separate rights evidence.",resolved,inactive_pending_cross_archive_freeze
itws4c:88809,itws:88809,hold_unresolved_markup,exclude_unresolved_markup,,,rights_pass,Unknown markup may contain or corrupt primary text.,resolved,inactive_pending_cross_archive_freeze
itws4c:742639,itws:742639,hold_duplicate_review,exclude_no_unique_material_after_segmentation,,,rights_pass,No unique broader text or eligible sonnet remains after segmentation.,resolved,inactive_pending_cross_archive_freeze
itws4c:742704,itws:742704,hold_duplicate_review,exclude_no_unique_material_after_segmentation,,,rights_pass,No unique broader text or eligible sonnet remains after segmentation.,resolved,inactive_pending_cross_archive_freeze
itws4c:746106,itws:746106,hold_duplicate_review,eligible_inactive_processed_build,,,rights_pass,"Rights, quality, canonicalization, and protected-material gates passed.",resolved,inactive_pending_cross_archive_freeze
itws4c:980276,itws:980276,hold_duplicate_review,exclude_source_rights_unresolved,,,rights_hold_modern_edition_contributor,"Post-1930 edition names a curator, translator, or illustrator whose contribution needs separate rights evidence.",resolved,inactive_pending_cross_archive_freeze
itws4c:60332,itws:60332,hold_unresolved_markup,exclude_unresolved_markup,,,rights_pass,Unknown markup may contain or corrupt primary text.,resolved,inactive_pending_cross_archive_freeze
itws4c:85705,itws:85705,hold_quality_or_editorial_review,exclude_quality_language_or_editorial_hold,,,rights_pass,"Non-removable quality, language-variety, transcription-gap, or editorial evidence remains.",resolved,inactive_pending_cross_archive_freeze
itws4c:598139,itws:598139,hold_missing_transcription,exclude_incomplete_transcription,,,rights_pass,Missing requested transcription pages make the work incomplete.,resolved,inactive_pending_cross_archive_freeze
itws4c:699397,itws:699397,hold_missing_transcription,exclude_incomplete_transcription,,,rights_pass,Missing requested transcription pages make the work incomplete.,resolved,inactive_pending_cross_archive_freeze
itws4c:638526,itws:638526,hold_unresolved_markup,exclude_source_rights_unresolved,,,rights_hold_incomplete_index_provenance,"Index metadata lacks author, year, or source evidence.",resolved,inactive_pending_cross_archive_freeze
itws4c:699069,itws:699069,hold_quality_or_editorial_review,exclude_quality_language_or_editorial_hold,,,rights_pass,"Non-removable quality, language-variety, transcription-gap, or editorial evidence remains.",resolved,inactive_pending_cross_archive_freeze
itws4c:245550,itws:245550,hold_unresolved_markup,exclude_unresolved_markup,,,rights_pass,Unknown markup may contain or corrupt primary text.,resolved,inactive_pending_cross_archive_freeze
itws4c:72969,itws:72969,hold_duplicate_review,exclude_quality_language_or_editorial_hold,,,rights_pass,"Non-removable quality, language-variety, transcription-gap, or editorial evidence remains.",resolved,inactive_pending_cross_archive_freeze
itws4c:68212,itws:68212,hold_unresolved_markup,exclude_unresolved_markup,,,rights_pass,Unknown markup may contain or corrupt primary text.,resolved,inactive_pending_cross_archive_freeze
itws4c:643764,itws:643764,hold_unresolved_markup,exclude_unresolved_markup,,,rights_pass,Unknown markup may contain or corrupt primary text.,resolved,inactive_pending_cross_archive_freeze
itws4c:512154,itws:512154,hold_missing_transcription,exclude_incomplete_transcription,,,rights_pass,Missing requested transcription pages make the work incomplete.,resolved,inactive_pending_cross_archive_freeze
itws4c:3310,itws:3310,hold_unresolved_markup,exclude_unresolved_markup,,,rights_pass,Unknown markup may contain or corrupt primary text.,resolved,inactive_pending_cross_archive_freeze
itws4c:238240,itws:238240,hold_quality_or_editorial_review,exclude_quality_language_or_editorial_hold,,,rights_pass,"Non-removable quality, language-variety, transcription-gap, or editorial evidence remains.",resolved,inactive_pending_cross_archive_freeze
itws4c:289629,itws:289629,hold_quality_or_editorial_review,exclude_quality_language_or_editorial_hold,,,rights_pass,"Non-removable quality, language-variety, transcription-gap, or editorial evidence remains.",resolved,inactive_pending_cross_archive_freeze
itws4c:13827,itws:13827,hold_unresolved_markup,exclude_unresolved_markup,,,rights_pass,Unknown markup may contain or corrupt primary text.,resolved,inactive_pending_cross_archive_freeze
itws4c:215619,itws:215619,hold_unresolved_markup,exclude_unresolved_markup,,,rights_pass,Unknown markup may contain or corrupt primary text.,resolved,inactive_pending_cross_archive_freeze
itws4c:640079,itws:640079,hold_missing_transcription,exclude_incomplete_transcription,,,rights_pass,Missing requested transcription pages make the work incomplete.,resolved,inactive_pending_cross_archive_freeze
itws4c:889673,itws:889673,hold_quality_or_editorial_review,exclude_quality_language_or_editorial_hold,,,rights_pass,"Non-removable quality, language-variety, transcription-gap, or editorial evidence remains.",resolved,inactive_pending_cross_archive_freeze
itws4c:711618,itws:711618,hold_unresolved_markup,exclude_unresolved_markup,,,rights_pass,Unknown markup may contain or corrupt primary text.,resolved,inactive_pending_cross_archive_freeze
itws4c:718951,itws:718951,hold_unresolved_markup,exclude_unresolved_markup,,,rights_pass,Unknown markup may contain or corrupt primary text.,resolved,inactive_pending_cross_archive_freeze
itws4c:740290,itws:740290,hold_unresolved_markup,exclude_unresolved_markup,,,rights_pass,Unknown markup may contain or corrupt primary text.,resolved,inactive_pending_cross_archive_freeze
itws4c:829784,itws:829784,hold_missing_transcription,exclude_incomplete_transcription,,,rights_pass,Missing requested transcription pages make the work incomplete.,resolved,inactive_pending_cross_archive_freeze
itws4c:913472,itws:913472,hold_unresolved_markup,exclude_unresolved_markup,,,rights_pass,Unknown markup may contain or corrupt primary text.,resolved,inactive_pending_cross_archive_freeze
itws4c:895091,itws:895091,hold_unresolved_markup,exclude_unresolved_markup,,,rights_pass,Unknown markup may contain or corrupt primary text.,resolved,inactive_pending_cross_archive_freeze
itws4c:898229,itws:898229,hold_unresolved_markup,exclude_source_rights_unresolved,,,rights_hold_incompatible_or_unclear_scan_license,Commons does not explicitly mark the exact scan file public domain and non-copyrighted.,resolved,inactive_pending_cross_archive_freeze
itws4c:92436,itws:92436,hold_unresolved_markup,exclude_unresolved_markup,,,rights_pass,Unknown markup may contain or corrupt primary text.,resolved,inactive_pending_cross_archive_freeze
itws4c:911488,itws:911488,hold_quality_or_editorial_review,exclude_quality_language_or_editorial_hold,,,rights_pass,"Non-removable quality, language-variety, transcription-gap, or editorial evidence remains.",resolved,inactive_pending_cross_archive_freeze
itws4c:590524,itws:590524,hold_missing_transcription,exclude_incomplete_transcription,,,rights_pass,Missing requested transcription pages make the work incomplete.,resolved,inactive_pending_cross_archive_freeze
itws4c:85276,itws:85276,hold_unresolved_markup,exclude_unresolved_markup,,,rights_pass,Unknown markup may contain or corrupt primary text.,resolved,inactive_pending_cross_archive_freeze
itws4c:659928,itws:659928,hold_quality_or_editorial_review,exclude_quality_language_or_editorial_hold,,,rights_pass,"Non-removable quality, language-variety, transcription-gap, or editorial evidence remains.",resolved,inactive_pending_cross_archive_freeze
itws4c:86304,itws:86304,hold_quality_or_editorial_review,exclude_quality_language_or_editorial_hold,,,rights_pass,"Non-removable quality, language-variety, transcription-gap, or editorial evidence remains.",resolved,inactive_pending_cross_archive_freeze
itws4c:881829,itws:881829,hold_duplicate_review,exclude_internal_exact_duplicate,itws:881828,,rights_pass,Deterministic complete/long/stable-ID precedence selected another exact Wikisource root.,resolved,inactive_pending_cross_archive_freeze
itws4c:77104,itws:77104,hold_duplicate_review,exclude_canonical_cross_corpus_duplicate,gutenberg_previous:pg25318,,rights_pass,An already resolved project source contains this Wikisource root.,resolved,inactive_pending_cross_archive_freeze
itws4c:370135,itws:370135,hold_unresolved_markup,exclude_unresolved_markup,,,rights_pass,Unknown markup may contain or corrupt primary text.,resolved,inactive_pending_cross_archive_freeze
itws4c:742732,itws:742732,hold_duplicate_review,eligible_sonnets_only_inactive,,,rights_pass,Only verified unique sonnet artifacts remain after wrapper and duplicate removal.,resolved,inactive_pending_cross_archive_freeze
itws4c:746071,itws:746071,hold_duplicate_review,exclude_internal_exact_duplicate,itws:746070,,rights_pass,Deterministic complete/long/stable-ID precedence selected another exact Wikisource root.,resolved,inactive_pending_cross_archive_freeze
itws4c:881847,itws:881847,hold_duplicate_review,exclude_internal_exact_duplicate,itws:881838,,rights_pass,Deterministic complete/long/stable-ID precedence selected another exact Wikisource root.,resolved,inactive_pending_cross_archive_freeze
itws4c:877327,itws:877327,hold_duplicate_review,exclude_internal_exact_duplicate,itws:877326,,rights_pass,Deterministic complete/long/stable-ID precedence selected another exact Wikisource root.,resolved,inactive_pending_cross_archive_freeze
itws4c:746601,itws:746601,hold_duplicate_review,eligible_inactive_processed_build,,,rights_pass,"Rights, quality, canonicalization, and protected-material gates passed.",resolved,inactive_pending_cross_archive_freeze
itws4c:875961,itws:875961,hold_duplicate_review,exclude_internal_exact_duplicate,itws:875957,,rights_pass,Deterministic complete/long/stable-ID precedence selected another exact Wikisource root.,resolved,inactive_pending_cross_archive_freeze
itws4c:883409,itws:883409,hold_duplicate_review,exclude_internal_exact_duplicate,itws:883405,,rights_pass,Deterministic complete/long/stable-ID precedence selected another exact Wikisource root.,resolved,inactive_pending_cross_archive_freeze
itws4c:875962,itws:875962,hold_duplicate_review,exclude_internal_exact_duplicate,itws:875957,,rights_pass,Deterministic complete/long/stable-ID precedence selected another exact Wikisource root.,resolved,inactive_pending_cross_archive_freeze
itws4c:242770,itws:242770,hold_unresolved_markup,exclude_unresolved_markup,,,rights_pass,Unknown markup may contain or corrupt primary text.,resolved,inactive_pending_cross_archive_freeze
itws4c:875984,itws:875984,hold_duplicate_review,exclude_internal_exact_duplicate,itws:875978,,rights_pass,Deterministic complete/long/stable-ID precedence selected another exact Wikisource root.,resolved,inactive_pending_cross_archive_freeze
itws4c:879663,itws:879663,hold_duplicate_review,exclude_internal_exact_duplicate,itws:879634,,rights_pass,Deterministic complete/long/stable-ID precedence selected another exact Wikisource root.,resolved,inactive_pending_cross_archive_freeze
itws4c:883563,itws:883563,hold_duplicate_review,eligible_inactive_processed_build,,,rights_pass,"Rights, quality, canonicalization, and protected-material gates passed.",resolved,inactive_pending_cross_archive_freeze
itws4c:849822,itws:849822,hold_quality_or_editorial_review,exclude_quality_language_or_editorial_hold,,,rights_pass,"Non-removable quality, language-variety, transcription-gap, or editorial evidence remains.",resolved,inactive_pending_cross_archive_freeze
itws4c:590890,itws:590890,hold_quality_or_editorial_review,exclude_quality_language_or_editorial_hold,,,rights_pass,"Non-removable quality, language-variety, transcription-gap, or editorial evidence remains.",resolved,inactive_pending_cross_archive_freeze
itws4c:325944,itws:325944,hold_quality_or_editorial_review,exclude_quality_language_or_editorial_hold,,,rights_pass,"Non-removable quality, language-variety, transcription-gap, or editorial evidence remains.",resolved,inactive_pending_cross_archive_freeze
itws4c:530931,itws:530931,hold_missing_transcription,exclude_incomplete_transcription,,,rights_pass,Missing requested transcription pages make the work incomplete.,resolved,inactive_pending_cross_archive_freeze
itws4c:580775,itws:580775,hold_unresolved_markup,exclude_unresolved_markup,,,rights_pass,Unknown markup may contain or corrupt primary text.,resolved,inactive_pending_cross_archive_freeze
itws4c:807746,itws:807746,hold_quality_or_editorial_review,exclude_quality_language_or_editorial_hold,,,rights_pass,"Non-removable quality, language-variety, transcription-gap, or editorial evidence remains.",resolved,inactive_pending_cross_archive_freeze
itws4c:106375,itws:106375,hold_quality_or_editorial_review,exclude_quality_language_or_editorial_hold,,,rights_pass,"Non-removable quality, language-variety, transcription-gap, or editorial evidence remains.",resolved,inactive_pending_cross_archive_freeze
itws4c:541938,itws:541938,hold_unresolved_markup,exclude_unresolved_markup,,,rights_pass,Unknown markup may contain or corrupt primary text.,resolved,inactive_pending_cross_archive_freeze
itws4c:325182,itws:325182,hold_quality_or_editorial_review,exclude_quality_language_or_editorial_hold,,,rights_pass,"Non-removable quality, language-variety, transcription-gap, or editorial evidence remains.",resolved,inactive_pending_cross_archive_freeze
itws4c:99232,itws:99232,hold_quality_or_editorial_review,exclude_quality_language_or_editorial_hold,,,rights_pass,"Non-removable quality, language-variety, transcription-gap, or editorial evidence remains.",resolved,inactive_pending_cross_archive_freeze
itws4c:742681,itws:742681,hold_duplicate_review,exclude_internal_exact_duplicate,itws:742680,,rights_pass,Deterministic complete/long/stable-ID precedence selected another exact Wikisource root.,resolved,inactive_pending_cross_archive_freeze
itws4c:746941,itws:746941,hold_duplicate_review,eligible_inactive_processed_build,,,rights_pass,"Rights, quality, canonicalization, and protected-material gates passed.",resolved,inactive_pending_cross_archive_freeze
itws4c:746074,itws:746074,hold_duplicate_review,eligible_inactive_processed_build,,,rights_pass,"Rights, quality, canonicalization, and protected-material gates passed.",resolved,inactive_pending_cross_archive_freeze
itws4c:746635,itws:746635,hold_duplicate_review,exclude_internal_exact_duplicate,itws:746634,,rights_pass,Deterministic complete/long/stable-ID precedence selected another exact Wikisource root.,resolved,inactive_pending_cross_archive_freeze
itws4c:980266,itws:980266,hold_duplicate_review,exclude_source_rights_unresolved,,,rights_hold_modern_edition_contributor,"Post-1930 edition names a curator, translator, or illustrator whose contribution needs separate rights evidence.",resolved,inactive_pending_cross_archive_freeze
itws4c:746646,itws:746646,hold_duplicate_review,eligible_inactive_processed_build,,,rights_pass,"Rights, quality, canonicalization, and protected-material gates passed.",resolved,inactive_pending_cross_archive_freeze
itws4c:893712,itws:893712,hold_duplicate_review,exclude_internal_exact_duplicate,itws:893225,,rights_pass,Deterministic complete/long/stable-ID precedence selected another exact Wikisource root.,resolved,inactive_pending_cross_archive_freeze
itws4c:530936,itws:530936,hold_quality_or_editorial_review,exclude_quality_language_or_editorial_hold,,,rights_pass,"Non-removable quality, language-variety, transcription-gap, or editorial evidence remains.",resolved,inactive_pending_cross_archive_freeze
itws4c:20141,itws:20141,hold_protected_v6_overlap,exclude_no_unique_material_after_segmentation,,protected_v6:foscolo_te_nudrice_alle_muse_ospite_e_dea_1835,rights_pass,No unique broader text or eligible sonnet remains after segmentation.,resolved,inactive_pending_cross_archive_freeze
itws4c:1003709,itws:1003709,hold_protected_v6_overlap,exclude_internal_near_duplicate,itws:20141,protected_v6:foscolo_te_nudrice_alle_muse_ospite_e_dea_1835,rights_pass,Directional containment and deterministic completeness precedence selected another Wikisource root.,resolved,inactive_pending_cross_archive_freeze
itws4c:356854,itws:356854,hold_unresolved_markup,exclude_unresolved_markup,,,rights_pass,Unknown markup may contain or corrupt primary text.,resolved,inactive_pending_cross_archive_freeze
itws4c:754433,itws:754433,hold_quality_or_editorial_review,exclude_quality_language_or_editorial_hold,,,rights_pass,"Non-removable quality, language-variety, transcription-gap, or editorial evidence remains.",resolved,inactive_pending_cross_archive_freeze
itws4c:518248,itws:518248,hold_quality_or_editorial_review,exclude_quality_language_or_editorial_hold,,,rights_pass,"Non-removable quality, language-variety, transcription-gap, or editorial evidence remains.",resolved,inactive_pending_cross_archive_freeze
itws4c:345658,itws:345658,hold_duplicate_review,eligible_inactive_processed_build,,,rights_pass,"Rights, quality, canonicalization, and protected-material gates passed.",resolved,inactive_pending_cross_archive_freeze
itws4c:978707,itws:978707,hold_unresolved_markup,exclude_unresolved_markup,,,rights_pass,Unknown markup may contain or corrupt primary text.,resolved,inactive_pending_cross_archive_freeze
itws4c:675119,itws:675119,hold_quality_or_editorial_review,exclude_quality_language_or_editorial_hold,,,rights_pass,"Non-removable quality, language-variety, transcription-gap, or editorial evidence remains.",resolved,inactive_pending_cross_archive_freeze
itws4c:595907,itws:595907,hold_quality_or_editorial_review,exclude_quality_language_or_editorial_hold,,,rights_pass,"Non-removable quality, language-variety, transcription-gap, or editorial evidence remains.",resolved,inactive_pending_cross_archive_freeze
itws4c:880043,itws:880043,hold_duplicate_review,exclude_internal_exact_duplicate,itws:880035,,rights_pass,Deterministic complete/long/stable-ID precedence selected another exact Wikisource root.,resolved,inactive_pending_cross_archive_freeze
itws4c:598429,itws:598429,hold_quality_or_editorial_review,exclude_quality_language_or_editorial_hold,,,rights_pass,"Non-removable quality, language-variety, transcription-gap, or editorial evidence remains.",resolved,inactive_pending_cross_archive_freeze
itws4c:206995,itws:206995,hold_unresolved_markup,exclude_unresolved_markup,,,rights_pass,Unknown markup may contain or corrupt primary text.,resolved,inactive_pending_cross_archive_freeze
itws4c:62133,itws:62133,hold_duplicate_review,exclude_source_rights_unresolved,,,rights_hold_modern_edition_contributor,"Post-1930 edition names a curator, translator, or illustrator whose contribution needs separate rights evidence.",resolved,inactive_pending_cross_archive_freeze
itws4c:57844,itws:57844,hold_duplicate_review,exclude_quality_language_or_editorial_hold,,,rights_pass,"Non-removable quality, language-variety, transcription-gap, or editorial evidence remains.",resolved,inactive_pending_cross_archive_freeze
itws4c:103110,itws:103110,hold_quality_or_editorial_review,exclude_quality_language_or_editorial_hold,,,rights_pass,"Non-removable quality, language-variety, transcription-gap, or editorial evidence remains.",resolved,inactive_pending_cross_archive_freeze
itws4c:687220,itws:687220,hold_duplicate_review,exclude_source_rights_unresolved,,,rights_hold_modern_edition_contributor,"Post-1930 edition names a curator, translator, or illustrator whose contribution needs separate rights evidence.",resolved,inactive_pending_cross_archive_freeze
itws4c:551682,itws:551682,hold_duplicate_review,exclude_canonical_cross_corpus_duplicate,gutenberg_pass1b:pg27719,,rights_pass,An already resolved project source contains this Wikisource root.,resolved,inactive_pending_cross_archive_freeze
itws4c:893713,itws:893713,hold_duplicate_review,eligible_inactive_processed_build,,,rights_pass,"Rights, quality, canonicalization, and protected-material gates passed.",resolved,inactive_pending_cross_archive_freeze
itws4c:343682,itws:343682,hold_unresolved_markup,exclude_unresolved_markup,,,rights_pass,Unknown markup may contain or corrupt primary text.,resolved,inactive_pending_cross_archive_freeze
itws4c:535029,itws:535029,hold_quality_or_editorial_review,exclude_quality_language_or_editorial_hold,,,rights_pass,"Non-removable quality, language-variety, transcription-gap, or editorial evidence remains.",resolved,inactive_pending_cross_archive_freeze
itws4c:104812,itws:104812,hold_unresolved_markup,exclude_unresolved_markup,,,rights_pass,Unknown markup may contain or corrupt primary text.,resolved,inactive_pending_cross_archive_freeze
itws4c:675430,itws:675430,hold_quality_or_editorial_review,exclude_quality_language_or_editorial_hold,,,rights_pass,"Non-removable quality, language-variety, transcription-gap, or editorial evidence remains.",resolved,inactive_pending_cross_archive_freeze
itws4c:883414,itws:883414,hold_duplicate_review,exclude_internal_exact_duplicate,itws:883405,,rights_pass,Deterministic complete/long/stable-ID precedence selected another exact Wikisource root.,resolved,inactive_pending_cross_archive_freeze
itws4c:883521,itws:883521,hold_duplicate_review,exclude_internal_exact_duplicate,itws:883520,,rights_pass,Deterministic complete/long/stable-ID precedence selected another exact Wikisource root.,resolved,inactive_pending_cross_archive_freeze
itws4c:883621,itws:883621,hold_duplicate_review,exclude_internal_exact_duplicate,itws:883617,,rights_pass,Deterministic complete/long/stable-ID precedence selected another exact Wikisource root.,resolved,inactive_pending_cross_archive_freeze
itws4c:870924,itws:870924,hold_quality_or_editorial_review,exclude_quality_language_or_editorial_hold,,,rights_pass,"Non-removable quality, language-variety, transcription-gap, or editorial evidence remains.",resolved,inactive_pending_cross_archive_freeze
itws4c:988232,itws:988232,hold_unresolved_markup,exclude_unresolved_markup,,,rights_pass,Unknown markup may contain or corrupt primary text.,resolved,inactive_pending_cross_archive_freeze
itws4c:988220,itws:988220,hold_empty_extraction,exclude_empty_extraction,,,rights_pass,No primary text remains.,resolved,inactive_pending_cross_archive_freeze
itws4c:889084,itws:889084,hold_quality_or_editorial_review,exclude_quality_language_or_editorial_hold,,,rights_pass,"Non-removable quality, language-variety, transcription-gap, or editorial evidence remains.",resolved,inactive_pending_cross_archive_freeze
itws4c:88190,itws:88190,hold_unresolved_markup,exclude_unresolved_markup,,,rights_pass,Unknown markup may contain or corrupt primary text.,resolved,inactive_pending_cross_archive_freeze
itws4c:480470,itws:480470,hold_unresolved_markup,exclude_unresolved_markup,,,rights_pass,Unknown markup may contain or corrupt primary text.,resolved,inactive_pending_cross_archive_freeze
itws4c:440353,itws:440353,hold_unresolved_markup,exclude_unresolved_markup,,,rights_pass,Unknown markup may contain or corrupt primary text.,resolved,inactive_pending_cross_archive_freeze
itws4c:924334,itws:924334,hold_empty_extraction,exclude_source_rights_unresolved,,,rights_hold_incompatible_or_unclear_scan_license,Commons does not explicitly mark the exact scan file public domain and non-copyrighted.,resolved,inactive_pending_cross_archive_freeze
itws4c:101452,itws:101452,hold_quality_or_editorial_review,exclude_quality_language_or_editorial_hold,,,rights_pass,"Non-removable quality, language-variety, transcription-gap, or editorial evidence remains.",resolved,inactive_pending_cross_archive_freeze
itws4c:622046,itws:622046,hold_unresolved_markup,exclude_unresolved_markup,,,rights_pass,Unknown markup may contain or corrupt primary text.,resolved,inactive_pending_cross_archive_freeze
itws4c:622130,itws:622130,hold_unresolved_markup,exclude_unresolved_markup,,,rights_pass,Unknown markup may contain or corrupt primary text.,resolved,inactive_pending_cross_archive_freeze
itws4c:622121,itws:622121,hold_unresolved_markup,exclude_unresolved_markup,,,rights_pass,Unknown markup may contain or corrupt primary text.,resolved,inactive_pending_cross_archive_freeze
itws4c:746881,itws:746881,hold_duplicate_review,eligible_inactive_processed_build,,,rights_pass,"Rights, quality, canonicalization, and protected-material gates passed.",resolved,inactive_pending_cross_archive_freeze
itws4c:746057,itws:746057,hold_protected_v6_overlap,exclude_internal_exact_duplicate,itws:324680,protected_v6:cecco_lxxxvi_s_i_fosse_foco_arderei_l_mondo,rights_pass,Deterministic complete/long/stable-ID precedence selected another exact Wikisource root.,resolved,inactive_pending_cross_archive_freeze
itws4c:65672,itws:65672,hold_unresolved_markup,exclude_unresolved_markup,,,rights_pass,Unknown markup may contain or corrupt primary text.,resolved,inactive_pending_cross_archive_freeze
itws4c:746802,itws:746802,hold_duplicate_review,exclude_internal_exact_duplicate,itws:746801,,rights_pass,Deterministic complete/long/stable-ID precedence selected another exact Wikisource root.,resolved,inactive_pending_cross_archive_freeze
itws4c:598435,itws:598435,hold_quality_or_editorial_review,exclude_quality_language_or_editorial_hold,,,rights_pass,"Non-removable quality, language-variety, transcription-gap, or editorial evidence remains.",resolved,inactive_pending_cross_archive_freeze
itws4c:980255,itws:980255,hold_duplicate_review,exclude_source_rights_unresolved,,,rights_hold_modern_edition_contributor,"Post-1930 edition names a curator, translator, or illustrator whose contribution needs separate rights evidence.",resolved,inactive_pending_cross_archive_freeze
itws4c:277759,itws:277759,hold_unresolved_markup,exclude_unresolved_markup,,,rights_pass,Unknown markup may contain or corrupt primary text.,resolved,inactive_pending_cross_archive_freeze
itws4c:428215,itws:428215,hold_unresolved_markup,exclude_unresolved_markup,,,rights_pass,Unknown markup may contain or corrupt primary text.,resolved,inactive_pending_cross_archive_freeze
itws4c:423590,itws:423590,hold_quality_or_editorial_review,exclude_quality_language_or_editorial_hold,,,rights_pass,"Non-removable quality, language-variety, transcription-gap, or editorial evidence remains.",resolved,inactive_pending_cross_archive_freeze
itws4c:245953,itws:245953,hold_quality_or_editorial_review,exclude_quality_language_or_editorial_hold,,,rights_pass,"Non-removable quality, language-variety, transcription-gap, or editorial evidence remains.",resolved,inactive_pending_cross_archive_freeze
itws4c:629034,itws:629034,hold_quality_or_editorial_review,exclude_quality_language_or_editorial_hold,,,rights_pass,"Non-removable quality, language-variety, transcription-gap, or editorial evidence remains.",resolved,inactive_pending_cross_archive_freeze
itws4c:746847,itws:746847,hold_duplicate_review,eligible_inactive_processed_build,,,rights_pass,"Rights, quality, canonicalization, and protected-material gates passed.",resolved,inactive_pending_cross_archive_freeze
itws4c:276469,itws:276469,hold_quality_or_editorial_review,exclude_quality_language_or_editorial_hold,,,rights_pass,"Non-removable quality, language-variety, transcription-gap, or editorial evidence remains.",resolved,inactive_pending_cross_archive_freeze
itws4c:826725,itws:826725,hold_duplicate_review,exclude_canonical_cross_corpus_duplicate,bibit:bibit001172,,rights_pass,An already resolved project source contains this Wikisource root.,resolved,inactive_pending_cross_archive_freeze
itws4c:237144,itws:237144,hold_unresolved_markup,exclude_unresolved_markup,,,rights_pass,Unknown markup may contain or corrupt primary text.,resolved,inactive_pending_cross_archive_freeze
itws4c:742685,itws:742685,hold_duplicate_review,exclude_internal_exact_duplicate,itws:742684,,rights_pass,Deterministic complete/long/stable-ID precedence selected another exact Wikisource root.,resolved,inactive_pending_cross_archive_freeze
itws4c:86665,itws:86665,hold_duplicate_review,eligible_inactive_processed_build,,,rights_pass,"Rights, quality, canonicalization, and protected-material gates passed.",resolved,inactive_pending_cross_archive_freeze
itws4c:746958,itws:746958,hold_duplicate_review,exclude_internal_near_duplicate,itws:746957,,rights_pass,Directional containment and deterministic completeness precedence selected another Wikisource root.,resolved,inactive_pending_cross_archive_freeze
itws4c:879665,itws:879665,hold_duplicate_review,exclude_internal_exact_duplicate,itws:879664,,rights_pass,Deterministic complete/long/stable-ID precedence selected another exact Wikisource root.,resolved,inactive_pending_cross_archive_freeze
itws4c:893715,itws:893715,hold_duplicate_review,exclude_internal_exact_duplicate,itws:893713,,rights_pass,Deterministic complete/long/stable-ID precedence selected another exact Wikisource root.,resolved,inactive_pending_cross_archive_freeze
itws4c:746627,itws:746627,hold_duplicate_review,exclude_internal_exact_duplicate,itws:746626,,rights_pass,Deterministic complete/long/stable-ID precedence selected another exact Wikisource root.,resolved,inactive_pending_cross_archive_freeze
itws4c:883523,itws:883523,hold_duplicate_review,exclude_internal_exact_duplicate,itws:883520,,rights_pass,Deterministic complete/long/stable-ID precedence selected another exact Wikisource root.,resolved,inactive_pending_cross_archive_freeze
itws4c:746638,itws:746638,hold_duplicate_review,eligible_inactive_processed_build,,,rights_pass,"Rights, quality, canonicalization, and protected-material gates passed.",resolved,inactive_pending_cross_archive_freeze
itws4c:746976,itws:746976,hold_duplicate_review,eligible_inactive_processed_build,,,rights_pass,"Rights, quality, canonicalization, and protected-material gates passed.",resolved,inactive_pending_cross_archive_freeze
itws4c:746032,itws:746032,hold_protected_v6_overlap,exclude_internal_exact_duplicate,itws:746031,protected_v6:cecco_cxiii_quando_mie_donn_esce_la_man_del_letto,rights_pass,Deterministic complete/long/stable-ID precedence selected another exact Wikisource root.,resolved,inactive_pending_cross_archive_freeze
itws4c:746078,itws:746078,hold_protected_v6_overlap,eligible_inactive_processed_build,,protected_v6:cecco_cxxiii_i_so_non_fermo_in_su_questa_oppenione,rights_pass,"Rights, quality, canonicalization, and protected-material gates passed.",resolved,inactive_pending_cross_archive_freeze
itws4c:750707,itws:750707,hold_unresolved_markup,exclude_unresolved_markup,,,rights_pass,Unknown markup may contain or corrupt primary text.,resolved,inactive_pending_cross_archive_freeze
itws4c:38876,itws:38876,hold_duplicate_review,exclude_quality_language_or_editorial_hold,,,rights_pass,"Non-removable quality, language-variety, transcription-gap, or editorial evidence remains.",resolved,inactive_pending_cross_archive_freeze
itws4c:742709,itws:742709,hold_duplicate_review,exclude_internal_exact_duplicate,itws:742708,,rights_pass,Deterministic complete/long/stable-ID precedence selected another exact Wikisource root.,resolved,inactive_pending_cross_archive_freeze
itws4c:565430,itws:565430,hold_quality_or_editorial_review,exclude_quality_language_or_editorial_hold,,,rights_pass,"Non-removable quality, language-variety, transcription-gap, or editorial evidence remains.",resolved,inactive_pending_cross_archive_freeze
itws4c:746080,itws:746080,hold_duplicate_review,eligible_inactive_processed_build,,,rights_pass,"Rights, quality, canonicalization, and protected-material gates passed.",resolved,inactive_pending_cross_archive_freeze
itws4c:746038,itws:746038,hold_duplicate_review,exclude_internal_exact_duplicate,itws:746037,,rights_pass,Deterministic complete/long/stable-ID precedence selected another exact Wikisource root.,resolved,inactive_pending_cross_archive_freeze
itws4c:893207,itws:893207,hold_duplicate_review,exclude_internal_exact_duplicate,itws:893204,,rights_pass,Deterministic complete/long/stable-ID precedence selected another exact Wikisource root.,resolved,inactive_pending_cross_archive_freeze
itws4c:618151,itws:618151,hold_quality_or_editorial_review,exclude_quality_language_or_editorial_hold,,,rights_pass,"Non-removable quality, language-variety, transcription-gap, or editorial evidence remains.",resolved,inactive_pending_cross_archive_freeze
itws4c:241869,itws:241869,hold_unresolved_markup,exclude_unresolved_markup,,,rights_pass,Unknown markup may contain or corrupt primary text.,resolved,inactive_pending_cross_archive_freeze
itws4c:875981,itws:875981,hold_duplicate_review,exclude_internal_exact_duplicate,itws:875978,,rights_pass,Deterministic complete/long/stable-ID precedence selected another exact Wikisource root.,resolved,inactive_pending_cross_archive_freeze
itws4c:746097,itws:746097,hold_duplicate_review,exclude_internal_exact_duplicate,itws:746096,,rights_pass,Deterministic complete/long/stable-ID precedence selected another exact Wikisource root.,resolved,inactive_pending_cross_archive_freeze
itws4c:607216,itws:607216,hold_quality_or_editorial_review,exclude_quality_language_or_editorial_hold,,,rights_pass,"Non-removable quality, language-variety, transcription-gap, or editorial evidence remains.",resolved,inactive_pending_cross_archive_freeze
itws4c:514509,itws:514509,hold_quality_or_editorial_review,exclude_quality_language_or_editorial_hold,,,rights_pass,"Non-removable quality, language-variety, transcription-gap, or editorial evidence remains.",resolved,inactive_pending_cross_archive_freeze
itws4c:742871,itws:742871,hold_duplicate_review,eligible_sonnets_only_inactive,,,rights_pass,Only verified unique sonnet artifacts remain after wrapper and duplicate removal.,resolved,inactive_pending_cross_archive_freeze
itws4c:479905,itws:479905,hold_quality_or_editorial_review,exclude_quality_language_or_editorial_hold,,,rights_pass,"Non-removable quality, language-variety, transcription-gap, or editorial evidence remains.",resolved,inactive_pending_cross_archive_freeze
itws4c:746776,itws:746776,hold_duplicate_review,eligible_inactive_processed_build,,,rights_pass,"Rights, quality, canonicalization, and protected-material gates passed.",resolved,inactive_pending_cross_archive_freeze
itws4c:742870,itws:742870,hold_duplicate_review,exclude_internal_exact_duplicate,itws:742869,,rights_pass,Deterministic complete/long/stable-ID precedence selected another exact Wikisource root.,resolved,inactive_pending_cross_archive_freeze
itws4c:883391,itws:883391,hold_duplicate_review,exclude_internal_exact_duplicate,itws:883372,,rights_pass,Deterministic complete/long/stable-ID precedence selected another exact Wikisource root.,resolved,inactive_pending_cross_archive_freeze
itws4c:746609,itws:746609,hold_duplicate_review,exclude_internal_exact_duplicate,itws:746608,,rights_pass,Deterministic complete/long/stable-ID precedence selected another exact Wikisource root.,resolved,inactive_pending_cross_archive_freeze
itws4c:266595,itws:266595,hold_unresolved_markup,exclude_unresolved_markup,,,rights_pass,Unknown markup may contain or corrupt primary text.,resolved,inactive_pending_cross_archive_freeze
itws4c:980216,itws:980216,hold_duplicate_review,exclude_source_rights_unresolved,,,rights_hold_modern_edition_contributor,"Post-1930 edition names a curator, translator, or illustrator whose contribution needs separate rights evidence.",resolved,inactive_pending_cross_archive_freeze
itws4c:88667,itws:88667,hold_duplicate_review,exclude_canonical_cross_corpus_duplicate,gutenberg_pass1b:pg63106,,rights_pass,An already resolved project source contains this Wikisource root.,resolved,inactive_pending_cross_archive_freeze
itws4c:5638,itws:5638,hold_quality_or_editorial_review,exclude_quality_language_or_editorial_hold,,,rights_pass,"Non-removable quality, language-variety, transcription-gap, or editorial evidence remains.",resolved,inactive_pending_cross_archive_freeze
itws4c:23249,itws:23249,hold_duplicate_review,exclude_quality_language_or_editorial_hold,,,rights_pass,"Non-removable quality, language-variety, transcription-gap, or editorial evidence remains.",resolved,inactive_pending_cross_archive_freeze
itws4c:746799,itws:746799,hold_duplicate_review,eligible_inactive_processed_build,,,rights_pass,"Rights, quality, canonicalization, and protected-material gates passed.",resolved,inactive_pending_cross_archive_freeze
itws4c:746641,itws:746641,hold_duplicate_review,exclude_internal_exact_duplicate,itws:746640,,rights_pass,Deterministic complete/long/stable-ID precedence selected another exact Wikisource root.,resolved,inactive_pending_cross_archive_freeze
itws4c:883418,itws:883418,hold_duplicate_review,exclude_internal_exact_duplicate,itws:883405,,rights_pass,Deterministic complete/long/stable-ID precedence selected another exact Wikisource root.,resolved,inactive_pending_cross_archive_freeze
itws4c:285694,itws:285694,hold_duplicate_review,exclude_canonical_cross_corpus_duplicate,bibit:bibit000266,,rights_pass,An already resolved project source contains this Wikisource root.,resolved,inactive_pending_cross_archive_freeze
itws4c:1017419,itws:1017419,hold_missing_transcription,exclude_incomplete_transcription,,,rights_pass,Missing requested transcription pages make the work incomplete.,resolved,inactive_pending_cross_archive_freeze
itws4c:746695,itws:746695,hold_duplicate_review,eligible_inactive_processed_build,,,rights_pass,"Rights, quality, canonicalization, and protected-material gates passed.",resolved,inactive_pending_cross_archive_freeze
itws4c:335429,itws:335429,hold_quality_or_editorial_review,exclude_quality_language_or_editorial_hold,,,rights_pass,"Non-removable quality, language-variety, transcription-gap, or editorial evidence remains.",resolved,inactive_pending_cross_archive_freeze
itws4c:883525,itws:883525,hold_duplicate_review,exclude_internal_exact_duplicate,itws:883520,,rights_pass,Deterministic complete/long/stable-ID precedence selected another exact Wikisource root.,resolved,inactive_pending_cross_archive_freeze
itws4c:893960,itws:893960,hold_duplicate_review,exclude_internal_exact_duplicate,itws:893958,,rights_pass,Deterministic complete/long/stable-ID precedence selected another exact Wikisource root.,resolved,inactive_pending_cross_archive_freeze
itws4c:5877,itws:5877,hold_duplicate_review,exclude_quality_language_or_editorial_hold,,,rights_pass,"Non-removable quality, language-variety, transcription-gap, or editorial evidence remains.",resolved,inactive_pending_cross_archive_freeze
itws4c:893225,itws:893225,hold_duplicate_review,eligible_inactive_processed_build,,,rights_pass,"Rights, quality, canonicalization, and protected-material gates passed.",resolved,inactive_pending_cross_archive_freeze
itws4c:891736,itws:891736,hold_duplicate_review,exclude_internal_exact_duplicate,itws:891735,,rights_pass,Deterministic complete/long/stable-ID precedence selected another exact Wikisource root.,resolved,inactive_pending_cross_archive_freeze
itws4c:980238,itws:980238,hold_duplicate_review,exclude_source_rights_unresolved,,,rights_hold_modern_edition_contributor,"Post-1930 edition names a curator, translator, or illustrator whose contribution needs separate rights evidence.",resolved,inactive_pending_cross_archive_freeze
itws4c:894279,itws:894279,hold_duplicate_review,exclude_internal_near_duplicate,itws:894277,,rights_pass,Directional containment and deterministic completeness precedence selected another Wikisource root.,resolved,inactive_pending_cross_archive_freeze
itws4c:581254,itws:581254,hold_quality_or_editorial_review,exclude_quality_language_or_editorial_hold,,,rights_pass,"Non-removable quality, language-variety, transcription-gap, or editorial evidence remains.",resolved,inactive_pending_cross_archive_freeze
itws4c:746764,itws:746764,hold_duplicate_review,eligible_inactive_processed_build,,,rights_pass,"Rights, quality, canonicalization, and protected-material gates passed.",resolved,inactive_pending_cross_archive_freeze
itws4c:742700,itws:742700,hold_duplicate_review,exclude_no_unique_material_after_segmentation,,,rights_pass,No unique broader text or eligible sonnet remains after segmentation.,resolved,inactive_pending_cross_archive_freeze
itws4c:742864,itws:742864,hold_unresolved_markup,exclude_unresolved_markup,,,rights_pass,Unknown markup may contain or corrupt primary text.,resolved,inactive_pending_cross_archive_freeze
itws4c:746797,itws:746797,hold_duplicate_review,eligible_inactive_processed_build,,,rights_pass,"Rights, quality, canonicalization, and protected-material gates passed.",resolved,inactive_pending_cross_archive_freeze
itws4c:742771,itws:742771,hold_duplicate_review,eligible_sonnets_only_inactive,,,rights_pass,Only verified unique sonnet artifacts remain after wrapper and duplicate removal.,resolved,inactive_pending_cross_archive_freeze
itws4c:746791,itws:746791,hold_duplicate_review,exclude_internal_exact_duplicate,itws:746790,,rights_pass,Deterministic complete/long/stable-ID precedence selected another exact Wikisource root.,resolved,inactive_pending_cross_archive_freeze
itws4c:750701,itws:750701,hold_quality_or_editorial_review,exclude_quality_language_or_editorial_hold,,,rights_pass,"Non-removable quality, language-variety, transcription-gap, or editorial evidence remains.",resolved,inactive_pending_cross_archive_freeze
itws4c:742740,itws:742740,hold_duplicate_review,exclude_internal_exact_duplicate,itws:742739,,rights_pass,Deterministic complete/long/stable-ID precedence selected another exact Wikisource root.,resolved,inactive_pending_cross_archive_freeze
itws4c:99827,itws:99827,hold_unresolved_markup,exclude_unresolved_markup,,,rights_pass,Unknown markup may contain or corrupt primary text.,resolved,inactive_pending_cross_archive_freeze
itws4c:269976,itws:269976,hold_unresolved_markup,exclude_unresolved_markup,,,rights_pass,Unknown markup may contain or corrupt primary text.,resolved,inactive_pending_cross_archive_freeze
itws4c:894274,itws:894274,hold_duplicate_review,exclude_internal_exact_duplicate,itws:894273,,rights_pass,Deterministic complete/long/stable-ID precedence selected another exact Wikisource root.,resolved,inactive_pending_cross_archive_freeze
itws4c:532215,itws:532215,hold_quality_or_editorial_review,exclude_source_rights_unresolved,,,rights_hold_incomplete_index_provenance,"Index metadata lacks author, year, or source evidence.",resolved,inactive_pending_cross_archive_freeze
itws4c:485112,itws:485112,hold_missing_transcription,exclude_incomplete_transcription,,,rights_pass,Missing requested transcription pages make the work incomplete.,resolved,inactive_pending_cross_archive_freeze
itws4c:880037,itws:880037,hold_duplicate_review,exclude_internal_exact_duplicate,itws:880035,,rights_pass,Deterministic complete/long/stable-ID precedence selected another exact Wikisource root.,resolved,inactive_pending_cross_archive_freeze
itws4c:742654,itws:742654,hold_duplicate_review,exclude_internal_exact_duplicate,itws:742639,,rights_pass,Deterministic complete/long/stable-ID precedence selected another exact Wikisource root.,resolved,inactive_pending_cross_archive_freeze
itws4c:104882,itws:104882,hold_duplicate_review,exclude_quality_language_or_editorial_hold,,,rights_pass,"Non-removable quality, language-variety, transcription-gap, or editorial evidence remains.",resolved,inactive_pending_cross_archive_freeze
itws4c:213527,itws:213527,hold_unresolved_markup,exclude_unresolved_markup,,,rights_pass,Unknown markup may contain or corrupt primary text.,resolved,inactive_pending_cross_archive_freeze
itws4c:374993,itws:374993,hold_quality_or_editorial_review,exclude_quality_language_or_editorial_hold,,,rights_pass,"Non-removable quality, language-variety, transcription-gap, or editorial evidence remains.",resolved,inactive_pending_cross_archive_freeze
itws4c:250027,itws:250027,hold_quality_or_editorial_review,exclude_quality_language_or_editorial_hold,,,rights_pass,"Non-removable quality, language-variety, transcription-gap, or editorial evidence remains.",resolved,inactive_pending_cross_archive_freeze
itws4c:160669,itws:160669,hold_duplicate_review,eligible_inactive_processed_build,,,rights_pass,"Rights, quality, canonicalization, and protected-material gates passed.",resolved,inactive_pending_cross_archive_freeze
itws4c:969336,itws:969336,hold_quality_or_editorial_review,exclude_quality_language_or_editorial_hold,,,rights_pass,"Non-removable quality, language-variety, transcription-gap, or editorial evidence remains.",resolved,inactive_pending_cross_archive_freeze
itws4c:577346,itws:577346,hold_unresolved_markup,exclude_unresolved_markup,,,rights_pass,Unknown markup may contain or corrupt primary text.,resolved,inactive_pending_cross_archive_freeze
itws4c:635085,itws:635085,hold_quality_or_editorial_review,exclude_quality_language_or_editorial_hold,,,rights_pass,"Non-removable quality, language-variety, transcription-gap, or editorial evidence remains.",resolved,inactive_pending_cross_archive_freeze
itws4c:998726,itws:998726,hold_quality_or_editorial_review,exclude_quality_language_or_editorial_hold,,,rights_pass,"Non-removable quality, language-variety, transcription-gap, or editorial evidence remains.",resolved,inactive_pending_cross_archive_freeze
itws4c:703982,itws:703982,hold_unresolved_markup,exclude_unresolved_markup,,,rights_pass,Unknown markup may contain or corrupt primary text.,resolved,inactive_pending_cross_archive_freeze
itws4c:924932,itws:924932,hold_unresolved_markup,exclude_unresolved_markup,,,rights_pass,Unknown markup may contain or corrupt primary text.,resolved,inactive_pending_cross_archive_freeze
itws4c:880054,itws:880054,hold_duplicate_review,exclude_internal_exact_duplicate,itws:880045,,rights_pass,Deterministic complete/long/stable-ID precedence selected another exact Wikisource root.,resolved,inactive_pending_cross_archive_freeze
itws4c:742753,itws:742753,hold_duplicate_review,exclude_internal_exact_duplicate,itws:742752,,rights_pass,Deterministic complete/long/stable-ID precedence selected another exact Wikisource root.,resolved,inactive_pending_cross_archive_freeze
itws4c:394485,itws:394485,hold_duplicate_review,eligible_inactive_processed_build,,,rights_pass,"Rights, quality, canonicalization, and protected-material gates passed.",resolved,inactive_pending_cross_archive_freeze
itws4c:881837,itws:881837,hold_duplicate_review,exclude_internal_exact_duplicate,itws:881832,,rights_pass,Deterministic complete/long/stable-ID precedence selected another exact Wikisource root.,resolved,inactive_pending_cross_archive_freeze
itws4c:300734,itws:300734,hold_quality_or_editorial_review,exclude_quality_language_or_editorial_hold,,,rights_pass,"Non-removable quality, language-variety, transcription-gap, or editorial evidence remains.",resolved,inactive_pending_cross_archive_freeze
itws4c:742721,itws:742721,hold_unresolved_markup,exclude_unresolved_markup,,,rights_pass,Unknown markup may contain or corrupt primary text.,resolved,inactive_pending_cross_archive_freeze
itws4c:589112,itws:589112,hold_missing_transcription,exclude_incomplete_transcription,,,rights_pass,Missing requested transcription pages make the work incomplete.,resolved,inactive_pending_cross_archive_freeze
itws4c:5598,itws:5598,hold_duplicate_review,exclude_quality_language_or_editorial_hold,,,rights_pass,"Non-removable quality, language-variety, transcription-gap, or editorial evidence remains.",resolved,inactive_pending_cross_archive_freeze
itws4c:510689,itws:510689,hold_duplicate_review,exclude_quality_language_or_editorial_hold,,,rights_pass,"Non-removable quality, language-variety, transcription-gap, or editorial evidence remains.",resolved,inactive_pending_cross_archive_freeze
itws4c:252256,itws:252256,hold_unresolved_markup,exclude_unresolved_markup,,,rights_pass,Unknown markup may contain or corrupt primary text.,resolved,inactive_pending_cross_archive_freeze
itws4c:351212,itws:351212,hold_unresolved_markup,exclude_unresolved_markup,,,rights_pass,Unknown markup may contain or corrupt primary text.,resolved,inactive_pending_cross_archive_freeze
itws4c:68969,itws:68969,hold_unresolved_markup,exclude_unresolved_markup,,,rights_pass,Unknown markup may contain or corrupt primary text.,resolved,inactive_pending_cross_archive_freeze
itws4c:430827,itws:430827,hold_duplicate_review,exclude_quality_language_or_editorial_hold,,,rights_pass,"Non-removable quality, language-variety, transcription-gap, or editorial evidence remains.",resolved,inactive_pending_cross_archive_freeze
itws4c:449179,itws:449179,hold_unresolved_markup,exclude_unresolved_markup,,,rights_pass,Unknown markup may contain or corrupt primary text.,resolved,inactive_pending_cross_archive_freeze
itws4c:583165,itws:583165,hold_quality_or_editorial_review,exclude_quality_language_or_editorial_hold,,,rights_pass,"Non-removable quality, language-variety, transcription-gap, or editorial evidence remains.",resolved,inactive_pending_cross_archive_freeze
itws4c:742720,itws:742720,hold_duplicate_review,exclude_internal_exact_duplicate,itws:742719,,rights_pass,Deterministic complete/long/stable-ID precedence selected another exact Wikisource root.,resolved,inactive_pending_cross_archive_freeze
itws4c:365347,itws:365347,hold_unresolved_markup,exclude_unresolved_markup,,,rights_pass,Unknown markup may contain or corrupt primary text.,resolved,inactive_pending_cross_archive_freeze
itws4c:469900,itws:469900,hold_unresolved_markup,exclude_unresolved_markup,,,rights_pass,Unknown markup may contain or corrupt primary text.,resolved,inactive_pending_cross_archive_freeze
itws4c:79125,itws:79125,hold_unresolved_markup,exclude_unresolved_markup,,,rights_pass,Unknown markup may contain or corrupt primary text.,resolved,inactive_pending_cross_archive_freeze
itws4c:513632,itws:513632,hold_missing_transcription,exclude_incomplete_transcription,,,rights_pass,Missing requested transcription pages make the work incomplete.,resolved,inactive_pending_cross_archive_freeze
itws4c:746766,itws:746766,hold_duplicate_review,eligible_inactive_processed_build,,,rights_pass,"Rights, quality, canonicalization, and protected-material gates passed.",resolved,inactive_pending_cross_archive_freeze
itws4c:746886,itws:746886,hold_duplicate_review,exclude_internal_exact_duplicate,itws:746885,,rights_pass,Deterministic complete/long/stable-ID precedence selected another exact Wikisource root.,resolved,inactive_pending_cross_archive_freeze
itws4c:24389,itws:24389,hold_quality_or_editorial_review,exclude_quality_language_or_editorial_hold,,,rights_pass,"Non-removable quality, language-variety, transcription-gap, or editorial evidence remains.",resolved,inactive_pending_cross_archive_freeze
itws4c:746603,itws:746603,hold_duplicate_review,eligible_inactive_processed_build,,,rights_pass,"Rights, quality, canonicalization, and protected-material gates passed.",resolved,inactive_pending_cross_archive_freeze
itws4c:518561,itws:518561,hold_quality_or_editorial_review,exclude_quality_language_or_editorial_hold,,,rights_pass,"Non-removable quality, language-variety, transcription-gap, or editorial evidence remains.",resolved,inactive_pending_cross_archive_freeze
itws4c:742782,itws:742782,hold_duplicate_review,exclude_internal_exact_duplicate,itws:742781,,rights_pass,Deterministic complete/long/stable-ID precedence selected another exact Wikisource root.,resolved,inactive_pending_cross_archive_freeze
itws4c:875973,itws:875973,hold_duplicate_review,exclude_internal_exact_duplicate,itws:875969,,rights_pass,Deterministic complete/long/stable-ID precedence selected another exact Wikisource root.,resolved,inactive_pending_cross_archive_freeze
itws4c:43413,itws:43413,hold_unresolved_markup,exclude_unresolved_markup,,,rights_pass,Unknown markup may contain or corrupt primary text.,resolved,inactive_pending_cross_archive_freeze
itws4c:746681,itws:746681,hold_duplicate_review,eligible_inactive_processed_build,,,rights_pass,"Rights, quality, canonicalization, and protected-material gates passed.",resolved,inactive_pending_cross_archive_freeze
itws4c:5596,itws:5596,hold_duplicate_review,exclude_canonical_cross_corpus_duplicate,bibit:bibit001594,,rights_pass,An already resolved project source contains this Wikisource root.,resolved,inactive_pending_cross_archive_freeze
itws4c:746844,itws:746844,hold_duplicate_review,exclude_internal_exact_duplicate,itws:746843,,rights_pass,Deterministic complete/long/stable-ID precedence selected another exact Wikisource root.,resolved,inactive_pending_cross_archive_freeze
itws4c:239218,itws:239218,hold_unresolved_markup,exclude_source_rights_unresolved,,,rights_hold_incomplete_index_provenance,"Index metadata lacks author, year, or source evidence.",resolved,inactive_pending_cross_archive_freeze
itws4c:881831,itws:881831,hold_duplicate_review,exclude_internal_exact_duplicate,itws:881828,,rights_pass,Deterministic complete/long/stable-ID precedence selected another exact Wikisource root.,resolved,inactive_pending_cross_archive_freeze
itws4c:990143,itws:990143,hold_quality_or_editorial_review,exclude_quality_language_or_editorial_hold,,,rights_pass,"Non-removable quality, language-variety, transcription-gap, or editorial evidence remains.",resolved,inactive_pending_cross_archive_freeze
itws4c:746781,itws:746781,hold_duplicate_review,exclude_internal_exact_duplicate,itws:746780,,rights_pass,Deterministic complete/long/stable-ID precedence selected another exact Wikisource root.,resolved,inactive_pending_cross_archive_freeze
itws4c:746845,itws:746845,hold_duplicate_review,eligible_inactive_processed_build,,,rights_pass,"Rights, quality, canonicalization, and protected-material gates passed.",resolved,inactive_pending_cross_archive_freeze
itws4c:886730,itws:886730,hold_quality_or_editorial_review,exclude_quality_language_or_editorial_hold,,,rights_pass,"Non-removable quality, language-variety, transcription-gap, or editorial evidence remains.",resolved,inactive_pending_cross_archive_freeze
itws4c:746790,itws:746790,hold_duplicate_review,eligible_inactive_processed_build,,,rights_pass,"Rights, quality, canonicalization, and protected-material gates passed.",resolved,inactive_pending_cross_archive_freeze
itws4c:880041,itws:880041,hold_duplicate_review,exclude_internal_exact_duplicate,itws:880035,,rights_pass,Deterministic complete/long/stable-ID precedence selected another exact Wikisource root.,resolved,inactive_pending_cross_archive_freeze
itws4c:746879,itws:746879,hold_duplicate_review,eligible_inactive_processed_build,,,rights_pass,"Rights, quality, canonicalization, and protected-material gates passed.",resolved,inactive_pending_cross_archive_freeze
