record_id,wordpress_page_id,title,author,landing_page_url,period_bucket,preliminary_role,metadata_decision,license_url,archive_format,download_page_url,archive_url,cache_status,archive_cache_path,cleaned_cache_path,archive_sha256,cleaned_sha256,raw_byte_count,cleaned_character_count,cleaned_word_count,nonempty_line_count,replacement_character_count,italian_function_word_ratio,alphabetic_character_ratio,digit_character_ratio,editorial_marker_count,editorial_markers,quality_review_flags,language_variety_flags,normalized_word_sha256,fingerprint_anchor_count,internal_exact_duplicate_ids,internal_near_duplicate_metrics,cross_corpus_overlap_metrics,cross_corpus_duplicate_scope,protected_v6_overlap_metrics,manual_review_resolution,manual_review_rationale,probe_status,probe_decision,activation_status,error
ll:2344098,2344098,Delle Frascherie di Antonio Abati fasci tre,Antonio Abati,https://liberliber.it/autori/autori-a/antonio-abati/delle-frascherie-di-antonio-abati-fasci-tre/,origins_through_1800,historical_non_sonnet_poetry,eligible_fulltext_probe_inactive,https://creativecommons.org/licenses/by-nc-sa/4.0/,txt_zip,https://liberliber.it/opere/download/?op=2344098&type=opera_url_txt,https://www.liberliber.eu/mediateca/libri/a/abati/delle_frascherie_di_antonio_abati_fasci_tre/txt/abati_delle_frascherie.zip,hit,data/local/liber_liber/fulltext_probe_v1/archives/ll_2344098.zip,data/local/liber_liber/fulltext_probe_v1/texts/ll_2344098.txt,2e48bc20afefd25476e29e33fe886da6859ab67de87c354063ac7aa1dc77f40a,c419b6066c992ea2920da245d4507f49a9408eaecbafdcefad1095b5ffb9a176,138507,319209,54269,4829,0,0.241630,0.757178,0.003114,1,edition_notes:1,edition_notes_present,,941000a48c3b93df648f10d16b9aa0ccd5f777116edcc4e84defb728f6e63e23,54,,,,,,accept_source_edition_with_documented_modernization,"The retained source edition explicitly records limited modernization of u/v usage, expanded abbreviation diacritics, and accented vowels; the probe preserves that supplied edition unchanged and does not claim original-print orthography.",review,quality_pass_after_bounded_review,inactive_probe_only,
ll:2344100,2344100,Cose vedute,Giuseppe Cesare Abba,https://liberliber.it/autori/autori-a/giuseppe-cesare-abba/cose-vedute/,nineteenth_century,nineteenth_century_bridge,eligible_fulltext_probe_inactive,https://creativecommons.org/licenses/by-nc-sa/4.0/,txt_zip,https://liberliber.it/opere/download/?op=2344100&type=opera_url_txt,https://www.liberliber.eu/mediateca/libri/a/abba/cose_vedute/txt/abba_cose_vedute.zip,hit,data/local/liber_liber/fulltext_probe_v1/archives/ll_2344100.zip,data/local/liber_liber/fulltext_probe_v1/texts/ll_2344100.txt,ce0a07deba245b21f90953bb78ef093d268f4f5c3b024b1dfe361f946807ac1b,1fbcda9e925b34a1cd8e3e97177aa46ad5c20b91e1ac647cb9b40e9d02fd03c6,146011,366360,63883,1571,0,0.260899,0.782299,0.000139,0,,,,b7a09b699905d8054a9acf506083a6e4980e534c7c8d4544d15a7ef03461fd7a,60,,,,,,,,quality_pass,quality_pass_pending_extraction_audit,inactive_probe_only,
ll:2344104,2344104,Le rive della Bormida nel 1794,Giuseppe Cesare Abba,https://liberliber.it/autori/autori-a/giuseppe-cesare-abba/le-rive-della-bormida-nel-1794/,nineteenth_century,nineteenth_century_bridge,eligible_fulltext_probe_inactive,https://creativecommons.org/licenses/by-nc-sa/4.0/,odt,https://liberliber.it/opere/download/?op=2344104&type=opera_url_odt,https://www.liberliber.eu/mediateca/libri/a/abba/le_rive_della_bormida_nel_1794/odt/abba_le_rive_della_bormida.odt,hit,data/local/liber_liber/fulltext_probe_v1/archives/ll_2344104.odt,data/local/liber_liber/fulltext_probe_v1/texts/ll_2344104.txt,060f666293218f725ebb0a93379cef6c14923a6473df643eb372c5997b2aaf87,6d745c846c853823a9dce9143e1bba5c2e53866c994b0511a6a5e2240150d4e0,437825,773179,134176,1904,0,0.271181,0.787113,0.000062,0,,,,d0874cd1018ebebc74b02585ee0bce72a44a61c38e09f14d4996adf3e7588184,136,,,,,,,,quality_pass,quality_pass_pending_extraction_audit,inactive_probe_only,
ll:2344132,2344132,Parvenze e sembianze,Adolfo Albertazzi,https://liberliber.it/autori/autori-a/adolfo-albertazzi/parvenze-e-sembianze/,nineteenth_century,nineteenth_century_bridge,eligible_fulltext_probe_inactive,https://creativecommons.org/licenses/by-nc-sa/4.0/,odt,https://liberliber.it/opere/download/?op=2344132&type=opera_url_odt,https://www.liberliber.eu/mediateca/libri/a/albertazzi/parvenze_e_sembianze/odt/albertazzi_parvenze_e_sembianze.odt,hit,data/local/liber_liber/fulltext_probe_v1/archives/ll_2344132.odt,data/local/liber_liber/fulltext_probe_v1/texts/ll_2344132.txt,2b12fe781b9b42670c5c358322ded79b93ce7ad04d6e36278175518870908aa8,f6983e57b844454aaddfec1eb9a6085cf96922412574ab7f25a14a4c7b873030,212371,194390,33345,875,0,0.277793,0.796749,0.001091,0,,,,ed8b36ee90dd454fe4dd01d8f9c31f135271d80e43aac11405ddcbfcc1e051b1,33,,,,,,,,quality_pass,quality_pass_pending_extraction_audit,inactive_probe_only,
ll:2344134,2344134,Vecchie storie d'amore,Adolfo Albertazzi,https://liberliber.it/autori/autori-a/adolfo-albertazzi/vecchie-storie-damore/,nineteenth_century,nineteenth_century_bridge,eligible_fulltext_probe_inactive,https://creativecommons.org/licenses/by-nc-sa/4.0/,odt,https://liberliber.it/opere/download/?op=2344134&type=opera_url_odt,https://www.liberliber.eu/mediateca/libri/a/albertazzi/vecchie_storie_d_amore/odt/albertazzi_vecchie_storie.odt,hit,data/local/liber_liber/fulltext_probe_v1/archives/ll_2344134.odt,data/local/liber_liber/fulltext_probe_v1/texts/ll_2344134.txt,a29c25b4de3b4ba0f4ba7d2f4610102e10a3d96ef07565ba5b624bee7088b86c,4b3b35d84e50870f7fe750e789aea46619ba9a10e4de2a846b7fe45cf12d2eb4,137681,167380,28770,590,0,0.284915,0.794683,0.000239,0,,,,9062ddd5d8ef6b54c60e20ccfa516d7835db8419b76e46f34bec4a858e6f3cc7,22,,,,,,,,quality_pass,quality_pass_pending_extraction_audit,inactive_probe_only,
ll:2344155,2344155,Rime,Leon Battista Alberti,https://liberliber.it/autori/autori-a/leon-battista-alberti/rime/,origins_through_1800,historical_non_sonnet_poetry,eligible_fulltext_probe_inactive,https://creativecommons.org/licenses/by-nc-sa/4.0/,odt,https://liberliber.it/opere/download/?op=2344155&type=opera_url_odt,https://www.liberliber.eu/mediateca/libri/a/alberti/rime/odt/alberti_rime.odt,hit,data/local/liber_liber/fulltext_probe_v1/archives/ll_2344155.odt,data/local/liber_liber/fulltext_probe_v1/texts/ll_2344155.txt,771d03af099b8ff0d06fff69556941b592c9e8074b0a62b431fd2729b1c05913,483ea979c19de5098cfb5372e4c1734efbcc7616e9499a87e229ec597d2cca54,290122,39669,7516,1380,0,0.206227,0.772871,0.000630,0,,,,908db6cbc5383d92d4bb0d73e62c9014228366b05754c8b890661bf215f00939,8,,,,,,,,quality_pass,quality_pass_pending_extraction_audit,inactive_probe_only,
ll:2344206,2344206,La Divina Commedia,Dante Alighieri,https://liberliber.it/autori/autori-a/dante-alighieri/la-divina-commedia-edizione-petrocchi/,origins_through_1800,historical_non_sonnet_poetry,eligible_fulltext_probe_inactive,https://creativecommons.org/licenses/by-nc-sa/4.0/,odt,https://liberliber.it/opere/download/?op=2344206&type=opera_url_odt,https://www.liberliber.eu/mediateca/libri/a/alighieri/la_divina_commedia/odt/alighieri_la_divina_commedia.odt,hit,data/local/liber_liber/fulltext_probe_v1/archives/ll_2344206.odt,data/local/liber_liber/fulltext_probe_v1/texts/ll_2344206.txt,b8835c71d4d42e40779e0c1e4e428ad0e78b3545b5849778832cbb56386e9d02,def2b41f8761f414accc12c01660a791933a12515111c808f69f3cef497f01e6,24418619,685409,125220,19811,0,0.245089,0.755689,0.016689,0,,,,972a8570f0e9b526ec1b3e91b95fdaefd3aa89498f2c3ab1c48c59c3b906d44f,106,,,bibit:bibit000019|candidate=0.817416|reference=0.977592;gutenberg_previous_pool:pg1000|candidate=0.823352|reference=0.982006;gutenberg_previous_pool:pg1009|candidate=0.276556|reference=0.983538;gutenberg_previous_pool:pg1010|candidate=0.275536|reference=0.978654;gutenberg_previous_pool:pg1011|candidate=0.271516|reference=0.982887;gutenberg_previous_pool:pg1012|candidate=0.823426|reference=0.982133;gutenberg_previous_pool:pg997|candidate=0.276301|reference=0.979596;gutenberg_previous_pool:pg998|candidate=0.275536|reference=0.979283;gutenberg_previous_pool:pg999|candidate=0.271516|reference=0.983531,candidate_covered;embedded_reference_only,,,,quality_pass,exclude_cross_corpus_duplicate_candidate,inactive_probe_only,
ll:2344213,2344213,Vita nuova,Dante Alighieri,https://liberliber.it/autori/autori-a/dante-alighieri/vita-nuova/,origins_through_1800,historical_non_sonnet_poetry,eligible_fulltext_probe_inactive,https://creativecommons.org/licenses/by-nc-sa/4.0/,txt_zip,https://liberliber.it/opere/download/?op=2344213&type=opera_url_txt,https://www.liberliber.eu/mediateca/libri/a/alighieri/vita_nuova_edizione_barbera/txt/vita_nuo.zip,hit,data/local/liber_liber/fulltext_probe_v1/archives/ll_2344213.zip,data/local/liber_liber/fulltext_probe_v1/texts/ll_2344213.txt,dff6f2cb1a50ea5ad19e1941b698d2e53ba51407311f4ed9ac68d71ec30e55bc,74699cd4d13923d50e0d0731d04e98f3350ba97981afc7f1184d1c2c1a0660bc,38205,104916,18996,754,0,0.246578,0.781530,0.000000,0,,,,b0ee65687ad1e524c6c68cf0f7ef5ed2ed0a6eb6fda42c32f5ecb12d15b1f5c2,18,,ll:2344214|containment=0.939506;ll:2344215|containment=0.920381,,,dante_xix_se_tu_colui_c_hai_trattato_sovente|containment=0.906977,,,quality_pass,quarantine_protected_v6_segment_before_activation,inactive_probe_only,
ll:2344214,2344214,Vita nuova,Dante Alighieri,https://liberliber.it/autori/autori-a/dante-alighieri/vita-nuova-edizione-bemporad-1932/,origins_through_1800,standard_sonnets,eligible_fulltext_probe_inactive,https://creativecommons.org/licenses/by-nc-sa/4.0/,odt,https://liberliber.it/opere/download/?op=2344214&type=opera_url_odt,https://www.liberliber.eu/mediateca/libri/a/alighieri/vita_nuova_edizione_bemporad/odt/alighieri_vita_nuova_bemporad.odt,hit,data/local/liber_liber/fulltext_probe_v1/archives/ll_2344214.odt,data/local/liber_liber/fulltext_probe_v1/texts/ll_2344214.txt,e7c38a538c396a21cdf1473106a527ba46b669afcd795000a442bcfcb023b64b,93494ad0cfad5e3fdc93eb1a528c074381c768b1616c5307769c331cebab02bb,1294096,104357,19001,795,0,0.247776,0.785716,0.000000,0,,,,9d791c03b18971074e95456a34d3f4ccf45187218cbce232d2c16522f639f083,17,,ll:2344213|containment=0.939506;ll:2344215|containment=0.972879,,,dante_xix_se_tu_colui_c_hai_trattato_sovente|containment=1.000000;dante_xxvi_venite_a_intender_li_sospiri_miei|containment=0.807229,,,quality_pass,quarantine_protected_v6_segment_before_activation,inactive_probe_only,
ll:2344215,2344215,Vita nuova,Dante Alighieri,https://liberliber.it/autori/autori-a/dante-alighieri/vita-nuova-edizione-newton-compton-1993/,origins_through_1800,historical_non_sonnet_poetry,eligible_fulltext_probe_inactive,https://creativecommons.org/licenses/by-nc-sa/4.0/,txt_zip,https://liberliber.it/opere/download/?op=2344215&type=opera_url_txt,https://www.liberliber.eu/mediateca/libri/a/alighieri/vita_nuova_edizione_newton_compton/txt/vita_n_t.zip,hit,data/local/liber_liber/fulltext_probe_v1/archives/ll_2344215.zip,data/local/liber_liber/fulltext_probe_v1/texts/ll_2344215.txt,47b64b01691ad397be9f7b4060cbd736e49fa3f90b6672e1ea157467c1234ba0,d844e0b8f2e6bb8541ca899f2d6e469cd8226dc166ca7b33affe92ff6f5e1891,38077,104308,18964,756,0,0.248102,0.784628,0.000000,0,,,,088740e22d959ed34ce1c0d63cd43a1f0add5babb1cf2c689dc43ef9fc22400d,17,,ll:2344213|containment=0.920381;ll:2344214|containment=0.972879,,,dante_xix_se_tu_colui_c_hai_trattato_sovente|containment=1.000000;dante_xxvi_venite_a_intender_li_sospiri_miei|containment=0.903614,,,quality_pass,quarantine_protected_v6_segment_before_activation,inactive_probe_only,
ll:2344340,2344340,Novelle,Cesare Balbo,https://liberliber.it/autori/autori-b/cesare-balbo/novelle/,nineteenth_century,nineteenth_century_bridge,eligible_fulltext_probe_inactive,https://creativecommons.org/licenses/by-nc-sa/4.0/,odt,https://liberliber.it/opere/download/?op=2344340&type=opera_url_odt,https://www.liberliber.eu/mediateca/libri/b/balbo/novelle/odt/balbo_novelle.odt,hit,data/local/liber_liber/fulltext_probe_v1/archives/ll_2344340.odt,data/local/liber_liber/fulltext_probe_v1/texts/ll_2344340.txt,c1b6cc7b165118dae642a3b3224a222e09fcd4f5b7b93f064c47233c3f2c335c,e831602c4b2218bd8192a568ffdd36f4954fe1532d0af466482bd9c2d2373ecd,838462,569824,99774,323,0,0.261431,0.793638,0.000104,0,,,,4ba846851103b6f1c60ec0079af7d7a1e81fbc5b1cf144caddb2c0856967b40d,111,,,gutenberg_previous_pool:pg39658|candidate=0.998196|reference=0.996667;gutenberg_resolved:39658|candidate=0.998196|reference=0.996957,candidate_covered,,,,quality_pass,exclude_cross_corpus_duplicate_candidate,inactive_probe_only,
ll:2344386,2344386,Capitan Dodero,Anton Giulio Barrili,https://liberliber.it/autori/autori-b/anton-giulio-barrili/capitan-dodero/,nineteenth_century,nineteenth_century_bridge,eligible_fulltext_probe_inactive,https://creativecommons.org/licenses/by-nc-sa/4.0/,odt,https://liberliber.it/opere/download/?op=2344386&type=opera_url_odt,https://www.liberliber.eu/mediateca/libri/b/barrili/capitan_dodero/odt/barrili_capitan_dodero.odt,hit,data/local/liber_liber/fulltext_probe_v1/archives/ll_2344386.odt,data/local/liber_liber/fulltext_probe_v1/texts/ll_2344386.txt,5bc7cdd8620e26dcf2efa7f571353b5d91a28c070b22eaa95764b8bb04ec7228,409e606b2eb3c01141677e74ac2c1db05d742e3aea89294e2418fc84813abace,604436,139924,23889,481,0,0.259534,0.794396,0.000136,0,,,,02764c42cc5a76ceaef3f5ffe899927b2ba27baafe848e9a8429f0fb1245e6f6,21,,,,,,,,quality_pass,quality_pass_pending_extraction_audit,inactive_probe_only,
ll:2344389,2344389,Con Garibaldi alle porte di Roma,Anton Giulio Barrili,https://liberliber.it/autori/autori-b/anton-giulio-barrili/con-garibaldi-alle-porte-di-roma/,nineteenth_century,nineteenth_century_bridge,eligible_fulltext_probe_inactive,https://creativecommons.org/licenses/by-nc-sa/4.0/,odt,https://liberliber.it/opere/download/?op=2344389&type=opera_url_odt,https://www.liberliber.eu/mediateca/libri/b/barrili/con_garibaldi_alle_porte_di_roma/odt/con_garibaldi_alle_porte_etc.odt,hit,data/local/liber_liber/fulltext_probe_v1/archives/ll_2344389.odt,data/local/liber_liber/fulltext_probe_v1/texts/ll_2344389.txt,e76fdeb832b683f2e2fe13bf52a87a90cf9367990388bbbd73a3ed7d86de3a01,e31d43f57dd9e13353abdc5d8380ac604240e169e8a65be20cce388c88d24c79,526818,255388,42618,615,0,0.264818,0.797876,0.000529,0,,,,4822232a025d32f1257d53dc130995c299e464d5e7af45f62a94693a3bdeb171,42,,,,,,,,quality_pass,quality_pass_pending_extraction_audit,inactive_probe_only,
ll:2344496,2344496,Ciondolino,Luigi Bertelli (detto Vamba),https://liberliber.it/autori/autori-b/luigi-bertelli-detto-vamba/ciondolino/,nineteenth_century,nineteenth_century_bridge,eligible_fulltext_probe_inactive,https://creativecommons.org/licenses/by-nc-sa/4.0/,odt,https://liberliber.it/opere/download/?op=2344496&type=opera_url_odt,https://www.liberliber.eu/mediateca/libri/b/bertelli/ciondolino/odt/bertelli_ciondolino.odt,hit,data/local/liber_liber/fulltext_probe_v1/archives/ll_2344496.odt,data/local/liber_liber/fulltext_probe_v1/texts/ll_2344496.txt,a3224cebd5ab245d8534b16ac76666c78ad2ad8d9f735a47a4b0df71440b2f3e,6fe820b270ec68f6aa9c643250cb1c12dd2e2f72deaad354339f65bc39602c8a,89091908,317449,52987,2386,0,0.270519,0.790392,0.000028,0,,,,da37ec3fb5cd851e71924e5f5de7c02caff47c2685787216f583d77073746a18,61,,,,,,,,quality_pass,quality_pass_pending_extraction_audit,inactive_probe_only,
ll:2344791,2344791,Racconti storici e morali,Cesare Cantù,https://liberliber.it/autori/autori-c/cesare-cantu/racconti-storici-e-morali/,nineteenth_century,nineteenth_century_bridge,eligible_fulltext_probe_inactive,https://creativecommons.org/licenses/by-nc-sa/4.0/,odt,https://liberliber.it/opere/download/?op=2344791&type=opera_url_odt,https://www.liberliber.eu/mediateca/libri/c/cantu/racconti_storici_e_morali/odt/cantu_racconti_storici_e_morali.odt,hit,data/local/liber_liber/fulltext_probe_v1/archives/ll_2344791.odt,data/local/liber_liber/fulltext_probe_v1/texts/ll_2344791.txt,476bcab1815a7ac5d9f31e87095c53643830fd005172b0386803fd64f3810412,4cb834fa4d9f2912e26cecb70141cb1d54706df861c915c39baed0dff280d7ea,547497,452521,75303,1204,0,0.258077,0.800734,0.003076,0,,,,c51a4e9df08b492a2c4c5f52f05099087a2b7003b6c92c363d4f641314aade8f,86,,,gutenberg_previous_pool:pg45803|candidate=0.998167|reference=0.973876;gutenberg_resolved:45803|candidate=0.998167|reference=0.974078,candidate_covered,,,,quality_pass,exclude_cross_corpus_duplicate_candidate,inactive_probe_only,
ll:2344812,2344812,Il Drago e cinque altre novelle per fanciulli,Luigi Capuana,https://liberliber.it/autori/autori-c/luigi-capuana/il-drago-e-cinque-altre-novelle-per-fanciulli/,nineteenth_century,nineteenth_century_bridge,eligible_fulltext_probe_inactive,https://creativecommons.org/licenses/by-nc-sa/4.0/,odt,https://liberliber.it/opere/download/?op=2344812&type=opera_url_odt,https://www.liberliber.eu/mediateca/libri/c/capuana/il_drago_e_cinque_altre_novelle_per_fanciulli/odt/capuana_il_drago.odt,hit,data/local/liber_liber/fulltext_probe_v1/archives/ll_2344812.odt,data/local/liber_liber/fulltext_probe_v1/texts/ll_2344812.txt,688f188c770808031e7af9224dbf0e5b59534da827ee948fc42cdfaf5d1fc38d,d58e1d3c363597113e20d1d5754fb1445a0a7ce29fc0b298709f29f921549ec1,383220,106754,17735,760,0,0.281759,0.791174,0.000047,0,,,,33b4142a8758d2901ad2394bad9300007aee77c7bae668f195f09bb2aac9d171,14,,,,,,,,quality_pass,quality_pass_pending_extraction_audit,inactive_probe_only,
ll:2344830,2344830,Schiaccianoci ed altri racconti,Luigi Capuana,https://liberliber.it/autori/autori-c/luigi-capuana/schiaccianoci-ed-altri-racconti/,nineteenth_century,nineteenth_century_bridge,eligible_fulltext_probe_inactive,https://creativecommons.org/licenses/by-nc-sa/4.0/,odt,https://liberliber.it/opere/download/?op=2344830&type=opera_url_odt,https://www.liberliber.eu/mediateca/libri/c/capuana/schiaccianoci_ed_altri_racconti/odt/capuana_schiaccianoci.odt,hit,data/local/liber_liber/fulltext_probe_v1/archives/ll_2344830.odt,data/local/liber_liber/fulltext_probe_v1/texts/ll_2344830.txt,c0afe91d08a0267b7873ac8b68a040173859595270a60f03197e715fdbd90390,666d1e887e1fb9bec57faaab3a19a0904b3e2bae97936f58c6111ec22103351e,496739,184963,30557,1316,0,0.274732,0.786087,0.000016,0,,,,6b6f22a95e559ea561191137bc1a38ba9ba8ba229754878836e4e9ab66c3c549,34,,,,,,,,quality_pass,quality_pass_pending_extraction_audit,inactive_probe_only,
ll:2344833,2344833,Tutte le fiabe,Luigi Capuana,https://liberliber.it/autori/autori-c/luigi-capuana/tutte-le-fiabe/,nineteenth_century,nineteenth_century_bridge,eligible_fulltext_probe_inactive,https://creativecommons.org/licenses/by-nc-sa/4.0/,odt,https://liberliber.it/opere/download/?op=2344833&type=opera_url_odt,https://www.liberliber.eu/mediateca/libri/c/capuana/tutte_le_fiabe/odt/capuana_tutte_le_fiabe.odt,hit,data/local/liber_liber/fulltext_probe_v1/archives/ll_2344833.odt,data/local/liber_liber/fulltext_probe_v1/texts/ll_2344833.txt,e46835918899d1d7178fe07e5a8a10b0d3af5d4c137efb2e72a713d90c93f8c1,cdd9520ec692adb46e6e2a6e0a636eb1c7afa42e11566a270d95af3f50d6fbc9,835368,1074505,182923,12540,0,0.282900,0.777957,0.000022,0,,,review_language_variety_marker,c77e9b642767f19b1cb9cd54b1552f4731b54bdceb0963818846ff8901cde3e9,170,,,,,,accept_standard_italian_with_sicilian_lexical_note,The authorial warning assigns Sicilian-dialect meanings only to the fairy-tale terms Reuccio and Reginetta; the primary collection is otherwise standard literary Italian.,review,quality_pass_after_bounded_review,inactive_probe_only,
ll:2344854,2344854,Rime e ritmi,Giosuè Carducci,https://liberliber.it/autori/autori-c/giosue-carducci/rime-e-ritmi/,nineteenth_century,historical_non_sonnet_poetry,eligible_fulltext_probe_inactive,https://creativecommons.org/licenses/by-nc-sa/4.0/,odt,https://liberliber.it/opere/download/?op=2344854&type=opera_url_odt,https://www.liberliber.eu/mediateca/libri/c/carducci/rime_e_ritmi/odt/carducci_rime_e_ritmi.odt,hit,data/local/liber_liber/fulltext_probe_v1/archives/ll_2344854.odt,data/local/liber_liber/fulltext_probe_v1/texts/ll_2344854.txt,8a17f7e7e2d6ee28cf0f4c7adc5863aa21521769a2a4be9daf8e71c8265693c1,20a61f45d237e369aaafd84e8de7988455d3b5bf390170fc3bea125d7f94fc34,440940,53433,9766,1587,0,0.237764,0.783280,0.000112,0,,,,5488b56b1a45878aa79dcd7ab0bba40883e3a631015af67aefdf8a58b5c9eaab,10,,,bibit:bibit000521|candidate=0.729910|reference=0.922051,embedded_reference_only,,,,quality_pass,quarantine_embedded_duplicate_segments_before_activation,inactive_probe_only,
ll:2344942,2344942,Sonetti,Angelo Cenni,https://liberliber.it/autori/autori-c/angelo-cenni/sonetti/,origins_through_1800,standard_sonnets,eligible_fulltext_probe_inactive,https://creativecommons.org/licenses/by-nc-sa/4.0/,odt,https://liberliber.it/opere/download/?op=2344942&type=opera_url_odt,https://www.liberliber.eu/mediateca/libri/c/cenni/sonetti/odt/cenni_sonetti.odt,hit,data/local/liber_liber/fulltext_probe_v1/archives/ll_2344942.odt,data/local/liber_liber/fulltext_probe_v1/texts/ll_2344942.txt,0a82141e27c2994ecabc0e3ea008c4ba45a8144cf21232ff1bedf6b0b0e0b53f,914888c9d087c753a021d3757a26e9b2f71491fc496ebba07a5c380ac6f8ee3a,557434,27512,5313,791,0,0.228308,0.757270,0.000000,0,,,,b0a4df1c2070199c3ded31b65ddf5fa25eb41102bf84a4258006aa4de550c207,4,,,,,,,,quality_pass,quality_pass_pending_extraction_audit,inactive_probe_only,
ll:2344960,2344960,L'eredità Ferramonti,Gaetano Carlo Chelli,https://liberliber.it/autori/autori-c/gaetano-carlo-chelli/leredita-ferramonti/,nineteenth_century,nineteenth_century_bridge,eligible_fulltext_probe_inactive,https://creativecommons.org/licenses/by-nc-sa/4.0/,odt,https://liberliber.it/opere/download/?op=2344960&type=opera_url_odt,https://www.liberliber.eu/mediateca/libri/c/chelli/l_eredita_ferramonti/odt/chelli_l_eredita_ferramonti.odt,hit,data/local/liber_liber/fulltext_probe_v1/archives/ll_2344960.odt,data/local/liber_liber/fulltext_probe_v1/texts/ll_2344960.txt,d2bba6842f457e99d0cfac25c6aa84ab62802fd2a1c1bf0b305d4b1b0019cc2d,f0becb4542edd2b20a9b7e76831286fc6af4a836daf6f116d406e9e3ca5296a7,578103,380977,61099,1240,0,0.257238,0.806589,0.000031,0,,,,8d04cd25ff94606c09f645fae6dd31df226887d9fb42c16ccb20751aabd0ebd0,62,,,,,,,,quality_pass,quality_pass_pending_extraction_audit,inactive_probe_only,
ll:2344978,2344978,Fiabe abruzzesi,Domenico Ciampoli,https://liberliber.it/autori/autori-c/domenico-ciampoli/fiabe-abruzzesi/,nineteenth_century,nineteenth_century_bridge,eligible_fulltext_probe_inactive,https://creativecommons.org/licenses/by-nc-sa/4.0/,odt,https://liberliber.it/opere/download/?op=2344978&type=opera_url_odt,https://www.liberliber.eu/mediateca/libri/c/ciampoli/fiabe_abruzzesi/odt/ciampoli_fiabe_abruzzesi.odt,hit,data/local/liber_liber/fulltext_probe_v1/archives/ll_2344978.odt,data/local/liber_liber/fulltext_probe_v1/texts/ll_2344978.txt,59581d4631fe98fff5c1fd07b33ac4a0be0674492e9d69d68231599c4e01d4d4,3198798dad5432c5d462363bc902043cf17bee8c2b5486903d5ba3ecc026c164,439290,53231,9176,304,0,0.271687,0.789465,0.000019,0,,,,3458b10e452f715ab3cae801995e85c375cfddf7c90c7cbbfa3fe43195da783a,10,,,,,,,,quality_pass,quality_pass_pending_extraction_audit,inactive_probe_only,
ll:2345022,2345022,Pinocchio,Carlo Collodi (alias Carlo Lorenzini),https://liberliber.it/autori/autori-c/carlo-collodi-alias-carlo-lorenzini/pinocchio/,nineteenth_century,nineteenth_century_bridge,eligible_fulltext_probe_inactive,https://creativecommons.org/licenses/by-nc-sa/4.0/,odt,https://liberliber.it/opere/download/?op=2345022&type=opera_url_odt,https://www.liberliber.eu/mediateca/libri/c/collodi/pinocchio/odt/collodi_pinocchio.odt,hit,data/local/liber_liber/fulltext_probe_v1/archives/ll_2345022.odt,data/local/liber_liber/fulltext_probe_v1/texts/ll_2345022.txt,c08602298f6015dba2ccae5e62b5372749d4b1cf00762239c82172a737cbc4b4,116126d1ab6989350fcecd6b3b4c730fa9489bb6b4c68dbf99e0606cc591cfce,629058,45234,7671,304,0,0.278973,0.782575,0.000000,0,,,review_language_variety_marker,f590833e280042005a2b9998e4b03e6146b610d7bae9f25a4088325e5fd38ad6,10,,,bibit:bibit000139|candidate=0.928627|reference=0.175274;gutenberg_previous_pool:pg52484|candidate=0.889353|reference=0.163972,candidate_covered,,accept_standard_italian_context,"The phrase 'dialetto della frusta' is a figurative description of whipping, while the primary novel is standard Italian.",review,exclude_cross_corpus_duplicate_candidate,inactive_probe_only,
ll:2345024,2345024,I ragazzi grandi,Carlo Collodi (alias Carlo Lorenzini),https://liberliber.it/autori/autori-c/carlo-collodi-alias-carlo-lorenzini/i-ragazzi-grandi/,nineteenth_century,nineteenth_century_bridge,eligible_fulltext_probe_inactive,https://creativecommons.org/licenses/by-nc-sa/4.0/,odt,https://liberliber.it/opere/download/?op=2345024&type=opera_url_odt,https://www.liberliber.eu/mediateca/libri/c/collodi/i_ragazzi_grandi/odt/collodi_i_ragazzi_grandi.odt,hit,data/local/liber_liber/fulltext_probe_v1/archives/ll_2345024.odt,data/local/liber_liber/fulltext_probe_v1/texts/ll_2345024.txt,d3d9fbab6927a937e89a08cbfb2831a4c8c95ae230027afceaec3f0b7f3dbe16,c2ff91c4d6198d9aff69cf271211c6fea92d7770eeb0b279a144f2639d0c98bc,470650,135595,22172,1203,0,0.260373,0.766606,0.000000,0,,,,495b7a5eb03aa2a655638ef0f32f893bca8bb199e15664bca167238efe920c4e,18,,,,,,,,quality_pass,quality_pass_pending_extraction_audit,inactive_probe_only,
ll:2345025,2345025,Storie allegre,Carlo Collodi (alias Carlo Lorenzini),https://liberliber.it/autori/autori-c/carlo-collodi-alias-carlo-lorenzini/storie-allegre/,nineteenth_century,nineteenth_century_bridge,eligible_fulltext_probe_inactive,https://creativecommons.org/licenses/by-nc-sa/4.0/,odt,https://liberliber.it/opere/download/?op=2345025&type=opera_url_odt,https://www.liberliber.eu/mediateca/libri/c/collodi/storie_allegre/odt/collodi_storie_allegre.odt,hit,data/local/liber_liber/fulltext_probe_v1/archives/ll_2345025.odt,data/local/liber_liber/fulltext_probe_v1/texts/ll_2345025.txt,30322309fe90ed64c7938dcad6ed8829c57c9eae89cd845db8307949834af395,8e25c14abd4079dd7772aae2dc17eaedbd2bea36983ba6e82d0354b8e793da3c,507994,215421,36675,1798,0,0.280682,0.778462,0.000121,0,,,,cf43c7a222f52259bb25afc23657b75631e07c95a996790c0f4afefee12ae39d,48,,,,,,,,quality_pass,quality_pass_pending_extraction_audit,inactive_probe_only,
ll:2345481,2345481,Gli elogi del porco,Giuseppe Ferrari [1720 - 1773],https://liberliber.it/autori/autori-f/giuseppe-ferrari-1720-1773/gli-elogi-del-porco/,origins_through_1800,historical_non_sonnet_poetry,eligible_fulltext_probe_inactive,https://creativecommons.org/licenses/by-nc-sa/4.0/,odt,https://liberliber.it/opere/download/?op=2345481&type=opera_url_odt,https://www.liberliber.eu/mediateca/libri/f/ferrari_giuseppe_1720/gli_elogi_del_porco/odt/ferrari_giuseppe_gli_elogi.odt,hit,data/local/liber_liber/fulltext_probe_v1/archives/ll_2345481.odt,data/local/liber_liber/fulltext_probe_v1/texts/ll_2345481.txt,f99bb0d111c7dae96d10f4e473a05a69678c814084205d1cf19c0c133a6d81f4,9a3c58451b0be25da382e4cb679ba256af132307569c24f1b26a20468ba1d817,211879,36495,6439,706,0,0.254543,0.787505,0.000329,0,,,,bdc647fc1ad2af643762d010836de57c429cb4df46689035f93136e3a8b78486,7,,,,,,,,quality_pass,quality_pass_pending_extraction_audit,inactive_probe_only,
ll:2345554,2345554,Il mistero del poeta,Antonio Fogazzaro,https://liberliber.it/autori/autori-f/antonio-fogazzaro/il-mistero-del-poeta/,nineteenth_century,nineteenth_century_bridge,eligible_fulltext_probe_inactive,https://creativecommons.org/licenses/by-nc-sa/4.0/,odt,https://liberliber.it/opere/download/?op=2345554&type=opera_url_odt,https://www.liberliber.eu/mediateca/libri/f/fogazzaro/il_mistero_del_poeta/odt/fogazzaro_il_mistero_del_poeta.odt,hit,data/local/liber_liber/fulltext_probe_v1/archives/ll_2345554.odt,data/local/liber_liber/fulltext_probe_v1/texts/ll_2345554.txt,6f058f63ea25a30d12be89254aa75856cf8c8ee378400ed41950ae6efc957e61,ecb1d65ba1895bf12fca71a7d323e0b75967cd029efe86f35ad789d6e90cfddb,586876,361279,62209,1408,0,0.255027,0.793896,0.000302,0,,,,03fce26345d93fbd05655a6a083eab06bfb6e75b221f34c49e5c62f2ab76dff2,65,,,,,,,,quality_pass,quality_pass_pending_extraction_audit,inactive_probe_only,
ll:2346042,2346042,Dal Molino di Cerbaia a Cala Martina,Guelfo Guelfi,https://liberliber.it/autori/autori-g/guelfo-guelfi/dal-molino-di-cerbaia-a-cala-martina/,nineteenth_century,nineteenth_century_bridge,eligible_fulltext_probe_inactive,https://creativecommons.org/licenses/by-nc-sa/4.0/,odt,https://liberliber.it/opere/download/?op=2346042&type=opera_url_odt,https://www.liberliber.eu/mediateca/libri/g/guelfi/dal_molino_di_cerbaia_a_cala_martina/odt/guelfi_dal_molino_di_cerbaia.odt,hit,data/local/liber_liber/fulltext_probe_v1/archives/ll_2346042.odt,data/local/liber_liber/fulltext_probe_v1/texts/ll_2346042.txt,5b5500e05b8c8ceb35259df9c5fb934940b5f54c85259e45d34fc4e22852581a,a2b25b5f6efe1f7bd71e9e90b68bfffc11a3a84d015b8ffa02ce8158ac3a0475,485691,146556,24257,199,0,0.271757,0.807753,0.001296,0,,,,49b1f80cbebd0914475416b5679dd54c1bb555b7508392fea294cda980c35e8e,19,,,gutenberg_pass_1b:pg31000|candidate=0.994349|reference=0.873496;gutenberg_resolved:31000|candidate=0.994349|reference=0.876673,candidate_covered,,,,quality_pass,exclude_cross_corpus_duplicate_candidate,inactive_probe_only,
ll:2346352,2346352,L'arte di prender marito,Paolo Mantegazza,https://liberliber.it/autori/autori-m/paolo-mantegazza/larte-di-prender-marito-per-far-seguito-a-larte-di-prender-moglie/,nineteenth_century,nineteenth_century_bridge,eligible_fulltext_probe_inactive,https://creativecommons.org/licenses/by-nc-sa/4.0/,txt_zip,https://liberliber.it/opere/download/?op=2346352&type=opera_url_txt,https://www.liberliber.eu/mediateca/libri/m/mantegazza/l_arte_di_prender_marito/txt/l_arte_d.zip,hit,data/local/liber_liber/fulltext_probe_v1/archives/ll_2346352.zip,data/local/liber_liber/fulltext_probe_v1/texts/ll_2346352.txt,319976c10af45750fa4f3c6dabfc279d6999615a6fef48cbfa1a32e872764767,c0cd82810197c8166599975fee78d9b45f8633bd8f1973728b1a81e5b1186efe,79049,203931,35340,1312,0,0.276401,0.797118,0.000157,0,,,,5a8a60f3900a2d19076d3102fb30097f64ab213af1408d28d12ab3b733d9092f,36,,,,,,,,quality_pass,quality_pass_pending_extraction_audit,inactive_probe_only,
ll:2346651,2346651,L'indomani,Neera (alias Anna Radius Zuccari),https://liberliber.it/autori/autori-n/neera-alias-anna-radius-zuccari/lindomani/,nineteenth_century,nineteenth_century_bridge,eligible_fulltext_probe_inactive,https://creativecommons.org/licenses/by-nc-sa/4.0/,odt,https://liberliber.it/opere/download/?op=2346651&type=opera_url_odt,https://www.liberliber.eu/mediateca/libri/n/neera/l_indomani/odt/neera_l_indomani.odt,hit,data/local/liber_liber/fulltext_probe_v1/archives/ll_2346651.odt,data/local/liber_liber/fulltext_probe_v1/texts/ll_2346651.txt,b0d0b0fcc250e75878278b48a1eb326b94eb5ff2343ded4c6daf71ba41749d68,11cecc4b30fd3575ecbb8503681b022ae4a46f544ab89b0ad6cb3fefb40bc753,620444,181899,29880,1159,0,0.262316,0.794969,0.000033,0,,,,d6b321496af6627bd7b729768fcb3a0eb34fa3d51bc38926ede3e61ab2ff0fa9,28,,,,,,,,quality_pass,quality_pass_pending_extraction_audit,inactive_probe_only,
ll:2346657,2346657,Teresa,Neera (alias Anna Radius Zuccari),https://liberliber.it/autori/autori-n/neera-alias-anna-radius-zuccari/teresa/,nineteenth_century,nineteenth_century_bridge,eligible_fulltext_probe_inactive,https://creativecommons.org/licenses/by-nc-sa/4.0/,odt,https://liberliber.it/opere/download/?op=2346657&type=opera_url_odt,https://www.liberliber.eu/mediateca/libri/n/neera/teresa/odt/neera_teresa.odt,hit,data/local/liber_liber/fulltext_probe_v1/archives/ll_2346657.odt,data/local/liber_liber/fulltext_probe_v1/texts/ll_2346657.txt,efa7f1d0c3479c0fe35cfd47fcb6f645b1eba67052ce2c6965ae5161eccd577a,f1e2abb0d5b70bf55bcd2789c5830327cec3e2e22fa1c8f1f25b2dc54f424b87,678552,333478,54056,2209,0,0.268666,0.797762,0.000000,0,,,,8fdcc1a11c602987c2ccac4a4d483be542855becc907f0637537fef25e23f298,48,,,,,,,,quality_pass,quality_pass_pending_extraction_audit,inactive_probe_only,
ll:2346835,2346835,Le novelle della nonna,Emma Perodi,https://liberliber.it/autori/autori-p/emma-perodi/le-novelle-della-nonna/,nineteenth_century,nineteenth_century_bridge,eligible_fulltext_probe_inactive,https://creativecommons.org/licenses/by-nc-sa/4.0/,odt,https://liberliber.it/opere/download/?op=2346835&type=opera_url_odt,https://www.liberliber.eu/mediateca/libri/p/perodi/le_novelle_della_nonna/odt/perodi_le_novelle_della_nonna.odt,hit,data/local/liber_liber/fulltext_probe_v1/archives/ll_2346835.odt,data/local/liber_liber/fulltext_probe_v1/texts/ll_2346835.txt,f60dac63d4abe6a720edff0714b45338e5bd4e6d264feb1264b6c6a0e71e5817,c9231e6304c3c5e082e8d7907273cd073c9d35cd70051f291361d8a420188a47,1019878,1202139,206195,6285,0,0.289716,0.794039,0.000013,0,,,,d7153d2064feb45e6175eb21e0e629c9c890ae0d484ab79ef512020cdf1a561d,219,,,,,,,,quality_pass,quality_pass_pending_extraction_audit,inactive_probe_only,
ll:2346840,2346840,Canzoniere,Francesco Petrarca,https://liberliber.it/autori/autori-p/francesco-petrarca/canzoniere-rerum-vulgarium-fragmenta/,origins_through_1800,historical_non_sonnet_poetry,eligible_fulltext_probe_inactive,https://creativecommons.org/licenses/by-nc-sa/4.0/,odt,https://liberliber.it/opere/download/?op=2346840&type=opera_url_odt,https://www.liberliber.eu/mediateca/libri/p/petrarca/canzoniere/odt/petrarca_canzoniere.odt,hit,data/local/liber_liber/fulltext_probe_v1/archives/ll_2346840.odt,data/local/liber_liber/fulltext_probe_v1/texts/ll_2346840.txt,00e78dfb185eb02fc3e145ecd399deaf0ee83905f3ace11f33dc263a07c0bdc2,d66dec7e6df159351c78f044d9fe1563aa66d83d5e4cdfb59afcbefbe9815857,684032,292620,57138,8153,0,0.170289,0.762996,0.003383,0,,,,6cb03688a82180197d8635d020aa9bc571c4e7db596ec21fc126ec462891480e,49,,,bibit:bibit000760|candidate=0.341128|reference=0.921814,embedded_reference_only,petrarca_amor_m_à_posto_come_segno_a_strale|containment=1.000000;petrarca_amor_natura_et_la_bella_alma_humile|containment=0.918367;petrarca_arbor_victorïosa_trumphale|containment=0.968750;petrarca_beato_in_sogno_et_di_languir_contento|containment=1.000000;petrarca_ben_sapeva_io_che_natural_consiglio|containment=1.000000;petrarca_come_va_l_mondo_or_mi_diletta_et_piace|containment=1.000000;petrarca_di_dí_in_dí_vo_cangiando_il_viso_e_l_pelo|containment=1.000000;petrarca_dicesette_anni_à_già_rivolto_il_cielo|containment=1.000000;petrarca_discolorato_ài_morte_il_piú_bel_volto|containment=1.000000;petrarca_dodici_donne_honestamente_lasse|containment=1.000000;petrarca_due_rose_fresche_et_colte_in_paradiso|containment=1.000000;petrarca_e_mi_par_d_or_in_hora_udire_il_messo|containment=1.000000;petrarca_far_potess_io_vendetta_di_colei|containment=1.000000;petrarca_fiamma_dal_ciel_su_le_tue_treccie_piova|containment=0.923077;petrarca_giunto_alexandro_a_la_famosa_tomba|containment=1.000000;petrarca_il_figliuol_di_latona_avea_già_nove|containment=0.910112;petrarca_il_mal_mi_preme_et_mi_spaventa_il_peggio|containment=1.000000;petrarca_il_successor_di_karlo_che_la_chioma|containment=0.945652;petrarca_in_nobil_sangue_vita_humile_et_queta|containment=1.000000;petrarca_in_qual_parte_del_ciel_in_quale_idea|containment=0.916667;petrarca_in_tale_stella_duo_belli_occhi_vidi|containment=1.000000;petrarca_io_amai_sempre_et_amo_forte_anchora|containment=1.000000;petrarca_io_son_sí_stanco_sotto_l_fascio_antico|containment=1.000000;petrarca_l_arbor_gentil_che_forte_amai_molt_anni|containment=1.000000;petrarca_l_ardente_nodo_ov_io_fui_d_ora_in_hora|containment=1.000000;petrarca_l_aura_che_l_verde_lauro_et_l_aureo_crine|containment=1.000000;petrarca_l_aura_gentil_che_rasserena_i_poggi|containment=1.000000;petrarca_l_aura_serena_che_fra_verdi_fronde|containment=1.000000;petrarca_la_vita_fugge_et_non_s_arresta_una_hora|containment=0.921569;petrarca_lasso_che_mal_accorto_fui_da_prima|containment=0.959596;petrarca_lieti_fiori_et_felici_et_ben_nate_herbe|containment=1.000000;petrarca_mai_non_vedranno_le_mie_luci_asciutte|containment=0.914894;petrarca_mente_mia_che_presaga_de_tuoi_damni|containment=1.000000;petrarca_mille_piagge_in_un_giorno_et_mille_rivi|containment=1.000000;petrarca_non_fur_ma_giove_et_cesare_sí_mossi|containment=0.924731;petrarca_occhi_miei_lassi_mentre_ch_io_vi_giro|containment=1.000000;petrarca_padre_del_ciel_dopo_i_perduti_giorni|containment=1.000000;petrarca_persequendomi_amor_al_luogo_usato|containment=1.000000;petrarca_pien_d_un_vago_penser_che_me_desvia|containment=1.000000;petrarca_piovonmi_amare_lagrime_dal_viso|containment=1.000000;petrarca_poco_era_ad_appressarsi_agli_occhi_miei|containment=0.930693;petrarca_poi_che_l_camin_m_è_chiuso_di_mercede|containment=1.000000;petrarca_poi_che_voi_et_io_piú_volte_abbiam_provato|containment=1.000000;petrarca_quando_amor_i_belli_occhi_a_terra_inchina|containment=1.000000;petrarca_quando_l_sol_bagna_in_mar_l_aurato_carro|containment=1.000000;petrarca_quante_fïate_al_mio_dolce_ricetto|containment=0.921569;petrarca_que_che_n_tesaglia_ebbe_le_man_sí_pronte|containment=1.000000;petrarca_rimansi_a_dietro_il_sestodecimo_anno|containment=1.000000;petrarca_s_al_principio_risponde_il_fine_e_l_mezzo|containment=1.000000;petrarca_s_amor_non_è_che_dunque_è_quel_ch_io_sento|containment=1.000000;petrarca_s_io_credesse_per_morte_essere_scarco|containment=1.000000;petrarca_s_una_fede_amorosa_un_cor_non_finto|containment=1.000000;petrarca_se_voi_poteste_per_turbati_segni|containment=1.000000;petrarca_sennuccio_i_vo_che_sapi_in_qual_manera|containment=1.000000;petrarca_soleano_i_miei_penser_soavemente|containment=1.000000;petrarca_soleasi_nel_mio_cor_star_bella_et_viva|containment=0.920000;petrarca_spinse_amor_et_dolor_ove_ir_non_debbe|containment=1.000000;petrarca_tenemmi_amor_anni_ventuno_ardendo|containment=1.000000;petrarca_vinse_hanibàl_et_non_seppe_usar_poi|containment=1.000000;petrarca_vive_faville_uscian_de_duo_bei_lumi|containment=1.000000,,,quality_pass,quarantine_protected_v6_segment_before_activation,inactive_probe_only,
ll:2346867,2346867,L'assassinio nel vicolo della luna,Jarro (alias Giulio Piccini),https://liberliber.it/autori/autori-j/jarro-alias-giulio-piccini/lassassinio-nel-vicolo-della-luna/,nineteenth_century,nineteenth_century_bridge,eligible_fulltext_probe_inactive,https://creativecommons.org/licenses/by-nc-sa/4.0/,odt,https://liberliber.it/opere/download/?op=2346867&type=opera_url_odt,https://www.liberliber.eu/mediateca/libri/j/jarro/l_assassinio_nel_vicolo/odt/jarro_l_assassinio_nel_vicolo.odt,hit,data/local/liber_liber/fulltext_probe_v1/archives/ll_2346867.odt,data/local/liber_liber/fulltext_probe_v1/texts/ll_2346867.txt,2a8e77ee67db532fb8e23441e6ee64bb67c36b4f0526d41fa34fd407ee2926e0,2d148e7ce3d17f62718b8121908622170ba47dc66ea9d2bc386ccbb0cb47df03,232615,353938,58074,2389,0,0.274254,0.794504,0.000557,0,,,,6f472177f35204923ea26550a413a85298594a01c23e596e3e327b8866f632ec,66,,,,,,,,quality_pass,quality_pass_pending_extraction_audit,inactive_probe_only,
ll:2346990,2346990,Il Milione,Marco Polo,https://liberliber.it/autori/autori-p/marco-polo/il-milione/,origins_through_1800,historical_general,eligible_fulltext_probe_inactive,https://creativecommons.org/licenses/by-nc-sa/4.0/,odt,https://liberliber.it/opere/download/?op=2346990&type=opera_url_odt,https://www.liberliber.eu/mediateca/libri/p/polo/il_milione/odt/polo_il_milione.odt,hit,data/local/liber_liber/fulltext_probe_v1/archives/ll_2346990.odt,data/local/liber_liber/fulltext_probe_v1/texts/ll_2346990.txt,4809e762d61d679bb0ae3a385dac2f46f6a96c3eeeb83e73b0527354dc05cbd7,81ba4efbb1df5f3295fe0e3c7cd700739567b3d0f072ca33157a94d3ea0a410b,1423659,318349,60415,1133,0,0.261359,0.771515,0.006864,0,,,,1f3dce0dd04015ee42e257e350b545820c0a7f38c7d8eef8731cfc308e36b5d9,62,,,,,,,,quality_pass,quality_pass_pending_extraction_audit,inactive_probe_only,
ll:2347103,2347103,La scuola di Linda,Regina di Luanto (alias Anna Guendalina Lipparini sposata Roti),https://liberliber.it/autori/autori-r/regina-di-luanto-alias-anna-guendalina-lipparini-sposata-roti/la-scuola-di-linda/,nineteenth_century,nineteenth_century_bridge,eligible_fulltext_probe_inactive,https://creativecommons.org/licenses/by-nc-sa/4.0/,odt,https://liberliber.it/opere/download/?op=2347103&type=opera_url_odt,https://www.liberliber.eu/mediateca/libri/r/regina_di_luanto/la_scuola_di_linda/odt/regina_di_luanto_la_scuola_etc.odt,hit,data/local/liber_liber/fulltext_probe_v1/archives/ll_2347103.odt,data/local/liber_liber/fulltext_probe_v1/texts/ll_2347103.txt,36cab9cc5316f56409153e6067638abeb91a6ecff41dd2f3fac7c7f0d67cbf26,fe88562429bfec515e7256fa2167b1bd072ec2a8cba1787ef8a826dc2c467033,634348,501516,81919,2927,0,0.273709,0.792920,0.000054,0,,,,af317c7305a4786624fcccea3082c4920eebb1c9ef217e4d90b4276dd0796f0b,81,,,,,,,,quality_pass,quality_pass_pending_extraction_audit,inactive_probe_only,
ll:2347298,2347298,Le novelle marinaresche di mastro Catrame,Emilio Salgari,https://liberliber.it/autori/autori-s/emilio-salgari/le-novelle-marinaresche-di-mastro-catrame/,nineteenth_century,nineteenth_century_bridge,eligible_fulltext_probe_inactive,https://creativecommons.org/licenses/by-nc-sa/4.0/,txt_zip,https://liberliber.it/opere/download/?op=2347298&type=opera_url_txt,https://www.liberliber.eu/mediateca/libri/s/salgari/le_novelle_marinaresche_di_mastro_catrame/txt/le_novel.zip,hit,data/local/liber_liber/fulltext_probe_v1/archives/ll_2347298.zip,data/local/liber_liber/fulltext_probe_v1/texts/ll_2347298.txt,1a018e221c3891ef2d61eae25ccc976849bdd7d9d076acf3281b09dc5ba7216c,788e4aab1a6cb251ec926f3e1f3a3393e9135802ebeee46765ad8ef763c699b6,84848,230337,37060,1132,0,0.258662,0.771782,0.000551,0,,,,181d5aa9a6a813cfb1e71d75af3e3e74eaa5869c7925864329e2426dce683a81,31,,,,,,,,quality_pass,quality_pass_pending_extraction_audit,inactive_probe_only,
ll:2347301,2347301,I pirati della Malesia,Emilio Salgari,https://liberliber.it/autori/autori-s/emilio-salgari/i-pirati-della-malesia/,nineteenth_century,nineteenth_century_bridge,eligible_fulltext_probe_inactive,https://creativecommons.org/licenses/by-nc-sa/4.0/,odt,https://liberliber.it/opere/download/?op=2347301&type=opera_url_odt,https://www.liberliber.eu/mediateca/libri/s/salgari/i_pirati_della_malesia/odt/salgari_i_pirati_della_malesia.odt,hit,data/local/liber_liber/fulltext_probe_v1/archives/ll_2347301.odt,data/local/liber_liber/fulltext_probe_v1/texts/ll_2347301.txt,7755becc27a08db66d49f9d68244a746b72d9f83405cd932b52ce083b5314ea8,b415a727722a5823d3204da5cdece20e38e3abb3a15a25e965866dcbf8a38932,834996,366836,59150,3866,0,0.258563,0.782922,0.000237,0,,,,f37cdbbe8406584aac97aa6d49ad1c90741a7027b5b26c7bcafcdfa77359be8d,55,,,,,,,,quality_pass,quality_pass_pending_extraction_audit,inactive_probe_only,
ll:2347662,2347662,Gerusalemme conquistata,Torquato Tasso,https://liberliber.it/autori/autori-t/torquato-tasso/gerusalemme-conquistata/,origins_through_1800,historical_non_sonnet_poetry,eligible_fulltext_probe_inactive,https://creativecommons.org/licenses/by-nc-sa/4.0/,odt,https://liberliber.it/opere/download/?op=2347662&type=opera_url_odt,https://www.liberliber.eu/mediateca/libri/t/tasso/gerusalemme_conquistata/odt/tasso_gerusalemme_conquistata.odt,hit,data/local/liber_liber/fulltext_probe_v1/archives/ll_2347662.odt,data/local/liber_liber/fulltext_probe_v1/texts/ll_2347662.txt,9cb1129b590f938f94facc4a6c7390e8edb9311221e11be25949ec2adc5bfd50,ffe04e8e07487ab151c99b2fbd65c1b0ff6d0b16230ef0f71fe3dfdbe0a2e5cb,852083,863216,164281,24679,0,0.238074,0.763980,0.006606,0,,,,551d5285f9e7245700dff325f0f7a99b0acabeafd74e9e5e23119269770f76e9,166,,,bibit:bibit000260|candidate=0.996706|reference=0.997064,candidate_covered,,,,quality_pass,exclude_cross_corpus_duplicate_candidate,inactive_probe_only,
ll:2347663,2347663,Gerusalemme liberata,Torquato Tasso,https://liberliber.it/autori/autori-t/torquato-tasso/gerusalemme-liberata/,origins_through_1800,historical_non_sonnet_poetry,eligible_fulltext_probe_inactive,https://creativecommons.org/licenses/by-nc-sa/4.0/,odt,https://liberliber.it/opere/download/?op=2347663&type=opera_url_odt,https://www.liberliber.eu/mediateca/libri/t/tasso/gerusalemme_liberata/odt/tasso_gerusalemme_liberata.odt,hit,data/local/liber_liber/fulltext_probe_v1/archives/ll_2347663.odt,data/local/liber_liber/fulltext_probe_v1/texts/ll_2347663.txt,a39b8c5c2392730ceccdd7077f9e43dc83cad90fd8f25fd6e4bb9b833c64e1d6,0ed8870743f881d4e6a1395981b630b694a1f5a272baa19c0e134735a8986d56,728097,604995,114290,15359,0,0.242445,0.754991,0.006250,0,,,,cf1fb85cbd743b446d408892a7e96bcb29ef8a2dc946c0a43ebdbed8763bb09a,109,,,bibit:bibit001501|candidate=0.969294|reference=0.969472,candidate_covered,,,,quality_pass,exclude_cross_corpus_duplicate_candidate,inactive_probe_only,
ll:2347857,2347857,Eros,Giovanni Verga,https://liberliber.it/autori/autori-v/giovanni-verga/eros/,nineteenth_century,nineteenth_century_bridge,eligible_fulltext_probe_inactive,https://creativecommons.org/licenses/by-nc-sa/4.0/,odt,https://liberliber.it/opere/download/?op=2347857&type=opera_url_odt,https://www.liberliber.eu/mediateca/libri/v/verga/eros/odt/verga_eros.odt,hit,data/local/liber_liber/fulltext_probe_v1/archives/ll_2347857.odt,data/local/liber_liber/fulltext_probe_v1/texts/ll_2347857.txt,171b26187706194c85d9478d55146d134339016fde18f07bf3b8d22b3d698497,ee510a0249c94d3d1fd72c03942a31fe94881daeeb8189c2b7172d366e337cdd,468296,322896,53334,2293,0,0.261184,0.791880,0.000074,0,,,,9d92b0cfbeaeef1e8d1298c579e4f9ff8f7fb2ef270109e3c8b9bb2307be5fd0,38,,,bibit:bibit000804|candidate=0.996324|reference=0.996156,candidate_covered,,,,quality_pass,exclude_cross_corpus_duplicate_candidate,inactive_probe_only,
ll:2347859,2347859,La Lupa,Giovanni Verga,https://liberliber.it/autori/autori-v/giovanni-verga/la-lupa/,nineteenth_century,nineteenth_century_bridge,eligible_fulltext_probe_inactive,https://creativecommons.org/licenses/by-nc-sa/4.0/,txt_zip,https://liberliber.it/opere/download/?op=2347859&type=opera_url_txt,https://www.liberliber.eu/mediateca/libri/v/verga/la_lupa/txt/la_lup_t.zip,hit,data/local/liber_liber/fulltext_probe_v1/archives/ll_2347859.zip,data/local/liber_liber/fulltext_probe_v1/texts/ll_2347859.txt,97dd25d92a5ac48f7d41e24df2ef35a0e5553d2362e62822738b8c60fbeb7b83,30de064ab1b307e5aadd3cdbacd9d4236792a3a69a46a93e6e41b470b8bb637c,25117,62246,10732,846,0,0.215337,0.768788,0.000000,0,,,,f0ad7add1043c13ba1c5fc811296fb5f6d04e3d39ba205b6859aa92a5a5aa36d,11,,,,,,,,quality_pass,quality_pass_pending_extraction_audit,inactive_probe_only,
ll:2347860,2347860,I Malavoglia,Giovanni Verga,https://liberliber.it/autori/autori-v/giovanni-verga/i-malavoglia/,nineteenth_century,nineteenth_century_bridge,eligible_fulltext_probe_inactive,https://creativecommons.org/licenses/by-nc-sa/4.0/,odt,https://liberliber.it/opere/download/?op=2347860&type=opera_url_odt,https://www.liberliber.eu/mediateca/libri/v/verga/i_malavoglia/odt/verga_i_malavoglia.odt,hit,data/local/liber_liber/fulltext_probe_v1/archives/ll_2347860.odt,data/local/liber_liber/fulltext_probe_v1/texts/ll_2347860.txt,b88a0b6c05dfef1ca3f52b5902413eff60245542daf602938ca1767e29031112,1aeeaf26d5d133319e67b866200450bddd7e510138af251a32bd9b613ba6a040,827488,500984,88246,1565,0,0.275072,0.788985,0.000044,0,,,,02592b39cdbc18e3332165bd538f2a8cce16cda6e7d739bff2b5da11fd954a6a,93,,,bibit:bibit001233|candidate=0.964004|reference=0.964419,candidate_covered,,,,quality_pass,exclude_cross_corpus_duplicate_candidate,inactive_probe_only,
ll:2347861,2347861,Il marito di Elena,Giovanni Verga,https://liberliber.it/autori/autori-v/giovanni-verga/il-marito-di-elena/,nineteenth_century,nineteenth_century_bridge,eligible_fulltext_probe_inactive,https://creativecommons.org/licenses/by-nc-sa/4.0/,odt,https://liberliber.it/opere/download/?op=2347861&type=opera_url_odt,https://www.liberliber.eu/mediateca/libri/v/verga/il_marito_di_elena/odt/verga_il_marito_di_elena.odt,hit,data/local/liber_liber/fulltext_probe_v1/archives/ll_2347861.odt,data/local/liber_liber/fulltext_probe_v1/texts/ll_2347861.txt,f53ce0cbc3e0b560f6f412debb101bbb0f2987f431218f76298867536e5fff49,df004a9619d7428628338a213585cd49fe36278de8fa71bb11ec331a269cb14f,516133,283222,46857,876,0,0.264464,0.800061,0.000106,0,,,,38386eb472a62ba5991ce11379779e4ca1f5441e525a685b4b50684044300727,47,,,,,,,,quality_pass,quality_pass_pending_extraction_audit,inactive_probe_only,
ll:2347864,2347864,Una peccatrice,Giovanni Verga,https://liberliber.it/autori/autori-v/giovanni-verga/una-peccatrice/,nineteenth_century,nineteenth_century_bridge,eligible_fulltext_probe_inactive,https://creativecommons.org/licenses/by-nc-sa/4.0/,odt,https://liberliber.it/opere/download/?op=2347864&type=opera_url_odt,https://www.liberliber.eu/mediateca/libri/v/verga/una_peccatrice/odt/verga_una_peccatrice.odt,hit,data/local/liber_liber/fulltext_probe_v1/archives/ll_2347864.odt,data/local/liber_liber/fulltext_probe_v1/texts/ll_2347864.txt,b73068a3cfca1f0730c3ca4dfa7f216bf866c12bb28013481b2c596b6e58ec8e,98712112ba4bae90642f3d4da758ff0ce261a4fadf415ef6b63b906fd2309714,446422,231764,38325,1152,0,0.250828,0.790338,0.000242,0,,,,a0f350596ac1893226e2c525701638879af6af72af35d082e4c347350f1608ee,54,,,,,,,,quality_pass,quality_pass_pending_extraction_audit,inactive_probe_only,
ll:2347868,2347868,Tigre reale,Giovanni Verga,https://liberliber.it/autori/autori-v/giovanni-verga/tigre-reale/,nineteenth_century,nineteenth_century_bridge,eligible_fulltext_probe_inactive,https://creativecommons.org/licenses/by-nc-sa/4.0/,odt,https://liberliber.it/opere/download/?op=2347868&type=opera_url_odt,https://www.liberliber.eu/mediateca/libri/v/verga/tigre_reale/odt/verga_tigre_reale.odt,hit,data/local/liber_liber/fulltext_probe_v1/archives/ll_2347868.odt,data/local/liber_liber/fulltext_probe_v1/texts/ll_2347868.txt,d7dec3c812913db2438a46ea5cd55b9ab7aa879b292d2bb136654377cba4b2e5,da580b23573d36a6d472962c21dd4ae35ed6b3b4aaae06514b24e9b7cdd9a885,442438,187292,31515,700,0,0.265873,0.795346,0.000059,0,,,,aa577d20b5891a190756d5474baf127c1935151d634e863175e4bf414020a803,27,,,,,,,,quality_pass,quality_pass_pending_extraction_audit,inactive_probe_only,
ll:2361848,2361848,Tempeste,Ada Negri,https://liberliber.it/autori/autori-n/ada-negri/tempeste/,nineteenth_century,historical_non_sonnet_poetry,eligible_fulltext_probe_inactive,https://creativecommons.org/licenses/by-nc-sa/4.0/,odt,https://liberliber.it/opere/download/?op=2361848&type=opera_url_odt,https://www.liberliber.eu/mediateca/libri/n/negri_ada/tempeste/odt/negri_ada_tempeste.odt,hit,data/local/liber_liber/fulltext_probe_v1/archives/ll_2361848.odt,data/local/liber_liber/fulltext_probe_v1/texts/ll_2361848.txt,ce3b9a17eb5d16b0f685a694862d00d2d8267da08c1bd5768ba1163354b4b34f,49f83ac7e46270b429735920825639fdae0aca3a7989aa954a567c88807bc93b,383184,80913,14775,2542,0,0.251709,0.771520,0.000136,0,,,,d6fd6ba2201a62ff3684a4b4ed8d1a2ae8a58da683764cd19bc9fe00e1b25b30,11,,,,,,,,quality_pass,quality_pass_pending_extraction_audit,inactive_probe_only,
ll:2367160,2367160,Scritti editi e postumi,Carlo Bini,https://liberliber.it/autori/autori-b/carlo-bini/scritti-editi-e-postumi/,nineteenth_century,nineteenth_century_bridge,eligible_fulltext_probe_inactive,https://creativecommons.org/licenses/by-nc-sa/4.0/,odt,https://liberliber.it/opere/download/?op=2367160&type=opera_url_odt,https://www.liberliber.eu/mediateca/libri/b/bini/scritti_editi_e_postumi/odt/bini_scritti_editi_e_postumi.odt,hit,data/local/liber_liber/fulltext_probe_v1/archives/ll_2367160.odt,data/local/liber_liber/fulltext_probe_v1/texts/ll_2367160.txt,1b0b3e63e429b72254acc4330fa9d8b7caee20b3bf895f78ebb683c4c772e076,a4b843f40b769f8e2b8ed39c488b0353958498ee55f92bdc21c3edb40fcc4358,589875,530590,90954,1547,0,0.270521,0.782734,0.003240,0,,,,4b3f8176b2c45867d1d834f30c2c558e733a4b34600464a86629c951a436fb2f,98,,,gutenberg_previous_pool:pg49599|candidate=0.997986|reference=0.932200;gutenberg_resolved:49599|candidate=0.997986|reference=0.932354,candidate_covered,,,,quality_pass,exclude_cross_corpus_duplicate_candidate,inactive_probe_only,
ll:2374924,2374924,Nuovi canti,Mariannina Coffa Caruso,https://liberliber.it/autori/autori-c/mariannina-coffa-caruso/nuovi-canti/,nineteenth_century,historical_non_sonnet_poetry,eligible_fulltext_probe_inactive,https://creativecommons.org/licenses/by-nc-sa/4.0/,odt,https://liberliber.it/opere/download/?op=2374924&type=opera_url_odt,https://www.liberliber.eu/mediateca/libri/c/coffa_caruso/nuovi_canti/odt/coffa_caruso_nuovi_canti.odt,hit,data/local/liber_liber/fulltext_probe_v1/archives/ll_2374924.odt,data/local/liber_liber/fulltext_probe_v1/texts/ll_2374924.txt,f00bc6a4fba9993575dbed8812be89225e0d7b7fa143f275897cb3e01c25ea91,9a29cd2c7aca06dd4dded748d1756e9dbc4fd972f0bb2cfc753b884a44a0fffd,383505,87342,16140,2464,0,0.246716,0.766756,0.002221,1,errata:1,,,99ba7ae32f38580fc3b4698e81e273b95d1e733e0ef2730592b1bc42d51eb0ae,17,,,,,,,,quality_pass,quality_pass_pending_extraction_audit,inactive_probe_only,
ll:2375058,2375058,La pratica del distillatore e confettiere italiano,Giuseppe Antonio Landriani,https://liberliber.it/autori/autori-l/giuseppe-antonio-landriani/la-pratica-del-distillatore-e-confettiere-italiano/,nineteenth_century,nineteenth_century_bridge,eligible_fulltext_probe_inactive,https://creativecommons.org/licenses/by-nc-sa/4.0/,odt,https://liberliber.it/opere/download/?op=2375058&type=opera_url_odt,https://www.liberliber.eu/mediateca/libri/l/landriani/la_pratica_del_distillatore/odt/landriani_la_pratica_del_distillatore.odt,hit,data/local/liber_liber/fulltext_probe_v1/archives/ll_2375058.odt,data/local/liber_liber/fulltext_probe_v1/texts/ll_2375058.txt,9e90678042cb871c00553637c4b456f5e095810390257278f7a317fb4f3da1f5,ddf2fa4ec7bcf643ca3d182e18324fa606d4f0d783bbcb4ae74b79cd142c29da,370759,79709,13348,400,0,0.287534,0.804414,0.001267,0,,,,8224794d60d4ab7e9de79d8a5f652e3a92941d15e7f6af5beda2ce151bb30364,16,,,,,,,,quality_pass,quality_pass_pending_extraction_audit,inactive_probe_only,
ll:2378187,2378187,Cinematografo cerebrale,Edmondo De Amicis,https://liberliber.it/autori/autori-d/edmondo-de-amicis/cinematografo-cerebrale/,nineteenth_century,nineteenth_century_bridge,eligible_fulltext_probe_inactive,https://creativecommons.org/licenses/by-nc-sa/4.0/,odt,https://liberliber.it/opere/download/?op=2378187&type=opera_url_odt,https://www.liberliber.eu/mediateca/libri/d/de_amicis/cinematografo_cerebrale/odt/de_amicis_cinematografo_cerebrale.odt,hit,data/local/liber_liber/fulltext_probe_v1/archives/ll_2378187.odt,data/local/liber_liber/fulltext_probe_v1/texts/ll_2378187.txt,0406a25942e9302d0b080c4241b0ccb337fe714e603b7e940e6a59a8ed4245d8,b8561088081367856743b4bfb28cbb149e16da1c2f5da9dc14177ddf87784e86,452232,83614,14427,136,0,0.291745,0.794269,0.000084,0,,,,4a660d7bfc97f3b827616c406345192059e60e7337fe6312f207b467ba011d79,13,,,,,,,,quality_pass,quality_pass_pending_extraction_audit,inactive_probe_only,
ll:2394517,2394517,Elegie romane,Gabriele D'Annunzio,https://liberliber.it/autori/autori-d/gabriele-dannunzio/elegie-romane/,nineteenth_century,historical_non_sonnet_poetry,eligible_fulltext_probe_inactive,https://creativecommons.org/licenses/by-nc-sa/4.0/,odt,https://liberliber.it/opere/download/?op=2394517&type=opera_url_odt,https://www.liberliber.eu/mediateca/libri/d/d_annunzio/elegie_romane/odt/d_annunzio_elegie_romane.odt,hit,data/local/liber_liber/fulltext_probe_v1/archives/ll_2394517.odt,data/local/liber_liber/fulltext_probe_v1/texts/ll_2394517.txt,7429a9825fd116c7be163d4d18e3db9d52b133cae04f7acf7400de9ed1a8b990,9933a9bea0c187580cde1e29c3f17f130896a3a264178f9039ecf53e420f6d68,571601,41232,7297,1056,0,0.198301,0.765983,0.008877,0,,,,b5b27817d7e69888a40fbd66f13eb330f5b9331928e88cdae38734aa6e6f372f,4,,,,,,,,quality_pass,quality_pass_pending_extraction_audit,inactive_probe_only,
ll:2397412,2397412,Cecco d'Ascoli,Pietro Fanfani,https://liberliber.it/autori/autori-f/pietro-fanfani/cecco-dascoli/,nineteenth_century,nineteenth_century_bridge,eligible_fulltext_probe_inactive,https://creativecommons.org/licenses/by-nc-sa/4.0/,odt,https://liberliber.it/opere/download/?op=2397412&type=opera_url_odt,https://www.liberliber.eu/mediateca/libri/f/fanfani/cecco_d_ascoli/odt/fanfani_cecco_d_ascoli.odt,hit,data/local/liber_liber/fulltext_probe_v1/archives/ll_2397412.odt,data/local/liber_liber/fulltext_probe_v1/texts/ll_2397412.txt,d086da42aaaf44d8f9ec90c568fc89b0437ab5f35b8b0767dfb4af4b9c998c4f,90d2611ea45f6aad20b0e6a19b7ad21351046d8f5583c0d2094df48b154df6ff,810094,633357,108357,2228,0,0.276503,0.793770,0.001803,0,,,,42e0f5a9c892d5f27f7bedf2768d0569275aa82382c799e7025ee83daeeaf8a6,87,,,gutenberg_previous_pool:pg58505|candidate=0.997932|reference=0.985745;gutenberg_resolved:58505|candidate=0.997932|reference=0.985889,candidate_covered,,,,quality_pass,exclude_cross_corpus_duplicate_candidate,inactive_probe_only,
ll:2399528,2399528,Linguaggio e proverbi marinareschi,Emanuele Celesia,https://liberliber.it/autori/autori-c/emanuele-celesia/linguaggio-e-proverbi-marinareschi/,nineteenth_century,nineteenth_century_bridge,eligible_fulltext_probe_inactive,https://creativecommons.org/licenses/by-nc-sa/4.0/,odt,https://liberliber.it/opere/download/?op=2399528&type=opera_url_odt,https://www.liberliber.eu/mediateca/libri/c/celesia/linguaggio_e_proverbi_marinareschi/odt/celesia_linguaggio_e_proverbi_etc.odt,hit,data/local/liber_liber/fulltext_probe_v1/archives/ll_2399528.odt,data/local/liber_liber/fulltext_probe_v1/texts/ll_2399528.txt,26599e27622b0653987f9ef0c828cb217daee3d9e134e0f3e499870a20b45d70,be8b09c7888f966463b7650db1eca0139e832a0a554d73bd2096f54fdfc8ea33,628866,134035,22476,1855,0,0.251869,0.768874,0.003715,0,,,,577c5b46f52819ab050130d15348898d846cd33ffb3a0630586c1024536d59f9,21,,,gutenberg_previous_pool:pg48070|candidate=0.999688|reference=0.948442;gutenberg_resolved:48070|candidate=0.999688|reference=0.948442,candidate_covered,,,,quality_pass,exclude_cross_corpus_duplicate_candidate,inactive_probe_only,
ll:2399681,2399681,Racconti e bozzetti,Enrico Castelnuovo,https://liberliber.it/autori/autori-c/enrico-castelnuovo/racconti-e-bozzetti/,nineteenth_century,nineteenth_century_bridge,eligible_fulltext_probe_inactive,https://creativecommons.org/licenses/by-nc-sa/4.0/,odt,https://liberliber.it/opere/download/?op=2399681&type=opera_url_odt,https://www.liberliber.eu/mediateca/libri/c/castelnuovo/racconti_e_bozzetti/odt/castelnuovo_racconti_e_bozzetti.odt,hit,data/local/liber_liber/fulltext_probe_v1/archives/ll_2399681.odt,data/local/liber_liber/fulltext_probe_v1/texts/ll_2399681.txt,1a6ea9f6524691f1afdad388b36755836436feffb027a7ec1a5bc9cc0386ac4f,04db9d53c6b728c22ee2d1e6cdf8095aec6dfc56999abcbe8d061849ff6e7f2a,858160,721663,121199,1603,0,0.267123,0.794770,0.002178,0,,possible_ocr_line_hyphenation,,e8ce2240a0b43207adf887987849e846e589d9663bd615d1b38ad7c89d1173f4,118,,,,,,accept_dialogue_terminal_hyphens,Inspection shows that line-final hyphens close dialogue turns and are followed by new prose paragraphs; they are punctuation rather than OCR-split words.,review,quality_pass_after_bounded_review,inactive_probe_only,
ll:2403163,2403163,Vita mondana,Ines Benaglio Castellani-Fantoni (alias Memini),https://liberliber.it/autori/autori-b/ines-benaglio-castellani-fantoni/vita-mondana/,nineteenth_century,nineteenth_century_bridge,eligible_fulltext_probe_inactive,https://creativecommons.org/licenses/by-nc-sa/4.0/,odt,https://liberliber.it/opere/download/?op=2403163&type=opera_url_odt,https://www.liberliber.eu/mediateca/libri/b/benaglio/vita_mondana/odt/benaglio_vita_mondana.odt,hit,data/local/liber_liber/fulltext_probe_v1/archives/ll_2403163.odt,data/local/liber_liber/fulltext_probe_v1/texts/ll_2403163.txt,26c45a693291f12b0f195ae5db25d2076fc9f980482d2d3ffaf4a59371acec7f,762c5457ba22c4e684f85d12ba0e6103c8f07bd26d3f632a39994311d5d508de,701845,336642,54730,1658,0,0.249461,0.789646,0.002852,0,,,,aa5c19ea3f805efe5c6e7e55d05fdff8ce78d46429866ad41cb491344f797f60,51,,,gutenberg_previous_pool:pg61563|candidate=0.999854|reference=0.999543;gutenberg_resolved:61563|candidate=0.999854|reference=0.999836,candidate_covered,,,,quality_pass,exclude_cross_corpus_duplicate_candidate,inactive_probe_only,
ll:2405014,2405014,Frutti proibiti,Salvatore Farina,https://liberliber.it/autori/autori-f/salvatore-farina/frutti-proibiti/,nineteenth_century,nineteenth_century_bridge,eligible_fulltext_probe_inactive,https://creativecommons.org/licenses/by-nc-sa/4.0/,odt,https://liberliber.it/opere/download/?op=2405014&type=opera_url_odt,https://www.liberliber.eu/mediateca/libri/f/farina/frutti_proibiti/odt/farina_frutti_proibiti.odt,hit,data/local/liber_liber/fulltext_probe_v1/archives/ll_2405014.odt,data/local/liber_liber/fulltext_probe_v1/texts/ll_2405014.txt,5f4f83873bef97b267dda2678540fdde4db8bc26872bb634071f1b21262294d0,a4f8dba32a0f9d554049b7e4a2bed560b04fefe2f23a082a422a41cfe21fe28f,698960,280058,47286,1872,0,0.264370,0.787805,0.002160,0,,,,f3b2f7c9418eadbfa2f4075d2876ae9dd2d1ecc917ab6ed251b549d5abc46fb9,52,,,gutenberg_pass_1b:pg61975|candidate=0.999683|reference=0.991065;gutenberg_resolved:61975|candidate=0.999683|reference=0.991398,candidate_covered,,,,quality_pass,exclude_cross_corpus_duplicate_candidate,inactive_probe_only,
ll:2405027,2405027,Tizio Caio Sempronio,Anton Giulio Barrili,https://liberliber.it/autori/autori-b/anton-giulio-barrili/tizio-caio-sempronio/,nineteenth_century,nineteenth_century_bridge,eligible_fulltext_probe_inactive,https://creativecommons.org/licenses/by-nc-sa/4.0/,odt,https://liberliber.it/opere/download/?op=2405027&type=opera_url_odt,https://www.liberliber.eu/mediateca/libri/b/barrili/tizio_caio_sempronio/odt/barrili_tizio_caio_sempronio.odt,hit,data/local/liber_liber/fulltext_probe_v1/archives/ll_2405027.odt,data/local/liber_liber/fulltext_probe_v1/texts/ll_2405027.txt,bc633940318e8386a9453e4edab8571b51565994c51eb30a434118ae4076d395,edbafff9a801e7ef1486b3b142d86c35e35146eb8d8207f92b2275b2befdd91b,740739,444651,75167,1800,0,0.260221,0.790699,0.000137,0,,possible_ocr_line_hyphenation,,4d6a61ef4f758f753363a6782205c7aa783a6bfe75d044dd2bb5b222bba02409,72,,,,,,accept_dialogue_terminal_hyphens,Inspection shows that line-final hyphens close dialogue turns and are followed by new prose paragraphs; they are punctuation rather than OCR-split words.,review,quality_pass_after_bounded_review,inactive_probe_only,
ll:2405066,2405066,Peregrinazioni d'uno zingaro per laghi ed Alpi,Valentino Carrera,https://liberliber.it/autori/autori-c/valentino-carrera/peregrinazioni-duno-zingaro-per-laghi-ed-alpi/,nineteenth_century,nineteenth_century_bridge,eligible_fulltext_probe_inactive,https://creativecommons.org/licenses/by-nc-sa/4.0/,odt,https://liberliber.it/opere/download/?op=2405066&type=opera_url_odt,https://www.liberliber.eu/mediateca/libri/c/carrera/peregrinazioni_d_uno_zingaro/odt/carrera_peregrinazioni_d_un_etc.odt,hit,data/local/liber_liber/fulltext_probe_v1/archives/ll_2405066.odt,data/local/liber_liber/fulltext_probe_v1/texts/ll_2405066.txt,e54f8803fefce925236b1553fee27d5c79f682243435084835c703034fc4ba8d,94ab8c63bf305b685d463a4ac0380730713cd139eea13f1dd131f2410404072c,725953,390149,64642,1445,0,0.247177,0.801642,0.000549,0,,,,3f4338287c8e763e43985faf82b62fdb9b659b34a5a6188a1694c45366af5290,61,,,gutenberg_previous_pool:pg62789|candidate=0.999892|reference=0.994675;gutenberg_resolved:62789|candidate=0.999892|reference=0.994920,candidate_covered,,,,quality_pass,exclude_cross_corpus_duplicate_candidate,inactive_probe_only,
ll:2405379,2405379,Nuovi versi,Vittorio Betteloni,https://liberliber.it/autori/autori-b/vittorio-betteloni/nuovi-versi/,nineteenth_century,historical_non_sonnet_poetry,eligible_fulltext_probe_inactive,https://creativecommons.org/licenses/by-nc-sa/4.0/,odt,https://liberliber.it/opere/download/?op=2405379&type=opera_url_odt,https://www.liberliber.eu/mediateca/libri/b/betteloni/nuovi_versi/odt/betteloni_nuovi_versi.odt,hit,data/local/liber_liber/fulltext_probe_v1/archives/ll_2405379.odt,data/local/liber_liber/fulltext_probe_v1/texts/ll_2405379.txt,2f28cd1752763ab9785e8e5b910510aeead9041ec540bd58b8d382b637308ce6,546d3748d73f3bca0cb82e843f1e335ebb9607b6f1f8a7e8a36c24d8b29ad889,620621,132325,23804,3273,0,0.248278,0.790962,0.000877,0,,,,b4f9e0acc6a732c7cf233d59652ac03de9dd5aa2a023e0f113d48dd61cb1f2f1,20,,,,,,,,quality_pass,quality_pass_pending_extraction_audit,inactive_probe_only,
ll:2405917,2405917,Dalla spuma del mare,Salvatore Farina,https://liberliber.it/autori/autori-f/salvatore-farina/dalla-spuma-del-mare/,nineteenth_century,nineteenth_century_bridge,eligible_fulltext_probe_inactive,https://creativecommons.org/licenses/by-nc-sa/4.0/,odt,https://liberliber.it/opere/download/?op=2405917&type=opera_url_odt,https://www.liberliber.eu/mediateca/libri/f/farina/dalla_spuma_del_mare/odt/farina_dalla_spuma_del_mare.odt,hit,data/local/liber_liber/fulltext_probe_v1/archives/ll_2405917.odt,data/local/liber_liber/fulltext_probe_v1/texts/ll_2405917.txt,ec205f756445ad33073a86b5b97e93c15a77245522f0941625b75fa00ab0b1de,14956ffb3964f18929baef4f5241f6ae0d3bfb0c64b90fd1e6102b16c4b28cd2,638188,208579,35591,1432,0,0.259869,0.775749,0.000206,0,,possible_ocr_line_hyphenation,,27058e687d31cdc44fe686d4e446383a63d6358e975519a7223b6660aabdfdea,35,,,,,,accept_dialogue_terminal_hyphens,Inspection shows that line-final hyphens close dialogue turns and are followed by new prose paragraphs; they are punctuation rather than OCR-split words.,review,quality_pass_after_bounded_review,inactive_probe_only,
ll:2407654,2407654,Le greche,Tullio Giordana,https://liberliber.it/autori/autori-g/tullio-giordana/le-greche/,nineteenth_century,nineteenth_century_bridge,eligible_fulltext_probe_inactive,https://creativecommons.org/licenses/by-nc-sa/4.0/,odt,https://liberliber.it/opere/download/?op=2407654&type=opera_url_odt,https://www.liberliber.eu/mediateca/libri/g/giordana/le_greche/odt/giordana_le_greche.odt,hit,data/local/liber_liber/fulltext_probe_v1/archives/ll_2407654.odt,data/local/liber_liber/fulltext_probe_v1/texts/ll_2407654.txt,e9a3f749a3038f2340054daf04a0729b23f557d225c559f1c91c73b7e708c95a,a834837f99d1ecacea19fa213e9ddebddbb79e7c38f1233795e958f17387a9b3,582995,93569,15638,510,0,0.261415,0.796557,0.000064,0,,,,0ea9dc4fb62fded860b9089a67d0fa9a989e7caac86a3d313422e0c15e7efbba,18,,,,,,,,quality_pass,quality_pass_pending_extraction_audit,inactive_probe_only,
ll:2408339,2408339,I ladri di cadaveri,Jarro (alias Giulio Piccini),https://liberliber.it/autori/autori-j/jarro-alias-giulio-piccini/i-ladri-di-cadaveri/,nineteenth_century,nineteenth_century_bridge,eligible_fulltext_probe_inactive,https://creativecommons.org/licenses/by-nc-sa/4.0/,odt,https://liberliber.it/opere/download/?op=2408339&type=opera_url_odt,https://www.liberliber.eu/mediateca/libri/j/jarro/i_ladri_di_cadaveri/odt/jarro_i_ladri_di_cadaveri.odt,hit,data/local/liber_liber/fulltext_probe_v1/archives/ll_2408339.odt,data/local/liber_liber/fulltext_probe_v1/texts/ll_2408339.txt,0d94cff252a9354253d4d1be2879d79fc19f06a50181bcbebaddcadfa086f56e,735ae59d0201725a9bf64eaddbc67ec4b64cf91a746ee02082b159df5d4c0bee,745979,499620,81394,3352,0,0.266187,0.792252,0.000098,0,,,,7e152e3ec0353df6b73601559270fadec1b14fe95c9e29802056612c545e87b7,82,,,,,,,,quality_pass,quality_pass_pending_extraction_audit,inactive_probe_only,
ll:2408690,2408690,Forza irresistibile,Cordelia (alias Virginia Tedeschi Treves),https://liberliber.it/autori/autori-c/cordelia-alias-virginia-tedeschi-treves/forza-irresistibile/,nineteenth_century,nineteenth_century_bridge,eligible_fulltext_probe_inactive,https://creativecommons.org/licenses/by-nc-sa/4.0/,odt,https://liberliber.it/opere/download/?op=2408690&type=opera_url_odt,https://www.liberliber.eu/mediateca/libri/c/cordelia/forza_irresistibile/odt/cordelia_forza_irresistibile.odt,hit,data/local/liber_liber/fulltext_probe_v1/archives/ll_2408690.odt,data/local/liber_liber/fulltext_probe_v1/texts/ll_2408690.txt,53954757e3efe5b573f0356832afea1adcdf2469d0f5dad1b1d69a2e6031288f,2a94669cf381040526ba7e2cee62be5c7583b5a503be5920a6693419fc7c9120,690361,210961,35353,1118,0,0.272480,0.803148,0.000024,0,,,,187665033ff8fcbf18e8b0b6b1dc19309cf3bdd146b9e5cd35469e4e187252a5,34,,,,,,,,quality_pass,quality_pass_pending_extraction_audit,inactive_probe_only,
ll:2409300,2409300,Per vendetta,Cordelia (alias Virginia Tedeschi Treves),https://liberliber.it/autori/autori-c/cordelia-alias-virginia-tedeschi-treves/per-vendetta/,nineteenth_century,nineteenth_century_bridge,eligible_fulltext_probe_inactive,https://creativecommons.org/licenses/by-nc-sa/4.0/,odt,https://liberliber.it/opere/download/?op=2409300&type=opera_url_odt,https://www.liberliber.eu/mediateca/libri/c/cordelia/per_vendetta/odt/cordelia_per_vendetta.odt,hit,data/local/liber_liber/fulltext_probe_v1/archives/ll_2409300.odt,data/local/liber_liber/fulltext_probe_v1/texts/ll_2409300.txt,d9dbcc71aa1611314dd5d276cb548e10e7f3aa85d0e4db6ef002c197732f691c,4ffec2de8ba29516c39856e010b4a7ab26e2642143c35f46832bd60215f3ba35,950518,421048,70290,1774,0,0.271959,0.804305,0.000045,0,,,,3587e7b6388235a7119a6603ba1200472116f4d8a1b4efe22a9a4decd3daa873,74,,,,,,,,quality_pass,quality_pass_pending_extraction_audit,inactive_probe_only,
ll:2409509,2409509,La figlia dell’aria,Jarro (alias Giulio Piccini),https://liberliber.it/autori/autori-j/jarro-alias-giulio-piccini/la-figlia-dellaria/,nineteenth_century,nineteenth_century_bridge,eligible_fulltext_probe_inactive,https://creativecommons.org/licenses/by-nc-sa/4.0/,odt,https://liberliber.it/opere/download/?op=2409509&type=opera_url_odt,https://www.liberliber.eu/mediateca/libri/j/jarro/la_figlia_dell_aria/odt/jarro_la_figlia_dell_aria.odt,hit,data/local/liber_liber/fulltext_probe_v1/archives/ll_2409509.odt,data/local/liber_liber/fulltext_probe_v1/texts/ll_2409509.txt,a656021a94d715beaf8ad5dc06a7ffb7ef5304f1884a008cd465510b6bab81b4,03a52c850b0c258c6340cf6cbfd91e2fdf82be4e6802a3ca718a2a13e9ec5ee7,809837,653966,107731,4394,0,0.274443,0.792376,0.000032,0,,,,6de08f4a98766b5be6757791b1f8eb4f6c8c0b206fc3ea0dec0a2bee55da693d,97,,,,,,,,quality_pass,quality_pass_pending_extraction_audit,inactive_probe_only,
ll:2409615,2409615,Catene,Cordelia (alias Virginia Tedeschi Treves),https://liberliber.it/autori/autori-c/cordelia-alias-virginia-tedeschi-treves/catene/,nineteenth_century,nineteenth_century_bridge,eligible_fulltext_probe_inactive,https://creativecommons.org/licenses/by-nc-sa/4.0/,odt,https://liberliber.it/opere/download/?op=2409615&type=opera_url_odt,https://www.liberliber.eu/mediateca/libri/c/cordelia/catene/odt/cordelia_catene.odt,hit,data/local/liber_liber/fulltext_probe_v1/archives/ll_2409615.odt,data/local/liber_liber/fulltext_probe_v1/texts/ll_2409615.txt,c747a7f4bc081c66a4eb6995b7de19742bff2a607b1a7c3e301d3281829c0bce,665aace0f6a02e6bac719563e5dcac1e9457ff124c09fd7691101efc03c98791,793616,278767,47670,1383,0,0.270673,0.795693,0.000007,0,,,,d10c66619b6abeb67b1c46da2eb9b58e1ebc5f8083c82f70845d5ef849a51ca2,47,,,,,,,,quality_pass,quality_pass_pending_extraction_audit,inactive_probe_only,
ll:2409835,2409835,Verso il mistero,Cordelia (alias Virginia Tedeschi Treves),https://liberliber.it/autori/autori-c/cordelia-alias-virginia-tedeschi-treves/verso-il-mistero/,nineteenth_century,nineteenth_century_bridge,eligible_fulltext_probe_inactive,https://creativecommons.org/licenses/by-nc-sa/4.0/,odt,https://liberliber.it/opere/download/?op=2409835&type=opera_url_odt,https://www.liberliber.eu/mediateca/libri/c/cordelia/verso_il_mistero/odt/cordelia_verso_il_mistero.odt,hit,data/local/liber_liber/fulltext_probe_v1/archives/ll_2409835.odt,data/local/liber_liber/fulltext_probe_v1/texts/ll_2409835.txt,a029a83876bb02d85d00d95d7b778594302a8d2af5817bee67a7a1904d5c6cb0,6860abc5a22f4cf2b71ff69c1d4145adcb49c3f0b6b5237fc4c51c94dd40d554,1618334,290563,48431,1541,0,0.264149,0.798044,0.000034,0,,,,7c472035f5810a207c96ba6284d7d49e2832191ddf6b146e1cc34f6c24682107,53,,,,,,,,quality_pass,quality_pass_pending_extraction_audit,inactive_probe_only,
ll:2410376,2410376,Flatus vocis...,Peleo Bacci,https://liberliber.it/autori/autori-b/peleo-bacci/flatus-vocis/,nineteenth_century,historical_non_sonnet_poetry,eligible_fulltext_probe_inactive,https://creativecommons.org/licenses/by-nc-sa/4.0/,odt,https://liberliber.it/opere/download/?op=2410376&type=opera_url_odt,https://www.liberliber.eu/mediateca/libri/b/bacci_peleo/flatus_vocis/odt/bacci_flatus_vocis.odt,hit,data/local/liber_liber/fulltext_probe_v1/archives/ll_2410376.odt,data/local/liber_liber/fulltext_probe_v1/texts/ll_2410376.txt,6f4f93f8eec34b1e02e6523ea96905ff8b2a82980a1ad06c6c68fa84de878548,656958fe209f266aa35a854b9605d57c42e08748dd30145270617396134060e5,559347,26873,4845,750,0,0.234881,0.789305,0.000223,0,,,,0b7f23455d586fd1a055f64c9072241951ee9e3c76383603e324c6eeed61f72d,10,,,,,,,,quality_pass,quality_pass_pending_extraction_audit,inactive_probe_only,
ll:2410928,2410928,Il castello di Trezzo,Giambattista Bazzoni,https://liberliber.it/autori/autori-b/giambattista-bazzoni/il-castello-di-trezzo/,nineteenth_century,nineteenth_century_bridge,eligible_fulltext_probe_inactive,https://creativecommons.org/licenses/by-nc-sa/4.0/,odt,https://liberliber.it/opere/download/?op=2410928&type=opera_url_odt,https://www.liberliber.eu/mediateca/libri/b/bazzoni/il_castello_di_trezzo/odt/bazzoni_il_castello_di_trezzo.odt,hit,data/local/liber_liber/fulltext_probe_v1/archives/ll_2410928.odt,data/local/liber_liber/fulltext_probe_v1/texts/ll_2410928.txt,079f227c98f75ef0dcf1733f6fa607acd9e3a8b82995d56fd0f91f77c875c3ce,cfc3e63467f788375f47f0c00993459a4cd0b59a5fa8b4af634dd656ced0e3fe,710119,385402,63935,443,0,0.257386,0.809121,0.000182,0,,,,3c80fba0808ec463ab4125e96b6f9e51a8d2db90135a12332eda93fa1f1d9fda,65,,,gutenberg_previous_pool:pg65680|candidate=0.999891|reference=0.993797;gutenberg_resolved:65680|candidate=0.999891|reference=0.994044,candidate_covered,,,,quality_pass,exclude_cross_corpus_duplicate_candidate,inactive_probe_only,
ll:2411646,2411646,Gli orecchini di Stefania,Giustino Ferri,https://liberliber.it/autori/autori-f/giustino-ferri/gli-orecchini-di-stefania/,nineteenth_century,nineteenth_century_bridge,eligible_fulltext_probe_inactive,https://creativecommons.org/licenses/by-nc-sa/4.0/,odt,https://liberliber.it/opere/download/?op=2411646&type=opera_url_odt,https://www.liberliber.eu/mediateca/libri/f/ferri_giustino/gli_orecchini_di_stefania/odt/ferri_gli_orecchini_di_stefania.odt,hit,data/local/liber_liber/fulltext_probe_v1/archives/ll_2411646.odt,data/local/liber_liber/fulltext_probe_v1/texts/ll_2411646.txt,90b5850c54c3e8679fd42ccdf93e5fe81064b24930f7e33d8aefebc158ff8e8c,8920a647b19190c3e922f6e063dea93e472f56be50a5acf4630b06cedcd3c9b7,688820,206505,33827,1185,0,0.273982,0.799806,0.000000,0,,,,f4dd96af118185b683d48e9f64333ca6223daa0fa9be4f351322aa31cf826469,26,,,,,,,,quality_pass,quality_pass_pending_extraction_audit,inactive_probe_only,
ll:2411759,2411759,Il tesoro di Donnina,Salvatore Farina,https://liberliber.it/autori/autori-f/salvatore-farina/il-tesoro-di-donnina/,nineteenth_century,nineteenth_century_bridge,eligible_fulltext_probe_inactive,https://creativecommons.org/licenses/by-nc-sa/4.0/,odt,https://liberliber.it/opere/download/?op=2411759&type=opera_url_odt,https://www.liberliber.eu/mediateca/libri/f/farina/il_tesoro_di_donnina/odt/farina_il_tesoro_di_donnina.odt,hit,data/local/liber_liber/fulltext_probe_v1/archives/ll_2411759.odt,data/local/liber_liber/fulltext_probe_v1/texts/ll_2411759.txt,fb38618fa2e91b86d8a980eee39814f62de3806614424498acaf4afbe1f01f5f,a5e8b71ae953669f2e529165f5d38806f3f1693e37825e8378f04737ff483a95,753651,506569,87399,2706,0,0.271582,0.789906,0.000162,0,,,,9992600f5aefe8f90b1d6875d32ae9053916886a3eebcf54e87a5c299e059c1b,86,,,gutenberg_pass_1b:pg64106|candidate=1.000000|reference=0.996871;gutenberg_resolved:64106|candidate=1.000000|reference=0.997053,candidate_covered,,,,quality_pass,exclude_cross_corpus_duplicate_candidate,inactive_probe_only,
ll:2414317,2414317,Il beniamino della famiglia,Vittorio Bersezio,https://liberliber.it/autori/autori-b/vittorio-bersezio/il-beniamino-della-famiglia/,nineteenth_century,nineteenth_century_bridge,eligible_fulltext_probe_inactive,https://creativecommons.org/licenses/by-nc-sa/4.0/,odt,https://liberliber.it/opere/download/?op=2414317&type=opera_url_odt,https://www.liberliber.eu/mediateca/libri/b/bersezio/il_beniamino_della_famiglia/odt/bersezio_il_beniamino_della_famiglia.odt,hit,data/local/liber_liber/fulltext_probe_v1/archives/ll_2414317.odt,data/local/liber_liber/fulltext_probe_v1/texts/ll_2414317.txt,97c43ecf47d0eec48bece01b7279ea7aaeb940c46bfdecc426208fd87ae14eb0,51ac0a95ef6b23b1817f76d9f88f6611a58cbe70686fccd71327915c9ed4c2eb,655560,258022,43511,966,0,0.266760,0.801304,0.000074,0,,,,3bab294d7321c3e36d6860adace801ecda974322a3779aff18fc1442acbf98df,40,,,,,,,,quality_pass,quality_pass_pending_extraction_audit,inactive_probe_only,
ll:2414511,2414511,La moglie nera,Edoardo Arbib,https://liberliber.it/autori/autori-a/edoardo-arbib/la-moglie-nera/,nineteenth_century,nineteenth_century_bridge,eligible_fulltext_probe_inactive,https://creativecommons.org/licenses/by-nc-sa/4.0/,odt,https://liberliber.it/opere/download/?op=2414511&type=opera_url_odt,https://www.liberliber.eu/mediateca/libri/a/arbib/la_moglie_nera/odt/arbib_la_moglie_nera.odt,hit,data/local/liber_liber/fulltext_probe_v1/archives/ll_2414511.odt,data/local/liber_liber/fulltext_probe_v1/texts/ll_2414511.txt,acb0ae95c897fa7b924547b802c3a494f877996e33537c1559c33905cad19ed4,497d9d0159fa7eea73b04b62360873520fe6f86e00a89868194d73b1f5721073,727015,469666,79990,1793,0,0.272584,0.797816,0.000360,0,,,review_language_variety_marker,fada88f092a047eae9bb3628f2d9eb1c840d37601c7faf5b32798a89f6160b02,78,,,,,,accept_standard_italian_context,The marker occurs in standard-Italian narration describing soldiers who call out in different dialects; it does not identify the work's language variety.,review,quality_pass_after_bounded_review,inactive_probe_only,
ll:2415752,2415752,Mario,Ines Benaglio Castellani-Fantoni (alias Memini),https://liberliber.it/autori/autori-b/ines-benaglio-castellani-fantoni/mario/,nineteenth_century,nineteenth_century_bridge,eligible_fulltext_probe_inactive,https://creativecommons.org/licenses/by-nc-sa/4.0/,odt,https://liberliber.it/opere/download/?op=2415752&type=opera_url_odt,https://www.liberliber.eu/mediateca/libri/b/benaglio/mario/odt/benaglio_mario.odt,hit,data/local/liber_liber/fulltext_probe_v1/archives/ll_2415752.odt,data/local/liber_liber/fulltext_probe_v1/texts/ll_2415752.txt,aefd01970942b82f8c2c4f5960170903732f484cf58a936f5849c1ab77bdc205,b91afc18dff95fbd08ee97003a413a5848664304832e874664310bb9f7035264,680986,324331,53404,1579,0,0.256142,0.793464,0.000065,0,,,,1c9a64dac862c2296e5bbb06e1fffa05d9edf0815243facceb6606aa263327cd,59,,,,,,,,quality_pass,quality_pass_pending_extraction_audit,inactive_probe_only,
ll:2415781,2415781,I due Desiderii,Salvatore Farina,https://liberliber.it/autori/autori-f/salvatore-farina/i-due-desiderii/,nineteenth_century,nineteenth_century_bridge,eligible_fulltext_probe_inactive,https://creativecommons.org/licenses/by-nc-sa/4.0/,odt,https://liberliber.it/opere/download/?op=2415781&type=opera_url_odt,https://www.liberliber.eu/mediateca/libri/f/farina/i_due_desiderii/odt/farina_i_due_desiderii.odt,hit,data/local/liber_liber/fulltext_probe_v1/archives/ll_2415781.odt,data/local/liber_liber/fulltext_probe_v1/texts/ll_2415781.txt,b663a02d1e9f4b830392d7bf1a30960fd8c188e4fe38cffca6e424cfa6674f31,f8ee48f75af3831b4ca0c2b6bf4e8b2a9d294c7f52e03bd5ec6865fd01166186,622242,191774,32823,1071,0,0.275051,0.790556,0.000063,0,,,,43db86009cd2dd243a37392c2a81d49ada0515219d8afd95f28ae561656cb1e4,26,,,,,,,,quality_pass,quality_pass_pending_extraction_audit,inactive_probe_only,
ll:2416834,2416834,Il numero 13,Salvatore Farina,https://liberliber.it/autori/autori-f/salvatore-farina/il-numero-13/,nineteenth_century,nineteenth_century_bridge,eligible_fulltext_probe_inactive,https://creativecommons.org/licenses/by-nc-sa/4.0/,odt,https://liberliber.it/opere/download/?op=2416834&type=opera_url_odt,https://www.liberliber.eu/mediateca/libri/f/farina/il_numero_13/odt/farina_il_numero_13.odt,hit,data/local/liber_liber/fulltext_probe_v1/archives/ll_2416834.odt,data/local/liber_liber/fulltext_probe_v1/texts/ll_2416834.txt,be46e7bbdf0a22d28a860dc8f5434c8be6b59d7ee91bf610c031a1da606604bc,1d359f03603613cef83d0dc48e81bfbd36ec5a3bd249bb66820a97d6379e7251,599159,129889,22376,854,0,0.266312,0.788258,0.000608,0,,,,3aa24494728e7e02afba77b91ac12f20272d7df6b2b208cac0187b4f00e757c9,25,,,,,,,,quality_pass,quality_pass_pending_extraction_audit,inactive_probe_only,
ll:2417236,2417236,O tutto o nulla,Anton Giulio Barrili,https://liberliber.it/autori/autori-b/anton-giulio-barrili/o-tutto-o-nulla/,nineteenth_century,nineteenth_century_bridge,eligible_fulltext_probe_inactive,https://creativecommons.org/licenses/by-nc-sa/4.0/,odt,https://liberliber.it/opere/download/?op=2417236&type=opera_url_odt,https://www.liberliber.eu/mediateca/libri/b/barrili/o_tutto_o_nulla/odt/barrili_o_tutto_o_nulla.odt,hit,data/local/liber_liber/fulltext_probe_v1/archives/ll_2417236.odt,data/local/liber_liber/fulltext_probe_v1/texts/ll_2417236.txt,e8c6eec7a6379460bdaedb80cc3322ccb935cd808aaf190d7bcf51d29ee03f2a,b2046cd6e8d415663ca90e16b0d0d94f3f72791c5e319de445dafa5aa8572ffb,727019,455323,76709,1814,0,0.268834,0.784046,0.000009,0,,,,38e2e2b3ba55a1f489f4e6cdd34f0766622baf29789dbaf7b3324f4485da99cd,81,,,,,,,,quality_pass,quality_pass_pending_extraction_audit,inactive_probe_only,
ll:2417845,2417845,Un suicidio misterioso,Carlo Righetti,https://liberliber.it/autori/autori-r/carlo-righetti/un-suicidio-misterioso/,nineteenth_century,nineteenth_century_bridge,eligible_fulltext_probe_inactive,https://creativecommons.org/licenses/by-nc-sa/4.0/,odt,https://liberliber.it/opere/download/?op=2417845&type=opera_url_odt,https://www.liberliber.eu/mediateca/libri/r/righetti/un_suicidio_misterioso/odt/righetti_un_suicidio_misterioso.odt,hit,data/local/liber_liber/fulltext_probe_v1/archives/ll_2417845.odt,data/local/liber_liber/fulltext_probe_v1/texts/ll_2417845.txt,6db42c2b0841d98a0dbd1bd6c8bead25a625f8d974426f505bc36617daebc59b,3491870a0ed3bc35de2f6da3cc18d944d91002cf440f3b68f4db1e0a8671cb94,661399,134128,22847,872,0,0.273471,0.793898,0.000634,0,,,,67366e3d4637e42d96ad5866f0a102ea31b842827ab61ed53f832fe284f00133,17,,,,,,,,quality_pass,quality_pass_pending_extraction_audit,inactive_probe_only,
ll:2418023,2418023,La Marchesa d’Arcello,Ines Benaglio Castellani-Fantoni (alias Memini),https://liberliber.it/autori/autori-b/ines-benaglio-castellani-fantoni/la-marchesa-darcello/,nineteenth_century,nineteenth_century_bridge,eligible_fulltext_probe_inactive,https://creativecommons.org/licenses/by-nc-sa/4.0/,odt,https://liberliber.it/opere/download/?op=2418023&type=opera_url_odt,https://www.liberliber.eu/mediateca/libri/b/benaglio/la_marchesa_d_arcello/odt/benaglio_la_marchesa_d_arcello.odt,hit,data/local/liber_liber/fulltext_probe_v1/archives/ll_2418023.odt,data/local/liber_liber/fulltext_probe_v1/texts/ll_2418023.txt,e51aa046c882a305dac803c73bb8cbe2616f69b8ab9e615b8e052bdce12c2ed9,f4a2ce552524be7911c981580683e2bdb75b43a0c875b491c049e9bcb3bd4413,810548,646088,104414,3143,0,0.251595,0.787815,0.000071,0,,,,174196515c0cfd64ef89f4dcdc4486b9a041c5372c10986578e8598b0b122414,85,,,,,,,,quality_pass,quality_pass_pending_extraction_audit,inactive_probe_only,
ll:2418591,2418591,Viaggio sul Reno e ne' suoi contorni,Aurelio Bertola de' Giorgi,https://liberliber.it/autori/autori-b/aurelio-bertola-de-giorgi/viaggio-sul-reno-e-ne-suoi-contorni/,origins_through_1800,historical_general,eligible_fulltext_probe_inactive,https://creativecommons.org/licenses/by-nc-sa/4.0/,odt,https://liberliber.it/opere/download/?op=2418591&type=opera_url_odt,https://www.liberliber.eu/mediateca/libri/b/bertola/viaggio_sul_reno/odt/bertola_viaggio_sul_reno.odt,hit,data/local/liber_liber/fulltext_probe_v1/archives/ll_2418591.odt,data/local/liber_liber/fulltext_probe_v1/texts/ll_2418591.txt,8d126fcd429d3c9b221b2d2a536700c626d1d232a98154fdb5619e7b34b5e05a,873af4e8e0741b02b925bfc19285e44dc4243ea91f583c437f8e9206091a6e73,24981161,232114,39078,619,0,0.265648,0.805040,0.002628,0,,,,ea8a0e57ec98614fd2f2df66f59a74dd7a24aa2329fa9d7af61a676bda731eda,39,,,,,,,,quality_pass,quality_pass_pending_extraction_audit,inactive_probe_only,
ll:2419013,2419013,"Aristocrazia. 1, La vendetta di Zoe",Vittorio Bersezio,https://liberliber.it/autori/autori-b/vittorio-bersezio/aristocrazia/,nineteenth_century,nineteenth_century_bridge,eligible_fulltext_probe_inactive,https://creativecommons.org/licenses/by-nc-sa/4.0/,odt,https://liberliber.it/opere/download/?op=2419013&type=opera_url_odt,https://www.liberliber.eu/mediateca/libri/b/bersezio/aristocrazia_1/odt/bersezio_aristocrazia_1.odt,hit,data/local/liber_liber/fulltext_probe_v1/archives/ll_2419013.odt,data/local/liber_liber/fulltext_probe_v1/texts/ll_2419013.txt,ef23c5bfa968508b1c03691079880d714dc78126281ee94c2e2a7d045179c92d,83329294eee53d87f44ba635effb06c1c8ed7f7fa1e448716fccbaae2d4e2643,861308,680564,113591,3258,0,0.268807,0.792640,0.000062,0,,,,dcd8718025e3b69e66174f07f94f963133967003935de436ec0bc2bff5173c0c,121,,,gutenberg_previous_pool:pg70208|candidate=0.981923|reference=0.985002;gutenberg_resolved:70208|candidate=0.981923|reference=0.985141,candidate_covered,,,,quality_pass,exclude_cross_corpus_duplicate_candidate,inactive_probe_only,
ll:2420619,2420619,Tributo alla memoria dell'insigne astronomo cavaliere Antonio Cagnoli veronese,Ippolito Pindemonte,https://liberliber.it/autori/autori-p/ippolito-pindemonte/tributo-alla-memoria-dellinsigne-astronomo-cavaliere-antonio-cagnoli-veronese/,nineteenth_century,historical_non_sonnet_poetry,eligible_fulltext_probe_inactive,https://creativecommons.org/licenses/by-nc-sa/4.0/,odt,https://liberliber.it/opere/download/?op=2420619&type=opera_url_odt,https://www.liberliber.eu/mediateca/libri/p/pindemonte/tributo_alla_memoria_ecc/odt/pindemonte_tributo_alla_memoria_ecc.odt,hit,data/local/liber_liber/fulltext_probe_v1/archives/ll_2420619.odt,data/local/liber_liber/fulltext_probe_v1/texts/ll_2420619.txt,7e03295ad84284dcd80e81b62fe32f989c1fc88b15819435e5af2d9aabed9bf9,709bf2ca111d2095f785840b605de7989664dca93e924d9257415152d0a36537,556278,7657,1423,194,0,0.226985,0.776544,0.000522,0,,,,fe30d3e88ba61bcaeac2be168ed93feb110141724838c6c7abe678747e90bbb2,2,,,,,,,,quality_pass,quality_pass_pending_extraction_audit,inactive_probe_only,
ll:2420980,2420980,"Aristocrazia. 2, Il segreto di Matteo Arpione",Vittorio Bersezio,https://liberliber.it/autori/autori-b/vittorio-bersezio/aristocrazia-2-il-segreto-di-matteo-arpione/,nineteenth_century,nineteenth_century_bridge,eligible_fulltext_probe_inactive,https://creativecommons.org/licenses/by-nc-sa/4.0/,odt,https://liberliber.it/opere/download/?op=2420980&type=opera_url_odt,https://www.liberliber.eu/mediateca/libri/b/bersezio/aristocrazia_2/odt/bersezio_aristocrazia_2.odt,hit,data/local/liber_liber/fulltext_probe_v1/archives/ll_2420980.odt,data/local/liber_liber/fulltext_probe_v1/texts/ll_2420980.txt,8cd58026219450b53dd0375c5aa608c780f9b609f2943cfe0decf0540eee9cb5,84c0e8ac1912be82e0eb8333bbf0b24f6a5be7382fe61d164b4d47ca701605f5,772609,476384,79194,2080,0,0.263644,0.793681,0.000067,0,,,,613ac4c1d63fc71fcd24f284e51c9ef7dcf312041cfa05e07f6e988788506791,68,,,gutenberg_previous_pool:pg70376|candidate=0.989605|reference=0.987921;gutenberg_resolved:70376|candidate=0.989605|reference=0.988120,candidate_covered,,,,quality_pass,exclude_cross_corpus_duplicate_candidate,inactive_probe_only,
ll:2421341,2421341,Capelli biondi,Salvatore Farina,https://liberliber.it/autori/autori-f/salvatore-farina/capelli-biondi/,nineteenth_century,nineteenth_century_bridge,eligible_fulltext_probe_inactive,https://creativecommons.org/licenses/by-nc-sa/4.0/,odt,https://liberliber.it/opere/download/?op=2421341&type=opera_url_odt,https://www.liberliber.eu/mediateca/libri/f/farina/capelli_biondi/odt/farina_capelli_biondi.odt,hit,data/local/liber_liber/fulltext_probe_v1/archives/ll_2421341.odt,data/local/liber_liber/fulltext_probe_v1/texts/ll_2421341.txt,71a33ff037930e04d19db1810c4f71a50da3ff3d90f901fd8cd49cc2e33459fa,893b42740f62637dfa8a2a560b04f3823e323d6062436b4177455ba6ab8b1edd,702793,378491,63627,2619,0,0.261508,0.778330,0.000209,0,,,,d395a7751c745ff42fae93ddf94d90ffb8b49841b5881d1d96fcb9c3792d8ad3,59,,,,,,,,quality_pass,quality_pass_pending_extraction_audit,inactive_probe_only,
ll:2421356,2421356,Federico Lennois,Francesco Mastriani,https://liberliber.it/autori/autori-m/francesco-mastriani/federico-lennois/,nineteenth_century,nineteenth_century_bridge,eligible_fulltext_probe_inactive,https://creativecommons.org/licenses/by-nc-sa/4.0/,odt,https://liberliber.it/opere/download/?op=2421356&type=opera_url_odt,https://www.liberliber.eu/mediateca/libri/m/mastriani/federico_lennois/odt/mastriani_federico_lennois.odt,hit,data/local/liber_liber/fulltext_probe_v1/archives/ll_2421356.odt,data/local/liber_liber/fulltext_probe_v1/texts/ll_2421356.txt,1ac439ec81b33df8b0f6e9acefc0a5097ec1124f599f0a1a78e1de8075b5713c,a97690599d9e527ac590809bfb436fec1c07769ac04b70f667dc73e7d9cf2a87,767627,536748,89506,1808,0,0.272887,0.806952,0.000291,0,,,,a810a4d19e64398265da0ef72258edda90b018dc51a504194cc055e965bd1d3c,86,,,gutenberg_previous_pool:pg70127|candidate=0.999966|reference=0.995492;gutenberg_resolved:70127|candidate=0.999966|reference=0.995791,candidate_covered,,,,quality_pass,exclude_cross_corpus_duplicate_candidate,inactive_probe_only,
ll:2422536,2422536,Valsolda ; Poesia dispersa,Antonio Fogazzaro,https://liberliber.it/autori/autori-f/antonio-fogazzaro/valsolda-poesia-dispersa/,nineteenth_century,historical_non_sonnet_poetry,eligible_fulltext_probe_inactive,https://creativecommons.org/licenses/by-nc-sa/4.0/,odt,https://liberliber.it/opere/download/?op=2422536&type=opera_url_odt,https://www.liberliber.eu/mediateca/libri/f/fogazzaro/valsolda/odt/fogazzaro_valsolda.odt,hit,data/local/liber_liber/fulltext_probe_v1/archives/ll_2422536.odt,data/local/liber_liber/fulltext_probe_v1/texts/ll_2422536.txt,8b1bc97aa06a334b84df9de1ee0699a00d8270a302d034140fd97e27cd563517,3e9ea17fc0f0934747346445d14996b495f0d15483626b9cce46d9442229707c,643524,70998,12832,2204,0,0.231219,0.773853,0.000169,0,,,,8befd345848eff7257049e8893e6317efb6b00598ec7bc6184b1b3f4fcdf7fa6,7,,,,,,,,quality_pass,quality_pass_pending_extraction_audit,inactive_probe_only,
ll:2423213,2423213,Pe' belli occhi della gloria,Salvatore Farina,https://liberliber.it/autori/autori-f/salvatore-farina/pe-belli-occhi-della-gloria/,nineteenth_century,nineteenth_century_bridge,eligible_fulltext_probe_inactive,https://creativecommons.org/licenses/by-nc-sa/4.0/,odt,https://liberliber.it/opere/download/?op=2423213&type=opera_url_odt,https://www.liberliber.eu/mediateca/libri/f/farina/pe_belli_occhi_della_gloria/odt/farina_pe_belli_occhi_della_gloria.odt,hit,data/local/liber_liber/fulltext_probe_v1/archives/ll_2423213.odt,data/local/liber_liber/fulltext_probe_v1/texts/ll_2423213.txt,f5d9ba394c41563974fb5e2c0ba1ff613a363332a399cdc8169924b6283d6dfd,be48246536993075ac7ccece68d4b27e7571c159c571cff0c51fe03c27a55b28,655501,267044,45615,1850,0,0.266930,0.786822,0.000079,0,,,,e7ebbe85953db0ae9595ea9c3bd448930cb7a04e6357f83b5acbbfb7e3282ac0,56,,,,,,,,quality_pass,quality_pass_pending_extraction_audit,inactive_probe_only,
ll:2424248,2424248,Tenda e castello,Roberto Sacchetti,https://liberliber.it/autori/autori-s/roberto-sacchetti/tenda-e-castello/,nineteenth_century,nineteenth_century_bridge,eligible_fulltext_probe_inactive,https://creativecommons.org/licenses/by-nc-sa/4.0/,odt,https://liberliber.it/opere/download/?op=2424248&type=opera_url_odt,https://www.liberliber.eu/mediateca/libri/s/sacchetti_roberto/tenda_e_castello/odt/sacchetti_tenda_e_castello.odt,hit,data/local/liber_liber/fulltext_probe_v1/archives/ll_2424248.odt,data/local/liber_liber/fulltext_probe_v1/texts/ll_2424248.txt,10da5fe554ef46e2fa68f54877348677959527ea99a6e0cba0b302fed3e9b1b9,c3b1f05fe2cfff70361486b5089589db6b5dccbec1c3844a09178e8cd818ec93,681276,283047,46837,2184,0,0.264961,0.788950,0.000254,0,,,,d41f9b9f066381c91ec664f0e865023444a77a4efa90fb59971392d031b81c8f,41,,,gutenberg_previous_pool:pg71320|candidate=1.000000|reference=0.999296;gutenberg_resolved:71320|candidate=1.000000|reference=0.999957,candidate_covered,,,,quality_pass,exclude_cross_corpus_duplicate_candidate,inactive_probe_only,
ll:2424764,2424764,L’ultima notte,Giustino Ferri,https://liberliber.it/autori/autori-f/giustino-ferri/lultima-notte/,nineteenth_century,nineteenth_century_bridge,eligible_fulltext_probe_inactive,https://creativecommons.org/licenses/by-nc-sa/4.0/,odt,https://liberliber.it/opere/download/?op=2424764&type=opera_url_odt,https://www.liberliber.eu/mediateca/libri/f/ferri_giustino/l_ultima_notte/odt/ferri_l_ultima_notte.odt,hit,data/local/liber_liber/fulltext_probe_v1/archives/ll_2424764.odt,data/local/liber_liber/fulltext_probe_v1/texts/ll_2424764.txt,2ef30562183364983117b4279e3704a0b5bb62cc156517a1a5237d89d7d81533,0b80b1404804f753ac8519ccda417b90fc02f833e0840aea5e44a3c763ac7654,855641,276162,45637,1656,0,0.273638,0.796105,0.000000,0,,,,15a6b209f946b7b1d9dac28ff61ec29fba17e622dbff4cb706d68e4e62f98f9f,52,,,,,,,,quality_pass,quality_pass_pending_extraction_audit,inactive_probe_only,
ll:2426443,2426443,La città dell'oro,Emilio Salgari,https://liberliber.it/autori/autori-s/emilio-salgari/la-citta-delloro/,nineteenth_century,nineteenth_century_bridge,eligible_fulltext_probe_inactive,https://creativecommons.org/licenses/by-nc-sa/4.0/,odt,https://liberliber.it/opere/download/?op=2426443&type=opera_url_odt,https://www.liberliber.eu/mediateca/libri/s/salgari/la_citta_dell_oro/odt/salgari_la_citta_dell_oro.odt,hit,data/local/liber_liber/fulltext_probe_v1/archives/ll_2426443.odt,data/local/liber_liber/fulltext_probe_v1/texts/ll_2426443.txt,892a3d4a1dcfca9ca183fa1903b7e4d7da9044efb5030fcab3183f68c1d8c006,0ec7aa3e0901eb4208aee502ffd0aea504ba34142d9896f99d7ee08d1ed491a6,666612,288632,46267,2361,0,0.242614,0.793221,0.000146,0,,,,746a070d9dd7a35296a7ce4075cfc4bd1726d2af4cf09606be45a0292a0919be,51,,,wikisource_resolved:itws:578342|candidate=0.969756|reference=0.969987,candidate_covered,,,,quality_pass,exclude_cross_corpus_duplicate_candidate,inactive_probe_only,
ll:2427167,2427167,Il 1. libro dei trittici,Alessandro Varaldo,https://liberliber.it/autori/autori-v/alessandro-varaldo/il-1-libro-dei-trittici/,nineteenth_century,standard_sonnets,eligible_fulltext_probe_inactive,https://creativecommons.org/licenses/by-nc-sa/4.0/,odt,https://liberliber.it/opere/download/?op=2427167&type=opera_url_odt,https://www.liberliber.eu/mediateca/libri/v/varaldo/il_1_libro_dei_trittici/odt/varaldo_il_1_libro_dei_trittici.odt,hit,data/local/liber_liber/fulltext_probe_v1/archives/ll_2427167.odt,data/local/liber_liber/fulltext_probe_v1/texts/ll_2427167.txt,b431bec6fe92fed997abe998da435e9a7526e5ff19983936a54f8e984c46fcf9,fe3499ad757eeda4c5dae96e8994435bfb99c90856f838094593f1acf9ae33f1,427579,25760,4634,704,0,0.234571,0.794837,0.000194,0,,,,2f1df8e97859820c735ff1ffc28c87dd50bf96f020e415194ae150c0dd4721ba,3,,,,,,,,quality_pass,quality_pass_pending_extraction_audit,inactive_probe_only,
ll:2427718,2427718,Racconti popolari,Pietro Thouar,https://liberliber.it/autori/autori-t/pietro-thouar/racconti-popolari/,nineteenth_century,nineteenth_century_bridge,eligible_fulltext_probe_inactive,https://creativecommons.org/licenses/by-nc-sa/4.0/,odt,https://liberliber.it/opere/download/?op=2427718&type=opera_url_odt,https://www.liberliber.eu/mediateca/libri/t/thouar/racconti_popolari/odt/thouar_racconti_popolari.odt,hit,data/local/liber_liber/fulltext_probe_v1/archives/ll_2427718.odt,data/local/liber_liber/fulltext_probe_v1/texts/ll_2427718.txt,2cac319173ee51992f2ec7ef6f23d106bf88994246166dcf28eef239c90158aa,4e123c04d508d3a34d0dd472ed7cffae52adcf503dfd56072780bcce1b052f03,39669032,606759,103812,1760,0,0.275777,0.790820,0.000038,0,,,review_language_variety_marker,520ef553d55e2d009db859e59804b62479fb06fed93c9647987c0f14fbcbca92,99,,,gutenberg_previous_pool:pg71399|candidate=0.999431|reference=0.970578;gutenberg_resolved:71399|candidate=0.999431|reference=0.970723,candidate_covered,,accept_standard_tuscan_with_vocabulary_notes,"The editorial introduction says notes explain obsolete or Florentine-vernacular vocabulary; the primary historical Tuscan narratives remain suitable for the standard literary-Italian probe, with source notes retained.",review,exclude_cross_corpus_duplicate_candidate,inactive_probe_only,
ll:2427968,2427968,Scene e descrizioni illustrate,Luigia Codemo,https://liberliber.it/autori/autori-c/luigia-codemo/scene-e-descrizioni-illustrate/,nineteenth_century,nineteenth_century_bridge,eligible_fulltext_probe_inactive,https://creativecommons.org/licenses/by-nc-sa/4.0/,odt,https://liberliber.it/opere/download/?op=2427968&type=opera_url_odt,https://www.liberliber.eu/mediateca/libri/c/codemo/scene_e_descrizioni_illustrate/odt/codemo_scene_e_descrizioni_illustrate.odt,hit,data/local/liber_liber/fulltext_probe_v1/archives/ll_2427968.odt,data/local/liber_liber/fulltext_probe_v1/texts/ll_2427968.txt,7b8eacc1470ad0db15f7f556f851980f22bae626fa80a85365159f120625ce44,091cb402298d8b739c2bb358852a7bf40a6a0948f5e328a91c232b06bb9740f0,6687204,451037,76279,1506,0,0.264857,0.780457,0.000160,0,,,,7825f04c9b1dee113de84f58a0872667ffad2617666b3ae13aecc3cdaa9d7223,79,,,,,,,,quality_pass,quality_pass_pending_extraction_audit,inactive_probe_only,
ll:2428273,2428273,Marzo,Giuseppe Aurelio Costanzo,https://liberliber.it/autori/autori-c/giuseppe-aurelio-costanzo/marzo/,nineteenth_century,historical_non_sonnet_poetry,eligible_fulltext_probe_inactive,https://creativecommons.org/licenses/by-nc-sa/4.0/,odt,https://liberliber.it/opere/download/?op=2428273&type=opera_url_odt,https://www.liberliber.eu/mediateca/libri/c/costanzo/marzo/odt/costanzo_marzo.odt,hit,data/local/liber_liber/fulltext_probe_v1/archives/ll_2428273.odt,data/local/liber_liber/fulltext_probe_v1/texts/ll_2428273.txt,3c5c164dbf08501b1748f6546029b6532ec0ec1e83953b1d328659b9f015c6f0,abe036e27b3fe34a1683b44de739d5f41a34096321ce17a39183f191a9c3bf64,424693,7193,1316,234,0,0.244681,0.774364,0.000000,0,,,,641b167733b911ac3187fdc11bb0261ed6383a45454f426e3c84a9c9aa747b31,2,,,,,,,,quality_pass,quality_pass_pending_extraction_audit,inactive_probe_only,
ll:2428649,2428649,L'incantesimo,Enrico Annibale Butti,https://liberliber.it/autori/autori-b/enrico-annibale-butti/lincantesimo/,nineteenth_century,nineteenth_century_bridge,eligible_fulltext_probe_inactive,https://creativecommons.org/licenses/by-nc-sa/4.0/,odt,https://liberliber.it/opere/download/?op=2428649&type=opera_url_odt,https://www.liberliber.eu/mediateca/libri/b/butti/l_incantesimo/odt/butti_l_incantesimo.odt,hit,data/local/liber_liber/fulltext_probe_v1/archives/ll_2428649.odt,data/local/liber_liber/fulltext_probe_v1/texts/ll_2428649.txt,9f57b205c4a811a76a1bdf1da0eb19a3d47be9662221538131936801d34c763f,1df6ff6ab8e3e246403e4207e0bb330e1fe3b240e75b5aa17e12bc6e6f70909d,648673,554669,91269,1661,0,0.260614,0.799338,0.000038,0,,,,a45464f14cf445ce0becb2363786641be7ea199b095aa40e1b022ddb84b99738,103,,,,,,,,quality_pass,quality_pass_pending_extraction_audit,inactive_probe_only,
ll:2428858,2428858,La Vita nuova,Dante Alighieri,https://liberliber.it/autori/autori-a/dante-alighieri/vita-nuova-roux-e-viarengo-1903/,origins_through_1800,standard_sonnets,eligible_fulltext_probe_inactive,https://creativecommons.org/licenses/by-nc-sa/4.0/,odt,https://liberliber.it/opere/download/?op=2428858&type=opera_url_odt,https://www.liberliber.eu/mediateca/libri/a/alighieri/vita_nuova_edizione_roux/odt/alighieri_vita_nuova_roux.odt,hit,data/local/liber_liber/fulltext_probe_v1/archives/ll_2428858.odt,data/local/liber_liber/fulltext_probe_v1/texts/ll_2428858.txt,5d1535371e3765c1ab8e446f21b443aeb79372832fc81d19456049858d7c609f,f0073d3a0fab8419d857e90463d6cb6bfc93f097ec1ff4d49ff7a4134e433b35,17963995,126915,22316,856,0,0.242651,0.791845,0.000835,0,,,,f1285967047e1d47f316bc6fd0fe44e9fc59f057bce39bb2b32628376e1791b3,22,,,,,cavalcanti_dante_ai_poeti|containment=1.000000,,,quality_pass,quarantine_protected_v6_segment_before_activation,inactive_probe_only,
ll:2428878,2428878,Il palazzo del diavolo,Ulisse Barbieri,https://liberliber.it/autori/autori-b/ulisse-barbieri/il-palazzo-del-diavolo/,nineteenth_century,nineteenth_century_bridge,eligible_fulltext_probe_inactive,https://creativecommons.org/licenses/by-nc-sa/4.0/,odt,https://liberliber.it/opere/download/?op=2428878&type=opera_url_odt,https://www.liberliber.eu/mediateca/libri/b/barbieri/il_palazzo_del_diavolo/odt/barbieri_il_palazzo_del_diavolo.odt,hit,data/local/liber_liber/fulltext_probe_v1/archives/ll_2428878.odt,data/local/liber_liber/fulltext_probe_v1/texts/ll_2428878.txt,a39dbdeb2e878e76d0ae0ae95a8524b9f74c7dee6f641719b618606f73e2a12f,8d44d9dc4920aa0b0a028a537102811ed154e312f7c69083743fd1ae4bf6bdab,1709898,389598,65686,1377,0,0.259720,0.793366,0.000131,0,,,,184f9233e7b17b09c42b2e067f40b6f48fbc45ffa8960a89457c1768ce558e51,63,,,gutenberg_previous_pool:pg73194|candidate=0.479561|reference=0.995945;gutenberg_previous_pool:pg73195|candidate=0.520668|reference=0.995974;gutenberg_resolved:73194|candidate=0.479561|reference=0.996450;gutenberg_resolved:73195|candidate=0.520668|reference=0.996439,embedded_reference_only,,,,quality_pass,quarantine_embedded_duplicate_segments_before_activation,inactive_probe_only,
ll:2429560,2429560,Al polo australe in velocipede,Emilio Salgari,https://liberliber.it/autori/autori-s/emilio-salgari/al-polo-australe-in-velocipede/,nineteenth_century,nineteenth_century_bridge,eligible_fulltext_probe_inactive,https://creativecommons.org/licenses/by-nc-sa/4.0/,odt,https://liberliber.it/opere/download/?op=2429560&type=opera_url_odt,https://www.liberliber.eu/mediateca/libri/s/salgari/al_polo_australe_in_velocipede/odt/salgari_al_polo_australe_in_velocipede.odt,hit,data/local/liber_liber/fulltext_probe_v1/archives/ll_2429560.odt,data/local/liber_liber/fulltext_probe_v1/texts/ll_2429560.txt,0c3148bdf36c9bc8fc5b6732eb6d22c91e1935cdb8a711675e2b53bcf7b54e07,b74676d780f7b5af3fb5d15ff2781e5abf852a8b45940227cb1a4671e494f6c2,7612321,352972,56489,2332,0,0.251164,0.799344,0.001932,0,,,,56dec4c62aefe2bef495acef97f130fc58f3c42e20401883a8c3d5a0bb26b7f8,46,,,,,,,,quality_pass,quality_pass_pending_extraction_audit,inactive_probe_only,
ll:2429750,2429750,Uomini e soldati,Giuseppe Cesare Abba,https://liberliber.it/autori/autori-a/giuseppe-cesare-abba/uomini-e-soldati/,nineteenth_century,nineteenth_century_bridge,eligible_fulltext_probe_inactive,https://creativecommons.org/licenses/by-nc-sa/4.0/,odt,https://liberliber.it/opere/download/?op=2429750&type=opera_url_odt,https://www.liberliber.eu/mediateca/libri/a/abba/uomini_e_soldati/odt/abba_uomini_e_soldati.odt,hit,data/local/liber_liber/fulltext_probe_v1/archives/ll_2429750.odt,data/local/liber_liber/fulltext_probe_v1/texts/ll_2429750.txt,49cf81d17233264464404aaa1421ff9437993060f6cf08c95a0c7980ee49fe4d,3be9711834903af65671c6d33a332b9f09315a4ece6c42c257c2008145c6e1df,814609,505263,86355,1319,0,0.261421,0.791142,0.001007,0,,,,c28337da53896b6eec6347d99c594b4a39c02fe75a1ec1acce39a191609de315,71,,,,,,,,quality_pass,quality_pass_pending_extraction_audit,inactive_probe_only,
ll:2429759,2429759,Le selve ardenti,Emilio Salgari,https://liberliber.it/autori/autori-s/emilio-salgari/le-selve-ardenti/,nineteenth_century,nineteenth_century_bridge,eligible_fulltext_probe_inactive,https://creativecommons.org/licenses/by-nc-sa/4.0/,odt,https://liberliber.it/opere/download/?op=2429759&type=opera_url_odt,https://www.liberliber.eu/mediateca/libri/s/salgari/le_selve_ardenti/odt/salgari_le_selve_ardenti.odt,hit,data/local/liber_liber/fulltext_probe_v1/archives/ll_2429759.odt,data/local/liber_liber/fulltext_probe_v1/texts/ll_2429759.txt,efd07426048907cda7bfff895d4b55edf5a6517ed81ae97e3d592526d1f3cbf6,0b5f465c7a700afadac7a37e18d3aa3cee97e016bda87d9ed9e0d5ce06d9893f,822186,414133,66938,3902,0,0.235995,0.793320,0.000220,0,,,,b5d1c4d179db75c68b42a573d5d338adeb6e27d2e718633b69230008d94e9c42,59,,,,,,,,quality_pass,quality_pass_pending_extraction_audit,inactive_probe_only,
ll:2430576,2430576,Prima di partire,Enrico Castelnuovo,https://liberliber.it/autori/autori-c/enrico-castelnuovo/prima-di-partire/,nineteenth_century,nineteenth_century_bridge,eligible_fulltext_probe_inactive,https://creativecommons.org/licenses/by-nc-sa/4.0/,odt,https://liberliber.it/opere/download/?op=2430576&type=opera_url_odt,https://www.liberliber.eu/mediateca/libri/c/castelnuovo/prima_di_partire/odt/castelnuovo_prima_di_partire.odt,hit,data/local/liber_liber/fulltext_probe_v1/archives/ll_2430576.odt,data/local/liber_liber/fulltext_probe_v1/texts/ll_2430576.txt,6c812774f617f33f5bc2c42a0768c42b37c01e20d6d9f2526f2f13de8993aa02,549284bf53e5a13e07939a377cb7dbf105a2e1eca4dfc1435c8df469058edc02,645053,540840,90355,1907,0,0.271097,0.791262,0.000449,0,,,,98cac119a64ae330e018e041b9c4fa05cf954db9e5c2f0c39ca04129708cd54e,70,,,,,,,,quality_pass,quality_pass_pending_extraction_audit,inactive_probe_only,
ll:2430808,2430808,Terremoto,Parmenio Bettoli,https://liberliber.it/autori/autori-b/parmenio-bettoli/terremoto/,nineteenth_century,nineteenth_century_bridge,eligible_fulltext_probe_inactive,https://creativecommons.org/licenses/by-nc-sa/4.0/,odt,https://liberliber.it/opere/download/?op=2430808&type=opera_url_odt,https://www.liberliber.eu/mediateca/libri/b/bettoli/terremoto/odt/bettoli_terremoto.odt,hit,data/local/liber_liber/fulltext_probe_v1/archives/ll_2430808.odt,data/local/liber_liber/fulltext_probe_v1/texts/ll_2430808.txt,fa349e68710826810e97b28c8dff654e84a01f7bc361abf8a348ddd1eea34852,48277c44c05968f5d5efa9c22591591e6edf341c20289cd2b048787f4ec9abd2,746543,763210,123887,3768,0,0.264281,0.796800,0.000432,0,,,,b96c8b30ee55c1ecfe556549030f283a8250a5ec7808efe76a66530ffb37fa69,121,,,,,,,,quality_pass,quality_pass_pending_extraction_audit,inactive_probe_only,
ll:2431029,2431029,I ragazzi d'una volta e i ragazzi d'adesso,Marchesa Colombi (alias Maria Antonietta Torriani Torelli-Viollier),https://liberliber.it/autori/autori-m/marchesa-colombi-alias-maria-antonietta-torriani-torelli-viollier/i-ragazzi-duna-volta-e-i-ragazzi-dadesso/,nineteenth_century,nineteenth_century_bridge,eligible_fulltext_probe_inactive,https://creativecommons.org/licenses/by-nc-sa/4.0/,odt,https://liberliber.it/opere/download/?op=2431029&type=opera_url_odt,https://www.liberliber.eu/mediateca/libri/m/marchesa_colombi/i_ragazzi_d_una_volta/odt/marchesa_colombi_i_ragazzi_d_etc.odt,hit,data/local/liber_liber/fulltext_probe_v1/archives/ll_2431029.odt,data/local/liber_liber/fulltext_probe_v1/texts/ll_2431029.txt,da2cf9bb36181c9a3fea14a2f8aabc144116058f443c0b8b6b959347bab1a629,011648617f8e5f0bc263c01e4310fc264481d0c93cbe03c432b1c6143a815610,532934,218189,36467,1447,0,0.271149,0.793789,0.000119,0,,,,6055fb258d52494092a14c2fd883e6766158571ec694201750b31aee53515119,35,,,,,,,,quality_pass,quality_pass_pending_extraction_audit,inactive_probe_only,
ll:2431081,2431081,Racconti storici,Giambattista Bazzoni,https://liberliber.it/autori/autori-b/giambattista-bazzoni/racconti-storici/,nineteenth_century,nineteenth_century_bridge,eligible_fulltext_probe_inactive,https://creativecommons.org/licenses/by-nc-sa/4.0/,odt,https://liberliber.it/opere/download/?op=2431081&type=opera_url_odt,https://www.liberliber.eu/mediateca/libri/b/bazzoni/racconti_storici/odt/bazzoni_racconti_storici.odt,hit,data/local/liber_liber/fulltext_probe_v1/archives/ll_2431081.odt,data/local/liber_liber/fulltext_probe_v1/texts/ll_2431081.txt,dceeeb22dd24bf4e8d62c3f29655c9dc22200c7c9ca126d7a76f7b9b41b7f6d2,63b2ce94a8a280b26e8ea5aea0a3c92ce95d5e177011bd8e9cffbc6d0a1e95c6,999599,256256,42749,713,0,0.242883,0.808832,0.000078,0,,,,d330908bc39f83df444018d805615deb3c436ddd3d674e4effa282508e8e3f7c,54,,,gutenberg_previous_pool:pg72382|candidate=0.996771|reference=0.977783;gutenberg_resolved:72382|candidate=0.996771|reference=0.978143,candidate_covered,,,,quality_pass,exclude_cross_corpus_duplicate_candidate,inactive_probe_only,
ll:2431116,2431116,Racconti storici. Nuovo volume,Giambattista Bazzoni,https://liberliber.it/autori/autori-b/giambattista-bazzoni/racconti-storici-nuovo-volume/,nineteenth_century,nineteenth_century_bridge,eligible_fulltext_probe_inactive,https://creativecommons.org/licenses/by-nc-sa/4.0/,odt,https://liberliber.it/opere/download/?op=2431116&type=opera_url_odt,https://www.liberliber.eu/mediateca/libri/b/bazzoni/racconti_storici_nuovo_volume/odt/bazzoni_racconti_storici_nuovo_volume.odt,hit,data/local/liber_liber/fulltext_probe_v1/archives/ll_2431116.odt,data/local/liber_liber/fulltext_probe_v1/texts/ll_2431116.txt,7a764f9f3bc4c4f54fb94601e49ff95c77551f174c3ddbc95e5e54aae7fc5c99,27808971a9de896c75c8f7dac39e6fb8a093028055f8abb1a4b2b2cf3dfe94f5,767142,205434,33739,431,0,0.238300,0.810620,0.000482,0,,,,3100f880674f9ab608b4ff177f7c1460174f6f936b3988eea1b437b0563457d3,31,,,gutenberg_previous_pool:pg72470|candidate=0.999377|reference=0.982599;gutenberg_resolved:72470|candidate=0.999377|reference=0.983057,candidate_covered,,,,quality_pass,exclude_cross_corpus_duplicate_candidate,inactive_probe_only,
ll:2431320,2431320,Il duca di Fonteschiavi,Giustino Ferri,https://liberliber.it/autori/autori-f/giustino-ferri/il-duca-di-fonteschiavi/,nineteenth_century,nineteenth_century_bridge,eligible_fulltext_probe_inactive,https://creativecommons.org/licenses/by-nc-sa/4.0/,odt,https://liberliber.it/opere/download/?op=2431320&type=opera_url_odt,https://www.liberliber.eu/mediateca/libri/f/ferri_giustino/il_duca_di_fonteschiavi/odt/ferri_il_duca_di_fonteschiavi.odt,hit,data/local/liber_liber/fulltext_probe_v1/archives/ll_2431320.odt,data/local/liber_liber/fulltext_probe_v1/texts/ll_2431320.txt,9d1a296d37e546920c7b820720c13583d6fce4fbd5b8dc207bb015a9d0f3fa57,6266c037bb973556138e7c2b56c18a44addd3ea60bac3bdf4b2d92c7cfb1372f,767925,220213,36355,1059,0,0.284638,0.800498,0.000023,0,,,,4e919661036f6a831aa558e1b69561beaadd9dc299cd14ed36057278e428ee37,38,,,,,,,,quality_pass,quality_pass_pending_extraction_audit,inactive_probe_only,
ll:2431658,2431658,Il signor Io,Salvatore Farina,https://liberliber.it/autori/autori-f/salvatore-farina/il-signor-io/,nineteenth_century,nineteenth_century_bridge,eligible_fulltext_probe_inactive,https://creativecommons.org/licenses/by-nc-sa/4.0/,odt,https://liberliber.it/opere/download/?op=2431658&type=opera_url_odt,https://www.liberliber.eu/mediateca/libri/f/farina/il_signor_io/odt/farina_il_signor_io.odt,hit,data/local/liber_liber/fulltext_probe_v1/archives/ll_2431658.odt,data/local/liber_liber/fulltext_probe_v1/texts/ll_2431658.txt,cca42d41ddc3f0858653d36d09ebafbb1f639019faa0b9e8b5c896bebf38bae7,42b79294f89971e03e0c9a33c3afb029f6cac62bd91f56d3b6ca9d084f0c75c4,40811639,174110,29808,858,0,0.260467,0.789099,0.000293,0,,,,ee26dda467d2146e5893dcbcf23e90ff6b9783448ace6d6a1a8c606e5fbcc1c7,21,,,,,,,,quality_pass,quality_pass_pending_extraction_audit,inactive_probe_only,
ll:2431718,2431718,Un dramma nell’Oceano Pacifico,Emilio Salgari,https://liberliber.it/autori/autori-s/emilio-salgari/un-dramma-nelloceano-pacifico/,nineteenth_century,nineteenth_century_bridge,eligible_fulltext_probe_inactive,https://creativecommons.org/licenses/by-nc-sa/4.0/,odt,https://liberliber.it/opere/download/?op=2431718&type=opera_url_odt,https://www.liberliber.eu/mediateca/libri/s/salgari/un_dramma_nell_oceano_pacifico/odt/salgari_un_dramma_nell_oceano_pacifico.odt,hit,data/local/liber_liber/fulltext_probe_v1/archives/ll_2431718.odt,data/local/liber_liber/fulltext_probe_v1/texts/ll_2431718.txt,68b9e82ffd69e4150190107b5de3e2297d24aa3c2ca1b81251fc3a71b3553c1b,508aafe543218279a3a622a72797193e8a3e9c386b997128043678495f1cf1fa,3432518,326870,52775,2486,0,0.257698,0.792801,0.000572,0,,,,f5ce0e0944633e277321115e078ad46b17e657dff77b15f79f4d2a6c27002f3a,56,,,wikisource_resolved:itws:580335|candidate=0.967136|reference=0.967962,candidate_covered,,,,quality_pass,exclude_cross_corpus_duplicate_candidate,inactive_probe_only,
ll:2432144,2432144,Luigia Sanfelice,Francesco Mastriani,https://liberliber.it/autori/autori-m/francesco-mastriani/luigia-sanfelice/,nineteenth_century,nineteenth_century_bridge,eligible_fulltext_probe_inactive,https://creativecommons.org/licenses/by-nc-sa/4.0/,odt,https://liberliber.it/opere/download/?op=2432144&type=opera_url_odt,https://www.liberliber.eu/mediateca/libri/m/mastriani/luigia_sanfelice/odt/mastriani_luigia_sanfelice.odt,hit,data/local/liber_liber/fulltext_probe_v1/archives/ll_2432144.odt,data/local/liber_liber/fulltext_probe_v1/texts/ll_2432144.txt,0522fecc11f9ea0599138d6013eecd9ca940b9ac9b0a85ee579fd82726873ef7,a54ae19e42f21e2a0e26e7fa9f6f4e22bf27a29c552827c4419bc70c2cca1749,682452,606943,100088,3118,0,0.269743,0.807298,0.000677,0,,,,afefa1394ac5498ccaac1308c22c60aa41ceea36d185679117fe5e9eb60b6ee2,118,,,,,,,,quality_pass,quality_pass_pending_extraction_audit,inactive_probe_only,
ll:2432528,2432528,Uno dei mille della spedizione garibaldina nel Mezzodì d'Italia,Vittore Ottolini,https://liberliber.it/autori/autori-o/vittore-ottolini/uno-dei-mille-della-spedizione-garibaldina-nel-mezzodi-ditalia/,nineteenth_century,nineteenth_century_bridge,eligible_fulltext_probe_inactive,https://creativecommons.org/licenses/by-nc-sa/4.0/,odt,https://liberliber.it/opere/download/?op=2432528&type=opera_url_odt,https://www.liberliber.eu/mediateca/libri/o/ottolini/uno_dei_mille/odt/ottolini_uno_dei_mille.odt,hit,data/local/liber_liber/fulltext_probe_v1/archives/ll_2432528.odt,data/local/liber_liber/fulltext_probe_v1/texts/ll_2432528.txt,45de7804426d3c1eedb720b9d60bd6222c5df5c4f1127e6971a967a9a5739d68,19235cf5879f8c1f324a0d4dbda2b64268f73baaed088d77109559f4f93b786b,1690311,475669,77387,2075,0,0.253583,0.793363,0.001137,0,,,,8f8f5ca079f2f9599ec0c48e1c7d3553565e51510a74115523e618b2ce0b03c8,76,,,gutenberg_previous_pool:pg75660|candidate=0.998044|reference=0.939812;gutenberg_resolved:75660|candidate=0.998044|reference=0.939995,candidate_covered,,,,quality_pass,exclude_cross_corpus_duplicate_candidate,inactive_probe_only,
ll:2432614,2432614,La partenza del crociato ovvero Il prode Anselmo,Giovanni Visconti Venosta,https://liberliber.it/autori/autori-v/giovanni-visconti-venosta/la-partenza-del-crociato-ovvero-il-prode-anselmo/,nineteenth_century,historical_non_sonnet_poetry,eligible_fulltext_probe_inactive,https://creativecommons.org/licenses/by-nc-sa/4.0/,odt,https://liberliber.it/opere/download/?op=2432614&type=opera_url_odt,https://www.liberliber.eu/mediateca/libri/v/visconti_venosta/la_partenza_del_crociato/odt/visconti_venosta_la_partenza_del_crociato.odt,hit,data/local/liber_liber/fulltext_probe_v1/archives/ll_2432614.odt,data/local/liber_liber/fulltext_probe_v1/texts/ll_2432614.txt,46a24e6d966ef5006022b3b84cde84d0a9cb65b03ed033cfa1a0900c23cf9cda,0fa969ab1f3713d2f9d0b71a3017d286dc1534e53095a0cfae3e80392623cfeb,425171,3980,706,85,0,0.279037,0.791206,0.000000,0,,,,1b53df27089c4a7946e9c54e5dacecc840ecf85bf5ce4e038a2800f2c63b0fab,0,,,,,,,,quality_pass,quality_pass_pending_extraction_audit,inactive_probe_only,
ll:2432975,2432975,Il muto di Gallura,Enrico Costa,https://liberliber.it/autori/autori-c/enrico-costa/il-muto-di-gallura/,nineteenth_century,nineteenth_century_bridge,eligible_fulltext_probe_inactive,https://creativecommons.org/licenses/by-nc-sa/4.0/,odt,https://liberliber.it/opere/download/?op=2432975&type=opera_url_odt,https://www.liberliber.eu/mediateca/libri/c/costa_enrico/il_muto_di_gallura/odt/costa_il_muto_di_gallura.odt,hit,data/local/liber_liber/fulltext_probe_v1/archives/ll_2432975.odt,data/local/liber_liber/fulltext_probe_v1/texts/ll_2432975.txt,6bf62d03a3c21bbae8512fb23ca3c3bffcb88cc3ca29bdb16d75d796a898b1e9,bbacc72e25287ba028e2ca47a638ba1d6d3e513f84522f749a8ca9c6140525b8,536247,271419,45321,1349,0,0.272059,0.800659,0.000877,0,,,,b31235221fac67f2d68f30e25e040dc98453467da964f9a39459d947860b7a00,44,,,,,,,,quality_pass,quality_pass_pending_extraction_audit,inactive_probe_only,
ll:2433191,2433191,La giovinezza di Giulio Cesare,Giuseppe Rovani,https://liberliber.it/autori/autori-r/giuseppe-rovani/la-giovinezza-di-giulio-cesare/,nineteenth_century,nineteenth_century_bridge,eligible_fulltext_probe_inactive,https://creativecommons.org/licenses/by-nc-sa/4.0/,odt,https://liberliber.it/opere/download/?op=2433191&type=opera_url_odt,https://www.liberliber.eu/mediateca/libri/r/rovani/la_giovinezza_di_giulio_cesare/odt/rovani_la_giovinezza_di_giu_etc.odt,hit,data/local/liber_liber/fulltext_probe_v1/archives/ll_2433191.odt,data/local/liber_liber/fulltext_probe_v1/texts/ll_2433191.txt,3aeb811d9b41a3ab35d3aaf8d7255f685b3c69b2daeac755825a03a2c41ebee2,2f80c4a9f193448bd0aed3619cea10475be62b62ec762df23a9017c0993d5097,577105,446464,74184,1410,0,0.257050,0.803328,0.000199,0,,,,425ee0f0be575ffe787f8f5e880c2d4822571d75425595449e5b8b0f187973b0,74,,,gutenberg_previous_pool:pg75196|candidate=0.489202|reference=0.996319;gutenberg_previous_pool:pg75197|candidate=0.510582|reference=0.996001;gutenberg_resolved:75196|candidate=0.489202|reference=0.996757;gutenberg_resolved:75197|candidate=0.510582|reference=0.996420,embedded_reference_only,,,,quality_pass,quarantine_embedded_duplicate_segments_before_activation,inactive_probe_only,
ll:2434278,2434278,Fra le corde d'un contrabasso,Salvatore Farina,https://liberliber.it/autori/autori-f/salvatore-farina/fra-le-corde-dun-contrabasso/,nineteenth_century,nineteenth_century_bridge,eligible_fulltext_probe_inactive,https://creativecommons.org/licenses/by-nc-sa/4.0/,odt,https://liberliber.it/opere/download/?op=2434278&type=opera_url_odt,https://www.liberliber.eu/mediateca/libri/f/farina/fra_le_corde_d_un_contrabasso/odt/farina_fra_le_corde_d_un_contrabasso.odt,hit,data/local/liber_liber/fulltext_probe_v1/archives/ll_2434278.odt,data/local/liber_liber/fulltext_probe_v1/texts/ll_2434278.txt,ae3a79cc59326da851e2d5f4d9a2413bf06ae12c14dc8533256ac2f4bac13812,591e8cd6eade1ddb026a0c2c50b564dbffbd25115d1f3d9c06e8ae0836d6b0d8,457678,75638,12794,393,0,0.261451,0.788836,0.000145,0,,,,afa11fb29344b6a19f1c8fed7090436bdf2cb6a305464716052ce35350af962a,15,,,,,,,,quality_pass,quality_pass_pending_extraction_audit,inactive_probe_only,
ll:2434773,2434773,Il tesoro del presidente del Paraguay,Emilio Salgari,https://liberliber.it/autori/autori-s/emilio-salgari/il-tesoro-del-presidente-del-paraguay/,nineteenth_century,nineteenth_century_bridge,eligible_fulltext_probe_inactive,https://creativecommons.org/licenses/by-nc-sa/4.0/,odt,https://liberliber.it/opere/download/?op=2434773&type=opera_url_odt,https://www.liberliber.eu/mediateca/libri/s/salgari/il_tesoro_del_presidente_del_paraguay/odt/salgari_il_tesoro_del_presidente_etc.odt,hit,data/local/liber_liber/fulltext_probe_v1/archives/ll_2434773.odt,data/local/liber_liber/fulltext_probe_v1/texts/ll_2434773.txt,2bce151af5d28723cc91bc6144eb49f06da53ededd86bca280ac0b8e3bc14a69,4628e53ee20350193311303de53fa6039e9b52d46043c3361590e60d6cf228ac,625213,439527,70754,3652,0,0.260805,0.789528,0.000596,0,,,,5e2d282a730e2567ee1a06ef680adac28c5ea0505456ebf4ed10c54cc492c381,66,,,wikisource_resolved:itws:571131|candidate=0.952880|reference=0.953433,candidate_covered,,,,quality_pass,exclude_cross_corpus_duplicate_candidate,inactive_probe_only,
ll:2435088,2435088,Da Sassari a Cagliari e viceversa,Enrico Costa,https://liberliber.it/autori/autori-c/enrico-costa/da-sassari-a-cagliari-e-viceversa/,nineteenth_century,nineteenth_century_bridge,eligible_fulltext_probe_inactive,https://creativecommons.org/licenses/by-nc-sa/4.0/,odt,https://liberliber.it/opere/download/?op=2435088&type=opera_url_odt,https://www.liberliber.eu/mediateca/libri/c/costa_enrico/da_sassari_a_cagliari_e_viceversa/odt/costa_da_sassari_a_cagliari.odt,hit,data/local/liber_liber/fulltext_probe_v1/archives/ll_2435088.odt,data/local/liber_liber/fulltext_probe_v1/texts/ll_2435088.txt,d0bfedf1731b8162f7f66f71f70f75a24f527db4a87c0e390145e732dde528ec,f33c78131f788bc0e11b9defd2f9c31f1387ef6fc0f262be2dac494f562308bb,639607,264275,43226,2155,0,0.263800,0.788387,0.006228,0,,,,90e8edf342e2efa63fcb3e7631459b3eee2dda32dd836e0e0d703fc5130f07a7,44,,,,,,,,quality_pass,quality_pass_pending_extraction_audit,inactive_probe_only,
ll:2435194,2435194,Il mio ultimo amico,Edmondo De Amicis,https://liberliber.it/autori/autori-d/edmondo-de-amicis/il-mio-ultimo-amico/,nineteenth_century,nineteenth_century_bridge,eligible_fulltext_probe_inactive,https://creativecommons.org/licenses/by-nc-sa/4.0/,odt,https://liberliber.it/opere/download/?op=2435194&type=opera_url_odt,https://www.liberliber.eu/mediateca/libri/d/de_amicis/il_mio_ultimo_amico/odt/de_amicis_il_mio_ultimo_amico.odt,hit,data/local/liber_liber/fulltext_probe_v1/archives/ll_2435194.odt,data/local/liber_liber/fulltext_probe_v1/texts/ll_2435194.txt,3ad8c32fa861458494d0b29a941338459412248584ae3fa4311891de96a3ed6d,0daf3424b6e3b5246c98dbdc43deefaaa2c55a6d5043d1206976b0942ae9aa34,892078,24744,4406,34,0,0.284158,0.794576,0.000081,0,,,,94efcfeca9706763fe8bbe4deabb4c795be6d6aa6081af25d7bbddddc83a5277,4,,,,,,,,quality_pass,quality_pass_pending_extraction_audit,inactive_probe_only,
ll:2435995,2435995,Il quaderno della zia,Enrico Castelnuovo,https://liberliber.it/autori/autori-c/enrico-castelnuovo/il-quaderno-della-zia/,nineteenth_century,nineteenth_century_bridge,eligible_fulltext_probe_inactive,https://creativecommons.org/licenses/by-nc-sa/4.0/,odt,https://liberliber.it/opere/download/?op=2435995&type=opera_url_odt,https://www.liberliber.eu/mediateca/libri/c/castelnuovo/il_quaderno_della_zia/odt/castelnuovo_il_quaderno_della_zia.odt,hit,data/local/liber_liber/fulltext_probe_v1/archives/ll_2435995.odt,data/local/liber_liber/fulltext_probe_v1/texts/ll_2435995.txt,92c88b16333281b21a13d12ecba1019757092b1bdbddc9252db63e09ef8530f9,9bfa1e315c3bbd13933ecc53b6cb438636ea0b1d6352e307165b82bc6b14f125,613026,459329,78138,993,0,0.258607,0.794781,0.000425,0,,,,1e96db6cef2077f0f118801d9287248952a6f9f929464f71e5b19c00ea12bd9f,91,,,,,,,,quality_pass,quality_pass_pending_extraction_audit,inactive_probe_only,
ll:2438498,2438498,Roma sentimentale,Diego Angeli,https://liberliber.it/autori/autori-a/diego-angeli/roma-sentimentale/,nineteenth_century,nineteenth_century_bridge,eligible_fulltext_probe_inactive,https://creativecommons.org/licenses/by-nc-sa/4.0/,odt,https://liberliber.it/opere/download/?op=2438498&type=opera_url_odt,https://www.liberliber.eu/mediateca/libri/a/angeli/roma_sentimentale/odt/angeli_roma_sentimentale.odt,hit,data/local/liber_liber/fulltext_probe_v1/archives/ll_2438498.odt,data/local/liber_liber/fulltext_probe_v1/texts/ll_2438498.txt,0405f1caacec621e6ae3bf9af90e3ccd209fc2a0ff88987206749e9e4f6b81df,67e35c259269d403cc903b37e037316b4adfcc2536f6db9527f97fdf161262ff,12150020,87296,14638,202,0,0.261033,0.812752,0.000115,0,,,,169311e517ff438de87f0afa1b7c2545fda672d1e3b0081c3829c47818ccf415,17,,,,,,,,quality_pass,quality_pass_pending_extraction_audit,inactive_probe_only,
ll:2438526,2438526,Virtù e delitto o La famiglia del masnadiero,Gaetano Barbieri,https://liberliber.it/autori/autori-b/gaetano-barbieri/virtu-e-delitto-o-la-famiglia-del-masnadiero/,nineteenth_century,nineteenth_century_bridge,eligible_fulltext_probe_inactive,https://creativecommons.org/licenses/by-nc-sa/4.0/,odt,https://liberliber.it/opere/download/?op=2438526&type=opera_url_odt,https://www.liberliber.eu/mediateca/libri/b/barbieri_gaetano/virtu_e_delitto/odt/barbieri_virtu_e_delitto.odt,hit,data/local/liber_liber/fulltext_probe_v1/archives/ll_2438526.odt,data/local/liber_liber/fulltext_probe_v1/texts/ll_2438526.txt,c2ea9d5a950d1dda691f78e578fd483260fb27544b5c11385820d17431a671a8,2a95fb627f444f9ac06823679cd3de7ff051ffc03e90f67fa9546ab3df1296f0,987561,129402,21842,535,0,0.252907,0.799995,0.000070,0,,,,c810d3ebbfe26cfe77ff83b07edd4709438f9e7ce82623132126aea54e05a1b7,24,,,gutenberg_previous_pool:pg73733|candidate=1.000000|reference=0.990156;gutenberg_resolved:73733|candidate=1.000000|reference=0.992137,candidate_covered,,,,quality_pass,exclude_cross_corpus_duplicate_candidate,inactive_probe_only,
ll:2439362,2439362,I miei racconti,Enrico Panzacchi,https://liberliber.it/autori/autori-p/enrico-panzacchi/i-miei-racconti/,nineteenth_century,nineteenth_century_bridge,eligible_fulltext_probe_inactive,https://creativecommons.org/licenses/by-nc-sa/4.0/,odt,https://liberliber.it/opere/download/?op=2439362&type=opera_url_odt,https://www.liberliber.eu/mediateca/libri/p/panzacchi/i_miei_racconti/odt/panzacchi_i_miei_racconti.odt,hit,data/local/liber_liber/fulltext_probe_v1/archives/ll_2439362.odt,data/local/liber_liber/fulltext_probe_v1/texts/ll_2439362.txt,72aa5fd3602a32e8f414a3f28eba742e1d8af66942decec4ec4fd5b65e31cdf5,87d449bf6a89b7f8f625504e3a87e6603a70c05659243340640908b02da20b0e,1643636,339129,57085,1038,0,0.275939,0.797425,0.000124,0,,,review_language_variety_marker,c00b62f2916a39a4253ce2e90e060f27a3febe06026ed433f4031a67e4602554,55,,,,,,accept_standard_italian_context,The marker occurs in standard-Italian narration reporting that a captain gives orders in Genoese; no Genoese passage is supplied in the reviewed context.,review,quality_pass_after_bounded_review,inactive_probe_only,
ll:2439395,2439395,Rovine,Giovanni Faldella,https://liberliber.it/autori/autori-f/giovanni-faldella/rovine/,nineteenth_century,nineteenth_century_bridge,eligible_fulltext_probe_inactive,https://creativecommons.org/licenses/by-nc-sa/4.0/,odt,https://liberliber.it/opere/download/?op=2439395&type=opera_url_odt,https://www.liberliber.eu/mediateca/libri/f/faldella/rovine/odt/faldella_rovine.odt,hit,data/local/liber_liber/fulltext_probe_v1/archives/ll_2439395.odt,data/local/liber_liber/fulltext_probe_v1/texts/ll_2439395.txt,bf4954af7c9d15f5e29e61bd886737dd05a6d23c4f536184cd1de0f2bd5ea315,1d5cb06d5551d888aec4f3b3cfb9eb5ab938317660025c9d67f6652fdcf81d47,564016,253606,41177,1083,0,0.270977,0.800198,0.000319,0,,,,caf953dfa76dd088c26adaf5a4ad65107eb8452a2e78e0aa8f0907d0549839e6,47,,,,,,,,quality_pass,quality_pass_pending_extraction_audit,inactive_probe_only,
ll:2440440,2440440,La Costa d'Avorio,Emilio Salgari,https://liberliber.it/autori/autori-s/emilio-salgari/la-costa-davorio/,nineteenth_century,nineteenth_century_bridge,eligible_fulltext_probe_inactive,https://creativecommons.org/licenses/by-nc-sa/4.0/,odt,https://liberliber.it/opere/download/?op=2440440&type=opera_url_odt,https://www.liberliber.eu/mediateca/libri/s/salgari/la_costa_d_avorio/odt/salgari_la_costa_d_avorio.odt,hit,data/local/liber_liber/fulltext_probe_v1/archives/ll_2440440.odt,data/local/liber_liber/fulltext_probe_v1/texts/ll_2440440.txt,9ad713e5e42988dc7cf814d8ca6b87f2c163d9323b7664ea8ece8869b44b7991,ad6274ac7d9018915093906aa9989986db83f4fe2a3bbf536bd601c90ad51a9a,7638594,492882,79378,3535,0,0.246365,0.794973,0.000130,0,,,,fd2b5d96ad095b700ea5d8bdc52c22cbba09431ed54d262162b8ccf8587e5787,83,,,,,,,,quality_pass,quality_pass_pending_extraction_audit,inactive_probe_only,
ll:2440693,2440693,Monsù Tomè,Anton Giulio Barrili,https://liberliber.it/autori/autori-b/anton-giulio-barrili/monsu-tome/,nineteenth_century,nineteenth_century_bridge,eligible_fulltext_probe_inactive,https://creativecommons.org/licenses/by-nc-sa/4.0/,odt,https://liberliber.it/opere/download/?op=2440693&type=opera_url_odt,https://www.liberliber.eu/mediateca/libri/b/barrili/monsu_tome/odt/barrili_monsu_tome.odt,hit,data/local/liber_liber/fulltext_probe_v1/archives/ll_2440693.odt,data/local/liber_liber/fulltext_probe_v1/texts/ll_2440693.txt,6d3644f7b38554586491e1d8a2340de4583c76d901e05413be124fa6ac0bb5f8,94ec7a9c5790d59e9fc048d5f562b7581f1ee7268f5d214303f943960a716731,571186,366556,60128,1397,0,0.264852,0.794179,0.000311,0,,,review_language_variety_marker,c5a664ae2f86c5ed10bf62bc6f7c45cb1faa79d8c7f29ae84e0789affbfeb425,52,,,,,,accept_standard_italian_context,"The narrator describes the character as complimenting himself in Piedmontese, but renders the ensuing speech and the work's primary narrative in standard literary Italian.",review,quality_pass_after_bounded_review,inactive_probe_only,
ll:2440899,2440899,Pompei,Candido Augusto Vecchi,https://liberliber.it/autori/autori-v/candido-augusto-vecchi/pompei/,nineteenth_century,nineteenth_century_bridge,eligible_fulltext_probe_inactive,https://creativecommons.org/licenses/by-nc-sa/4.0/,odt,https://liberliber.it/opere/download/?op=2440899&type=opera_url_odt,https://www.liberliber.eu/mediateca/libri/v/vecchi/pompei/odt/vecchi_pompei.odt,hit,data/local/liber_liber/fulltext_probe_v1/archives/ll_2440899.odt,data/local/liber_liber/fulltext_probe_v1/texts/ll_2440899.txt,a4d821901679baa9d4e10e9bdabb6e4596d517ea9c523f641f3975a756f8ef63,7b2f5d57a3e4f228e4919164d5fea3e4297bb43afe4268fd3885c12b39419240,826013,719057,120031,2135,0,0.263865,0.793854,0.000191,1,errata:1,,,1f7eac860c82ae3983096b8262ee6a844e255ca71473c33213f5d2f25df928d0,140,,,gutenberg_previous_pool:pg76652|candidate=0.999650|reference=0.996569;gutenberg_resolved:76652|candidate=0.999650|reference=0.996702,candidate_covered,,,,quality_pass,exclude_cross_corpus_duplicate_candidate,inactive_probe_only,
ll:2441114,2441114,Il Marchese del Grillo ; Gaetanino,Raffaello Giovagnoli,https://liberliber.it/autori/autori-g/raffaello-giovagnoli/il-marchese-del-grillo-gaetanino/,nineteenth_century,nineteenth_century_bridge,eligible_fulltext_probe_inactive,https://creativecommons.org/licenses/by-nc-sa/4.0/,odt,https://liberliber.it/opere/download/?op=2441114&type=opera_url_odt,https://www.liberliber.eu/mediateca/libri/g/giovagnoli/il_marchese_del_grillo/odt/giovagnoli_il_marchese_del_etc.odt,hit,data/local/liber_liber/fulltext_probe_v1/archives/ll_2441114.odt,data/local/liber_liber/fulltext_probe_v1/texts/ll_2441114.txt,c7bd931d16efd2d247ad57d28fb494e604533df9d6ff6e7f06ae4a95fae0fc76,2a5188e3fe15dc414a9d76be717e04031db681391f7efd2c5aa86dd03da1a4d8,584852,99849,16163,495,0,0.270742,0.800509,0.002414,0,,,,8ff3f2f3b917cf25c41da40cfc4dc8e7ba25988fe1bae4bc6eb83d26f40b42d8,19,,,,,,,,quality_pass,quality_pass_pending_extraction_audit,inactive_probe_only,
ll:2441338,2441338,"Il prete, il carabiniere e la vittima",Nicola Del Vecchio,https://liberliber.it/autori/autori-d/nicola-del-vecchio/il-prete-il-carabiniere-e-la-vittima/,nineteenth_century,nineteenth_century_bridge,eligible_fulltext_probe_inactive,https://creativecommons.org/licenses/by-nc-sa/4.0/,odt,https://liberliber.it/opere/download/?op=2441338&type=opera_url_odt,https://www.liberliber.eu/mediateca/libri/d/del_vecchio/il_prete_il_carabiniere/odt/del_vecchio_il_prete_il_car_etc.odt,hit,data/local/liber_liber/fulltext_probe_v1/archives/ll_2441338.odt,data/local/liber_liber/fulltext_probe_v1/texts/ll_2441338.txt,987a9aedfad9062e50c49d03319777440f4fd26d056d971c801f4ec079d2ee57,38df7b981c0090beb01b1751f7272848c0246097157ebbb6206a87604d956282,719427,403968,69615,1512,0,0.248955,0.784307,0.000460,0,,,,c9351467a6970ad998fd8144782b67edaff1bf3f61e267d41fc6553b74980ca3,57,,,,,,,,quality_pass,quality_pass_pending_extraction_audit,inactive_probe_only,
ll:2442704,2442704,"Eufemia, ovvero Il segreto di due amanti",Francesco Mastriani,https://liberliber.it/autori/autori-m/francesco-mastriani/eufemia-ovvero-il-segreto-di-due-amanti/,nineteenth_century,nineteenth_century_bridge,eligible_fulltext_probe_inactive,https://creativecommons.org/licenses/by-nc-sa/4.0/,odt,https://liberliber.it/opere/download/?op=2442704&type=opera_url_odt,https://www.liberliber.eu/mediateca/libri/m/mastriani/eufemia/odt/mastriani_eufemia.odt,hit,data/local/liber_liber/fulltext_probe_v1/archives/ll_2442704.odt,data/local/liber_liber/fulltext_probe_v1/texts/ll_2442704.txt,3f938fb5330b6e4c665bdb27f157fd45135bf7673e84658a8fe5ac1985b6b5ea,9c4b8b9ff528631bc0a92e2a108c721fc4e33c9a07121bea833319e5ea000912,1893563,461901,78090,1684,0,0.261391,0.796781,0.000320,0,,,,2e79eb354c407a0e6f29772eba7756af3e1b0daf8d5a927681ac38192c5f635d,82,,,,,,,,quality_pass,quality_pass_pending_extraction_audit,inactive_probe_only,
