ebook_id,title,authors,preliminary_role,period_bucket,inventory_status,resolution_pass,final_period_bucket,final_role,metadata_final_decision,final_resolution_status,final_activation_class,landing_page_url,fetched_url,cache_status,probe_status,error,raw_character_count,cleaned_character_count,cleaned_word_count,nonempty_line_count,replacement_character_count,italian_function_word_ratio,alphabetic_character_ratio,digit_character_ratio,editorial_marker_count,editorial_markers,quality_review_flags,language_variety_flags,normalized_word_sha256,fingerprint_anchor_count,possible_existing_work_matches,metadata_intra_gutenberg_duplicate_ids,intra_gutenberg_exact_duplicate_ids,intra_gutenberg_near_duplicate_metrics,prior_gutenberg_overlap_metrics,prior_gutenberg_duplicate_scope,bibit_overlap_metrics,current_corpus_overlap_metrics,cross_corpus_duplicate_scope,heldout_sonnet_overlap_metrics,manual_review_resolution,manual_review_rationale,probe_decision
7121,Da Firenze a Digione: Impressioni di un reduce Garibaldino,"Socci, Ettore",date_and_role_review,author_died_after_1900_review,review_work_publication_date,pass_1b,nineteenth_century_bridge,nineteenth_century_bridge_candidate,eligible_nineteenth_century_candidate,pass_1b_authoritative_resolved,eligible_probe,https://www.gutenberg.org/ebooks/7121,https://www.gutenberg.org/ebooks/7121.txt.utf-8,hit,quality_pass,,519943,500253,82151,8152,0,0.264476,0.797794,0.000418,0,,,,46ea179af0ad4e70264e58b124aa8d5d097fd903f96d06e888e94b9b8c310c9f,86,,,,,,,,,,,,,quality_pass_pending_editorial_activation_review
7781,La Vita Sul Pianeta Marte,"Schiaparelli, G. V. (Giovanni Virginio)",date_and_role_review,author_died_after_1900_review,review_work_publication_date,pass_1b,nineteenth_century_bridge,nineteenth_century_bridge_candidate,eligible_nineteenth_century_candidate,pass_1b_authoritative_resolved,eligible_probe,https://www.gutenberg.org/ebooks/7781,https://www.gutenberg.org/ebooks/7781.txt.utf-8,hit,quality_pass,,150984,131489,21145,2031,0,0.248948,0.80701,0.006495,0,,,,60421e924b34eb4b5d2a12a6f827586f0ac25b0bed68faea0350571f4160ef43,27,,,,,,,,,,,,,quality_pass_pending_editorial_activation_review
11206,Compendio di Chimica Fisiologica,"Cominelli, A. (Alfredo)",date_and_role_review,unknown,review_missing_period_evidence,pass_1b,nineteenth_century_bridge,nineteenth_century_bridge_candidate,eligible_nineteenth_century_candidate,pass_1b_authoritative_resolved,eligible_probe,https://www.gutenberg.org/ebooks/11206,https://www.gutenberg.org/ebooks/11206.txt.utf-8,hit,quality_pass,,148581,129021,19709,2405,0,0.234614,0.7886,0.006371,1,alphabetical_index:1,,,ea584003881005be6b6feb0184f161abff3440b762469a4755aee2e588a29f6a,22,,,,,,,,,,,,,quality_pass_pending_editorial_activation_review
11492,Il Tenente dei Lancieri: Romanzo,"Rovetta, Gerolamo",date_and_role_review,author_died_after_1900_review,review_work_publication_date,pass_1b,nineteenth_century_bridge,nineteenth_century_bridge_candidate,eligible_nineteenth_century_candidate,pass_1b_authoritative_resolved,eligible_probe,https://www.gutenberg.org/ebooks/11492,https://www.gutenberg.org/ebooks/11492.txt.utf-8,hit,quality_pass,,229051,209631,34381,3708,0,0.272767,0.77594,4.3e-05,0,,,,4e4dbd082f0b4ee43ca17d8851fc8ab10bca802bba03a1b2da599f7062a7bb10,24,,,,,,,,,,,,,quality_pass_pending_editorial_activation_review
11644,La notte del Commendatore,"Barrili, Anton Giulio",date_and_role_review,author_died_after_1900_review,review_work_publication_date,pass_1b,nineteenth_century_bridge,nineteenth_century_bridge_candidate,eligible_nineteenth_century_candidate,pass_1b_authoritative_resolved,eligible_probe,https://www.gutenberg.org/ebooks/11644,https://www.gutenberg.org/ebooks/11644.txt.utf-8,hit,quality_pass,,677528,658035,111190,10739,0,0.270384,0.788648,8e-06,0,,,,ae1af3c0e113738deabf1c1de61bc9f6e2fd232b1d821d96eee4d9e56595fb30,95,,,,,,,,,,,,,quality_pass_pending_editorial_activation_review
11724,Roberta,"Zùccoli, Luciano",date_and_role_review,author_died_after_1900_review,review_work_publication_date,pass_1b,nineteenth_century_bridge,nineteenth_century_bridge_candidate,eligible_nineteenth_century_candidate,pass_1b_authoritative_resolved,eligible_probe,https://www.gutenberg.org/ebooks/11724,https://www.gutenberg.org/ebooks/11724.txt.utf-8,hit,quality_pass,,287713,268297,43278,4508,0,0.259254,0.789122,0.000142,0,,,,c8db411750ba1cae8e413e5b7a01c78372517aedd9045b0342406b13e08e73cd,42,,,,,,,,,,,,,quality_pass_pending_editorial_activation_review
12446,Il Designato: Romanzo,"Zùccoli, Luciano",date_and_role_review,author_died_after_1900_review,review_work_publication_date,pass_1b,nineteenth_century_bridge,nineteenth_century_bridge_candidate,eligible_nineteenth_century_candidate,pass_1b_authoritative_resolved,eligible_probe,https://www.gutenberg.org/ebooks/12446,https://www.gutenberg.org/ebooks/12446.txt.utf-8,hit,quality_pass,,398231,378761,61334,6393,0,0.243552,0.793104,5.5e-05,0,,,,633082de8968163f02e1648ad38b59fa899e2076e46254ad32b26d752a125175,80,,,,,,,,,,,,,quality_pass_pending_editorial_activation_review
17687,Il libro delle figurazioni ideali,"Lucini, Gian Pietro",historical_non_sonnet_poetry_candidate,author_died_after_1900_review,review_work_publication_date,pass_1b,nineteenth_century_bridge,historical_non_sonnet_poetry_candidate,eligible_nineteenth_century_candidate,pass_1b_authoritative_resolved,eligible_probe,https://www.gutenberg.org/ebooks/17687,https://www.gutenberg.org/ebooks/17687.txt.utf-8,hit,quality_pass,,109943,90539,13620,2237,0,0.226065,0.683131,0.000475,0,,,,fdc91c550eeb3ae937349fe8a3bb48695e79f083eb0977491e150e1ddc10e1a1,16,,,,,,,,,,,,,quality_pass_pending_editorial_activation_review
17836,Nel paese dei dollari: Tre anni a New-York,"Rossi, Adolfo",date_and_role_review,author_died_after_1900_review,review_work_publication_date,pass_1b,nineteenth_century_bridge,nineteenth_century_bridge_candidate,eligible_nineteenth_century_candidate,pass_1b_authoritative_resolved,eligible_probe,https://www.gutenberg.org/ebooks/17836,https://www.gutenberg.org/ebooks/17836.txt.utf-8,hit,quality_pass,,297738,278189,45101,4507,0,0.274584,0.804917,0.001499,0,,,,59a14c1d4d63ce4a4b81aa040df54bd69edb11d421ef7552c1ed68771f7934a5,41,,,,,,,,,,,,,quality_pass_pending_editorial_activation_review
17850,La pergamena distrutta: Romanzo del secolo XVI,"Mulazzi, Virginia",date_and_role_review,unknown,review_missing_period_evidence,pass_1b,nineteenth_century_bridge,nineteenth_century_bridge_candidate,eligible_nineteenth_century_candidate,pass_1b_authoritative_resolved,eligible_probe,https://www.gutenberg.org/ebooks/17850,https://www.gutenberg.org/ebooks/17850.txt.utf-8,hit,quality_pass,,764487,744914,119691,13721,0,0.241455,0.776691,7.4e-05,0,,,,02fa7bdb1ebcfe59659e309c4b0d911b4b872a274aecdaecc8e2d71406b116c1,122,,,,,,,,,,,,,quality_pass_pending_editorial_activation_review
17852,Senz'Amore,"Colombi, marchesa",date_and_role_review,author_died_after_1900_review,review_work_publication_date,pass_1b,nineteenth_century_bridge,nineteenth_century_bridge_candidate,eligible_nineteenth_century_candidate,pass_1b_authoritative_resolved,eligible_probe,https://www.gutenberg.org/ebooks/17852,https://www.gutenberg.org/ebooks/17852.txt.utf-8,hit,quality_pass,,311132,291677,48772,4800,0,0.268966,0.795383,0.000219,0,,,,f4e0a09ff4b76eb5bc4f879678a8bcb7d04439eeaf2eeb38c598149b36580bc6,46,,,,,,,,,,,,,quality_pass_pending_editorial_activation_review
17858,Il ritratto del diavolo,"Barrili, Anton Giulio",date_and_role_review,author_died_after_1900_review,review_work_publication_date,pass_1b,nineteenth_century_bridge,nineteenth_century_bridge_candidate,eligible_nineteenth_century_candidate,pass_1b_authoritative_resolved,eligible_probe,https://www.gutenberg.org/ebooks/17858,https://www.gutenberg.org/ebooks/17858.txt.utf-8,hit,quality_pass,,419297,399709,67163,6542,0,0.266024,0.788666,9e-05,0,,,,f73c7906d9d09eeb89d791ead6ebcd3572ad1c50af9795766f2ab2ad38f8fa6f,74,,,,,,,,,,,,,quality_pass_pending_editorial_activation_review
17874,Tre racconti sentimentali,"Bettoni, Paolo",date_and_role_review,unknown,review_missing_period_evidence,pass_1b,nineteenth_century_bridge,nineteenth_century_bridge_candidate,eligible_nineteenth_century_candidate,pass_1b_authoritative_resolved,eligible_probe,https://www.gutenberg.org/ebooks/17874,https://www.gutenberg.org/ebooks/17874.txt.utf-8,hit,quality_pass,,187022,167581,28056,2613,0,0.273631,0.805258,7.8e-05,0,,,,0677fbb10d457e233a6d15f6b93fdc0f24b42069d2999cf36ed66ad7dd034b5d,30,,,,,,,,,,,,,quality_pass_pending_editorial_activation_review
17876,Come le foglie,"Giacosa, Giuseppe",date_and_role_review,author_died_after_1900_review,review_work_publication_date,pass_1b,nineteenth_century_bridge,nineteenth_century_bridge_candidate,eligible_nineteenth_century_candidate,pass_1b_authoritative_resolved,eligible_probe,https://www.gutenberg.org/ebooks/17876,https://www.gutenberg.org/ebooks/17876.txt.utf-8,hit,quality_pass,,139447,120120,19517,3897,0,0.22319,0.727997,0.000516,0,,,,a8cf02072224d049a7f2f4d2cb806e64e850ccdab8b9ef64f5ef99e66967a902,19,,,,,,,,,,,,,quality_pass_pending_editorial_activation_review
17905,Vecchie cadenze e nuove,"De Marchi, Emilio",historical_non_sonnet_poetry_candidate,author_died_after_1900_review,review_work_publication_date,pass_1b,nineteenth_century_bridge,historical_non_sonnet_poetry_candidate,eligible_nineteenth_century_candidate,pass_1b_authoritative_resolved,eligible_probe,https://www.gutenberg.org/ebooks/17905,https://www.gutenberg.org/ebooks/17905.txt.utf-8,hit,quality_pass,,154605,135079,21358,3570,0,0.245575,0.681157,0.001251,0,,,,836b77b530c62d8d757b9c3ce01bdd4d3be60305584e242ba61f4dea2bebe83b,28,,,,,,,,,,,,,quality_pass_pending_editorial_activation_review
17908,Nel sogno,Neera,date_and_role_review,author_died_after_1900_review,review_work_publication_date,pass_1b,nineteenth_century_bridge,nineteenth_century_bridge_candidate,eligible_nineteenth_century_candidate,pass_1b_authoritative_resolved,eligible_probe,https://www.gutenberg.org/ebooks/17908,https://www.gutenberg.org/ebooks/17908.txt.utf-8,hit,quality_pass,,118025,98590,16053,1741,0,0.264935,0.778264,8.1e-05,0,,,,7f622581c3ccf6e72afc3d3bd5f0f94683c56a9955485cb5c4e1b9f22c69151d,19,,,,,,,,,,,,,quality_pass_pending_editorial_activation_review
17986,"Dialogo sopra la generatione de venti, baleni, tuoni, fulgori, fiumi, laghi, valli et montagne","Agrippa, Camillo",date_and_role_review,unknown,review_missing_period_evidence,pass_1b,origins_through_1800,historical_general_candidate,eligible_historical_core_candidate,pass_1b_authoritative_resolved,eligible_probe,https://www.gutenberg.org/ebooks/17986,https://www.gutenberg.org/ebooks/17986.txt.utf-8,hit,quality_pass,,69320,49530,8528,816,0,0.195708,0.766041,0.000646,0,,,,12762ae3a550f778ec43b31c7fe7304cf31ac2c8e22e07859fe292b060663b64,9,,,,,,,,,,,,,quality_pass_pending_editorial_activation_review
18046,Una notte fatale: ovvero il racconto dell'esiliato / bozzetti milanesi,"Porati, R. A.",date_and_role_review,unknown,review_missing_period_evidence,pass_1b,nineteenth_century_bridge,nineteenth_century_bridge_candidate,eligible_nineteenth_century_candidate,pass_1b_authoritative_resolved,eligible_probe,https://www.gutenberg.org/ebooks/18046,https://www.gutenberg.org/ebooks/18046.txt.utf-8,hit,quality_pass,,276617,257145,42280,4665,0,0.241438,0.7856,0.000268,0,,,,85214d832a68a782e382dc3b914890f6fc2758a190f79406bd4e6f4137afea2e,49,,,,,,,,,,,,,quality_pass_pending_editorial_activation_review
19886,Fiore di leggende: Cantari antichi I - cantari leggendari,,historical_non_sonnet_poetry_candidate,unknown,review_missing_period_evidence,pass_1b,nineteenth_century_bridge,historical_non_sonnet_poetry_candidate,eligible_nineteenth_century_candidate,pass_1b_authoritative_resolved,eligible_probe,https://www.gutenberg.org/ebooks/19886,https://www.gutenberg.org/ebooks/19886.txt.utf-8,hit,quality_pass,,556878,537411,82764,14121,0,0.242122,0.64152,0.012556,2,errata:2,,,5ba63cbd84272088c6a880b23fa6cb1150bacf3db1675a83d5a24ec2b35a2b3b,70,,,,,,,,,,,,,quality_pass_pending_editorial_activation_review
19888,Nuove storie d'ogni colore,"De Marchi, Emilio",date_and_role_review,author_died_after_1900_review,review_work_publication_date,pass_1b,nineteenth_century_bridge,nineteenth_century_bridge_candidate,eligible_nineteenth_century_candidate,pass_1b_authoritative_resolved,eligible_probe,https://www.gutenberg.org/ebooks/19888,https://www.gutenberg.org/ebooks/19888.txt.utf-8,hit,quality_pass,,253028,233480,38794,3921,0,0.275661,0.77796,0.000938,0,,,,f4353c2c8afc069658b7c32d55fcca505231131406ff1feb6004844d1ec44b8d,45,,,,,,,,,,,,,quality_pass_pending_editorial_activation_review
19894,In gondoleta: Barcarole e Rime Veneziane,"Negri, Antonio",historical_non_sonnet_poetry_candidate,unknown,review_missing_period_evidence,pass_1b,nineteenth_century_bridge,historical_non_sonnet_poetry_candidate,eligible_nineteenth_century_candidate,pass_1b_authoritative_resolved,eligible_probe,https://www.gutenberg.org/ebooks/19894,https://www.gutenberg.org/ebooks/19894.txt.utf-8,hit,quality_pass,,75232,55772,8303,1564,0,0.169818,0.602309,0.009503,0,,,review_language_variety_marker,941b756f37c44f1231473b3012f8a6523689ad4045ae9f11c17c15dea77245fd,4,,,,,,,,,,,exclude_standard_italian_core_venetian_dialect,The preface explicitly identifies the primary verse as dialetto veneziano; keep it outside the standard-Italian core.,exclude_standard_italian_core_language_composition
20182,La rovina,"Novaro, Angiolo Silvio",date_and_role_review,author_died_after_1900_review,review_work_publication_date,pass_1b,nineteenth_century_bridge,nineteenth_century_bridge_candidate,eligible_nineteenth_century_candidate,pass_1b_authoritative_resolved,eligible_probe,https://www.gutenberg.org/ebooks/20182,https://www.gutenberg.org/ebooks/20182.txt.utf-8,hit,quality_pass,,128050,108632,18036,1907,0,0.260645,0.781915,0.000589,0,,,,dd97f226133395d96eb8c0c73ad790a3b799ea7043a7f4b557ff3380b48bb3f9,21,,,,,,,,,,,,,quality_pass_pending_editorial_activation_review
21423,L'infedele,"Serao, Matilde",date_and_role_review,author_died_after_1900_review,review_work_publication_date,pass_1b,nineteenth_century_bridge,nineteenth_century_bridge_candidate,eligible_nineteenth_century_candidate,pass_1b_authoritative_resolved,eligible_probe,https://www.gutenberg.org/ebooks/21423,https://www.gutenberg.org/ebooks/21423.txt.utf-8,hit,quality_pass,,171193,151784,24756,2617,0,0.254322,0.778699,0.000402,0,,,,5f4c7359b231f035a84dc47a6fdd4671434b8b73e6acaecb70d0924e93c57245,13,,,,,,,,,,,,,quality_pass_pending_editorial_activation_review
22025,Costituzione della Repubblica Italiana e Statuti Costituzionali del Regno d'Italia,Anonymous,date_and_role_review,unknown,review_missing_period_evidence,pass_1b,nineteenth_century_bridge,nineteenth_century_bridge_candidate,eligible_nineteenth_century_candidate,pass_1b_authoritative_resolved,eligible_probe,https://www.gutenberg.org/ebooks/22025,https://www.gutenberg.org/ebooks/22025.txt.utf-8,hit,quality_pass,,166185,146421,22037,2833,0,0.246994,0.77954,0.011153,1,editor_note:1,,,a45b578fb9076de1c05c113e9c6390ceb019343b2da5f60c0e91901d1a26ff83,28,,,,,,,,,,,,,quality_pass_pending_editorial_activation_review
22026,"I demagoghi: O, I misteri di Livorno","Monteverde, Cesare",date_and_role_review,unknown,review_missing_period_evidence,pass_1b,nineteenth_century_bridge,nineteenth_century_bridge_candidate,eligible_nineteenth_century_candidate,pass_1b_authoritative_resolved,eligible_probe,https://www.gutenberg.org/ebooks/22026,https://www.gutenberg.org/ebooks/22026.txt.utf-8,hit,quality_pass,,675990,656518,108062,10848,0,0.251457,0.79074,0.000423,1,editor_note:1,,,7815ccd5a3c50985f06023668cf5b8a100c55e02f7ae86226e67c12fb8f5346b,105,,,,,,,,,,,,,quality_pass_pending_editorial_activation_review
22502,Economisti del cinque e seicento,"Montanari, Geminiano;Scaruffi, Gasparo;Serra, Antonio, active 1613",date_and_role_review,unknown,review_missing_period_evidence,pass_1b,origins_through_1800,historical_general_candidate,eligible_historical_core_candidate,pass_1b_authoritative_resolved,eligible_probe,https://www.gutenberg.org/ebooks/22502,https://www.gutenberg.org/ebooks/22502.txt.utf-8,hit,quality_pass,,827616,807937,132562,12321,0,0.270643,0.752388,0.00892,0,,,,738008f6ee6cf725e775a5fc6719d765a2854030858f98575d6042f127ae8aa7,126,,,,,,,,,,,,,quality_pass_pending_editorial_activation_review
22505,Riconciliazione,"Guidi, Tommasina",date_and_role_review,author_died_after_1900_review,review_work_publication_date,pass_1b,nineteenth_century_bridge,nineteenth_century_bridge_candidate,eligible_nineteenth_century_candidate,pass_1b_authoritative_resolved,eligible_probe,https://www.gutenberg.org/ebooks/22505,https://www.gutenberg.org/ebooks/22505.txt.utf-8,hit,quality_pass,,141145,121654,19510,2137,0,0.268683,0.768869,0.002154,1,editor_note:1,,,77a0134bebcd37c2ba172e7834f97219566ab25f67b8338ab1e1ba5cf4d77d88,23,,,,,,,,,,,,,quality_pass_pending_editorial_activation_review
22507,Romanzo d'una signorina per bene,"Vertua Gentile, Anna",date_and_role_review,author_died_after_1900_review,review_work_publication_date,pass_1b,nineteenth_century_bridge,nineteenth_century_bridge_candidate,eligible_nineteenth_century_candidate,pass_1b_authoritative_resolved,eligible_probe,https://www.gutenberg.org/ebooks/22507,https://www.gutenberg.org/ebooks/22507.txt.utf-8,hit,quality_pass,,210056,190493,30775,3116,0,0.296247,0.765346,0.002436,1,editor_note:1,,,cfb0395a61719c96be4b31d452ae42b52032a3fa5e97d9750e9b76e1b123ae01,23,,,,,,,,,,,,,quality_pass_pending_editorial_activation_review
23297,La Gioconda,"D'Annunzio, Gabriele",date_and_role_review,author_died_after_1900_review,review_work_publication_date,pass_1b,nineteenth_century_bridge,nineteenth_century_bridge_candidate,eligible_nineteenth_century_candidate,pass_1b_authoritative_resolved,eligible_probe,https://www.gutenberg.org/ebooks/23297,https://www.gutenberg.org/ebooks/23297.txt.utf-8,hit,quality_pass,,144661,125349,21265,2652,0,0.24458,0.768008,0.000112,1,editor_note:1,,,19b2ac08d647d43d57ae5bd5cc605d721d6d0fe66d4fa5d08f8451c5c17a032a,22,,,,,,,,,,,,,quality_pass_pending_editorial_activation_review
24072,First Italian Readings,Various,date_and_role_review,unknown,review_missing_period_evidence,pass_1b,nineteenth_century_bridge,nineteenth_century_bridge_candidate,eligible_nineteenth_century_candidate,pass_1b_authoritative_resolved,eligible_probe,https://www.gutenberg.org/ebooks/24072,https://www.gutenberg.org/ebooks/24072.txt.utf-8,hit,quality_pass,,350792,331436,46216,7565,0,0.182621,0.702941,0.001837,1,editor_note:1,,,4969e9740da3c1a887a4ce539ae48dd02e972e5fae1645bfeb5e571ad5d02d33,42,,,,,,,,,,,,,quality_pass_pending_editorial_activation_review
25180,La favorita del Mahdi,"Salgari, Emilio",date_and_role_review,author_died_after_1900_review,review_work_publication_date,pass_1b,nineteenth_century_bridge,nineteenth_century_bridge_candidate,eligible_nineteenth_century_candidate,pass_1b_authoritative_resolved,eligible_probe,https://www.gutenberg.org/ebooks/25180,https://www.gutenberg.org/ebooks/25180.txt.utf-8,hit,quality_pass,,724361,704849,116309,12829,0,0.252577,0.779512,0.000519,1,editor_note:1,,,be6c48e61037c529a1690c1c8702a8a2351406b2e801838b56df512bacc45048,116,,,,,,,,,,,,,quality_pass_pending_editorial_activation_review
25209,I ladri della pace,"Bianchi, Arturo",date_and_role_review,author_died_after_1900_review,review_work_publication_date,pass_1b,nineteenth_century_bridge,nineteenth_century_bridge_candidate,eligible_nineteenth_century_candidate,pass_1b_authoritative_resolved,eligible_probe,https://www.gutenberg.org/ebooks/25209,https://www.gutenberg.org/ebooks/25209.txt.utf-8,hit,quality_pass,,330271,310767,48047,4989,0,0.234916,0.764563,0.001551,2,editor_note:1;errata:1,,,efa99c0260a9d8282aba7375bff147084df9d9f56bfaa5485dff839b511e8907,53,,,,,,,,,,,,,quality_pass_pending_editorial_activation_review
25312,Nabuco,"Fontana, Ferdinando",historical_non_sonnet_poetry_candidate,author_died_after_1900_review,review_work_publication_date,pass_1b,nineteenth_century_bridge,historical_non_sonnet_poetry_candidate,eligible_nineteenth_century_candidate,pass_1b_authoritative_resolved,eligible_probe,https://www.gutenberg.org/ebooks/25312,https://www.gutenberg.org/ebooks/25312.txt.utf-8,hit,quality_pass,,136727,117275,14898,2880,0,0.213183,0.569294,0.000853,1,errata:1,,,4951a7abfdbb7471f2e02b6ef0faa578afd503d181134372618ded338a9bada5,15,,,,,,,,,,,,,quality_pass_pending_editorial_activation_review
25587,I drammi de' campi: Padre Don Giuseppe—La vendetta—Proprietari e fittaiuoli— Sequestro.,"Raga, Emilio",date_and_role_review,unknown,review_missing_period_evidence,pass_1b,nineteenth_century_bridge,nineteenth_century_bridge_candidate,eligible_nineteenth_century_candidate,pass_1b_authoritative_resolved,eligible_probe,https://www.gutenberg.org/ebooks/25587,https://www.gutenberg.org/ebooks/25587.txt.utf-8,hit,quality_pass,,574831,555337,92829,9428,0,0.271208,0.781815,0.000171,0,,,,37ee9127bf9aa001ad79c47422d25f4ae072a72f86beedcdbcc26ca9a737d767,101,,,,,,,,,,,,,quality_pass_pending_editorial_activation_review
25605,I misteri del processo Monti e Tognetti,"Sanvittore, Gaetano",date_and_role_review,unknown,review_missing_period_evidence,pass_1b,nineteenth_century_bridge,nineteenth_century_bridge_candidate,eligible_nineteenth_century_candidate,pass_1b_authoritative_resolved,eligible_probe,https://www.gutenberg.org/ebooks/25605,https://www.gutenberg.org/ebooks/25605.txt.utf-8,hit,quality_pass,,450906,431377,69491,7539,0,0.257947,0.791435,0.000872,0,,,,517941edc6aaa7979225b4b86e102660d6108d2494023d8f551284753f27314b,79,,,,,,,,,,,,,quality_pass_pending_editorial_activation_review
27590,Cabiria: Visione storica del terzo secolo A. C.,"D'Annunzio, Gabriele",date_and_role_review,author_died_after_1900_review,review_work_publication_date,pass_1b,nineteenth_century_bridge,nineteenth_century_bridge_candidate,eligible_nineteenth_century_candidate,pass_1b_authoritative_resolved,eligible_probe,https://www.gutenberg.org/ebooks/27590,https://www.gutenberg.org/ebooks/27590.txt.utf-8,hit,quality_pass,,37198,17666,2819,498,0,0.264278,0.75801,0.000226,0,,,,fc245a804a340e5e5be367e51e0cdbd794502e69f1bbdf1707837b9d5582627f,6,,,,,,,,,,,,,quality_pass_pending_editorial_activation_review
27608,Bollettino del Club Alpino Italiano 1895-96: Vol. 29 Num. 62,Various,date_and_role_review,unknown,review_missing_period_evidence,pass_1b,nineteenth_century_bridge,nineteenth_century_bridge_candidate,eligible_nineteenth_century_candidate,pass_1b_authoritative_resolved,eligible_probe,https://www.gutenberg.org/ebooks/27608,https://www.gutenberg.org/ebooks/27608.txt.utf-8,hit,quality_pass,,685220,665718,102741,10200,0,0.244177,0.772378,0.012966,2,editor_note:1;errata:1,,,d85bff33e64f6f4f75a0cafbbfdd2e118fdc389829ffaa07a1fcafcead2dbb63,110,,,,,,,,,,,,,quality_pass_pending_editorial_activation_review
27719,Tiranni minimi,"Rovetta, Gerolamo",date_and_role_review,author_died_after_1900_review,review_work_publication_date,pass_1b,nineteenth_century_bridge,nineteenth_century_bridge_candidate,eligible_nineteenth_century_candidate,pass_1b_authoritative_resolved,eligible_probe,https://www.gutenberg.org/ebooks/27719,https://www.gutenberg.org/ebooks/27719.txt.utf-8,hit,quality_pass,,81537,62137,10191,1004,0,0.288195,0.785313,0.000129,0,,,,95b53cf4a4fabc5e16af9577ee6a87dec6962293d90cf4ab509ea4e5c8d3551a,7,,,,,,,,,,,,,quality_pass_pending_editorial_activation_review
27825,Isaotta Guttadàuro ed altre poesie,"D'Annunzio, Gabriele",historical_non_sonnet_poetry_candidate,author_died_after_1900_review,review_work_publication_date,pass_1b,nineteenth_century_bridge,historical_non_sonnet_poetry_candidate,eligible_nineteenth_century_candidate,pass_1b_authoritative_resolved,eligible_probe,https://www.gutenberg.org/ebooks/27825,https://www.gutenberg.org/ebooks/27825.txt.utf-8,hit,quality_pass,,138702,119125,18935,3289,0,0.222076,0.668709,0.002124,1,editor_note:1,,,491c76e180d85142ab0e42d3b5e86269971cb1466b06b68a7cb8b20e94cf67f0,23,,,,,,,,,,,,,quality_pass_pending_editorial_activation_review
28374,Tra cielo e terra: Romanzo,"Barrili, Anton Giulio",date_and_role_review,author_died_after_1900_review,review_work_publication_date,pass_1b,nineteenth_century_bridge,nineteenth_century_bridge_candidate,eligible_nineteenth_century_candidate,pass_1b_authoritative_resolved,eligible_probe,https://www.gutenberg.org/ebooks/28374,https://www.gutenberg.org/ebooks/28374.txt.utf-8,hit,quality_pass,,464334,444699,71625,7095,0,0.25963,0.769844,0.002078,1,editor_note:1,,,838fa55ca824dae85df658a045003cff905ed8ec66ccd077cf45e8157ebb9b57,65,,,,,,,,,,,,,quality_pass_pending_editorial_activation_review
28786,Il processo Bartelloni,Jarro,date_and_role_review,author_died_after_1900_review,review_work_publication_date,pass_1b,nineteenth_century_bridge,nineteenth_century_bridge_candidate,eligible_nineteenth_century_candidate,pass_1b_authoritative_resolved,eligible_probe,https://www.gutenberg.org/ebooks/28786,https://www.gutenberg.org/ebooks/28786.txt.utf-8,hit,quality_pass,,382018,362533,58126,6381,0,0.265733,0.788028,0.000745,0,,,,98a0011030b83a8c92435394d488ba5cd48fb4f381df09f1f152cbefeaea51d8,59,,,,,,,,,,,,,quality_pass_pending_editorial_activation_review
28869,Novelle e riviste drammatiche,"Boito, Arrigo",date_and_role_review,author_died_after_1900_review,review_work_publication_date,pass_1b,nineteenth_century_bridge,nineteenth_century_bridge_candidate,eligible_nineteenth_century_candidate,pass_1b_authoritative_resolved,eligible_probe,https://www.gutenberg.org/ebooks/28869,https://www.gutenberg.org/ebooks/28869.txt.utf-8,hit,quality_pass,,326550,306919,50310,4938,0,0.237249,0.791629,0.001587,1,editor_note:1,,,6733ba225fc26e6b4a58128c360fff7f9df73efb720eb5837536804bd8fef6c7,46,,,,,,,,,,,,,quality_pass_pending_editorial_activation_review
28910,Mater dolorosa,"Rovetta, Gerolamo",date_and_role_review,author_died_after_1900_review,review_work_publication_date,pass_1b,nineteenth_century_bridge,nineteenth_century_bridge_candidate,eligible_nineteenth_century_candidate,pass_1b_authoritative_resolved,eligible_probe,https://www.gutenberg.org/ebooks/28910,https://www.gutenberg.org/ebooks/28910.txt.utf-8,hit,quality_pass,,806373,786907,129420,12734,0,0.275684,0.7883,5.8e-05,0,,,,bcf47436fd4925599517e92245ca747b6de1e32529280baead89fb8e3e65c260,128,,,,,,,,,,,,,quality_pass_pending_editorial_activation_review
29037,Baby,"Rovetta, Gerolamo",date_and_role_review,author_died_after_1900_review,review_work_publication_date,pass_1b,nineteenth_century_bridge,nineteenth_century_bridge_candidate,eligible_nineteenth_century_candidate,pass_1b_authoritative_resolved,eligible_probe,https://www.gutenberg.org/ebooks/29037,https://www.gutenberg.org/ebooks/29037.txt.utf-8,hit,quality_pass,,163093,143725,23557,2363,0,0.277922,0.786864,5.6e-05,1,editor_note:1,,review_language_variety_marker,7d1bd3585038580a46a5afe570030aa16e2cfdca4a40a945d4f3888d07a39396,26,,,,,,,,,,,accept_standard_italian_context,The Venetian-dialect phrase names another play in the author's front-matter bibliography; the primary novel is standard Italian.,quality_pass_pending_editorial_activation_review
29845,"I rossi e i neri, vol. 1","Barrili, Anton Giulio",date_and_role_review,author_died_after_1900_review,review_work_publication_date,pass_1b,nineteenth_century_bridge,nineteenth_century_bridge_candidate,eligible_nineteenth_century_candidate,pass_1b_authoritative_resolved,eligible_probe,https://www.gutenberg.org/ebooks/29845,https://www.gutenberg.org/ebooks/29845.txt.utf-8,hit,quality_pass,,857214,837680,140223,13857,0,0.270733,0.782331,0.00078,1,editor_note:1,,,45f947499e6073ca4ce18d480fee89f59f04fbf47d30f322d02cb63d3d99f40d,138,,,,,,,,,,,,,quality_pass_pending_editorial_activation_review
29846,"I rossi e i neri, vol. 2","Barrili, Anton Giulio",date_and_role_review,author_died_after_1900_review,review_work_publication_date,pass_1b,nineteenth_century_bridge,nineteenth_century_bridge_candidate,eligible_nineteenth_century_candidate,pass_1b_authoritative_resolved,eligible_probe,https://www.gutenberg.org/ebooks/29846,https://www.gutenberg.org/ebooks/29846.txt.utf-8,hit,quality_pass,,827326,807792,135038,13160,0,0.262356,0.781751,0.000867,0,,,,dbe658e50c0fafab674269867af11207107dd52627e7b3ce1b0cba9b673cd93d,130,,,,,,,,,,,,,quality_pass_pending_editorial_activation_review
30030,I coniugi Varedo,"Castelnuovo, Enrico",date_and_role_review,author_died_after_1900_review,review_work_publication_date,pass_1b,nineteenth_century_bridge,nineteenth_century_bridge_candidate,eligible_nineteenth_century_candidate,pass_1b_authoritative_resolved,eligible_probe,https://www.gutenberg.org/ebooks/30030,https://www.gutenberg.org/ebooks/30030.txt.utf-8,hit,quality_pass,,464234,444730,73040,7687,0,0.262226,0.780334,0.000389,0,,,,ff01db3fa237f4a9cf8b223b5c23bb00db594d6d320eddc90a230514ab23b449,79,,,,,,,,,,,,,quality_pass_pending_editorial_activation_review
30738,"Opera nova amorosa, vol. 1: Strambotti, sonetti, capitoli, epistole et una disperata","Notturno, Napolitano",sonnet_specialization_candidate,unknown,review_missing_period_evidence,pass_1b,origins_through_1800,sonnet_specialization_candidate,eligible_historical_core_candidate,pass_1b_authoritative_resolved,eligible_probe,https://www.gutenberg.org/ebooks/30738,https://www.gutenberg.org/ebooks/30738.txt.utf-8,hit,quality_pass,,48728,29105,4904,665,0,0.225122,0.689572,0.000412,1,editor_note:1,,,eabf890bb646012828d90a6712dc95b9b1641eafbb7e8091769d02ad6c2ff23c,4,,,,,,,,,,,,,quality_pass_pending_editorial_activation_review
31000,Dal molino di Cerbaia a Cala Martina: Notizie inedite sulla vita di Giuseppe Garibaldi,"Guelfi, Guelfo",date_and_role_review,unknown,review_missing_period_evidence,pass_1b,nineteenth_century_bridge,nineteenth_century_bridge_candidate,eligible_nineteenth_century_candidate,pass_1b_authoritative_resolved,eligible_probe,https://www.gutenberg.org/ebooks/31000,https://www.gutenberg.org/ebooks/31000.txt.utf-8,hit,quality_pass,,189065,169545,27620,2572,0,0.266691,0.797334,0.00276,1,editor_note:1,,,984ef300cb4d374d4d790be7c473d8af4cd38fa4b823a60d1a7610b38414befa,25,,,,,,,,,,,,,quality_pass_pending_editorial_activation_review
31285,"Opera nova amorosa, vol. 2: Traggedia","Notturno, Napolitano",historical_non_sonnet_poetry_candidate,unknown,review_missing_period_evidence,pass_1b,origins_through_1800,historical_non_sonnet_poetry_candidate,eligible_historical_core_candidate,pass_1b_authoritative_resolved,eligible_probe,https://www.gutenberg.org/ebooks/31285,https://www.gutenberg.org/ebooks/31285.txt.utf-8,hit,quality_pass,,67087,47405,7221,997,0,0.208835,0.614007,0.000253,1,editor_note:1,,,90d1d592c5b6137da03593155e38c2fe43505c0c07dbbbc5fc4a696ddcf145ec,9,,,,,,,,,,,,,quality_pass_pending_editorial_activation_review
31818,"Opera nova amorosa, vol. 3: Comedia nova","Notturno, Napolitano",historical_non_sonnet_poetry_candidate,unknown,review_missing_period_evidence,pass_1b,origins_through_1800,historical_non_sonnet_poetry_candidate,eligible_historical_core_candidate,pass_1b_authoritative_resolved,eligible_probe,https://www.gutenberg.org/ebooks/31818,https://www.gutenberg.org/ebooks/31818.txt.utf-8,hit,quality_pass,,132911,113288,18141,2483,0,0.229425,0.604062,0.000106,1,editor_note:1,,,57c69ecb5b31e26d56362d38f476bd5ed53922d962568a4fe54825f8f36b5827,23,,,,,,,,,,,,,quality_pass_pending_editorial_activation_review
32441,Il colore del tempo,"De Roberto, Federico",date_and_role_review,author_died_after_1900_review,review_work_publication_date,pass_1b,nineteenth_century_bridge,nineteenth_century_bridge_candidate,eligible_nineteenth_century_candidate,pass_1b_authoritative_resolved,eligible_probe,https://www.gutenberg.org/ebooks/32441,https://www.gutenberg.org/ebooks/32441.txt.utf-8,hit,quality_pass,,312883,293324,47107,5141,0,0.259558,0.786891,0.003709,0,,,,227f1600b3a4d9cecb0da59ff2fe4165390b96eaecf73d83eb48ab6a68c69b3a,52,,,,,,,,,,,,,quality_pass_pending_editorial_activation_review
32599,Il dolore nell'arte: discorso,"Fogazzaro, Antonio",date_and_role_review,author_died_after_1900_review,review_work_publication_date,pass_1b,nineteenth_century_bridge,nineteenth_century_bridge_candidate,eligible_nineteenth_century_candidate,pass_1b_authoritative_resolved,eligible_probe,https://www.gutenberg.org/ebooks/32599,https://www.gutenberg.org/ebooks/32599.txt.utf-8,hit,quality_pass,,57283,37717,6234,592,0,0.270934,0.80823,0.000371,0,,,,e7a30c5f2ce62d0030e1fdedbc20d1cc22f1dbf5bbc3039cdc4db551a951c16a,4,,,,,,,,,,,,,quality_pass_pending_editorial_activation_review
35660,Terra vergine: romanzo colombiano,"Barrili, Anton Giulio",date_and_role_review,author_died_after_1900_review,review_work_publication_date,pass_1b,nineteenth_century_bridge,nineteenth_century_bridge_candidate,eligible_nineteenth_century_candidate,pass_1b_authoritative_resolved,eligible_probe,https://www.gutenberg.org/ebooks/35660,https://www.gutenberg.org/ebooks/35660.txt.utf-8,hit,quality_pass,,626513,607094,100242,9754,0,0.257068,0.781866,0.000871,1,editor_note:1,,,1be72de3be5071881f8a8bdc6ba1da57841e5851c85d83e3a0182c7f6ad41272,103,,,,,,,,,,,,,quality_pass_pending_editorial_activation_review
36239,Fatalità,"Negri, Ada",historical_non_sonnet_poetry_candidate,author_died_after_1900_review,review_work_publication_date,pass_1b,nineteenth_century_bridge,historical_non_sonnet_poetry_candidate,eligible_nineteenth_century_candidate,pass_1b_authoritative_resolved,eligible_probe,https://www.gutenberg.org/ebooks/36239,https://www.gutenberg.org/ebooks/36239.txt.utf-8,hit,quality_pass,,117782,98456,14427,2487,0,0.234422,0.629083,0.001838,0,,,,be28674b9477761aef062d46811e1a1084dfd4c4f70a48e4ee747b3a00d1bc6d,12,,,,,,,,,,,,,quality_pass_pending_editorial_activation_review
37719,"La vita in Palermo cento e più anni fa, Volume 1","Pitrè, Giuseppe",date_and_role_review,author_died_after_1900_review,review_work_publication_date,pass_1b,nineteenth_century_bridge,nineteenth_century_bridge_candidate,eligible_nineteenth_century_candidate,pass_1b_authoritative_resolved,eligible_probe,https://www.gutenberg.org/ebooks/37719,https://www.gutenberg.org/ebooks/37719.txt.utf-8,hit,quality_pass,,624862,605387,93843,9743,0,0.260765,0.765509,0.013365,2,editor_note:1;errata:1,,,e52c34eade923b148b8d4d7dcbee4791479acdc54bf5d6e134977eab973ef459,91,,,,,,,,,,,,,quality_pass_pending_editorial_activation_review
37720,"La vita in Palermo cento e più anni fa, Volume 2","Pitrè, Giuseppe",date_and_role_review,author_died_after_1900_review,review_work_publication_date,pass_1b,nineteenth_century_bridge,nineteenth_century_bridge_candidate,eligible_nineteenth_century_candidate,pass_1b_authoritative_resolved,eligible_probe,https://www.gutenberg.org/ebooks/37720,https://www.gutenberg.org/ebooks/37720.txt.utf-8,hit,quality_pass,,683505,664030,103509,10404,0,0.268315,0.776707,0.011871,1,editor_note:1,,,bbd31c1af9b0018d11ff8ce7aa4947d1daffe01cecb6a7c25377608a7132f6e6,93,,,,,,,,,,,,,quality_pass_pending_editorial_activation_review
37776,Sodoma e Gomorra: Cronistoria del Libertinaggio attraverso i secoli ed il mondo,Docteur Jaf,date_and_role_review,unknown,review_missing_period_evidence,pass_1b,nineteenth_century_bridge,nineteenth_century_bridge_candidate,eligible_nineteenth_century_candidate,pass_1b_authoritative_resolved,eligible_probe,https://www.gutenberg.org/ebooks/37776,https://www.gutenberg.org/ebooks/37776.txt.utf-8,hit,quality_pass,,262820,243219,38243,3871,0,0.267265,0.786431,0.003639,0,,,,6e00749c36b666273570a7da8ad599e77b27e8e3bb5b6d363fbf35c6c5aa38d9,32,,,,,,,,,,,,,quality_pass_pending_editorial_activation_review
37931,Un'avventura di viaggio,"Bracco, Roberto",date_and_role_review,author_died_after_1900_review,review_work_publication_date,pass_1b,nineteenth_century_bridge,nineteenth_century_bridge_candidate,eligible_nineteenth_century_candidate,pass_1b_authoritative_resolved,eligible_probe,https://www.gutenberg.org/ebooks/37931,https://www.gutenberg.org/ebooks/37931.txt.utf-8,hit,review_quality,,76098,56723,6456,1214,0,0.233116,0.544453,0.000511,0,,low_alphabetic_character_ratio,,4310f6603f254908c494515c8fa532c87f190ac563378e94e2f0e71c860ee626,8,,,,,,,,,,,accept_theatrical_formatting_density,"The low ratio is caused by leading indentation, speaker layout, and stage directions in a legible standard-Italian play, not OCR corruption.",quality_pass_pending_editorial_activation_review
37932,Le disilluse,"Bracco, Roberto",date_and_role_review,author_died_after_1900_review,review_work_publication_date,pass_1b,nineteenth_century_bridge,nineteenth_century_bridge_candidate,eligible_nineteenth_century_candidate,pass_1b_authoritative_resolved,eligible_probe,https://www.gutenberg.org/ebooks/37932,https://www.gutenberg.org/ebooks/37932.txt.utf-8,hit,quality_pass,,63107,43776,5395,1049,0,0.243188,0.569033,0.000868,1,editor_note:1,,,da3a7e9ec92a59de66208684ecbea938010877c322a749d595be282e16e52ecd,6,,,,,,,,,,,,,quality_pass_pending_editorial_activation_review
37933,Lui lei lui,"Bracco, Roberto",date_and_role_review,author_died_after_1900_review,review_work_publication_date,pass_1b,nineteenth_century_bridge,nineteenth_century_bridge_candidate,eligible_nineteenth_century_candidate,pass_1b_authoritative_resolved,eligible_probe,https://www.gutenberg.org/ebooks/37933,https://www.gutenberg.org/ebooks/37933.txt.utf-8,hit,quality_pass,,54252,34925,4006,717,0,0.221418,0.567416,0.00083,0,,,,84d2043c4108ad52b7e26f6b835300ed8783372aabebc9e84fd10345c3453d0b,6,,,,,,,,,,,,,quality_pass_pending_editorial_activation_review
37934,Non fare ad altri...,"Bracco, Roberto",date_and_role_review,author_died_after_1900_review,review_work_publication_date,pass_1b,nineteenth_century_bridge,nineteenth_century_bridge_candidate,eligible_nineteenth_century_candidate,pass_1b_authoritative_resolved,eligible_probe,https://www.gutenberg.org/ebooks/37934,https://www.gutenberg.org/ebooks/37934.txt.utf-8,hit,quality_pass,,54625,35262,4007,722,0,0.255553,0.573734,0.001163,0,,,,1a19ecb4f6e2456c6e2231c6f689c9a52cb5fcac0cf53c62a0b69d3edbe723e0,4,,,,,,,,,,,,,quality_pass_pending_editorial_activation_review
37935,Una donna,"Bracco, Roberto",date_and_role_review,author_died_after_1900_review,review_work_publication_date,pass_1b,nineteenth_century_bridge,nineteenth_century_bridge_candidate,eligible_nineteenth_century_candidate,pass_1b_authoritative_resolved,eligible_probe,https://www.gutenberg.org/ebooks/37935,https://www.gutenberg.org/ebooks/37935.txt.utf-8,hit,quality_pass,,171687,152368,18441,3041,0,0.231549,0.581559,0.000263,0,,,,36ba67580e55bb1b3e58c88fde3f6db468c428941ae0b8a3c5383d67d4dfa7d6,20,,,,,,,,,,,,,quality_pass_pending_editorial_activation_review
37936,Dopo il veglione o viceversa,"Bracco, Roberto",date_and_role_review,author_died_after_1900_review,review_work_publication_date,pass_1b,nineteenth_century_bridge,nineteenth_century_bridge_candidate,eligible_nineteenth_century_candidate,pass_1b_authoritative_resolved,eligible_probe,https://www.gutenberg.org/ebooks/37936,https://www.gutenberg.org/ebooks/37936.txt.utf-8,hit,review_quality,,32497,13102,1418,357,0,0.224965,0.472523,0.002213,0,,low_alphabetic_character_ratio,,c51f13732e60736c88f583e6760c2015b2e3a6cb0dcede265e8954161de7ca02,4,,,,,,,,,,,accept_theatrical_formatting_density,"The low ratio is caused by leading indentation, speaker layout, and stage directions in a legible standard-Italian play, not OCR corruption.",quality_pass_pending_editorial_activation_review
38204,Tragedie dell'anima,"Bracco, Roberto",date_and_role_review,author_died_after_1900_review,review_work_publication_date,pass_1b,nineteenth_century_bridge,nineteenth_century_bridge_candidate,eligible_nineteenth_century_candidate,pass_1b_authoritative_resolved,eligible_probe,https://www.gutenberg.org/ebooks/38204,https://www.gutenberg.org/ebooks/38204.txt.utf-8,hit,quality_pass,,131012,111506,14481,2192,0,0.249223,0.605492,0.000323,0,,,,dbcc4e08366386e518793eab31fe50b131b1c1cb813659f5438d7a679a7e04d1,18,,,,,,,,,,,,,quality_pass_pending_editorial_activation_review
38216,Fiori d'arancio,"Bracco, Roberto",date_and_role_review,author_died_after_1900_review,review_work_publication_date,pass_1b,nineteenth_century_bridge,nineteenth_century_bridge_candidate,eligible_nineteenth_century_candidate,pass_1b_authoritative_resolved,eligible_probe,https://www.gutenberg.org/ebooks/38216,https://www.gutenberg.org/ebooks/38216.txt.utf-8,hit,quality_pass,,54350,35026,4506,681,0,0.248114,0.596642,0.000628,0,,,,7230adc46cbee2a7b56d541c485b2d5433b3032871cc56de42e6815f165c4654,5,,,,,,,,,,,,,quality_pass_pending_editorial_activation_review
38217,Don Pietro Caruso,"Bracco, Roberto",date_and_role_review,author_died_after_1900_review,review_work_publication_date,pass_1b,nineteenth_century_bridge,nineteenth_century_bridge_candidate,eligible_nineteenth_century_candidate,pass_1b_authoritative_resolved,eligible_probe,https://www.gutenberg.org/ebooks/38217,https://www.gutenberg.org/ebooks/38217.txt.utf-8,hit,quality_pass,,79641,60309,7419,1201,0,0.24936,0.590724,0.000514,0,,,,f02d2923d86ee0bc37b4d0e0acdefaa44e130aae5a1830eda1bbedcd3749ea49,6,,,,,,,,,,,,,quality_pass_pending_editorial_activation_review
38218,La fine dell'amore,"Bracco, Roberto",date_and_role_review,author_died_after_1900_review,review_work_publication_date,pass_1b,nineteenth_century_bridge,nineteenth_century_bridge_candidate,eligible_nineteenth_century_candidate,pass_1b_authoritative_resolved,eligible_probe,https://www.gutenberg.org/ebooks/38218,https://www.gutenberg.org/ebooks/38218.txt.utf-8,hit,quality_pass,,163314,143978,16813,3016,0,0.238565,0.555502,0.000368,0,,,,877c793117e76a0c36fef1b314024244153af99a55c4928886ba1763b73003a6,17,,,,,,,,,,,,,quality_pass_pending_editorial_activation_review
38698,Dal mio verziere : saggi di polemica e di critica,Jolanda,date_and_role_review,author_died_after_1900_review,review_work_publication_date,pass_1b,nineteenth_century_bridge,nineteenth_century_bridge_candidate,eligible_nineteenth_century_candidate,pass_1b_authoritative_resolved,eligible_probe,https://www.gutenberg.org/ebooks/38698,https://www.gutenberg.org/ebooks/38698.txt.utf-8,hit,quality_pass,,387900,368428,59384,6457,0,0.264667,0.762627,0.000546,1,editor_note:1,,,aa34235d93459249c883f225894aae78ffdc434ea01b5ab6fb2e72edc67b0066,58,,,,,,,,,,,,,quality_pass_pending_editorial_activation_review
39239,Rimatori siculo-toscani del dugento. Serie prima - Pistoiesi-Lucchesi-Pisani,,historical_non_sonnet_poetry_candidate,unknown,review_missing_period_evidence,pass_1b,origins_through_1800,historical_non_sonnet_poetry_candidate,eligible_historical_core_candidate,pass_1b_authoritative_resolved,eligible_probe,https://www.gutenberg.org/ebooks/39239,https://www.gutenberg.org/ebooks/39239.txt.utf-8,hit,quality_pass,,427096,407273,58882,9384,0,0.198431,0.61155,0.014442,6,editor_note:1;errata:5,,,b1ebb4577fe6d5a595c9b199d8d8c4beecf6e63272eb668e638e0cf960a40b65,52,,,,,,,,,,,,,quality_pass_pending_editorial_activation_review
39541,Donna Paola,"Serao, Matilde",date_and_role_review,author_died_after_1900_review,review_work_publication_date,pass_1b,nineteenth_century_bridge,nineteenth_century_bridge_candidate,eligible_nineteenth_century_candidate,pass_1b_authoritative_resolved,eligible_probe,https://www.gutenberg.org/ebooks/39541,https://www.gutenberg.org/ebooks/39541.txt.utf-8,hit,quality_pass,,79837,60492,9203,1052,0,0.251222,0.733353,0.000364,0,,,,e8de600fe88132f517c95e3b799f7a5da95217ef358b47e8022232523bd4711b,12,,,,,,,,,,,,,quality_pass_pending_editorial_activation_review
39902,La moglie ideale: commedia in tre atti,"Praga, Marco",date_and_role_review,author_died_after_1900_review,review_work_publication_date,pass_1b,nineteenth_century_bridge,nineteenth_century_bridge_candidate,eligible_nineteenth_century_candidate,pass_1b_authoritative_resolved,eligible_probe,https://www.gutenberg.org/ebooks/39902,https://www.gutenberg.org/ebooks/39902.txt.utf-8,hit,quality_pass,,143053,123514,16507,3465,0,0.241897,0.617023,0.015197,0,,,,bb82856e50a65f1d6dbc806e447f521b280f067f1a2c3ec6b57d67768f5cbd93,15,,,,,,,,,,,,,quality_pass_pending_editorial_activation_review
40326,"Traduzione di Elia Morpurgo de' Discorsi Ebraici di Tolleranza e Felicità: diretti da Naftalì Herz Weisel, agli Ebrei dimoranti ne' dominj dell'Augustissimo Imperadore Giuseppe II. il Giusto con le note del traduttore","Wessely, Naphtali Herz;Morpurgo, Elia",date_and_role_review,unknown,review_translation_edition_date,pass_1b,origins_through_1800,historical_general_candidate,eligible_historical_core_candidate,pass_1b_authoritative_resolved,eligible_probe,https://www.gutenberg.org/ebooks/40326,https://www.gutenberg.org/ebooks/40326.txt.utf-8,hit,quality_pass,,104228,84664,13594,1259,0,0.258055,0.79082,0.00352,0,,,,e96d5dc6bb3229bb08f3ca36616c3deafa6458eee555a7d14ac58bcf7bd723fb,15,,,,,,,,,,,,,quality_pass_pending_editorial_activation_review
40378,Il trionfo: Dramma in quattro atti,"Bracco, Roberto",date_and_role_review,author_died_after_1900_review,review_work_publication_date,pass_1b,nineteenth_century_bridge,nineteenth_century_bridge_candidate,eligible_nineteenth_century_candidate,pass_1b_authoritative_resolved,eligible_probe,https://www.gutenberg.org/ebooks/40378,https://www.gutenberg.org/ebooks/40378.txt.utf-8,hit,quality_pass,,166151,146738,17688,3101,0,0.241633,0.555125,0.000239,0,,,,9115e54adedf5a5b3308bce41164c1ae7af1ba02c035b05b75f0d9c365dabbc1,15,,,,,,,,,,,,,quality_pass_pending_editorial_activation_review
41551,Catania,"De Roberto, Federico",date_and_role_review,author_died_after_1900_review,review_work_publication_date,pass_1b,nineteenth_century_bridge,nineteenth_century_bridge_candidate,eligible_nineteenth_century_candidate,pass_1b_authoritative_resolved,eligible_probe,https://www.gutenberg.org/ebooks/41551,https://www.gutenberg.org/ebooks/41551.txt.utf-8,hit,quality_pass,,144343,124873,18589,1948,0,0.247243,0.752917,0.00816,1,editor_note:1,,,487f9e9c129e6dd088a32068b28fbcf5454182629e2291fea9be520b6937c7a8,11,,,,,,,,,,,,,quality_pass_pending_editorial_activation_review
41821,Politica estera: memorie e documenti,"Crispi, Francesco",date_and_role_review,author_died_after_1900_review,review_work_publication_date,pass_1b,nineteenth_century_bridge,nineteenth_century_bridge_candidate,eligible_nineteenth_century_candidate,pass_1b_authoritative_resolved,eligible_probe,https://www.gutenberg.org/ebooks/41821,https://www.gutenberg.org/ebooks/41821.txt.utf-8,hit,quality_pass,,832676,813047,123448,13305,0,0.255946,0.771155,0.007061,3,alphabetical_index:2;editor_note:1,,,267e04770efd27d2b54f9893872a8990c25aba68fa44dc10cbd04c669aa05123,119,,,,,,,,,,,,,quality_pass_pending_editorial_activation_review
42198,I funghi mangerecci e velenosi dell'Europa media: con speciale riguardo a quelli che crescono nel Trentino - II edizione riveduta ed aumentata,"Bresadola, Giacomo",date_and_role_review,author_died_after_1900_review,review_work_publication_date,pass_1b,nineteenth_century_bridge,nineteenth_century_bridge_candidate,eligible_nineteenth_century_candidate,pass_1b_authoritative_resolved,eligible_probe,https://www.gutenberg.org/ebooks/42198,https://www.gutenberg.org/ebooks/42198.txt.utf-8,hit,quality_pass,,312341,292693,38204,4977,0,0.178882,0.68797,0.01274,4,alphabetical_index:4,,,6691f0046f9d51b01137e8438226c9e392155c8fcb407f1e353ad9681f0a38e6,35,,,,,,,,,,,,,quality_pass_pending_editorial_activation_review
42316,La conquista di Roma,"Serao, Matilde",date_and_role_review,author_died_after_1900_review,review_work_publication_date,pass_1b,nineteenth_century_bridge,nineteenth_century_bridge_candidate,eligible_nineteenth_century_candidate,pass_1b_authoritative_resolved,eligible_probe,https://www.gutenberg.org/ebooks/42316,https://www.gutenberg.org/ebooks/42316.txt.utf-8,hit,quality_pass,,525419,505920,80566,8001,0,0.270362,0.796203,0.000235,1,editor_note:1,,,5279f5778d2868847f29e1ebe995e78d2d7d689e74f6ce7667fde2f6b6575d91,90,,,,,,,,,,,,,quality_pass_pending_editorial_activation_review
42588,La Signorina: Romanzo,"Rovetta, Gerolamo",date_and_role_review,author_died_after_1900_review,review_work_publication_date,pass_1b,nineteenth_century_bridge,nineteenth_century_bridge_candidate,eligible_nineteenth_century_candidate,pass_1b_authoritative_resolved,eligible_probe,https://www.gutenberg.org/ebooks/42588,https://www.gutenberg.org/ebooks/42588.txt.utf-8,hit,quality_pass,,477195,457689,75460,7943,0,0.265412,0.760084,0.000258,1,editor_note:1,,,46ccd4816733640273506b5d3108290ce1a0e93e892307b84aab4ce0badd37e7,86,,,,,,,,,,,,,quality_pass_pending_editorial_activation_review
42608,"Nuove ""Paesane""","Capuana, Luigi",date_and_role_review,author_died_after_1900_review,review_work_publication_date,pass_1b,nineteenth_century_bridge,nineteenth_century_bridge_candidate,eligible_nineteenth_century_candidate,pass_1b_authoritative_resolved,eligible_probe,https://www.gutenberg.org/ebooks/42608,https://www.gutenberg.org/ebooks/42608.txt.utf-8,hit,quality_pass,,263068,243589,39649,4079,0,0.278847,0.771837,0.000181,1,editor_note:1,,,bd01d5eff35755a99b625a7f144add87c4b627212d578f332fa5f69a0d0a3f4b,32,,,,,,,,,,,,,quality_pass_pending_editorial_activation_review
42927,Il diritto di vivere: Dramma in tre atti,"Bracco, Roberto",date_and_role_review,author_died_after_1900_review,review_work_publication_date,pass_1b,nineteenth_century_bridge,nineteenth_century_bridge_candidate,eligible_nineteenth_century_candidate,pass_1b_authoritative_resolved,eligible_probe,https://www.gutenberg.org/ebooks/42927,https://www.gutenberg.org/ebooks/42927.txt.utf-8,hit,quality_pass,,128905,109294,17442,3038,0,0.251233,0.749876,0.000476,1,editor_note:1,,,4bf97299d9f059447af15b5264a6b517348f374e14001b79c5037a7f0002f8f6,17,,,,,,,,,,,,,quality_pass_pending_editorial_activation_review
42928,Uno degli onesti: Commedia in un atto,"Bracco, Roberto",date_and_role_review,author_died_after_1900_review,review_work_publication_date,pass_1b,nineteenth_century_bridge,nineteenth_century_bridge_candidate,eligible_nineteenth_century_candidate,pass_1b_authoritative_resolved,eligible_probe,https://www.gutenberg.org/ebooks/42928,https://www.gutenberg.org/ebooks/42928.txt.utf-8,hit,quality_pass,,51130,31531,5195,893,0,0.233686,0.745393,0.001015,1,editor_note:1,,,af060c3d5527281f8c18e738e2af246f7952cd1a71d66ccc5763c84b0391486c,3,,,,,,,,,,,,,quality_pass_pending_editorial_activation_review
43022,"La lotta politica in Italia, Volume 1 (of 3): Origini della lotta attuale (476-1887); Quinta edizione","Oriani, Alfredo",date_and_role_review,author_died_after_1900_review,review_work_publication_date,pass_1b,nineteenth_century_bridge,nineteenth_century_bridge_candidate,eligible_nineteenth_century_candidate,pass_1b_authoritative_resolved,eligible_probe,https://www.gutenberg.org/ebooks/43022,https://www.gutenberg.org/ebooks/43022.txt.utf-8,hit,quality_pass,,751804,732151,111450,10880,0,0.251862,0.813906,0.00164,1,editor_note:1,,,dbd07ce702ae128096c3a0aefb06a14b64c29a10ebccc5dbad2c457ae42f40c4,114,,,,,,,,,,,,,quality_pass_pending_editorial_activation_review
43023,"La lotta politica in Italia, Volume 2 (of 3): Origini della lotta attuale (476-1887); Quinta edizione","Oriani, Alfredo",date_and_role_review,author_died_after_1900_review,review_work_publication_date,pass_1b,nineteenth_century_bridge,nineteenth_century_bridge_candidate,eligible_nineteenth_century_candidate,pass_1b_authoritative_resolved,eligible_probe,https://www.gutenberg.org/ebooks/43023,https://www.gutenberg.org/ebooks/43023.txt.utf-8,hit,quality_pass,,739469,719816,107296,10759,0,0.249245,0.822288,0.001974,1,editor_note:1,,,3b24fd11cd02b38b53427036ee20f6a1c40a3ad457c87d0c6fd0bd528f1b52c2,106,,,,,,,,,,,,,quality_pass_pending_editorial_activation_review
43024,"La lotta politica in Italia, Volume 3 (of 3): Origini della lotta attuale (476-1887); Quinta edizione","Oriani, Alfredo",date_and_role_review,author_died_after_1900_review,review_work_publication_date,pass_1b,nineteenth_century_bridge,nineteenth_century_bridge_candidate,eligible_nineteenth_century_candidate,pass_1b_authoritative_resolved,eligible_probe,https://www.gutenberg.org/ebooks/43024,https://www.gutenberg.org/ebooks/43024.txt.utf-8,hit,quality_pass,,730106,710453,106151,10754,0,0.250624,0.819218,0.002427,1,editor_note:1,,,a7437a6cb39e6009f1a7d73236ed70684f124dd97e253915fcb8a4a581df1e99,95,,,,,,,,,,,,,quality_pass_pending_editorial_activation_review
43193,Conferenze tenute a Firenze nel 1896: La vita italiana durante la Rivoluzione francese e l'Impero,Various,date_and_role_review,unknown,review_missing_period_evidence,pass_1b,nineteenth_century_bridge,nineteenth_century_bridge_candidate,eligible_nineteenth_century_candidate,pass_1b_authoritative_resolved,eligible_probe,https://www.gutenberg.org/ebooks/43193,https://www.gutenberg.org/ebooks/43193.txt.utf-8,hit,quality_pass,,665605,646049,105253,10009,0,0.26975,0.797986,0.002429,1,editor_note:1,,,7ca5f2a64756eb33cd47d400ec7b2aac6dbeef5729cf8cf8792124b31b80935e,106,,,,,,,,,,,,,quality_pass_pending_editorial_activation_review
43217,La cartella N. 4,"Colombi, marchesa",date_and_role_review,author_died_after_1900_review,review_work_publication_date,pass_1b,nineteenth_century_bridge,nineteenth_century_bridge_candidate,eligible_nineteenth_century_candidate,pass_1b_authoritative_resolved,eligible_probe,https://www.gutenberg.org/ebooks/43217,https://www.gutenberg.org/ebooks/43217.txt.utf-8,hit,quality_pass,,214065,194531,32204,3221,0,0.256676,0.783988,0.000298,1,editor_note:1,,,517b2d25002e1b2b5704ab6c8f79c8b0d1bdd4f56f71f7f10989155ec04ba2b9,33,,,,,,,,,,,,,quality_pass_pending_editorial_activation_review
43244,Dante e gli Ebrei: Studio,"Servi, Flaminio",historical_non_sonnet_poetry_candidate,unknown,review_missing_period_evidence,pass_1b,nineteenth_century_bridge,historical_non_sonnet_poetry_candidate,eligible_nineteenth_century_candidate,pass_1b_authoritative_resolved,eligible_probe,https://www.gutenberg.org/ebooks/43244,https://www.gutenberg.org/ebooks/43244.txt.utf-8,hit,quality_pass,,55986,36426,5724,615,0,0.237247,0.724757,0.008977,0,,,,4181aa43214231e2473d28f5e4cbeb18239693a1a93729c4771e33a7a7282b0b,8,,,,,,,,,,,,,quality_pass_pending_editorial_activation_review
43316,Serate d'inverno,"Colombi, marchesa",date_and_role_review,author_died_after_1900_review,review_work_publication_date,pass_1b,nineteenth_century_bridge,nineteenth_century_bridge_candidate,eligible_nineteenth_century_candidate,pass_1b_authoritative_resolved,eligible_probe,https://www.gutenberg.org/ebooks/43316,https://www.gutenberg.org/ebooks/43316.txt.utf-8,hit,quality_pass,,241070,221534,37077,3790,0,0.260215,0.779,0.000131,1,editor_note:1,,review_language_variety_marker,445aaf64bfb95594a613d71da51a5078daee17cde520d0f01d8aefddabf4e55e,43,,,,,,,,,,,accept_standard_italian_context,The word dialetto occurs in standard-Italian narration about a character's habitual proverbs; it does not identify the work's language variety.,quality_pass_pending_editorial_activation_review
44714,I Viaggi di Marco Polo: Unica versione originale fedelmente riscontrata sul codice magliabeccano e sulle opere di Charton,"Verne, Jules;Polo, Marco",date_and_role_review,author_died_after_1900_review,review_work_publication_date,pass_1b,nineteenth_century_bridge,nineteenth_century_bridge_candidate,eligible_nineteenth_century_candidate,pass_1b_authoritative_resolved,eligible_probe,https://www.gutenberg.org/ebooks/44714,https://www.gutenberg.org/ebooks/44714.txt.utf-8,hit,quality_pass,,176167,156586,26294,2359,0,0.251921,0.77945,0.002804,1,editor_note:1,,,a7bc83023bfd69072ee933e589e075ca10d356a8189b12f723f3d35608716acd,30,,,,,,,,,,,,,quality_pass_pending_editorial_activation_review
45594,Sotto il velame: Saggio di un'interpretazione generale del poema sacro,"Pascoli, Giovanni",historical_non_sonnet_poetry_candidate,author_died_after_1900_review,review_work_publication_date,pass_1b,nineteenth_century_bridge,historical_non_sonnet_poetry_candidate,eligible_nineteenth_century_candidate,pass_1b_authoritative_resolved,eligible_probe,https://www.gutenberg.org/ebooks/45594,https://www.gutenberg.org/ebooks/45594.txt.utf-8,hit,quality_pass,,779979,760229,129633,12659,0,0.270471,0.753181,0.014806,2,editor_note:1;errata:1,,,4413258116a07ca4bfbca84fa7030d3d7aaa007ef7782f5362efba3a4af70923,119,,,,,,,,,,,,,quality_pass_pending_editorial_activation_review
45638,Gli albori della vita Italiana: Conferenze tenute a Firenze nel 1890,Various,date_and_role_review,unknown,review_missing_period_evidence,pass_1b,nineteenth_century_bridge,nineteenth_century_bridge_candidate,eligible_nineteenth_century_candidate,pass_1b_authoritative_resolved,eligible_probe,https://www.gutenberg.org/ebooks/45638,https://www.gutenberg.org/ebooks/45638.txt.utf-8,hit,quality_pass,,753793,734138,120172,11112,0,0.265744,0.802653,0.00182,1,editor_note:1,,,68c22c4793a347dbbf38ba641e94547ee00bf145846920169c1dc70bedf93ade,131,,,,,,,,,,,,,quality_pass_pending_editorial_activation_review
45807,Pro Judaeis: Riflessioni e Documenti,"Guidetti, Corrado",date_and_role_review,unknown,review_missing_period_evidence,pass_1b,nineteenth_century_bridge,nineteenth_century_bridge_candidate,eligible_nineteenth_century_candidate,pass_1b_authoritative_resolved,eligible_probe,https://www.gutenberg.org/ebooks/45807,https://www.gutenberg.org/ebooks/45807.txt.utf-8,hit,quality_pass,,670376,650888,101773,10238,0,0.241351,0.784043,0.008519,0,,,,a9e49de7883724f5f387ac857a0ecffab33388628275ced80d663c2556c6ae4b,102,,,,,,,,,,,,,quality_pass_pending_editorial_activation_review
45948,Egitto,"Cagni, Manfredo",date_and_role_review,author_died_after_1900_review,review_work_publication_date,pass_1b,nineteenth_century_bridge,nineteenth_century_bridge_candidate,eligible_nineteenth_century_candidate,pass_1b_authoritative_resolved,eligible_probe,https://www.gutenberg.org/ebooks/45948,https://www.gutenberg.org/ebooks/45948.txt.utf-8,hit,quality_pass,,358815,339357,51226,5565,0,0.262679,0.750838,0.01405,0,,,,36ad01eec99820c0d6cca841adab8788437d54b0d0df31782d74285c20080215,49,,,,,,,,,,,,,quality_pass_pending_editorial_activation_review
46163,Maschere: Dramma in un atto,"Bracco, Roberto",date_and_role_review,author_died_after_1900_review,review_work_publication_date,pass_1b,nineteenth_century_bridge,nineteenth_century_bridge_candidate,eligible_nineteenth_century_candidate,pass_1b_authoritative_resolved,eligible_probe,https://www.gutenberg.org/ebooks/46163,https://www.gutenberg.org/ebooks/46163.txt.utf-8,hit,quality_pass,,57598,38022,5886,995,0,0.243459,0.733154,0.000842,1,editor_note:1,,,f14355d74fa155515cac042bc1ba5725a4f6ae965fd1dee4b28cb7badbd7edde,4,,,,,,,,,,,,,quality_pass_pending_editorial_activation_review
46225,Quartetto,"Oriani, Alfredo",date_and_role_review,author_died_after_1900_review,review_work_publication_date,pass_1b,nineteenth_century_bridge,nineteenth_century_bridge_candidate,eligible_nineteenth_century_candidate,pass_1b_authoritative_resolved,eligible_probe,https://www.gutenberg.org/ebooks/46225,https://www.gutenberg.org/ebooks/46225.txt.utf-8,hit,quality_pass,,536455,516950,85058,7841,0,0.274683,0.804217,7.2e-05,1,editor_note:1,,,06cb2c9fb8ddcc7712b8b7e6e5b54b1b91779ce585c54d11ba012a053e10761c,94,,,,,,,,,,,,,quality_pass_pending_editorial_activation_review
46613,Santa Cecilia,"Barrili, Anton Giulio",date_and_role_review,author_died_after_1900_review,review_work_publication_date,pass_1b,nineteenth_century_bridge,nineteenth_century_bridge_candidate,eligible_nineteenth_century_candidate,pass_1b_authoritative_resolved,eligible_probe,https://www.gutenberg.org/ebooks/46613,https://www.gutenberg.org/ebooks/46613.txt.utf-8,hit,quality_pass,,264364,244836,41452,3928,0,0.269903,0.787805,0.000127,1,editor_note:1,,,05edd3d2d4c68d2aee33c1ca58ea30c83e2e9a1a0912a3e85bfe9778129374e2,49,,,,,,,,,,,,,quality_pass_pending_editorial_activation_review
46704,No: Romanzo,"Oriani, Alfredo",date_and_role_review,author_died_after_1900_review,review_work_publication_date,pass_1b,nineteenth_century_bridge,nineteenth_century_bridge_candidate,eligible_nineteenth_century_candidate,pass_1b_authoritative_resolved,eligible_probe,https://www.gutenberg.org/ebooks/46704,https://www.gutenberg.org/ebooks/46704.txt.utf-8,hit,quality_pass,,612985,593538,96349,9880,0,0.275924,0.7982,0.000106,0,,,,9875fbbf85a13ab38ade95756e7f327c24700f2b889da885dbd0f6c62de52658,127,,,,,,,,,,,,,quality_pass_pending_editorial_activation_review
46717,La Dora,"Regaldi, Giuseppe",date_and_role_review,unknown,review_missing_period_evidence,pass_1b,nineteenth_century_bridge,nineteenth_century_bridge_candidate,eligible_nineteenth_century_candidate,pass_1b_authoritative_resolved,eligible_probe,https://www.gutenberg.org/ebooks/46717,https://www.gutenberg.org/ebooks/46717.txt.utf-8,hit,quality_pass,,467937,448456,72306,7544,0,0.253188,0.794314,0.003601,0,,,,e4798cf44344bc602644c9bb3f3569b2a49d35da71940b9179288b84003a5d2c,62,,,,,,,,,,,,,quality_pass_pending_editorial_activation_review
46835,Impressioni d'America,"Giacosa, Giuseppe",date_and_role_review,author_died_after_1900_review,review_work_publication_date,pass_1b,nineteenth_century_bridge,nineteenth_century_bridge_candidate,eligible_nineteenth_century_candidate,pass_1b_authoritative_resolved,eligible_probe,https://www.gutenberg.org/ebooks/46835,https://www.gutenberg.org/ebooks/46835.txt.utf-8,hit,quality_pass,,357579,337974,55258,5080,0,0.260252,0.803538,0.001237,2,editor_note:1;errata:1,,,f8e92d14b184dd8d66d24823c5fde58c1424507be9da685691fc06faf0630604,62,,,,,,,,,,,,,quality_pass_pending_editorial_activation_review
47051,Descrittione del regno di Scotia,"Ubaldini, Petruccio",date_and_role_review,unknown,review_missing_period_evidence,pass_1b,origins_through_1800,historical_general_candidate,eligible_historical_core_candidate,pass_1b_authoritative_resolved,eligible_probe,https://www.gutenberg.org/ebooks/47051,https://www.gutenberg.org/ebooks/47051.txt.utf-8,hit,quality_pass,,240473,220836,28201,3286,0,0.215879,0.623277,0.000598,1,editor_note:1,,,82f8fcd241e967331151d47468387995d0bf7fc25ed0039e0b566851d1066647,27,,,,,,,,,,,,,quality_pass_pending_editorial_activation_review
47069,Un bel sogno,"Cagna, Achille Giovanni",date_and_role_review,author_died_after_1900_review,review_work_publication_date,pass_1b,nineteenth_century_bridge,nineteenth_century_bridge_candidate,eligible_nineteenth_century_candidate,pass_1b_authoritative_resolved,eligible_probe,https://www.gutenberg.org/ebooks/47069,https://www.gutenberg.org/ebooks/47069.txt.utf-8,hit,quality_pass,,369522,349997,57221,5770,0,0.252652,0.798838,0.000326,0,,,,23b4a1ef6ff115c7f842737a600128dbb33ecf59e15eda43aacbe76fbf67e9ae,55,,,,,,,,,,,,,quality_pass_pending_editorial_activation_review
47294,"Il Nemico, vol. I","Oriani, Alfredo",date_and_role_review,author_died_after_1900_review,review_work_publication_date,pass_1b,nineteenth_century_bridge,nineteenth_century_bridge_candidate,eligible_nineteenth_century_candidate,pass_1b_authoritative_resolved,eligible_probe,https://www.gutenberg.org/ebooks/47294,https://www.gutenberg.org/ebooks/47294.txt.utf-8,hit,quality_pass,,352694,333166,52812,5449,0,0.250549,0.805106,0.000183,1,editor_note:1,,,e5341d9a476280139dde8b9a7c89a19119373c24db6bbcf6d492b9407d107869,49,,,,,,,,,,,,,quality_pass_pending_editorial_activation_review
47295,"Il Nemico, vol. II","Oriani, Alfredo",date_and_role_review,author_died_after_1900_review,review_work_publication_date,pass_1b,nineteenth_century_bridge,nineteenth_century_bridge_candidate,eligible_nineteenth_century_candidate,pass_1b_authoritative_resolved,eligible_probe,https://www.gutenberg.org/ebooks/47295,https://www.gutenberg.org/ebooks/47295.txt.utf-8,hit,quality_pass,,359142,339610,53833,5599,0,0.253915,0.807167,0.000106,1,editor_note:1,,,96c152cd87376d8e5b3be5a944fef0c2b015512c1073fdfeb07d5feb47a484a7,59,,,,,,,,,,,,,quality_pass_pending_editorial_activation_review
47328,Cronaca della rivoluzione di Milano,"Tettoni, Leone",date_and_role_review,unknown,review_missing_period_evidence,pass_1b,nineteenth_century_bridge,nineteenth_century_bridge_candidate,eligible_nineteenth_century_candidate,pass_1b_authoritative_resolved,eligible_probe,https://www.gutenberg.org/ebooks/47328,https://www.gutenberg.org/ebooks/47328.txt.utf-8,hit,quality_pass,,517559,497948,77981,8343,0,0.247086,0.794322,0.003121,0,,,,09e7a3182700696df3a3b13c91df225a0dd76274bf618b29291886c3507fdd32,98,,,,,,,,,,,,,quality_pass_pending_editorial_activation_review
48717,L'idolo,"Rovetta, Gerolamo",date_and_role_review,author_died_after_1900_review,review_work_publication_date,pass_1b,nineteenth_century_bridge,nineteenth_century_bridge_candidate,eligible_nineteenth_century_candidate,pass_1b_authoritative_resolved,eligible_probe,https://www.gutenberg.org/ebooks/48717,https://www.gutenberg.org/ebooks/48717.txt.utf-8,hit,quality_pass,,566115,546632,88809,9182,0,0.254659,0.764725,0.000155,1,editor_note:1,,,92ca53a6e3bb343a851092064ec0c3f596b22e9a41c20f044dadbf77a71b277b,92,,,,,,,,,,,,,quality_pass_pending_editorial_activation_review
48779,Novelle umoristiche,"Albertazzi, Adolfo",date_and_role_review,author_died_after_1900_review,review_work_publication_date,pass_1b,nineteenth_century_bridge,nineteenth_century_bridge_candidate,eligible_nineteenth_century_candidate,pass_1b_authoritative_resolved,eligible_probe,https://www.gutenberg.org/ebooks/48779,https://www.gutenberg.org/ebooks/48779.txt.utf-8,hit,quality_pass,,391711,372111,61185,6529,0,0.271521,0.771329,0.000185,1,editor_note:1,,,8d1cca467bbc04236218d49f2441e492cf6e6f72bc1f65047304298612fbaa23,70,,,,,,,,,,,,,quality_pass_pending_editorial_activation_review
48820,La trilogia di Dorina: Commedia in 3 atti,"Rovetta, Gerolamo",date_and_role_review,author_died_after_1900_review,review_work_publication_date,pass_1b,nineteenth_century_bridge,nineteenth_century_bridge_candidate,eligible_nineteenth_century_candidate,pass_1b_authoritative_resolved,eligible_probe,https://www.gutenberg.org/ebooks/48820,https://www.gutenberg.org/ebooks/48820.txt.utf-8,hit,quality_pass,,130026,110336,16670,2854,0,0.238812,0.715877,0.000372,1,editor_note:1,,,19b02b8573b5ca657f6d19022ac029b76dbc45863696c372e0125bb625210064,12,,,,,,,,,,,,,quality_pass_pending_editorial_activation_review
48913,Il Vino: Undici conferenze fatte nell'inverno dell'anno 1880,Various,date_and_role_review,unknown,review_missing_period_evidence,pass_1b,nineteenth_century_bridge,nineteenth_century_bridge_candidate,eligible_nineteenth_century_candidate,pass_1b_authoritative_resolved,eligible_probe,https://www.gutenberg.org/ebooks/48913,https://www.gutenberg.org/ebooks/48913.txt.utf-8,hit,quality_pass,,640365,620673,98052,9652,0,0.256507,0.773994,0.006733,1,errata:1,,,1f3f280e4de85404c19b82253fadd1e2b7626b28577a61a48002512569c70727,99,,,,,,,,,,,,,quality_pass_pending_editorial_activation_review
49365,La vita italiana nel Trecento: Conferenze tenute a Firenze nel 1891,Various,date_and_role_review,unknown,review_missing_period_evidence,pass_1b,nineteenth_century_bridge,nineteenth_century_bridge_candidate,eligible_nineteenth_century_candidate,pass_1b_authoritative_resolved,eligible_probe,https://www.gutenberg.org/ebooks/49365,https://www.gutenberg.org/ebooks/49365.txt.utf-8,hit,quality_pass,,756937,737148,120662,11413,0,0.267267,0.797452,0.001955,1,editor_note:1,,,30f676d2e6a3d20cbd348d8b10e0bfc69f51c7a85c187e8abf6d6e9b7610a137,107,,,,,,,,,,,,,quality_pass_pending_editorial_activation_review
49420,Brandelli,"Guerrini, Olindo",date_and_role_review,author_died_after_1900_review,review_work_publication_date,pass_1b,nineteenth_century_bridge,nineteenth_century_bridge_candidate,eligible_nineteenth_century_candidate,pass_1b_authoritative_resolved,eligible_probe,https://www.gutenberg.org/ebooks/49420,https://www.gutenberg.org/ebooks/49420.txt.utf-8,hit,quality_pass,,851769,832295,137376,12846,0,0.272442,0.799543,0.001396,2,editor_note:1;errata:1,,,3587d98fb0b595fa21bccec9a06066a657ae0debc16317fec0cdce33ab0057d2,133,,,,,,,,,,,,,quality_pass_pending_editorial_activation_review
49523,Prose (1880-1890),"Pascarella, Cesare",language_variety_review_required,author_died_after_1900_review,review_language_variety_before_download,pass_1b,nineteenth_century_bridge,nineteenth_century_bridge_candidate,eligible_nineteenth_century_candidate,pass_1b_policy_routed,eligible_probe,https://www.gutenberg.org/ebooks/49523,https://www.gutenberg.org/ebooks/49523.txt.utf-8,hit,quality_pass,,503190,483668,79958,7767,0,0.277658,0.785781,0.000385,1,editor_note:1,,,c85524a9c1c16806fd771e8cc80195b40aa71231de977da2ba79071c0651f0b7,68,,,,,,,,,,,,,quality_pass_pending_editorial_activation_review
49902,Piccolo romanzo,"Serao, Matilde",date_and_role_review,author_died_after_1900_review,review_work_publication_date,pass_1b,nineteenth_century_bridge,nineteenth_century_bridge_candidate,eligible_nineteenth_century_candidate,pass_1b_authoritative_resolved,eligible_probe,https://www.gutenberg.org/ebooks/49902,https://www.gutenberg.org/ebooks/49902.txt.utf-8,hit,quality_pass,,86435,66909,10722,1135,0,0.241746,0.752769,0.010118,2,alphabetical_index:1;editor_note:1,,,645ab7f7abd97100bf2527b0798c09cf9258de2bd0d1525d276f8aa35e268956,17,,,,,,,,,,,,,quality_pass_pending_editorial_activation_review
50305,Storia del Quindici Maggio in Napoli: con l'esposizione di alcuni fatti che han preparato la catastrofe,"Cimino, Tommaso",date_and_role_review,unknown,review_missing_period_evidence,pass_1b,nineteenth_century_bridge,nineteenth_century_bridge_candidate,eligible_nineteenth_century_candidate,pass_1b_authoritative_resolved,eligible_probe,https://www.gutenberg.org/ebooks/50305,https://www.gutenberg.org/ebooks/50305.txt.utf-8,hit,quality_pass,,107337,87494,14184,1338,0,0.257614,0.80969,0.001486,1,editor_note:1,,,b4dd99111af98c0c6dc1c74c13c2fa2f0b8ee3850c32a6fc4090171611d6b13f,13,,,,,,,,,,,,,quality_pass_pending_editorial_activation_review
50674,Viaggio a Costantinopoli (1609-1621),"Alberti, Tommaso",date_and_role_review,unknown,review_missing_period_evidence,pass_1b,nineteenth_century_bridge,nineteenth_century_bridge_candidate,eligible_nineteenth_century_candidate,pass_1b_authoritative_resolved,eligible_probe,https://www.gutenberg.org/ebooks/50674,https://www.gutenberg.org/ebooks/50674.txt.utf-8,hit,quality_pass,,220490,200781,33414,3132,0,0.277788,0.776015,0.004453,1,editor_note:1,,,20d813f4849309b1c3ca9ac373cb0a3ec9f45f72efb6e6aca8f33796ab51b346,35,,,,,,,,,,,,,quality_pass_pending_editorial_activation_review
50697,Teatro Futurista Sintetico,"Marinetti, F. T.;Corra, Bruno;Settimelli, Emilio",date_and_role_review,unknown,review_missing_period_evidence,pass_1b,nineteenth_century_bridge,nineteenth_century_bridge_candidate,eligible_nineteenth_century_candidate,pass_1b_authoritative_resolved,eligible_probe,https://www.gutenberg.org/ebooks/50697,https://www.gutenberg.org/ebooks/50697.txt.utf-8,hit,quality_pass,,141481,121876,18237,2335,0,0.237978,0.725188,0.002199,1,editor_note:1,,,e0a0c9bd62129fbb3b69a3b09c2fb2bfebcbbf1db4d72eb4b61d2dd69d21151f,19,,,,,,,,,,,,,quality_pass_pending_editorial_activation_review
51323,"La vita Italiana nel Risorgimento (1815-1831), parte 1: Conferenze fiorentine - Storia",Various,date_and_role_review,unknown,review_missing_period_evidence,pass_1b,nineteenth_century_bridge,nineteenth_century_bridge_candidate,eligible_nineteenth_century_candidate,pass_1b_authoritative_resolved,eligible_probe,https://www.gutenberg.org/ebooks/51323,https://www.gutenberg.org/ebooks/51323.txt.utf-8,hit,quality_pass,,302443,282712,45539,4390,0,0.275127,0.796811,0.00329,1,editor_note:1,,,f9c3c07e57584a5b3489a9811a350d5ebd4fcc68e4195f77b79f01477a82ea70,52,,,,,,,,,,,,,quality_pass_pending_editorial_activation_review
51324,"La vita Italiana nel Risorgimento (1815-1831), parte 2: Conferenze fiorentine - Storia",Various,date_and_role_review,unknown,review_missing_period_evidence,pass_1b,nineteenth_century_bridge,nineteenth_century_bridge_candidate,eligible_nineteenth_century_candidate,pass_1b_authoritative_resolved,eligible_probe,https://www.gutenberg.org/ebooks/51324,https://www.gutenberg.org/ebooks/51324.txt.utf-8,hit,quality_pass,,251249,231577,38361,3631,0,0.233336,0.78643,0.003148,1,editor_note:1,,,58f5d6706a5e5b5fefe5bd760f2bd95336e340ba7fbcdb92ea6674f419d8b3ca,44,,,,,,,,,,,,,quality_pass_pending_editorial_activation_review
51325,"La vita Italiana nel Risorgimento (1815-1831), parte 3: Conferenze fiorentine - Lettere, scienze e arti",Various,date_and_role_review,unknown,review_missing_period_evidence,pass_1b,nineteenth_century_bridge,nineteenth_century_bridge_candidate,eligible_nineteenth_century_candidate,pass_1b_authoritative_resolved,eligible_probe,https://www.gutenberg.org/ebooks/51325,https://www.gutenberg.org/ebooks/51325.txt.utf-8,hit,quality_pass,,213452,193757,31174,2997,0,0.268301,0.799027,0.001652,1,editor_note:1,,,8e41864d86f611f6b7bbb1d13906b96582561799069fae8161f959984014285f,24,,,,,,,,,,,,,quality_pass_pending_editorial_activation_review
51399,"La vita Italiana nel Risorgimento (1831-1846), parte 1: Seconda serie - Storia",Various,date_and_role_review,unknown,review_missing_period_evidence,pass_1b,nineteenth_century_bridge,nineteenth_century_bridge_candidate,eligible_nineteenth_century_candidate,pass_1b_authoritative_resolved,eligible_probe,https://www.gutenberg.org/ebooks/51399,https://www.gutenberg.org/ebooks/51399.txt.utf-8,hit,quality_pass,,238930,219203,34940,3421,0,0.270349,0.800892,0.004968,1,editor_note:1,,,c3b2d3a5745b9e665abd0ad6a73a773dbca0e6402cc4e3314efccf581623a25b,28,,,,,,,,,,,,,quality_pass_pending_editorial_activation_review
51400,"La vita Italiana nel Risorgimento (1831-1846), parte 2: Seconda serie - Lettere, scienze e arti",Various,date_and_role_review,unknown,review_missing_period_evidence,pass_1b,nineteenth_century_bridge,nineteenth_century_bridge_candidate,eligible_nineteenth_century_candidate,pass_1b_authoritative_resolved,eligible_probe,https://www.gutenberg.org/ebooks/51400,https://www.gutenberg.org/ebooks/51400.txt.utf-8,hit,quality_pass,,207751,188024,30821,2991,0,0.263716,0.790973,0.001915,1,editor_note:1,,,78f1e133584bd801b8b2737ea2c0db8fa11f45375d792e1c922c85ffd2197afa,27,,,,,,,,,,,,,quality_pass_pending_editorial_activation_review
51402,"La vita Italiana nel Risorgimento (1831-1846), parte 3: Seconda serie - Lettere, scienze e arti",Various,date_and_role_review,unknown,review_missing_period_evidence,pass_1b,nineteenth_century_bridge,nineteenth_century_bridge_candidate,eligible_nineteenth_century_candidate,pass_1b_authoritative_resolved,eligible_probe,https://www.gutenberg.org/ebooks/51402,https://www.gutenberg.org/ebooks/51402.txt.utf-8,hit,quality_pass,,178916,159225,26147,2460,0,0.194401,0.795974,0.002117,1,editor_note:1,,,8dab4db8ca581576fac3964b94017485343fac71674bd5b19dbc290ea1f3a8f7,27,,,,,,,,,,,,,quality_pass_pending_editorial_activation_review
51462,"La vita Italiana nel Risorgimento (1846-1849), parte 1: Terza serie - Lettere, scienze e arti",Various,date_and_role_review,unknown,review_missing_period_evidence,pass_1b,nineteenth_century_bridge,nineteenth_century_bridge_candidate,eligible_nineteenth_century_candidate,pass_1b_authoritative_resolved,eligible_probe,https://www.gutenberg.org/ebooks/51462,https://www.gutenberg.org/ebooks/51462.txt.utf-8,hit,quality_pass,,307035,287307,46558,4672,0,0.272456,0.782442,0.003686,1,editor_note:1,,,2ce84e99312fafb2910a57b13f0e73410d5d54bc55b65ec923520ce2ae953cfe,46,,,,,,,,,,,,,quality_pass_pending_editorial_activation_review
51463,"La vita Italiana nel Risorgimento (1846-1849), parte 2: Terza serie - Storia",Various,date_and_role_review,unknown,review_missing_period_evidence,pass_1b,nineteenth_century_bridge,nineteenth_century_bridge_candidate,eligible_nineteenth_century_candidate,pass_1b_authoritative_resolved,eligible_probe,https://www.gutenberg.org/ebooks/51463,https://www.gutenberg.org/ebooks/51463.txt.utf-8,hit,quality_pass,,195826,176135,28742,2880,0,0.217591,0.787169,0.004667,1,editor_note:1,,,eafb4727287084ed58466d42bdea40abae68110af4709c258b0e21172d6209e8,25,,,,,,,,,,,,,quality_pass_pending_editorial_activation_review
51464,"La vita Italiana nel Risorgimento (1846-1849), parte 3: Terza serie - Storia",Various,date_and_role_review,unknown,review_missing_period_evidence,pass_1b,nineteenth_century_bridge,nineteenth_century_bridge_candidate,eligible_nineteenth_century_candidate,pass_1b_authoritative_resolved,eligible_probe,https://www.gutenberg.org/ebooks/51464,https://www.gutenberg.org/ebooks/51464.txt.utf-8,hit,quality_pass,,226939,207211,33389,3265,0,0.280272,0.796772,0.003895,1,editor_note:1,,,c634c946267d9596b1b2294b88af7c366a8a6cdebcc3f686c87e92919d80e3d2,39,,,,,,,,,,,,,quality_pass_pending_editorial_activation_review
51706,La vita Italiana nel Rinascimento: Conferenze tenute a Firenze nel 1892,,date_and_role_review,unknown,review_missing_period_evidence,pass_1b,nineteenth_century_bridge,nineteenth_century_bridge_candidate,eligible_nineteenth_century_candidate,pass_1b_authoritative_resolved,eligible_probe,https://www.gutenberg.org/ebooks/51706,https://www.gutenberg.org/ebooks/51706.txt.utf-8,hit,quality_pass,,646382,626315,103220,9773,0,0.270878,0.791934,0.002944,1,editor_note:1,,,f821f996419653a5f7d324edca000204925cfb2f9a6b1edded1813fe69d21df5,94,,,,,,,,,,,,,quality_pass_pending_editorial_activation_review
51857,"La vera cuciniera genovese: facile ed economica, ossia maniera di preparare e cuocere ogni sorta di vivande all'usanza di Genova","Rossi, Emanuele",date_and_role_review,unknown,review_missing_period_evidence,pass_1b,nineteenth_century_bridge,nineteenth_century_bridge_candidate,eligible_nineteenth_century_candidate,pass_1b_authoritative_resolved,eligible_probe,https://www.gutenberg.org/ebooks/51857,https://www.gutenberg.org/ebooks/51857.txt.utf-8,hit,quality_pass,,502516,483058,71808,7701,0,0.263578,0.751603,0.012789,1,editor_note:1,,,8748886f3d30729710f3fae11f0b6a7b11d856d0ca2a2a1d1db52e9456da21e0,62,,,,,,,,,,,,,quality_pass_pending_editorial_activation_review
52259,L'allegoria dell'autunno: Omaggio offerto a Venezia da Gabriele D'Annunzio,"D'Annunzio, Gabriele",historical_non_sonnet_poetry_candidate,author_died_after_1900_review,review_work_publication_date,pass_1b,nineteenth_century_bridge,historical_non_sonnet_poetry_candidate,eligible_nineteenth_century_candidate,pass_1b_authoritative_resolved,eligible_probe,https://www.gutenberg.org/ebooks/52259,https://www.gutenberg.org/ebooks/52259.txt.utf-8,hit,quality_pass,,54171,34368,5788,567,0,0.254319,0.796177,0.000349,1,editor_note:1,,,5337b135ac90869268affdd2c43edd39323b31d3da69e943829e7b69a5bd9347,5,,,,,,,,,,,,,quality_pass_pending_editorial_activation_review
52954,Architettura comacina,"Treves, Vittorio",date_and_role_review,unknown,review_missing_period_evidence,pass_1b,nineteenth_century_bridge,nineteenth_century_bridge_candidate,eligible_nineteenth_century_candidate,pass_1b_authoritative_resolved,eligible_probe,https://www.gutenberg.org/ebooks/52954,https://www.gutenberg.org/ebooks/52954.txt.utf-8,hit,quality_pass,,44319,24817,3724,367,0,0.249463,0.791796,0.001451,1,editor_note:1,,,4f969be03e34e768eec37d7bc3028cd33fb644293f80aff981d30ac81c7cef71,5,,,,,,,,,,,,,quality_pass_pending_editorial_activation_review
53223,Leopardi,"De Roberto, Federico",date_and_role_review,author_died_after_1900_review,review_work_publication_date,pass_1b,nineteenth_century_bridge,nineteenth_century_bridge_candidate,eligible_nineteenth_century_candidate,pass_1b_authoritative_resolved,eligible_probe,https://www.gutenberg.org/ebooks/53223,https://www.gutenberg.org/ebooks/53223.txt.utf-8,hit,quality_pass,,413357,393865,65696,6237,0,0.263897,0.786622,0.000454,1,editor_note:1,,,975aa0a4594b9d02453c9b3ae28fb5e5619d7f71a216e653e6f4bec6dbf30c1e,71,,,,,,,,,,,,,quality_pass_pending_editorial_activation_review
53303,Il Miraggio: Romanzo,"D'Ambra, Lucio",date_and_role_review,author_died_after_1900_review,review_work_publication_date,pass_1b,nineteenth_century_bridge,nineteenth_century_bridge_candidate,eligible_nineteenth_century_candidate,pass_1b_authoritative_resolved,eligible_probe,https://www.gutenberg.org/ebooks/53303,https://www.gutenberg.org/ebooks/53303.txt.utf-8,hit,quality_pass,,517768,498233,82142,7697,0,0.257761,0.80138,0.000215,3,editor_note:1;errata:2,,,de0f27a305b7c1f57851af2fa8f927ade060cbff477045d22889ca3c57a65b8a,75,,,,,,,,,,,,,quality_pass_pending_editorial_activation_review
53801,La moglie di Sua Eccellenza,"Rovetta, Gerolamo",date_and_role_review,author_died_after_1900_review,review_work_publication_date,pass_1b,nineteenth_century_bridge,nineteenth_century_bridge_candidate,eligible_nineteenth_century_candidate,pass_1b_authoritative_resolved,eligible_probe,https://www.gutenberg.org/ebooks/53801,https://www.gutenberg.org/ebooks/53801.txt.utf-8,hit,quality_pass,,705891,686248,112713,11979,0,0.268203,0.765582,1.9e-05,1,editor_note:1,,,5fb0b256a9dff5ba3b954341f41ed57c7889a22a44f0e06087397cf0339ed237,106,,,,,,,,,,,,,quality_pass_pending_editorial_activation_review
54070,"Il nuovo lume delle gioie: Opera utilissima ad'ogni persona, così a orefici, e speciali, per l'arte pratico.","Caliari, Pietro",date_and_role_review,unknown,review_missing_period_evidence,pass_1b,origins_through_1800,historical_general_candidate,eligible_historical_core_candidate,pass_1b_authoritative_resolved,eligible_probe,https://www.gutenberg.org/ebooks/54070,https://www.gutenberg.org/ebooks/54070.txt.utf-8,hit,quality_pass,,102021,82472,14491,1289,0,0.274239,0.766248,0.001261,1,editor_note:1,,,2b9bf2a5e61f2c52cc2c0eb6349614b09e37bc8651c0267d482eac3bbb4548d0,11,,,,,,,,,,,,,quality_pass_pending_editorial_activation_review
54167,"Commentario de le piu notabili, & mostruose cose d'Italia, & di altri luoghi di lingua aramea in Italiana tradotto, nelquale si impara, & prendesi estremo piacere","Landi, Ortensio",date_and_role_review,unknown,review_translation_edition_date,pass_1b,origins_through_1800,historical_general_candidate,eligible_historical_core_candidate,pass_1b_authoritative_resolved,eligible_probe,https://www.gutenberg.org/ebooks/54167,https://www.gutenberg.org/ebooks/54167.txt.utf-8,hit,quality_pass,,241704,221597,35889,3401,0,0.218507,0.785958,0.00139,1,editor_note:1,,,a7ed3551ce2aa6f308361147d3644d96ec920f107a4d28b242bbc5f9a3c45346,43,,,,,,,,,,,,,quality_pass_pending_editorial_activation_review
56794,La vita Italiana nel Cinquecento: Conferenze tenute a Firenze nel 1893,Various,date_and_role_review,unknown,review_missing_period_evidence,pass_1b,nineteenth_century_bridge,nineteenth_century_bridge_candidate,eligible_nineteenth_century_candidate,pass_1b_authoritative_resolved,eligible_probe,https://www.gutenberg.org/ebooks/56794,https://www.gutenberg.org/ebooks/56794.txt.utf-8,hit,quality_pass,,751243,731525,118828,11439,0,0.27167,0.795297,0.001908,1,editor_note:1,,,7f0931b2d1f6f69c3201da13e108eb6a2b87c4229a7b96c2574e483d753627ff,123,,,,,,,,,,,,,quality_pass_pending_editorial_activation_review
56958,L'umorismo,"Pirandello, Luigi",date_and_role_review,author_died_after_1900_review,review_work_publication_date,pass_1b,nineteenth_century_bridge,nineteenth_century_bridge_candidate,eligible_nineteenth_century_candidate,pass_1b_authoritative_resolved,eligible_probe,https://www.gutenberg.org/ebooks/56958,https://www.gutenberg.org/ebooks/56958.txt.utf-8,hit,quality_pass,,342453,323074,53555,5064,0,0.269555,0.791661,0.001489,1,editor_note:1,,,cda7fa405805e0e06ca49583a148c75611341c1852bb15dfdd1cbb5d61b2658b,51,,,,,,,,,,,,,quality_pass_pending_editorial_activation_review
57082,Fedele ed altri racconti,"Fogazzaro, Antonio",date_and_role_review,author_died_after_1900_review,review_work_publication_date,pass_1b,nineteenth_century_bridge,nineteenth_century_bridge_candidate,eligible_nineteenth_century_candidate,pass_1b_authoritative_resolved,eligible_probe,https://www.gutenberg.org/ebooks/57082,https://www.gutenberg.org/ebooks/57082.txt.utf-8,hit,quality_pass,,236815,217307,35794,3705,0,0.25468,0.766252,0.000506,1,editor_note:1,,,e877e2c044bdfae48fca525a610b7fbdc22740545d5e821624763912a428382d,25,,,,,,,,,,,,,quality_pass_pending_editorial_activation_review
57160,Dell'antico stato del lago di Pusiano nell'alto Milanese,"Redaelli, Carlo",date_and_role_review,unknown,review_missing_period_evidence,pass_1b,nineteenth_century_bridge,nineteenth_century_bridge_candidate,eligible_nineteenth_century_candidate,pass_1b_authoritative_resolved,eligible_probe,https://www.gutenberg.org/ebooks/57160,https://www.gutenberg.org/ebooks/57160.txt.utf-8,hit,quality_pass,,95414,75931,12080,1195,0,0.240646,0.772004,0.007559,1,editor_note:1,,,d5f88e9616a418470bacc80c1862197bb1753e2bd34d7bd6451fc0fe7f887564,16,,,,,,,,,,,,,quality_pass_pending_editorial_activation_review
57822,La vita Italiana nel Seicento: Conferenze tenute a Firenze nel 1894,Various,date_and_role_review,unknown,review_missing_period_evidence,pass_1b,nineteenth_century_bridge,nineteenth_century_bridge_candidate,eligible_nineteenth_century_candidate,pass_1b_authoritative_resolved,eligible_probe,https://www.gutenberg.org/ebooks/57822,https://www.gutenberg.org/ebooks/57822.txt.utf-8,hit,quality_pass,,630531,610979,98495,9553,0,0.266643,0.791384,0.001516,1,editor_note:1,,,b7e6f7b82085e8090b03d1b894fd8ef4b817e1fcf6382cc39b2ae206a378a5fe,97,,,,,,,,,,,,,quality_pass_pending_editorial_activation_review
58316,Il fiume Bianco e i Dénka: Memorie,"Beltrame, G. (Gianni)",date_and_role_review,unknown,review_missing_period_evidence,pass_1b,nineteenth_century_bridge,nineteenth_century_bridge_candidate,eligible_nineteenth_century_candidate,pass_1b_authoritative_resolved,eligible_probe,https://www.gutenberg.org/ebooks/58316,https://www.gutenberg.org/ebooks/58316.txt.utf-8,hit,quality_pass,,425212,405642,67685,6441,0,0.246539,0.775341,0.002953,1,editor_note:1,,,a15f612a639c9f2407752f3e067a188895888b18c5ae2b679817ffea952f0f3b,75,,,,,,,,,,,,,quality_pass_pending_editorial_activation_review
58353,La vecchia casa,Neera,date_and_role_review,author_died_after_1900_review,review_work_publication_date,pass_1b,nineteenth_century_bridge,nineteenth_century_bridge_candidate,eligible_nineteenth_century_candidate,pass_1b_authoritative_resolved,eligible_probe,https://www.gutenberg.org/ebooks/58353,https://www.gutenberg.org/ebooks/58353.txt.utf-8,hit,quality_pass,,249876,230485,37137,3766,0,0.266715,0.799553,0.000165,1,editor_note:1,,,e8ff82202dd2a9a3197b7d8eb4dd8d72eb98c82aa4a37552f097449b0874641c,40,,,,,,,,,,,,,quality_pass_pending_editorial_activation_review
58615,Lirica,"Vivanti, Annie",historical_non_sonnet_poetry_candidate,author_died_after_1900_review,review_work_publication_date,pass_1b,nineteenth_century_bridge,historical_non_sonnet_poetry_candidate,eligible_nineteenth_century_candidate,pass_1b_authoritative_resolved,eligible_probe,https://www.gutenberg.org/ebooks/58615,https://www.gutenberg.org/ebooks/58615.txt.utf-8,hit,quality_pass,,91655,72229,11042,1721,0,0.242891,0.678107,0.002589,1,editor_note:1,,,d62d2714fff46c0040447144261e32cc45bd231c9724f6aeaab658807d6d4a1d,15,,,,,,,,,,,,,quality_pass_pending_editorial_activation_review
59064,Socrate,"Labriola, Antonio",date_and_role_review,author_died_after_1900_review,review_work_publication_date,pass_1b,nineteenth_century_bridge,nineteenth_century_bridge_candidate,eligible_nineteenth_century_candidate,pass_1b_authoritative_resolved,eligible_probe,https://www.gutenberg.org/ebooks/59064,https://www.gutenberg.org/ebooks/59064.txt.utf-8,hit,quality_pass,,327719,308249,47375,4746,0,0.258449,0.797634,0.01007,1,editor_note:1,,,f65c55968ef33f462ae031029e3e1ae9f199cf2dafba2d469ff74e6b260cce91,45,,,,,,,,,,,,,quality_pass_pending_editorial_activation_review
60085,Il Parlamento Nazionale Napoletano per gli anni 1820 e 1821: memorie e documenti,,date_and_role_review,unknown,review_missing_period_evidence,pass_1b,nineteenth_century_bridge,nineteenth_century_bridge_candidate,eligible_nineteenth_century_candidate,pass_1b_authoritative_resolved,eligible_probe,https://www.gutenberg.org/ebooks/60085,https://www.gutenberg.org/ebooks/60085.txt.utf-8,hit,quality_pass,,251606,231840,33963,4007,0,0.246268,0.755702,0.015204,1,editor_note:1,,,e70304704ee2e4f593c618c4f89a4bf511576a4a03194336784884c4f5ed97f9,40,,,,,,,,,,,,,quality_pass_pending_editorial_activation_review
60092,La donna nella vita e nelle opere di Giacomo Leopardi,"Boghen Conigliani, Emma",historical_non_sonnet_poetry_candidate,author_died_after_1900_review,review_work_publication_date,pass_1b,nineteenth_century_bridge,historical_non_sonnet_poetry_candidate,eligible_nineteenth_century_candidate,pass_1b_authoritative_resolved,eligible_probe,https://www.gutenberg.org/ebooks/60092,https://www.gutenberg.org/ebooks/60092.txt.utf-8,hit,quality_pass,,513910,494274,82724,7643,0,0.282373,0.783013,0.005339,1,editor_note:1,,,fe92b1e91fe75f7d0faef79630fcf44d513b24df72c5fbfc3cf3aad63b680d4e,56,,,,,,,,,,,,,quality_pass_pending_editorial_activation_review
60183,Nella vita: novelle,"Di Giacomo, Salvatore",language_variety_review_required,author_died_after_1900_review,review_language_variety_before_download,pass_1b,nineteenth_century_bridge,nineteenth_century_bridge_candidate,eligible_nineteenth_century_candidate,pass_1b_authoritative_resolved,eligible_probe,https://www.gutenberg.org/ebooks/60183,https://www.gutenberg.org/ebooks/60183.txt.utf-8,hit,quality_pass,,197398,177864,29195,3158,0,0.260387,0.77322,0.000635,1,editor_note:1,,,d07e282d77b6e422c50e88b23897ac47cc46e46a173744eb77dc89443975a7c1,25,,,,,,,,,,,,,quality_pass_pending_editorial_activation_review
60249,La Vita Italiana nel Settecento: Conferenze tenute a Firenze nel 1895,Various,date_and_role_review,unknown,review_missing_period_evidence,pass_1b,nineteenth_century_bridge,nineteenth_century_bridge_candidate,eligible_nineteenth_century_candidate,pass_1b_authoritative_resolved,eligible_probe,https://www.gutenberg.org/ebooks/60249,https://www.gutenberg.org/ebooks/60249.txt.utf-8,hit,quality_pass,,596109,576322,93350,8966,0,0.263578,0.801488,0.001718,1,editor_note:1,,,65f1255419b31d25a7ec9c0a331d49cc550b49d3e447a95d7dbc16fe3948e239,95,,,,,,,,,,,,,quality_pass_pending_editorial_activation_review
60864,"I viaggi di Gio. da Mandavilla, vol. 1","Mandeville, John, Sir",date_and_role_review,unknown,review_missing_period_evidence,pass_1b,nineteenth_century_bridge,nineteenth_century_bridge_candidate,eligible_nineteenth_century_candidate,pass_1b_authoritative_resolved,eligible_probe,https://www.gutenberg.org/ebooks/60864,https://www.gutenberg.org/ebooks/60864.txt.utf-8,hit,quality_pass,,239367,219753,38644,3395,0,0.282942,0.766115,0.003181,1,editor_note:1,,,991ad8e9bcac485ee551dfad1f870c7bf9f39fa463bdf5d4fb910db798f669c6,42,,,,,,,,,,,,,quality_pass_pending_editorial_activation_review
60865,"I viaggi di Gio. da Mandavilla, vol. 2","Mandeville, John, Sir",date_and_role_review,unknown,review_missing_period_evidence,pass_1b,nineteenth_century_bridge,nineteenth_century_bridge_candidate,eligible_nineteenth_century_candidate,pass_1b_authoritative_resolved,eligible_probe,https://www.gutenberg.org/ebooks/60865,https://www.gutenberg.org/ebooks/60865.txt.utf-8,hit,quality_pass,,261804,242190,43879,3664,0,0.288771,0.770346,0.001932,1,editor_note:1,,,fee408175af9879f442b33800e32e702d66bc3c1d9ab41ca329c1391b1522f78,37,,,,,,,,,,,,,quality_pass_pending_editorial_activation_review
61548,Le seduzioni - Le vergini folli,"Guglielminetti, Amalia",historical_non_sonnet_poetry_candidate,author_died_after_1900_review,review_work_publication_date,pass_1b,nineteenth_century_bridge,historical_non_sonnet_poetry_candidate,eligible_nineteenth_century_candidate,pass_1b_authoritative_resolved,eligible_probe,https://www.gutenberg.org/ebooks/61548,https://www.gutenberg.org/ebooks/61548.txt.utf-8,hit,quality_pass,,137678,118098,17874,2823,0,0.241972,0.663517,0.004361,1,editor_note:1,,,52a1489bd293c36e4ef1c537778acd13afdbe76faee1db9ac6692b59390cc767,15,,,,,,,,,,,,,quality_pass_pending_editorial_activation_review
61704,"Niccolò Machiavelli e i suoi tempi, vol. I","Villari, Pasquale",date_and_role_review,author_died_after_1900_review,review_work_publication_date,pass_1b,nineteenth_century_bridge,nineteenth_century_bridge_candidate,eligible_nineteenth_century_candidate,pass_1b_authoritative_resolved,eligible_probe,https://www.gutenberg.org/ebooks/61704,https://www.gutenberg.org/ebooks/61704.txt.utf-8,hit,quality_pass,,1336543,1316955,210594,20246,0,0.242571,0.779932,0.0117,4,editor_note:1;errata:3,,,412761bd27edc393a8daee8e409ab4d638dbdcde3d3ba92547084f622ae3c7a3,195,,,,,,,,,,,,,quality_pass_pending_editorial_activation_review
61705,"Niccolò Machiavelli e i suoi tempi, vol. II","Villari, Pasquale",date_and_role_review,author_died_after_1900_review,review_work_publication_date,pass_1b,nineteenth_century_bridge,nineteenth_century_bridge_candidate,eligible_nineteenth_century_candidate,pass_1b_authoritative_resolved,eligible_probe,https://www.gutenberg.org/ebooks/61705,https://www.gutenberg.org/ebooks/61705.txt.utf-8,hit,quality_pass,,1267565,1247973,201380,19079,0,0.237839,0.782771,0.009506,4,editor_note:1;errata:3,,,34b55d23e7129f2ce358013bfe6b366af24edcafd12b05797e02b24249f9bcf0,193,,,,,,,,,,,,,quality_pass_pending_editorial_activation_review
61706,"Niccolò Machiavelli e i suoi tempi, vol. III","Villari, Pasquale",date_and_role_review,author_died_after_1900_review,review_work_publication_date,pass_1b,nineteenth_century_bridge,nineteenth_century_bridge_candidate,eligible_nineteenth_century_candidate,pass_1b_authoritative_resolved,eligible_probe,https://www.gutenberg.org/ebooks/61706,https://www.gutenberg.org/ebooks/61706.txt.utf-8,hit,quality_pass,,1275344,1255748,195709,19773,0,0.243239,0.748159,0.020408,2,editor_note:1;errata:1,,,06c3d361252774bbede3cdeb8677dfbbb5101ef66e5f204434b92fdbd197827c,195,,,,,,,,,,,,,quality_pass_pending_editorial_activation_review
61975,Frutti proibiti,"Farina, Salvatore",date_and_role_review,author_died_after_1900_review,review_work_publication_date,pass_1b,nineteenth_century_bridge,nineteenth_century_bridge_candidate,eligible_nineteenth_century_candidate,pass_1b_authoritative_resolved,eligible_probe,https://www.gutenberg.org/ebooks/61975,https://www.gutenberg.org/ebooks/61975.txt.utf-8,hit,quality_pass,,305618,286138,47697,5029,0,0.263518,0.778554,0.00029,1,editor_note:1,,,d28f51e36abe48f9794a60b4a53b68fcb87f23fbef31a75c3b446df2079688ff,52,,,,,,,,,,,,,quality_pass_pending_editorial_activation_review
61991,La realtà: dramma in 3 atti,"Rovetta, Gerolamo",date_and_role_review,author_died_after_1900_review,review_work_publication_date,pass_1b,nineteenth_century_bridge,nineteenth_century_bridge_candidate,eligible_nineteenth_century_candidate,pass_1b_authoritative_resolved,eligible_probe,https://www.gutenberg.org/ebooks/61991,https://www.gutenberg.org/ebooks/61991.txt.utf-8,hit,quality_pass,,122972,103412,16414,2383,0,0.233337,0.741094,0.000629,1,editor_note:1,,,b6b07a5890bcaa94dfef6e99a3e7c28dd025a01f0397e84d8c844a8de7c862e6,18,,,,,,,,,,,,,quality_pass_pending_editorial_activation_review
62400,La Carrozza di tutti,"De Amicis, Edmondo",date_and_role_review,author_died_after_1900_review,review_work_publication_date,pass_1b,nineteenth_century_bridge,nineteenth_century_bridge_candidate,eligible_nineteenth_century_candidate,pass_1b_authoritative_resolved,eligible_probe,https://www.gutenberg.org/ebooks/62400,https://www.gutenberg.org/ebooks/62400.txt.utf-8,hit,quality_pass,,714541,694971,116026,10503,0,0.283583,0.78624,0.000214,1,editor_note:1,,,450c5dbc098eeaa92d6dc74d727c571efe094f4041376d166fc46899c79a5341,99,,,,,,,,,,,,,quality_pass_pending_editorial_activation_review
62813,"Foscolo, Manzoni, Leopardi: saggi: Aggiuntovi preraffaelliti, simbolisti ed esteti e letteratura dell'avvenire","Graf, Arturo",date_and_role_review,author_died_after_1900_review,review_work_publication_date,pass_1b,nineteenth_century_bridge,nineteenth_century_bridge_candidate,eligible_nineteenth_century_candidate,pass_1b_authoritative_resolved,eligible_probe,https://www.gutenberg.org/ebooks/62813,https://www.gutenberg.org/ebooks/62813.txt.utf-8,hit,quality_pass,,859371,839749,138691,13247,0,0.272584,0.780677,0.007269,1,editor_note:1,,,043a830b98909a7ccd47669a3de49885fe789915fc5388da4d3b4ebc6eb835a5,126,,,,,,,,,,,,,quality_pass_pending_editorial_activation_review
62987,Storia della musica,"Untersteiner, Alfredo",date_and_role_review,author_died_after_1900_review,review_work_publication_date,pass_1b,nineteenth_century_bridge,nineteenth_century_bridge_candidate,eligible_nineteenth_century_candidate,pass_1b_authoritative_resolved,eligible_probe,https://www.gutenberg.org/ebooks/62987,https://www.gutenberg.org/ebooks/62987.txt.utf-8,hit,quality_pass,,734659,715084,111352,11796,0,0.245842,0.78216,0.01315,3,alphabetical_index:2;editor_note:1,,,e16ccee27b35f286928e43f45616a577f78fea5245862eddc797e7094bb7e647,106,,,,,,,,,,,,,quality_pass_pending_editorial_activation_review
63058,Saggio di ricerche sulla satira contro il villano,"Merlini, Domenico",date_and_role_review,unknown,review_missing_period_evidence,pass_1b,nineteenth_century_bridge,nineteenth_century_bridge_candidate,eligible_nineteenth_century_candidate,pass_1b_authoritative_resolved,eligible_probe,https://www.gutenberg.org/ebooks/63058,https://www.gutenberg.org/ebooks/63058.txt.utf-8,hit,quality_pass,,425971,406332,62551,7471,0,0.233218,0.743606,0.011998,3,editor_note:1;errata:2,,,0a81039baa071e7e1dd1f24f4eba2d93a4a886037d16a3dc5db06fa4073bd00f,44,,,,,,,,,,,,,quality_pass_pending_editorial_activation_review
63106,Una partita a scacchi; Il Trionfo d'amore; Intermezzi e scene,"Giacosa, Giuseppe",date_and_role_review,author_died_after_1900_review,review_work_publication_date,pass_1b,nineteenth_century_bridge,nineteenth_century_bridge_candidate,eligible_nineteenth_century_candidate,pass_1b_authoritative_resolved,eligible_probe,https://www.gutenberg.org/ebooks/63106,https://www.gutenberg.org/ebooks/63106.txt.utf-8,hit,quality_pass,,193533,173814,24590,4015,0,0.232127,0.629339,0.001116,1,editor_note:1,,,89f1756fa7990d8d7f58b5a4c0bf23f8c3cbcd3a3c0f25def17b31fe3bb3dc56,20,,,,,,,,,,,,,quality_pass_pending_editorial_activation_review
64106,Il tesoro di Donnina,"Farina, Salvatore",date_and_role_review,author_died_after_1900_review,review_work_publication_date,pass_1b,nineteenth_century_bridge,nineteenth_century_bridge_candidate,eligible_nineteenth_century_candidate,pass_1b_authoritative_resolved,eligible_probe,https://www.gutenberg.org/ebooks/64106,https://www.gutenberg.org/ebooks/64106.txt.utf-8,hit,quality_pass,,533769,514295,87700,8737,0,0.271539,0.780844,0.00041,1,editor_note:1,,,9bb5f8d18798d9694d3b7490fa2c98b31e126b042c66f6bcdf5596af4c6e1461,86,,,,,,,,,,,,,quality_pass_pending_editorial_activation_review
64393,Lettere di molte valorose donne: nelle quali chiaramente appare non esser ne di eloquentia ne di dottrina alli huomini inferiori,"Landi, Ortensio",date_and_role_review,unknown,review_missing_period_evidence,pass_1b,origins_through_1800,historical_general_candidate,eligible_historical_core_candidate,pass_1b_authoritative_resolved,eligible_probe,https://www.gutenberg.org/ebooks/64393,https://www.gutenberg.org/ebooks/64393.txt.utf-8,hit,quality_pass,,503350,483765,78732,7527,0,0.219123,0.782729,0.001286,2,editor_note:1;errata:1,,,e444d55e9fa5e09049efd577db7341ddb616d20f98e2f416d4b6201266738085,76,,,,,,,,,,,,,quality_pass_pending_editorial_activation_review
64736,Saper vivere: Norme di buona creanza,"Serao, Matilde",date_and_role_review,author_died_after_1900_review,review_work_publication_date,pass_1b,nineteenth_century_bridge,nineteenth_century_bridge_candidate,eligible_nineteenth_century_candidate,pass_1b_authoritative_resolved,eligible_probe,https://www.gutenberg.org/ebooks/64736,https://www.gutenberg.org/ebooks/64736.txt.utf-8,hit,quality_pass,,271737,252198,41170,3880,0,0.276391,0.772353,0.001134,1,editor_note:1,,,2813c1dc5e6c1d2d8ad1d4c32215549b6553bbab225ff8f9b44008d85d6a4468,47,,,,,,,,,,,,,quality_pass_pending_editorial_activation_review
64810,Mio figlio!,"Farina, Salvatore",date_and_role_review,author_died_after_1900_review,review_work_publication_date,pass_1b,nineteenth_century_bridge,nineteenth_century_bridge_candidate,eligible_nineteenth_century_candidate,pass_1b_authoritative_resolved,eligible_probe,https://www.gutenberg.org/ebooks/64810,https://www.gutenberg.org/ebooks/64810.txt.utf-8,hit,quality_pass,,510913,491481,82180,8555,0,0.265649,0.779141,0.000179,1,editor_note:1,,,7ed9c051d121358c298ded68fd122cc83efc1be0e193db2d47f179c4426a5404,87,,,,,,,,,,,,,quality_pass_pending_editorial_activation_review
64885,Parassiti: Commedia in tre atti,"Antona-Traversi, Camillo",date_and_role_review,author_died_after_1900_review,review_work_publication_date,pass_1b,nineteenth_century_bridge,nineteenth_century_bridge_candidate,eligible_nineteenth_century_candidate,pass_1b_authoritative_resolved,eligible_probe,https://www.gutenberg.org/ebooks/64885,https://www.gutenberg.org/ebooks/64885.txt.utf-8,hit,quality_pass,,317210,297659,44065,6295,0,0.244207,0.724104,0.003874,1,editor_note:1,,,6bee82a76368ddf863f3255f50b4a912f2df7461940a6fe19d2af3763675d7ca,45,,,,,,,,,,,,,quality_pass_pending_editorial_activation_review
64899,La donna e i suoi rapporti sociali,"Mozzoni, Anna Maria",date_and_role_review,author_died_after_1900_review,review_work_publication_date,pass_1b,nineteenth_century_bridge,nineteenth_century_bridge_candidate,eligible_nineteenth_century_candidate,pass_1b_authoritative_resolved,eligible_probe,https://www.gutenberg.org/ebooks/64899,https://www.gutenberg.org/ebooks/64899.txt.utf-8,hit,quality_pass,,425629,406099,65691,6357,0,0.252135,0.798273,0.001165,3,editor_note:1;errata:2,,,d9bae5c83b1a58a86c948bef456d6202cb81e3672f1e74a24702eb5c23b65c5b,64,,,,,,,,,,,,,quality_pass_pending_editorial_activation_review
65736,Il giro del mondo in ottanta giorni,"Verne, Jules",date_and_role_review,author_died_after_1900_review,review_work_publication_date,pass_1b,nineteenth_century_bridge,nineteenth_century_bridge_candidate,eligible_nineteenth_century_candidate,pass_1b_authoritative_resolved,eligible_probe,https://www.gutenberg.org/ebooks/65736,https://www.gutenberg.org/ebooks/65736.txt.utf-8,hit,quality_pass,,446486,426947,67875,7167,0,0.256162,0.789986,0.001541,1,editor_note:1,,,7ed25a00235d0449b78f47e0e9c859fe5d9969533bc978576b0d82c26fd5c544,57,,,,,,,,,,,,,quality_pass_pending_editorial_activation_review
