ebook_id,title,authors,preliminary_role,period_bucket,inventory_status,landing_page_url,fetched_url,cache_status,probe_status,error,raw_character_count,cleaned_character_count,cleaned_word_count,nonempty_line_count,replacement_character_count,italian_function_word_ratio,alphabetic_character_ratio,digit_character_ratio,editorial_marker_count,editorial_markers,quality_review_flags,language_variety_flags,normalized_word_sha256,fingerprint_anchor_count,possible_existing_work_matches,metadata_intra_gutenberg_duplicate_ids,intra_gutenberg_exact_duplicate_ids,intra_gutenberg_near_duplicate_metrics,bibit_overlap_metrics,current_corpus_overlap_metrics,cross_corpus_duplicate_scope,heldout_sonnet_overlap_metrics,manual_review_resolution,manual_review_rationale,probe_decision
997,Divina Commedia di Dante: Inferno,Dante Alighieri,historical_non_sonnet_poetry_candidate,origins_through_1800,audit_then_deduplicate,https://www.gutenberg.org/ebooks/997,https://www.gutenberg.org/ebooks/997.txt.utf-8,hit,quality_pass,,197952,178629,34321,4828,0,0.232948,0.755051,0.0,0,,,,c8fc4ecdfa94db1620ae5a9262e8fbbf4b6b445a7d9dccf5150f9db25f95ae4e,33,,,,pg1000|containment=0.999534;pg1009|containment=0.992807;pg1012|containment=0.997464,bibit:bibit000019|candidate_containment=0.982044|reference_containment=0.331268|exact=false,,candidate_covered,,,,exclude_cross_corpus_duplicate_candidate
998,Divina Commedia di Dante: Purgatorio,Dante Alighieri,historical_non_sonnet_poetry_candidate,origins_through_1800,audit_then_deduplicate,https://www.gutenberg.org/ebooks/998,https://www.gutenberg.org/ebooks/998.txt.utf-8,hit,quality_pass,,198491,179156,34230,4860,0,0.237336,0.758127,0.0,0,,,,1da13a9d471e11f04cb8a27a0e6a0f460907f256674abd28d77c97d695962fa9,22,,,,pg1000|containment=0.999503;pg1010|containment=0.997750;pg1012|containment=0.997750,bibit:bibit000019|candidate_containment=0.981679|reference_containment=0.330334|exact=false,,candidate_covered,,,,exclude_cross_corpus_duplicate_candidate
999,Divina Commedia di Dante: Paradiso,Dante Alighieri,historical_non_sonnet_poetry_candidate,origins_through_1800,audit_then_deduplicate,https://www.gutenberg.org/ebooks/999,https://www.gutenberg.org/ebooks/999.txt.utf-8,hit,quality_pass,,195398,176071,33586,4863,0,0.249271,0.765697,0.0,0,,,,dea524170c836afe55abdcf64498328fbe0e2e2179672d69b532c6583dec3e2c,28,,,,pg1000|containment=0.999523;pg1011|containment=0.997707;pg1012|containment=0.997707,bibit:bibit000019|candidate_containment=0.978528|reference_containment=0.323068|exact=false,,candidate_covered,,,,exclude_cross_corpus_duplicate_candidate
1000,La Divina Commedia di Dante: Complete,Dante Alighieri,historical_non_sonnet_poetry_candidate,origins_through_1800,audit_then_deduplicate,https://www.gutenberg.org/ebooks/1000,https://www.gutenberg.org/ebooks/1000.txt.utf-8,hit,quality_pass,,553027,533690,102114,14542,0,0.239801,0.759583,0.0,0,,,,08f32dd84aa0c6a446921e7df92ed55035f48c185368cd0c90b2fb1dc606dc24,83,,,,pg997|containment=0.999534;pg998|containment=0.999503;pg999|containment=0.999523;pg1009|containment=0.992807;pg1010|containment=0.997109;pg1011|containment=0.997054;pg1012|containment=0.999059,bibit:bibit000019|candidate_containment=0.981997|reference_containment=0.984681|exact=false,,candidate_covered,,,,exclude_cross_corpus_duplicate_candidate
1009,La Divina Commedia di Dante: Inferno,Dante Alighieri,historical_non_sonnet_poetry_candidate,origins_through_1800,audit_then_deduplicate,https://www.gutenberg.org/ebooks/1009,https://www.gutenberg.org/ebooks/1009.txt.utf-8,hit,quality_pass,,197246,177862,34215,4757,0,0.233699,0.755203,0.0,0,,,,64501bea91c95c352a23bbe24be70bd5e55d8211dbb4e66316148cbfee52e810,34,,,,pg997|containment=0.992807;pg1000|containment=0.992807;pg1012|containment=0.993070,bibit:bibit000019|candidate_containment=0.985351|reference_containment=0.331357|exact=false,,candidate_covered,,,,exclude_cross_corpus_duplicate_candidate
1010,La Divina Commedia di Dante: Purgatorio,Dante Alighieri,historical_non_sonnet_poetry_candidate,origins_through_1800,audit_then_deduplicate,https://www.gutenberg.org/ebooks/1010,https://www.gutenberg.org/ebooks/1010.txt.utf-8,hit,quality_pass,,208386,189035,34252,4820,0,0.237388,0.718809,0.0,0,,,,11b5ad7192d22200e1ed3cebe197ce95988491d808f74f51ae2793f0a8f6a9ba,22,,,,pg998|containment=0.997750;pg1000|containment=0.997109;pg1012|containment=0.999299,bibit:bibit000019|candidate_containment=0.981048|reference_containment=0.330334|exact=false,,candidate_covered,,,,exclude_cross_corpus_duplicate_candidate
1011,La Divina Commedia di Dante: Paradiso,Dante Alighieri,historical_non_sonnet_poetry_candidate,origins_through_1800,audit_then_deduplicate,https://www.gutenberg.org/ebooks/1011,https://www.gutenberg.org/ebooks/1011.txt.utf-8,hit,quality_pass,,205304,185960,33608,4823,0,0.249316,0.725301,0.0,0,,,,17a42281dd6677070e55adcedf165b68557d40ddf0b2cf51d1f3061849d19b7e,28,,,,pg999|containment=0.997707;pg1000|containment=0.997054;pg1012|containment=0.999464,bibit:bibit000019|candidate_containment=0.977887|reference_containment=0.323068|exact=false,,candidate_covered,,,,exclude_cross_corpus_duplicate_candidate
1012,La Divina Commedia di Dante,Dante Alighieri,historical_non_sonnet_poetry_candidate,origins_through_1800,audit_then_deduplicate,https://www.gutenberg.org/ebooks/1012,https://www.gutenberg.org/ebooks/1012.txt.utf-8,hit,quality_pass,,581237,561753,101992,14365,0,0.240166,0.720635,0.0,0,,,,ed0504d60ae3bf9969550af9ce7420743d81af0740a6bbd5cf0aec85a827d0a7,83,,,,pg997|containment=0.997464;pg998|containment=0.997750;pg999|containment=0.997707;pg1000|containment=0.999059;pg1009|containment=0.993070;pg1010|containment=0.999299;pg1011|containment=0.999464,bibit:bibit000019|candidate_containment=0.982123|reference_containment=0.984769|exact=false,,candidate_covered,,,,exclude_cross_corpus_duplicate_candidate
3747,Orlando Furioso,"Ariosto, Lodovico",historical_non_sonnet_poetry_candidate,origins_through_1800,audit_then_deduplicate,https://www.gutenberg.org/ebooks/3747,https://www.gutenberg.org/ebooks/3747.txt.utf-8,hit,quality_pass,,1590600,1571209,279769,43629,0,0.261237,0.72678,0.006295,0,,,,3d2782ef5beae68ca3d17a5a35f95cd95c6f0441186072f2957c50eb05df7e0e,270,,,,,,,,,,,quality_pass_pending_editorial_activation_review
6887,Il Sacro Macello Di Valtellina,"Cantù, Cesare",nineteenth_century_bridge_candidate,nineteenth_century_bridge,audit_then_deduplicate,https://www.gutenberg.org/ebooks/6887,https://www.gutenberg.org/ebooks/6887.txt.utf-8,hit,quality_pass,,279980,260237,41703,4015,0,0.249143,0.804002,0.005337,0,,,,67bfffb9c6bcf3d07932321b01f0a5e36868e9917d842859a907c25f65a615c3,29,,,,,,,,,,,quality_pass_pending_editorial_activation_review
6938,"Rime di Tullia d'Aragona, cortigiana del secolo XVI","Aragona, Tullia d'",historical_non_sonnet_poetry_candidate,origins_through_1800,audit_then_deduplicate,https://www.gutenberg.org/ebooks/6938,https://www.gutenberg.org/ebooks/6938.txt.utf-8,hit,quality_pass,,257043,237219,41104,5246,0,0.227837,0.733327,0.005425,0,,,,8948220df7c222ef9fc75d2a5356942cf57bf459a842cafa53b11b92092bd283,45,,,,,bibit:bibit000859|candidate_containment=0.300550|reference_containment=0.939929|exact=false,,embedded_reference_only,,,,quarantine_embedded_duplicate_segments_before_activation
7151,Clelia: Il governo dei preti - Romanzo storico politico,"Garibaldi, Giuseppe",nineteenth_century_bridge_candidate,nineteenth_century_bridge,audit_then_deduplicate,https://www.gutenberg.org/ebooks/7151,https://www.gutenberg.org/ebooks/7151.txt.utf-8,hit,quality_pass,,491950,472432,77180,7847,0,0.249469,0.804266,0.00116,1,editor_preface:1,,,36a8ab66fa411f64c3004d692cf074d611f0893ad3a14381ac1d1cc18ae309d1,76,,,,,,,,,,,quality_pass_pending_editorial_activation_review
9641,Ugo: Scene del secolo X,"Bazzero, Ambrogio",nineteenth_century_bridge_candidate,nineteenth_century_bridge,audit_then_deduplicate,https://www.gutenberg.org/ebooks/9641,https://www.gutenberg.org/ebooks/9641.txt.utf-8,hit,quality_pass,,241268,221857,36732,3702,0,0.242459,0.777956,4.1e-05,0,,,,1a747117cb15796354a1f2d35b62d1cdfc2c53b80daf194dff7b9739dfe34812,31,,,,,,,,,,,quality_pass_pending_editorial_activation_review
10215,"Manfredo Palavicino, o, I Francesi e gli Sforzeschi: Storia Italiana","Rovani, Giuseppe",nineteenth_century_bridge_candidate,nineteenth_century_bridge,audit_then_deduplicate,https://www.gutenberg.org/ebooks/10215,https://www.gutenberg.org/ebooks/10215.txt.utf-8,hit,quality_pass,,1213475,1193927,201836,19276,0,0.267821,0.794185,0.000148,0,,,,dbd662e44922757d70451539e9a5435944ceacb555f3a93ec1a27b33ca30e48d,200,,,,,,,,,,,quality_pass_pending_editorial_activation_review
11497,Valenzia Candiano: Racconto,"Rovani, Giuseppe",nineteenth_century_bridge_candidate,nineteenth_century_bridge,audit_then_deduplicate,https://www.gutenberg.org/ebooks/11497,https://www.gutenberg.org/ebooks/11497.txt.utf-8,hit,quality_pass,,397869,378346,64475,6321,0,0.271826,0.793808,2.9e-05,0,,,,86fc19f75d0793791c5a9af58e5bbe8dd05e8c1d8a84770412d5abceb7fc1e8f,66,,,,,,,,,,,quality_pass_pending_editorial_activation_review
11684,Il sogno di Scipione,"Metastasio, Pietro",historical_general_candidate,origins_through_1800,audit_then_deduplicate,https://www.gutenberg.org/ebooks/11684,https://www.gutenberg.org/ebooks/11684.txt.utf-8,hit,quality_pass,,37412,17942,2630,557,0,0.2327,0.598094,0.000223,0,,,,cb800daf61f8eb3f4b3c6226f92e552f93634a18a29b034dd489f1f12ef589c2,5,,,,,,,,,,,quality_pass_pending_editorial_activation_review
11685,L'Endimione,"Metastasio, Pietro",historical_non_sonnet_poetry_candidate,origins_through_1800,audit_then_deduplicate,https://www.gutenberg.org/ebooks/11685,https://www.gutenberg.org/ebooks/11685.txt.utf-8,hit,quality_pass,,48928,29494,4514,1042,0,0.203589,0.618668,0.0,0,,,,5471fe03d4e2ecc0cd9cef7258ed2f93493b08a356a747a2941f046279713a5c,3,,,,,,,,,,,quality_pass_pending_editorial_activation_review
13627,Memorie del Presbiterio: Scene di Provincia,"Praga, Emilio",nineteenth_century_bridge_candidate,nineteenth_century_bridge,audit_then_deduplicate,https://www.gutenberg.org/ebooks/13627,https://www.gutenberg.org/ebooks/13627.txt.utf-8,hit,quality_pass,,444220,424750,70443,7391,0,0.266457,0.793829,3.1e-05,0,,,,180c706ef482c0d9245fb00cc94226e2df1bbe3a1a9e9e97e67f55cbc65ec0cf,83,,,,,,,,,,,quality_pass_pending_editorial_activation_review
15136,Amedeide: Poema eroico,"Chiabrera, Gabriello",historical_non_sonnet_poetry_candidate,origins_through_1800,audit_then_deduplicate,https://www.gutenberg.org/ebooks/15136,https://www.gutenberg.org/ebooks/15136.txt.utf-8,hit,quality_pass,,552457,533093,96138,14237,0,0.224001,0.775474,0.001246,0,,,review_language_variety_marker,25f7d3f202132d773db51b29365929661fda59608a4b3abb2a189b1ab907ef14,104,,,,,,,,,accept_standard_italian_context,The phrase dialetto dell'Arno praises standard Tuscan in editorial prose; the poem is not dialectal.,quality_pass_pending_editorial_activation_review
15139,Notizie del pubblico giardino de' semplici di Padova compilate intorno l'anno 1771,"Marsili, Giovanni",historical_general_candidate,origins_through_1800,audit_then_deduplicate,https://www.gutenberg.org/ebooks/15139,https://www.gutenberg.org/ebooks/15139.txt.utf-8,hit,quality_pass,,50078,30497,4346,490,0,0.233548,0.728301,0.007148,0,,,,9081206addb5bd63e51471ffd4aea7f06756c1b45bd0be54fe1c294a4b54cfa4,2,,,,,,,,,,,quality_pass_pending_editorial_activation_review
16489,"Igiene dei piaceri secondo le età, i temperamenti e le stagioni","Debay, A. (Auguste)",nineteenth_century_bridge_candidate,nineteenth_century_bridge,audit_then_deduplicate,https://www.gutenberg.org/ebooks/16489,https://www.gutenberg.org/ebooks/16489.txt.utf-8,hit,quality_pass,,182415,162815,25207,2669,0,0.247788,0.765716,0.000369,0,,,,5cebdc59dc0017346009e0281d81231ca872876c38172905f2d06909d2ffbe57,20,,,,,,,,,,,quality_pass_pending_editorial_activation_review
16920,Venere ed Imene al tribunale della penitenza: manuale dei confessori,"Bouvier, J. B. (Jean Baptiste)",nineteenth_century_bridge_candidate,nineteenth_century_bridge,audit_then_deduplicate,https://www.gutenberg.org/ebooks/16920,https://www.gutenberg.org/ebooks/16920.txt.utf-8,hit,quality_pass,,332695,313070,48874,4925,0,0.24821,0.789232,0.004542,0,,,,1ad0d478b2cf8c54582741bee83f1b38fc0a5d3e80457ea587701e8f87a4b0ec,52,,,,,,,,,,,quality_pass_pending_editorial_activation_review
16952,In chiave di baritono,"Ghislanzoni, Antonio",nineteenth_century_bridge_candidate,nineteenth_century_bridge,audit_then_deduplicate,https://www.gutenberg.org/ebooks/16952,https://www.gutenberg.org/ebooks/16952.txt.utf-8,hit,quality_pass,,195885,176274,28177,2972,0,0.249494,0.801043,0.000726,0,,,,0e57b6d4b728d593d076cfb8494013b3212cab20058cf934483917222a65fa3d,27,,,,,,,,,,,quality_pass_pending_editorial_activation_review
16980,Mia: Romanzo,Memini,nineteenth_century_bridge_candidate,nineteenth_century_bridge,audit_then_deduplicate,https://www.gutenberg.org/ebooks/16980,https://www.gutenberg.org/ebooks/16980.txt.utf-8,hit,quality_pass,,304361,284872,46114,4783,0,0.260854,0.782499,6e-05,0,,,,e4c3978d5c0d3d6605f57206b6b4fe6361d41d9ff5ec818f0815108448c88bda,47,,,,,,,,,,,quality_pass_pending_editorial_activation_review
17440,"Amadis of Gaul, an opera: As it is perform'd at the King's Theatre in the Hay-market","Haym, Nicola Francesco",historical_non_sonnet_poetry_candidate,origins_through_1800,audit_then_deduplicate,https://www.gutenberg.org/ebooks/17440,https://www.gutenberg.org/ebooks/17440.txt.utf-8,hit,quality_pass,,79163,59549,9569,1715,0,0.098338,0.647987,0.000168,1,editor_note:1,,,774d6e512a655a13b9e55faff612a6b7ac16de82d8d70df13877097d05b5b96b,15,,,,,,,,,extract_italian_parallel_text_only,The libretto alternates Italian primary text with an English translation; retain only the Italian side.,source_specific_language_extraction_before_activation
17671,Poesie scelte,"Pellico, Silvio",historical_non_sonnet_poetry_candidate,nineteenth_century_bridge,audit_then_deduplicate,https://www.gutenberg.org/ebooks/17671,https://www.gutenberg.org/ebooks/17671.txt.utf-8,hit,quality_pass,,292395,272909,41179,6888,0,0.220501,0.669084,0.00022,0,,,,8b53c3e6896bd4ff6c760814a977e8278dbab7ddb534d8a0e628950afdfdc5df,42,,,,,,,,,,,quality_pass_pending_editorial_activation_review
17834,La Zaffetta: Raccolta di rarissimi opuscoli italiani degli XV e XVI secoli II,"Venier, Lorenzo",historical_non_sonnet_poetry_candidate,origins_through_1800,audit_then_deduplicate,https://www.gutenberg.org/ebooks/17834,https://www.gutenberg.org/ebooks/17834.txt.utf-8,hit,quality_pass,,99146,79418,14766,2052,0,0.228904,0.770921,0.001121,0,,,,550876f93351992daa1d010d0db68a72128e9fbaaa607e0e29772e40907fff20,26,,,,,,,,,extract_one_italian_primary_edition_only,Remove the French bibliographic notice and retain one of the two duplicated Italian poem editions.,source_specific_language_extraction_before_activation
17837,Beatrice Cenci: Storia del secolo XVI,"Guerrazzi, Francesco Domenico",nineteenth_century_bridge_candidate,nineteenth_century_bridge,audit_then_deduplicate,https://www.gutenberg.org/ebooks/17837,https://www.gutenberg.org/ebooks/17837.txt.utf-8,hit,quality_pass,,1358744,1339237,217484,21649,0,0.262852,0.783901,0.000958,4,editor_note:1;errata:3,,,604d188713416926257cb9bf749efb1aedb96aeaaebff6faddeb0840aad581f9,204,,,,,,,,,,,quality_pass_pending_editorial_activation_review
17849,La contessa di Karolystria: Storia tragicomica,"Ghislanzoni, Antonio",nineteenth_century_bridge_candidate,nineteenth_century_bridge,audit_then_deduplicate,https://www.gutenberg.org/ebooks/17849,https://www.gutenberg.org/ebooks/17849.txt.utf-8,hit,quality_pass,,135929,116204,18328,1968,0,0.253874,0.795136,0.000232,0,,,,a3cbb65b4d87f8c8098d8f5fc238447c4ccf8884b215b5ca12d61605d8a9b39b,20,,,,,,,,,,,quality_pass_pending_editorial_activation_review
17883,Libro serio,"Ghislanzoni, Antonio",nineteenth_century_bridge_candidate,nineteenth_century_bridge,audit_then_deduplicate,https://www.gutenberg.org/ebooks/17883,https://www.gutenberg.org/ebooks/17883.txt.utf-8,hit,quality_pass,,207302,187989,29488,2989,0,0.259156,0.801393,0.00216,0,,,,fc9687f3f0474a3650ab01c90ea89fc5cc2868599541ca1df086493b9cc49c57,20,,,,,,,,,,,quality_pass_pending_editorial_activation_review
17889,Libro allegro,"Ghislanzoni, Antonio",nineteenth_century_bridge_candidate,nineteenth_century_bridge,audit_then_deduplicate,https://www.gutenberg.org/ebooks/17889,https://www.gutenberg.org/ebooks/17889.txt.utf-8,hit,quality_pass,,140100,120773,17803,2505,0,0.24406,0.703261,0.000629,0,,,,eb5d4ea9d8465e76303fe953021cb92c9f343c6c82fbfd529d21b03c9f772311,15,,,,,,,,,,,quality_pass_pending_editorial_activation_review
17906,Libro proibito,"Ghislanzoni, Antonio",historical_non_sonnet_poetry_candidate,nineteenth_century_bridge,audit_then_deduplicate,https://www.gutenberg.org/ebooks/17906,https://www.gutenberg.org/ebooks/17906.txt.utf-8,hit,quality_pass,,120001,100670,14665,2567,0,0.227753,0.690682,0.001709,0,,,,13fd74327e6ddab70dde04e201a22b69d9a9e8f416bd6a6b259f62feebfb52f0,9,,,,,,,,,,,quality_pass_pending_editorial_activation_review
18088,Libro bizzarro,"Ghislanzoni, Antonio",nineteenth_century_bridge_candidate,nineteenth_century_bridge,audit_then_deduplicate,https://www.gutenberg.org/ebooks/18088,https://www.gutenberg.org/ebooks/18088.txt.utf-8,hit,quality_pass,,154499,135029,21355,2261,0,0.254741,0.798591,6.7e-05,0,,,,9b18af40197d053e43ff8444e927d1fcfd20353460abe926d367e121a3fc6180,10,,,,,,,,,,,quality_pass_pending_editorial_activation_review
19024,La battaglia di Benevento: Storia del secolo XIII,"Guerrazzi, Francesco Domenico",nineteenth_century_bridge_candidate,nineteenth_century_bridge,audit_then_deduplicate,https://www.gutenberg.org/ebooks/19024,https://www.gutenberg.org/ebooks/19024.txt.utf-8,hit,quality_pass,,1220094,1200611,197181,19360,0,0.261983,0.789999,0.000464,0,,,,8d6dc9f2b7dbf83fdfe20dc0dbf897aff7afd711e672ff17d74938a1dab5b863,184,,,,,,,,,,,quality_pass_pending_editorial_activation_review
19034,AbrakadabraL Storia dell'avvenire,"Ghislanzoni, Antonio",nineteenth_century_bridge_candidate,nineteenth_century_bridge,audit_then_deduplicate,https://www.gutenberg.org/ebooks/19034,https://www.gutenberg.org/ebooks/19034.txt.utf-8,hit,quality_pass,,488339,468841,73156,7747,0,0.250916,0.79835,0.000708,0,,,,95fbec254a279cab598f207013e82c3c16be6866b7fa4f81d3a6b987c0b574c5,75,,,,,,,,,,,quality_pass_pending_editorial_activation_review
19039,Margherita Pusterla: Racconto storico,"Cantù, Cesare",nineteenth_century_bridge_candidate,nineteenth_century_bridge,audit_then_deduplicate,https://www.gutenberg.org/ebooks/19039,https://www.gutenberg.org/ebooks/19039.txt.utf-8,hit,quality_pass,,918731,899317,147179,13672,0,0.256552,0.797539,0.000481,0,,,,ac86fb2a8cc02789e599b7cc6d8100db7b9e40bb8e417ba67ffce60dadced337,138,,,,,,,,,,,quality_pass_pending_editorial_activation_review
19048,Storia di un'anima,"Bazzero, Ambrogio",nineteenth_century_bridge_candidate,nineteenth_century_bridge,audit_then_deduplicate,https://www.gutenberg.org/ebooks/19048,https://www.gutenberg.org/ebooks/19048.txt.utf-8,hit,quality_pass,,600340,580906,96475,9586,0,0.244519,0.773251,0.002334,1,editor_note:1,,,4358b0700a3e07c5870308e6219c95b9e92736e3153240fb9363d9a51ef38075,92,,,,,,,,,,,quality_pass_pending_editorial_activation_review
19426,I moribondi del Palazzo Carignano,"Petruccelli della Gattina, Ferdinando",nineteenth_century_bridge_candidate,nineteenth_century_bridge,audit_then_deduplicate,https://www.gutenberg.org/ebooks/19426,https://www.gutenberg.org/ebooks/19426.txt.utf-8,hit,quality_pass,,293891,274364,44584,4253,0,0.26043,0.797346,0.001739,0,,,,95466338f36b1089f3e760ca8bc91955e8bdd7f5a2c21fbb1490263472864c7e,39,,,,,,,,,,,quality_pass_pending_editorial_activation_review
19428,Le nostalgie,"Gualdo, Luigi",historical_non_sonnet_poetry_candidate,nineteenth_century_bridge,audit_then_deduplicate,https://www.gutenberg.org/ebooks/19428,https://www.gutenberg.org/ebooks/19428.txt.utf-8,hit,quality_pass,,100147,80740,12947,2185,0,0.238125,0.715643,0.001449,0,,,,d03e00b2e34cdfa1fc1203d2f98c85373ed3bfb129521793cc53d64f96f1a311,10,,,,,,,,,,,quality_pass_pending_editorial_activation_review
19429,Poesie inedite vol. I,"Pellico, Silvio",historical_non_sonnet_poetry_candidate,nineteenth_century_bridge,audit_then_deduplicate,https://www.gutenberg.org/ebooks/19429,https://www.gutenberg.org/ebooks/19429.txt.utf-8,hit,quality_pass,,258425,238933,39178,6485,0,0.215606,0.718201,0.000958,0,,,,aafbb4b465952a6158d548711a1839f4ca5736eee1552007739d96a923ed8f04,47,,,,,,,,,,,quality_pass_pending_editorial_activation_review
19524,La Marfisa bizzarra,"Gozzi, Carlo",historical_non_sonnet_poetry_candidate,nineteenth_century_bridge,audit_then_deduplicate,https://www.gutenberg.org/ebooks/19524,https://www.gutenberg.org/ebooks/19524.txt.utf-8,hit,quality_pass,,478717,459218,70436,11703,0,0.257084,0.697096,0.00584,0,,,,e353b7fcf70c7dcd82d03ae459953405564bc7d5b44515468a205874e863c42e,76,,,,,,,,,,,quality_pass_pending_editorial_activation_review
19558,Poesie inedite vol. II,"Pellico, Silvio",historical_non_sonnet_poetry_candidate,nineteenth_century_bridge,audit_then_deduplicate,https://www.gutenberg.org/ebooks/19558,https://www.gutenberg.org/ebooks/19558.txt.utf-8,hit,quality_pass,,286986,267413,41031,6498,0,0.231094,0.702187,0.000209,0,,,,7ffa011e1f0c5985650f225ec49b2068462cc188515ecbd75290a30b23d170c2,42,,,,,,,,,,,quality_pass_pending_editorial_activation_review
19688,Documento che invita i mercanti ebrei a stabilirsi in Livorno e Pisa (Costituzione Livornina): Shoenberg Collection - Manuscript Number: ljs379,"Ferdinando I, Grand-Duke of Tuscany",historical_general_candidate,origins_through_1800,audit_then_deduplicate,https://www.gutenberg.org/ebooks/19688,https://www.gutenberg.org/ebooks/19688.txt.utf-8,hit,quality_pass,,46365,26489,3860,420,0,0.254663,0.73389,0.000755,0,,,,3365549591631627b98695a498b4e59ca785c7c282d9aeab57f889d262328c52,4,,,,,,,,,,,quality_pass_pending_editorial_activation_review
19808,"Della storia d'Italia dalle origini fino ai nostri giorni, sommario. v. 1","Balbo, Cesare, conte",nineteenth_century_bridge_candidate,nineteenth_century_bridge,audit_then_deduplicate,https://www.gutenberg.org/ebooks/19808,https://www.gutenberg.org/ebooks/19808.txt.utf-8,hit,quality_pass,,640825,621048,99762,9191,0,0.238939,0.78539,0.008122,1,errata:1,,,38a491fea62b41261064dd3c1f63dabeb846e760d54fe5b5357ce224b6544d17,104,,,,,,,,,,,quality_pass_pending_editorial_activation_review
20062,Lo assedio di Roma,"Guerrazzi, Francesco Domenico",nineteenth_century_bridge_candidate,nineteenth_century_bridge,audit_then_deduplicate,https://www.gutenberg.org/ebooks/20062,https://www.gutenberg.org/ebooks/20062.txt.utf-8,hit,quality_pass,,1535249,1515759,249243,23175,0,0.26747,0.804826,0.001316,0,,,,0f04c1acb50c4bc9c207beb51f5a8fba51417e5ac2c30651efdae7ab5d6f6dbe,237,,,,,,,,,,,quality_pass_pending_editorial_activation_review
20094,"Opere, Volume Secondo : scritti critici e letterari","Berchet, Giovanni",nineteenth_century_bridge_candidate,nineteenth_century_bridge,audit_then_deduplicate,https://www.gutenberg.org/ebooks/20094,https://www.gutenberg.org/ebooks/20094.txt.utf-8,hit,quality_pass,,510496,490858,77819,8305,0,0.244619,0.774393,0.010918,1,errata:1,,,79263eb2a2e166eb3482a5cb7c7110a586a557bbe6160afc65521aecf05a1889,82,,,,,,,,,,,quality_pass_pending_editorial_activation_review
20639,La gran rivale,"Gualdo, Luigi",nineteenth_century_bridge_candidate,nineteenth_century_bridge,audit_then_deduplicate,https://www.gutenberg.org/ebooks/20639,https://www.gutenberg.org/ebooks/20639.txt.utf-8,hit,quality_pass,,471475,452047,75017,7180,0,0.268206,0.795105,0.000788,0,,,,b85cdead181e9879a9dd29885010ff1d436f2831232cc6335c7c02442e39ee8f,91,,,,,,,,,,,quality_pass_pending_editorial_activation_review
21424,"Il Comento alla Divina Commedia, e gli altri scritti intorno a Dante, vol. 1","Boccaccio, Giovanni",historical_general_candidate,origins_through_1800,audit_then_deduplicate,https://www.gutenberg.org/ebooks/21424,https://www.gutenberg.org/ebooks/21424.txt.utf-8,hit,quality_pass,,562164,542432,90193,8358,0,0.251328,0.789981,0.000302,0,,,,64b69ac718831efa5772dfa8e58d8ec605ee2314f492aa8fa3e2b1ac149e5206,83,,,,,bibit:bibit000101|candidate_containment=0.186594|reference_containment=0.804008|exact=false,current:ll_boccaccio_trattatello|candidate_containment=0.202695|reference_containment=0.865536|exact=false,embedded_reference_only,,,,quarantine_embedded_duplicate_segments_before_activation
21683,Gli duoi fratelli rivali,"Porta, Giambattista della",historical_general_candidate,origins_through_1800,audit_then_deduplicate,https://www.gutenberg.org/ebooks/21683,https://www.gutenberg.org/ebooks/21683.txt.utf-8,hit,quality_pass,,198014,178496,31057,3193,0,0.241363,0.783334,2.2e-05,0,,,,4d56dfcb8b61478c471df492b8f0db44e05963ec36e1da203defcb39e73b0570,24,,,,,,,,,,,quality_pass_pending_editorial_activation_review
22498,Le commedie - lo astrologo,"Porta, Giambattista della",historical_general_candidate,origins_through_1800,audit_then_deduplicate,https://www.gutenberg.org/ebooks/22498,https://www.gutenberg.org/ebooks/22498.txt.utf-8,hit,quality_pass,,157177,137620,23256,2599,0,0.238175,0.777329,9.4e-05,0,,,,2299de8e62f150543c027395fa5df57aad473c2ca6336f06ce2f2c397ceecd8e,28,,,,,,,,,,,quality_pass_pending_editorial_activation_review
25178,Damiano: Storia di una povera famiglia,"Carcano, Giulio",nineteenth_century_bridge_candidate,nineteenth_century_bridge,audit_then_deduplicate,https://www.gutenberg.org/ebooks/25178,https://www.gutenberg.org/ebooks/25178.txt.utf-8,hit,quality_pass,,796431,776851,132706,12403,0,0.271857,0.784871,0.000232,1,editor_note:1,,,8f4d17d0d7b7729253e9272853c018ec9592c858817595e2375436dc6d5f3c80,129,,,,,,,,,,,quality_pass_pending_editorial_activation_review
25179,La carità del prossimo,"Bersezio, Vittorio",nineteenth_century_bridge_candidate,nineteenth_century_bridge,audit_then_deduplicate,https://www.gutenberg.org/ebooks/25179,https://www.gutenberg.org/ebooks/25179.txt.utf-8,hit,quality_pass,,581200,561609,94924,9516,0,0.264222,0.789047,2.3e-05,1,editor_note:1,,,16d95d89573b558350bd4b1bca88b85b05321c97f186840422efa2de81d634bd,89,,,,,,,,,,,quality_pass_pending_editorial_activation_review
25183,L'Olimpia,"Porta, Giambattista della",historical_general_candidate,origins_through_1800,audit_then_deduplicate,https://www.gutenberg.org/ebooks/25183,https://www.gutenberg.org/ebooks/25183.txt.utf-8,hit,quality_pass,,165674,146189,24712,2707,0,0.232154,0.778561,6.2e-05,0,,,,eda577da60df5eafcb0440892fbca7964b32bb5dc0f98205ead870f54bc885e5,21,,,,,,,,,,,quality_pass_pending_editorial_activation_review
25198,La Cintia,"Porta, Giambattista della",historical_general_candidate,origins_through_1800,audit_then_deduplicate,https://www.gutenberg.org/ebooks/25198,https://www.gutenberg.org/ebooks/25198.txt.utf-8,hit,quality_pass,,192700,173271,30802,3110,0,0.238004,0.776004,5.2e-05,0,,,,6fcb7ef9ca4be12d4fe09629adfee300dd8873c4bf18a3f5bb51cb735bf629f8,28,,,,,,,,,,,quality_pass_pending_editorial_activation_review
25199,Cantoni il volontario,"Garibaldi, Giuseppe",nineteenth_century_bridge_candidate,nineteenth_century_bridge,audit_then_deduplicate,https://www.gutenberg.org/ebooks/25199,https://www.gutenberg.org/ebooks/25199.txt.utf-8,hit,quality_pass,,341471,321939,51132,5257,0,0.248396,0.790122,0.001562,0,,,,bfcf88969971165c85a34b169a5f5216106f5e053c449e81b22515d730639198,45,,,,,,,,,,,quality_pass_pending_editorial_activation_review
25318,Studi intorno alla storia della Lombardia: negli ultimi trent'anni e delle cagioni del difetto d'energia dei lombardi,"Belgioioso, Cristina",nineteenth_century_bridge_candidate,nineteenth_century_bridge,audit_then_deduplicate,https://www.gutenberg.org/ebooks/25318,https://www.gutenberg.org/ebooks/25318.txt.utf-8,hit,quality_pass,,380422,360897,58389,5471,0,0.261162,0.81214,0.001577,0,,,,705ed229fc0f761b067288fe98ed64188f8f297cee644b7415fda9463d2ac1f2,46,,,,,,,,,,,quality_pass_pending_editorial_activation_review
26169,La Tempesta,"Shakespeare, William",historical_general_candidate,origins_through_1800,audit_then_deduplicate,https://www.gutenberg.org/ebooks/26169,https://www.gutenberg.org/ebooks/26169.txt.utf-8,hit,quality_pass,,193970,174567,22140,4186,0,0.226016,0.581479,0.000819,0,,,,cf8f96061c62cb12f4078aabd1e3de38a52c18d6173b134e94ed350ab92fe25d,26,,,,,,,,,,,quality_pass_pending_editorial_activation_review
26452,La testa della vipera,"Bersezio, Vittorio",nineteenth_century_bridge_candidate,nineteenth_century_bridge,audit_then_deduplicate,https://www.gutenberg.org/ebooks/26452,https://www.gutenberg.org/ebooks/26452.txt.utf-8,hit,quality_pass,,256313,236726,39285,4144,0,0.26435,0.782271,6.3e-05,0,,,,9e4ae28785d8b1a31c25bd330e11d52db7033e90240728f9e225d21c834652e5,43,,,,,,,,,,,quality_pass_pending_editorial_activation_review
26453,La pianta dei sospiri: con alcuni cenni su la vita e su le opere dell'autore,"Sacchi, Defendente",nineteenth_century_bridge_candidate,nineteenth_century_bridge,audit_then_deduplicate,https://www.gutenberg.org/ebooks/26453,https://www.gutenberg.org/ebooks/26453.txt.utf-8,hit,quality_pass,,349003,329374,55446,5388,0,0.2477,0.79278,0.000322,1,editor_note:1,,,d3a8e9814e64838f145a38d922b854680bcfa913e3063483356ef70de1ab3b14,52,,,,,,,,,,,quality_pass_pending_editorial_activation_review
26701,Illustrazione delle medaglie dei dogi di Venezia denominate Oselle: Edizione seconda con correzioni ed aggiunte,"Manin, Leonardo",nineteenth_century_bridge_candidate,nineteenth_century_bridge,audit_then_deduplicate,https://www.gutenberg.org/ebooks/26701,https://www.gutenberg.org/ebooks/26701.txt.utf-8,hit,quality_pass,,222200,202754,33157,3104,0,0.245438,0.78868,0.006461,2,errata:2,,,910efcfe9c3a779079bca9858944da17a6fa74d0039acd258293acdefdb787a9,36,,,,,,,,,,,quality_pass_pending_editorial_activation_review
26717,I suicidi di Parigi,"Petruccelli della Gattina, Ferdinando",nineteenth_century_bridge_candidate,nineteenth_century_bridge,audit_then_deduplicate,https://www.gutenberg.org/ebooks/26717,https://www.gutenberg.org/ebooks/26717.txt.utf-8,hit,quality_pass,,720074,700601,116020,12448,0,0.262981,0.782187,0.000574,1,editor_note:1,,,dd072bf8209cff4fd3426f6ea039b30999367d136a0341ebfce6c1bafbbd1fa4,114,,,,,,,,,,,quality_pass_pending_editorial_activation_review
26866,Le monete dei possedimenti veneziani di oltremare e di terraferma descritte ed illustrate da Vincenzo Lazari,"Lazari, Vincenzo",nineteenth_century_bridge_candidate,nineteenth_century_bridge,audit_then_deduplicate,https://www.gutenberg.org/ebooks/26866,https://www.gutenberg.org/ebooks/26866.txt.utf-8,hit,quality_pass,,311019,291406,45821,4692,0,0.243316,0.740211,0.020254,0,,,,fdb74268524d153bb37e7fb24824eab977a49114f0e35889e8c0ac7d5b691d61,42,,,,,,,,,,,quality_pass_pending_editorial_activation_review
27091,"Falco della rupe; O, La guerra di Musso","Bazzoni, Giambattista",nineteenth_century_bridge_candidate,nineteenth_century_bridge,audit_then_deduplicate,https://www.gutenberg.org/ebooks/27091,https://www.gutenberg.org/ebooks/27091.txt.utf-8,hit,quality_pass,,639631,620080,102625,9296,0,0.251449,0.807141,0.000235,0,,,,4aa957d5f105b547cf0ee24b8aef72c7b90b488b2621bb8c8a02be621e4938ad,116,,,,,,,,,,,quality_pass_pending_editorial_activation_review
27428,La Francia dal primo impero al 1871. Volume 1,"Treitschke, Heinrich von",nineteenth_century_bridge_candidate,nineteenth_century_bridge,audit_then_deduplicate,https://www.gutenberg.org/ebooks/27428,https://www.gutenberg.org/ebooks/27428.txt.utf-8,hit,quality_pass,,518978,499340,78125,7374,0,0.262592,0.819059,0.001172,2,editor_note:1;errata:1,,,bc47f1db17dcbf4154c339b1b4c364e0a3703a42bf7bfa1805d53fcf0a5dff74,79,,,,,,,,,,,quality_pass_pending_editorial_activation_review
27433,Il Quadriregio,"Frezzi, Federico",historical_non_sonnet_poetry_candidate,origins_through_1800,audit_then_deduplicate,https://www.gutenberg.org/ebooks/27433,https://www.gutenberg.org/ebooks/27433.txt.utf-8,hit,quality_pass,,648539,629067,96821,14068,0,0.232615,0.627134,0.018955,0,,,,f316a3e45cffabfdea07e29226ec571b6a664c5fa32768144a112364bb2df684,87,,,,,,,,,,,quality_pass_pending_editorial_activation_review
27720,La serpicina,"Guerrazzi, Francesco Domenico",nineteenth_century_bridge_candidate,nineteenth_century_bridge,audit_then_deduplicate,https://www.gutenberg.org/ebooks/27720,https://www.gutenberg.org/ebooks/27720.txt.utf-8,hit,quality_pass,,67857,48368,8111,763,0,0.26162,0.780268,0.000806,0,,,,ffe78351f6e8acfbe705e82ff4e33d9f1e6722565e294fe0428fb03e4e86f336,14,,,,,,,,,,,quality_pass_pending_editorial_activation_review
27791,I nuovi tartufi,"Guerrazzi, Francesco Domenico",nineteenth_century_bridge_candidate,nineteenth_century_bridge,audit_then_deduplicate,https://www.gutenberg.org/ebooks/27791,https://www.gutenberg.org/ebooks/27791.txt.utf-8,hit,quality_pass,,118376,98815,16149,1578,0,0.260759,0.794991,0.000172,0,,,,6214a8507ec9077f058dc7a416b6ddd067179727c79b6e533137f359233cbd1a,22,,,,,,,,,,,quality_pass_pending_editorial_activation_review
28317,La Francia dal primo impero al 1871. Volume 2,"Treitschke, Heinrich von",nineteenth_century_bridge_candidate,nineteenth_century_bridge,audit_then_deduplicate,https://www.gutenberg.org/ebooks/28317,https://www.gutenberg.org/ebooks/28317.txt.utf-8,hit,quality_pass,,500066,480546,73850,7084,0,0.264888,0.820931,0.002691,1,editor_note:1,,,c89469c33dbcadc10ee4e809e6918cf5ea8944f8b29cb4a098089b7008757bde,69,,,,,,,,,,,quality_pass_pending_editorial_activation_review
28355,La tabernaria,"Porta, Giambattista della",historical_general_candidate,origins_through_1800,audit_then_deduplicate,https://www.gutenberg.org/ebooks/28355,https://www.gutenberg.org/ebooks/28355.txt.utf-8,hit,quality_pass,,159220,139647,23927,2569,0,0.216826,0.779974,9.3e-05,0,,,,313c613bb00364af3401fdc84479b22f2ce241586e0c71bbce4f28db2a3631d2,18,,,,,,,,,,,quality_pass_pending_editorial_activation_review
28368,La sorella,"Porta, Giambattista della",historical_general_candidate,origins_through_1800,audit_then_deduplicate,https://www.gutenberg.org/ebooks/28368,https://www.gutenberg.org/ebooks/28368.txt.utf-8,hit,quality_pass,,179017,159584,27848,2882,0,0.251257,0.776412,2.5e-05,0,,,,5d42338402d6a6481895970e3ee343940baf564129957b3bb5797c32f9f16276,22,,,,,,,,,,,quality_pass_pending_editorial_activation_review
28371,Le avventure d'Alice nel paese delle meraviglie,"Carroll, Lewis",nineteenth_century_bridge_candidate,nineteenth_century_bridge,audit_then_deduplicate,https://www.gutenberg.org/ebooks/28371,https://www.gutenberg.org/ebooks/28371.txt.utf-8,hit,quality_pass,,169691,150011,24709,2623,0,0.267919,0.759871,0.000527,1,editor_note:1,,,cba1c8f606d988b71232a3df6f14399aba0c06e4ddafbe59bb3d1a0b232d1a13,27,,,,,,,,,,,quality_pass_pending_editorial_activation_review
28372,La carbonaria,"Porta, Giambattista della",historical_general_candidate,origins_through_1800,audit_then_deduplicate,https://www.gutenberg.org/ebooks/28372,https://www.gutenberg.org/ebooks/28372.txt.utf-8,hit,quality_pass,,182477,162905,28549,2993,0,0.249781,0.776643,2.5e-05,0,,,,48c686e8dc7ee41d728c6e8d2125a06dbeddb8a0a40f8d6eae36d3301c797c04,29,,,,,,,,,,,quality_pass_pending_editorial_activation_review
28403,Racconti umoristici: In cerca di morte; Re per ventiquattrore,"Tarchetti, Iginio Ugo",nineteenth_century_bridge_candidate,nineteenth_century_bridge,audit_then_deduplicate,https://www.gutenberg.org/ebooks/28403,https://www.gutenberg.org/ebooks/28403.txt.utf-8,hit,quality_pass,,220686,200928,33033,3213,0,0.265099,0.795733,0.000149,1,editor_note:1,,,c46648896485fd79942c8a2319c80290b32a7984cdd8eb049bba916e745bb4fb,29,,,,,,,,,,,quality_pass_pending_editorial_activation_review
28867,Racconti fantastici,"Tarchetti, Iginio Ugo",nineteenth_century_bridge_candidate,nineteenth_century_bridge,audit_then_deduplicate,https://www.gutenberg.org/ebooks/28867,https://www.gutenberg.org/ebooks/28867.txt.utf-8,hit,quality_pass,,190822,171233,28318,2740,0,0.266262,0.784592,0.000438,1,editor_note:1,,,1c20a9ba6d924b67e97088876668357103b3904b5c2ba37db06da12cda2c1cdd,22,,,,,,,,,,,quality_pass_pending_editorial_activation_review
28888,Il Re prega: Romanzo,"Petruccelli della Gattina, Ferdinando",nineteenth_century_bridge_candidate,nineteenth_century_bridge,audit_then_deduplicate,https://www.gutenberg.org/ebooks/28888,https://www.gutenberg.org/ebooks/28888.txt.utf-8,hit,quality_pass,,633942,614485,101084,10216,0,0.259032,0.792602,0.000535,0,,,,ea89c4033c58c128d1a97c120cb83fa2ea2b6888e0614bdca28f5f6a8540674a,108,,,,,,,,,,,quality_pass_pending_editorial_activation_review
29082,"Scritti di Giuseppe Mazzini, Politica ed Economia, Vol. I","Mazzini, Giuseppe",nineteenth_century_bridge_candidate,nineteenth_century_bridge,audit_then_deduplicate,https://www.gutenberg.org/ebooks/29082,https://www.gutenberg.org/ebooks/29082.txt.utf-8,hit,quality_pass,,1348139,1328648,212055,20021,0,0.249666,0.80199,0.001941,2,editor_note:1;errata:1,,,58da56fef5ea055d06e7ebc59caf76276ae43d7dbdabd8b754dee731963b1a12,205,,,,,bibit:bibit001581|candidate_containment=0.071851|reference_containment=0.870649|exact=false,,embedded_reference_only,,,,quarantine_embedded_duplicate_segments_before_activation
29325,"Scritti di Giuseppe Mazzini, Politica ed Economia, Vol. II","Mazzini, Giuseppe",nineteenth_century_bridge_candidate,nineteenth_century_bridge,audit_then_deduplicate,https://www.gutenberg.org/ebooks/29325,https://www.gutenberg.org/ebooks/29325.txt.utf-8,hit,quality_pass,,1227408,1207825,192825,18451,0,0.25365,0.801181,0.002956,3,editor_note:1;errata:2,,,0608c94349f755fec86f3f1f510d08baa73a39495b7e12fee2a1bba199cec17d,213,,,,,,,,,,,quality_pass_pending_editorial_activation_review
29409,La guerra del Vespro Siciliano vol. 1: Un periodo delle storie Siciliane del secolo XIII,"Amari, Michele",nineteenth_century_bridge_candidate,nineteenth_century_bridge,audit_then_deduplicate,https://www.gutenberg.org/ebooks/29409,https://www.gutenberg.org/ebooks/29409.txt.utf-8,hit,quality_pass,,771683,752167,117404,12009,0,0.254233,0.749121,0.01664,0,,,,2226610119d4c482878f03b945abc871b0e892cf732ecc6d3a6bdfc9a8e36276,121,,,,,,,,,,,quality_pass_pending_editorial_activation_review
29871,La camicia rossa: Episodi - Terza edizione riveduta e corretta,"Mario, Alberto",nineteenth_century_bridge_candidate,nineteenth_century_bridge,audit_then_deduplicate,https://www.gutenberg.org/ebooks/29871,https://www.gutenberg.org/ebooks/29871.txt.utf-8,hit,quality_pass,,392252,372833,58900,6271,0,0.25747,0.80189,0.000491,1,errata:1,,,a675b1318791bf7aeba43f50e4f364ba389ed37deb407a6bf3dbb130811ef733,59,,,,,,,,,,,quality_pass_pending_editorial_activation_review
29872,La fantesca,"Porta, Giambattista della",historical_general_candidate,origins_through_1800,audit_then_deduplicate,https://www.gutenberg.org/ebooks/29872,https://www.gutenberg.org/ebooks/29872.txt.utf-8,hit,quality_pass,,207232,187794,32371,3570,0,0.226993,0.771856,4.8e-05,0,,,,8aa2aea0e77fa9cc09feb86b709c17fc012406bc0eeeb814e3a7ae64cfe5a5ee,29,,,,,,,,,,,quality_pass_pending_editorial_activation_review
29955,"Passeggiate per l'Italia, vol. 1","Gregorovius, Ferdinand",nineteenth_century_bridge_candidate,nineteenth_century_bridge,audit_then_deduplicate,https://www.gutenberg.org/ebooks/29955,https://www.gutenberg.org/ebooks/29955.txt.utf-8,hit,quality_pass,,458658,439098,72740,6642,0,0.259733,0.804069,0.002164,1,editor_note:1,,,b003badbfcfe0d6b4b135c38bbfbb4001d4b8f79a908e1729940428dc588445e,57,,,,,,,,,,,quality_pass_pending_editorial_activation_review
29977,Le Laude: secondo la stampa fiorentina del 1490,"Jacopone, da Todi",historical_non_sonnet_poetry_candidate,origins_through_1800,audit_then_deduplicate,https://www.gutenberg.org/ebooks/29977,https://www.gutenberg.org/ebooks/29977.txt.utf-8,hit,quality_pass,,497607,478048,71386,10680,0,0.163632,0.671236,0.001816,2,editor_note:2,,,d37c979db500af89fda9ed4c111ddbb9fec20d597f1a4c120e8bc0670ad8ab19,65,,,,,,,,,,,quality_pass_pending_editorial_activation_review
30839,"La strega, ovvero, degli inganni de' demoni: dialogo","Pico della Mirandola, Giovanni Francesco",historical_general_candidate,origins_through_1800,audit_then_deduplicate,https://www.gutenberg.org/ebooks/30839,https://www.gutenberg.org/ebooks/30839.txt.utf-8,hit,quality_pass,,203360,183707,31242,3038,0,0.248288,0.791363,0.000446,1,editor_note:1,,,4e042532ee118a55c3ad15d6633f567f8091f75cb69bd977fdd6dba133ff4c97,25,,,,,,,,,,,quality_pass_pending_editorial_activation_review
30878,"Il re dei re, vol. 1: Convoglio diretto nell'XI secolo","Petruccelli della Gattina, Ferdinando",nineteenth_century_bridge_candidate,nineteenth_century_bridge,audit_then_deduplicate,https://www.gutenberg.org/ebooks/30878,https://www.gutenberg.org/ebooks/30878.txt.utf-8,hit,quality_pass,,269562,250026,40673,4071,0,0.256534,0.792094,0.000328,0,,,,bfae9b99647e238d114d96f629b0dec9a122dac7d9f74fc52f0822d5cfb7352f,37,,,,,,,,,,,quality_pass_pending_editorial_activation_review
30996,"Il re dei re, vol. 2: Convoglio diretto nell'XI secolo","Petruccelli della Gattina, Ferdinando",nineteenth_century_bridge_candidate,nineteenth_century_bridge,audit_then_deduplicate,https://www.gutenberg.org/ebooks/30996,https://www.gutenberg.org/ebooks/30996.txt.utf-8,hit,quality_pass,,258532,238996,38658,3930,0,0.251565,0.793101,0.000393,0,,,,56d792ecec2f1eba51e17d01e741ceb353181d6b2b231e2288286d6e6c5bdf07,31,,,,,,,,,,,quality_pass_pending_editorial_activation_review
31002,I Mille,"Garibaldi, Giuseppe",nineteenth_century_bridge_candidate,nineteenth_century_bridge,audit_then_deduplicate,https://www.gutenberg.org/ebooks/31002,https://www.gutenberg.org/ebooks/31002.txt.utf-8,hit,quality_pass,,612683,593273,90402,12028,0,0.227926,0.778382,0.001825,1,editor_note:1,,,8e6250cd8cb4b6ad6cfcbf5b9663aa934e02b862381eec1a80981a88ccbd9bbd,78,,,,,,,,,,,quality_pass_pending_editorial_activation_review
31079,Agide,"Alfieri, Vittorio",historical_non_sonnet_poetry_candidate,nineteenth_century_bridge,deduplicate_before_full_text_audit,https://www.gutenberg.org/ebooks/31079,https://www.gutenberg.org/ebooks/31079.txt.utf-8,hit,quality_pass,,103499,83993,11967,1744,0,0.212585,0.583775,0.000107,0,,,,bddb3d5339dae3b203fcdd5dbebc66bb69bf484cade024fadb043237698fe6ec,6,bibit:bibit000014,,,,bibit:bibit000014|candidate_containment=0.837124|reference_containment=0.873114|exact=false,,candidate_covered,,,,exclude_cross_corpus_duplicate_candidate
31080,Sofonisba,"Alfieri, Vittorio",historical_non_sonnet_poetry_candidate,nineteenth_century_bridge,deduplicate_before_full_text_audit,https://www.gutenberg.org/ebooks/31080,https://www.gutenberg.org/ebooks/31080.txt.utf-8,hit,quality_pass,,82127,62622,8864,1307,0,0.199233,0.577736,6.4e-05,0,,,,ecb2c39d2ff1a63d0a08ca3177cea2afaa76508f6ad34dd74fdfb415f76ebed2,7,bibit:bibit000681,,,,bibit:bibit000681|candidate_containment=0.815965|reference_containment=0.836652|exact=false,,candidate_covered,,,,exclude_cross_corpus_duplicate_candidate
33781,"I misteri del castello d'Udolfo, vol. 1","Radcliffe, Ann Ward",nineteenth_century_bridge_candidate,nineteenth_century_bridge,audit_then_deduplicate,https://www.gutenberg.org/ebooks/33781,https://www.gutenberg.org/ebooks/33781.txt.utf-8,hit,quality_pass,,281382,261839,42466,4144,0,0.258701,0.803585,0.000351,1,editor_note:1,,,10e0e33697b6ac6b39ff44f5ef5f39620913c6baa869602c5c3e2700f112c161,45,,,,,,,,,,,quality_pass_pending_editorial_activation_review
33782,"I misteri del castello d'Udolfo, vol. 2","Radcliffe, Ann Ward",nineteenth_century_bridge_candidate,nineteenth_century_bridge,audit_then_deduplicate,https://www.gutenberg.org/ebooks/33782,https://www.gutenberg.org/ebooks/33782.txt.utf-8,hit,quality_pass,,274221,254678,40949,4075,0,0.259298,0.803913,0.000188,1,editor_note:1,,,395858355764ee24b9ac2169ef51a732434ab1368b9613d51893470b93111dce,43,,,,,,,,,,,quality_pass_pending_editorial_activation_review
33783,"I misteri del castello d'Udolfo, vol. 3","Radcliffe, Ann Ward",nineteenth_century_bridge_candidate,nineteenth_century_bridge,audit_then_deduplicate,https://www.gutenberg.org/ebooks/33783,https://www.gutenberg.org/ebooks/33783.txt.utf-8,hit,quality_pass,,275976,256433,41314,4068,0,0.253909,0.803914,0.000125,1,editor_note:1,,,4eef20d229c1fc594952fa1310d70205f87cb9855b3dbf0e6ca2faab01c2be9f,39,,,,,,,,,,,quality_pass_pending_editorial_activation_review
33784,"I misteri del castello d'Udolfo, vol. 4","Radcliffe, Ann Ward",nineteenth_century_bridge_candidate,nineteenth_century_bridge,audit_then_deduplicate,https://www.gutenberg.org/ebooks/33784,https://www.gutenberg.org/ebooks/33784.txt.utf-8,hit,quality_pass,,282031,262488,42498,4184,0,0.253918,0.802894,0.000145,1,editor_note:1,,,8efd13fb78c19f1ae192166591e593b932e4d7a8350b7637d4bfee29e08c2e36,44,,,,,,,,,,,quality_pass_pending_editorial_activation_review
33982,Le maccheronee: Zanitonella - Baldus - Moscheide - Epigrammata,"Folengo, Teofilo",historical_non_sonnet_poetry_candidate,origins_through_1800,audit_then_deduplicate,https://www.gutenberg.org/ebooks/33982,https://www.gutenberg.org/ebooks/33982.txt.utf-8,hit,quality_pass,,1318648,1299105,152279,25841,0,0.047111,0.681859,0.012411,3,editor_note:1;errata:2,,,f561c7a8e483a38c92ff673782cb9cffbb0523765df69f5d22524b133063ea65,156,,,,,,,,,exclude_standard_italian_core_macaronic,The primary work deliberately mixes Latin morphology with Italian and dialect vocabulary.,exclude_standard_italian_core_language_composition
34517,"Messere Arlotto Mainardi, Pievano di S. Cresci a Maciuoli","Guerrazzi, Francesco Domenico",nineteenth_century_bridge_candidate,nineteenth_century_bridge,audit_then_deduplicate,https://www.gutenberg.org/ebooks/34517,https://www.gutenberg.org/ebooks/34517.txt.utf-8,hit,quality_pass,,160145,140509,23358,2099,0,0.272198,0.799479,0.001416,1,editor_note:1,,,8f27d139b88f0d80ff457e404db319d7b5b84656db429b32e46f59532c205478,24,,,,,,,,,,,quality_pass_pending_editorial_activation_review
34519,Mastr'Impicca,"Imbriani, Vittorio",nineteenth_century_bridge_candidate,nineteenth_century_bridge,audit_then_deduplicate,https://www.gutenberg.org/ebooks/34519,https://www.gutenberg.org/ebooks/34519.txt.utf-8,hit,quality_pass,,178180,158704,24934,2435,0,0.257279,0.802166,0.000687,1,editor_note:1,,,70087e9cd64bced2fbc9a71fca6deecb85ad8a5a8e5c5e6a9e63ed14cd459847,19,,,,,,,,,,,quality_pass_pending_editorial_activation_review
34639,I tre tiranni: Commedie del Cinquecento,"Ricchi, Agostino",historical_non_sonnet_poetry_candidate,origins_through_1800,audit_then_deduplicate,https://www.gutenberg.org/ebooks/34639,https://www.gutenberg.org/ebooks/34639.txt.utf-8,hit,quality_pass,,223744,204267,32752,5011,0,0.233543,0.665497,0.000171,0,,,,931c002e899e7041ad871542bfaf3c9b49818ad908d462aea4fc5e2ecdb14ccf,30,,,,,,,,,,,quality_pass_pending_editorial_activation_review
34642,La Calandria: Commedie del Cinquecento,"Dovizi, Bernardo,‏ da Bibbiena",historical_general_candidate,origins_through_1800,audit_then_deduplicate,https://www.gutenberg.org/ebooks/34642,https://www.gutenberg.org/ebooks/34642.txt.utf-8,hit,quality_pass,,152118,132557,23466,2592,0,0.225433,0.755011,0.001215,1,errata:1,,,bf4fd060eace29ef23d661b241ddd8b5deecfc05260f5658c05b178a82c703b1,18,,,,,,,,,,,quality_pass_pending_editorial_activation_review
34969,Il segreto dei fatti palesi seguiti nel 1859,"Tommaseo, Niccolò",nineteenth_century_bridge_candidate,nineteenth_century_bridge,audit_then_deduplicate,https://www.gutenberg.org/ebooks/34969,https://www.gutenberg.org/ebooks/34969.txt.utf-8,hit,quality_pass,,221972,202414,33343,2975,0,0.272861,0.800676,0.001033,0,,,,26e615cc8cd5e0d456ece6f1a72a5e68353d3eb7dedc9c2a8e734f1bbd3311c3,44,,,,,,,,,,,quality_pass_pending_editorial_activation_review
35321,Selvaggia de' Vergiolesi,"Tigri, Giuseppe",nineteenth_century_bridge_candidate,nineteenth_century_bridge,audit_then_deduplicate,https://www.gutenberg.org/ebooks/35321,https://www.gutenberg.org/ebooks/35321.txt.utf-8,hit,quality_pass,,622273,602893,102638,9476,0,0.278425,0.787777,0.0007,1,editor_note:1,,,47c29b7c7b46e9d76a9085b8898b94f2230f0c215e4dd561298beb163178eb08,95,,,,,,,,cino_io_fui_n_su_l_alto_e_n_sul_beato_monte_iei|containment=0.919192,,,quarantine_heldout_sonnet_segment_before_activation
35799,Caos del Triperuno: Opere Italiane Vol. 1,"Folengo, Teofilo",historical_non_sonnet_poetry_candidate,origins_through_1800,audit_then_deduplicate,https://www.gutenberg.org/ebooks/35799,https://www.gutenberg.org/ebooks/35799.txt.utf-8,hit,quality_pass,,332879,313361,50526,6683,0,0.19394,0.713793,0.005894,1,editor_note:1,,,a31ead9e850df380ea11b55dda323b9e61b18a363035711d0048fda5d38030b2,46,,,,,,,,,,,quality_pass_pending_editorial_activation_review
36212,La rivoluzione di Milano dell'Aprile 1814,"Armaroli, Leopoldo;Verri, Carlo, conte",nineteenth_century_bridge_candidate,nineteenth_century_bridge,audit_then_deduplicate,https://www.gutenberg.org/ebooks/36212,https://www.gutenberg.org/ebooks/36212.txt.utf-8,hit,quality_pass,,315484,295897,44440,4884,0,0.233596,0.785608,0.014306,1,editor_note:1,,,900d1c15e9a29971be313f5221dcdf56c9553162667486718bb90f2df4984d64,30,,,,,,,,,,,quality_pass_pending_editorial_activation_review
37099,"Passeggiate per l'Italia, vol. 2","Gregorovius, Ferdinand",nineteenth_century_bridge_candidate,nineteenth_century_bridge,audit_then_deduplicate,https://www.gutenberg.org/ebooks/37099,https://www.gutenberg.org/ebooks/37099.txt.utf-8,hit,quality_pass,,569746,550120,88554,8342,0,0.255573,0.801223,0.003686,1,editor_note:1,,,eb485efd402152a4330f2ac6d2ef2bf6dff7061afe6ee3426e4be5044aeeed64,72,,,,,,,,,,,quality_pass_pending_editorial_activation_review
37900,"Passeggiate per l'Italia, vol. 3","Gregorovius, Ferdinand",nineteenth_century_bridge_candidate,nineteenth_century_bridge,audit_then_deduplicate,https://www.gutenberg.org/ebooks/37900,https://www.gutenberg.org/ebooks/37900.txt.utf-8,hit,quality_pass,,497916,478345,77139,7291,0,0.262422,0.802862,0.003284,1,editor_note:1,,,49886505294d565797e362f7a2e876e887871ebc8bec1b06d4c84a747217a7fb,63,,,,,,,,,,,quality_pass_pending_editorial_activation_review
38012,Ottavia,"Alfieri, Vittorio",historical_non_sonnet_poetry_candidate,nineteenth_century_bridge,deduplicate_before_full_text_audit,https://www.gutenberg.org/ebooks/38012,https://www.gutenberg.org/ebooks/38012.txt.utf-8,hit,quality_pass,,96902,77548,11163,1672,0,0.191884,0.585431,5.2e-05,0,,,,d1bc753eb42a77c57e72932f9ca247f91f53e654e3fc38842dd25668bb2b8d7a,10,bibit:bibit001054,,,,bibit:bibit001054|candidate_containment=0.809430|reference_containment=0.827985|exact=false,,candidate_covered,,,,exclude_cross_corpus_duplicate_candidate
38298,"Isabella Orsini, duchessa di Bracciano","Guerrazzi, Francesco Domenico",nineteenth_century_bridge_candidate,nineteenth_century_bridge,audit_then_deduplicate,https://www.gutenberg.org/ebooks/38298,https://www.gutenberg.org/ebooks/38298.txt.utf-8,hit,quality_pass,,654221,634771,102447,9870,0,0.266645,0.773772,0.001364,1,editor_note:1,,,eaab503ef5d6f22605f96fa6d4eca6ed8826f13ff444b99a6fcc62eceab2d2ff,108,,,,,,,,,,,quality_pass_pending_editorial_activation_review
38509,La Giovine Italia,"Mazzini, Giuseppe",nineteenth_century_bridge_candidate,nineteenth_century_bridge,audit_then_deduplicate,https://www.gutenberg.org/ebooks/38509,https://www.gutenberg.org/ebooks/38509.txt.utf-8,hit,quality_pass,,263038,243662,38151,3651,0,0.250374,0.783947,0.003874,2,editor_note:1;errata:1,,,dedc6f77ac857a6dd261bce1ef8bac1d35d27e264e0907caf25817c8ae5fc577,38,,,,,bibit:bibit001560|candidate_containment=0.185842|reference_containment=0.894043|exact=false,,embedded_reference_only,,,,quarantine_embedded_duplicate_segments_before_activation
38578,Fame usurpate,"Imbriani, Vittorio",nineteenth_century_bridge_candidate,nineteenth_century_bridge,audit_then_deduplicate,https://www.gutenberg.org/ebooks/38578,https://www.gutenberg.org/ebooks/38578.txt.utf-8,hit,quality_pass,,673583,654245,103437,10292,0,0.248054,0.781467,0.000488,1,editor_note:1,,,7240f8e4827051c7ba744ced68fb07ff2f07d1cbb7cac9cac56e061ef8bd4a14,122,,,,,,,,,,,quality_pass_pending_editorial_activation_review
39658,Novelle,"Balbo, Cesare, conte",nineteenth_century_bridge_candidate,nineteenth_century_bridge,audit_then_deduplicate,https://www.gutenberg.org/ebooks/39658,https://www.gutenberg.org/ebooks/39658.txt.utf-8,hit,quality_pass,,592351,573041,99929,8352,0,0.261336,0.790629,0.000124,1,editor_note:1,,,41a7092ab23678697a3e6b8dbbc0d41aedde7a9a192ad4ab285573e3ef6574ed,112,,,,,,,,,,,quality_pass_pending_editorial_activation_review
39704,"Annali d'Italia, vol. 1: dal principio dell'era volgare sino all'anno 1750","Muratori, Lodovico Antonio",historical_general_candidate,origins_through_1800,audit_then_deduplicate,https://www.gutenberg.org/ebooks/39704,https://www.gutenberg.org/ebooks/39704.txt.utf-8,hit,quality_pass,,2363029,2343491,373622,37963,0,0.246816,0.781444,0.012484,1,editor_note:1,,,7c1010ca80d022bcac89c62b55116eb1a296e1891045a66dc5af378a266ebde2,344,,,,,,,,,,,quality_pass_pending_editorial_activation_review
40299,Memorie di un vecchio carbonaro ravegnano,"Uccellini, Primo",nineteenth_century_bridge_candidate,nineteenth_century_bridge,audit_then_deduplicate,https://www.gutenberg.org/ebooks/40299,https://www.gutenberg.org/ebooks/40299.txt.utf-8,hit,quality_pass,,579286,559649,84377,8725,0,0.255662,0.767274,0.017597,1,editor_note:1,,,b5eab21da82910edf2241d0faaa09772587f6c088f0cc2dd8d23744e4a639f03,84,,,,,,,,,,,quality_pass_pending_editorial_activation_review
40328,Ahasvero nell'Isola del Diavolo: versi: preceduti da uno studio su l'Ebraismo e la rivoluzione francese,"Levi, David",historical_non_sonnet_poetry_candidate,nineteenth_century_bridge,audit_then_deduplicate,https://www.gutenberg.org/ebooks/40328,https://www.gutenberg.org/ebooks/40328.txt.utf-8,hit,quality_pass,,135599,116208,17683,1953,0,0.254255,0.745207,0.003477,0,,,,d2df0651ce3ac377eb98f6f403bd76aed99de6caab5e8d4bb7751c21a3e6bfea,29,,,,,,,,,,,quality_pass_pending_editorial_activation_review
40817,"Dizionario storico-critico degli scrittori di musica e de' più celebri artisti, vol. 1: Di tutte le nazioni sì antiche che moderne","Bertini, Giuseppe",nineteenth_century_bridge_candidate,nineteenth_century_bridge,audit_then_deduplicate,https://www.gutenberg.org/ebooks/40817,https://www.gutenberg.org/ebooks/40817.txt.utf-8,hit,quality_pass,,419543,399750,64686,5973,0,0.258155,0.777651,0.010206,1,editor_note:1,,,e60f88ab60f111a4d8dc6f88a63dabfcaa37b07d57be1ce217b15064cc80a34f,54,,,,,,,,,,,quality_pass_pending_editorial_activation_review
40818,"Dizionario storico-critico degli scrittori di musica e de' più celebri artisti, vol. 2: Di tutte le nazioni sì antiche che moderne","Bertini, Giuseppe",nineteenth_century_bridge_candidate,nineteenth_century_bridge,audit_then_deduplicate,https://www.gutenberg.org/ebooks/40818,https://www.gutenberg.org/ebooks/40818.txt.utf-8,hit,quality_pass,,468240,448447,73364,6659,0,0.261913,0.779974,0.011167,1,editor_note:1,,,ed8c900222da41c3c9653d414b8ba6262b2bc90d6036eef5a1c8e126ff4bfe59,74,,,,,,,,,,,quality_pass_pending_editorial_activation_review
40819,"Dizionario storico-critico degli scrittori di musica e de' più celebri artisti, vol. 3: Di tutte le nazioni sì antiche che moderne","Bertini, Giuseppe",nineteenth_century_bridge_candidate,nineteenth_century_bridge,audit_then_deduplicate,https://www.gutenberg.org/ebooks/40819,https://www.gutenberg.org/ebooks/40819.txt.utf-8,hit,quality_pass,,455237,435444,71146,6430,0,0.260816,0.781246,0.011195,1,editor_note:1,,,d9aa5da0db784db777fba14d96290bd7c0b2b1c01d03e93bdba078b51e7010ba,69,,,,,,,,,,,quality_pass_pending_editorial_activation_review
40820,"Dizionario storico-critico degli scrittori di musica e de' più celebri artisti, vol. 4: Di tutte le nazioni sì antiche che moderne","Bertini, Giuseppe",nineteenth_century_bridge_candidate,nineteenth_century_bridge,audit_then_deduplicate,https://www.gutenberg.org/ebooks/40820,https://www.gutenberg.org/ebooks/40820.txt.utf-8,hit,quality_pass,,434983,415190,65647,7156,0,0.246394,0.774291,0.009632,1,editor_note:1,,,fe8f09976a9d8c13596da52cac41b5b2a101116fe1ae0bc21c49d0f705ecadae,83,,,,,,,,,,,quality_pass_pending_editorial_activation_review
41088,"Passeggiate per l'Italia, vol. 4","Gregorovius, Ferdinand",nineteenth_century_bridge_candidate,nineteenth_century_bridge,audit_then_deduplicate,https://www.gutenberg.org/ebooks/41088,https://www.gutenberg.org/ebooks/41088.txt.utf-8,hit,quality_pass,,491863,472245,77090,7077,0,0.271099,0.803784,0.002662,1,editor_note:1,,,b06c0a2271d2d1e388a8fa0f5484a1b42afe1e066743dba109987cc566cc66f1,78,,,,,,,,,,,quality_pass_pending_editorial_activation_review
41377,Rafaella,"Pellico, Silvio",nineteenth_century_bridge_candidate,nineteenth_century_bridge,audit_then_deduplicate,https://www.gutenberg.org/ebooks/41377,https://www.gutenberg.org/ebooks/41377.txt.utf-8,hit,quality_pass,,255823,236312,38480,3625,0,0.24961,0.801525,0.000559,1,editor_note:1,,,37ea37a55c2342e1c1ef52ff8f1f7216cbe664e23892a780d31f432103ce9a8c,28,,,,,,,,,,,quality_pass_pending_editorial_activation_review
42411,Il destino: romanzo,"Guerrazzi, Francesco Domenico",nineteenth_century_bridge_candidate,nineteenth_century_bridge,audit_then_deduplicate,https://www.gutenberg.org/ebooks/42411,https://www.gutenberg.org/ebooks/42411.txt.utf-8,hit,quality_pass,,247850,228214,38417,3539,0,0.27087,0.788488,0.000719,1,editor_note:1,,,c937b79ee007c5aaa94cdcdb6a14b65f706ddbdf41e1163bd4b9f8a95a7cca41,38,,,,,,,,,,,quality_pass_pending_editorial_activation_review
42436,Amelia Calani ed altri scritti,"Guerrazzi, Francesco Domenico",nineteenth_century_bridge_candidate,nineteenth_century_bridge,audit_then_deduplicate,https://www.gutenberg.org/ebooks/42436,https://www.gutenberg.org/ebooks/42436.txt.utf-8,hit,quality_pass,,410356,390776,64125,5912,0,0.263423,0.803189,0.000806,1,editor_note:1,,,8cc6f7247be5e825c7d000997796028cd00f62e2a0d9cdfa6b82b07ea895a992,68,,,,,,,,,,,quality_pass_pending_editorial_activation_review
42502,"Paolo Pelliccioni, Volume 1 (of 2)","Guerrazzi, Francesco Domenico",nineteenth_century_bridge_candidate,nineteenth_century_bridge,audit_then_deduplicate,https://www.gutenberg.org/ebooks/42502,https://www.gutenberg.org/ebooks/42502.txt.utf-8,hit,quality_pass,,367783,348213,57728,5476,0,0.26999,0.786826,0.000704,1,editor_note:1,,,755ca618ec9c583d5be374b1c3b992f7b7883eab36f1646dfe8b5dec821b9297,60,,,,,,,,,,,quality_pass_pending_editorial_activation_review
42503,"Paolo Pelliccioni, Volume 2 (of 2)","Guerrazzi, Francesco Domenico",nineteenth_century_bridge_candidate,nineteenth_century_bridge,audit_then_deduplicate,https://www.gutenberg.org/ebooks/42503,https://www.gutenberg.org/ebooks/42503.txt.utf-8,hit,quality_pass,,268668,249098,41212,3946,0,0.269412,0.783591,0.00049,1,editor_note:1,,,9c152ddc3885a1a0bb532e605b00c7ef703ce6dce61749a19f2e17cc598b314d,45,,,,,,,,,,,quality_pass_pending_editorial_activation_review
42669,Dell'Emancipazione civile degl'Israeliti,"Azeglio, Massimo d'",nineteenth_century_bridge_candidate,nineteenth_century_bridge,audit_then_deduplicate,https://www.gutenberg.org/ebooks/42669,https://www.gutenberg.org/ebooks/42669.txt.utf-8,hit,quality_pass,,117108,97640,15561,1492,0,0.243044,0.78642,0.002468,0,,,,7dd176923d9d436c6c4e630cf7ca1b4b78d680567fe8d12e2441af1f3b8ecc86,18,,,,,,,,,,,quality_pass_pending_editorial_activation_review
42775,"Il secolo che muore, vol. I","Guerrazzi, Francesco Domenico",nineteenth_century_bridge_candidate,nineteenth_century_bridge,audit_then_deduplicate,https://www.gutenberg.org/ebooks/42775,https://www.gutenberg.org/ebooks/42775.txt.utf-8,hit,quality_pass,,476743,457154,75690,7087,0,0.269996,0.793159,0.000669,1,editor_note:1,,,c67f8d48caa133643720582c054a7f32cf70b4bcb78499f1dedbb185324c3d56,90,,,,,,,,,,,quality_pass_pending_editorial_activation_review
42776,"Il secolo che muore, vol. II","Guerrazzi, Francesco Domenico",nineteenth_century_bridge_candidate,nineteenth_century_bridge,audit_then_deduplicate,https://www.gutenberg.org/ebooks/42776,https://www.gutenberg.org/ebooks/42776.txt.utf-8,hit,quality_pass,,535173,515580,85611,8007,0,0.270082,0.793605,0.000799,2,editor_note:1;errata:1,,,2f5905389632f48b05f5927345860d7251cb1cf3611c9a36f3b7c4f478a8b89c,84,,,,,,,,,,,quality_pass_pending_editorial_activation_review
42777,"Il secolo che muore, vol. III","Guerrazzi, Francesco Domenico",nineteenth_century_bridge_candidate,nineteenth_century_bridge,audit_then_deduplicate,https://www.gutenberg.org/ebooks/42777,https://www.gutenberg.org/ebooks/42777.txt.utf-8,hit,quality_pass,,596753,577156,96629,9041,0,0.271389,0.790791,0.000646,1,editor_note:1,,,3b1a69e14906c2748b201c12e65d30cbd2696a3e54191a965691e0f95a7c2304,95,,,,,,,,,,,quality_pass_pending_editorial_activation_review
42778,"Il secolo che muore, vol. IV","Guerrazzi, Francesco Domenico",nineteenth_century_bridge_candidate,nineteenth_century_bridge,audit_then_deduplicate,https://www.gutenberg.org/ebooks/42778,https://www.gutenberg.org/ebooks/42778.txt.utf-8,hit,quality_pass,,532743,513150,85497,8268,0,0.268875,0.788656,0.000511,1,editor_note:1,,,dca7342becd7ff93bfb4235e5b0f934e6589077000ce527083e8d5f835ee6006,92,,,,,,,,,,,quality_pass_pending_editorial_activation_review
42846,"Storia della Guerra della Independenza degli Stati Uniti di America, vol. 1","Botta, Carlo",nineteenth_century_bridge_candidate,nineteenth_century_bridge,audit_then_deduplicate,https://www.gutenberg.org/ebooks/42846,https://www.gutenberg.org/ebooks/42846.txt.utf-8,hit,quality_pass,,525689,505924,80556,7488,0,0.255226,0.812662,0.001208,1,editor_note:1,,,2cdd9932c90ddfb9311f8af8321c794ab6dbec781d669fe3d84ff81878f1e90f,84,,,,,,,,,,,quality_pass_pending_editorial_activation_review
42847,"Storia della Guerra della Independenza degli Stati Uniti di America, vol. 2","Botta, Carlo",nineteenth_century_bridge_candidate,nineteenth_century_bridge,audit_then_deduplicate,https://www.gutenberg.org/ebooks/42847,https://www.gutenberg.org/ebooks/42847.txt.utf-8,hit,quality_pass,,747030,727265,116606,10626,0,0.262602,0.815054,0.000232,1,editor_note:1,,,9751049c84492e29f497f363fb4f90709a19c04043b74ca426cc0f219539ae6a,120,,,,,,,,,,,quality_pass_pending_editorial_activation_review
42848,"Storia della Guerra della Independenza degli Stati Uniti di America, vol. 3","Botta, Carlo",nineteenth_century_bridge_candidate,nineteenth_century_bridge,audit_then_deduplicate,https://www.gutenberg.org/ebooks/42848,https://www.gutenberg.org/ebooks/42848.txt.utf-8,hit,quality_pass,,758841,739076,118739,10801,0,0.25898,0.814447,0.000361,1,editor_note:1,,,287bcdea1ad17701916ad72de58897a5c48673785f2a9f7f2b2ad9d452f0eeba,129,,,,,,,,,,,quality_pass_pending_editorial_activation_review
42849,"Storia della Guerra della Independenza degli Stati Uniti di America, vol. 4","Botta, Carlo",nineteenth_century_bridge_candidate,nineteenth_century_bridge,audit_then_deduplicate,https://www.gutenberg.org/ebooks/42849,https://www.gutenberg.org/ebooks/42849.txt.utf-8,hit,quality_pass,,666661,646889,103886,9453,0,0.260131,0.812337,0.000397,2,alphabetical_index:1;editor_note:1,,,04c15776a19d225e93239fbe90e6a97b46a9aa8d8302f3eb980b2578a28af291,111,,,,,,,,,,,quality_pass_pending_editorial_activation_review
42881,"La promessa sposa di Lammermoor, Tomo 1 (of 3)","Scott, Walter",nineteenth_century_bridge_candidate,nineteenth_century_bridge,audit_then_deduplicate,https://www.gutenberg.org/ebooks/42881,https://www.gutenberg.org/ebooks/42881.txt.utf-8,hit,quality_pass,,274710,255110,41330,4064,0,0.265183,0.798303,0.000247,1,editor_note:1,,,9a8cb9014fb51877a49c4a9f26563d4196db3ab12ea89e35241c4a3d46849968,46,,,,,,,,,,,quality_pass_pending_editorial_activation_review
42882,"La promessa sposa di Lammermoor, Tomo 2 (of 3)","Scott, Walter",nineteenth_century_bridge_candidate,nineteenth_century_bridge,audit_then_deduplicate,https://www.gutenberg.org/ebooks/42882,https://www.gutenberg.org/ebooks/42882.txt.utf-8,hit,quality_pass,,309853,290253,47228,4600,0,0.268866,0.79562,0.000176,1,editor_note:1,,,da5b11220e2e0aa4cc59323a07185ad0a657cd690dbfd2210fca3bec211cc4fe,44,,,,,,,,,,,quality_pass_pending_editorial_activation_review
42883,"La promessa sposa di Lammermoor, Tomo 3 (of 3)","Scott, Walter",nineteenth_century_bridge_candidate,nineteenth_century_bridge,audit_then_deduplicate,https://www.gutenberg.org/ebooks/42883,https://www.gutenberg.org/ebooks/42883.txt.utf-8,hit,quality_pass,,285539,265939,43226,4217,0,0.267478,0.799563,0.000158,1,editor_note:1,,,ece0e39e4104425cb9579a85c35b340534337a1d739914e8f8fe0a75b9706bcc,62,,,,,,,,,,,quality_pass_pending_editorial_activation_review
43458,"I Puritani di Scozia, vol. 1","Scott, Walter",nineteenth_century_bridge_candidate,nineteenth_century_bridge,audit_then_deduplicate,https://www.gutenberg.org/ebooks/43458,https://www.gutenberg.org/ebooks/43458.txt.utf-8,hit,quality_pass,,293491,273830,45269,4333,0,0.250525,0.795935,0.000117,1,editor_note:1,,,a456512483135849cec52f4121beb030aa585f88253ce69bb5b9faec9148c29d,33,,,,,,,,,,,quality_pass_pending_editorial_activation_review
43459,"I Puritani di Scozia, vol. 2","Scott, Walter",nineteenth_century_bridge_candidate,nineteenth_century_bridge,audit_then_deduplicate,https://www.gutenberg.org/ebooks/43459,https://www.gutenberg.org/ebooks/43459.txt.utf-8,hit,quality_pass,,286208,266519,43252,4178,0,0.247665,0.801673,0.000109,1,editor_note:1,,,43842a6273ce429cc6118a33b569e897c34de45d933d12743707f315f6950a02,39,,,,,,,,,,,quality_pass_pending_editorial_activation_review
43460,"I Puritani di Scozia, vol. 3","Scott, Walter",nineteenth_century_bridge_candidate,nineteenth_century_bridge,audit_then_deduplicate,https://www.gutenberg.org/ebooks/43460,https://www.gutenberg.org/ebooks/43460.txt.utf-8,hit,quality_pass,,283252,263563,43483,4193,0,0.249546,0.794983,0.000406,1,editor_note:1,,,86f780eed6574f715aab8dccf2d75db4948669344a534efddd17e2672a925508,36,,,,,,,,,,,quality_pass_pending_editorial_activation_review
43575,"Annali d'Italia, vol. 2: dal principio dell'era volgare sino all'anno 1750","Muratori, Lodovico Antonio",historical_general_candidate,origins_through_1800,audit_then_deduplicate,https://www.gutenberg.org/ebooks/43575,https://www.gutenberg.org/ebooks/43575.txt.utf-8,hit,quality_pass,,2423054,2403490,379579,37686,0,0.243117,0.781198,0.013649,1,editor_note:1,,,463eaf9561e24747530278e81587a225ef532670f9d01065d319f85af7fb60f3,381,,,,,,,,,,,quality_pass_pending_editorial_activation_review
43689,"Storia delle repubbliche italiane dei secoli di mezzo, v. 01 (of 16)","Sismondi, J.-C.-L. Simonde de (Jean-Charles-Léonard Simonde)",nineteenth_century_bridge_candidate,nineteenth_century_bridge,audit_then_deduplicate,https://www.gutenberg.org/ebooks/43689,https://www.gutenberg.org/ebooks/43689.txt.utf-8,hit,quality_pass,,582408,562698,85930,8623,0,0.2285,0.768572,0.013027,1,editor_note:1,,,4a80394b119f0362c098a109e3357c9f004326a9abdc857d33e4d45d1d9afbda,89,,,,,,,,,,,quality_pass_pending_editorial_activation_review
43690,"Storia delle repubbliche italiane dei secoli di mezzo, v. 02 (of 16)","Sismondi, J.-C.-L. Simonde de (Jean-Charles-Léonard Simonde)",nineteenth_century_bridge_candidate,nineteenth_century_bridge,audit_then_deduplicate,https://www.gutenberg.org/ebooks/43690,https://www.gutenberg.org/ebooks/43690.txt.utf-8,hit,quality_pass,,655629,635919,96575,9735,0,0.235817,0.768079,0.013934,1,editor_note:1,,,482cfeafe335855ca7e75560893242217718de2eac1a85d22a88797aa058a8c5,81,,,,,,,,,,,quality_pass_pending_editorial_activation_review
43802,"Storia delle repubbliche italiane dei secoli di mezzo, v. 03 (of 16)","Sismondi, J.-C.-L. Simonde de (Jean-Charles-Léonard Simonde)",nineteenth_century_bridge_candidate,nineteenth_century_bridge,audit_then_deduplicate,https://www.gutenberg.org/ebooks/43802,https://www.gutenberg.org/ebooks/43802.txt.utf-8,hit,quality_pass,,659376,639615,97859,9723,0,0.239784,0.765853,0.012321,1,editor_note:1,,,603aa6aec58bb82fd3e57579b25ac507bc559911f009cff06d4d369f072f7545,73,,,,,,,,,,,quality_pass_pending_editorial_activation_review
43803,"Storia delle repubbliche italiane dei secoli di mezzo, v. 04 (of 16)","Sismondi, J.-C.-L. Simonde de (Jean-Charles-Léonard Simonde)",nineteenth_century_bridge_candidate,nineteenth_century_bridge,audit_then_deduplicate,https://www.gutenberg.org/ebooks/43803,https://www.gutenberg.org/ebooks/43803.txt.utf-8,hit,quality_pass,,571848,552087,84793,8441,0,0.24548,0.768888,0.011303,1,editor_note:1,,,a6d87db0c4d2934339a0fc46eb2ce27c04174414b1cb7d6f3a37c081a68998d8,90,,,,,,,,,,,quality_pass_pending_editorial_activation_review
43804,"Storia delle repubbliche italiane dei secoli di mezzo, v. 05 (of 16)","Sismondi, J.-C.-L. Simonde de (Jean-Charles-Léonard Simonde)",nineteenth_century_bridge_candidate,nineteenth_century_bridge,audit_then_deduplicate,https://www.gutenberg.org/ebooks/43804,https://www.gutenberg.org/ebooks/43804.txt.utf-8,hit,quality_pass,,590759,570998,86792,8789,0,0.243168,0.762491,0.014135,1,editor_note:1,,,862d355f05a2cbd924f045786b59e48fbf9abbc6e00434777ff73ffcbc24f741,81,,,,,,,,,,,quality_pass_pending_editorial_activation_review
43859,"Storia delle repubbliche italiane dei secoli di mezzo, v. 06 (of 16)","Sismondi, J.-C.-L. Simonde de (Jean-Charles-Léonard Simonde)",nineteenth_century_bridge_candidate,nineteenth_century_bridge,audit_then_deduplicate,https://www.gutenberg.org/ebooks/43859,https://www.gutenberg.org/ebooks/43859.txt.utf-8,hit,quality_pass,,588064,568306,86161,8795,0,0.241327,0.759397,0.015745,1,editor_note:1,,,232c36f1bb0334185f93b27fa9bf646441ab7a2a78a55690b908bd8f2aa876d6,80,,,,,,,,,,,quality_pass_pending_editorial_activation_review
43860,"Storia delle repubbliche italiane dei secoli di mezzo, v. 07 (of 16)","Sismondi, J.-C.-L. Simonde de (Jean-Charles-Léonard Simonde)",nineteenth_century_bridge_candidate,nineteenth_century_bridge,audit_then_deduplicate,https://www.gutenberg.org/ebooks/43860,https://www.gutenberg.org/ebooks/43860.txt.utf-8,hit,quality_pass,,619180,599422,89919,9335,0,0.241729,0.751497,0.018666,1,editor_note:1,,,4584c2fb33d3e9d64d70cd7632d2da848358b0e5e9c965bd1f00a157b5c2544c,75,,,,,,,,,,,quality_pass_pending_editorial_activation_review
43948,"Storia delle repubbliche italiane dei secoli di mezzo, v. 08 (of 16)","Sismondi, J.-C.-L. Simonde de (Jean-Charles-Léonard Simonde)",nineteenth_century_bridge_candidate,nineteenth_century_bridge,audit_then_deduplicate,https://www.gutenberg.org/ebooks/43948,https://www.gutenberg.org/ebooks/43948.txt.utf-8,hit,quality_pass,,605788,586029,88359,9026,0,0.241266,0.754072,0.017366,1,editor_note:1,,,7c95bccd2eb303075a7af1d66481f6e08bbf943e2bd6d6c43a02da51e31e3ebb,104,,,,,,,,,,,quality_pass_pending_editorial_activation_review
43949,"Storia delle repubbliche italiane dei secoli di mezzo, v. 09 (of 16)","Sismondi, J.-C.-L. Simonde de (Jean-Charles-Léonard Simonde)",nineteenth_century_bridge_candidate,nineteenth_century_bridge,audit_then_deduplicate,https://www.gutenberg.org/ebooks/43949,https://www.gutenberg.org/ebooks/43949.txt.utf-8,hit,quality_pass,,638296,618537,93695,9493,0,0.244421,0.755932,0.013983,1,editor_note:1,,,4742a77ffdf3bc4b40dbccfb27735b983a92575feeafe5742ee6700a75de010b,92,,,,,,,,,,,quality_pass_pending_editorial_activation_review
44069,"Storia delle repubbliche italiane dei secoli di mezzo, v. 10 (of 16)","Sismondi, J.-C.-L. Simonde de (Jean-Charles-Léonard Simonde)",nineteenth_century_bridge_candidate,nineteenth_century_bridge,audit_then_deduplicate,https://www.gutenberg.org/ebooks/44069,https://www.gutenberg.org/ebooks/44069.txt.utf-8,hit,quality_pass,,598321,578562,88158,8823,0,0.243132,0.754628,0.016477,1,editor_note:1,,,2944c00070bf5e200eef1176f16a4eb57bfc4bd3e9a77310cd1bfabed14f2633,88,,,,,,,,,,,quality_pass_pending_editorial_activation_review
44168,"Storia delle repubbliche italiane dei secoli di mezzo, v. 11 (of 16)","Sismondi, J.-C.-L. Simonde de (Jean-Charles-Léonard Simonde)",nineteenth_century_bridge_candidate,nineteenth_century_bridge,audit_then_deduplicate,https://www.gutenberg.org/ebooks/44168,https://www.gutenberg.org/ebooks/44168.txt.utf-8,hit,quality_pass,,550828,531068,80487,8115,0,0.245021,0.755931,0.016222,1,editor_note:1,,,c6949a2679f6796e2ea4c16ae66cc2f0069a14f480bd771dc8cb3df98bbffa25,91,,,,,,,,,,,quality_pass_pending_editorial_activation_review
44169,"Storia delle repubbliche italiane dei secoli di mezzo, v. 12 (of 16)","Sismondi, J.-C.-L. Simonde de (Jean-Charles-Léonard Simonde)",nineteenth_century_bridge_candidate,nineteenth_century_bridge,audit_then_deduplicate,https://www.gutenberg.org/ebooks/44169,https://www.gutenberg.org/ebooks/44169.txt.utf-8,hit,quality_pass,,703048,683287,104137,10428,0,0.245369,0.756025,0.012554,1,editor_note:1,,,7c350c41e87a3c8930b5d2e094113e07bee7c2f2830969594747606d0c197523,118,,,,,,,,,,,quality_pass_pending_editorial_activation_review
44170,"Storia delle repubbliche italiane dei secoli di mezzo, v. 13 (of 16)","Sismondi, J.-C.-L. Simonde de (Jean-Charles-Léonard Simonde)",nineteenth_century_bridge_candidate,nineteenth_century_bridge,audit_then_deduplicate,https://www.gutenberg.org/ebooks/44170,https://www.gutenberg.org/ebooks/44170.txt.utf-8,hit,quality_pass,,722683,702923,105992,10763,0,0.245802,0.746297,0.015056,1,editor_note:1,,,d391fe456ae843dbc82d53ddba4371e30599c234ac2bb1aa1dc326099b8eebf8,105,,,,,,,,,,,quality_pass_pending_editorial_activation_review
44355,"Il re dei re, vol. 3: Convoglio diretto nell'XI secolo","Petruccelli della Gattina, Ferdinando",nineteenth_century_bridge_candidate,nineteenth_century_bridge,audit_then_deduplicate,https://www.gutenberg.org/ebooks/44355,https://www.gutenberg.org/ebooks/44355.txt.utf-8,hit,quality_pass,,193850,174300,28630,2922,0,0.260985,0.792903,0.000729,0,,,,12ee47f8ab5be960022ac49e3b6c745acf81ab519b644f5e129c4b2b46392aed,23,,,,,,,,,,,quality_pass_pending_editorial_activation_review
44363,"Storia delle repubbliche italiane dei secoli di mezzo, v. 14 (of 16)","Sismondi, J.-C.-L. Simonde de (Jean-Charles-Léonard Simonde)",nineteenth_century_bridge_candidate,nineteenth_century_bridge,audit_then_deduplicate,https://www.gutenberg.org/ebooks/44363,https://www.gutenberg.org/ebooks/44363.txt.utf-8,hit,quality_pass,,745640,725881,110079,11109,0,0.242126,0.744053,0.015537,1,editor_note:1,,,302236788bb06480737cd24bafa84a2167b2be291bc0879443ce05333820ce24,80,,,,,,,,,,,quality_pass_pending_editorial_activation_review
44364,"Storia delle repubbliche italiane dei secoli di mezzo, v. 15 (of 16)","Sismondi, J.-C.-L. Simonde de (Jean-Charles-Léonard Simonde)",nineteenth_century_bridge_candidate,nineteenth_century_bridge,audit_then_deduplicate,https://www.gutenberg.org/ebooks/44364,https://www.gutenberg.org/ebooks/44364.txt.utf-8,hit,quality_pass,,655540,635781,96504,9710,0,0.239317,0.740258,0.015921,1,editor_note:1,,,24604f2bd5211fa0a4b150c55a3b438a258cf95fc3b054538eb7e2b0bfb0d098,91,,,,,,,,,,,quality_pass_pending_editorial_activation_review
44365,"Storia delle repubbliche italiane dei secoli di mezzo, v. 16 (of 16)","Sismondi, J.-C.-L. Simonde de (Jean-Charles-Léonard Simonde)",nineteenth_century_bridge_candidate,nineteenth_century_bridge,audit_then_deduplicate,https://www.gutenberg.org/ebooks/44365,https://www.gutenberg.org/ebooks/44365.txt.utf-8,hit,quality_pass,,712742,692983,104691,10559,0,0.248379,0.750121,0.015767,1,editor_note:1,,,55b220d23920d19a9c3fda3a0c18ff1716a9277d6c161c39bbbed1a7145325c3,83,,,,,,,,,,,quality_pass_pending_editorial_activation_review
44383,"Il re dei re, vol. 4: Convoglio diretto nell'XI secolo","Petruccelli della Gattina, Ferdinando",nineteenth_century_bridge_candidate,nineteenth_century_bridge,audit_then_deduplicate,https://www.gutenberg.org/ebooks/44383,https://www.gutenberg.org/ebooks/44383.txt.utf-8,hit,quality_pass,,210426,190876,31672,3137,0,0.256757,0.793017,0.000409,0,,,,0f781a47a0a5c457ff089f17dae1debabc5317b6f91ef0531bfe243447693d02,26,,,,,,,,,,,quality_pass_pending_editorial_activation_review
44797,"Ettore Fieramosca: ossia, La disfida di Barletta","Azeglio, Massimo d'",nineteenth_century_bridge_candidate,nineteenth_century_bridge,audit_then_deduplicate,https://www.gutenberg.org/ebooks/44797,https://www.gutenberg.org/ebooks/44797.txt.utf-8,hit,quality_pass,,552582,532929,91504,8287,0,0.262568,0.792841,0.000208,0,,,,a8da559f95ed106560d6ccae1435a09750583f1a07bb5bff82ae63794014fcad,86,,,,,,,,,,,quality_pass_pending_editorial_activation_review
44893,Della illustrazione delle lingue antiche e moderne e principalmente dell'italiana: procurata nel secolo XVIII. dagli Italiani - Parte I,"Lucchesini, Cesare",nineteenth_century_bridge_candidate,nineteenth_century_bridge,audit_then_deduplicate,https://www.gutenberg.org/ebooks/44893,https://www.gutenberg.org/ebooks/44893.txt.utf-8,hit,quality_pass,,301784,282005,43264,4327,0,0.254646,0.784103,0.012315,0,,,,d2b8212b38943b4f95e7a1c9a03b481c4602505bc23cf56cb28842b929d1e5e3,48,,,,,,,,,,,quality_pass_pending_editorial_activation_review
45120,Della illustrazione delle lingue antiche e moderne e principalmente dell'italiana: procurata nel secolo XVIII. dagli Italiani - Parte II,"Lucchesini, Cesare",nineteenth_century_bridge_candidate,nineteenth_century_bridge,audit_then_deduplicate,https://www.gutenberg.org/ebooks/45120,https://www.gutenberg.org/ebooks/45120.txt.utf-8,hit,quality_pass,,427119,407343,61603,6346,0,0.236855,0.775408,0.017673,0,,,,16d6e0f63e4a30434021f4e253267935eb42a31ba9420908be1a9cbbad781ca2,60,,,,,,,,,,,quality_pass_pending_editorial_activation_review
45126,La Seconda e Terza Guerra Punica: Tratto da un codice dell'Ambrosiana,"Bruni, Leonardo",historical_general_candidate,origins_through_1800,audit_then_deduplicate,https://www.gutenberg.org/ebooks/45126,https://www.gutenberg.org/ebooks/45126.txt.utf-8,hit,quality_pass,,165088,145413,23131,2258,0,0.265618,0.71801,0.007826,0,,,,af45b72dda57f6603967a1510dcc522c8a543b1c67b0ba68bc55656ad2e3ae8a,19,,,,,,,,,,,quality_pass_pending_editorial_activation_review
45215,"Storia della decadenza e rovina dell'impero romano, volume 01","Gibbon, Edward",historical_general_candidate,origins_through_1800,audit_then_deduplicate,https://www.gutenberg.org/ebooks/45215,https://www.gutenberg.org/ebooks/45215.txt.utf-8,hit,quality_pass,,813826,794172,122592,12163,0,0.245301,0.778159,0.012063,1,editor_note:1,,,1df039ea1b1fbb940e14d8d4f29eef2e61cdf420bd745890e45543814474ab9d,118,,,,,,,,,,,quality_pass_pending_editorial_activation_review
45216,"Storia della decadenza e rovina dell'impero romano, volume 02","Gibbon, Edward",historical_general_candidate,origins_through_1800,audit_then_deduplicate,https://www.gutenberg.org/ebooks/45216,https://www.gutenberg.org/ebooks/45216.txt.utf-8,hit,quality_pass,,656128,636474,97830,9627,0,0.246836,0.784276,0.010436,1,editor_note:1,,,103c498999ed051257955e52fadb98bc5bf7864184f6c6d246752d32903bce83,96,,,,,,,,,,,quality_pass_pending_editorial_activation_review
45217,"Storia della decadenza e rovina dell'impero romano, volume 03","Gibbon, Edward",historical_general_candidate,origins_through_1800,audit_then_deduplicate,https://www.gutenberg.org/ebooks/45217,https://www.gutenberg.org/ebooks/45217.txt.utf-8,hit,quality_pass,,829279,809625,125774,12211,0,0.246323,0.788421,0.008367,1,editor_note:1,,,d6d17633444036f5691d0a073ee932da6779fbe88646d1df01152ed9bfe90416,108,,,,,,,,,,,quality_pass_pending_editorial_activation_review
45218,"Storia della decadenza e rovina dell'impero romano, volume 04","Gibbon, Edward",historical_general_candidate,origins_through_1800,audit_then_deduplicate,https://www.gutenberg.org/ebooks/45218,https://www.gutenberg.org/ebooks/45218.txt.utf-8,hit,quality_pass,,721883,702229,108057,10549,0,0.241928,0.780354,0.012962,1,editor_note:1,,,b4194b28d405005cc828554c3a8cdab34de6a86c2325916a41de67b8ae7f1fe8,112,,,,,,,,,,,quality_pass_pending_editorial_activation_review
45219,"Storia della decadenza e rovina dell'impero romano, volume 05","Gibbon, Edward",historical_general_candidate,origins_through_1800,audit_then_deduplicate,https://www.gutenberg.org/ebooks/45219,https://www.gutenberg.org/ebooks/45219.txt.utf-8,hit,quality_pass,,755591,735937,114487,11147,0,0.24118,0.782748,0.012361,1,editor_note:1,,,6474d7ebc7fd6c662300e1dae52b737e74e392218f3df4b940b5ec2a1cff21ba,119,,,,,,,,,,,quality_pass_pending_editorial_activation_review
45220,"Storia della decadenza e rovina dell'impero romano, volume 06","Gibbon, Edward",historical_general_candidate,origins_through_1800,audit_then_deduplicate,https://www.gutenberg.org/ebooks/45220,https://www.gutenberg.org/ebooks/45220.txt.utf-8,hit,quality_pass,,1004024,984370,153232,14953,0,0.23777,0.777589,0.013177,1,editor_note:1,,,5aecb3e9f0c0dac1c4eb58dcc0175ca44b8f4d1a44c98163b819c13765139c69,170,,,,,,,,,,,quality_pass_pending_editorial_activation_review
45221,"Storia della decadenza e rovina dell'impero romano, volume 07","Gibbon, Edward",historical_general_candidate,origins_through_1800,audit_then_deduplicate,https://www.gutenberg.org/ebooks/45221,https://www.gutenberg.org/ebooks/45221.txt.utf-8,hit,quality_pass,,857606,837952,130968,12558,0,0.244625,0.774228,0.013927,1,editor_note:1,,,f488ebc31745c0a591c5dc30e5976fcfadb70831e8ad4d1e39f9480aeca376a2,127,,,,,,,,,,,quality_pass_pending_editorial_activation_review
45222,"Storia della decadenza e rovina dell'impero romano, volume 08","Gibbon, Edward",historical_general_candidate,origins_through_1800,audit_then_deduplicate,https://www.gutenberg.org/ebooks/45222,https://www.gutenberg.org/ebooks/45222.txt.utf-8,hit,quality_pass,,787312,767658,120951,11468,0,0.251953,0.777587,0.013548,1,editor_note:1,,,bac2c3723e18b6f51e7a472fe4bbb686ccf2d3c4aad86b7410e2b808442e6edb,125,,,,,,,,,,,quality_pass_pending_editorial_activation_review
45223,"Storia della decadenza e rovina dell'impero romano, volume 09","Gibbon, Edward",historical_general_candidate,origins_through_1800,audit_then_deduplicate,https://www.gutenberg.org/ebooks/45223,https://www.gutenberg.org/ebooks/45223.txt.utf-8,hit,quality_pass,,685147,665493,105768,9892,0,0.250482,0.781681,0.01014,2,editor_note:2,,,f357fe07a3e4bea2f277a631c31d549698b976343f329a8bcc0c2b3cd853bd8a,109,,,,,,,,,,,quality_pass_pending_editorial_activation_review
45224,"Storia della decadenza e rovina dell'impero romano, volume 10","Gibbon, Edward",historical_general_candidate,origins_through_1800,audit_then_deduplicate,https://www.gutenberg.org/ebooks/45224,https://www.gutenberg.org/ebooks/45224.txt.utf-8,hit,quality_pass,,891016,871362,138751,12982,0,0.25269,0.773681,0.01359,2,editor_note:2,,,ee3d8d8962cc8fc49769acf9a30515ae1dfb318ca463ea2073e9c7b72190a95e,144,,,,,,,,,,,quality_pass_pending_editorial_activation_review
45225,"Storia della decadenza e rovina dell'impero romano, volume 11","Gibbon, Edward",historical_general_candidate,origins_through_1800,audit_then_deduplicate,https://www.gutenberg.org/ebooks/45225,https://www.gutenberg.org/ebooks/45225.txt.utf-8,hit,quality_pass,,835046,815392,126111,12242,0,0.249701,0.774068,0.013056,2,editor_note:2,,,05cde1df3963c3104c2e72bceb418beb88dc2c8573787259566001b3ec94b74a,112,,,,,,,,,,,quality_pass_pending_editorial_activation_review
45226,"Storia della decadenza e rovina dell'impero romano, volume 12","Gibbon, Edward",historical_general_candidate,origins_through_1800,audit_then_deduplicate,https://www.gutenberg.org/ebooks/45226,https://www.gutenberg.org/ebooks/45226.txt.utf-8,hit,quality_pass,,897266,877612,136944,13143,0,0.255112,0.784086,0.01111,1,editor_note:1,,,891a6fd128f64d4f50d28dadca6ab3508d170a2c0a70bd1c4dca69f34c4f12fd,140,,,,,,,,,,,quality_pass_pending_editorial_activation_review
45227,"Storia della decadenza e rovina dell'impero romano, volume 13","Gibbon, Edward",historical_general_candidate,origins_through_1800,audit_then_deduplicate,https://www.gutenberg.org/ebooks/45227,https://www.gutenberg.org/ebooks/45227.txt.utf-8,hit,quality_pass,,902861,883207,135588,13780,0,0.216583,0.730248,0.020729,1,editor_note:1,,,4c94d09db152155d18d0ccea29e73fbe38b3b5fa0c07c205defbfb0359bb4553,137,,,,,,,,,,,quality_pass_pending_editorial_activation_review
45296,Carlo Darwin,"Lessona, Michele",nineteenth_century_bridge_candidate,nineteenth_century_bridge,audit_then_deduplicate,https://www.gutenberg.org/ebooks/45296,https://www.gutenberg.org/ebooks/45296.txt.utf-8,hit,quality_pass,,398616,379132,60213,5894,0,0.256423,0.795011,0.002192,0,,,,ec1c801d652ce88d06eedf3764b9a062fd398959ea052de84d87d1d45a2746ac,60,,,,,,,,,,,quality_pass_pending_editorial_activation_review
45334,"I promessi sposi.: Opere di Alessando Manzoni, vol. 1","Manzoni, Alessandro",nineteenth_century_bridge_candidate,nineteenth_century_bridge,audit_then_deduplicate,https://www.gutenberg.org/ebooks/45334,https://www.gutenberg.org/ebooks/45334.txt.utf-8,hit,quality_pass,,1428907,1409408,239302,21979,0,0.27678,0.779086,0.000699,0,,,,c25e813e8dafea6f0058027e48a14a254fa8172d389b91f474f04bfc3a3ae93d,235,,,,,bibit:bibit000666|candidate_containment=0.922185|reference_containment=0.986853|exact=false,,candidate_covered,,,,exclude_cross_corpus_duplicate_candidate
45565,"La guerra dei pirati e la marina pontificia dal 1500 al 1560, vol. 1","Guglielmotti, Alberto P.",nineteenth_century_bridge_candidate,nineteenth_century_bridge,audit_then_deduplicate,https://www.gutenberg.org/ebooks/45565,https://www.gutenberg.org/ebooks/45565.txt.utf-8,hit,quality_pass,,845922,826188,126764,12988,0,0.229939,0.776265,0.013145,1,editor_note:1,,,4ffb263bd00e3130aa6056ff22cce7e828b82c00eef29c66b2d524323e757388,124,,,,,,,,,,,quality_pass_pending_editorial_activation_review
45566,"La guerra dei pirati e la marina pontificia dal 1500 al 1560, vol. 2","Guglielmotti, Alberto P.",nineteenth_century_bridge_candidate,nineteenth_century_bridge,audit_then_deduplicate,https://www.gutenberg.org/ebooks/45566,https://www.gutenberg.org/ebooks/45566.txt.utf-8,hit,quality_pass,,910609,890874,133304,14660,0,0.232356,0.7369,0.024225,3,alphabetical_index:2;editor_note:1,,,ff120685a0d22ee1d54e349397d7c61df59b9e303b319a1d52ad09301dfeaab9,143,,,,,,,,,,,quality_pass_pending_editorial_activation_review
45803,Racconti storici e morali,"Cantù, Cesare",nineteenth_century_bridge_candidate,nineteenth_century_bridge,audit_then_deduplicate,https://www.gutenberg.org/ebooks/45803,https://www.gutenberg.org/ebooks/45803.txt.utf-8,hit,quality_pass,,492487,472845,77224,7388,0,0.256526,0.786327,0.003652,1,editor_note:1,,,2e08f082d793001dc776f96740981f86f5906e395f3f850a5f9cd88326d4ccb3,87,,,,,,,,,,,quality_pass_pending_editorial_activation_review
45901,"Storia d'Italia dal 1789 al 1814, tomo I","Botta, Carlo",nineteenth_century_bridge_candidate,nineteenth_century_bridge,audit_then_deduplicate,https://www.gutenberg.org/ebooks/45901,https://www.gutenberg.org/ebooks/45901.txt.utf-8,hit,quality_pass,,629182,609575,95983,8976,0,0.259723,0.796772,0.001711,1,editor_note:1,,,3d9ae1ae56e6f107d52edf7457abd5024bf51577698011380ebd4f1779f1ffa2,83,,,,,,,,,,,quality_pass_pending_editorial_activation_review
45902,"Storia d'Italia dal 1789 al 1814, tomo II","Botta, Carlo",nineteenth_century_bridge_candidate,nineteenth_century_bridge,audit_then_deduplicate,https://www.gutenberg.org/ebooks/45902,https://www.gutenberg.org/ebooks/45902.txt.utf-8,hit,quality_pass,,509568,489957,76330,7185,0,0.265361,0.798148,0.001545,1,editor_note:1,,,b3d95b183c1bd084c3b021cea89dfd7890e52791823739018bea4e53dc0b0170,71,,,,,,,,,,,quality_pass_pending_editorial_activation_review
45903,"Storia d'Italia dal 1789 al 1814, tomo III","Botta, Carlo",nineteenth_century_bridge_candidate,nineteenth_century_bridge,audit_then_deduplicate,https://www.gutenberg.org/ebooks/45903,https://www.gutenberg.org/ebooks/45903.txt.utf-8,hit,quality_pass,,570445,550830,84863,8093,0,0.26128,0.794316,0.001756,1,editor_note:1,,,bd74328529f83664819c0074dd8f6d0d277287f465f1bcd7676a93442f1329ca,74,,,,,,,,,,,quality_pass_pending_editorial_activation_review
45904,"Storia d'Italia dal 1789 al 1814, tomo IV","Botta, Carlo",nineteenth_century_bridge_candidate,nineteenth_century_bridge,audit_then_deduplicate,https://www.gutenberg.org/ebooks/45904,https://www.gutenberg.org/ebooks/45904.txt.utf-8,hit,quality_pass,,658308,638697,99833,9347,0,0.264812,0.796977,0.001558,1,editor_note:1,,,8d56ddf572e9bc615885796fa5caee6967518ce24aa2e8984e97dff634bb0642,103,,,,,,,,,,,quality_pass_pending_editorial_activation_review
45905,"Storia d'Italia dal 1789 al 1814, tomo V","Botta, Carlo",nineteenth_century_bridge_candidate,nineteenth_century_bridge,audit_then_deduplicate,https://www.gutenberg.org/ebooks/45905,https://www.gutenberg.org/ebooks/45905.txt.utf-8,hit,quality_pass,,580893,561286,86353,8243,0,0.253147,0.791751,0.00204,1,editor_note:1,,,684cbe0556eab8f220a62ec440678fef742e38f3d2f4832b6c8555241cb29fce,81,,,,,,,,,,,quality_pass_pending_editorial_activation_review
45906,"Storia d'Italia dal 1789 al 1814, tomo VI","Botta, Carlo",nineteenth_century_bridge_candidate,nineteenth_century_bridge,audit_then_deduplicate,https://www.gutenberg.org/ebooks/45906,https://www.gutenberg.org/ebooks/45906.txt.utf-8,hit,quality_pass,,591956,572345,87505,8656,0,0.249666,0.7839,0.009786,1,editor_note:1,,,44d508d28ed8678cd66c726d90b5d72b1312b48a65baa30e9bdcd5acb1a3e3a6,81,,,,,,,,,,,quality_pass_pending_editorial_activation_review
46031,"Brani inediti dei Promessi Sposi, vol. 1: Opere di Alessando Manzoni vol. 2 parte 1","Manzoni, Alessandro",nineteenth_century_bridge_candidate,nineteenth_century_bridge,audit_then_deduplicate,https://www.gutenberg.org/ebooks/46031,https://www.gutenberg.org/ebooks/46031.txt.utf-8,hit,quality_pass,,652463,632844,104594,9690,0,0.274633,0.788706,0.005164,0,,,,17490c7d5300c13f36fb73bcc40d7133911ea3bb9d7d6132f69ef109a21086f1,111,,,,,,,,,,,quality_pass_pending_editorial_activation_review
46100,"Vita di Andrea Doria, Volume I","Guerrazzi, Francesco Domenico",nineteenth_century_bridge_candidate,nineteenth_century_bridge,audit_then_deduplicate,https://www.gutenberg.org/ebooks/46100,https://www.gutenberg.org/ebooks/46100.txt.utf-8,hit,quality_pass,,532433,512873,83408,7541,0,0.274962,0.803682,0.001176,1,editor_note:1,,,c9cd0840759d6dfdbd730a9cda66f57c6d5bd06d414f94b4bd0b091796fda50a,84,,,,,,,,,,,quality_pass_pending_editorial_activation_review
46101,"Vita di Andrea Doria, Volume II","Guerrazzi, Francesco Domenico",nineteenth_century_bridge_candidate,nineteenth_century_bridge,audit_then_deduplicate,https://www.gutenberg.org/ebooks/46101,https://www.gutenberg.org/ebooks/46101.txt.utf-8,hit,quality_pass,,531252,511658,83203,7505,0,0.276072,0.804389,0.000876,1,editor_note:1,,,3376dad92c52ad11aa3f7038f3a074b85bbab06b5509182b2403fb0fc62c56aa,79,,,,,,,,,,,quality_pass_pending_editorial_activation_review
46126,Osservazioni sullo stato attuale dell'Italia e sul suo avvenire,"Belgioioso, Cristina",nineteenth_century_bridge_candidate,nineteenth_century_bridge,audit_then_deduplicate,https://www.gutenberg.org/ebooks/46126,https://www.gutenberg.org/ebooks/46126.txt.utf-8,hit,quality_pass,,368344,348635,55797,5159,0,0.266824,0.812024,0.001139,1,editor_note:1,,,23c9177113fc7c69b02a11d809fa30df45c71d6c251deb98960476c4062da264,52,,,,,,,,,,,quality_pass_pending_editorial_activation_review
46295,"Capitale e mano d'opera: Le Commedie, vol. 1","Carrera, Valentino",nineteenth_century_bridge_candidate,nineteenth_century_bridge,audit_then_deduplicate,https://www.gutenberg.org/ebooks/46295,https://www.gutenberg.org/ebooks/46295.txt.utf-8,hit,quality_pass,,160321,140728,23552,2548,0,0.239555,0.74558,8.5e-05,1,editor_note:1,,review_language_variety_marker,4f6468704aef5ff38d7f54f7f2c7f8c3c0bec9561ee7ae5f0eefe81051f2ceb7,29,,,,,,,,,accept_standard_italian_context,The dialect marker occurs in prefatory theatre history rather than identifying the play's language.,quality_pass_pending_editorial_activation_review
46296,"Dedica - Scarabocchio: Le Commedie, vol. 1","Carrera, Valentino",nineteenth_century_bridge_candidate,nineteenth_century_bridge,audit_then_deduplicate,https://www.gutenberg.org/ebooks/46296,https://www.gutenberg.org/ebooks/46296.txt.utf-8,hit,quality_pass,,111858,92254,15408,1480,0,0.263629,0.772747,0.000293,1,editor_note:1,,,4b404690b4d62a1beadbc4d6c45f19e82405c1e7ab3ab8d80e9875ad8010f939,18,,,,,,,,,,,quality_pass_pending_editorial_activation_review
46297,"La quaderna di Nanni: Le Commedie, vol. 1","Carrera, Valentino",nineteenth_century_bridge_candidate,nineteenth_century_bridge,audit_then_deduplicate,https://www.gutenberg.org/ebooks/46297,https://www.gutenberg.org/ebooks/46297.txt.utf-8,hit,quality_pass,,115693,96093,16062,1828,0,0.236459,0.720542,0.000302,1,editor_note:1,,,c095afbcb86f573a4ccb940054bee5090f3cac0ebe95af845bcfc3bdeccdc0ca,13,,,,,,,,,,,quality_pass_pending_editorial_activation_review
46351,"Un avvocato dell'avvenire: Le Commedie, vol. 1","Carrera, Valentino",nineteenth_century_bridge_candidate,nineteenth_century_bridge,audit_then_deduplicate,https://www.gutenberg.org/ebooks/46351,https://www.gutenberg.org/ebooks/46351.txt.utf-8,hit,quality_pass,,119468,99865,16512,1702,0,0.261567,0.765233,0.00013,1,editor_note:1,,,7d44b281bb1edee957d48f56d9c3de5d2ce83cb623c3785adbc9b516c1956a5c,10,,,,,,,,,,,quality_pass_pending_editorial_activation_review
46352,"Gli ultimi giorni di Goldoni: Le Commedie, vol. 1","Carrera, Valentino",nineteenth_century_bridge_candidate,nineteenth_century_bridge,audit_then_deduplicate,https://www.gutenberg.org/ebooks/46352,https://www.gutenberg.org/ebooks/46352.txt.utf-8,hit,quality_pass,,124749,105131,17279,1917,0,0.249551,0.742978,0.000447,1,editor_note:1,,review_language_variety_marker,907bf25160ace0d25fa36f3268b834100dcb8c118d7efea38498e1d3f4560593,17,,,,,,,,,accept_standard_italian_context,The dialect marker describes an actress in prefatory prose rather than the work's language.,quality_pass_pending_editorial_activation_review
46355,"Annali d'Italia, vol. 3: dal principio dell'era volgare sino all'anno 1750","Muratori, Lodovico Antonio",historical_general_candidate,origins_through_1800,audit_then_deduplicate,https://www.gutenberg.org/ebooks/46355,https://www.gutenberg.org/ebooks/46355.txt.utf-8,hit,quality_pass,,2449610,2430081,381303,37371,0,0.226164,0.784863,0.01073,1,editor_note:1,,,6810df75e5ec1a89ce59177b835d40936a03ca4a3829eb040b9133657a3cefda,353,,,,,,,,,,,quality_pass_pending_editorial_activation_review
46463,"Brani inediti dei Promessi Sposi, vol. 2: Opere di Alessando Manzoni vol. 2 parte 2","Manzoni, Alessandro",nineteenth_century_bridge_candidate,nineteenth_century_bridge,audit_then_deduplicate,https://www.gutenberg.org/ebooks/46463,https://www.gutenberg.org/ebooks/46463.txt.utf-8,hit,quality_pass,,709793,690170,113718,10546,0,0.267073,0.784794,0.005531,0,,,,e234ce5ee12d99bc6792b96b1e20dc51a9934e065e16f9a5085d31b616579873,113,,,,,,,,,,,quality_pass_pending_editorial_activation_review
46494,"Memorie di Giuda, vol. I","Petruccelli della Gattina, Ferdinando",nineteenth_century_bridge_candidate,nineteenth_century_bridge,audit_then_deduplicate,https://www.gutenberg.org/ebooks/46494,https://www.gutenberg.org/ebooks/46494.txt.utf-8,hit,quality_pass,,479911,460328,77286,7416,0,0.250796,0.789804,0.00058,1,editor_note:1,,,4a0d573d34f2cda491bd3a53de60bd823d85d0ba6474c97845757ff71ac70c5f,79,,,,,,,,,,,quality_pass_pending_editorial_activation_review
46495,"Memorie di Giuda, vol. II","Petruccelli della Gattina, Ferdinando",nineteenth_century_bridge_candidate,nineteenth_century_bridge,audit_then_deduplicate,https://www.gutenberg.org/ebooks/46495,https://www.gutenberg.org/ebooks/46495.txt.utf-8,hit,quality_pass,,459042,439455,73847,7127,0,0.248974,0.785559,0.001413,1,editor_note:1,,,b7f431d9a49c364a2cfb3872b4a48a556e614e26a17d8c6cd763769947c284cb,77,,,,,,,,,,,quality_pass_pending_editorial_activation_review
46599,Le lettere di Michelangelo Buonarroti,Michelangelo Buonarroti,historical_general_candidate,origins_through_1800,audit_then_deduplicate,https://www.gutenberg.org/ebooks/46599,https://www.gutenberg.org/ebooks/46599.txt.utf-8,hit,quality_pass,,1147427,1127791,186873,18604,0,0.252915,0.746696,0.011213,2,editor_note:1;errata:1,,,6f8b583ae9e91679d9ca3e7e377c999489db1371088f4e72494ac60ce0d39961,178,,,,,,,,,,,quality_pass_pending_editorial_activation_review
46723,"La plebe, parte I","Bersezio, Vittorio",nineteenth_century_bridge_candidate,nineteenth_century_bridge,audit_then_deduplicate,https://www.gutenberg.org/ebooks/46723,https://www.gutenberg.org/ebooks/46723.txt.utf-8,hit,quality_pass,,909981,890409,150028,14179,0,0.261031,0.79671,0.0001,1,editor_note:1,,,f5299b6ab268f9c542d6c4f5e494eaad82fdfbdbe8a8e3ddde41a03290faf3af,148,,,,,,,,,,,quality_pass_pending_editorial_activation_review
46724,"La plebe, parte II","Bersezio, Vittorio",nineteenth_century_bridge_candidate,nineteenth_century_bridge,audit_then_deduplicate,https://www.gutenberg.org/ebooks/46724,https://www.gutenberg.org/ebooks/46724.txt.utf-8,hit,quality_pass,,941910,922334,154215,14933,0,0.261557,0.795844,9.8e-05,1,editor_note:1,,,1d258612d88e5ca4bca22e422dac7eee526726556d22faba4a239dd4aea6dd26,160,,,,,,,,,,,quality_pass_pending_editorial_activation_review
46725,"La plebe, parte III","Bersezio, Vittorio",nineteenth_century_bridge_candidate,nineteenth_century_bridge,audit_then_deduplicate,https://www.gutenberg.org/ebooks/46725,https://www.gutenberg.org/ebooks/46725.txt.utf-8,hit,quality_pass,,1102359,1082709,180240,17305,0,0.261612,0.79844,6.9e-05,1,editor_note:1,,,1bdf5baa66efa32cad3e1160183f1fa6c0827e631ed9bb38eb07d33a7c879b38,191,,,,,,,,,,,quality_pass_pending_editorial_activation_review
46726,"La plebe, parte IV","Bersezio, Vittorio",nineteenth_century_bridge_candidate,nineteenth_century_bridge,audit_then_deduplicate,https://www.gutenberg.org/ebooks/46726,https://www.gutenberg.org/ebooks/46726.txt.utf-8,hit,quality_pass,,1411220,1391644,231020,22153,0,0.264817,0.800386,2.7e-05,1,editor_note:1,,,2b0b9de6a78825463cfb29ab08f2576e6e5861be6a9ca9c5519593777b312d21,236,,,,,,,,,,,quality_pass_pending_editorial_activation_review
46736,Il Concilio,"Petruccelli della Gattina, Ferdinando",nineteenth_century_bridge_candidate,nineteenth_century_bridge,audit_then_deduplicate,https://www.gutenberg.org/ebooks/46736,https://www.gutenberg.org/ebooks/46736.txt.utf-8,hit,quality_pass,,198665,179138,28183,2896,0,0.256076,0.786556,0.004014,0,,,,d1a50e8ffbe19ab844e167c2c3f1d8fb6ee06263be4991add03f72f265f5d63b,32,,,,,,,,,,,quality_pass_pending_editorial_activation_review
46847,Il duca d'Atene,"Tommaseo, Niccolò",nineteenth_century_bridge_candidate,nineteenth_century_bridge,audit_then_deduplicate,https://www.gutenberg.org/ebooks/46847,https://www.gutenberg.org/ebooks/46847.txt.utf-8,hit,quality_pass,,380637,361118,61274,5607,0,0.273297,0.782495,0.000174,1,editor_note:1,,,fecffa7c3747cc3c393194865cc9e6efa2e6ba8fdd5d5e1bda2711de773dc036,57,,,,,,,,,,,quality_pass_pending_editorial_activation_review
46867,Novelle e ghiribizzi,"Fanfani, Pietro",nineteenth_century_bridge_candidate,nineteenth_century_bridge,audit_then_deduplicate,https://www.gutenberg.org/ebooks/46867,https://www.gutenberg.org/ebooks/46867.txt.utf-8,hit,quality_pass,,249206,229673,38334,3940,0,0.261048,0.766559,0.00189,0,,,,9e4fe3ebdd50e91b036693348b1581c978601606f8ae3021b5c50238d07305e9,35,,,,,,,,,,,quality_pass_pending_editorial_activation_review
46887,"Storia dei musulmani di Sicilia, vol. I","Amari, Michele",nineteenth_century_bridge_candidate,nineteenth_century_bridge,audit_then_deduplicate,https://www.gutenberg.org/ebooks/46887,https://www.gutenberg.org/ebooks/46887.txt.utf-8,hit,quality_pass,,1176860,1157216,183337,17497,0,0.245379,0.769139,0.014764,3,alphabetical_index:1;editor_note:1;errata:1,,,823fde794a4391e1c7f0b95489addc8f17aa33736caefc22e0be716b7302cec7,168,,,,,,,,,,,quality_pass_pending_editorial_activation_review
46888,"Storia dei musulmani di Sicilia, vol. II","Amari, Michele",nineteenth_century_bridge_candidate,nineteenth_century_bridge,audit_then_deduplicate,https://www.gutenberg.org/ebooks/46888,https://www.gutenberg.org/ebooks/46888.txt.utf-8,hit,quality_pass,,1146190,1126542,179555,17302,0,0.242745,0.753499,0.021738,3,editor_note:2;editor_preface:1,,,0a5fb5b9932eab2dc027a3bb79274b42463df9d1c658bbe32128bb5d5f802e41,174,,,,,,,,,,,quality_pass_pending_editorial_activation_review
46898,La novellaja fiorentina: Fiabe e novelline stenografate in Firenze dal dettato popolare,"Imbriani, Vittorio",nineteenth_century_bridge_candidate,nineteenth_century_bridge,audit_then_deduplicate,https://www.gutenberg.org/ebooks/46898,https://www.gutenberg.org/ebooks/46898.txt.utf-8,hit,quality_pass,,1259776,1240154,217842,19585,0,0.252642,0.747634,0.001325,0,,,review_language_variety_marker,c3ef8fc50377b66c82a574849b89ba11e2602527f67f7582e50264112b1e57e9,227,,,,,,,,,accept_standardized_tuscan_text,The editor explicitly says vernacular wording was rendered in an aulic form; retain the review evidence.,quality_pass_pending_editorial_activation_review
46900,Racconti e novelle,"Ghislanzoni, Antonio",nineteenth_century_bridge_candidate,nineteenth_century_bridge,audit_then_deduplicate,https://www.gutenberg.org/ebooks/46900,https://www.gutenberg.org/ebooks/46900.txt.utf-8,hit,quality_pass,,602301,582698,93408,9692,0,0.24864,0.788964,0.00028,0,,,,5ac69ebf8a3ca290bf80ffea6ee3db63ac27b516dfb977e660498b8d26dcc9d4,88,,,,,,,,,,,quality_pass_pending_editorial_activation_review
46957,"Niccolò de' Lapi; ovvero, i Palleschi e i Piagnoni","Azeglio, Massimo d'",nineteenth_century_bridge_candidate,nineteenth_century_bridge,audit_then_deduplicate,https://www.gutenberg.org/ebooks/46957,https://www.gutenberg.org/ebooks/46957.txt.utf-8,hit,quality_pass,,1271807,1252102,212761,19714,0,0.252213,0.783772,0.000855,0,,,,f5214c477e924c83fe4a17c454508e5b4aecf69d391b9eb9415a5ed79f2ff754,211,,,,,,,,,,,quality_pass_pending_editorial_activation_review
46996,"Storia d'Inghilterra, vol 1","Macaulay, Thomas Babington Macaulay, Baron",nineteenth_century_bridge_candidate,nineteenth_century_bridge,audit_then_deduplicate,https://www.gutenberg.org/ebooks/46996,https://www.gutenberg.org/ebooks/46996.txt.utf-8,hit,quality_pass,,1399884,1380336,217198,20772,0,0.255541,0.808818,0.004439,0,,,,4dcda628a978c5bd040da4e04637b92b2c9546631eb57617f24fecd9d2583d43,216,,,,,,,,,,,quality_pass_pending_editorial_activation_review
46997,"Storia d'Inghilterra, vol 2","Macaulay, Thomas Babington Macaulay, Baron",nineteenth_century_bridge_candidate,nineteenth_century_bridge,audit_then_deduplicate,https://www.gutenberg.org/ebooks/46997,https://www.gutenberg.org/ebooks/46997.txt.utf-8,hit,quality_pass,,1378399,1358850,208058,20486,0,0.25615,0.811016,0.006972,0,,,,7e73c9e924322671f4bb2c4d5d5c95ba44a001195894bd797fea4dce540edf6d,203,,,,,,,,,,,quality_pass_pending_editorial_activation_review
47058,Le notti degli emigrati a Londra,"Petruccelli della Gattina, Ferdinando",nineteenth_century_bridge_candidate,nineteenth_century_bridge,audit_then_deduplicate,https://www.gutenberg.org/ebooks/47058,https://www.gutenberg.org/ebooks/47058.txt.utf-8,hit,quality_pass,,575213,555633,87509,8943,0,0.261596,0.79931,0.002266,1,errata:1,,,1fa0d77b286f04c5bd4791959ad297054f19d1238e6320fd770b096485855723,90,,,,,,,,,,,quality_pass_pending_editorial_activation_review
47102,L'arte di far debiti,"Ghislanzoni, Antonio",nineteenth_century_bridge_candidate,nineteenth_century_bridge,audit_then_deduplicate,https://www.gutenberg.org/ebooks/47102,https://www.gutenberg.org/ebooks/47102.txt.utf-8,hit,quality_pass,,215431,195796,30074,3419,0,0.24576,0.766262,0.000424,0,,,,f2597d87e0634a2fbbabf7aed6a46b281eb6f742cea47486b3b609613595db0e,32,,,,,,,,,,,quality_pass_pending_editorial_activation_review
47114,La guerra del Vespro Siciliano vol. 2: Un periodo delle storie Siciliane del secolo XIII,"Amari, Michele",nineteenth_century_bridge_candidate,nineteenth_century_bridge,audit_then_deduplicate,https://www.gutenberg.org/ebooks/47114,https://www.gutenberg.org/ebooks/47114.txt.utf-8,hit,quality_pass,,832973,813327,125541,12622,0,0.22047,0.781768,0.013327,2,editor_note:1;errata:1,,,e80cd01d7cc716bda5fb61b34d77c9b7e4936fb3e517246c7042bbf6169ebff7,111,,,,,,,,,,,quality_pass_pending_editorial_activation_review
47138,Libro segreto,"Ghislanzoni, Antonio",nineteenth_century_bridge_candidate,nineteenth_century_bridge,audit_then_deduplicate,https://www.gutenberg.org/ebooks/47138,https://www.gutenberg.org/ebooks/47138.txt.utf-8,hit,quality_pass,,157635,138081,21382,2567,0,0.227902,0.758562,0.000123,0,,,,8e75792e2e6fb59c4e969973716176702a231c623fb9f4478b25826e4a09b497,23,,,,,,,,,,,quality_pass_pending_editorial_activation_review
47276,"Gli eretici d'Italia, vol. I","Cantù, Cesare",nineteenth_century_bridge_candidate,nineteenth_century_bridge,audit_then_deduplicate,https://www.gutenberg.org/ebooks/47276,https://www.gutenberg.org/ebooks/47276.txt.utf-8,hit,quality_pass,,1280847,1261185,199465,19301,0,0.243045,0.79731,0.005423,3,editor_note:1;errata:2,,,a6e2ff08bc3e443be3468e5f836bb13175aa0859d643c8038e688a2b562581bd,181,,,,,,,,,,,quality_pass_pending_editorial_activation_review
47277,"Gli eretici d'Italia, vol. II","Cantù, Cesare",nineteenth_century_bridge_candidate,nineteenth_century_bridge,audit_then_deduplicate,https://www.gutenberg.org/ebooks/47277,https://www.gutenberg.org/ebooks/47277.txt.utf-8,hit,quality_pass,,1587391,1567724,249596,24264,0,0.248986,0.788671,0.007077,1,editor_note:1,,,779633eb04736ef693916343c0380a4f1a2d69b62e38466aca898eafe2002988,226,,,,,,,,,,,quality_pass_pending_editorial_activation_review
47278,"Gli eretici d'Italia, vol. III","Cantù, Cesare",nineteenth_century_bridge_candidate,nineteenth_century_bridge,audit_then_deduplicate,https://www.gutenberg.org/ebooks/47278,https://www.gutenberg.org/ebooks/47278.txt.utf-8,hit,quality_pass,,2456427,2436755,380116,37852,0,0.243649,0.794293,0.007672,7,alphabetical_index:2;editor_note:1;errata:4,,,37eb0e10f19ea9d6ecf64081cb01e21da549bb315a323601daf2c469204afdd8,356,,,,,,,,,,,quality_pass_pending_editorial_activation_review
47461,Dalle Novelle di Canterbury,"Chaucer, Geoffrey",historical_general_candidate,origins_through_1800,audit_then_deduplicate,https://www.gutenberg.org/ebooks/47461,https://www.gutenberg.org/ebooks/47461.txt.utf-8,hit,quality_pass,,406608,387063,66021,6046,0,0.274428,0.785588,0.002847,2,errata:2,,,cae059a17ed411f5c1597a7e44c59ba1806119531b968a9de064750eaa739657,63,,,,,,,,,,,quality_pass_pending_editorial_activation_review
47480,"Della storia d'Italia dalle origini fino ai nostri giorni, sommario. v. 2","Balbo, Cesare, conte",nineteenth_century_bridge_candidate,nineteenth_century_bridge,audit_then_deduplicate,https://www.gutenberg.org/ebooks/47480,https://www.gutenberg.org/ebooks/47480.txt.utf-8,hit,review_quality,,667107,647275,96835,11289,0,0.234657,0.738712,0.035972,0,,high_digit_character_ratio,,1c42bca2389ca174309a901a8f0ad2d812c85bb3ac8e8c30dcef904f2e5a38e7,95,,,,,,,,,accept_dense_historical_dates,"The elevated digit ratio comes from legitimate chronology and dates, not OCR corruption.",quality_pass_pending_editorial_activation_review
47565,"Il Comento alla Divina Commedia, e gli altri scritti intorno a Dante, vol. 2","Boccaccio, Giovanni",historical_general_candidate,origins_through_1800,audit_then_deduplicate,https://www.gutenberg.org/ebooks/47565,https://www.gutenberg.org/ebooks/47565.txt.utf-8,hit,quality_pass,,628406,608563,98964,9329,0,0.253779,0.792593,0.002095,0,,,,23418f2067e6502a300b1c3f25ebaa69c7fcfe8f455e64efe4670e2ceae2fb7a,83,,,,,,,,,,,quality_pass_pending_editorial_activation_review
47566,"Il Comento alla Divina Commedia, e gli altri scritti intorno a Dante, vol. 3","Boccaccio, Giovanni",historical_general_candidate,origins_through_1800,audit_then_deduplicate,https://www.gutenberg.org/ebooks/47566,https://www.gutenberg.org/ebooks/47566.txt.utf-8,hit,quality_pass,,628810,608967,98993,10134,0,0.243361,0.755476,0.011291,0,,,,9a7a427caffedbfda52aad1e1d0f6f78411e141213a50d50edb7ffe393879c33,88,,,,,,,,,,,quality_pass_pending_editorial_activation_review
47664,"Viaggi di Ali Bey el-Abbassi in Africa ed in Asia, v. 1",Ali Bey,nineteenth_century_bridge_candidate,nineteenth_century_bridge,audit_then_deduplicate,https://www.gutenberg.org/ebooks/47664,https://www.gutenberg.org/ebooks/47664.txt.utf-8,hit,quality_pass,,301345,281683,46383,4438,0,0.253778,0.79576,0.002063,4,editor_note:4,,,9c9bdeadc5975c99a6f23af78f9e8c24d3f7cd44934891db06a77964afcb784b,51,,,,,,,,,,,quality_pass_pending_editorial_activation_review
47665,"Viaggi di Ali Bey el-Abbassi in Africa ed in Asia, v. 2",Ali Bey,nineteenth_century_bridge_candidate,nineteenth_century_bridge,audit_then_deduplicate,https://www.gutenberg.org/ebooks/47665,https://www.gutenberg.org/ebooks/47665.txt.utf-8,hit,quality_pass,,314283,294621,47900,4725,0,0.252735,0.792859,0.002474,1,editor_note:1,,,562ba4588a18fa959433a453f039a51f744e7bdb4f841dce606dc9abdccbbf84,51,,,,,,,,,,,quality_pass_pending_editorial_activation_review
47666,"Viaggi di Ali Bey el-Abbassi in Africa ed in Asia, v. 3",Ali Bey,nineteenth_century_bridge_candidate,nineteenth_century_bridge,audit_then_deduplicate,https://www.gutenberg.org/ebooks/47666,https://www.gutenberg.org/ebooks/47666.txt.utf-8,hit,quality_pass,,335573,315911,51709,4949,0,0.255139,0.796389,0.002247,2,editor_note:2,,,ffc8f3d5dbf553e3eb023c1e1a90b44ce1650a0561d7cd521b221174d047c144,51,,,,,,,,,,,quality_pass_pending_editorial_activation_review
47667,"Viaggi di Ali Bey el-Abbassi in Africa ed in Asia, v. 4",Ali Bey,nineteenth_century_bridge_candidate,nineteenth_century_bridge,audit_then_deduplicate,https://www.gutenberg.org/ebooks/47667,https://www.gutenberg.org/ebooks/47667.txt.utf-8,hit,quality_pass,,246238,226576,36992,3555,0,0.261489,0.796135,0.00147,1,editor_note:1,,,faacda3112922e80076c60bb754cd8730b688d51cbae2c896faa5650ba8be6f4,30,,,,,,,,,,,quality_pass_pending_editorial_activation_review
47888,I Bianchi e i Neri: Dramma,"Guerrazzi, Francesco Domenico",historical_non_sonnet_poetry_candidate,nineteenth_century_bridge,audit_then_deduplicate,https://www.gutenberg.org/ebooks/47888,https://www.gutenberg.org/ebooks/47888.txt.utf-8,hit,quality_pass,,150119,130474,17269,2465,0,0.237535,0.58171,0.001847,1,editor_note:1,,,649badbe2fd85999130a4a3d06340d0157b3b9fad7464ae8c04a63202bfd6712,20,,,,,,,,,,,quality_pass_pending_editorial_activation_review
47889,"Pensieri, Discorsi, Illustrazioni","Guerrazzi, Francesco Domenico",nineteenth_century_bridge_candidate,nineteenth_century_bridge,audit_then_deduplicate,https://www.gutenberg.org/ebooks/47889,https://www.gutenberg.org/ebooks/47889.txt.utf-8,hit,quality_pass,,278482,258889,41679,3947,0,0.261571,0.786302,0.003909,1,editor_note:1,,,2d138b4312326028b320fedd26e26681547c066a8aefa9e9c80f8d8788e928cf,37,,,,,,,,,,,quality_pass_pending_editorial_activation_review
47891,Veronica Cybo,"Guerrazzi, Francesco Domenico",nineteenth_century_bridge_candidate,nineteenth_century_bridge,audit_then_deduplicate,https://www.gutenberg.org/ebooks/47891,https://www.gutenberg.org/ebooks/47891.txt.utf-8,hit,quality_pass,,151976,132390,21615,2130,0,0.259773,0.782484,0.001752,1,editor_note:1,,,2b92cab56dc6fb5d4758d670e28456d5f67fec3644af2d72af6863ff2819241a,23,,,,,,,,,,,quality_pass_pending_editorial_activation_review
47978,La vendetta paterna,"Guerrazzi, Francesco Domenico",nineteenth_century_bridge_candidate,nineteenth_century_bridge,audit_then_deduplicate,https://www.gutenberg.org/ebooks/47978,https://www.gutenberg.org/ebooks/47978.txt.utf-8,hit,quality_pass,,293712,274269,44693,4302,0,0.263554,0.764042,0.002158,1,editor_note:1,,,c6932380118a4e82084dde8b0b5d2e22ac6a9fa54925b5456110a8e5ba3ec050,43,,,,,,,,,,,quality_pass_pending_editorial_activation_review
48070,Linguaggio e proverbi marinareschi,"Celesia, Emanuele",nineteenth_century_bridge_candidate,nineteenth_century_bridge,audit_then_deduplicate,https://www.gutenberg.org/ebooks/48070,https://www.gutenberg.org/ebooks/48070.txt.utf-8,hit,quality_pass,,191815,172265,23690,3367,0,0.250063,0.631765,0.002862,1,editor_note:1,,,8d73c6b03a86c53a843cf3c226cda7e82536198d77f8d796801e40f47605fc35,23,,,,,,,,,,,quality_pass_pending_editorial_activation_review
48114,Apologia della vita politica di F.-D. Guerrazzi,"Guerrazzi, Francesco Domenico",nineteenth_century_bridge_candidate,nineteenth_century_bridge,audit_then_deduplicate,https://www.gutenberg.org/ebooks/48114,https://www.gutenberg.org/ebooks/48114.txt.utf-8,hit,quality_pass,,2032766,2013210,311864,31146,0,0.262887,0.791952,0.007113,3,editor_note:1;errata:2,,,4a9220f8ab03947ee8e2e5c4c110357fe28551b3e4fb34e696202a61eddfba1e,320,,,,,,,,,,,quality_pass_pending_editorial_activation_review
48188,"Annali d'Italia, vol. 4: dal principio dell'era volgare sino all'anno 1750","Muratori, Lodovico Antonio",historical_general_candidate,origins_through_1800,audit_then_deduplicate,https://www.gutenberg.org/ebooks/48188,https://www.gutenberg.org/ebooks/48188.txt.utf-8,hit,quality_pass,,2475052,2455522,388066,37548,0,0.234901,0.782209,0.013373,1,editor_note:1,,,6b40011f6b2f5407fbb2c4b449edb21e28263f111f7e079d65366fb88dba9f61,387,,,,,,,,,,,quality_pass_pending_editorial_activation_review
48267,Vita di Francesco Burlamacchi,"Guerrazzi, Francesco Domenico",nineteenth_century_bridge_candidate,nineteenth_century_bridge,audit_then_deduplicate,https://www.gutenberg.org/ebooks/48267,https://www.gutenberg.org/ebooks/48267.txt.utf-8,hit,quality_pass,,661916,642305,104367,9621,0,0.270909,0.801994,0.001213,1,editor_note:1,,,e0d9dbd76745559fbe1085177f0e66fcce481f5046b0b46a4e221d757efb9347,88,,,,,,,,,,,quality_pass_pending_editorial_activation_review
48332,"Fra Tommaso Campanella, Vol. 2: la sua congiura, i suoi processi e la sua pazzia","Amabile, Luigi",nineteenth_century_bridge_candidate,nineteenth_century_bridge,audit_then_deduplicate,https://www.gutenberg.org/ebooks/48332,https://www.gutenberg.org/ebooks/48332.txt.utf-8,hit,quality_pass,,1385508,1365792,220256,20408,0,0.260533,0.793721,0.009172,5,editor_note:1;errata:4,,,ae356c593f2698ce5b74c06a2cdf1e144e5da1ea0d2542323589033976e494c3,192,,,,,,,,,,,quality_pass_pending_editorial_activation_review
48333,Un viaggio elettorale,"De Sanctis, Francesco",nineteenth_century_bridge_candidate,nineteenth_century_bridge,audit_then_deduplicate,https://www.gutenberg.org/ebooks/48333,https://www.gutenberg.org/ebooks/48333.txt.utf-8,hit,quality_pass,,269412,249749,41550,4036,0,0.262022,0.773797,0.003656,1,editor_note:1,,,c80741f98ff986a10301333ecab50ae55e62fbdb68177cc808bda2086c789ce1,39,,,,,,,,,,,quality_pass_pending_editorial_activation_review
48335,Viaggio pel lago di Como,"Giovio, Giambatista, conte",nineteenth_century_bridge_candidate,nineteenth_century_bridge,audit_then_deduplicate,https://www.gutenberg.org/ebooks/48335,https://www.gutenberg.org/ebooks/48335.txt.utf-8,hit,quality_pass,,148170,128527,21087,1984,0,0.239674,0.793008,0.006077,1,editor_note:1,,,19609b6a385ffc2f91abfffb9725a18f07c2dffb8f65743b8fa11c646e42c8db,21,,,,,,,,,,,quality_pass_pending_editorial_activation_review
48352,Discorso sopra la calamita,"Castelli, Benedetto",historical_general_candidate,origins_through_1800,audit_then_deduplicate,https://www.gutenberg.org/ebooks/48352,https://www.gutenberg.org/ebooks/48352.txt.utf-8,hit,quality_pass,,81830,62237,9428,975,0,0.265592,0.770297,0.008596,1,editor_note:1,,,499138be0811e12733b0f49cb4cc342a7032852fe28db6e1a09d0b520f95e320,9,,,,,,,,,,,quality_pass_pending_editorial_activation_review
48445,L'assedio di Firenze,"Guerrazzi, Francesco Domenico",nineteenth_century_bridge_candidate,nineteenth_century_bridge,audit_then_deduplicate,https://www.gutenberg.org/ebooks/48445,https://www.gutenberg.org/ebooks/48445.txt.utf-8,hit,quality_pass,,1979527,1960025,317387,30975,0,0.255782,0.787282,0.001687,1,editor_note:1,,,4e65f550d9ff31af25027c42a23864e3a00d1974a0d8948c2b0b7930d79eff04,321,,,,,,,,,,,quality_pass_pending_editorial_activation_review
48490,"Pasquale Paoli; ossia, la rotta di Ponte Nuovo","Guerrazzi, Francesco Domenico",nineteenth_century_bridge_candidate,nineteenth_century_bridge,audit_then_deduplicate,https://www.gutenberg.org/ebooks/48490,https://www.gutenberg.org/ebooks/48490.txt.utf-8,hit,quality_pass,,1244644,1224897,203889,19402,0,0.26818,0.795431,0.000645,1,editor_note:1,,,716e9d44f8857478a4d5289911e73f1a48e18a02914e6f940fbec92a74161cd3,201,,,,,,,,,,,quality_pass_pending_editorial_activation_review
48512,Della scienza militare,"Blanch, Luigi",nineteenth_century_bridge_candidate,nineteenth_century_bridge,audit_then_deduplicate,https://www.gutenberg.org/ebooks/48512,https://www.gutenberg.org/ebooks/48512.txt.utf-8,hit,quality_pass,,627156,607557,95871,9574,0,0.263959,0.809975,0.00664,1,editor_note:1,,,e98507cf25a6eb8ce3fd383aadba7769fb114ad0e32f027d42b7165524e09172,97,,,,,,,,,,,quality_pass_pending_editorial_activation_review
48530,Giardino di Ricreatione,"Florio, John",historical_general_candidate,origins_through_1800,audit_then_deduplicate,https://www.gutenberg.org/ebooks/48530,https://www.gutenberg.org/ebooks/48530.txt.utf-8,hit,quality_pass,,290259,270777,48330,6606,0,0.239851,0.74578,0.00031,1,editor_note:1,,,bbfdcf67bd170f5ad1cec3f6cd74017c23e55d19edced89a856314d877a9a5d6,53,,,,,,,,,,,quality_pass_pending_editorial_activation_review
48576,Racconti politici,"Ghislanzoni, Antonio",nineteenth_century_bridge_candidate,nineteenth_century_bridge,audit_then_deduplicate,https://www.gutenberg.org/ebooks/48576,https://www.gutenberg.org/ebooks/48576.txt.utf-8,hit,quality_pass,,621442,601828,96045,9822,0,0.251861,0.785507,0.000616,1,editor_note:1,,,d1dbca1e47ad18ccdfc0a151e88bdee9401afbe84a13e83ad7db2dd071f1f3a4,102,,,,,,,,,,,quality_pass_pending_editorial_activation_review
48624,"Della guerra nazionale d'insurrezione per bande, applicata all'Italia: Trattato dedicato ai buoni Italiani da un amico del Paese","Bianco, Carlo",nineteenth_century_bridge_candidate,nineteenth_century_bridge,audit_then_deduplicate,https://www.gutenberg.org/ebooks/48624,https://www.gutenberg.org/ebooks/48624.txt.utf-8,hit,quality_pass,,891491,871688,136444,12973,0,0.254243,0.808289,0.000613,1,editor_note:1,,,237e248b865bf4b8df194fbf7b78f6621f6d8e7cfffe0b0553e1c80f56add2b7,133,,,,,,,,,,,quality_pass_pending_editorial_activation_review
49062,"Passeggiate per l'Italia, vol. 5","Gregorovius, Ferdinand",nineteenth_century_bridge_candidate,nineteenth_century_bridge,audit_then_deduplicate,https://www.gutenberg.org/ebooks/49062,https://www.gutenberg.org/ebooks/49062.txt.utf-8,hit,quality_pass,,308588,288980,47958,4457,0,0.257413,0.801453,0.001474,1,editor_note:1,,,e89ebeda6b30bbf17f28e7c2f842351f165c9f9308b8a2d4d7256adb392d63b6,43,,,,,,,,,,,quality_pass_pending_editorial_activation_review
49066,In Egitto: La caccia della jena,"Lessona, Michele",nineteenth_century_bridge_candidate,nineteenth_century_bridge,audit_then_deduplicate,https://www.gutenberg.org/ebooks/49066,https://www.gutenberg.org/ebooks/49066.txt.utf-8,hit,quality_pass,,71167,51508,8704,863,0,0.251379,0.782344,0.000194,1,editor_note:1,,,3b134b82ee343d557129c4af9357b2486a7ca24aa919d2c04135c1cf9a81f616,3,,,,,,,,,,,quality_pass_pending_editorial_activation_review
49079,Storia degli Esseni: Lezioni,"Benamozegh, Elia",nineteenth_century_bridge_candidate,nineteenth_century_bridge,audit_then_deduplicate,https://www.gutenberg.org/ebooks/49079,https://www.gutenberg.org/ebooks/49079.txt.utf-8,hit,quality_pass,,1006726,987136,161529,14641,0,0.247404,0.802608,0.001091,0,,,,0e6f803a88595559074b4b7573b759a8118a21edb48307e73fd831089d9a1d87,145,,,,,,,,,,,quality_pass_pending_editorial_activation_review
49219,"Ginevra, o, L'Orfana della Nunziata","Ranieri, Antonio",nineteenth_century_bridge_candidate,nineteenth_century_bridge,audit_then_deduplicate,https://www.gutenberg.org/ebooks/49219,https://www.gutenberg.org/ebooks/49219.txt.utf-8,hit,quality_pass,,588313,568716,97921,8795,0,0.261742,0.785457,0.000665,2,editor_note:1;errata:1,,,5cc0826c0a9afb3e349febe1787ceb5e6c4511e9de89ff6a92a489ed5af928e6,84,,,,,,,,,,,quality_pass_pending_editorial_activation_review
49337,"Storia degli Italiani, vol. 01 (di 15)","Cantù, Cesare",nineteenth_century_bridge_candidate,nineteenth_century_bridge,audit_then_deduplicate,https://www.gutenberg.org/ebooks/49337,https://www.gutenberg.org/ebooks/49337.txt.utf-8,hit,quality_pass,,917727,898143,140187,14351,0,0.230763,0.794627,0.005971,0,,,,047a26d44966ae1595f5bb20e41b7ea76508a72ea683a085ba768da3c5660cbf,147,,,,,,,,,,,quality_pass_pending_editorial_activation_review
49346,"Nerone: commedia in cinque atti ed in versi, con prologo e note storiche","Cossa, Pietro",historical_non_sonnet_poetry_candidate,nineteenth_century_bridge,audit_then_deduplicate,https://www.gutenberg.org/ebooks/49346,https://www.gutenberg.org/ebooks/49346.txt.utf-8,hit,quality_pass,,145512,125791,18491,3851,0,0.215186,0.676805,0.000986,0,,,,ed5abfaf929fbf66d893ed75a2282af1d2c735deb9dbd525ad41a92e09b664ce,18,,,,,,,,,,,quality_pass_pending_editorial_activation_review
49394,Ricordi intorno alle Cinque Giornate di Milano (18-22 marzo 1848): Seconda edizione con aggiunte,"Torelli, Luigi",nineteenth_century_bridge_candidate,nineteenth_century_bridge,audit_then_deduplicate,https://www.gutenberg.org/ebooks/49394,https://www.gutenberg.org/ebooks/49394.txt.utf-8,hit,quality_pass,,571553,551820,90663,8387,0,0.258639,0.799319,0.003019,1,editor_note:1,,,3a3734d3957b20fa671abfcfad50804ce5c4807110c2c8b16c542de94282225d,81,,,,,,,,,,,quality_pass_pending_editorial_activation_review
49429,Mezzo secolo di patriotismo: Saggi storici,"Bonfadini, Romualdo",nineteenth_century_bridge_candidate,nineteenth_century_bridge,audit_then_deduplicate,https://www.gutenberg.org/ebooks/49429,https://www.gutenberg.org/ebooks/49429.txt.utf-8,hit,quality_pass,,510985,491280,76863,7580,0,0.258226,0.806915,0.003157,1,editor_note:1,,,d474762b61f25aa15f2dee2f29842db1059f5c966701e69afcdc2be7be4b9aa1,86,,,,,,,,,,,quality_pass_pending_editorial_activation_review
49463,Racconti per giovinetti,"Thouar, Pietro",nineteenth_century_bridge_candidate,nineteenth_century_bridge,audit_then_deduplicate,https://www.gutenberg.org/ebooks/49463,https://www.gutenberg.org/ebooks/49463.txt.utf-8,hit,quality_pass,,565318,545711,89703,8316,0,0.271674,0.771293,0.00193,1,editor_note:1,,,0e5d5cf263e0ead95750f02d577e372bd80ee91aea1eaa36cd0b0918cce4fc1b,95,,,,,,,,,,,quality_pass_pending_editorial_activation_review
49510,Racconti,"Percoto, Caterina",nineteenth_century_bridge_candidate,nineteenth_century_bridge,audit_then_deduplicate,https://www.gutenberg.org/ebooks/49510,https://www.gutenberg.org/ebooks/49510.txt.utf-8,hit,quality_pass,,982580,963071,162910,14548,0,0.261826,0.799371,0.000167,1,editor_note:1,,,457e8ab6ad277b8dfbf41b451235109f017055df1bd75143a43ea5ca43a26cac,150,,,,,,,,,,,quality_pass_pending_editorial_activation_review
49599,Scritti editi e postumi,"Bini, Carlo",nineteenth_century_bridge_candidate,nineteenth_century_bridge,audit_then_deduplicate,https://www.gutenberg.org/ebooks/49599,https://www.gutenberg.org/ebooks/49599.txt.utf-8,hit,quality_pass,,604903,585326,97383,9346,0,0.269575,0.760861,0.001825,1,editor_note:1,,,03a26c2f78c2ec65049235f560ce9d81cd434bd7acd9b39bb35660553ab7aca3,106,,,,,,,,,,,quality_pass_pending_editorial_activation_review
49670,Tre racconti: Il cane del cieco - Un genio sconosciuto - Galatea,"Bersezio, Vittorio",nineteenth_century_bridge_candidate,nineteenth_century_bridge,audit_then_deduplicate,https://www.gutenberg.org/ebooks/49670,https://www.gutenberg.org/ebooks/49670.txt.utf-8,hit,quality_pass,,401000,381285,64419,6214,0,0.264658,0.79087,4.7e-05,1,editor_note:1,,,b4da5f291a25531384d93ad9e3ce3d25f2078084ce52780e4154d283e7d41a0c,65,,,,,,,,,,,quality_pass_pending_editorial_activation_review
50306,Rinaldo ardito: Frammenti inediti pubblicati sul manoscritto originale,"Ariosto, Lodovico",historical_non_sonnet_poetry_candidate,origins_through_1800,audit_then_deduplicate,https://www.gutenberg.org/ebooks/50306,https://www.gutenberg.org/ebooks/50306.txt.utf-8,hit,quality_pass,,175314,155410,24349,3485,0,0.251263,0.692182,0.014851,1,editor_note:1,,,15a2a108a056b47745baa961c8cf50b481dc1747320c0182e70b3c28458323e3,26,,,,,,,,,,,quality_pass_pending_editorial_activation_review
50641,"Istoria civile del Regno di Napoli, v. 1","Giannone, Pietro",historical_general_candidate,origins_through_1800,audit_then_deduplicate,https://www.gutenberg.org/ebooks/50641,https://www.gutenberg.org/ebooks/50641.txt.utf-8,hit,quality_pass,,814066,794449,124584,12432,0,0.227333,0.775404,0.011302,1,editor_note:1,,,06aa02483c0400280e8c4e5f2bbe7aa50626a4e4e3cd51d34cd02fd199333573,112,,,,,,,,,,,quality_pass_pending_editorial_activation_review
50642,"Istoria civile del Regno di Napoli, v. 2","Giannone, Pietro",historical_general_candidate,origins_through_1800,audit_then_deduplicate,https://www.gutenberg.org/ebooks/50642,https://www.gutenberg.org/ebooks/50642.txt.utf-8,hit,quality_pass,,775727,756110,120692,11667,0,0.238177,0.788026,0.00807,1,editor_note:1,,,e7c4fbadc4fed89079f8cebc8fc8f0888a5bc3047a3e7b375e8ceb8b8d6093a3,119,,,,,,,,,,,quality_pass_pending_editorial_activation_review
50643,"Istoria civile del Regno di Napoli, v. 3","Giannone, Pietro",historical_general_candidate,origins_through_1800,audit_then_deduplicate,https://www.gutenberg.org/ebooks/50643,https://www.gutenberg.org/ebooks/50643.txt.utf-8,hit,quality_pass,,888254,868637,138930,13371,0,0.243842,0.790661,0.008441,1,editor_note:1,,,3c898185b568b13ca977621ac60177212930c18b5e3b0717432f21058bd86275,139,,,,,,,,,,,quality_pass_pending_editorial_activation_review
50644,"Istoria civile del Regno di Napoli, v. 4","Giannone, Pietro",historical_general_candidate,origins_through_1800,audit_then_deduplicate,https://www.gutenberg.org/ebooks/50644,https://www.gutenberg.org/ebooks/50644.txt.utf-8,hit,quality_pass,,814320,794703,127774,12151,0,0.25052,0.79313,0.006041,1,editor_note:1,,,97360587789c638f6a0b1d7a2f35989353fedb710686b2f06aea8ac9050f782c,109,,,,,,,,,,,quality_pass_pending_editorial_activation_review
50645,"Istoria civile del Regno di Napoli, v. 5","Giannone, Pietro",historical_general_candidate,origins_through_1800,audit_then_deduplicate,https://www.gutenberg.org/ebooks/50645,https://www.gutenberg.org/ebooks/50645.txt.utf-8,hit,quality_pass,,832935,813318,130140,12589,0,0.244291,0.788072,0.008285,1,editor_note:1,,,61a8e4c7bc719472560e4ca148295a61ac420ed3f9ed2eb57ba9455753edc9b7,118,,,,,,,,,,,quality_pass_pending_editorial_activation_review
50646,"Istoria civile del Regno di Napoli, v. 6","Giannone, Pietro",historical_general_candidate,origins_through_1800,audit_then_deduplicate,https://www.gutenberg.org/ebooks/50646,https://www.gutenberg.org/ebooks/50646.txt.utf-8,hit,quality_pass,,781035,761418,125009,11648,0,0.264669,0.7869,0.008128,1,editor_note:1,,,deac21e23510da075b278a3bb19ce3b8af3b355dc8258b41295ded59a656c914,115,,,,,,,,,,,quality_pass_pending_editorial_activation_review
50647,"Istoria civile del Regno di Napoli, v. 7","Giannone, Pietro",historical_general_candidate,origins_through_1800,audit_then_deduplicate,https://www.gutenberg.org/ebooks/50647,https://www.gutenberg.org/ebooks/50647.txt.utf-8,hit,quality_pass,,653831,634214,102998,9764,0,0.263461,0.789904,0.007832,1,editor_note:1,,,574a4c1a1c5acfba91e7c9e5a6ec211917cc86980290758b9aa341110ec99a16,104,,,,,,,,,,,quality_pass_pending_editorial_activation_review
50648,"Istoria civile del Regno di Napoli, v. 8","Giannone, Pietro",historical_general_candidate,origins_through_1800,audit_then_deduplicate,https://www.gutenberg.org/ebooks/50648,https://www.gutenberg.org/ebooks/50648.txt.utf-8,hit,quality_pass,,847540,827923,133056,12660,0,0.261867,0.79082,0.007369,1,editor_note:1,,,3f5d40e04f5a6e5a9abf7acc05cb2357bd21ed394598dd2eb24facdd46de65ba,140,,,,,,,,,,,quality_pass_pending_editorial_activation_review
50649,"Istoria civile del Regno di Napoli, v. 9","Giannone, Pietro",historical_general_candidate,origins_through_1800,audit_then_deduplicate,https://www.gutenberg.org/ebooks/50649,https://www.gutenberg.org/ebooks/50649.txt.utf-8,hit,quality_pass,,664146,644529,104362,9762,0,0.267971,0.798018,0.004037,1,editor_note:1,,,8affddadfd51b4b6936e8a4f5a060cae9aa64b979103d019349fda249170292a,116,,,,,,,,,,,quality_pass_pending_editorial_activation_review
52281,La casa e la famiglia di Masaniello: Ricordi della storia e della vita Napolitana nel Secolo XVII,"Capasso, Bartolommeo",nineteenth_century_bridge_candidate,nineteenth_century_bridge,audit_then_deduplicate,https://www.gutenberg.org/ebooks/52281,https://www.gutenberg.org/ebooks/52281.txt.utf-8,hit,quality_pass,,377151,357648,57001,5546,0,0.251399,0.769089,0.016153,1,editor_note:1,,,976713a868170fd879472bc0e363436a4430ea64a6feaf1feb97c4437eed5f70,72,,,,,,,,,,,quality_pass_pending_editorial_activation_review
52377,"Annali d'Italia, vol. 5: dal principio dell'era volgare sino all'anno 1750","Muratori, Lodovico Antonio",historical_general_candidate,origins_through_1800,audit_then_deduplicate,https://www.gutenberg.org/ebooks/52377,https://www.gutenberg.org/ebooks/52377.txt.utf-8,hit,quality_pass,,2505601,2486074,400962,38105,0,0.249315,0.779093,0.013278,1,editor_note:1,,,62d3d02f2aa917ebf3ec7c0d31b8d6ee5a8f6ae4a5d395656fb3d18e1b965704,395,,,,,,,,,,,quality_pass_pending_editorial_activation_review
52484,Le avventure di Pinocchio: Storia di un burattino,"Collodi, Carlo",nineteenth_century_bridge_candidate,nineteenth_century_bridge,audit_then_deduplicate,https://www.gutenberg.org/ebooks/52484,https://www.gutenberg.org/ebooks/52484.txt.utf-8,hit,quality_pass,,275183,255533,42436,4635,0,0.282873,0.761925,0.000395,1,editor_note:1,,,7cd923fbe209b92bb235f0fbf6855faf8d6feb412c9614dfae56980d8fad56c5,43,,,,,bibit:bibit000139|candidate_containment=0.874350|reference_containment=0.895087|exact=false,,candidate_covered,,,,exclude_cross_corpus_duplicate_candidate
53485,Garibaldi e Montevideo,"Dumas, Alexandre",nineteenth_century_bridge_candidate,nineteenth_century_bridge,audit_then_deduplicate,https://www.gutenberg.org/ebooks/53485,https://www.gutenberg.org/ebooks/53485.txt.utf-8,hit,quality_pass,,168945,149276,24149,2375,0,0.25206,0.792244,0.004227,1,editor_note:1,,,af8218faacacd097113cf3c581659a97f83ec45e175873d1871f6cc54b392f17,30,,,,,,,,,,,quality_pass_pending_editorial_activation_review
53768,"Progetto filosofico di una completa riforma del culto e dell'educazione politico-morale del popolo ebreo, Tomo I","Fernando, Aron",nineteenth_century_bridge_candidate,nineteenth_century_bridge,audit_then_deduplicate,https://www.gutenberg.org/ebooks/53768,https://www.gutenberg.org/ebooks/53768.txt.utf-8,hit,quality_pass,,568324,548533,85880,8192,0,0.239765,0.801625,0.003708,0,,,,6f96180c0e3fc9b46ddc2e3ff90ec827a5924c869f6a9c547c6ddb4069c191e5,87,,,,,,,,,,,quality_pass_pending_editorial_activation_review
54301,Biografia di Giuseppe Garibaldi,"Cuneo, Gian Battista",nineteenth_century_bridge_candidate,nineteenth_century_bridge,audit_then_deduplicate,https://www.gutenberg.org/ebooks/54301,https://www.gutenberg.org/ebooks/54301.txt.utf-8,hit,quality_pass,,162030,142461,22784,2170,0,0.248244,0.809667,0.002513,1,editor_note:1,,,1808357ebb8e0cf704a0f9b6468ae937203a54b381b2c94d012ae1b4b4803618,24,,,,,,,,,,,quality_pass_pending_editorial_activation_review
54787,Il lampionaio,"Cummins, Maria S. (Maria Susanna)",nineteenth_century_bridge_candidate,nineteenth_century_bridge,audit_then_deduplicate,https://www.gutenberg.org/ebooks/54787,https://www.gutenberg.org/ebooks/54787.txt.utf-8,hit,quality_pass,,1079060,1059671,175022,17226,0,0.259676,0.79316,3.2e-05,1,editor_note:1,,,3192d5961c21437de96c2c42676dd07c40cc81b3d1024978135546fdb69151e5,163,,,,,,,,,,,quality_pass_pending_editorial_activation_review
55236,I Canti,"Leopardi, Giacomo",historical_non_sonnet_poetry_candidate,nineteenth_century_bridge,audit_then_deduplicate,https://www.gutenberg.org/ebooks/55236,https://www.gutenberg.org/ebooks/55236.txt.utf-8,hit,quality_pass,,176703,157184,26908,4303,0,0.230675,0.736983,0.001342,0,,,,719028a49ded0eec9284f71fc0d893b4b1ae7d15194f1d10494f67733059b2e7,28,,,,,bibit:bibit000469|candidate_containment=0.774023|reference_containment=0.929104|exact=false;bibit:bibit000850|candidate_containment=0.859397|reference_containment=0.938127|exact=false,,candidate_covered;embedded_reference_only,,,,exclude_cross_corpus_duplicate_candidate
56431,"Annali d'Italia, vol. 6: dal principio dell'era volgare sino all'anno 1750","Muratori, Lodovico Antonio",historical_general_candidate,origins_through_1800,audit_then_deduplicate,https://www.gutenberg.org/ebooks/56431,https://www.gutenberg.org/ebooks/56431.txt.utf-8,hit,quality_pass,,2452069,2432608,399281,36375,0,0.262084,0.802399,0.002648,1,editor_note:1,,,f8c03cedff3ff365a157be7dde7a727ee6efee43ccf5798d6209d0efe2b19c1e,370,,,,,,,,,,,quality_pass_pending_editorial_activation_review
56482,Dell'arte dei giardini inglesi,"Silva, Ercole",nineteenth_century_bridge_candidate,nineteenth_century_bridge,audit_then_deduplicate,https://www.gutenberg.org/ebooks/56482,https://www.gutenberg.org/ebooks/56482.txt.utf-8,hit,quality_pass,,488285,468722,73825,7714,0,0.251378,0.784497,0.001299,3,editor_note:1;errata:2,,,b2117170562eab014e56f4deb343bea97fdf7ea307f6f435912c0f2b6369688d,72,,,,,,,,,,,quality_pass_pending_editorial_activation_review
56498,La mandragola - La Clizia - Belfagor,"Machiavelli, Niccolò",historical_general_candidate,origins_through_1800,audit_then_deduplicate,https://www.gutenberg.org/ebooks/56498,https://www.gutenberg.org/ebooks/56498.txt.utf-8,hit,quality_pass,,184911,165378,29883,3126,0,0.247599,0.749084,0.000593,0,,,,c7afcb541b77758f1feb83c2ce59aeeb0bed316afebb5b25a99249a5dfd1c030,34,,,,,,,,,,,quality_pass_pending_editorial_activation_review
56500,Memorie: Edizione diplomatica dall'autografo definitivo,"Garibaldi, Giuseppe",nineteenth_century_bridge_candidate,nineteenth_century_bridge,audit_then_deduplicate,https://www.gutenberg.org/ebooks/56500,https://www.gutenberg.org/ebooks/56500.txt.utf-8,hit,quality_pass,,984105,964518,149964,15713,0,0.247593,0.785001,0.002301,2,editor_note:1;errata:1,,,8ab3ff0fa8a72787377fdea7059409b11dbe92b68ee79647ddd4323eab402233,140,,,,,,,,,,,quality_pass_pending_editorial_activation_review
56509,La vita intima e la vita nomade in Oriente,"Belgioioso, Cristina",nineteenth_century_bridge_candidate,nineteenth_century_bridge,audit_then_deduplicate,https://www.gutenberg.org/ebooks/56509,https://www.gutenberg.org/ebooks/56509.txt.utf-8,hit,quality_pass,,407064,387534,63849,5820,0,0.266081,0.811266,0.001012,1,editor_note:1,,,6b135eef768b4002d5f4fde1a3b0c6c6bebe490d142540a8b21b1e79f924a0fe,62,,,,,,,,,,,quality_pass_pending_editorial_activation_review
56890,"Fra Tommaso Campanella, Vol. 1: la sua congiura, i suoi processi e la sua pazzia","Amabile, Luigi",nineteenth_century_bridge_candidate,nineteenth_century_bridge,audit_then_deduplicate,https://www.gutenberg.org/ebooks/56890,https://www.gutenberg.org/ebooks/56890.txt.utf-8,hit,quality_pass,,1342528,1323034,212442,19739,0,0.260212,0.793396,0.010972,3,editor_note:1;errata:2,,,89137aa7ccda56ff10293efa16851c81db48c49b2066028cf207a2e869448262,210,,,,,,,,,,,quality_pass_pending_editorial_activation_review
57549,"Annali d'Italia, vol. 7: dal principio dell'era volgare sino all'anno 1750","Muratori, Lodovico Antonio",historical_general_candidate,origins_through_1800,audit_then_deduplicate,https://www.gutenberg.org/ebooks/57549,https://www.gutenberg.org/ebooks/57549.txt.utf-8,hit,review_quality,,2391273,2371834,363387,37834,0,0.236783,0.759991,0.030372,1,editor_note:1,high_digit_character_ratio,,f022be811b43772df795748623f8124251343cf3293230a7abb7585da07f960a,372,,,,,,,,,accept_dense_historical_dates,"The elevated digit ratio comes from annal dates and day references, not OCR corruption.",quality_pass_pending_editorial_activation_review
57561,Guida pei monti della Brianza e per le terre circonvicine,"Cantù, Ignazio",nineteenth_century_bridge_candidate,nineteenth_century_bridge,audit_then_deduplicate,https://www.gutenberg.org/ebooks/57561,https://www.gutenberg.org/ebooks/57561.txt.utf-8,hit,quality_pass,,348157,328594,49700,5802,0,0.241851,0.751082,0.010749,2,alphabetical_index:1;editor_note:1,,,07dfef5863ddac6d3b50d0e74a75f3f512af3a6c7dedbd2fd63c106eae5948a4,55,,,,,,,,,,,quality_pass_pending_editorial_activation_review
57565,"Le tragedie, gl'inni sacri e le odi di Alessandro Manzoni","Manzoni, Alessandro",historical_non_sonnet_poetry_candidate,nineteenth_century_bridge,audit_then_deduplicate,https://www.gutenberg.org/ebooks/57565,https://www.gutenberg.org/ebooks/57565.txt.utf-8,hit,quality_pass,,1153450,1133863,185767,22745,0,0.213596,0.739091,0.010783,1,errata:1,,,8bf1d1fcda7fa784c7b0f3d1eaa5f179435f5c1bd63ad5d78ce030911737403c,189,,,,,bibit:bibit000612|candidate_containment=0.073127|reference_containment=0.866889|exact=false;bibit:bibit000620|candidate_containment=0.074876|reference_containment=0.831190|exact=false;bibit:bibit000695|candidate_containment=0.023616|reference_containment=0.938596|exact=false;bibit:bibit000930|candidate_containment=0.064315|reference_containment=0.830969|exact=false;bibit:bibit001524|candidate_containment=0.160612|reference_containment=0.968523|exact=false,,embedded_reference_only,,,,quarantine_embedded_duplicate_segments_before_activation
57780,"Lettere di Lodovico Ariosto: Con prefazione storico-critica, documenti e note","Ariosto, Lodovico",historical_general_candidate,origins_through_1800,audit_then_deduplicate,https://www.gutenberg.org/ebooks/57780,https://www.gutenberg.org/ebooks/57780.txt.utf-8,hit,quality_pass,,815681,796130,132818,12460,0,0.256411,0.765437,0.007807,1,editor_note:1,,,2463179216b61facec7f162b0296d1dfc5f63186936ddfc4483ff9db6843c9e1,133,,,,,,,,,,,quality_pass_pending_editorial_activation_review
57787,Orlando innamorato,"Boiardo, Matteo Maria",historical_non_sonnet_poetry_candidate,origins_through_1800,deduplicate_before_full_text_audit,https://www.gutenberg.org/ebooks/57787,https://www.gutenberg.org/ebooks/57787.txt.utf-8,hit,quality_pass,,1346354,1327021,245001,35507,0,0.247758,0.779952,0.0,0,,,,9fa86b7e834bb960a2afd133243fa545e63a50d5e63357a7d7bf8c37fb84b2e7,244,bibit:bibit000049,,,,bibit:bibit000049|candidate_containment=0.977205|reference_containment=0.977245|exact=false,,candidate_covered,,,,exclude_cross_corpus_duplicate_candidate
57883,Racconti,"Dall'Ongaro, Francesco",nineteenth_century_bridge_candidate,nineteenth_century_bridge,audit_then_deduplicate,https://www.gutenberg.org/ebooks/57883,https://www.gutenberg.org/ebooks/57883.txt.utf-8,hit,quality_pass,,759568,740144,123699,11636,0,0.261287,0.790196,0.000253,0,,,,5bb4118d12a3f5192556a243c33bf583c03a4922d68cbd1ff7a90902f99494bd,114,,,,,,,,,,,quality_pass_pending_editorial_activation_review
58247,Il Conte di Virtù vol. 1/2: Storia italiana del secolo XIV,"Belgiojoso, Carlo",nineteenth_century_bridge_candidate,nineteenth_century_bridge,audit_then_deduplicate,https://www.gutenberg.org/ebooks/58247,https://www.gutenberg.org/ebooks/58247.txt.utf-8,hit,quality_pass,,707264,687743,114178,10721,0,0.262213,0.799158,0.000381,2,editor_note:1;errata:1,,,43a1f22607c6696f32e271043ad911f79da6d9013a39a032d15ddcce7a2270cd,113,,,,,,,,,,,quality_pass_pending_editorial_activation_review
58248,Il Conte di Virtù vol. 2/2: Storia italiana del secolo XIV,"Belgiojoso, Carlo",nineteenth_century_bridge_candidate,nineteenth_century_bridge,audit_then_deduplicate,https://www.gutenberg.org/ebooks/58248,https://www.gutenberg.org/ebooks/58248.txt.utf-8,hit,quality_pass,,726055,706534,116092,10999,0,0.263687,0.799528,0.001162,3,editor_note:1;errata:2,,,cd5ff561b655c666ce72ba8ecb24ed76c70b45894f418e6f21ec5548f26d5b30,123,,,,,,,,,,,quality_pass_pending_editorial_activation_review
58372,Le Università italiane nel Medio Evo,"Coppi, Ettore",nineteenth_century_bridge_candidate,nineteenth_century_bridge,audit_then_deduplicate,https://www.gutenberg.org/ebooks/58372,https://www.gutenberg.org/ebooks/58372.txt.utf-8,hit,quality_pass,,594907,575425,87156,9319,0,0.235371,0.798712,0.008915,2,editor_note:1;errata:1,,,50ae11746818d36a7fe032cb91618f607b85ee856ff655405d2f147b2e6bdf83,82,,,,,,,,,,,quality_pass_pending_editorial_activation_review
58505,Cecco d'Ascoli: racconto storico del secolo XIV,"Fanfani, Pietro",nineteenth_century_bridge_candidate,nineteenth_century_bridge,audit_then_deduplicate,https://www.gutenberg.org/ebooks/58505,https://www.gutenberg.org/ebooks/58505.txt.utf-8,hit,quality_pass,,666214,646609,109696,10315,0,0.276382,0.787652,0.001022,1,editor_note:1,,,4ecc6c9262304a378282355bb77e7d845bd84cc210000e8af58d9c0516fc653b,89,,,,,,,,,,,quality_pass_pending_editorial_activation_review
59568,"Il Ricciardetto, vol. I","Forteguerri, Niccolò",historical_non_sonnet_poetry_candidate,origins_through_1800,audit_then_deduplicate,https://www.gutenberg.org/ebooks/59568,https://www.gutenberg.org/ebooks/59568.txt.utf-8,hit,quality_pass,,688979,669404,110911,16706,0,0.27165,0.7017,0.005901,1,editor_note:1,,,a31ca831925d3c08f4572cb282e1e0d38229f8e3af2bafdc844e58f48ba4f358,107,,,,,,,,,,,quality_pass_pending_editorial_activation_review
59569,"Il Ricciardetto, vol. II","Forteguerri, Niccolò",historical_non_sonnet_poetry_candidate,origins_through_1800,audit_then_deduplicate,https://www.gutenberg.org/ebooks/59569,https://www.gutenberg.org/ebooks/59569.txt.utf-8,hit,quality_pass,,528337,508792,84643,13551,0,0.275723,0.690015,0.005788,1,editor_note:1,,,264bc142701651fb4f9cf629881b5878880538c0ec9c3a222c0439914e51078c,68,,,,,,,,,,,quality_pass_pending_editorial_activation_review
59580,"Annali d'Italia, vol. 8: dal principio dell'era volgare sino all'anno 1750","Muratori, Lodovico Antonio;Coppi, Antonio",nineteenth_century_bridge_candidate,nineteenth_century_bridge,audit_then_deduplicate,https://www.gutenberg.org/ebooks/59580,https://www.gutenberg.org/ebooks/59580.txt.utf-8,hit,quality_pass,,2394141,2374681,378337,35732,0,0.26155,0.815561,0.000665,1,editor_note:1,,,48b41f4d882c9c01eb434e76a3fcc1665904e4aa7b805b9ea67683a7290903e5,378,,,,,,,,,,,quality_pass_pending_editorial_activation_review
59583,"Progetto filosofico di una completa riforma del culto e dell'educazione politico-morale del popolo ebreo, Tomo II","Fernando, Aron",nineteenth_century_bridge_candidate,nineteenth_century_bridge,audit_then_deduplicate,https://www.gutenberg.org/ebooks/59583,https://www.gutenberg.org/ebooks/59583.txt.utf-8,hit,quality_pass,,446951,427166,67191,6380,0,0.242785,0.805446,0.003008,0,,,,7e08a34163999162fd84582b25c39ccf8dab800aea7f5a50732e3651bcb87bb6,77,,,,,,,,,,,quality_pass_pending_editorial_activation_review
59910,"Collezione dell'opere del Cavaliere Conte Alessandro Volta - Tomo I, Parte I","Volta, Alessandro",nineteenth_century_bridge_candidate,nineteenth_century_bridge,audit_then_deduplicate,https://www.gutenberg.org/ebooks/59910,https://www.gutenberg.org/ebooks/59910.txt.utf-8,hit,quality_pass,,439948,420243,65484,6386,0,0.195895,0.807664,0.001713,2,editor_note:1;errata:1,,,a711e696c79d627d291513735f25fcb6c43f13dd978a288d82372592f073a73f,67,,,,,,,,,,,quality_pass_pending_editorial_activation_review
59958,La filosofia italiana nelle sue relazioni con la filosofia europea,"Spaventa, Bertrando",nineteenth_century_bridge_candidate,nineteenth_century_bridge,audit_then_deduplicate,https://www.gutenberg.org/ebooks/59958,https://www.gutenberg.org/ebooks/59958.txt.utf-8,hit,quality_pass,,555601,535854,85554,8488,0,0.255733,0.772035,0.005345,1,editor_note:1,,,bb10286633460bae0b5c782b841e7204ce82ae3a24acbbb647fb49d4390c7044,89,,,,,,,,,,,quality_pass_pending_editorial_activation_review
60160,Lea: dramma in tre atti in prosa con un prologo in versi,"Cavallotti, Felice",historical_non_sonnet_poetry_candidate,nineteenth_century_bridge,audit_then_deduplicate,https://www.gutenberg.org/ebooks/60160,https://www.gutenberg.org/ebooks/60160.txt.utf-8,hit,quality_pass,,116264,96584,15136,2523,0,0.238967,0.702073,0.001325,1,editor_note:1,,,b53bcc923a6529730102e66c4c04ec524a26b5b2268de1f1104790fd8dbe46db,13,,,,,,,,,,,quality_pass_pending_editorial_activation_review
60281,L'origine della Famiglia della Proprietà privata e dello Stato: in relazione alle ricerche di L. H. Morgan,"Engels, Friedrich",nineteenth_century_bridge_candidate,nineteenth_century_bridge,audit_then_deduplicate,https://www.gutenberg.org/ebooks/60281,https://www.gutenberg.org/ebooks/60281.txt.utf-8,hit,quality_pass,,460957,441164,69045,6663,0,0.251198,0.804825,0.002138,1,editor_note:1,,,19f9610e184d799e5b424528fc6a62aa87f0302567cb4a40b2d8f9556c3ccafa,53,,,,,,,,,,,quality_pass_pending_editorial_activation_review
60497,"Storia di Milano, vol. 1","Verri, Pietro",historical_general_candidate,origins_through_1800,audit_then_deduplicate,https://www.gutenberg.org/ebooks/60497,https://www.gutenberg.org/ebooks/60497.txt.utf-8,hit,quality_pass,,768978,749459,117669,11372,0,0.238899,0.797018,0.008574,1,editor_note:1,,,2f5afb8c02f1fad8fbe7fa6d5c38114e514cb6e27359775a387fe58d0dafb73c,113,,,,,,,,,,,quality_pass_pending_editorial_activation_review
60498,"Storia di Milano, vol. 2","Verri, Pietro",historical_general_candidate,origins_through_1800,audit_then_deduplicate,https://www.gutenberg.org/ebooks/60498,https://www.gutenberg.org/ebooks/60498.txt.utf-8,hit,quality_pass,,746613,727094,115425,10984,0,0.243786,0.796234,0.007428,1,editor_note:1,,,003cb3c857e411184e41e296552084194924cd9c3406bf3c4a35c58632f715ea,118,,,,,,,,,,,quality_pass_pending_editorial_activation_review
60499,"Storia di Milano, vol. 3","Verri, Pietro",historical_general_candidate,origins_through_1800,audit_then_deduplicate,https://www.gutenberg.org/ebooks/60499,https://www.gutenberg.org/ebooks/60499.txt.utf-8,hit,quality_pass,,687403,667884,104452,10335,0,0.244897,0.788204,0.011104,1,editor_note:1,,,8c1465b0ae723edcfd2dd1cfeb14ea07b44a92991d9f25f25377fc6eadc557b2,101,,,,,,,,,,,quality_pass_pending_editorial_activation_review
60543,"La sposa di Mènecle: Comedia in un prologo e tre atti, con note","Cavallotti, Felice",nineteenth_century_bridge_candidate,nineteenth_century_bridge,audit_then_deduplicate,https://www.gutenberg.org/ebooks/60543,https://www.gutenberg.org/ebooks/60543.txt.utf-8,hit,quality_pass,,328934,309155,49735,5340,0,0.232975,0.73775,0.007449,1,editor_note:1,,,085b6cccc20ae4b17c9f87cd84dae2ce4d8810440abeda2b92958fd60ad4dce6,54,,,,,,,,,,,quality_pass_pending_editorial_activation_review
60549,Liriche,"Montanelli, Giuseppe",historical_non_sonnet_poetry_candidate,nineteenth_century_bridge,audit_then_deduplicate,https://www.gutenberg.org/ebooks/60549,https://www.gutenberg.org/ebooks/60549.txt.utf-8,hit,quality_pass,,71051,51559,7337,1392,0,0.236882,0.634846,0.000659,1,editor_note:1,,,de51bc8cca46ef0554d3c1e1328bc8c4661c5cc562389ebc263014c5500a1a38,8,,,,,,,,,,,quality_pass_pending_editorial_activation_review
60588,Della architettura gotica,"Troya, Carlo",nineteenth_century_bridge_candidate,nineteenth_century_bridge,audit_then_deduplicate,https://www.gutenberg.org/ebooks/60588,https://www.gutenberg.org/ebooks/60588.txt.utf-8,hit,quality_pass,,230007,210415,33412,3282,0,0.225817,0.775239,0.012452,1,editor_note:1,,,8fddf6567b87a2ce3bae2a8f202f1b7f7f9d7ea3677b6642d908649ecbca02f6,43,,,,,,,,,,,quality_pass_pending_editorial_activation_review
60641,"I tre moschettieri, vol. I","Dumas, Alexandre",nineteenth_century_bridge_candidate,nineteenth_century_bridge,audit_then_deduplicate,https://www.gutenberg.org/ebooks/60641,https://www.gutenberg.org/ebooks/60641.txt.utf-8,hit,quality_pass,,376325,356691,59932,6065,0,0.256507,0.787385,0.000191,1,editor_note:1,,review_language_variety_marker,8abacfaf743fac808909ffa2a6887c6a3f2bc3980d7d36a20b7b1269caf05707,53,,,,,,,,,accept_standard_italian_context,The dialect marker refers to a character speaking Béarn dialect inside an Italian translation.,quality_pass_pending_editorial_activation_review
60642,"I tre moschettieri, vol. II","Dumas, Alexandre",nineteenth_century_bridge_candidate,nineteenth_century_bridge,audit_then_deduplicate,https://www.gutenberg.org/ebooks/60642,https://www.gutenberg.org/ebooks/60642.txt.utf-8,hit,quality_pass,,370327,350688,58383,6189,0,0.248994,0.783671,0.00018,1,editor_note:1,,,6b5d9f8a18d6afdb5d902a314efc9a14c5d6dd50a356451ea97e6699f4c28730,61,,,,,,,,,,,quality_pass_pending_editorial_activation_review
60643,"I tre moschettieri, vol. III","Dumas, Alexandre",nineteenth_century_bridge_candidate,nineteenth_century_bridge,audit_then_deduplicate,https://www.gutenberg.org/ebooks/60643,https://www.gutenberg.org/ebooks/60643.txt.utf-8,hit,quality_pass,,305620,285976,47403,5060,0,0.249837,0.782789,0.000217,1,editor_note:1,,,259322f76b0e445c01f5f6fa879164a6a74ceed58db7e6e02db38fc87655f84a,45,,,,,,,,,,,quality_pass_pending_editorial_activation_review
60644,"I tre moschettieri, vol. IV","Dumas, Alexandre",nineteenth_century_bridge_candidate,nineteenth_century_bridge,audit_then_deduplicate,https://www.gutenberg.org/ebooks/60644,https://www.gutenberg.org/ebooks/60644.txt.utf-8,hit,quality_pass,,352684,333045,55117,5843,0,0.250104,0.784906,0.000372,1,editor_note:1,,,ff759e3d75883461ccdcba3160fa4c6c7e2e5dc927353a3fa6ba758b47cd75d6,47,,,,,,,,,,,quality_pass_pending_editorial_activation_review
60788,"Storia dei musulmani di Sicilia, vol. III, parte I","Amari, Michele",nineteenth_century_bridge_candidate,nineteenth_century_bridge,audit_then_deduplicate,https://www.gutenberg.org/ebooks/60788,https://www.gutenberg.org/ebooks/60788.txt.utf-8,hit,quality_pass,,727907,708221,109930,10927,0,0.243055,0.758968,0.020069,1,editor_note:1,,,0c0f2183c256c594d5a2ad0acbe5c27afbafa53b98aed30b3c0e2b80801f76bc,104,,,,,,,,,,,quality_pass_pending_editorial_activation_review
60789,"Storia dei musulmani di Sicilia, vol. III, parte II","Amari, Michele",nineteenth_century_bridge_candidate,nineteenth_century_bridge,audit_then_deduplicate,https://www.gutenberg.org/ebooks/60789,https://www.gutenberg.org/ebooks/60789.txt.utf-8,hit,review_quality,,1363091,1343401,195626,23286,0,0.226713,0.694968,0.059974,4,editor_note:1;errata:3,high_digit_character_ratio,,21280d8cc45f90b06654bc451fc8727e0894b4ff70e7a23d5273976ba3083bd7,187,,,,,,,,,accept_dense_historical_dates_and_notes,The elevated digit ratio comes from dates and numbered scholarly notes; note removal remains required.,quality_pass_pending_editorial_activation_review
60905,L'ultima primavera: romanzo,Memini,nineteenth_century_bridge_candidate,nineteenth_century_bridge,audit_then_deduplicate,https://www.gutenberg.org/ebooks/60905,https://www.gutenberg.org/ebooks/60905.txt.utf-8,hit,quality_pass,,515200,495674,79685,8202,0,0.258242,0.783791,3e-05,2,editor_note:1;errata:1,,,bac9c62009f01e50d076463d90218215fe0725a809229a738ae2161166deb724,81,,,,,,,,,,,quality_pass_pending_editorial_activation_review
60945,Novelle brianzuole,"Cantù, Cesare",nineteenth_century_bridge_candidate,nineteenth_century_bridge,audit_then_deduplicate,https://www.gutenberg.org/ebooks/60945,https://www.gutenberg.org/ebooks/60945.txt.utf-8,hit,quality_pass,,296293,276710,46147,4428,0,0.256528,0.785881,0.000546,1,editor_note:1,,,22df01f91c4b9fdc7a25bf36ce725a7486fd3eceed6676b7024d2810aa1efa24,46,,,,,,,,,,,quality_pass_pending_editorial_activation_review
61179,Viaggi di Gulliver nelle lontane regioni,"Swift, Jonathan",historical_general_candidate,origins_through_1800,audit_then_deduplicate,https://www.gutenberg.org/ebooks/61179,https://www.gutenberg.org/ebooks/61179.txt.utf-8,hit,quality_pass,,602982,583328,96947,8868,0,0.25023,0.803817,0.000787,1,editor_note:1,,,5b84adba3074d893c51bfb26da7f1d41b829ff753205cdba714970642094cdec,89,,,,,,,,,,,quality_pass_pending_editorial_activation_review
61304,Cronaca di Fra Salimbene parmigiano vol. I,"Salimbene, da Parma",historical_general_candidate,origins_through_1800,audit_then_deduplicate,https://www.gutenberg.org/ebooks/61304,https://www.gutenberg.org/ebooks/61304.txt.utf-8,hit,quality_pass,,711565,691939,116019,10616,0,0.259027,0.786584,0.003646,3,editor_note:1;errata:2,,,0e8f4f8b101aa96e3741ccd683b3778387f2a7e6e22f2587990279ca489963d6,115,,,,,,,,,,,quality_pass_pending_editorial_activation_review
61305,Cronaca di Fra Salimbene parmigiano vol. II,"Salimbene, da Parma",historical_general_candidate,origins_through_1800,audit_then_deduplicate,https://www.gutenberg.org/ebooks/61305,https://www.gutenberg.org/ebooks/61305.txt.utf-8,hit,quality_pass,,646325,626695,100184,10857,0,0.240078,0.731678,0.016973,3,editor_note:1;errata:2,,,9e6a7ee73e2c46bb92a503758754e37545959e3735b93be9feb5d641494701db,105,,,,,,,,,,,quality_pass_pending_editorial_activation_review
61563,Vita mondana,Memini,nineteenth_century_bridge_candidate,nineteenth_century_bridge,audit_then_deduplicate,https://www.gutenberg.org/ebooks/61563,https://www.gutenberg.org/ebooks/61563.txt.utf-8,hit,quality_pass,,358620,339081,54747,5625,0,0.24942,0.784338,7.7e-05,1,editor_note:1,,,6524e12dc38358053f105bab2fdf0f85a7de6c19056dff88a341422f1f569b78,51,,,,,,,,,,,quality_pass_pending_editorial_activation_review
61921,Viaggj del Capitano Lemuel Gulliver in Diversi Paesi Lontani,"Swift, Jonathan",historical_general_candidate,origins_through_1800,audit_then_deduplicate,https://www.gutenberg.org/ebooks/61921,https://www.gutenberg.org/ebooks/61921.txt.utf-8,hit,quality_pass,,643982,624388,105186,9377,0,0.277385,0.801956,0.000176,0,,,,e0647db5e16ddd85292d417ebb9f8101117b67d5bc05eefb5f0351c2d4a90776,121,,,,,,,,,,,quality_pass_pending_editorial_activation_review
62047,La libertà,"Mill, John Stuart",nineteenth_century_bridge_candidate,nineteenth_century_bridge,audit_then_deduplicate,https://www.gutenberg.org/ebooks/62047,https://www.gutenberg.org/ebooks/62047.txt.utf-8,hit,quality_pass,,315611,296128,48359,4460,0,0.271077,0.812831,0.000419,1,editor_note:1,,,feaea9dc3d5284a83e9f22c4e0852a2738fda4213614d0627695b8e800e7ac87,43,,,,,,,,,,,quality_pass_pending_editorial_activation_review
62302,Scritti politici,"Mamiani della Rovere, Terenzio, conte",nineteenth_century_bridge_candidate,nineteenth_century_bridge,audit_then_deduplicate,https://www.gutenberg.org/ebooks/62302,https://www.gutenberg.org/ebooks/62302.txt.utf-8,hit,quality_pass,,1162921,1143385,184742,17543,0,0.270924,0.79926,0.001924,1,editor_note:1,,,9df49109afa6f606e3575d9605761547aa9a08959a837d6913d3e76960bffdb1,187,,,,,,,,,,,quality_pass_pending_editorial_activation_review
62384,"Alcibiade, la critica e il secolo di Pericle: lettera di Felice Cavallotti a Yorick figlio di Yorick","Cavallotti, Felice",nineteenth_century_bridge_candidate,nineteenth_century_bridge,audit_then_deduplicate,https://www.gutenberg.org/ebooks/62384,https://www.gutenberg.org/ebooks/62384.txt.utf-8,hit,quality_pass,,271605,251940,40784,3976,0,0.264491,0.771481,0.005537,1,editor_note:1,,,f0e8593fcd95df1cff5969da3cee6ddbbbaa2c7f08bb08e6f8c941e779f13a48,43,,,,,,,,,,,quality_pass_pending_editorial_activation_review
62477,"XII conti pomiglianesi: con varianti avellinesi, montellesi, bagnolesi, milanesi, toscane, ecc.","Imbriani, Vittorio",nineteenth_century_bridge_candidate,nineteenth_century_bridge,audit_then_deduplicate,https://www.gutenberg.org/ebooks/62477,https://www.gutenberg.org/ebooks/62477.txt.utf-8,hit,quality_pass,,520500,500874,82017,8085,0,0.219747,0.728543,0.003188,1,editor_note:1,,,c4e1530269d9644ec29577fcbb81c20ba78e4b95459d6281e60a005836186529,91,,,,,,,,,,,quality_pass_pending_editorial_activation_review
62773,Lucrezia Borgia secondo documenti e carteggi del tempo,"Gregorovius, Ferdinand",nineteenth_century_bridge_candidate,nineteenth_century_bridge,audit_then_deduplicate,https://www.gutenberg.org/ebooks/62773,https://www.gutenberg.org/ebooks/62773.txt.utf-8,hit,quality_pass,,896611,876878,139726,13509,0,0.226085,0.787094,0.007699,3,editor_note:1;errata:2,,,f793cffba3e8976665f4add02215c2f0f875ddc7084ae1d47924ae36756caefd,158,,,,,,,,,,,quality_pass_pending_editorial_activation_review
62789,"Peregrinazioni d'uno zingaro per laghi ed Alpi: Il Lago Maggiore, l'Ossola, la Frua e il Gries","Carrera, Valentino",nineteenth_century_bridge_candidate,nineteenth_century_bridge,audit_then_deduplicate,https://www.gutenberg.org/ebooks/62789,https://www.gutenberg.org/ebooks/62789.txt.utf-8,hit,quality_pass,,421849,402201,65154,6526,0,0.24726,0.783812,0.000917,1,editor_note:1,,,8fd915d1a4749c75a32edc5b45bf29d63eafb3c93aec5ac14409db552177fbb1,61,,,,,,,,,,,quality_pass_pending_editorial_activation_review
62892,I Tre Giulj: o sieno Sonetti di Niceste Abideno sopra l'Importunità di; un Creditor di Tre Giulj,"Casti, Giovanni Battista",sonnet_specialization_candidate,nineteenth_century_bridge,audit_then_deduplicate,https://www.gutenberg.org/ebooks/62892,https://www.gutenberg.org/ebooks/62892.txt.utf-8,hit,quality_pass,,163532,144008,22768,3482,0,0.23678,0.651276,0.003986,1,editor_note:1,,,1413dde3e2c50f9ca7981504898888166ab3592109f0b18156db9c72f29a860d,15,,,,,,,,,,,quality_pass_pending_editorial_activation_review
63082,Pataffio - Tesoretto,"Latini, Brunetto",historical_non_sonnet_poetry_candidate,origins_through_1800,audit_then_deduplicate,https://www.gutenberg.org/ebooks/63082,https://www.gutenberg.org/ebooks/63082.txt.utf-8,hit,quality_pass,,366842,347319,54897,8008,0,0.238811,0.702043,0.000895,1,editor_note:1,,,6f86d6de959fc73808d68919fa23d1330d7041a4a9865d0c6f5e056f7e38295e,57,,,,,,,,,,,quality_pass_pending_editorial_activation_review
63194,"Ivanhoe; ossia, Il ritorno del Crociato","Scott, Walter",nineteenth_century_bridge_candidate,nineteenth_century_bridge,audit_then_deduplicate,https://www.gutenberg.org/ebooks/63194,https://www.gutenberg.org/ebooks/63194.txt.utf-8,hit,quality_pass,,1149291,1129662,186216,17909,0,0.24681,0.797739,0.000304,1,editor_note:1,,,a2e4e88f6db179e7f684def4f9cc8c0c1b05464d30d4a3a870de97c60d3be5c9,172,,,,,,,,,,,quality_pass_pending_editorial_activation_review
63363,"Storia degli Italiani, vol. 02 (di 15)","Cantù, Cesare",nineteenth_century_bridge_candidate,nineteenth_century_bridge,audit_then_deduplicate,https://www.gutenberg.org/ebooks/63363,https://www.gutenberg.org/ebooks/63363.txt.utf-8,hit,quality_pass,,767858,748249,117344,11527,0,0.234004,0.795786,0.004338,1,editor_note:1,,,742fbecff39bcfd1f652b654298310f489ee0276aa0445f3216dbb50af7c76b8,106,,,,,,,,,,,quality_pass_pending_editorial_activation_review
63560,"Storia degli Italiani, vol. 03 (di 15)","Cantù, Cesare",nineteenth_century_bridge_candidate,nineteenth_century_bridge,audit_then_deduplicate,https://www.gutenberg.org/ebooks/63560,https://www.gutenberg.org/ebooks/63560.txt.utf-8,hit,quality_pass,,883849,864239,135641,13523,0,0.232186,0.787973,0.005074,1,editor_note:1,,,5cdaea52c5e8fbcc7ba5c10a1487b4d1af0f5ffe71cd979796add0cf87c444af,134,,,,,,,,,,,quality_pass_pending_editorial_activation_review
63848,Della peste e della pubblica amministrazione sanitaria,"Frari, A. A. (Angelo Antonio)",nineteenth_century_bridge_candidate,nineteenth_century_bridge,audit_then_deduplicate,https://www.gutenberg.org/ebooks/63848,https://www.gutenberg.org/ebooks/63848.txt.utf-8,hit,quality_pass,,1487993,1468357,219907,24876,0,0.232998,0.755811,0.015371,1,editor_note:1,,,12a0e430583bc50439f852eeeca37e6430f444a2772fda22a7b14c376311aca1,204,,,,,,,,,,,quality_pass_pending_editorial_activation_review
64004,La spedizione di Carlo VIII in Italia,"Sanudo, Marino",historical_general_candidate,origins_through_1800,audit_then_deduplicate,https://www.gutenberg.org/ebooks/64004,https://www.gutenberg.org/ebooks/64004.txt.utf-8,hit,quality_pass,,1741151,1721559,297642,25886,0,0.198114,0.774367,0.007245,1,editor_note:1,,,db8c61b04930232fcbbaf782170c7adab5979734979a084fe2b40acda5c0bde0,288,,,,,,,,,,,quality_pass_pending_editorial_activation_review
64089,Il buco nel muro,"Guerrazzi, Francesco Domenico",nineteenth_century_bridge_candidate,nineteenth_century_bridge,audit_then_deduplicate,https://www.gutenberg.org/ebooks/64089,https://www.gutenberg.org/ebooks/64089.txt.utf-8,hit,quality_pass,,357241,337796,57407,5431,0,0.268051,0.788044,0.000281,1,editor_note:1,,,22c7845a51973e1a785188d989aaf378b04a07c6748fd48db5ab63f38ed10f01,55,,,,,,,,,,,quality_pass_pending_editorial_activation_review
64205,"La civiltà del secolo del Rinascimento in Italia, Volume I","Burckhardt, Jacob",nineteenth_century_bridge_candidate,nineteenth_century_bridge,audit_then_deduplicate,https://www.gutenberg.org/ebooks/64205,https://www.gutenberg.org/ebooks/64205.txt.utf-8,hit,quality_pass,,647318,627639,99469,9661,0,0.255155,0.784615,0.01146,1,editor_note:1,,,06d30d74e2e22adfed447df7f10db422ae1445f4d08b5469ccf1aac77638e0fb,96,,,,,,,,,,,quality_pass_pending_editorial_activation_review
64206,"La civiltà del secolo del Rinascimento in Italia, Volume II","Burckhardt, Jacob",nineteenth_century_bridge_candidate,nineteenth_century_bridge,audit_then_deduplicate,https://www.gutenberg.org/ebooks/64206,https://www.gutenberg.org/ebooks/64206.txt.utf-8,hit,quality_pass,,646850,627167,99466,9671,0,0.255303,0.786092,0.010716,1,editor_note:1,,,b3fbd1af9c11cb6e22956295f98a194b4d28ba2776156edd72d5a5c53e205ef8,87,,,,,,,,,,,quality_pass_pending_editorial_activation_review
64421,Il mio cadavere,"Mastriani, Francesco",nineteenth_century_bridge_candidate,nineteenth_century_bridge,audit_then_deduplicate,https://www.gutenberg.org/ebooks/64421,https://www.gutenberg.org/ebooks/64421.txt.utf-8,hit,quality_pass,,514587,495136,81547,7936,0,0.263774,0.798072,0.000477,1,editor_note:1,,,4c77c11d331fbead2169f6daf450188d9619b91d1daa75d05866f3f446791e3c,76,,,,,,,,,,,quality_pass_pending_editorial_activation_review
64551,Storia di Carlomagno vol. 1/2,"Capefigue, M. (Jean Baptiste Honoré Raymond)",nineteenth_century_bridge_candidate,nineteenth_century_bridge,audit_then_deduplicate,https://www.gutenberg.org/ebooks/64551,https://www.gutenberg.org/ebooks/64551.txt.utf-8,hit,quality_pass,,664456,644950,106292,9786,0,0.246491,0.796808,0.002837,1,editor_note:1,,,8af5ff8e280a73bf7b09ee0c14095279b6fd00677b800b3c3a1420eb4b8c6356,88,,,,,,,,,,,quality_pass_pending_editorial_activation_review
64552,Storia di Carlomagno vol. 2/2,"Capefigue, M. (Jean Baptiste Honoré Raymond)",nineteenth_century_bridge_candidate,nineteenth_century_bridge,audit_then_deduplicate,https://www.gutenberg.org/ebooks/64552,https://www.gutenberg.org/ebooks/64552.txt.utf-8,hit,quality_pass,,593929,574393,94964,8672,0,0.24961,0.797235,0.00208,1,editor_note:1,,,5032dd7cce959bf21fc8c2bef5e6f7a2373161e3cfce8a4e8b66d9eedc2ded6a,76,,,,,,,,,,,quality_pass_pending_editorial_activation_review
64605,"Storia degli Italiani, vol. 04 (di 15)","Cantù, Cesare",nineteenth_century_bridge_candidate,nineteenth_century_bridge,audit_then_deduplicate,https://www.gutenberg.org/ebooks/64605,https://www.gutenberg.org/ebooks/64605.txt.utf-8,hit,quality_pass,,847773,828229,128373,12773,0,0.230212,0.801367,0.00445,1,editor_note:1,,,556c2a86b977836d42e8178a7bf97b50b5937c45857d320b353da3cc1aee0d46,145,,,,,,,,,,,quality_pass_pending_editorial_activation_review
64766,Angiola Maria: Storia domestica,"Carcano, Giulio",nineteenth_century_bridge_candidate,nineteenth_century_bridge,audit_then_deduplicate,https://www.gutenberg.org/ebooks/64766,https://www.gutenberg.org/ebooks/64766.txt.utf-8,hit,quality_pass,,636672,617178,107042,9855,0,0.268932,0.777849,0.000248,1,editor_note:1,,,f4e2b313d723ad215708b246a7659a9c32ddba8327e67d397068d556e8fbeb6a,123,,,,,,,,,,,quality_pass_pending_editorial_activation_review
65006,"Storia degli Italiani, vol. 05 (di 15)","Cantù, Cesare",nineteenth_century_bridge_candidate,nineteenth_century_bridge,audit_then_deduplicate,https://www.gutenberg.org/ebooks/65006,https://www.gutenberg.org/ebooks/65006.txt.utf-8,hit,quality_pass,,1112716,1093176,171054,16943,0,0.230886,0.797151,0.005661,1,editor_note:1,,,36708ba6f5008bc4713f33177ce2b28930021cf0b6be2f6eaf17ad06dcd4c279,163,,,,,,,,,,,quality_pass_pending_editorial_activation_review
65391,Il Conte di Monte-Cristo,"Dumas, Alexandre;Maquet, Auguste",nineteenth_century_bridge_candidate,nineteenth_century_bridge,audit_then_deduplicate,https://www.gutenberg.org/ebooks/65391,https://www.gutenberg.org/ebooks/65391.txt.utf-8,hit,quality_pass,,2701047,2681539,444080,43548,0,0.253457,0.786386,0.000905,1,editor_note:1,,,9140a688c370c1a9483d19c6cbc3c6f9efb51b40d0ae92601436690231f69cb9,422,,,,,,,,,,,quality_pass_pending_editorial_activation_review
65610,Il Lago di Como e il Pian d'Erba: Escursioni autunnali,"Curti, Pier Ambrogio",nineteenth_century_bridge_candidate,nineteenth_century_bridge,audit_then_deduplicate,https://www.gutenberg.org/ebooks/65610,https://www.gutenberg.org/ebooks/65610.txt.utf-8,hit,quality_pass,,511881,492417,79814,8027,0,0.263538,0.782,0.002065,1,editor_note:1,,,1e6ee5a5fda215ebdcd913910ae225ba5e1bde5fe0285136bb67280947f652b4,92,,,,,,,,,,,quality_pass_pending_editorial_activation_review
65680,Il castello di Trezzo: Novella storica,"Bazzoni, Giambattista",nineteenth_century_bridge_candidate,nineteenth_century_bridge,audit_then_deduplicate,https://www.gutenberg.org/ebooks/65680,https://www.gutenberg.org/ebooks/65680.txt.utf-8,hit,quality_pass,,409016,389461,64327,5875,0,0.257217,0.805649,0.000311,1,editor_note:1,,,2b50b8be5628cff392019a4c1a0fc33b2384cb1592310cc6c6d2ed16ee1fade7,65,,,,,,,,,,,quality_pass_pending_editorial_activation_review
66347,"Storia degli Italiani, vol. 06 (di 15)","Cantù, Cesare",nineteenth_century_bridge_candidate,nineteenth_century_bridge,audit_then_deduplicate,https://www.gutenberg.org/ebooks/66347,https://www.gutenberg.org/ebooks/66347.txt.utf-8,hit,quality_pass,,1076997,1057452,165172,16282,0,0.232981,0.797587,0.006593,1,editor_note:1,,,dcfce0cabc1ac18f04dce12556f569b5b3b422dd71f537c3d35c272a23c1e2aa,162,,,,,,,,,,,quality_pass_pending_editorial_activation_review
66378,Viaggio al Capo Nord: fatto l'anno 1799 dal Sig. cavaliere Giuseppe Acerbi,"Acerbi, Giuseppe",nineteenth_century_bridge_candidate,nineteenth_century_bridge,audit_then_deduplicate,https://www.gutenberg.org/ebooks/66378,https://www.gutenberg.org/ebooks/66378.txt.utf-8,hit,quality_pass,,388731,369259,61183,5635,0,0.268163,0.796774,0.00127,1,editor_note:1,,,1568bb184dc260a66597ca05c4485d219aa17b22e21c1fa3c5f010d0de6954d5,47,,,,,,,,,,,quality_pass_pending_editorial_activation_review
66537,Del governo della peste e della maniera di guardarsene,"Muratori, Lodovico Antonio",historical_general_candidate,origins_through_1800,audit_then_deduplicate,https://www.gutenberg.org/ebooks/66537,https://www.gutenberg.org/ebooks/66537.txt.utf-8,hit,quality_pass,,764245,744658,122871,11273,0,0.254397,0.800945,0.002261,1,editor_note:1,,,d0f7734a2611bc1092d47b717252545bdbed73fdc1d882bc4953ed93e79320ad,118,,,,,,,,,,,quality_pass_pending_editorial_activation_review
67295,Storia della Repubblica di Firenze v. 1/3,"Capponi, Gino",nineteenth_century_bridge_candidate,nineteenth_century_bridge,audit_then_deduplicate,https://www.gutenberg.org/ebooks/67295,https://www.gutenberg.org/ebooks/67295.txt.utf-8,hit,quality_pass,,935247,915632,149177,13867,0,0.248416,0.795031,0.005801,1,editor_note:1,,,6ae05d84c325c7e4e5bc157bfdf1d90af82052724e689fba9c44729d371fd8e9,141,,,,,,,,,,,quality_pass_pending_editorial_activation_review
67296,Storia della Repubblica di Firenze v. 2/3,"Capponi, Gino",nineteenth_century_bridge_candidate,nineteenth_century_bridge,audit_then_deduplicate,https://www.gutenberg.org/ebooks/67296,https://www.gutenberg.org/ebooks/67296.txt.utf-8,hit,quality_pass,,1255200,1235585,199571,18858,0,0.235044,0.79166,0.00596,1,editor_note:1,,,eec38be7a0a3f8f65bc264b035dd209ab085d73dbb6f3a758beb662d63020a72,187,,,,,,,,,,,quality_pass_pending_editorial_activation_review
67297,Storia della Repubblica di Firenze v. 3/3,"Capponi, Gino",nineteenth_century_bridge_candidate,nineteenth_century_bridge,audit_then_deduplicate,https://www.gutenberg.org/ebooks/67297,https://www.gutenberg.org/ebooks/67297.txt.utf-8,hit,quality_pass,,1064551,1044936,164741,16469,0,0.243534,0.770513,0.016532,1,editor_note:1,,,6cc25a93947c7c9b4d6ebd41b9d33ce6d50a9fce5e09e0773148e7a198b12d0d,160,,,,,,,,,,,quality_pass_pending_editorial_activation_review
67846,Venti anni dopo,"Dumas, Alexandre;Maquet, Auguste",nineteenth_century_bridge_candidate,nineteenth_century_bridge,audit_then_deduplicate,https://www.gutenberg.org/ebooks/67846,https://www.gutenberg.org/ebooks/67846.txt.utf-8,hit,quality_pass,,1566522,1547023,257012,28254,0,0.257042,0.782519,0.000249,1,editor_note:1,,,47511ede5107c22a6e597e600ff12851bf371bdb2d753cdaa10ade2882afd35e,263,,,,,,,,,,,quality_pass_pending_editorial_activation_review
67931,Frammenti letterari e filosofici,"Leonardo, da Vinci",historical_general_candidate,origins_through_1800,audit_then_deduplicate,https://www.gutenberg.org/ebooks/67931,https://www.gutenberg.org/ebooks/67931.txt.utf-8,hit,quality_pass,,500538,480974,80253,8000,0,0.247854,0.761833,0.009173,1,editor_note:1,,,6edefc58ada85a223c3e6a48e58d70a040d1502ae579b95650a21ecd91295ee9,73,,,,,,,,,,,quality_pass_pending_editorial_activation_review
68090,Il tulipano nero,"Dumas, Alexandre;Maquet, Auguste",nineteenth_century_bridge_candidate,nineteenth_century_bridge,audit_then_deduplicate,https://www.gutenberg.org/ebooks/68090,https://www.gutenberg.org/ebooks/68090.txt.utf-8,hit,quality_pass,,441109,421587,68858,7491,0,0.255511,0.788169,0.000574,1,editor_note:1,,,4225976a7316e5f36a4930e634135a19d0959d94c7da6fe7c1b5289f37a7bf23,70,,,,,,,,,,,quality_pass_pending_editorial_activation_review
69176,Cenno storico sull'antichissima città di Ruvo nella Peucezia,"Jatta, Giovanni",nineteenth_century_bridge_candidate,nineteenth_century_bridge,audit_then_deduplicate,https://www.gutenberg.org/ebooks/69176,https://www.gutenberg.org/ebooks/69176.txt.utf-8,hit,quality_pass,,893308,873660,138703,13613,0,0.227544,0.792715,0.008341,4,editor_note:3;errata:1,,,8b47e59ae87fb4de57733aef1111582d6219ae8e82c2d972b54aea70a0887352,106,,,,,,,,,,,quality_pass_pending_editorial_activation_review
69247,"Storia degli Italiani, vol. 07 (di 15)","Cantù, Cesare",nineteenth_century_bridge_candidate,nineteenth_century_bridge,audit_then_deduplicate,https://www.gutenberg.org/ebooks/69247,https://www.gutenberg.org/ebooks/69247.txt.utf-8,hit,quality_pass,,1152466,1132857,179969,17424,0,0.247126,0.796474,0.006203,1,editor_note:1,,,f2cf696799002c84dcda1eedcbddc226829f694b142fb0a9c5198ff479dab33e,181,,,,,,,,,,,quality_pass_pending_editorial_activation_review
69981,"Storia degli Italiani, vol. 08 (di 15)","Cantù, Cesare",nineteenth_century_bridge_candidate,nineteenth_century_bridge,audit_then_deduplicate,https://www.gutenberg.org/ebooks/69981,https://www.gutenberg.org/ebooks/69981.txt.utf-8,hit,quality_pass,,1154991,1135384,179088,17337,0,0.248571,0.795373,0.006794,1,editor_note:1,,,372086b0c4a25df6f6937b022b4ad936565d7836a172d8c1a6399dabbf2fa98c,159,,,,,,,,,,,quality_pass_pending_editorial_activation_review
70127,Federico Lennois : $b romanzo,"Mastriani, Francesco",nineteenth_century_bridge_candidate,nineteenth_century_bridge,audit_then_deduplicate,https://www.gutenberg.org/ebooks/70127,https://www.gutenberg.org/ebooks/70127.txt.utf-8,hit,quality_pass,,563373,543936,89909,8753,0,0.272731,0.799886,0.000517,1,editor_note:1,,,0267d31d2988270ad774607ea41f2654e9aad15e1e99adf61ac83a9d753cb767,86,,,,,,,,,,,quality_pass_pending_editorial_activation_review
70208,La vendetta di Zoe : $b Aristocrazia I,"Bersezio, Vittorio",nineteenth_century_bridge_candidate,nineteenth_century_bridge,audit_then_deduplicate,https://www.gutenberg.org/ebooks/70208,https://www.gutenberg.org/ebooks/70208.txt.utf-8,hit,quality_pass,,702515,683033,113235,11420,0,0.268733,0.787183,6.9e-05,1,editor_note:1,,,3b8ac42e5280ae6b985d1fd5e57544fc3f4a8afde01e372dabe1c79886626784,120,,,,,,,,,,,quality_pass_pending_editorial_activation_review
70335,La peste di Milano del 1630,"Ripamonti, Giuseppe",historical_general_candidate,origins_through_1800,audit_then_deduplicate,https://www.gutenberg.org/ebooks/70335,https://www.gutenberg.org/ebooks/70335.txt.utf-8,hit,quality_pass,,690666,671142,105734,10513,0,0.248813,0.792211,0.005184,1,editor_note:1,,,9026e4beb791dfb0b35c9601b7f3b1f49bc8828894d561cc2a27d6c8a5ae959e,104,,,,,,,,,,,quality_pass_pending_editorial_activation_review
70376,Il segreto di Matteo Arpione : $b Aristocrazia II,"Bersezio, Vittorio",nineteenth_century_bridge_candidate,nineteenth_century_bridge,audit_then_deduplicate,https://www.gutenberg.org/ebooks/70376,https://www.gutenberg.org/ebooks/70376.txt.utf-8,hit,quality_pass,,500532,481008,79326,7925,0,0.263596,0.787548,0.000148,1,editor_note:1,,,1ed661d2e73dea9c4f481667b1285840b827461b61bff87862e1f7ee704842cf,67,,,,,,,,,,,quality_pass_pending_editorial_activation_review
70722,"Storia degli Italiani, vol. 09 (di 15)","Cantù, Cesare",nineteenth_century_bridge_candidate,nineteenth_century_bridge,audit_then_deduplicate,https://www.gutenberg.org/ebooks/70722,https://www.gutenberg.org/ebooks/70722.txt.utf-8,hit,quality_pass,,1110835,1091286,174820,16684,0,0.253632,0.799459,0.00475,1,editor_note:1,,,182ba8aca3ecf7dc43d62a17f6916c0da10c4a64bc67aca749e95e8eadfccf9c,185,,,,,,,,,,,quality_pass_pending_editorial_activation_review
70898,"Storia degli Italiani, vol. 10 (di 15)","Cantù, Cesare",nineteenth_century_bridge_candidate,nineteenth_century_bridge,audit_then_deduplicate,https://www.gutenberg.org/ebooks/70898,https://www.gutenberg.org/ebooks/70898.txt.utf-8,hit,quality_pass,,1150394,1130846,179533,17263,0,0.250851,0.800098,0.005757,1,editor_note:1,,,6eff7084fc71255d1144537bcd03737b61902a54b8ea7145b64708c94c4b33e5,182,,,,,,,,,,,quality_pass_pending_editorial_activation_review
70925,Candaule,"Sacchetti, Roberto",nineteenth_century_bridge_candidate,nineteenth_century_bridge,audit_then_deduplicate,https://www.gutenberg.org/ebooks/70925,https://www.gutenberg.org/ebooks/70925.txt.utf-8,hit,quality_pass,,342295,322857,52632,5918,0,0.263604,0.786072,4.3e-05,1,editor_note:1,,,972a21dd88b67831c9f441c1cd3ec765fd8d340aba1ca5f55603b72244aff53c,54,,,,,,,,,,,quality_pass_pending_editorial_activation_review
71115,"Storia degli Italiani, vol. 11 (di 15)","Cantù, Cesare",nineteenth_century_bridge_candidate,nineteenth_century_bridge,audit_then_deduplicate,https://www.gutenberg.org/ebooks/71115,https://www.gutenberg.org/ebooks/71115.txt.utf-8,hit,quality_pass,,1218894,1199344,189532,18309,0,0.253292,0.797906,0.006322,1,editor_note:1,,,01ce96c1d174dc9a4768990252f6be6c5ef517d23793595c0a0b77bd93392daa,191,,,,,,,,,,,quality_pass_pending_editorial_activation_review
71290,"Storia degli Italiani, vol. 12 (di 15)","Cantù, Cesare",nineteenth_century_bridge_candidate,nineteenth_century_bridge,audit_then_deduplicate,https://www.gutenberg.org/ebooks/71290,https://www.gutenberg.org/ebooks/71290.txt.utf-8,hit,quality_pass,,1230999,1211448,189566,18455,0,0.246906,0.803453,0.005644,1,editor_note:1,,,02e9eb3fc7d55d3910e6a17cc7bab624b9ee06e1e0eb796c926fbee005da322c,191,,,,,,,,,,,quality_pass_pending_editorial_activation_review
71295,Le lotte di classe in Francia dal 1848 al 1850,"Marx, Karl",nineteenth_century_bridge_candidate,nineteenth_century_bridge,audit_then_deduplicate,https://www.gutenberg.org/ebooks/71295,https://www.gutenberg.org/ebooks/71295.txt.utf-8,hit,quality_pass,,325792,306191,45668,4644,0,0.244942,0.817068,0.005043,1,editor_note:1,,,5e6a24774e2f024c6bb110932af9c68150fdb06387fa00b752181dcc429a3242,55,,,,,,,,,,,quality_pass_pending_editorial_activation_review
71320,Tenda e castello,"Sacchetti, Roberto",nineteenth_century_bridge_candidate,nineteenth_century_bridge,audit_then_deduplicate,https://www.gutenberg.org/ebooks/71320,https://www.gutenberg.org/ebooks/71320.txt.utf-8,hit,quality_pass,,305663,286193,46870,5190,0,0.264882,0.780966,0.000252,1,editor_note:1,,,7440d09647404b9f74abc4575e3a3eaf02c6037cee9d5b9db5238d278d491d08,41,,,,,,,,,,,quality_pass_pending_editorial_activation_review
71399,Racconti popolari,"Thouar, Pietro",nineteenth_century_bridge_candidate,nineteenth_century_bridge,audit_then_deduplicate,https://www.gutenberg.org/ebooks/71399,https://www.gutenberg.org/ebooks/71399.txt.utf-8,hit,quality_pass,,653238,633786,107069,10153,0,0.275355,0.783357,0.002618,1,editor_note:1,,review_language_variety_marker,6fb93b20a8a1ea1f7b39b83e74b1310bb0a71f30e0520533d9438d15dd579abf,100,,,,,,,,,accept_standard_tuscan_with_vocabulary_notes,The preface mentions occasional obsolete or Tuscan vernacular vocabulary; the collection is core-compatible.,quality_pass_pending_editorial_activation_review
71403,"Lodovico il Moro : $b o Condizioni, usi, costumi, singolarità e memorabili avvenimenti di Milano sulla fine del secolo XV. Romanzo storico","Campiglio, Giovanni",nineteenth_century_bridge_candidate,nineteenth_century_bridge,audit_then_deduplicate,https://www.gutenberg.org/ebooks/71403,https://www.gutenberg.org/ebooks/71403.txt.utf-8,hit,quality_pass,,308376,288740,47910,4414,0,0.257525,0.800097,0.001122,1,editor_note:1,,,d5a6fc3d1c0a26bd3929a0974687a6a4e70e988c9349264978d0a43fd390541b,48,,,,,,,,,,,quality_pass_pending_editorial_activation_review
71554,"Storia degli Italiani, vol. 13 (di 15)","Cantù, Cesare",nineteenth_century_bridge_candidate,nineteenth_century_bridge,audit_then_deduplicate,https://www.gutenberg.org/ebooks/71554,https://www.gutenberg.org/ebooks/71554.txt.utf-8,hit,quality_pass,,1160644,1141087,177180,17307,0,0.249453,0.805467,0.005771,1,editor_note:1,,,d6d60556ba1a4701cc7957c06df3ec12f617d8b807a8095e8c1da5b269ea2832,189,,,,,,,,,,,quality_pass_pending_editorial_activation_review
72321,"Pompei e le sue rovine, Vol. 1 (of 3)","Curti, Pier Ambrogio",nineteenth_century_bridge_candidate,nineteenth_century_bridge,audit_then_deduplicate,https://www.gutenberg.org/ebooks/72321,https://www.gutenberg.org/ebooks/72321.txt.utf-8,hit,quality_pass,,568846,549308,85966,9049,0,0.237606,0.776741,0.00578,3,editor_note:1;errata:2,,,a85fc08a36a04cd89b248ad0e8dc363b24e2c45d9e2e45221d0fac24fec34771,90,,,,,,,,,,,quality_pass_pending_editorial_activation_review
72322,"Pompei e le sue rovine, Vol. 2 (of 3)","Curti, Pier Ambrogio",nineteenth_century_bridge_candidate,nineteenth_century_bridge,audit_then_deduplicate,https://www.gutenberg.org/ebooks/72322,https://www.gutenberg.org/ebooks/72322.txt.utf-8,hit,quality_pass,,602261,582723,91192,9599,0,0.241556,0.779226,0.004913,1,editor_note:1,,,8c48fbb49f447528e3c68313b12e5de75b76ee0371eae1db2716dbc4f2187b5e,94,,,,,,,,,,,quality_pass_pending_editorial_activation_review
72323,"Pompei e le sue rovine, Vol. 3 (of 3)","Curti, Pier Ambrogio",nineteenth_century_bridge_candidate,nineteenth_century_bridge,audit_then_deduplicate,https://www.gutenberg.org/ebooks/72323,https://www.gutenberg.org/ebooks/72323.txt.utf-8,hit,quality_pass,,629000,609462,93428,10421,0,0.236203,0.762689,0.005799,1,editor_note:1,,,511f87eae851ab4b9a7eff39ea2926a5ce8c0df7316b26a61fa40993f69a86c9,79,,,,,,,,,,,quality_pass_pending_editorial_activation_review
72382,Racconti storici,"Bazzoni, Giambattista",nineteenth_century_bridge_candidate,nineteenth_century_bridge,audit_then_deduplicate,https://www.gutenberg.org/ebooks/72382,https://www.gutenberg.org/ebooks/72382.txt.utf-8,hit,quality_pass,,283149,263843,43582,4166,0,0.242164,0.801439,0.000462,1,editor_note:1,,,8f5bb95d3448a739df6c4da1cb6175918ba44dde3d96c50f41015fdaa4db2ef2,55,,,,,,,,,,,quality_pass_pending_editorial_activation_review
72470,Racconti storici - Nuovo volume,"Bazzoni, Giambattista",nineteenth_century_bridge_candidate,nineteenth_century_bridge,audit_then_deduplicate,https://www.gutenberg.org/ebooks/72470,https://www.gutenberg.org/ebooks/72470.txt.utf-8,hit,quality_pass,,230134,210593,34318,3280,0,0.237747,0.804276,0.001125,1,editor_note:1,,,83f32243e0fd93dc6a4c3d8c46ddbe249653558e0132c43aa64a655fb53e399a,31,,,,,,,,,,,quality_pass_pending_editorial_activation_review
72866,"Storia degli Italiani, vol. 14 (di 15)","Cantù, Cesare",nineteenth_century_bridge_candidate,nineteenth_century_bridge,audit_then_deduplicate,https://www.gutenberg.org/ebooks/72866,https://www.gutenberg.org/ebooks/72866.txt.utf-8,hit,quality_pass,,846397,826839,119126,12383,0,0.249652,0.755049,0.014133,1,editor_note:1,,,4b60dcdca9c37d2988315f0c84492f22eba4c810bc7440f6fd924d64617389a9,108,,,,,,,,,,,quality_pass_pending_editorial_activation_review
73194,"Il palazzo del diavolo, vol. 1/2 : $b Leggenda mantovana","Barbieri, Ulisse",nineteenth_century_bridge_candidate,nineteenth_century_bridge,audit_then_deduplicate,https://www.gutenberg.org/ebooks/73194,https://www.gutenberg.org/ebooks/73194.txt.utf-8,hit,quality_pass,,208895,189355,31605,3061,0,0.259927,0.786068,0.000412,1,editor_note:1,,,dc1f4b51ce9912d44a03bf859e41d03a7bc8bb5c66f59ace8f6c37784ca057b3,32,,,,,,,,,,,quality_pass_pending_editorial_activation_review
73195,"Il palazzo del diavolo, vol. 2/2 : $b Leggenda mantovana","Barbieri, Ulisse",nineteenth_century_bridge_candidate,nineteenth_century_bridge,audit_then_deduplicate,https://www.gutenberg.org/ebooks/73195,https://www.gutenberg.org/ebooks/73195.txt.utf-8,hit,quality_pass,,226574,207034,34353,3349,0,0.259133,0.780978,0.000411,1,editor_note:1,,,bddd8917efa16f6a5bc4ab5edf603643b08533334e667c12a8ecb1783943903a,31,,,,,,,,,,,quality_pass_pending_editorial_activation_review
73485,"Storia degli Italiani, vol. 15 (di 15)","Cantù, Cesare",nineteenth_century_bridge_candidate,nineteenth_century_bridge,audit_then_deduplicate,https://www.gutenberg.org/ebooks/73485,https://www.gutenberg.org/ebooks/73485.txt.utf-8,hit,quality_pass,,708856,689301,99253,12487,0,0.20219,0.721441,0.024711,2,alphabetical_index:1;editor_note:1,,,23438cc4017c2eeaa26e1f9a9e55838898b7caba4cf49e01915c37468612dd30,90,,,,,,,,,,,quality_pass_pending_editorial_activation_review
73733,Virtù e delitto : $b O la famiglia del masnadiero: novella storica del secolo XVI,"Barbieri, Gaetano",nineteenth_century_bridge_candidate,nineteenth_century_bridge,audit_then_deduplicate,https://www.gutenberg.org/ebooks/73733,https://www.gutenberg.org/ebooks/73733.txt.utf-8,hit,quality_pass,,151706,132195,22059,2166,0,0.252414,0.791694,0.00031,2,editor_note:1;errata:1,,,b2cb12e360fcd474bb82f427be432d5f59c4090c94a5bdaccc09dea534a5472a,24,,,,,,,,,,,quality_pass_pending_editorial_activation_review
74414,Medaglioni,"Nencioni, Enrico",nineteenth_century_bridge_candidate,nineteenth_century_bridge,audit_then_deduplicate,https://www.gutenberg.org/ebooks/74414,https://www.gutenberg.org/ebooks/74414.txt.utf-8,hit,quality_pass,,172480,153049,24928,2431,0,0.260992,0.768878,0.001535,1,editor_note:1,,,5ce52de3f6d854c04a5ff6e38bc5647bb2da1b5086f122484803775dcb62adf4,19,,,,,,,,,,,quality_pass_pending_editorial_activation_review
75122,"Garibaldi, Vol. 1 (of 2) : $b (1807-1859)","Guerzoni, Giuseppe",nineteenth_century_bridge_candidate,nineteenth_century_bridge,audit_then_deduplicate,https://www.gutenberg.org/ebooks/75122,https://www.gutenberg.org/ebooks/75122.txt.utf-8,hit,quality_pass,,972675,953172,152414,14992,0,0.262804,0.794443,0.004612,4,editor_note:1;errata:3,,,52611b27653ad0b7adac78d6aae3c3b99088c5aa23ceee07468ed99efab71461,150,,,,,,,,,,,quality_pass_pending_editorial_activation_review
75139,"Garibaldi,  Vol. 2 (of 2) : $b (1860-1882)","Guerzoni, Giuseppe",nineteenth_century_bridge_candidate,nineteenth_century_bridge,audit_then_deduplicate,https://www.gutenberg.org/ebooks/75139,https://www.gutenberg.org/ebooks/75139.txt.utf-8,hit,quality_pass,,1320103,1300596,204753,20758,0,0.256885,0.786535,0.009319,3,editor_note:1;errata:2,,,fa63bdf62da51478ff61d1ee0c3d1b6fbcc3941a00c41d65ecf6ebf4af2ec5b7,194,,,,,,,,,,,quality_pass_pending_editorial_activation_review
75196,"La giovinezza di Giulio Cesare, Volume 1 (of 2)","Rovani, Giuseppe",nineteenth_century_bridge_candidate,nineteenth_century_bridge,audit_then_deduplicate,https://www.gutenberg.org/ebooks/75196,https://www.gutenberg.org/ebooks/75196.txt.utf-8,hit,quality_pass,,240060,220474,36418,3509,0,0.258663,0.796439,0.000444,1,editor_note:1,,,942a6e002cf3a3f8e6d4a2deedc1925759bbaaf1eb8c0a02283dd1e89bf04913,41,,,,,,,,,,,quality_pass_pending_editorial_activation_review
75197,"La giovinezza di Giulio Cesare, Volume 2 (of 2)","Rovani, Giuseppe",nineteenth_century_bridge_candidate,nineteenth_century_bridge,audit_then_deduplicate,https://www.gutenberg.org/ebooks/75197,https://www.gutenberg.org/ebooks/75197.txt.utf-8,hit,quality_pass,,251826,232240,38022,3737,0,0.255273,0.793593,0.000409,1,editor_note:1,,,3a3c249b5088b86a75a3a7bd45d117e12aa519994bad1bf70ff157079fd75687,33,,,,,,,,,,,quality_pass_pending_editorial_activation_review
75660,Uno dei Mille della spedizione garibaldina nel Mezzodì d'Italia : $b romanzo storico,"Ottolini, V. (Vittore)",nineteenth_century_bridge_candidate,nineteenth_century_bridge,audit_then_deduplicate,https://www.gutenberg.org/ebooks/75660,https://www.gutenberg.org/ebooks/75660.txt.utf-8,hit,quality_pass,,530905,511279,82173,8485,0,0.252966,0.78436,0.001874,1,editor_note:1,,,fbf374b63deed2abf396c1fe65704e4c500bad1fc1a14510bbbb4463e48d6584,79,,,,,,,,,,,quality_pass_pending_editorial_activation_review
75829,Degli ultimi casi di Romagna,"Azeglio, Massimo d'",nineteenth_century_bridge_candidate,nineteenth_century_bridge,audit_then_deduplicate,https://www.gutenberg.org/ebooks/75829,https://www.gutenberg.org/ebooks/75829.txt.utf-8,hit,quality_pass,,434562,415037,66588,6529,0,0.249009,0.801266,0.002159,1,editor_note:1,,,3bab026de71fae3793ffa6f191ba39bf0bec6bf2d7a04508ffe903c5f6b7fabe,68,,,,,,,,,,,quality_pass_pending_editorial_activation_review
75916,Un matrimonio eccentrico : $b romanzo,"Gualdo, Luigi",nineteenth_century_bridge_candidate,nineteenth_century_bridge,audit_then_deduplicate,https://www.gutenberg.org/ebooks/75916,https://www.gutenberg.org/ebooks/75916.txt.utf-8,hit,quality_pass,,463768,444248,73131,6983,0,0.265551,0.798131,2.9e-05,1,editor_note:1,,,c0d3605a343d683048f5782a342bf0847977b64f6176c35f85595bb7ae5af5a9,64,,,,,,,,,,,quality_pass_pending_editorial_activation_review
76035,Alcibiade : $b scene Greche in dieci quadri,"Cavallotti, Felice",nineteenth_century_bridge_candidate,nineteenth_century_bridge,audit_then_deduplicate,https://www.gutenberg.org/ebooks/76035,https://www.gutenberg.org/ebooks/76035.txt.utf-8,hit,quality_pass,,843214,823730,131205,13337,0,0.238299,0.754166,0.00873,1,editor_note:1,,,2a4e5e8d5b6fa0023fa694c591283efb8efc4b8da29cf4c881372e713ae20a55,131,,,,,,,,,,,quality_pass_pending_editorial_activation_review
76141,Note di un viaggio in Persia nel 1862,"De Filippi, Filippo",nineteenth_century_bridge_candidate,nineteenth_century_bridge,audit_then_deduplicate,https://www.gutenberg.org/ebooks/76141,https://www.gutenberg.org/ebooks/76141.txt.utf-8,hit,quality_pass,,797607,778047,122175,11979,0,0.247833,0.79975,0.00269,1,editor_note:1,,,e8e22bba490e93f0cd68972feced9992a50e411c66eb096e6fc4db108491c46c,127,,,,,,,,,,,quality_pass_pending_editorial_activation_review
76164,La tratta dei fanciulli : $b racconto sociale,"Guerzoni, Giuseppe",nineteenth_century_bridge_candidate,nineteenth_century_bridge,audit_then_deduplicate,https://www.gutenberg.org/ebooks/76164,https://www.gutenberg.org/ebooks/76164.txt.utf-8,hit,quality_pass,,256713,237184,39301,3842,0,0.272283,0.7923,0.000734,1,editor_note:1,,,114eb4f0605d159f4f58ea595a36a7bccb9cd9bf984a031dc7a7102a11e4a6a8,47,,,,,,,,,,,quality_pass_pending_editorial_activation_review
76349,Marcantonio Colonna alla battaglia di Lepanto,"Guglielmotti, Alberto P.",nineteenth_century_bridge_candidate,nineteenth_century_bridge,audit_then_deduplicate,https://www.gutenberg.org/ebooks/76349,https://www.gutenberg.org/ebooks/76349.txt.utf-8,hit,quality_pass,,850765,831197,129547,13296,0,0.243587,0.765174,0.017884,3,alphabetical_index:2;editor_note:1,,,6bed1723392f8cfb65c2f335a810ea59aa250741011da7fdb1df201c3d1f1634,111,,,,,,,,,,,quality_pass_pending_editorial_activation_review
76373,Roma contemporanea,"About, Edmond",nineteenth_century_bridge_candidate,nineteenth_century_bridge,audit_then_deduplicate,https://www.gutenberg.org/ebooks/76373,https://www.gutenberg.org/ebooks/76373.txt.utf-8,hit,quality_pass,,570777,551287,91641,8635,0,0.25972,0.795279,0.002766,1,editor_note:1,,,c38077797b7547b53903c5c445738cd2a474dc85dc366e571415cd0b0b1cfd0a,83,,,,,,,,,,,quality_pass_pending_editorial_activation_review
76402,"Olimpia; ossia, L'orfana della Selleide : $b romanzo","Mezzanotte, Adolfo",nineteenth_century_bridge_candidate,nineteenth_century_bridge,audit_then_deduplicate,https://www.gutenberg.org/ebooks/76402,https://www.gutenberg.org/ebooks/76402.txt.utf-8,hit,quality_pass,,200461,180904,28845,2777,0,0.228532,0.807102,1.1e-05,1,editor_note:1,,,968dd168737bda509e374f462837b67a252555bf60956fa6aaf3cf43d823118e,25,,,,,,,,,,,quality_pass_pending_editorial_activation_review
76473,"Storia della città di Roma nel medio evo, vol. 1/8 : $b dal secolo V al XVI","Gregorovius, Ferdinand",nineteenth_century_bridge_candidate,nineteenth_century_bridge,audit_then_deduplicate,https://www.gutenberg.org/ebooks/76473,https://www.gutenberg.org/ebooks/76473.txt.utf-8,hit,quality_pass,,940643,920941,146084,14117,0,0.241087,0.788484,0.007519,1,editor_note:1,,,dd0c98393dd66dfd6beacc7cb50b0bb17846e09cb347f88069529cb1d84e1765,127,,,,,,,,,,,quality_pass_pending_editorial_activation_review
76516,"Memorie d'un disertore, vol. 1/3 : $b storia d'una famiglia di patriotti","Guerzoni, Giuseppe",nineteenth_century_bridge_candidate,nineteenth_century_bridge,audit_then_deduplicate,https://www.gutenberg.org/ebooks/76516,https://www.gutenberg.org/ebooks/76516.txt.utf-8,hit,quality_pass,,245382,225804,37216,3671,0,0.271147,0.789756,0.000983,1,editor_note:1,,,3e282e1bd97a8a63a1ec39ebcb778fbe06bd9b4707fc86bf7491f89e665383f1,37,,,,,,,,,,,quality_pass_pending_editorial_activation_review
76517,"Memorie d'un disertore, vol. 2/3 : $b storia d'una famiglia di patriotti","Guerzoni, Giuseppe",nineteenth_century_bridge_candidate,nineteenth_century_bridge,audit_then_deduplicate,https://www.gutenberg.org/ebooks/76517,https://www.gutenberg.org/ebooks/76517.txt.utf-8,hit,quality_pass,,241999,222421,36784,3732,0,0.267943,0.784422,0.000504,1,editor_note:1,,,9ae0bd281c86bab0d74bf2492eba7dda592b84acbd4e34c4128775919d1b4325,24,,,,,,,,,,,quality_pass_pending_editorial_activation_review
76518,"Memorie d'un disertore, vol. 3/3 : $b storia d'una famiglia di patriotti","Guerzoni, Giuseppe",nineteenth_century_bridge_candidate,nineteenth_century_bridge,audit_then_deduplicate,https://www.gutenberg.org/ebooks/76518,https://www.gutenberg.org/ebooks/76518.txt.utf-8,hit,quality_pass,,183037,163459,26745,2757,0,0.272761,0.790015,0.000685,2,editor_note:1;errata:1,,,75a4ae534b593dc9c525f71fd76aba0e45d5f2b2c58a732ddbb970bcf7a46263,35,,,,,,,,,,,quality_pass_pending_editorial_activation_review
76652,Pompei,"Vecchi, Candido Augusto",nineteenth_century_bridge_candidate,nineteenth_century_bridge,audit_then_deduplicate,https://www.gutenberg.org/ebooks/76652,https://www.gutenberg.org/ebooks/76652.txt.utf-8,hit,quality_pass,,748872,729459,120454,11536,0,0.263902,0.785355,0.000291,2,editor_note:1;errata:1,,,235e2ed89c9a53882eabd7587f4bca8cf176f227de2be9075aa882122699bc2c,142,,,,,,,,,,,quality_pass_pending_editorial_activation_review
76678,"Storia della città di Roma nel medio evo, vol. 2/8 : $b dal secolo V al XVI","Gregorovius, Ferdinand",nineteenth_century_bridge_candidate,nineteenth_century_bridge,audit_then_deduplicate,https://www.gutenberg.org/ebooks/76678,https://www.gutenberg.org/ebooks/76678.txt.utf-8,hit,quality_pass,,988975,969271,152660,14865,0,0.246456,0.78762,0.009038,1,editor_note:1,,,ab91873c5b706f9587e88f07cd7b54cc80fd6c774876af9cdec18cfe15c5d672,155,,,,,,,,,,,quality_pass_pending_editorial_activation_review
76738,Delle speranze d'Italia,"Balbo, Cesare, conte",nineteenth_century_bridge_candidate,nineteenth_century_bridge,deduplicate_before_full_text_audit,https://www.gutenberg.org/ebooks/76738,https://www.gutenberg.org/ebooks/76738.txt.utf-8,hit,quality_pass,,736187,716669,117174,10639,0,0.246172,0.798084,0.002082,1,editor_note:1,,,a806412a2fd3806438af85ae58cfa274de11a77eddb41edc4b6c1df35105eaf5,125,bibit:bibit001479,,,,bibit:bibit001479|candidate_containment=0.681009|reference_containment=0.952426|exact=false,,embedded_reference_only,,,,quarantine_embedded_duplicate_segments_before_activation
77018,Madri.... per ridere : $b romanzo,"Tronconi, Cesare",nineteenth_century_bridge_candidate,nineteenth_century_bridge,audit_then_deduplicate,https://www.gutenberg.org/ebooks/77018,https://www.gutenberg.org/ebooks/77018.txt.utf-8,hit,quality_pass,,390732,371222,59536,6474,0,0.260548,0.748566,0.000269,1,editor_note:1,,,e6fa8ebdc769d4fd7d7704192b6a98e31b5bbe5ba37d6f703be68f4be0c61b3b,51,,,,,,,,,,,quality_pass_pending_editorial_activation_review
77118,La figlia di Jefte : $b commedia in un atto,"Cavallotti, Felice",nineteenth_century_bridge_candidate,nineteenth_century_bridge,audit_then_deduplicate,https://www.gutenberg.org/ebooks/77118,https://www.gutenberg.org/ebooks/77118.txt.utf-8,hit,quality_pass,,70284,50788,8064,904,0,0.244916,0.722356,9.8e-05,1,editor_note:1,,,6b72e73ddd3809b06e1582fe4c9ce167cea3cd03b05ee834eb70de803cf9cf9e,8,,,,,,,,,,,quality_pass_pending_editorial_activation_review
77121,Amore nell'arte,"Tarchetti, Iginio Ugo",nineteenth_century_bridge_candidate,nineteenth_century_bridge,audit_then_deduplicate,https://www.gutenberg.org/ebooks/77121,https://www.gutenberg.org/ebooks/77121.txt.utf-8,hit,quality_pass,,217984,198508,33138,3036,0,0.268182,0.797383,0.000111,1,editor_note:1,,,d6aa1e2c16f2b3856c3445a5e03dd47d09bfee0c7c0e0ecd456f0d40c3786af0,34,,,,,,,,,,,quality_pass_pending_editorial_activation_review
77167,L'Acerba,"Cecco, d'Ascoli",historical_non_sonnet_poetry_candidate,origins_through_1800,deduplicate_before_full_text_audit,https://www.gutenberg.org/ebooks/77167,https://www.gutenberg.org/ebooks/77167.txt.utf-8,hit,quality_pass,,312362,292905,47099,6609,0,0.19338,0.669244,0.014496,1,editor_note:1,,,722f7f95d7b7a4b2295b8910bb4ef7ab7d6e1ffcb6d18b6a6fcf1377dbdac62f,66,bibit:bibit001436,,,,,,,,,,quality_pass_pending_editorial_activation_review
77283,"Storia della città di Roma nel medio evo, vol. 3/8 : $b dal secolo V al XVI","Gregorovius, Ferdinand",nineteenth_century_bridge_candidate,nineteenth_century_bridge,audit_then_deduplicate,https://www.gutenberg.org/ebooks/77283,https://www.gutenberg.org/ebooks/77283.txt.utf-8,hit,quality_pass,,1165081,1145378,179876,17489,0,0.242878,0.783701,0.00948,1,editor_note:1,,,2153ed892bcaece13a03c8644ab1a96b8d29339eda0dbe49bcfa8e7c1771d533,174,,,,,,,,,,,quality_pass_pending_editorial_activation_review
77492,La separazione : $b commedia in quattro atti,"Ferrari, Paolo",nineteenth_century_bridge_candidate,nineteenth_century_bridge,audit_then_deduplicate,https://www.gutenberg.org/ebooks/77492,https://www.gutenberg.org/ebooks/77492.txt.utf-8,hit,quality_pass,,117823,98454,15534,1897,0,0.242178,0.733987,0.000802,1,editor_note:1,,,1d36f70e89ea4c565dc023304a6371f3ca71361673dca0cbac69bfebc459ce58,10,,,,,,,,,,,quality_pass_pending_editorial_activation_review
78188,"Storia della città di Roma nel medio evo, vol. 4/8 : $b dal secolo V al XVI","Gregorovius, Ferdinand",nineteenth_century_bridge_candidate,nineteenth_century_bridge,audit_then_deduplicate,https://www.gutenberg.org/ebooks/78188,https://www.gutenberg.org/ebooks/78188.txt.utf-8,hit,quality_pass,,1374460,1354760,213025,20790,0,0.239164,0.788567,0.010053,2,editor_note:1;errata:1,,,49ab13a9d9fe2f5a1356c82c284003fa6a2338e2c65fa6d583f49831624983f7,197,,,,,,,,,,,quality_pass_pending_editorial_activation_review
78242,Le donne di Nerone : $b romanzo,"Capranica, Luigi",nineteenth_century_bridge_candidate,nineteenth_century_bridge,audit_then_deduplicate,https://www.gutenberg.org/ebooks/78242,https://www.gutenberg.org/ebooks/78242.txt.utf-8,hit,quality_pass,,605612,586142,95305,10368,0,0.249882,0.787865,0.00137,1,editor_note:1,,,89c1e3b230ffe49781b995d56c1b4dd436b3cc70eb0089deee5e710cbbba993e,95,,,,,,,,,,,quality_pass_pending_editorial_activation_review
78396,"La figlia d'un ghibellino, vol. 1/2 : $b Romanzo storico risguardante Milano al cominciare del secolo XV","Campiglio, Giovanni",nineteenth_century_bridge_candidate,nineteenth_century_bridge,audit_then_deduplicate,https://www.gutenberg.org/ebooks/78396,https://www.gutenberg.org/ebooks/78396.txt.utf-8,hit,quality_pass,,267535,247935,41802,3946,0,0.257835,0.78719,0.000456,1,editor_note:1,,,d7320915704624dbc7cca19d81eac0c4a7461a53a311d87ab8cc70a6e7d04a49,34,,,,,,,,,,,quality_pass_pending_editorial_activation_review
78397,"La figlia d'un ghibellino, vol. 2/2 : $b Romanzo storico risguardante Milano al cominciare del secolo XV","Campiglio, Giovanni",nineteenth_century_bridge_candidate,nineteenth_century_bridge,audit_then_deduplicate,https://www.gutenberg.org/ebooks/78397,https://www.gutenberg.org/ebooks/78397.txt.utf-8,hit,quality_pass,,203347,183747,30794,2900,0,0.260083,0.790206,0.000446,1,editor_note:1,,,1466485c0594d8ac5e69ebc078237b52dcceb102fc7b82060292d8147297cb6c,31,,,,,,,,,,,quality_pass_pending_editorial_activation_review
78619,"Storia della città di Roma nel medio evo, vol. 5/8 : $b dal secolo V al XVI","Gregorovius, Ferdinand",nineteenth_century_bridge_candidate,nineteenth_century_bridge,audit_then_deduplicate,https://www.gutenberg.org/ebooks/78619,https://www.gutenberg.org/ebooks/78619.txt.utf-8,hit,quality_pass,,1312776,1293079,202263,19872,0,0.243119,0.783825,0.01313,4,editor_note:1;errata:3,,,eae3854903c5558d6a048875eda8ba91c34a457ef63f4e95e761543b301b0d6b,169,,,,,,,,,,,quality_pass_pending_editorial_activation_review
79029,"Kenilworth, vol. 1/4","Scott, Walter",nineteenth_century_bridge_candidate,nineteenth_century_bridge,audit_then_deduplicate,https://www.gutenberg.org/ebooks/79029,https://www.gutenberg.org/ebooks/79029.txt.utf-8,hit,quality_pass,,311885,292360,48549,4610,0,0.254794,0.786903,0.000527,1,editor_note:1,,,72b4f17eb3b692fa64987239ec5938af31a0ae7bae6df73a9f7ac1ee3c18e0df,41,,,,,,,,,,,quality_pass_pending_editorial_activation_review
79030,"Kenilworth, vol. 2/4","Scott, Walter",nineteenth_century_bridge_candidate,nineteenth_century_bridge,audit_then_deduplicate,https://www.gutenberg.org/ebooks/79030,https://www.gutenberg.org/ebooks/79030.txt.utf-8,hit,quality_pass,,312616,293091,48457,4635,0,0.257321,0.792228,0.00015,1,editor_note:1,,,a1118a4923aa0f04212e0a8e178d9f4106d3f97a10e2d9aa5dad92d90e3d5ce2,44,,,,,,,,,,,quality_pass_pending_editorial_activation_review
79031,"Kenilworth, vol. 3/4","Scott, Walter",nineteenth_century_bridge_candidate,nineteenth_century_bridge,audit_then_deduplicate,https://www.gutenberg.org/ebooks/79031,https://www.gutenberg.org/ebooks/79031.txt.utf-8,hit,quality_pass,,341684,322159,52663,5064,0,0.247707,0.792655,0.000161,1,editor_note:1,,,8de485726841b029ff8dc1443f6e24a354d9ceb5e875426a0064c1c8e3b7ba03,65,,,,,,,,,,,quality_pass_pending_editorial_activation_review
79032,"Kenilworth, vol. 4/4","Scott, Walter",nineteenth_century_bridge_candidate,nineteenth_century_bridge,audit_then_deduplicate,https://www.gutenberg.org/ebooks/79032,https://www.gutenberg.org/ebooks/79032.txt.utf-8,hit,quality_pass,,326147,306622,50055,4844,0,0.250804,0.794509,0.000248,1,editor_note:1,,,98c20b6d2a40cf610f2166b15dfe23ef03abba49183555fa72442c391d51461a,54,,,,,,,,,,,quality_pass_pending_editorial_activation_review
79157,"Delle guerre del Peloponneso, libri VIII, vol. 1/2",Thucydides,historical_general_candidate,origins_through_1800,audit_then_deduplicate,https://www.gutenberg.org/ebooks/79157,https://www.gutenberg.org/ebooks/79157.txt.utf-8,hit,quality_pass,,860777,841124,134949,12650,0,0.251376,0.803827,0.00532,1,editor_note:1,,,4ab6b0f5c265e2e3c10b2b7671c3a7eed5e6a7d6f43c7917d11f37c32623112d,126,,,,,,,,,,,quality_pass_pending_editorial_activation_review
79158,"Delle guerre del Peloponneso, libri VIII, vol. 2/2",Thucydides,historical_general_candidate,origins_through_1800,audit_then_deduplicate,https://www.gutenberg.org/ebooks/79158,https://www.gutenberg.org/ebooks/79158.txt.utf-8,hit,quality_pass,,738716,719063,107554,11835,0,0.243998,0.740781,0.015374,1,editor_note:1,,,339142fbb925083152e3b04cea6dee954e38c2aa34695b81bfe3d1a97cb1ee95,89,,,,,,,,,,,quality_pass_pending_editorial_activation_review
