segment_id,record_id,source_sha256,character_start,character_end,character_count,segment_sha256,segment_decision,final_role,reason,reference_ids,start_anchor,end_anchor,activation_status,artifact_status,output_shard_path,output_byte_start,output_byte_end,output_sha256
ll:2344098:seg0001,ll:2344098,c419b6066c992ea2920da245d4507f49a9408eaecbafdcefad1095b5ffb9a176,0,8339,8339,49357eecea5f03e4683722926d5046740f2a536ce92db7377cfeec6b0632f733,include_broader_text,historical_non_sonnet_poetry,retained_primary_text,,Note di edizione: Criteri seguiti per la trascrizione Si è corretto qualche evidente errore di composizione tipografica,dia ai nati Libri i Vermi. § § § § IL SIGNOR LUIGI FICIENI Al Libro.,inactive_pending_cross_archive_freeze,materialized_in_inactive_record,data/processed/liber_liber_resolved_v1/historical_non_sonnet_poetry/part-0001.txt,0,8427,49357eecea5f03e4683722926d5046740f2a536ce92db7377cfeec6b0632f733
ll:2344098:seg0002,ll:2344098,c419b6066c992ea2920da245d4507f49a9408eaecbafdcefad1095b5ffb9a176,8339,8994,655,5265519fba15d3f75cd8dbdeba7d7fd8ec00989148a2cfbe41e8096210ce77c9,exclude_isolated_sonnet_from_broader_text,excluded,sonnet_isolated_from_broader_stage,,"Bel Cantor de l'Età, Parto secondo, Nasci con l'arco in man sott'al mio guardo, Per combattere,","lo il tuo ferir canoro, Al cupo sen de l'assettato Avaro: Poiché ogni stral, che vibri, ha punta d'oro.",inactive_pending_cross_archive_freeze,not_materialized,,,,
ll:2344098:seg0003,ll:2344098,c419b6066c992ea2920da245d4507f49a9408eaecbafdcefad1095b5ffb9a176,8994,319209,310215,4715a46e4c5cb9e2aff0b593850da3d6053d8293f12216f0a4cba4968ec71f4a,include_broader_text,historical_non_sonnet_poetry,retained_primary_text,,§ § § § LETTORE. In questo Libro di finta Critica non mi cadde in mente di pe,Senec. (193) Luc. (194) Tacit. (195) Senec. (196) Tacit. (197) Iuven. (198) Poli. (199) Plut. (200) Guar. (201) Horat.,inactive_pending_cross_archive_freeze,materialized_in_inactive_record,data/processed/liber_liber_resolved_v1/historical_non_sonnet_poetry/part-0001.txt,8428,321279,4715a46e4c5cb9e2aff0b593850da3d6053d8293f12216f0a4cba4968ec71f4a
ll:2344100:seg0001,ll:2344100,1fbcda9e925b34a1cd8e3e97177aa46ad5c20b91e1ac647cb9b40e9d02fd03c6,0,366360,366360,1fbcda9e925b34a1cd8e3e97177aa46ad5c20b91e1ac647cb9b40e9d02fd03c6,include_broader_text,nineteenth_century_bridge,retained_primary_text,,COSE VEDUTE NOVELLE con Prefazione di Mario Pratesi S.T.E.N. Società Tipografico-Editrice Nazionale (già Roux e Viarengo,Prefazione Nunzia Le Nozze d'Arcangela Primi duoli Prendi moglie I baffi e il cuore del signor Saul Il dottor Crisante,inactive_pending_cross_archive_freeze,materialized_in_inactive_record,data/processed/liber_liber_resolved_v1/nineteenth_century_bridge/part-0001.txt,0,369767,1fbcda9e925b34a1cd8e3e97177aa46ad5c20b91e1ac647cb9b40e9d02fd03c6
ll:2344104:seg0001,ll:2344104,6d745c846c853823a9dce9143e1bba5c2e53866c994b0511a6a5e2240150d4e0,0,773179,773179,6d745c846c853823a9dce9143e1bba5c2e53866c994b0511a6a5e2240150d4e0,include_broader_text,nineteenth_century_bridge,retained_primary_text,,"LE RIVE DELLA BORMIDA NEL 1794 CAPITOLO PRIMO Chi si parte dalla marina del Finale, e su pel fianco dell'Appennino va ve","nome di quel frate, come non vorrei che fosse del mio racconto, chi chiude ora il libro con una grande rifiatata. FINE.",inactive_pending_cross_archive_freeze,materialized_in_inactive_record,data/processed/liber_liber_resolved_v1/nineteenth_century_bridge/part-0001.txt,369768,1149878,6d745c846c853823a9dce9143e1bba5c2e53866c994b0511a6a5e2240150d4e0
ll:2344132:seg0001,ll:2344132,f6983e57b844454aaddfec1eb9a6085cf96922412574ab7f25a14a4c7b873030,0,194390,194390,f6983e57b844454aaddfec1eb9a6085cf96922412574ab7f25a14a4c7b873030,include_broader_text,nineteenth_century_bridge,retained_primary_text,,PARVENZE E SEMBIANZE LIBERALITÀ DI MESSER BERTRAMO D'AQUINO CHI DI GALLINA NASCE..... GREGORIO LETI SPIRITO SATIRICO - P,La novella di Fiordiligi Finito di stampare il dì 2 maggio MDCCCXCII nella tipografia di Nicola Zanichelli in Bologna.,inactive_pending_cross_archive_freeze,materialized_in_inactive_record,data/processed/liber_liber_resolved_v1/nineteenth_century_bridge/part-0001.txt,1149879,1346308,f6983e57b844454aaddfec1eb9a6085cf96922412574ab7f25a14a4c7b873030
ll:2344134:seg0001,ll:2344134,4b3b35d84e50870f7fe750e789aea46619ba9a10e4de2a846b7fe45cf12d2eb4,0,167380,167380,4b3b35d84e50870f7fe750e789aea46619ba9a10e4de2a846b7fe45cf12d2eb4,include_broader_text,nineteenth_century_bridge,retained_primary_text,,VECCHIE STORIE D'AMORE BOLOGNA DITTA NICOLA ZANICHELLI (Cesare e Giacomo Zanichelli) MDCCCXCV. Le passioni umane non mut,Le fonti Nota Finito di stampare il dí 25 Febbraio MDCCCXCV nella tipografia della ditta Nicola Zanichelli in Bologna.,inactive_pending_cross_archive_freeze,materialized_in_inactive_record,data/processed/liber_liber_resolved_v1/nineteenth_century_bridge/part-0001.txt,1346309,1515185,4b3b35d84e50870f7fe750e789aea46619ba9a10e4de2a846b7fe45cf12d2eb4
ll:2344155:seg0001,ll:2344155,483ea979c19de5098cfb5372e4c1734efbcc7616e9499a87e229ec597d2cca54,0,39669,39669,483ea979c19de5098cfb5372e4c1734efbcc7616e9499a87e229ec597d2cca54,include_broader_text,historical_non_sonnet_poetry,retained_primary_text,,RIME 1 Io vidi già seder nell'arme irato uomo furioso palido e tremare; e gli occhi vidi spesso lagrimare per troppo cal,gli occhi onde quel dolce riso in me nutriva fede in fra 'l suspetto piango mie sdegni e castigo i mie crucci. - FINE -,inactive_pending_cross_archive_freeze,materialized_in_inactive_record,data/processed/liber_liber_resolved_v1/historical_non_sonnet_poetry/part-0001.txt,321280,361311,483ea979c19de5098cfb5372e4c1734efbcc7616e9499a87e229ec597d2cca54
ll:2344206:seg0001,ll:2344206,def2b41f8761f414accc12c01660a791933a12515111c808f69f3cef497f01e6,0,685409,685409,def2b41f8761f414accc12c01660a791933a12515111c808f69f3cef497f01e6,exclude_full_source_duplicate,excluded,existing_corpus_has_canonical_complete_text,bibit:bibit000019;gutenberg_previous_pool:pg1000;gutenberg_previous_pool:pg1009;gutenberg_previous_pool:pg1010;gutenberg_previous_pool:pg1011;gutenberg_previous_pool:pg1012;gutenberg_previous_pool:pg997;gutenberg_previous_pool:pg998;gutenberg_previous_pool:pg999,LA DIVINA COMMEDIA Raffaello. Dante –––––––––– Proprietà letteraria e artistica –––––––––– Milano. – Tip. Treves. PREFAZ,"ri. CANTO XXXIII 354. Dio in gloria, disegno a penna e bistro, di Federico Zuccari. – R. Galleria degli Uffizi, 10 992.",inactive_pending_cross_archive_freeze,not_materialized,,,,
ll:2344213:seg0001,ll:2344213,74699cd4d13923d50e0d0731d04e98f3350ba97981afc7f1184d1c2c1a0660bc,0,5940,5940,069b964f464a460485d2117717d1a9e20104482697620a582334be43d8dfdac2,include_broader_text,historical_non_sonnet_poetry,retained_primary_text,,"Vita nuova di Dante Alighieri I. In quella parte del libro de la mia memoria, dinanzi a la quale poco si potrebbe legge","ro ciò che io avea nel mio sonno veduto. E cominciai allora questo sonetto, lo quale comincia: ""A ciascun'alma presa"".",inactive_pending_cross_archive_freeze,materialized_in_inactive_record,data/processed/liber_liber_resolved_v1/historical_non_sonnet_poetry/part-0001.txt,361312,367298,069b964f464a460485d2117717d1a9e20104482697620a582334be43d8dfdac2
ll:2344213:seg0002,ll:2344213,74699cd4d13923d50e0d0731d04e98f3350ba97981afc7f1184d1c2c1a0660bc,5940,6461,521,5946dcba20b310d2f4ef4338df9d40c9f8c8f8707cc59451e65288d25ce29f81,exclude_isolated_sonnet_from_broader_text,excluded,sonnet_isolated_from_broader_stage,v6:dante_i_a_ciascun_alma_presa_e_gentil_core,"A ciascun'alma presa, e gentil core, nel cui cospetto ven lo dir presente, in ciò che mi rescrivan suo parvente, salu","ormendo. Poi la svegliava, e d'esto core ardendo lei paventosa umilmente pascea: appresso gir lo ne vedea piangendo.",inactive_pending_cross_archive_freeze,not_materialized,,,,
ll:2344213:seg0003,ll:2344213,74699cd4d13923d50e0d0731d04e98f3350ba97981afc7f1184d1c2c1a0660bc,6461,12584,6123,1edf81ba8477b3ccb0eda27a9e1e0fdad906c48378d6340b586fc377eb42364a,include_broader_text,historical_non_sonnet_poetry,retained_primary_text,,"Questo sonetto si divide in due parti; che la prima parte saluto e domando risponsione, ne la seconda significo a che s","nde. E dissi allora questi due sonetti, li quali comincia lo primo: ""Piangete, amanti,"" e lo secondo: ""Morte villana"".",inactive_pending_cross_archive_freeze,materialized_in_inactive_record,data/processed/liber_liber_resolved_v1/historical_non_sonnet_poetry/part-0001.txt,367299,373469,1edf81ba8477b3ccb0eda27a9e1e0fdad906c48378d6340b586fc377eb42364a
ll:2344213:seg0004,ll:2344213,74699cd4d13923d50e0d0731d04e98f3350ba97981afc7f1184d1c2c1a0660bc,12584,13100,516,e1f95c952e283b7ad883d65c8a0fd152aec788f4e86a97ec46cd5b5b1fb97cb5,exclude_isolated_sonnet_from_broader_text,excluded,sonnet_isolated_from_broader_stage,v6:dante_vi_piangete_amanti_poi_che_piange_amore,"Piangete, amanti, poi che piange Amore, udendo qual cagion lui fa plorare. Amor sente a Pietà donne chiamare, mostran","ine avenente; e riguardava ver lo ciel sovente, ove l'alma gentil già locata era, che donna fu di sì gaia sembianza.",inactive_pending_cross_archive_freeze,not_materialized,,,,
ll:2344213:seg0005,ll:2344213,74699cd4d13923d50e0d0731d04e98f3350ba97981afc7f1184d1c2c1a0660bc,13100,16356,3256,d573d9536c0635d91dfcbdd39198bdbf2911c3db68131e69f3564c898937879f,include_broader_text,historical_non_sonnet_poetry,retained_primary_text,,Questo primo sonetto si divide in tre parti: ne la prima chiamo e sollìcito li fedeli d'Amore a piangere e dico che lo,"ed accompagnato da molti sospiri. Appresso lo giorno, cominciai di ciò questo sonetto, lo quale comincia ""Cavalcando"".",inactive_pending_cross_archive_freeze,materialized_in_inactive_record,data/processed/liber_liber_resolved_v1/historical_non_sonnet_poetry/part-0001.txt,373470,376761,d573d9536c0635d91dfcbdd39198bdbf2911c3db68131e69f3564c898937879f
ll:2344213:seg0006,ll:2344213,74699cd4d13923d50e0d0731d04e98f3350ba97981afc7f1184d1c2c1a0660bc,16356,16850,494,79320a811d4d47168c00930895ec015282e37ecdf38e1c2819a3985834b237b8,exclude_isolated_sonnet_from_broader_text,excluded,sonnet_isolated_from_broader_stage,v6:dante_viii_cavalcando_l_altr_ier_per_un_cammin,"Cavalcando l'altr'ier per un cammino, pensoso de l'andar che mi sgradia, trovai Amore in mezzo de la via in abito leg","volere; e rècolo a servir novo piacere». Allora presi di lui sì gran parte, ch'elli disparve, e non m'accorsi come.",inactive_pending_cross_archive_freeze,not_materialized,,,,
ll:2344213:seg0007,ll:2344213,74699cd4d13923d50e0d0731d04e98f3350ba97981afc7f1184d1c2c1a0660bc,16850,25983,9133,a0681d23016923a383e0d0c7d89e02dd256f437996cd3cbb45dbbb48b0a9c5f6,include_broader_text,historical_non_sonnet_poetry,retained_primary_text,,"Questo sonetto ha tre parti: ne la prima parte dico sì com'io trovai Amore, e quale mi parea; ne la seconda dico quello","nse volontade di scriverne parole rimate; e dìssine allora questo sonetto, lo quale comincia: ""Tutti li miei pensier"".",inactive_pending_cross_archive_freeze,materialized_in_inactive_record,data/processed/liber_liber_resolved_v1/historical_non_sonnet_poetry/part-0001.txt,376762,385999,a0681d23016923a383e0d0c7d89e02dd256f437996cd3cbb45dbbb48b0a9c5f6
ll:2344213:seg0008,ll:2344213,74699cd4d13923d50e0d0731d04e98f3350ba97981afc7f1184d1c2c1a0660bc,25983,26490,507,bdd1e2832ee7b8a75a44b40e90bec84513471592aab10e9953c90f470c3b3a59,exclude_isolated_sonnet_from_broader_text,excluded,sonnet_isolated_from_broader_stage,v6:dante_x_tutti_li_miei_penser_parlan_d_amore,"Tutti li miei pensier parlan d'Amore; e hanno in loro sì gran varietate, ch'altro mi fa voler sua potestate, altro fo","orosa erranza. E se con tutti vòi far accordanza, convènemi chiamar la mia nemica, madonna la Pietà, che mi difenda.",inactive_pending_cross_archive_freeze,not_materialized,,,,
ll:2344213:seg0009,ll:2344213,74699cd4d13923d50e0d0731d04e98f3350ba97981afc7f1184d1c2c1a0660bc,26490,30255,3765,e86d3a89cd433b95bc75977a05ea5b5dd95cae7f3c86d2abbb7b0239128fda12,include_broader_text,historical_non_sonnet_poetry,retained_primary_text,,Questo sonetto in quattro parti si può dividere: ne la prima dico e soppongo che tutti li miei pensieri sono d'Amore; n,"che venissero per avventura ne la sua audienza. E allora dissi questo sonetto, lo quale comincia: ""Con l'altre donne"".",inactive_pending_cross_archive_freeze,materialized_in_inactive_record,data/processed/liber_liber_resolved_v1/historical_non_sonnet_poetry/part-0001.txt,386000,389797,e86d3a89cd433b95bc75977a05ea5b5dd95cae7f3c86d2abbb7b0239128fda12
ll:2344213:seg0010,ll:2344213,74699cd4d13923d50e0d0731d04e98f3350ba97981afc7f1184d1c2c1a0660bc,30255,30771,516,e9dbbe9d9d52faf45d7e9c3bcd89826ca86425b6ce23375f8580c8ba29daad9f,exclude_isolated_sonnet_from_broader_text,excluded,sonnet_isolated_from_broader_stage,v6:dante_xi_con_l_altre_donne_mia_vista_gabbate,"Con l'altre donne mia vista gabbate, e non pensate, donna, onde si mova ch'io vi rassembri sì figura nova quando rigu","vui: ond'io mi cangio in figura d'altrui, ma non sì ch'io non senta bene allore li guai de li scacciati tormentosi.",inactive_pending_cross_archive_freeze,not_materialized,,,,
ll:2344213:seg0011,ll:2344213,74699cd4d13923d50e0d0731d04e98f3350ba97981afc7f1184d1c2c1a0660bc,30771,32643,1872,92c79de5ccdd27132dc37a2002d8bec22797bc409c3680ef305d1c1a58c31494,include_broader_text,historical_non_sonnet_poetry,retained_primary_text,,"Questo sonetto non divido in parti, però che la divisione non si fa se non per aprire la sentenzia de la cosa divisa; o","ponesse anche di quello che mi diviene presso di lei; e dissi questo sonetto, lo quale comincia: ""Ciò che m'incontra"".",inactive_pending_cross_archive_freeze,materialized_in_inactive_record,data/processed/liber_liber_resolved_v1/historical_non_sonnet_poetry/part-0001.txt,389798,391694,92c79de5ccdd27132dc37a2002d8bec22797bc409c3680ef305d1c1a58c31494
ll:2344213:seg0012,ll:2344213,74699cd4d13923d50e0d0731d04e98f3350ba97981afc7f1184d1c2c1a0660bc,32643,33186,543,25ee2ad49d6264389d47534a83eedbef09d81038af753b6e9baafd688ccfd060,exclude_isolated_sonnet_from_broader_text,excluded,sonnet_isolated_from_broader_stage,v6:dante_xii_ciò_che_m_incontra_ne_la_mente_more,"Ciò che m'incontra ne la mente, more, quand'i' vegno a veder voi, bella gioia; e quand'io vi son presso, i' sento Amo","per la pietà, che 'l vostro gabbo ancide, la qual si cria ne la vista morta de li occhi, c'hanno di lor morte voglia.",inactive_pending_cross_archive_freeze,not_materialized,,,,
ll:2344213:seg0013,ll:2344213,74699cd4d13923d50e0d0731d04e98f3350ba97981afc7f1184d1c2c1a0660bc,33186,35199,2013,92bf1a04bb0c7effb67ee74166be1252740a2f50879736a450d612fc93e02816,include_broader_text,historical_non_sonnet_poetry,retained_primary_text,,Questo sonetto si divide in due parti: ne la prima dico la cagione per che non mi tengo di gire presso di questa donna;,"difendea, ma finalmente disconfiggea la mia poca vita. E però dissi questo sonetto, lo quale comincia: ""Spesse fiate"".",inactive_pending_cross_archive_freeze,materialized_in_inactive_record,data/processed/liber_liber_resolved_v1/historical_non_sonnet_poetry/part-0001.txt,391695,393728,92bf1a04bb0c7effb67ee74166be1252740a2f50879736a450d612fc93e02816
ll:2344213:seg0014,ll:2344213,74699cd4d13923d50e0d0731d04e98f3350ba97981afc7f1184d1c2c1a0660bc,35199,35705,506,94872adefb58953239b079abb41241babcd4878c1cee67c6beef43d274b40b66,exclude_isolated_sonnet_from_broader_text,excluded,sonnet_isolated_from_broader_stage,v6:dante_xiii_spesse_fiate_vegnomi_a_la_mente,"Spesse fiate vègnonmi a la mente le oscure qualità ch'Amor mi dona, e vènnemi pietà, sì che sovente io dico: «Lasso!","o guerire: e se io levo li occhi per guardare, nel cor mi si comincia uno tremoto, che fa de' polsi l'anima partire.",inactive_pending_cross_archive_freeze,not_materialized,,,,
ll:2344213:seg0015,ll:2344213,74699cd4d13923d50e0d0731d04e98f3350ba97981afc7f1184d1c2c1a0660bc,35705,45712,10007,f2b71910f978a7916cce0e1bf9e5e4d4a0335d99dceb058cf7c22703e9b56608,include_broader_text,historical_non_sonnet_poetry,retained_primary_text,,"Questo sonetto si divide in quattro parti, secondo che quattro cose sono in esso narrate; e però che sono di sopra ragi","ire parole ne le quali io trattassi d'Amore; e allora dissi questo sonetto, lo qual comincia: ""Amore e 'l cor gentil"".",inactive_pending_cross_archive_freeze,materialized_in_inactive_record,data/processed/liber_liber_resolved_v1/historical_non_sonnet_poetry/part-0001.txt,393729,403849,f2b71910f978a7916cce0e1bf9e5e4d4a0335d99dceb058cf7c22703e9b56608
ll:2344213:seg0016,ll:2344213,74699cd4d13923d50e0d0731d04e98f3350ba97981afc7f1184d1c2c1a0660bc,45712,46230,518,e84c82b6fe28d20c4b644cfcd0fc8b36fa1851634b0727461df1033645cc8380,exclude_isolated_sonnet_from_broader_text,excluded,sonnet_isolated_from_broader_stage,v6:dante_xvi_amore_e_l_cor_gentil_sono_una_cosa,"Amore e 'l cor gentil sono una cosa, sì come il saggio in suo dittare pone, e così esser l'un sanza l'altro osa com'a","cosa piacente; e tanto dura talora in costui, che fa svegliar lo spirito d'Amore. E simil fàce in donna omo valente.",inactive_pending_cross_archive_freeze,not_materialized,,,,
ll:2344213:seg0017,ll:2344213,74699cd4d13923d50e0d0731d04e98f3350ba97981afc7f1184d1c2c1a0660bc,46230,47261,1031,1e2c2c0770e8e1ddb1956cb415c896b6738a0bf7496e904b7bee8f3cc4788c27,include_broader_text,historical_non_sonnet_poetry,retained_primary_text,,Questo sonetto si divide in due parti: ne la prima dico di lui in quanto è in potenzia; ne la seconda dico di lui in qu,"a, ella, mirabilemente operando, lo fa venire. E allora dissi questo sonetto, lo quale comincia: ""Negli occhi porta"".",inactive_pending_cross_archive_freeze,materialized_in_inactive_record,data/processed/liber_liber_resolved_v1/historical_non_sonnet_poetry/part-0001.txt,403850,404889,1e2c2c0770e8e1ddb1956cb415c896b6738a0bf7496e904b7bee8f3cc4788c27
ll:2344213:seg0018,ll:2344213,74699cd4d13923d50e0d0731d04e98f3350ba97981afc7f1184d1c2c1a0660bc,47261,47775,514,fe857076dc8aea93b1c2117bac4e2ae3db5f8928ff431dee341e6d62722da553,exclude_isolated_sonnet_from_broader_text,excluded,sonnet_isolated_from_broader_stage,v6:dante_xvii_ne_li_occhi_porta_la_mia_donna_amore,"Negli occhi porta la mia donna Amore, per che si fa gentil ciò ch'ella mira; ov'ella passa, ogn'om vèr lei si gira, e","a la vide. Quel ch'ella par quando un poco sorride, non si pò dicer né tenere a mente, sì è novo miracolo e gentile.",inactive_pending_cross_archive_freeze,not_materialized,,,,
ll:2344213:seg0019,ll:2344213,74699cd4d13923d50e0d0731d04e98f3350ba97981afc7f1184d1c2c1a0660bc,47775,51779,4004,66663429a9d87dbd6767099607fe7936fff31bd57aae1c5b4fb96c0d7623b505,include_broader_text,historical_non_sonnet_poetry,retained_primary_text,,"Questo sonetto sì ha tre parti. Ne la prima dico sì come questa donna riduce questa potenzia in atto, secondo la nobili","pondendo. E comincia lo primo: ""Voi che portate la sembianza umile"", e l'altro: ""Se' tu colui c'hai trattato sovente"".",inactive_pending_cross_archive_freeze,materialized_in_inactive_record,data/processed/liber_liber_resolved_v1/historical_non_sonnet_poetry/part-0001.txt,404890,408947,66663429a9d87dbd6767099607fe7936fff31bd57aae1c5b4fb96c0d7623b505
ll:2344213:seg0020,ll:2344213,74699cd4d13923d50e0d0731d04e98f3350ba97981afc7f1184d1c2c1a0660bc,51779,52300,521,efa352891656f92d4e6ec8b25b904ba9e76fdf10da2902f6d0839b6720e7d0b9,exclude_isolated_sonnet_from_broader_text,excluded,sonnet_isolated_from_broader_stage,v6:dante_xviii_voi_che_portate_la_sembianza_umile,"Voi, che portate la sembianza umile, con li occhi bassi mostrando dolore, onde venite che 'l vostro colore par divenu","te. Io veggio li occhi vostri c'hanno pianto, e vèggiovi tornar sì sfigurate, che 'l cor mi triema di vederne tanto.",inactive_pending_cross_archive_freeze,not_materialized,,,,
ll:2344213:seg0021,ll:2344213,74699cd4d13923d50e0d0731d04e98f3350ba97981afc7f1184d1c2c1a0660bc,52300,52619,319,e5390e583e4c8479f53ac3cb6e92b5f4c938695870e9b1f2a5168e4f079daa21,include_broader_text,historical_non_sonnet_poetry,retained_primary_text,,"Questo sonetto si divide in due parti: ne la prima chiamo e domando queste donne se vegnono da lei, dicendo loro che i","icano di lei. La seconda comincia quivi: ""E se venite"". Qui appresso è l'altro sonetto, sì come dinanzi avemo narrato.",inactive_pending_cross_archive_freeze,materialized_in_inactive_record,data/processed/liber_liber_resolved_v1/historical_non_sonnet_poetry/part-0001.txt,408948,409270,e5390e583e4c8479f53ac3cb6e92b5f4c938695870e9b1f2a5168e4f079daa21
ll:2344213:seg0022,ll:2344213,74699cd4d13923d50e0d0731d04e98f3350ba97981afc7f1184d1c2c1a0660bc,52619,53123,504,65a6c04fa9cc9613aea61ac4070ac8e33275f5cd57fb70f560e98c20ff160d98,exclude_protected_v6_sonnet,excluded,sonnet_isolated_from_broader_stage,v6:dante_xix_se_tu_colui_c_hai_trattato_sovente,"Se' tu colui, c'hai trattato sovente di nostra donna, sol parlando a nui? Tu risomigli a la voce ben lui, ma la figur","mo parlare. Ell'ha nel viso la pietà sì scorta, che qual l'avesse voluta mirare sarebbe innanzi lei piangendo morta.",inactive_pending_cross_archive_freeze,not_materialized,,,,
ll:2344213:seg0023,ll:2344213,74699cd4d13923d50e0d0731d04e98f3350ba97981afc7f1184d1c2c1a0660bc,53123,64365,11242,f9b956f5f16d8f218ae91a9745cb5dc0d7123901912fbfd10b6207f5be0b4307,include_broader_text,historical_non_sonnet_poetry,retained_primary_text,,"Questo sonetto ha quattro parti, secondo che quattro modi di parlare ebbero in loro le donne per cui rispondo; e però c","e mirasse la bieltade di questa Primavera gentile; e dissi questo sonetto, lo quale comincia: ""Io mi senti' svegliar.""",inactive_pending_cross_archive_freeze,materialized_in_inactive_record,data/processed/liber_liber_resolved_v1/historical_non_sonnet_poetry/part-0001.txt,409271,420645,f9b956f5f16d8f218ae91a9745cb5dc0d7123901912fbfd10b6207f5be0b4307
ll:2344213:seg0024,ll:2344213,74699cd4d13923d50e0d0731d04e98f3350ba97981afc7f1184d1c2c1a0660bc,64365,64866,501,a6e7b1bfb65ba8fee1de535035dbce8838cecf07f39231a0461bed87e3ae7adb,exclude_isolated_sonnet_from_broader_text,excluded,sonnet_isolated_from_broader_stage,v6:dante_xxi_io_mi_senti_svegliar_dentro_a_lo_core,"Io mi senti' svegliar dentro a lo core un spirito amoroso che dormia: e poi vidi venir da lungi Amore allegro sì, che","maraviglia; e sì come la mente mi ridice, Amor mi disse: «Quell'è Primavera, e quell'ha nome Amor, sì mi somiglia».",inactive_pending_cross_archive_freeze,not_materialized,,,,
ll:2344213:seg0025,ll:2344213,74699cd4d13923d50e0d0731d04e98f3350ba97981afc7f1184d1c2c1a0660bc,64866,71311,6445,d54dda3996711205f5967e454002c100eb474b038d5de1c0415725eb0b386528,include_broader_text,historical_non_sonnet_poetry,retained_primary_text,,"Questo sonetto ha molte parti: la prima de le quali dice come io mi sentii svegliare lo tremore usato nel cuore, e come","i lei quello che le parole ne possono fare intendere. Allora dissi questo sonetto, lo quale comincia: ""Tanto gentile"".",inactive_pending_cross_archive_freeze,materialized_in_inactive_record,data/processed/liber_liber_resolved_v1/historical_non_sonnet_poetry/part-0001.txt,420646,427167,d54dda3996711205f5967e454002c100eb474b038d5de1c0415725eb0b386528
ll:2344213:seg0026,ll:2344213,74699cd4d13923d50e0d0731d04e98f3350ba97981afc7f1184d1c2c1a0660bc,71311,71824,513,a3ce4777ac1ce42c860e44f3410a84eae312dfe1c34ed75b256f07a7e82aad8e,exclude_isolated_sonnet_from_broader_text,excluded,sonnet_isolated_from_broader_stage,v6:dante_xxii_tanto_gentile_e_tanto_onesta_pare,"Tanto gentile e tanto onesta pare la donna mia, quand'ella altrui saluta, ch'ogne lingua deven tremando muta, e li oc","non la prova: e par che de la sua labbia si mova un spirito soave pien d'amore, che va dicendo a l'anima: «Sospira!»",inactive_pending_cross_archive_freeze,not_materialized,,,,
ll:2344213:seg0027,ll:2344213,74699cd4d13923d50e0d0731d04e98f3350ba97981afc7f1184d1c2c1a0660bc,71824,72418,594,8f0d43e3de06818e09f23ec7051c8862bf86404ed9f70c34893c26686c2450f5,include_broader_text,historical_non_sonnet_poetry,retained_primary_text,,"Questo sonetto è sì piano ad intendere, per quello che narrato è dinanzi, che non abbisogna d'alcuna divisione; e però","ente ogne salute"", lo quale narra di lei come la sua vertude adoperava ne l'altre, sì come appare ne la sua divisione.",inactive_pending_cross_archive_freeze,materialized_in_inactive_record,data/processed/liber_liber_resolved_v1/historical_non_sonnet_poetry/part-0001.txt,427168,427770,8f0d43e3de06818e09f23ec7051c8862bf86404ed9f70c34893c26686c2450f5
ll:2344213:seg0028,ll:2344213,74699cd4d13923d50e0d0731d04e98f3350ba97981afc7f1184d1c2c1a0660bc,72418,72921,503,d0b8299ce2feb3418149729fdbf0892ec42323cfb8d01a9e708eb516a3ae5d3d,exclude_isolated_sonnet_from_broader_text,excluded,sonnet_isolated_from_broader_stage,v6:dante_xxiii_vede_perfettamente_onne_salute,Vede perfettamente ogne salute chi la mia donna tra le donne vede; quelle che vanno con lei son tenute di bella grazi,"onore. Ed è ne li atti suoi tanto gentile, che nessun la si può recare a mente, che non sospiri in dolcezza d'amore.",inactive_pending_cross_archive_freeze,not_materialized,,,,
ll:2344213:seg0029,ll:2344213,74699cd4d13923d50e0d0731d04e98f3350ba97981afc7f1184d1c2c1a0660bc,72921,74187,1266,de71dd6f5ebb0a824b9619918ba21b8bb182f90858120509ba66811b091f5c2e,include_broader_text,historical_non_sonnet_poetry,retained_primary_text,,Questo sonetto ha tre parti: ne la prima dico tra che gente questa donna più mirabile parea; ne la seconda dico sì come,"redendo potere ciò narrare in brevitade di sonetto, cominciai allora una canzone, la quale comincia: ""Sì lungiamente"".",inactive_pending_cross_archive_freeze,materialized_in_inactive_record,data/processed/liber_liber_resolved_v1/historical_non_sonnet_poetry/part-0001.txt,427771,429046,de71dd6f5ebb0a824b9619918ba21b8bb182f90858120509ba66811b091f5c2e
ll:2344213:seg0030,ll:2344213,74699cd4d13923d50e0d0731d04e98f3350ba97981afc7f1184d1c2c1a0660bc,74187,74668,481,e8a1bf22819c621d2df7fbf1144b6eb05f3039556f18f0f48d7d8e72cd444726,exclude_isolated_sonnet_from_broader_text,excluded,sonnet_isolated_from_broader_stage,v6:dante_xxiv_sì_lungiamente_m_ha_tenuto_amore,"Sì lungiamente m'ha tenuto Amore e costumato a la sua segnoria, che sì com'elli m'era forte in pria, così mi sta soav","chiamando la donna mia, per darmi più salute. Questo m'avene ovunque ella mi vede, e sì è cosa umìl, che nol si crede.",inactive_pending_cross_archive_freeze,not_materialized,,,,
ll:2344213:seg0031,ll:2344213,74699cd4d13923d50e0d0731d04e98f3350ba97981afc7f1184d1c2c1a0660bc,74668,84224,9556,6df474f1beb851ced3813811b0affcc3a3cff528e04addc8cd962064b03de146,include_broader_text,historical_non_sonnet_poetry,retained_primary_text,,"XXVIII. [XXIX] ""Quomodo sedet sola civitas plena populo! facta est quasi vidua domina gentium"". Io era nel proponimento","che m' intendano; ne la seconda, narro de la mia misera condizione. La seconda comincia quivi: ""li quai disconsolati"".",inactive_pending_cross_archive_freeze,materialized_in_inactive_record,data/processed/liber_liber_resolved_v1/historical_non_sonnet_poetry/part-0001.txt,429047,438724,6df474f1beb851ced3813811b0affcc3a3cff528e04addc8cd962064b03de146
ll:2344213:seg0032,ll:2344213,74699cd4d13923d50e0d0731d04e98f3350ba97981afc7f1184d1c2c1a0660bc,84224,84712,488,0fd26529c675bbf7526823fbd82af3a5fc684a1b4ced59f77fe5f92c86eaa97f,exclude_protected_v6_sonnet,excluded,sonnet_isolated_from_broader_stage,v6:dante_xxvi_venite_a_intender_li_sospiri_miei,"Venite a 'ntender li sospiri miei, oi cor gentili, chè pietà 'l disia: li quai disconsolati vanno via, e s'e' non fos",degno de la sua vertute; e dispregiar talora questa vita in persona de l'anima dolente abbandonata de la sua salute.,inactive_pending_cross_archive_freeze,not_materialized,,,,
ll:2344213:seg0033,ll:2344213,74699cd4d13923d50e0d0731d04e98f3350ba97981afc7f1184d1c2c1a0660bc,84712,88359,3647,1f5f0316a8d11ac20cd36b6b7fd5abfe18d0a4c0dd6513f4868ec58a43a40784,include_broader_text,historical_non_sonnet_poetry,retained_primary_text,,"XXXIII. [XXXIV] Poi che detto èi questo sonetto, pensandomi chi questi era a cui lo intendea dare quasi come per lui fa","donna che per suo valore fu posta da l'altissimo Signore nel ciel de l'umiltate, ov'è Maria. ""Secondo cominciamento""",inactive_pending_cross_archive_freeze,materialized_in_inactive_record,data/processed/liber_liber_resolved_v1/historical_non_sonnet_poetry/part-0001.txt,438725,442406,1f5f0316a8d11ac20cd36b6b7fd5abfe18d0a4c0dd6513f4868ec58a43a40784
ll:2344213:seg0034,ll:2344213,74699cd4d13923d50e0d0731d04e98f3350ba97981afc7f1184d1c2c1a0660bc,88359,88880,521,01e97f94b2b7d831237284cb21542bb2a1457a54c0476a8d8f7a69f84bb5428b,exclude_isolated_sonnet_from_broader_text,excluded,sonnet_isolated_from_broader_stage,v6:dante_xxx_era_venuta_ne_la_mente_mia,Era venuta ne la mente mia quella donna gentil cui piange Amore. Entro 'n quel punto che lo suo valore vi trasse a ri,"Ma quei che n'uscian for con maggior pena, venian dicendo: «Oi nobile intelletto, oggi fa l'anno che nel ciel salisti».",inactive_pending_cross_archive_freeze,not_materialized,,,,
ll:2344213:seg0035,ll:2344213,74699cd4d13923d50e0d0731d04e98f3350ba97981afc7f1184d1c2c1a0660bc,88880,90054,1174,a011a599fe7c2448e9644642f463d96b8a3b8a79c8b8e454208f8fcdbc656e23,include_broader_text,historical_non_sonnet_poetry,retained_primary_text,,"XXXV. [XXXVI] Poi per alquanto tempo, con ciò fosse cosa che io fosse in parte ne la quale mi ricordava del passato tem","ione. E però che per questa ragione è assai manifesto, sì nollo dividerò. Lo sonetto comincia: ""Videro li occhi miei.""",inactive_pending_cross_archive_freeze,materialized_in_inactive_record,data/processed/liber_liber_resolved_v1/historical_non_sonnet_poetry/part-0001.txt,442407,443596,a011a599fe7c2448e9644642f463d96b8a3b8a79c8b8e454208f8fcdbc656e23
ll:2344213:seg0036,ll:2344213,74699cd4d13923d50e0d0731d04e98f3350ba97981afc7f1184d1c2c1a0660bc,90054,90566,512,6b5ca5f21f47f85d0243b97967ec209d5f26980200c3ae16a56951bd8656da4e,exclude_isolated_sonnet_from_broader_text,excluded,sonnet_isolated_from_broader_stage,v6:dante_xxxi_videro_li_occhi_miei_quanta_pietate,"Videro li occhi miei quanta pietate era apparita in la vostra figura, quando guardaste li atti e la statura ch'io fac",ista. Io dicea poscia ne l'anima trista: «Ben è con quella donna quello Amore lo qual mi face andar così piangendo».,inactive_pending_cross_archive_freeze,not_materialized,,,,
ll:2344213:seg0037,ll:2344213,74699cd4d13923d50e0d0731d04e98f3350ba97981afc7f1184d1c2c1a0660bc,90566,91187,621,86b42cadfda31fe8f00e414edfe52048066a2539d8f331a40f5464e5d6aa0dab,include_broader_text,historical_non_sonnet_poetry,retained_primary_text,,"XXXVI. [XXXVII] Avvenne poi che là ovunque questa donna mi vedea, sì si facea d'una vista pietosa e d'un colore palido","e dissi questo sonetto, lo quale comincia: ""Color d'amore""; ed è piano sanza dividerlo, per la sua precedente ragione.",inactive_pending_cross_archive_freeze,materialized_in_inactive_record,data/processed/liber_liber_resolved_v1/historical_non_sonnet_poetry/part-0001.txt,443597,444223,86b42cadfda31fe8f00e414edfe52048066a2539d8f331a40f5464e5d6aa0dab
ll:2344213:seg0038,ll:2344213,74699cd4d13923d50e0d0731d04e98f3350ba97981afc7f1184d1c2c1a0660bc,91187,91696,509,02787b291a75e1f343499ddd8f9ef84241cec7ef807e90c256a9bcfe0612d07f,exclude_isolated_sonnet_from_broader_text,excluded,sonnet_isolated_from_broader_stage,v6:dante_xxxii_color_d_amore_e_di_pietà_sembianti,"Color d'amore e di pietà sembianti non preser mai così mirabilmente viso di donna, per veder sovente occhi gentili o","lli hanno: e voi crescete sì lor volontate, che de la voglia si consuman tutti; ma lagrimar dinanzi a voi non sanno.",inactive_pending_cross_archive_freeze,not_materialized,,,,
ll:2344213:seg0039,ll:2344213,74699cd4d13923d50e0d0731d04e98f3350ba97981afc7f1184d1c2c1a0660bc,91696,93065,1369,adaa8f342c81de46e400a4c550f8dd37b86a2d5eab614fd575dbf7d288c0fcde,include_broader_text,historical_non_sonnet_poetry,retained_primary_text,,"XXXVII. [XXXVIII] Io venni a tanto per la vista di questa donna, che li miei occhi si cominciaro a dilettare troppo di","ice"". Potrebbe bene ancora ricevere più divisioni, ma sariano indarno, però che è manifesto per la precedente ragione.",inactive_pending_cross_archive_freeze,materialized_in_inactive_record,data/processed/liber_liber_resolved_v1/historical_non_sonnet_poetry/part-0001.txt,444224,445609,adaa8f342c81de46e400a4c550f8dd37b86a2d5eab614fd575dbf7d288c0fcde
ll:2344213:seg0040,ll:2344213,74699cd4d13923d50e0d0731d04e98f3350ba97981afc7f1184d1c2c1a0660bc,93065,93574,509,396e4c1d24f1117be3591585dcd41ac1008ea2fcba34dbf105553f83a9bd2db4,exclude_isolated_sonnet_from_broader_text,excluded,sonnet_isolated_from_broader_stage,v6:dante_xxxiii_l_amaro_lagrimar_che_voi_faceste,"«L'amaro lagrimar che voi faceste, oi occhi miei, così lunga stagione, facea lagrimar l'altre persone de la pietate,","Voi non dovreste mai, se non per morte, la vostra donna, ch'è morta, obliare». Così dice 'l meo core, e poi sospira.",inactive_pending_cross_archive_freeze,not_materialized,,,,
ll:2344213:seg0041,ll:2344213,74699cd4d13923d50e0d0731d04e98f3350ba97981afc7f1184d1c2c1a0660bc,93574,95966,2392,bd6bbf80415e22345bd57fcf09955cbcbfed88d60803d77025f2dffd2c58d8d9,include_broader_text,historical_non_sonnet_poetry,retained_primary_text,,"XXXVIII. [XXXIX] Ricovròmi la vista di quella donna in sì nuova condizione, che molte volte ne pensava sì come di perso","ne la terza dico come le risponde. La seconda parte comincia quivi: ""L'anima dice""; la terza quivi: ""Ei le risponde"".",inactive_pending_cross_archive_freeze,materialized_in_inactive_record,data/processed/liber_liber_resolved_v1/historical_non_sonnet_poetry/part-0001.txt,445610,448041,bd6bbf80415e22345bd57fcf09955cbcbfed88d60803d77025f2dffd2c58d8d9
ll:2344213:seg0042,ll:2344213,74699cd4d13923d50e0d0731d04e98f3350ba97981afc7f1184d1c2c1a0660bc,95966,96476,510,39b8232c1069cbc911f179f40865e6196c543deca92a5353ec3a6124abb09eb1,exclude_isolated_sonnet_from_broader_text,excluded,sonnet_isolated_from_broader_stage,v6:dante_xxxiv_gentil_pensero_che_parla_di_vui,"Gentil pensero che parla di vui, sen vene a dimorar meco sovente, e ragiona d'amor sì dolcemente, che face consentir","esiri; e la sua vita, e tutto 'l suo valore, mosse de li occhi di quella pietosa che si turbava de' nostri martìri».",inactive_pending_cross_archive_freeze,not_materialized,,,,
ll:2344213:seg0043,ll:2344213,74699cd4d13923d50e0d0731d04e98f3350ba97981afc7f1184d1c2c1a0660bc,96476,98506,2030,5c2c3b20cfc21e6df0c3f0eb1789427dff15dba60e5a0ea97c62ce1e9873aa84,include_broader_text,historical_non_sonnet_poetry,retained_primary_text,,"XXXIX.[XL] Contra questo avversario de la ragione si levoe un die, quasi ne l'ora de la nona, una forte imaginazione in","ciò, che li miei occhi aveano così vaneggiato. Questo sonetto non divido, però che assai lo manifesta la sua ragione.",inactive_pending_cross_archive_freeze,materialized_in_inactive_record,data/processed/liber_liber_resolved_v1/historical_non_sonnet_poetry/part-0001.txt,448042,450090,5c2c3b20cfc21e6df0c3f0eb1789427dff15dba60e5a0ea97c62ce1e9873aa84
ll:2344213:seg0044,ll:2344213,74699cd4d13923d50e0d0731d04e98f3350ba97981afc7f1184d1c2c1a0660bc,98506,99024,518,86b3fd54a22943f19c9ebe06d3217f0710ccfb71eef404fda51d1042f4da593c,exclude_isolated_sonnet_from_broader_text,excluded,sonnet_isolated_from_broader_stage,v6:dante_xxxv_lasso_per_forza_di_molti_sospiri,"Lasso! per forza di molti sospiri che nascon de' penser che son nel core, li occhi son vinti, e non hanno valore di r","en dole; però ch'elli hanno in lor, li dolorosi, quel dolce nome di madonna scritto, e de la morte sua molte parole.",inactive_pending_cross_archive_freeze,not_materialized,,,,
ll:2344213:seg0045,ll:2344213,74699cd4d13923d50e0d0731d04e98f3350ba97981afc7f1184d1c2c1a0660bc,99024,101243,2219,2e0a74e2741149d716c2785900733de09376d03d6841bd2ffc78496c834dcfc2,include_broader_text,historical_non_sonnet_poetry,retained_primary_text,,"XL. [XLI] Dopo questa tribulazione avvenne, in quello tempo che molta gente va per vedere quella imagine benedetta la q","ove questi cu' io chiamo ""peregrini"" andavano. Questo sonetto non divido, però che assai lo manifesta la sua ragione.",inactive_pending_cross_archive_freeze,materialized_in_inactive_record,data/processed/liber_liber_resolved_v1/historical_non_sonnet_poetry/part-0001.txt,450091,452334,2e0a74e2741149d716c2785900733de09376d03d6841bd2ffc78496c834dcfc2
ll:2344213:seg0046,ll:2344213,74699cd4d13923d50e0d0731d04e98f3350ba97981afc7f1184d1c2c1a0660bc,101243,101734,491,8bb6ca9c23cb1be46dd1a9efcbaba2c5e7da1f0587e4fa07728f6a4014ac64d1,exclude_isolated_sonnet_from_broader_text,excluded,sonnet_isolated_from_broader_stage,v6:dante_xxxvi_deh_peregrini_che_pensosi_andate,"Deh! peregrini che pensosi andate, forse di cosa che non v'è presente, venite voi da sì lontana gente, com'a la vista",'uscireste pui. Ell'ha perduta la sua beatrice; e le parole ch'om di lei pò dire hanno vertù di far piangere altrui.,inactive_pending_cross_archive_freeze,not_materialized,,,,
ll:2344213:seg0047,ll:2344213,74699cd4d13923d50e0d0731d04e98f3350ba97981afc7f1184d1c2c1a0660bc,101734,103708,1974,76f0818bf665e6bc7ae440002a39b1a0053f44d2869519ad64b967b3d0c935df,include_broader_text,historical_non_sonnet_poetry,retained_primary_text,,"XLI. [XLII] Poi mandaro due donne gentili a me, pregando che io mandasse loro di queste mie parole rimate; onde io, pen","ere, e più sottilmente fare intendere; ma puòtesi passare con questa divisa, e però non m'intrametto di più dividerlo.",inactive_pending_cross_archive_freeze,materialized_in_inactive_record,data/processed/liber_liber_resolved_v1/historical_non_sonnet_poetry/part-0001.txt,452335,454341,76f0818bf665e6bc7ae440002a39b1a0053f44d2869519ad64b967b3d0c935df
ll:2344213:seg0048,ll:2344213,74699cd4d13923d50e0d0731d04e98f3350ba97981afc7f1184d1c2c1a0660bc,103708,104215,507,1b745f6b6f73c2f654c98e95951535e22df4f765b2bb07fdfbb81bbe7ed6ea82,exclude_isolated_sonnet_from_broader_text,excluded,sonnet_isolated_from_broader_stage,v6:dante_xxxvii_oltre_la_spera_che_più_larga_gira,"Oltre la sfera che più larga gira, passa 'l sospiro ch'esce del mio core: intelligenza nova, che l'Amore piangendo me","rlare. So io che parla di quella gentile, però che spesso ricorda Beatrice, sì ch'io lo 'ntendo ben, donne mie care.",inactive_pending_cross_archive_freeze,not_materialized,,,,
ll:2344213:seg0049,ll:2344213,74699cd4d13923d50e0d0731d04e98f3350ba97981afc7f1184d1c2c1a0660bc,104215,104916,701,0141a574ef62c7fe8eda71a4136fca8516ca577d361fa091ce7ee54d75fe0437,include_broader_text,historical_non_sonnet_poetry,retained_primary_text,,"XLII. [XLIII] Appresso questo sonetto, apparve a me una mirabile visione, ne la quale io vidi cose che mi fecero propor","di quella benedetta Beatrice, la quale gloriosamente mira ne la faccia di colui ""qui est per omnia secula benedictus"".",inactive_pending_cross_archive_freeze,materialized_in_inactive_record,data/processed/liber_liber_resolved_v1/historical_non_sonnet_poetry/part-0001.txt,454342,455051,0141a574ef62c7fe8eda71a4136fca8516ca577d361fa091ce7ee54d75fe0437
ll:2344214:seg0001,ll:2344214,93494ad0cfad5e3fdc93eb1a528c074381c768b1616c5307769c331cebab02bb,0,104357,104357,93494ad0cfad5e3fdc93eb1a528c074381c768b1616c5307769c331cebab02bb,exclude_alternate_canonical_edition,excluded,canonical_liber_liber_edition_is_ll:2344213,ll:2344213,Vita Nuova di Dante Alighieri I. In quella parte del libro de la mia memoria dinanzi a la quale poco si potrebbe leggere,"di quella benedetta Beatrice, la quale gloriosamente mira ne la faccia di colui ""qui est per omnia secula benedictus"".",inactive_pending_cross_archive_freeze,not_materialized,,,,
ll:2344215:seg0001,ll:2344215,d844e0b8f2e6bb8541ca899f2d6e469cd8226dc166ca7b33affe92ff6f5e1891,0,104308,104308,d844e0b8f2e6bb8541ca899f2d6e469cd8226dc166ca7b33affe92ff6f5e1891,exclude_alternate_canonical_edition,excluded,canonical_liber_liber_edition_is_ll:2344213,ll:2344213,"Vita Nuova I. In quella parte del libro de la mia memoria dinanzi a la quale poco si potrebbe leggere, si trova una rub","di quella benedetta Beatrice, la quale gloriosamente mira ne la faccia di colui ""qui est per omnia secula benedictus"".",inactive_pending_cross_archive_freeze,not_materialized,,,,
ll:2344340:seg0001,ll:2344340,e831602c4b2218bd8192a568ffdd36f4954fe1532d0af466482bd9c2d2373ecd,0,569824,569824,e831602c4b2218bd8192a568ffdd36f4954fe1532d0af466482bd9c2d2373ecd,exclude_full_source_duplicate,excluded,existing_corpus_has_canonical_complete_text,gutenberg_previous_pool:pg39658;gutenberg_resolved:39658,NOVELLE DI CESARE BALBO. EDIZIONE CONSENTITA DALL'EDITORE PROPRIETARIO. LEIPZIG: F. A. BROCKHAUS. 1877. QUATTRO NOVELLE,"ando il padre me gli avrebbe donati? E quel povero vecchio, orbo padre, non l'ho lasciato morir io?». (Non continuata.)",inactive_pending_cross_archive_freeze,not_materialized,,,,
ll:2344386:seg0001,ll:2344386,409e606b2eb3c01141677e74ac2c1db05d742e3aea89294e2418fc84813abace,0,139924,139924,409e606b2eb3c01141677e74ac2c1db05d742e3aea89294e2418fc84813abace,include_broader_text,nineteenth_century_bridge,retained_primary_text,,CAPITAN DODERO NOVELLA di ANTON GIULIO BARRILI SECONDA EDIZIONE Volume Unico. MILANO E. TREVES EDITORE 1872. IL ROMANZO,"aggi fantastici in un crocchio di amici, io fossi un romanziere e mandassi per le stampe le mie grame invenzioni. FINE.",inactive_pending_cross_archive_freeze,materialized_in_inactive_record,data/processed/liber_liber_resolved_v1/nineteenth_century_bridge/part-0001.txt,1515186,1656845,409e606b2eb3c01141677e74ac2c1db05d742e3aea89294e2418fc84813abace
ll:2344389:seg0001,ll:2344389,e31d43f57dd9e13353abdc5d8380ac604240e169e8a65be20cce388c88d24c79,0,255388,255388,e31d43f57dd9e13353abdc5d8380ac604240e169e8a65be20cce388c88d24c79,include_broader_text,nineteenth_century_bridge,retained_primary_text,,Per il XXV anniversario di Roma capitale (1895) Con Garibaldi ALLE PORTE DI ROMA (1867). RICORDI E NOTE DI Anton Giulio,"a! Niente di nuovo, niente di grave era accaduto in Italia. Per chi volevate farvi ammazzare, Generale? per chi? Fine.",inactive_pending_cross_archive_freeze,materialized_in_inactive_record,data/processed/liber_liber_resolved_v1/nineteenth_century_bridge/part-0001.txt,1656846,1913787,e31d43f57dd9e13353abdc5d8380ac604240e169e8a65be20cce388c88d24c79
ll:2344496:seg0001,ll:2344496,6fe820b270ec68f6aa9c643250cb1c12dd2e2f72deaad354339f65bc39602c8a,0,317449,317449,6fe820b270ec68f6aa9c643250cb1c12dd2e2f72deaad354339f65bc39602c8a,include_broader_text,nineteenth_century_bridge,retained_primary_text,,CIONDOLINO libro per i ragazzi CON 66 TAVOLE IN TRICROMIA E 300 DISEGNI ORIGINALI DI ATTILIO MUSSINO R. BEMPORAD & F.° 1,"’imperatore Ciondolino, per mezzo di Giorgina, trovasse un valido aiuto nel vasto e interessante regno dei Lepidòtteri.",inactive_pending_cross_archive_freeze,materialized_in_inactive_record,data/processed/liber_liber_resolved_v1/nineteenth_century_bridge/part-0001.txt,1913788,2241321,6fe820b270ec68f6aa9c643250cb1c12dd2e2f72deaad354339f65bc39602c8a
ll:2344791:seg0001,ll:2344791,4cb834fa4d9f2912e26cecb70141cb1d54706df861c915c39baed0dff280d7ea,0,452521,452521,4cb834fa4d9f2912e26cecb70141cb1d54706df861c915c39baed0dff280d7ea,exclude_full_source_duplicate,excluded,existing_corpus_has_canonical_complete_text,gutenberg_previous_pool:pg45803;gutenberg_resolved:45803,RACCONTI STORICI E MORALI DI CESARE CANTÙ TERZA EDIZIONE MILANO LIBRERIA EDITRICE DI EDUCAZIONE E D'ISTRUZIONE DI PAOLO,privati e le capiglie coi governanti; e conserveremo le orecchie: se anche non potremo attaccarvi gli orecchini. FINE.,inactive_pending_cross_archive_freeze,not_materialized,,,,
ll:2344812:seg0001,ll:2344812,d58e1d3c363597113e20d1d5754fb1445a0a7ce29fc0b298709f29f921549ec1,0,106754,106754,d58e1d3c363597113e20d1d5754fb1445a0a7ce29fc0b298709f29f921549ec1,include_broader_text,nineteenth_century_bridge,retained_primary_text,,"Il Drago E cinque altre Novelle per fanciulli di Luigi Capuana IL DRAGO — Uh! Il Drago! Le due bambine, che s’erano mess","sentimento della paura. E quando gli capitava, ripeteva alla sua volta ai compagni: — Non bisogna aver paura di niente.",inactive_pending_cross_archive_freeze,materialized_in_inactive_record,data/processed/liber_liber_resolved_v1/nineteenth_century_bridge/part-0001.txt,2241322,2350503,d58e1d3c363597113e20d1d5754fb1445a0a7ce29fc0b298709f29f921549ec1
ll:2344830:seg0001,ll:2344830,666d1e887e1fb9bec57faaab3a19a0904b3e2bae97936f58c6111ec22103351e,0,184963,184963,666d1e887e1fb9bec57faaab3a19a0904b3e2bae97936f58c6111ec22103351e,include_broader_text,nineteenth_century_bridge,retained_primary_text,,SCHIACCIANOCI ED ALTRI RACCONTI di Luigi Capuana SCHIACCIANOCI Benedetti ragazzi! Il teatro dei burattini ora non bastav,"gli aveva colmato di confetti, diceva contento al servitore: Oh, questi qui son più di cinque soldi!... Povero nonno! —",inactive_pending_cross_archive_freeze,materialized_in_inactive_record,data/processed/liber_liber_resolved_v1/nineteenth_century_bridge/part-0001.txt,2350504,2539374,666d1e887e1fb9bec57faaab3a19a0904b3e2bae97936f58c6111ec22103351e
ll:2344833:seg0001,ll:2344833,cdd9520ec692adb46e6e2a6e0a636eb1c7afa42e11566a270d95af3f50d6fbc9,0,1074505,1074505,cdd9520ec692adb46e6e2a6e0a636eb1c7afa42e11566a270d95af3f50d6fbc9,include_broader_text,nineteenth_century_bridge,retained_primary_text,,LUIGI CAPUANA C'ERA UNA VOLTA... FIABE Ai miei cari nipotini Prefazione Queste fiabe son nate così. Dopo averne scritta,"Si odono salir, da fuori, nuove gioconde acclamazioni.) IL GIOVANE RE, LA GIOVANE REGINA: Grazie! Grazie, Gran Mago!...",inactive_pending_cross_archive_freeze,materialized_in_inactive_record,data/processed/liber_liber_resolved_v1/nineteenth_century_bridge/part-0001.txt,2539375,3636549,cdd9520ec692adb46e6e2a6e0a636eb1c7afa42e11566a270d95af3f50d6fbc9
ll:2344854:seg0001,ll:2344854,20a61f45d237e369aaafd84e8de7988455d3b5bf390170fc3bea125d7f94fc34,0,32,32,36d2767ad39118f947020838e2a9b8162a3ede88f58fbef2cb719f9c89ecadc0,exclude_no_substantial_unique_material_after_canonicalization,excluded,retained_primary_text,,Rime e ritmi di Giosue Carducci,Rime e ritmi di Giosue Carducci,inactive_pending_cross_archive_freeze,not_materialized,,,,
ll:2344854:seg0002,ll:2344854,20a61f45d237e369aaafd84e8de7988455d3b5bf390170fc3bea125d7f94fc34,32,48311,48279,41268a155e97ee310bc779b394a12bfeeb7cacb142dc95daac85d5f46130fae9,exclude_embedded_canonical_text,excluded,embedded_text_exists_in_bibit,bibit:bibit000521,"ALLA SIGNORINA MARIA A. O Piccola Maria, Di versi a te che importa? Esce la poesia, O piccola Maria, Quando malinconia B","ga pur l’anima mia Il tuo riso, o sacra luce, o divina poesia! Il tuo canto, o padre Omero, Pria che l’ombra avvolgami!",inactive_pending_cross_archive_freeze,not_materialized,,,,
ll:2344854:seg0003,ll:2344854,20a61f45d237e369aaafd84e8de7988455d3b5bf390170fc3bea125d7f94fc34,48311,48458,147,6508fc038960f89c2cb2684bf2286902b6d1c89db1ed8b435f23ceeb598d2de7,exclude_no_substantial_unique_material_after_canonicalization,excluded,retained_primary_text,,"CONGEDO Fior tricolore, Tramontano le stelle in mezzo al mare E si spengono i canti entro il mio core. DELLA CANZONE DI",montano le stelle in mezzo al mare E si spengono i canti entro il mio core. DELLA CANZONE DI LEGNANO DI GIOSUE CARDUCCI,inactive_pending_cross_archive_freeze,not_materialized,,,,
ll:2344854:seg0004,ll:2344854,20a61f45d237e369aaafd84e8de7988455d3b5bf390170fc3bea125d7f94fc34,48458,53399,4941,42bcde7d529932397bf445f687fdcc8e4150a64e11f17fb487fc7ec943541941,exclude_embedded_canonical_text,excluded,embedded_text_exists_in_bibit,bibit:bibit001121,PARTE I [1879] IL PARLAMENTO I. Sta Federico imperatore in Como. Ed ecco un messaggero entra in Milano Da Porta Nova a b,avranno Una dolce novella in purgatorio: E la rechi pur io!» Ma il popol dice: «Fia meglio i messi imperïali.» Il sole,inactive_pending_cross_archive_freeze,not_materialized,,,,
ll:2344854:seg0005,ll:2344854,20a61f45d237e369aaafd84e8de7988455d3b5bf390170fc3bea125d7f94fc34,53399,53433,34,7740c7faac1b54fb97a229869c6e79a4db025c361a4b8e569c8d03943736e09a,exclude_no_substantial_unique_material_after_canonicalization,excluded,retained_primary_text,,Ridea calando dietro il Resegone.,Ridea calando dietro il Resegone.,inactive_pending_cross_archive_freeze,not_materialized,,,,
ll:2344942:seg0001,ll:2344942,914888c9d087c753a021d3757a26e9b2f71491fc496ebba07a5c380ac6f8ee3a,0,27512,27512,914888c9d087c753a021d3757a26e9b2f71491fc496ebba07a5c380ac6f8ee3a,include_broader_text,historical_non_sonnet_poetry,retained_primary_text,,"SONETTI DEL RISOLUTO. Nuovamente ricorretti. Duo contrarij desir m'empiono il seno, Potente ognuno à far troncar la vita","ca, Celata, Fuso ancor ci sono, Gonfiar Pallone, Immagin', Carrivolo Quarto, Fiato, Ombra, & la mia Conditione. IL FINE",inactive_pending_cross_archive_freeze,materialized_in_inactive_record,data/processed/liber_liber_resolved_v1/historical_non_sonnet_poetry/part-0001.txt,455052,482834,914888c9d087c753a021d3757a26e9b2f71491fc496ebba07a5c380ac6f8ee3a
ll:2344960:seg0001,ll:2344960,f0becb4542edd2b20a9b7e76831286fc6af4a836daf6f116d406e9e3ca5296a7,0,380977,380977,f0becb4542edd2b20a9b7e76831286fc6af4a836daf6f116d406e9e3ca5296a7,include_broader_text,nineteenth_century_bridge,retained_primary_text,,"L'EREDITÀ FERRAMONTI Ho intrapreso un'opera vasta di osservazione, nella quale i punti d'ombra e di luce si avvicendano","nella carriera politica, facendosi eleggere deputato. Nell'intimità, Teta gli prodigava adorazioni idolatre... - FINE -",inactive_pending_cross_archive_freeze,materialized_in_inactive_record,data/processed/liber_liber_resolved_v1/nineteenth_century_bridge/part-0001.txt,3636550,4021794,f0becb4542edd2b20a9b7e76831286fc6af4a836daf6f116d406e9e3ca5296a7
ll:2344978:seg0001,ll:2344978,3198798dad5432c5d462363bc902043cf17bee8c2b5486903d5ba3ecc026c164,0,53231,53231,3198798dad5432c5d462363bc902043cf17bee8c2b5486903d5ba3ecc026c164,include_broader_text,nineteenth_century_bridge,retained_primary_text,,I. LA RUPE DELLA ZITA Camminavamo a rilento; io su di un povero cavallo da nolo e il mio vetturino a piedi. Un sentieruz,"e il prete, che doveva essere vescovo di Valva e Sulmona. Questo racconto forse è storia ed è in voce di leggenda. FINE",inactive_pending_cross_archive_freeze,materialized_in_inactive_record,data/processed/liber_liber_resolved_v1/nineteenth_century_bridge/part-0001.txt,4021795,4075955,3198798dad5432c5d462363bc902043cf17bee8c2b5486903d5ba3ecc026c164
ll:2345022:seg0001,ll:2345022,116126d1ab6989350fcecd6b3b4c730fa9489bb6b4c68dbf99e0606cc591cfce,0,45234,45234,116126d1ab6989350fcecd6b3b4c730fa9489bb6b4c68dbf99e0606cc591cfce,exclude_full_source_duplicate,excluded,existing_corpus_has_canonical_complete_text,bibit:bibit000139;gutenberg_previous_pool:pg52484,"PINOCCHIO DETTO LA STELLA DELLA DANZA IL TEATRO SARÀ ILLUMINATO A GIORNO Quella sera, come potete figurarvelo, un’ora p","– Com’ero buffo, quand’ero un burattino!... e come ora son contento di essere diventato un ragazzino perbene!... Fine.",inactive_pending_cross_archive_freeze,not_materialized,,,,
ll:2345024:seg0001,ll:2345024,c2ff91c4d6198d9aff69cf271211c6fea92d7770eeb0b279a144f2639d0c98bc,0,135595,135595,c2ff91c4d6198d9aff69cf271211c6fea92d7770eeb0b279a144f2639d0c98bc,include_broader_text,nineteenth_century_bridge,retained_primary_text,,"I ragazzi grandi PARTE PRIMA - Bettina, accendi subito il caminetto - disse Clarenza, entrando in salotto e volgendo la","a la notte! Meno male che la sera dopo andò a letto alle dieci, e si svegliò la mattina seguente a mezzogiorno preciso!",inactive_pending_cross_archive_freeze,materialized_in_inactive_record,data/processed/liber_liber_resolved_v1/nineteenth_century_bridge/part-0001.txt,4075956,4212838,c2ff91c4d6198d9aff69cf271211c6fea92d7770eeb0b279a144f2639d0c98bc
ll:2345025:seg0001,ll:2345025,8e25c14abd4079dd7772aae2dc17eaedbd2bea36983ba6e82d0354b8e793da3c,0,215421,215421,8e25c14abd4079dd7772aae2dc17eaedbd2bea36983ba6e82d0354b8e793da3c,include_broader_text,nineteenth_century_bridge,retained_primary_text,,L'omino anticipato. Ossia la storia di tutti quei ragazzi che vogliono parere uomini prima del tempo. 1. Il signor Gigin,"di ragionarci sopra, finirono per persuadersi che il loro diavolo persecutore doveva essere stato lo zio Eugenio. FINE",inactive_pending_cross_archive_freeze,materialized_in_inactive_record,data/processed/liber_liber_resolved_v1/nineteenth_century_bridge/part-0001.txt,4212839,4434944,8e25c14abd4079dd7772aae2dc17eaedbd2bea36983ba6e82d0354b8e793da3c
ll:2345481:seg0001,ll:2345481,9a3c58451b0be25da382e4cb679ba256af132307569c24f1b26a20468ba1d817,0,36495,36495,9a3c58451b0be25da382e4cb679ba256af132307569c24f1b26a20468ba1d817,include_broader_text,historical_non_sonnet_poetry,retained_primary_text,,"GLI ELOGI DEL PORCO CAPITOLI BERNESCHI DI TIGRINTO BISTONIO P. A., E ACCADEMICO DUCALE DE’ DISSONANTI DI MODENA. IN MODE",". Le parole, e le espressioni, che sanno di Gentilesmo sono linguaggio, e vaghezza di Poesia, non sentimenti Cattolici.",inactive_pending_cross_archive_freeze,materialized_in_inactive_record,data/processed/liber_liber_resolved_v1/historical_non_sonnet_poetry/part-0001.txt,482835,520143,9a3c58451b0be25da382e4cb679ba256af132307569c24f1b26a20468ba1d817
ll:2345554:seg0001,ll:2345554,ecb1d65ba1895bf12fca71a7d323e0b75967cd029efe86f35ad789d6e90cfddb,0,361279,361279,ecb1d65ba1895bf12fca71a7d323e0b75967cd029efe86f35ad789d6e90cfddb,include_broader_text,nineteenth_century_bridge,retained_primary_text,,"Il Mistero del Poeta ROMANZO MILANO GIUSEPPE GALLI, Libraio-editore Galleria Vitt. Eman., 17 e 80 1888 All'on. sig. Dire","o di aver finito a quest'ora perchè l'alba è vicina e il mio lume muore. Non è un buon augurio? Addio, amica mia. FINE.",inactive_pending_cross_archive_freeze,materialized_in_inactive_record,data/processed/liber_liber_resolved_v1/nineteenth_century_bridge/part-0001.txt,4434945,4799043,ecb1d65ba1895bf12fca71a7d323e0b75967cd029efe86f35ad789d6e90cfddb
ll:2346042:seg0001,ll:2346042,a2b25b5f6efe1f7bd71e9e90b68bfffc11a3a84d015b8ffa02ce8158ac3a0475,0,146556,146556,a2b25b5f6efe1f7bd71e9e90b68bfffc11a3a84d015b8ffa02ce8158ac3a0475,exclude_full_source_duplicate,excluded,existing_corpus_has_canonical_complete_text,gutenberg_pass_1b:pg31000;gutenberg_resolved:31000,DAL MOLINO DI CERBAIA A CALA MARTINA NOTIZIE INEDITE SULLA VITA DI GIUSEPPE GARIBALDI 2a EDIZIONE FIRENZE PEI TIPI DI SA,"umili scogli di Cala Martina non erano, la storia non avrebbe registrato nei suoi fasti lo scoglio glorioso di Quarto.",inactive_pending_cross_archive_freeze,not_materialized,,,,
ll:2346352:seg0001,ll:2346352,c0cd82810197c8166599975fee78d9b45f8633bd8f1973728b1a81e5b1186efe,0,203931,203931,c0cd82810197c8166599975fee78d9b45f8633bd8f1973728b1a81e5b1186efe,include_broader_text,nineteenth_century_bridge,retained_primary_text,,"L'ARTE DI prender Marito DI PAOLO MANTEGAZZA per far seguito a L'arte di prender Moglie. FRATELLI TREVES, EDITORI",lla scelta del maritoPag. IV. Frammento di un codice di diplomazia matrimoniale PARTE TERZA. La conclusione del libro,inactive_pending_cross_archive_freeze,materialized_in_inactive_record,data/processed/liber_liber_resolved_v1/nineteenth_century_bridge/part-0001.txt,4799044,5004719,c0cd82810197c8166599975fee78d9b45f8633bd8f1973728b1a81e5b1186efe
ll:2346651:seg0001,ll:2346651,11cecc4b30fd3575ecbb8503681b022ae4a46f544ab89b0ad6cb3fefb40bc753,0,181899,181899,11cecc4b30fd3575ecbb8503681b022ae4a46f544ab89b0ad6cb3fefb40bc753,include_broader_text,nineteenth_century_bridge,retained_primary_text,,"L'INDOMANI PRIMA EDIZIONE MILANO LIBRERIA EDITRICE GALLI DI CHIESA & GUINDANI Lipsia e Vienna, F. A. Brockhaus - Berlino","ervono di culla, i cuori insanguinati e piangenti danno nuovo sangue e nuove lagrime alla vita. Avanti, coraggio! FINE.",inactive_pending_cross_archive_freeze,materialized_in_inactive_record,data/processed/liber_liber_resolved_v1/nineteenth_century_bridge/part-0001.txt,5004720,5187851,11cecc4b30fd3575ecbb8503681b022ae4a46f544ab89b0ad6cb3fefb40bc753
ll:2346657:seg0001,ll:2346657,f1e2abb0d5b70bf55bcd2789c5830327cec3e2e22fa1c8f1f25b2dc54f424b87,0,333478,333478,f1e2abb0d5b70bf55bcd2789c5830327cec3e2e22fa1c8f1f25b2dc54f424b87,include_broader_text,nineteenth_century_bridge,retained_primary_text,,"TERESA di Neera I. — Coraggio, figliuoli, coraggio. — Ne abbiamo, signor sindaco, ma la faccenda è brutta assai; temo l'",ssibile. Poi il velo nero di Teresa cessò di fluttuare allo sportello del carrozzone; il treno si mosse. Nevicava. FINE,inactive_pending_cross_archive_freeze,materialized_in_inactive_record,data/processed/liber_liber_resolved_v1/nineteenth_century_bridge/part-0001.txt,5187852,5527690,f1e2abb0d5b70bf55bcd2789c5830327cec3e2e22fa1c8f1f25b2dc54f424b87
ll:2346835:seg0001,ll:2346835,c9231e6304c3c5e082e8d7907273cd073c9d35cd70051f291361d8a420188a47,0,1202139,1202139,c9231e6304c3c5e082e8d7907273cd073c9d35cd70051f291361d8a420188a47,include_broader_text,nineteenth_century_bridge,retained_primary_text,,Le novelle della nonna Fiabe fantastiche di Emma Perodi PARTE PRIMA Lo scettro del re Salomone e la corona della regina,la donna esperta e di buon consiglio alla quale erano soliti ricorrere nei momenti solenni e difficili della vita. FINE,inactive_pending_cross_archive_freeze,materialized_in_inactive_record,data/processed/liber_liber_resolved_v1/nineteenth_century_bridge/part-0001.txt,5527691,6758272,c9231e6304c3c5e082e8d7907273cd073c9d35cd70051f291361d8a420188a47
ll:2346840:seg0001,ll:2346840,d66dec7e6df159351c78f044d9fe1563aa66d83d5e4cdfb59afcbefbe9815857,0,292620,292620,d66dec7e6df159351c78f044d9fe1563aa66d83d5e4cdfb59afcbefbe9815857,exclude_composite_canonical_source,excluded,combined_canonical_sources_cover_primary_work,bibit:bibit000760;v6:complete_petrarch_sonnet_sequence,Canzoniere Rerum Vulgarium Fragmenta 1 Voi ch'ascoltate in rime sparse il suono di quei sospiri ond'io nudriva 'l core i,"entia or morte punge. Raccomandami al tuo figliuol, verace homo et verace Dio, ch'accolga 'l mïo spirto ultimo in pace.",inactive_pending_cross_archive_freeze,not_materialized,,,,
ll:2346867:seg0001,ll:2346867,2d148e7ce3d17f62718b8121908622170ba47dc66ea9d2bc386ccbb0cb47df03,0,353938,353938,2d148e7ce3d17f62718b8121908622170ba47dc66ea9d2bc386ccbb0cb47df03,include_broader_text,nineteenth_century_bridge,retained_primary_text,,L’ASSASSINIO NEL VICOLO DELLA LUNA ROMANZO DI JARRO (Giulio Piccini) _______ Seconda Edizione _______ MILANO FRATELLI TR,o. Il PROCESSO BARTELLONI è il titolo di un altro romanzo che formerà il seguito dell’ASSASSINIO NEL VICOLO DELLA LUNA.,inactive_pending_cross_archive_freeze,materialized_in_inactive_record,data/processed/liber_liber_resolved_v1/nineteenth_century_bridge/part-0001.txt,6758273,7120064,2d148e7ce3d17f62718b8121908622170ba47dc66ea9d2bc386ccbb0cb47df03
ll:2346990:seg0001,ll:2346990,81ba4efbb1df5f3295fe0e3c7cd700739567b3d0f072ca33157a94d3ea0a410b,0,318349,318349,81ba4efbb1df5f3295fe0e3c7cd700739567b3d0f072ca33157a94d3ea0a410b,include_broader_text,historical_general,retained_primary_text,,"IL MILIONE Marco Polo [Nota: il simbolo † indica lacune nel manoscritto originario] 1 Signori imperadori, re e duci e tu","nel mondo quanto fece messer Marco, figliuolo di messer Niccolò Polo, nobile e grande cittadino della città di Vinegia.",inactive_pending_cross_archive_freeze,materialized_in_inactive_record,data/processed/liber_liber_resolved_v1/historical_general/part-0001.txt,0,323404,81ba4efbb1df5f3295fe0e3c7cd700739567b3d0f072ca33157a94d3ea0a410b
ll:2347103:seg0001,ll:2347103,fe88562429bfec515e7256fa2167b1bd072ec2a8cba1787ef8a826dc2c467033,0,501516,501516,fe88562429bfec515e7256fa2167b1bd072ec2a8cba1787ef8a826dc2c467033,include_broader_text,nineteenth_century_bridge,retained_primary_text,,"LA SCUOLA DI LINDA ROMANZO 1894 L. ROUX E C. – EDITORI TORINO – ROMA Al secondo piano, nella sala di studio, vasta e ben","quello che ho da fare... Tu hai sempre delle sciocchezze per il capo... Scommetto che Cino... – Cino è morto, signora!",inactive_pending_cross_archive_freeze,materialized_in_inactive_record,data/processed/liber_liber_resolved_v1/nineteenth_century_bridge/part-0001.txt,7120065,7632319,fe88562429bfec515e7256fa2167b1bd072ec2a8cba1787ef8a826dc2c467033
ll:2347298:seg0001,ll:2347298,788e4aab1a6cb251ec926f3e1f3a3393e9135802ebeee46765ad8ef763c699b6,0,230337,230337,788e4aab1a6cb251ec926f3e1f3a3393e9135802ebeee46765ad8ef763c699b6,include_broader_text,nineteenth_century_bridge,retained_primary_text,,Le novelle marinaresche di mastro Catrame Indice Le novelle marinaresche di mastro Catrame 1 Indice 2 Un lupo di mare 3,corda. 26 Grosso mammifero che vive presso le coste e che emette delle grida acute. Indica la vicinanza delle spiagge.,inactive_pending_cross_archive_freeze,materialized_in_inactive_record,data/processed/liber_liber_resolved_v1/nineteenth_century_bridge/part-0001.txt,7632320,7864211,788e4aab1a6cb251ec926f3e1f3a3393e9135802ebeee46765ad8ef763c699b6
ll:2347301:seg0001,ll:2347301,b415a727722a5823d3204da5cdece20e38e3abb3a15a25e965866dcbf8a38932,0,366836,366836,b415a727722a5823d3204da5cdece20e38e3abb3a15a25e965866dcbf8a38932,include_broader_text,nineteenth_century_bridge,retained_primary_text,,"I PIRATI DELLA MALESIA PARTE PRIMA. LA TIGRE DELLA MALESIA 1. Il naufragio della Young-India — Mastro Bill, dove siamo?","hana!... Ecco un nome che mi fa battere il cuore: ecco un uomo che vorrei vedere. Addio, zio; addio, amici: sperate!...",inactive_pending_cross_archive_freeze,materialized_in_inactive_record,data/processed/liber_liber_resolved_v1/nineteenth_century_bridge/part-0001.txt,7864212,8242544,b415a727722a5823d3204da5cdece20e38e3abb3a15a25e965866dcbf8a38932
ll:2347662:seg0001,ll:2347662,ffe04e8e07487ab151c99b2fbd65c1b0ff6d0b16230ef0f71fe3dfdbe0a2e5cb,0,863216,863216,ffe04e8e07487ab151c99b2fbd65c1b0ff6d0b16230ef0f71fe3dfdbe0a2e5cb,exclude_full_source_duplicate,excluded,existing_corpus_has_canonical_complete_text,bibit:bibit000260,GERUSALEMME CONQUISTATA BARI - GIUS. LATERZA & FIGLI TIPOGRAFI- EDITORI- LIBRAI 1934 LIBRO PRIMO 1 Io canto l'arme e 'l,"ia a' suoi fidi apparve alti messaggi. E 'l duce, di pietá sublime esempio, donò le spoglie e sciolse i voti al tempio.",inactive_pending_cross_archive_freeze,not_materialized,,,,
ll:2347663:seg0001,ll:2347663,0ed8870743f881d4e6a1395981b630b694a1f5a272baa19c0e134735a8986d56,0,604995,604995,0ed8870743f881d4e6a1395981b630b694a1f5a272baa19c0e134735a8986d56,exclude_full_source_duplicate,excluded,existing_corpus_has_canonical_complete_text,bibit:bibit001501,GERUSALEMME LIBERATA POEMA DEL SIGNOR TORQUATO TASSO AL SERENISSIMO SIGNORE IL SIGNOR DONNO ALFONSO II D'ESTE DUCA DI FE,"e al tempio con gli altri il sommo duce; e qui l'arme sospende, e qui devoto il gran Sepolcro adora e scioglie il voto.",inactive_pending_cross_archive_freeze,not_materialized,,,,
ll:2347857:seg0001,ll:2347857,ee510a0249c94d3d1fd72c03942a31fe94881daeeb8189c2b7172d366e337cdd,0,322896,322896,ee510a0249c94d3d1fd72c03942a31fe94881daeeb8189c2b7172d366e337cdd,exclude_full_source_duplicate,excluded,existing_corpus_has_canonical_complete_text,bibit:bibit000804,"EROS Giovanni Verga I Verso le quattro di una fra le ultime notti del carnevale, la marchesa Alberti, seduta dinanzi all","ente, tirò in giú la coperta, e cadde pesantemente ai piedi del letto col capo sul cuscino. Si udí un colpo di pistola.",inactive_pending_cross_archive_freeze,not_materialized,,,,
ll:2347859:seg0001,ll:2347859,30de064ab1b307e5aadd3cdbacd9d4236792a3a69a46a93e6e41b470b8bb637c,0,62246,62246,30de064ab1b307e5aadd3cdbacd9d4236792a3a69a46a93e6e41b470b8bb637c,include_broader_text,nineteenth_century_bridge,retained_primary_text,,"LA LUPA Scene drammatiche in due atti PERSONAGGI LA GNÀ PINA, detta la Lupa, ancora bella e provocante, malgrado i su","ra e di orrore, la scure omicida in alto, urlando colla schiuma alla bocca). Ah!… ah!… Il diavolo siete? Cala la tela.",inactive_pending_cross_archive_freeze,materialized_in_inactive_record,data/processed/liber_liber_resolved_v1/nineteenth_century_bridge/part-0001.txt,8242545,8306266,30de064ab1b307e5aadd3cdbacd9d4236792a3a69a46a93e6e41b470b8bb637c
ll:2347860:seg0001,ll:2347860,1aeeaf26d5d133319e67b866200450bddd7e510138af251a32bd9b613ba6a040,0,500984,500984,1aeeaf26d5d133319e67b866200450bddd7e510138af251a32bd9b613ba6a040,exclude_full_source_duplicate,excluded,existing_corpus_has_canonical_complete_text,bibit:bibit001233,PREFAZIONE Questo racconto è lo studio sincero e spassionato del come probabilmente devono nascere e svilupparsi nelle p,"rmene, perché fra poco comincierà a passar gente. Ma il primo di tutti a cominciar la sua giornata è stato Rocco Spatu.",inactive_pending_cross_archive_freeze,not_materialized,,,,
ll:2347861:seg0001,ll:2347861,df004a9619d7428628338a213585cd49fe36278de8fa71bb11ec331a269cb14f,0,283222,283222,df004a9619d7428628338a213585cd49fe36278de8fa71bb11ec331a269cb14f,include_broader_text,nineteenth_century_bridge,retained_primary_text,,"Il Marito di Elena Giovanni Verga I Camilla picchiò all'uscio, mentre i genitori stavano per andare a letto, e disse: —","Non hai che paura!... Allora, afferrandola per il braccio, colla mano ferma, colpì disperatamente, una, due, tre volte.",inactive_pending_cross_archive_freeze,materialized_in_inactive_record,data/processed/liber_liber_resolved_v1/nineteenth_century_bridge/part-0001.txt,8306267,8592541,df004a9619d7428628338a213585cd49fe36278de8fa71bb11ec331a269cb14f
ll:2347864:seg0001,ll:2347864,98712112ba4bae90642f3d4da758ff0ce261a4fadf415ef6b63b906fd2309714,0,231764,231764,98712112ba4bae90642f3d4da758ff0ce261a4fadf415ef6b63b906fd2309714,include_broader_text,nineteenth_century_bridge,retained_primary_text,,"Una peccatrice Giovanni Verga Preambolo Dirò come mi sia pervenuta questa storia, che convenienze particolari mi obbliga","li onomastici dei suoi parenti, e dissipando il più allegramente possibile lo scarso suo patrimonio. Misteri del cuore!",inactive_pending_cross_archive_freeze,materialized_in_inactive_record,data/processed/liber_liber_resolved_v1/nineteenth_century_bridge/part-0001.txt,8592542,8827371,98712112ba4bae90642f3d4da758ff0ce261a4fadf415ef6b63b906fd2309714
ll:2347868:seg0001,ll:2347868,da580b23573d36a6d472962c21dd4ae35ed6b3b4aaae06514b24e9b7cdd9a885,0,187292,187292,da580b23573d36a6d472962c21dd4ae35ed6b3b4aaae06514b24e9b7cdd9a885,include_broader_text,nineteenth_century_bridge,retained_primary_text,,Tigre reale Giovanni Verga I Non sapevo più nulla di Giorgio La Ferlita allorché ricevetti il biglietto che m'invitava a,"Catania, e che l'aspettava. Il telegramma non conteneva, oltre l'indirizzo e la data, che questa sola parola: «Addio.»",inactive_pending_cross_archive_freeze,materialized_in_inactive_record,data/processed/liber_liber_resolved_v1/nineteenth_century_bridge/part-0001.txt,8827372,9017253,da580b23573d36a6d472962c21dd4ae35ed6b3b4aaae06514b24e9b7cdd9a885
ll:2361848:seg0001,ll:2361848,49f83ac7e46270b429735920825639fdae0aca3a7989aa954a567c88807bc93b,0,80913,80913,49f83ac7e46270b429735920825639fdae0aca3a7989aa954a567c88807bc93b,include_broader_text,historical_non_sonnet_poetry,retained_primary_text,,"A TE, MAMMA È ver, son forte.—Per la via sassosa Lasciai brandelli d'anima e di fede; Pur con superbo piede Salgo ancor",con delirio d'istinto Ai piè de la motrice che ruggìa [ruggia] È [E] troppo breve pel nostro gioir È [E] la miseria mia,inactive_pending_cross_archive_freeze,materialized_in_inactive_record,data/processed/liber_liber_resolved_v1/historical_non_sonnet_poetry/part-0001.txt,520144,602077,49f83ac7e46270b429735920825639fdae0aca3a7989aa954a567c88807bc93b
ll:2367160:seg0001,ll:2367160,a4b843f40b769f8e2b8ed39c488b0353958498ee55f92bdc21c3edb40fcc4358,0,530590,530590,a4b843f40b769f8e2b8ed39c488b0353958498ee55f92bdc21c3edb40fcc4358,exclude_full_source_duplicate,excluded,existing_corpus_has_canonical_complete_text,gutenberg_previous_pool:pg49599;gutenberg_resolved:49599,SCRITTI EDITI E POSTUMI DI CARLO BINI LUGANO TIPOGRAFIA DELLA SVIZZERA ITALIANA 1849. [5] Poichè la carità del natio loc,terzo atto nella Maria Stuarda: – di Schiller 371 SISMONDO DE SISMONDI. Sismondo De Sismondi: – di Alfredo Reumont 383,inactive_pending_cross_archive_freeze,not_materialized,,,,
ll:2374924:seg0001,ll:2374924,9a29cd2c7aca06dd4dded748d1756e9dbc4fd972f0bb2cfc753b884a44a0fffd,0,87342,87342,9a29cd2c7aca06dd4dded748d1756e9dbc4fd972f0bb2cfc753b884a44a0fffd,include_broader_text,historical_non_sonnet_poetry,retained_primary_text,,"NUOVI CANTI di MARIANNINA COFFA CARUSO IN MORANA da Noto Torino, 1863 Stamperia dell’Unione Tipogr.-Editrice Via Carlo A",llo Giuseppe » 127 Errata corrige Pag. 31 lin. 10 Unico – e solo leggi Unico e solo pag. 32 » 3 abominato » abbominando,inactive_pending_cross_archive_freeze,materialized_in_inactive_record,data/processed/liber_liber_resolved_v1/historical_non_sonnet_poetry/part-0001.txt,602078,692278,9a29cd2c7aca06dd4dded748d1756e9dbc4fd972f0bb2cfc753b884a44a0fffd
ll:2375058:seg0001,ll:2375058,ddf2fa4ec7bcf643ca3d182e18324fa606d4f0d783bbcb4ae74b79cd142c29da,0,79709,79709,ddf2fa4ec7bcf643ca3d182e18324fa606d4f0d783bbcb4ae74b79cd142c29da,include_broader_text,nineteenth_century_bridge,retained_primary_text,,"Prefazione dell’autore. Certamente quest’operetta non sarebbe pur di presente comparsa al pubblico, se non l’avesse repu","e di Stato Presidente M. Rosini. Il Consultore di Stato, Segretario Generale, membro della Giunta. – Loreto Appruzzese.",inactive_pending_cross_archive_freeze,materialized_in_inactive_record,data/processed/liber_liber_resolved_v1/nineteenth_century_bridge/part-0001.txt,9017254,9098203,ddf2fa4ec7bcf643ca3d182e18324fa606d4f0d783bbcb4ae74b79cd142c29da
ll:2378187:seg0001,ll:2378187,b8561088081367856743b4bfb28cbb149e16da1c2f5da9dc14177ddf87784e86,0,83614,83614,b8561088081367856743b4bfb28cbb149e16da1c2f5da9dc14177ddf87784e86,include_broader_text,nineteenth_century_bridge,retained_primary_text,,Cinematografo cerebrale Cinematografo cerebrale Il Cavaliere (come lo chiamavano in casa le persone di servizio) accompa,"– Anche loro! – disse tra sé la mosca cittadina, seguitando a volare. – Ma è stata l’ultima volta, corpo d’un ragno –.",inactive_pending_cross_archive_freeze,materialized_in_inactive_record,data/processed/liber_liber_resolved_v1/nineteenth_century_bridge/part-0001.txt,9098204,9184089,b8561088081367856743b4bfb28cbb149e16da1c2f5da9dc14177ddf87784e86
ll:2394517:seg0001,ll:2394517,9933a9bea0c187580cde1e29c3f17f130896a3a264178f9039ecf53e420f6d68,0,41232,41232,9933a9bea0c187580cde1e29c3f17f130896a3a264178f9039ecf53e420f6d68,include_broader_text,historical_non_sonnet_poetry,retained_primary_text,,GABRIELE D'ANNUNZIO ELEGÌE ROMANE [1887-1891] BOLOGNA DITTA NICOLA ZANICHELLI (Cesare e Giacomo Zanichelli) MDCCCXCII [1,co 153 Congedo 157 [165] Finito di stampare il dì 20 maggio MDCCCXCII nella tipografia di Nicola Zanichelli in Bologna.,inactive_pending_cross_archive_freeze,materialized_in_inactive_record,data/processed/liber_liber_resolved_v1/historical_non_sonnet_poetry/part-0001.txt,692279,733868,9933a9bea0c187580cde1e29c3f17f130896a3a264178f9039ecf53e420f6d68
ll:2397412:seg0001,ll:2397412,90d2611ea45f6aad20b0e6a19b7ad21351046d8f5583c0d2094df48b154df6ff,0,633357,633357,90d2611ea45f6aad20b0e6a19b7ad21351046d8f5583c0d2094df48b154df6ff,exclude_full_source_duplicate,excluded,existing_corpus_has_canonical_complete_text,gutenberg_previous_pool:pg58505;gutenberg_resolved:58505,CECCO D'ASCOLI. RACCONTO STORICO DEL SECOLO XIV DI PIETRO FANFANI. ______ EDIZIONE ACCONSENTITA DALL'AUTORE. ______ Non,"a' moribondi quasi per sostentamento dell'ultimo viaggio per l'altro mondo. [288] COI TIPI DI F. A. BROCKHAUS, LEIPZIG.",inactive_pending_cross_archive_freeze,not_materialized,,,,
ll:2399528:seg0001,ll:2399528,be8b09c7888f966463b7650db1eca0139e832a0a554d73bd2096f54fdfc8ea33,0,134035,134035,be8b09c7888f966463b7650db1eca0139e832a0a554d73bd2096f54fdfc8ea33,exclude_full_source_duplicate,excluded,existing_corpus_has_canonical_complete_text,gutenberg_previous_pool:pg48070;gutenberg_resolved:48070,LINGUAGGIO E PROVERBI MARINARESCHI PER EMANUELE CELESIA GENOVA TIPOGRAFIA DEL R. ISTITUTO SORDO-MUTI 1884 [4] Proprietà,"ove molti anni innanzi avea Bixio corso rischi si gravi, troverebbe a breve andare la morte e una profanata sepoltura.",inactive_pending_cross_archive_freeze,not_materialized,,,,
ll:2399681:seg0001,ll:2399681,04db9d53c6b728c22ee2d1e6cdf8095aec6dfc56999abcbe8d061849ff6e7f2a,0,721663,721663,04db9d53c6b728c22ee2d1e6cdf8095aec6dfc56999abcbe8d061849ff6e7f2a,include_broader_text,nineteenth_century_bridge,retained_primary_text,,ENRICO CASTELNUOVO RACCONTI E BOZZETTI. UN SIGNORE POSSIBILE. ABNEGAZIONE. - RIMEMBRANZE DEL CADORE. IL RACCONTO DELLA S,ide 233 Un raggio di sole. Novella 329 Il colpo di stato di Clarina. Novella 379 Il cognato della cognata. Bozzetto 405,inactive_pending_cross_archive_freeze,materialized_in_inactive_record,data/processed/liber_liber_resolved_v1/nineteenth_century_bridge/part-0001.txt,9184090,9911450,04db9d53c6b728c22ee2d1e6cdf8095aec6dfc56999abcbe8d061849ff6e7f2a
ll:2403163:seg0001,ll:2403163,762c5457ba22c4e684f85d12ba0e6103c8f07bd26d3f632a39994311d5d508de,0,336642,336642,762c5457ba22c4e684f85d12ba0e6103c8f07bd26d3f632a39994311d5d508de,exclude_full_source_duplicate,excluded,existing_corpus_has_canonical_complete_text,gutenberg_previous_pool:pg61563;gutenberg_resolved:61563,"VITA MONDANA MILANO LIBRERIA EDITRICE GALLI DI C. CHIESA E F. GUINDANI Galleria V. E., 17-80 — 1891 Proprietà letteraria",profumo..... Fine. [351] INDICE Dilemma Pag. 1 Spiraglio 71 Zenit 99 Metempsicosi 133 Vecchia celia 245 Gita Estiva 293,inactive_pending_cross_archive_freeze,not_materialized,,,,
ll:2405014:seg0001,ll:2405014,a4f8dba32a0f9d554049b7e4a2bed560b04fefe2f23a082a422a41cfe21fe28f,0,280058,280058,a4f8dba32a0f9d554049b7e4a2bed560b04fefe2f23a082a422a41cfe21fe28f,exclude_full_source_duplicate,excluded,existing_corpus_has_canonical_complete_text,gutenberg_pass_1b:pg61975;gutenberg_resolved:61975,"FRUTTI PROIBITI (Fiamma vagabonda) Quinta Edizione MILANO LIBRERIA EDITRICE CONTEMPORANEA Corso Porta Nuova, N. 36 Propr","quando Bice, mostrando la sua creaturina al marito, gli domanda di nascosto: - Non ti pare che gli somigli?... – FINE.",inactive_pending_cross_archive_freeze,not_materialized,,,,
ll:2405027:seg0001,ll:2405027,edbafff9a801e7ef1486b3b142d86c35e35146eb8d8207f92b2275b2befdd91b,0,444651,444651,edbafff9a801e7ef1486b3b142d86c35e35146eb8d8207f92b2275b2befdd91b,include_broader_text,nineteenth_century_bridge,retained_primary_text,,TIZIO CAIO SEMPRONIO storia mezzo romana DI ANTON GIULIO BARRILI SECONDA EDIZIONE RIVEDUTA E CORRETTA MILANO FRATELLI TR,e che anche alle manifatture di questa sorte va applicato il proverbio: non tutte le ciambelle riescono col buco. FINE.,inactive_pending_cross_archive_freeze,materialized_in_inactive_record,data/processed/liber_liber_resolved_v1/nineteenth_century_bridge/part-0001.txt,9911451,10359555,edbafff9a801e7ef1486b3b142d86c35e35146eb8d8207f92b2275b2befdd91b
ll:2405066:seg0001,ll:2405066,94ab8c63bf305b685d463a4ac0380730713cd139eea13f1dd131f2410404072c,0,390149,390149,94ab8c63bf305b685d463a4ac0380730713cd139eea13f1dd131f2410404072c,exclude_full_source_duplicate,excluded,existing_corpus_has_canonical_complete_text,gutenberg_previous_pool:pg62789;gutenberg_resolved:62789,"PEREGRINAZIONI D'UNO ZINGARO PER LAGHI ED ALPI DI VALENTINO CARRERA IL LAGO MAGGIORE, L'OSSOLA, LA FRUA ED IL GRIES Io n","ltra inventa..... Eccole tutt'e due - non sono belline? Compagno mio, ecco la Leggenda e la Fantasia... Partiamo. FINE.",inactive_pending_cross_archive_freeze,not_materialized,,,,
ll:2405379:seg0001,ll:2405379,546d3748d73f3bca0cb82e843f1e335ebb9607b6f1f8a7e8a36c24d8b29ad889,0,132325,132325,546d3748d73f3bca0cb82e843f1e335ebb9607b6f1f8a7e8a36c24d8b29ad889,include_broader_text,historical_non_sonnet_poetry,retained_primary_text,,NUOVI VERSI DI VITTORIO BETTELONI CON PREFAZIONE DI GIOSUÈ CARDUCCI BOLOGNA NICOLA ZANICHELLI MDCCCLXXX PREFAZIONE Chi s,onclusione: Al verso » 173 Finito di stampare il dì 30 Marzo MDCCCLXXX nella tipografia di Nicola Zanichelli in Modena.,inactive_pending_cross_archive_freeze,materialized_in_inactive_record,data/processed/liber_liber_resolved_v1/historical_non_sonnet_poetry/part-0001.txt,733869,867306,546d3748d73f3bca0cb82e843f1e335ebb9607b6f1f8a7e8a36c24d8b29ad889
ll:2405917:seg0001,ll:2405917,14956ffb3964f18929baef4f5241f6ae0d3bfb0c64b90fd1e6102b16c4b28cd2,0,208579,208579,14956ffb3964f18929baef4f5241f6ae0d3bfb0c64b90fd1e6102b16c4b28cd2,include_broader_text,nineteenth_century_bridge,retained_primary_text,,DALLA SPUMA DEL MARE I. Qui cominciate a vedere che nel mondo si danno combinazioni curiose. Si danno le curiose combina,ore amico; arriverà la donnina più adorabile dell'universo.... dopo mia moglie. PS. Nota di mia moglie: Ipocrita! FINE.,inactive_pending_cross_archive_freeze,materialized_in_inactive_record,data/processed/liber_liber_resolved_v1/nineteenth_century_bridge/part-0001.txt,10359556,10570084,14956ffb3964f18929baef4f5241f6ae0d3bfb0c64b90fd1e6102b16c4b28cd2
ll:2407654:seg0001,ll:2407654,a834837f99d1ecacea19fa213e9ddebddbb79e7c38f1233795e958f17387a9b3,0,93569,93569,a834837f99d1ecacea19fa213e9ddebddbb79e7c38f1233795e958f17387a9b3,include_broader_text,nineteenth_century_bridge,retained_primary_text,,LE GRECHE Novelle INVOCATION POUR LES GRECS N’es-tu plus le Dieu des armées? N’es-tu plus le Dieu des combats? Ils péris,"i abbandonò. Mosi – Torino. INDICE Invocation pour les Grecs, Alphonse De Lamartine Dedica Bebeka La battaglia Kassianì",inactive_pending_cross_archive_freeze,materialized_in_inactive_record,data/processed/liber_liber_resolved_v1/nineteenth_century_bridge/part-0001.txt,10570085,10665662,a834837f99d1ecacea19fa213e9ddebddbb79e7c38f1233795e958f17387a9b3
ll:2408339:seg0001,ll:2408339,735ae59d0201725a9bf64eaddbc67ec4b64cf91a746ee02082b159df5d4c0bee,0,499620,499620,735ae59d0201725a9bf64eaddbc67ec4b64cf91a746ee02082b159df5d4c0bee,include_broader_text,nineteenth_century_bridge,retained_primary_text,,"I LADRI DI CADAVERI AL COMMENDATORE FRANCESCO PICCININI Consigliere Onorario della Corte di Cassazione A te, grande e bu",una donna avviluppate in una grossa tela. Era tutto quello che restava nel mondo delle spoglie mortali di Teva Altini!,inactive_pending_cross_archive_freeze,materialized_in_inactive_record,data/processed/liber_liber_resolved_v1/nineteenth_century_bridge/part-0001.txt,10665663,11176766,735ae59d0201725a9bf64eaddbc67ec4b64cf91a746ee02082b159df5d4c0bee
ll:2408690:seg0001,ll:2408690,2a94669cf381040526ba7e2cee62be5c7583b5a503be5920a6693419fc7c9120,0,210961,210961,2a94669cf381040526ba7e2cee62be5c7583b5a503be5920a6693419fc7c9120,include_broader_text,nineteenth_century_bridge,retained_primary_text,,"I. Era una bellissima giornata primaverile, di quelle che nel mese di gennaio si possono godere soltanto a Nizza e nelle","le labbra ad un sorriso, pareva che indovinasse, l’altro grande affetto ch’era venuto a circondare la sua culla. FINE.",inactive_pending_cross_archive_freeze,materialized_in_inactive_record,data/processed/liber_liber_resolved_v1/nineteenth_century_bridge/part-0001.txt,11176767,11392747,2a94669cf381040526ba7e2cee62be5c7583b5a503be5920a6693419fc7c9120
ll:2409300:seg0001,ll:2409300,4ffec2de8ba29516c39856e010b4a7ab26e2642143c35f46832bd60215f3ba35,0,421048,421048,4ffec2de8ba29516c39856e010b4a7ab26e2642143c35f46832bd60215f3ba35,include_broader_text,nineteenth_century_bridge,retained_primary_text,,"I. Il conte Alberto Landucci, seduto accanto al fuoco, leggeva il giornale. Renata, sua figlia, una ragazza dal profilo",e che ci vuole pe’ i ragazzi.... . . . . . . . . . . . . . . . . . . . . . . . . . . . . . . . . . E. Torelli-Viollier.,inactive_pending_cross_archive_freeze,materialized_in_inactive_record,data/processed/liber_liber_resolved_v1/nineteenth_century_bridge/part-0001.txt,11392748,11823027,4ffec2de8ba29516c39856e010b4a7ab26e2642143c35f46832bd60215f3ba35
ll:2409509:seg0001,ll:2409509,03a52c850b0c258c6340cf6cbfd91e2fdf82be4e6802a3ca718a2a13e9ec5ee7,0,653966,653966,03a52c850b0c258c6340cf6cbfd91e2fdf82be4e6802a3ca718a2a13e9ec5ee7,include_broader_text,nineteenth_century_bridge,retained_primary_text,,LA FIGLIA DELL'ARIA ROMANZO DI JARRO (Giulio Piccini). PROLOGO Era sul cadere dell'anno 1858. Un vento ghiaccio imperver,"Vera, fa come i mariti suoi pari: vede tutto e non capisce nulla.... E Dio ci serbi immuni da un sì felice stato! FINE.",inactive_pending_cross_archive_freeze,materialized_in_inactive_record,data/processed/liber_liber_resolved_v1/nineteenth_century_bridge/part-0001.txt,11823028,12486886,03a52c850b0c258c6340cf6cbfd91e2fdf82be4e6802a3ca718a2a13e9ec5ee7
ll:2409615:seg0001,ll:2409615,665aace0f6a02e6bac719563e5dcac1e9457ff124c09fd7691101efc03c98791,0,278767,278767,665aace0f6a02e6bac719563e5dcac1e9457ff124c09fd7691101efc03c98791,include_broader_text,nineteenth_century_bridge,retained_primary_text,,"I. Siamo in una villa deliziosa sul lago di Como, posta sopra un’altura fra Argegno e Tremezzina. Dietro ha un boschetto","mettendosi di ritornarvi tutti gli anni nella bella stagione, sempre più felici e più innamorati l’uno dell’altro. FINE",inactive_pending_cross_archive_freeze,materialized_in_inactive_record,data/processed/liber_liber_resolved_v1/nineteenth_century_bridge/part-0001.txt,12486887,12772608,665aace0f6a02e6bac719563e5dcac1e9457ff124c09fd7691101efc03c98791
ll:2409835:seg0001,ll:2409835,6860abc5a22f4cf2b71ff69c1d4145adcb49c3f0b6b5237fc4c51c94dd40d554,0,290563,290563,6860abc5a22f4cf2b71ff69c1d4145adcb49c3f0b6b5237fc4c51c94dd40d554,include_broader_text,nineteenth_century_bridge,retained_primary_text,,UNA TRAGEDIA IN UN CERVELLO. I. Valentina seduta accanto alla finestra era immersa nella lettura della Nevrosi e neurast,"issione del pensiero, concludendo che il nascere con un tal privilegio, varrebbe a far l’uomo ancora più infelice. FINE",inactive_pending_cross_archive_freeze,materialized_in_inactive_record,data/processed/liber_liber_resolved_v1/nineteenth_century_bridge/part-0001.txt,12772609,13070741,6860abc5a22f4cf2b71ff69c1d4145adcb49c3f0b6b5237fc4c51c94dd40d554
ll:2410376:seg0001,ll:2410376,656958fe209f266aa35a854b9605d57c42e08748dd30145270617396134060e5,0,26873,26873,656958fe209f266aa35a854b9605d57c42e08748dd30145270617396134060e5,include_broader_text,historical_non_sonnet_poetry,retained_primary_text,,FLATUS VOCIS... (VERSI) CON PREFAZIONE DI GIOVANNI MARRADI DEDICA Alla Signorina GIULIA BECHELLI queste rime son dedicat,"iamo su, su le frondi sparte: chiedon le plebi un canto e una vendetta, fratello Alberto, e noi che più s’aspetta? FINE",inactive_pending_cross_archive_freeze,materialized_in_inactive_record,data/processed/liber_liber_resolved_v1/historical_non_sonnet_poetry/part-0001.txt,867307,894891,656958fe209f266aa35a854b9605d57c42e08748dd30145270617396134060e5
ll:2410928:seg0001,ll:2410928,cfc3e63467f788375f47f0c00993459a4cd0b59a5fa8b4af634dd656ced0e3fe,0,385402,385402,cfc3e63467f788375f47f0c00993459a4cd0b59a5fa8b4af634dd656ced0e3fe,exclude_full_source_duplicate,excluded,existing_corpus_has_canonical_complete_text,gutenberg_previous_pool:pg65680;gutenberg_resolved:65680,"IL CASTELLO DI TREZZO NOVELLA STORICA DI GIAMBATTISTA BAZZONI. PARIGI. BAUDRY, LIBRERIA EUROPEA, 9, RUE DU COQ, PRÈS LE",ella al suo castello della Martesana; ivi furono compite le nozze: nè essi più apparvero alla corte del Visconte. FINE.,inactive_pending_cross_archive_freeze,not_materialized,,,,
ll:2411646:seg0001,ll:2411646,8920a647b19190c3e922f6e063dea93e472f56be50a5acf4630b06cedcd3c9b7,0,206505,206505,8920a647b19190c3e922f6e063dea93e472f56be50a5acf4630b06cedcd3c9b7,include_broader_text,nineteenth_century_bridge,retained_primary_text,,"GLI ORECCHINI DI STEFANIA I. La luce fioca, tremula, azzurriccia della lampada d'oro e di vetro di Murano, sospesa alla","ria era, invece, intenerita, e due lagrime solitarie le spuntavano sugli occhi, che avevano perduto ogni durezza. FINE.",inactive_pending_cross_archive_freeze,materialized_in_inactive_record,data/processed/liber_liber_resolved_v1/nineteenth_century_bridge/part-0001.txt,13070742,13280095,8920a647b19190c3e922f6e063dea93e472f56be50a5acf4630b06cedcd3c9b7
ll:2411759:seg0001,ll:2411759,a5e8b71ae953669f2e529165f5d38806f3f1693e37825e8378f04737ff483a95,0,506569,506569,a5e8b71ae953669f2e529165f5d38806f3f1693e37825e8378f04737ff483a95,exclude_full_source_duplicate,excluded,existing_corpus_has_canonical_complete_text,gutenberg_pass_1b:pg64106;gutenberg_resolved:64106,"S. FARINA IL TESORO DI DONNINA (Quarta edizione) MILANO A. BRIGOLA & C., EDITORI Via Manzoni, 5 PROPRIETÀ LETTERARIA Mil",la centesima volta ribatte che il proprio tesoro è il trifoglio dalle quattro foglie. E lo richiude nel cassetto. FINE,inactive_pending_cross_archive_freeze,not_materialized,,,,
ll:2414317:seg0001,ll:2414317,51ac0a95ef6b23b1817f76d9f88f6611a58cbe70686fccd71327915c9ed4c2eb,0,258022,258022,51ac0a95ef6b23b1817f76d9f88f6611a58cbe70686fccd71327915c9ed4c2eb,include_broader_text,nineteenth_century_bridge,retained_primary_text,,IL BENIAMINO DELLA FAMIGLIA I. Uscite dal villaggio e pigliate a mano destra. Non sentite il rumor del fiume che sussurr,"resumere che lieti giorni aspettano nell'avvenire, a consolarla delle traversie passate, quella provata famiglia. FINE.",inactive_pending_cross_archive_freeze,materialized_in_inactive_record,data/processed/liber_liber_resolved_v1/nineteenth_century_bridge/part-0001.txt,13280096,13541143,51ac0a95ef6b23b1817f76d9f88f6611a58cbe70686fccd71327915c9ed4c2eb
ll:2414511:seg0001,ll:2414511,497d9d0159fa7eea73b04b62360873520fe6f86e00a89868194d73b1f5721073,0,469666,469666,497d9d0159fa7eea73b04b62360873520fe6f86e00a89868194d73b1f5721073,include_broader_text,nineteenth_century_bridge,retained_primary_text,,"LA MOGLIE NERA ROMANZO DI EDOARDO [ARBIB] MILANO FRATELLI TREVES, EDITORI 1874. Proprietà letteraria. Tip. Fratelli Trev",eno questo ho potuto fare per la tua memoria! Ma Dio è giusto e saprà raggiungere chi fu causa di tante sventure. FINE.,inactive_pending_cross_archive_freeze,materialized_in_inactive_record,data/processed/liber_liber_resolved_v1/nineteenth_century_bridge/part-0001.txt,13541144,14017988,497d9d0159fa7eea73b04b62360873520fe6f86e00a89868194d73b1f5721073
ll:2415752:seg0001,ll:2415752,b91afc18dff95fbd08ee97003a413a5848664304832e874664310bb9f7035264,0,324331,324331,b91afc18dff95fbd08ee97003a413a5848664304832e874664310bb9f7035264,include_broader_text,nineteenth_century_bridge,retained_primary_text,,"MARIO ROMANZO EDIZIONE POSTUMA MILANO Casa Editrice BALDINI, CASTOLDI & C.° Galleria Vittorio Emanuele, 17 - 80 1906 MAR","o, quei due o tre pizzichi di finissima cenere che Carina aveva lasciati sul tavolino di lacca, un momento prima. Fine.",inactive_pending_cross_archive_freeze,materialized_in_inactive_record,data/processed/liber_liber_resolved_v1/nineteenth_century_bridge/part-0001.txt,14017989,14354032,b91afc18dff95fbd08ee97003a413a5848664304832e874664310bb9f7035264
ll:2415781:seg0001,ll:2415781,f8ee48f75af3831b4ca0c2b6bf4e8b2a9d294c7f52e03bd5ec6865fd01166186,0,191774,191774,f8ee48f75af3831b4ca0c2b6bf4e8b2a9d294c7f52e03bd5ec6865fd01166186,include_broader_text,nineteenth_century_bridge,retained_primary_text,,"I DUE DESIDERII (Prologo ed Epilogo) MILANO ALFREDO BRIGOLA & C. EDITORI Proprietà Letteraria riservata Milano, 1889 ‒ A",ppa avrebbe aperto le braccia perchè la vedova e tutti i figliuoli di lei vi riparassero come in un porto sicuro. FINE.,inactive_pending_cross_archive_freeze,materialized_in_inactive_record,data/processed/liber_liber_resolved_v1/nineteenth_century_bridge/part-0001.txt,14354033,14548929,f8ee48f75af3831b4ca0c2b6bf4e8b2a9d294c7f52e03bd5ec6865fd01166186
ll:2416834:seg0001,ll:2416834,1d359f03603613cef83d0dc48e81bfbd36ec5a3bd249bb66820a97d6379e7251,0,129889,129889,1d359f03603613cef83d0dc48e81bfbd36ec5a3bd249bb66820a97d6379e7251,include_broader_text,nineteenth_century_bridge,retained_primary_text,,"Il Numero 13 RACCONTO Prefazione: Come si scrive un romanzo? MILANO, 1895 CASA EDITRICE GALLI DI C. CHIESA, F.lli OMODEI","cino un numero tredici, tenni l'altro per me. E oggi sono quasi sicura che porteranno fortuna entrambi. Così sia. FINE.",inactive_pending_cross_archive_freeze,materialized_in_inactive_record,data/processed/liber_liber_resolved_v1/nineteenth_century_bridge/part-0001.txt,14548930,14680633,1d359f03603613cef83d0dc48e81bfbd36ec5a3bd249bb66820a97d6379e7251
ll:2417236:seg0001,ll:2417236,b2046cd6e8d415663ca90e16b0d0d94f3f72791c5e319de445dafa5aa8572ffb,0,455323,455323,b2046cd6e8d415663ca90e16b0d0d94f3f72791c5e319de445dafa5aa8572ffb,include_broader_text,nineteenth_century_bridge,retained_primary_text,,"O TUTTO O NULLA ROMANZO DI ANTON GIULIO BARRILI SECONDA EDIZIONE MILANO FRATELLI TREVES, EDITORI 1883. PROPRIETÀ LETTERA",va fingere. Però a qualcheduno de' miei lettori sarà parso un po' sciocco. Siamo tanto avvezzi ai furbi trincati! Fine.,inactive_pending_cross_archive_freeze,materialized_in_inactive_record,data/processed/liber_liber_resolved_v1/nineteenth_century_bridge/part-0001.txt,14680634,15146261,b2046cd6e8d415663ca90e16b0d0d94f3f72791c5e319de445dafa5aa8572ffb
ll:2417845:seg0001,ll:2417845,3491870a0ed3bc35de2f6da3cc18d944d91002cf440f3b68f4db1e0a8671cb94,0,134128,134128,3491870a0ed3bc35de2f6da3cc18d944d91002cf440f3b68f4db1e0a8671cb94,include_broader_text,nineteenth_century_bridge,retained_primary_text,,UN SUICIDIO MISTERIOSO Il ridicolo ammazza. Detto francese. CAPITOLO PRIMO. Enigma da sciogliere. In un giornale di Mila,’Achille cominciò a ridere con lui dell’avventura. Oggi ella ha sposato il Laschi. 3 Gennajo 1883. Cletto Arrighi. FINE,inactive_pending_cross_archive_freeze,materialized_in_inactive_record,data/processed/liber_liber_resolved_v1/nineteenth_century_bridge/part-0001.txt,15146262,15283944,3491870a0ed3bc35de2f6da3cc18d944d91002cf440f3b68f4db1e0a8671cb94
ll:2418023:seg0001,ll:2418023,f4a2ce552524be7911c981580683e2bdb75b43a0c875b491c049e9bcb3bd4413,0,646088,646088,f4a2ce552524be7911c981580683e2bdb75b43a0c875b491c049e9bcb3bd4413,include_broader_text,nineteenth_century_bridge,retained_primary_text,,"MEMINI LA MARCHESA D’ARCELLO ROMANZO PARTE PRIMA I. Nella pace serena del tramonto, il suono dell’organo si spandeva amp","Bruno!... ora... siamo pari! Poi ella cadde... pesantemente, come una quercia, recisa alla base... Verdello, 1886. Fine",inactive_pending_cross_archive_freeze,materialized_in_inactive_record,data/processed/liber_liber_resolved_v1/nineteenth_century_bridge/part-0001.txt,15283945,15950655,f4a2ce552524be7911c981580683e2bdb75b43a0c875b491c049e9bcb3bd4413
ll:2418591:seg0001,ll:2418591,873af4e8e0741b02b925bfc19285e44dc4243ea91f583c437f8e9206091a6e73,0,232114,232114,873af4e8e0741b02b925bfc19285e44dc4243ea91f583c437f8e9206091a6e73,include_broader_text,historical_general,retained_primary_text,,Viaggio sul Reno e ne’ suoi contorni Alla Nobil Donna la Signora Marchesa Orintia Sacrati nata Marchesa Romagnoli. L’AUT,tera XLVI. Rive e Contorni del Reno. Da Colonia a Dusseldorf. 174 IN RIMINI MDCCXCV. PER LʼALBERTINI. CON APPROVAZIONE.,inactive_pending_cross_archive_freeze,materialized_in_inactive_record,data/processed/liber_liber_resolved_v1/historical_general/part-0001.txt,323405,560056,873af4e8e0741b02b925bfc19285e44dc4243ea91f583c437f8e9206091a6e73
ll:2419013:seg0001,ll:2419013,83329294eee53d87f44ba635effb06c1c8ed7f7fa1e448716fccbaae2d4e2643,0,680564,680564,83329294eee53d87f44ba635effb06c1c8ed7f7fa1e448716fccbaae2d4e2643,exclude_full_source_duplicate,excluded,existing_corpus_has_canonical_complete_text,gutenberg_previous_pool:pg70208;gutenberg_resolved:70208,AVVISO AL LETTORE. Un uomo intelligente disse: che l’allegria ed il buon umore non chè la melanconia e la tristezza sono,". Fine della Vendetta di Zoe. Un altro romanzo, intitolato il segreto di matteo arpione, darà il fine di questa storia.",inactive_pending_cross_archive_freeze,not_materialized,,,,
ll:2420619:seg0001,ll:2420619,709bf2ca111d2095f785840b605de7989664dca93e924d9257415152d0a36537,0,7657,7657,709bf2ca111d2095f785840b605de7989664dca93e924d9257415152d0a36537,include_broader_text,historical_non_sonnet_poetry,retained_primary_text,,TRIBUTO ALLA MEMORIA DELL’INSIGNE ASTRONOMO CAVALIERE ANTONIO CAGNOLI VERONESE IN VERONA DALLA SOCIETA' TIPOGRAFICA EDIT,Ha la sua patria egli medesimo assolve: Chè Antonio sin d'allora in questa Torre Splendido monumento erse a sè stesso.,inactive_pending_cross_archive_freeze,materialized_in_inactive_record,data/processed/liber_liber_resolved_v1/historical_non_sonnet_poetry/part-0001.txt,894892,902637,709bf2ca111d2095f785840b605de7989664dca93e924d9257415152d0a36537
ll:2420980:seg0001,ll:2420980,84c0e8ac1912be82e0eb8333bbf0b24f6a5be7382fe61d164b4d47ca701605f5,0,476384,476384,84c0e8ac1912be82e0eb8333bbf0b24f6a5be7382fe61d164b4d47ca701605f5,exclude_full_source_duplicate,excluded,existing_corpus_has_canonical_complete_text,gutenberg_previous_pool:pg70376;gutenberg_resolved:70376,IL SEGRETO DI MATTEO ARPIONE I. Era una triste giornata nel palazzo Sangré di Valneve: l’anniversario della morte del co,egli esistesse. Avvenne quello ch’egli aveva più desiderato: il suo nome e l’esser suo si perdettero nell’oblìo. FINE.,inactive_pending_cross_archive_freeze,not_materialized,,,,
ll:2421341:seg0001,ll:2421341,893b42740f62637dfa8a2a560b04f3823e323d6062436b4177455ba6ab8b1edd,0,378491,378491,893b42740f62637dfa8a2a560b04f3823e323d6062436b4177455ba6ab8b1edd,include_broader_text,nineteenth_century_bridge,retained_primary_text,,"CAPELLI BIONDI ROMANZO DI SALVATORE FARINA MILANO LIBRERIA EDITRICE G. BRIGOLA Corso Vittorio Emanuele, 26 ‒ 1876 Propri","anche essere degni di farlo. Queste parole, ora non le puoi capire; pure ricordale ‒ sono della tua povera mamma. FINE.",inactive_pending_cross_archive_freeze,materialized_in_inactive_record,data/processed/liber_liber_resolved_v1/nineteenth_century_bridge/part-0001.txt,15950656,16336596,893b42740f62637dfa8a2a560b04f3823e323d6062436b4177455ba6ab8b1edd
ll:2421356:seg0001,ll:2421356,a97690599d9e527ac590809bfb436fec1c07769ac04b70f667dc73e7d9cf2a87,0,536748,536748,a97690599d9e527ac590809bfb436fec1c07769ac04b70f667dc73e7d9cf2a87,exclude_full_source_duplicate,excluded,existing_corpus_has_canonical_complete_text,gutenberg_previous_pool:pg70127;gutenberg_resolved:70127,FEDERICO LENNOIS ROMANZO Seguito del Romanzo IL MIO CADAVERE NAPOLI STAB. TIP. CAV. GENNARO SALVATI (Casa Editrice) Madd,"igia, consacrandosi a Dio, avea seguita l'antica e cara propensione dell'animo suo. Ora ella non vivea che per PREGARE.",inactive_pending_cross_archive_freeze,not_materialized,,,,
ll:2422536:seg0001,ll:2422536,3e9ea17fc0f0934747346445d14996b495f0d15483626b9cce46d9442229707c,0,70998,70998,3e9ea17fc0f0934747346445d14996b495f0d15483626b9cce46d9442229707c,include_broader_text,historical_non_sonnet_poetry,retained_primary_text,,"VALSOLDA Nihil sine voce est. NOTA DELL’AUTORE ______ Valsolda si ristampa qui per la prima, volta dopo la edizione a pa","il mio cor da sola si consuma, Io non piego, io non gemo; altero al mio Posto di guerra attendo il giorno e Dio. ______",inactive_pending_cross_archive_freeze,materialized_in_inactive_record,data/processed/liber_liber_resolved_v1/historical_non_sonnet_poetry/part-0001.txt,902638,975625,3e9ea17fc0f0934747346445d14996b495f0d15483626b9cce46d9442229707c
ll:2423213:seg0001,ll:2423213,be48246536993075ac7ccece68d4b27e7571c159c571cff0c51fe03c27a55b28,0,267044,267044,be48246536993075ac7ccece68d4b27e7571c159c571cff0c51fe03c27a55b28,include_broader_text,nineteenth_century_bridge,retained_primary_text,,PE' BELLI OCCHI DELLA GLORIA SCENE QUASI VERE MILANO ALFREDO BRIGOLA & C. EDITORI Proprietà letteraria. Milano 1887. ‒ T,"iatosi una mattina di mal umore, corse difilato a cancellare l'Illusione. E si trovò più d'uno che disse: peccato! FINE",inactive_pending_cross_archive_freeze,materialized_in_inactive_record,data/processed/liber_liber_resolved_v1/nineteenth_century_bridge/part-0001.txt,16336597,16608191,be48246536993075ac7ccece68d4b27e7571c159c571cff0c51fe03c27a55b28
ll:2424248:seg0001,ll:2424248,c3b1f05fe2cfff70361486b5089589db6b5dccbec1c3844a09178e8cd818ec93,0,283047,283047,c3b1f05fe2cfff70361486b5089589db6b5dccbec1c3844a09178e8cd818ec93,exclude_full_source_duplicate,excluded,existing_corpus_has_canonical_complete_text,gutenberg_previous_pool:pg71320;gutenberg_resolved:71320,"TENDA E CASTELLO MILANO, LIBRERIA EDITRICE G. BRIGOLA. Corso Vittorio Emanuele, 26. 1878. PROPRIETÀ LETTERARIA. Milano,","ori. ‒ E, senti, ‒ gli dice alla fine Giulio, ‒ se non vuoi che il tuo arboscello faccia pere-cotogne, innestalo. FINE.",inactive_pending_cross_archive_freeze,not_materialized,,,,
ll:2424764:seg0001,ll:2424764,0b80b1404804f753ac8519ccda417b90fc02f833e0840aea5e44a3c763ac7654,0,276162,276162,0b80b1404804f753ac8519ccda417b90fc02f833e0840aea5e44a3c763ac7654,include_broader_text,nineteenth_century_bridge,retained_primary_text,,_______________ Proprietà Letteraria _______________ _____________________________________ ROMA – Tipografia dell’Ospizi,lie è innocente. — Innocente... ah! ah! mia moglie è innocente — rispose ghignando Pietro Urbani. Spuntava l’alba. FINE,inactive_pending_cross_archive_freeze,materialized_in_inactive_record,data/processed/liber_liber_resolved_v1/nineteenth_century_bridge/part-0001.txt,16608192,16890213,0b80b1404804f753ac8519ccda417b90fc02f833e0840aea5e44a3c763ac7654
ll:2426443:seg0001,ll:2426443,0ec7aa3e0901eb4208aee502ffd0aea504ba34142d9896f99d7ee08d1ed491a6,0,288632,288632,0ec7aa3e0901eb4208aee502ffd0aea504ba34142d9896f99d7ee08d1ed491a6,exclude_full_source_duplicate,excluded,existing_corpus_has_canonical_complete_text,wikisource_resolved:itws:578342,"EMILIO SALGARI LA Città dell'Oro RACCONTO Con 41 disegni di Antonio Bonamore e Gino De Bini MILANO Fratelli Treves, Edit","da Domingo Vera, dal cavalier Raleigh e Keymis ed anche da tanti altri audaci esploratori di quest'ultimo secolo. Fine.",inactive_pending_cross_archive_freeze,not_materialized,,,,
ll:2427167:seg0001,ll:2427167,fe3499ad757eeda4c5dae96e8994435bfb99c90856f838094593f1acf9ae33f1,0,25760,25760,fe3499ad757eeda4c5dae96e8994435bfb99c90856f838094593f1acf9ae33f1,exclude_sonnet_collection_wrapper_from_broader_text,excluded,39_explicitly_signed_fourteen_line_sonnets_isolated,,"ALESSANDRO VARALDO MARIO MALFETTANI ALESSANDRO GIRIBALDI IL 1º LIBRO DEI TRITTICI PREFAZIONE Mai come ieri, amici, dopo",ribondo posa sul petto. (Li occhi moribondi cosa cercano?) Il giorno come un giglio muore. Alessandro Giribaldi F I N E,inactive_pending_cross_archive_freeze,not_materialized,,,,
ll:2427718:seg0001,ll:2427718,4e123c04d508d3a34d0dd472ed7cffae52adcf503dfd56072780bcce1b052f03,0,606759,606759,4e123c04d508d3a34d0dd472ed7cffae52adcf503dfd56072780bcce1b052f03,exclude_full_source_duplicate,excluded,existing_corpus_has_canonical_complete_text,gutenberg_previous_pool:pg71399;gutenberg_resolved:71399,RACCONTI POPOLARI Le Tessitore. ‒ Una madre. ‒ Una passeggiata pei borghi di Firenze. ‒ Il buono e il cattivo per tutto.,"ssero troppo rari, ho creduto che anche voi poteste avere a grado di fare la conoscenza del mugnajo di Vallecchia. FINE",inactive_pending_cross_archive_freeze,not_materialized,,,,
ll:2427968:seg0001,ll:2427968,091cb402298d8b739c2bb358852a7bf40a6a0948f5e328a91c232b06bb9740f0,0,451037,451037,091cb402298d8b739c2bb358852a7bf40a6a0948f5e328a91c232b06bb9740f0,include_broader_text,nineteenth_century_bridge,retained_primary_text,,"VENEZIA TIP. DEL COMMERCIO DI MARCO VISENTINI 1871 E per questo, soggiunge l’anonimo, si dovrebbe pensare più a far bene","a coloro, cui duole lasciarsi, la consolazione di venire cambiati in alberi, è tolta anco quella. Treviso ottobre 1870.",inactive_pending_cross_archive_freeze,materialized_in_inactive_record,data/processed/liber_liber_resolved_v1/nineteenth_century_bridge/part-0001.txt,16890214,17354475,091cb402298d8b739c2bb358852a7bf40a6a0948f5e328a91c232b06bb9740f0
ll:2428273:seg0001,ll:2428273,abe036e27b3fe34a1683b44de739d5f41a34096321ce17a39183f191a9c3bf64,0,7193,7193,abe036e27b3fe34a1683b44de739d5f41a34096321ce17a39183f191a9c3bf64,include_broader_text,historical_non_sonnet_poetry,retained_primary_text,,MARZO (VI CENTENARIO DEL VESPRO SICILIANO) CANTO DI G AURELIO COSTANZO ROMA-PALERMO MDCCCLXXXII Stabilimento Tipografico,"e cento stranezze, ne la fiera Anima di ribelle ardito e giovane E ne la gloria de la tua bandiera. G. Aurelio Costanzo",inactive_pending_cross_archive_freeze,materialized_in_inactive_record,data/processed/liber_liber_resolved_v1/historical_non_sonnet_poetry/part-0001.txt,975626,982886,abe036e27b3fe34a1683b44de739d5f41a34096321ce17a39183f191a9c3bf64
ll:2428649:seg0001,ll:2428649,1df6ff6ab8e3e246403e4207e0bb330e1fe3b240e75b5aa17e12bc6e6f70909d,0,554669,554669,1df6ff6ab8e3e246403e4207e0bb330e1fe3b240e75b5aa17e12bc6e6f70909d,include_broader_text,nineteenth_century_bridge,retained_primary_text,,"L'INCANTESIMO ROMANZO. MILANO FRATELLI TREVES, EDITORI 1897. PROPRIETÀ LETTERARIA Riservati tutti i diritti, compreso in","l'apportatore d'un giorno senza tramonto. Cerro Verbano, luglio 1894. Quinto al Mare, dicembre 1896. FINE DE LA SIRENA.",inactive_pending_cross_archive_freeze,materialized_in_inactive_record,data/processed/liber_liber_resolved_v1/nineteenth_century_bridge/part-0001.txt,17354476,17915970,1df6ff6ab8e3e246403e4207e0bb330e1fe3b240e75b5aa17e12bc6e6f70909d
ll:2428858:seg0001,ll:2428858,f0073d3a0fab8419d857e90463d6cb6bfc93f097ec1ff4d49ff7a4134e433b35,0,126915,126915,f0073d3a0fab8419d857e90463d6cb6bfc93f097ec1ff4d49ff7a4134e433b35,exclude_alternate_canonical_edition,excluded,canonical_liber_liber_edition_is_ll:2344213,ll:2344213,LA VITA NUOVA DI DANTE CON LE ILLUSTRAZIONI DI DANTE GABRIELE ROSSETTI Casa Editrice Nazionale ROUX e VIARENGO TORINO ‒,"cioè di quella benedetta Beatrice, che gloriosamente mira nella faccia di Colui, qui est per omnia saecula benedictus.",inactive_pending_cross_archive_freeze,not_materialized,,,,
ll:2428878:seg0001,ll:2428878,8d44d9dc4920aa0b0a028a537102811ed154e312f7c69083743fd1ae4bf6bdab,0,389598,389598,8d44d9dc4920aa0b0a028a537102811ed154e312f7c69083743fd1ae4bf6bdab,exclude_composite_canonical_source,excluded,combined_canonical_sources_cover_primary_work,gutenberg_previous_pool:pg73194;gutenberg_previous_pool:pg73195;gutenberg_resolved:73194;gutenberg_resolved:73195,IL PALAZZO DEL DIAVOLO LEGGENDA MANTOVANA ROMANZO DI ULISSE BARBIERI Volume Primo MILANO NATALE BATTEZZATI EDITORE 1868.,"altzer, e mormorava all'orecchio della sua danzatrice la solita menzogna di tutti, e di tutti i giorni: t'amo!... FINE.",inactive_pending_cross_archive_freeze,not_materialized,,,,
ll:2429560:seg0001,ll:2429560,b74676d780f7b5af3fb5d15ff2781e5abf852a8b45940227cb1a4671e494f6c2,0,352972,352972,b74676d780f7b5af3fb5d15ff2781e5abf852a8b45940227cb1a4671e494f6c2,include_broader_text,nineteenth_century_bridge,retained_primary_text,,E. SALGARI AL POLO AUSTRALE IN VELOCIPEDE con 30 Illustrazioni di G. BRUNO e Carta geografica del viaggio. DITTA G. B. P,risponde subito enfaticamente: ‒ Cosa volete saperne voi?... Tacete! Non siete stato al polo come ci sono stato io!...,inactive_pending_cross_archive_freeze,materialized_in_inactive_record,data/processed/liber_liber_resolved_v1/nineteenth_century_bridge/part-0001.txt,17915971,18274177,b74676d780f7b5af3fb5d15ff2781e5abf852a8b45940227cb1a4671e494f6c2
ll:2429750:seg0001,ll:2429750,3be9711834903af65671c6d33a332b9f09315a4ece6c42c257c2008145c6e1df,0,505263,505263,3be9711834903af65671c6d33a332b9f09315a4ece6c42c257c2008145c6e1df,include_broader_text,nineteenth_century_bridge,retained_primary_text,,UOMINI E SOLDATI LETTURE PER L’ESERCITO E PEL POPOLO NUOVA EDIZIONE AI GIOVANI CUORI ITALIANI UN VECCHIO CUORE Uomini e,"lamenti. È più degno soffrire, lavorare e tacere; e vincendo noi stessi, vincere il mondo, la sventura e il male. Fine.",inactive_pending_cross_archive_freeze,materialized_in_inactive_record,data/processed/liber_liber_resolved_v1/nineteenth_century_bridge/part-0001.txt,18274178,18790822,3be9711834903af65671c6d33a332b9f09315a4ece6c42c257c2008145c6e1df
ll:2429759:seg0001,ll:2429759,0b5f465c7a700afadac7a37e18d3aa3cee97e016bda87d9ed9e0d5ce06d9893f,0,414133,414133,0b5f465c7a700afadac7a37e18d3aa3cee97e016bda87d9ed9e0d5ce06d9893f,include_broader_text,nineteenth_century_bridge,retained_primary_text,,EMILIO SALGARI LE SELVE ARDENTI ROMANZO D’AVVENTURE Illustrato da 20 disegni di G. D’AMATO CASA EDITRICE SONZOGNO – MILA,"ito. Ora quei bravi cacciatori vivono sulle frontiere, cacciando il bisonte senza menar vanto delle loro imprese. FINE.",inactive_pending_cross_archive_freeze,materialized_in_inactive_record,data/processed/liber_liber_resolved_v1/nineteenth_century_bridge/part-0001.txt,18790823,19218322,0b5f465c7a700afadac7a37e18d3aa3cee97e016bda87d9ed9e0d5ce06d9893f
ll:2430576:seg0001,ll:2430576,549284bf53e5a13e07939a377cb7dbf105a2e1eca4dfc1435c8df469058edc02,0,540840,540840,549284bf53e5a13e07939a377cb7dbf105a2e1eca4dfc1435c8df469058edc02,include_broader_text,nineteenth_century_bridge,retained_primary_text,,"PRIMA di PARTIRE NUOVI RACCONTI DI Enrico Castelnuovo MILANO Fratelli Treves, Editori 1896 ‒ Secondo Migliaio. PROPRIETÀ",eduno domandò: ‒ Chi è il morto? ‒ È la bambina Rinucci ‒ rispose un altro dei presenti.... Aveva diciannove anni. Fine,inactive_pending_cross_archive_freeze,materialized_in_inactive_record,data/processed/liber_liber_resolved_v1/nineteenth_century_bridge/part-0001.txt,19218323,19767415,549284bf53e5a13e07939a377cb7dbf105a2e1eca4dfc1435c8df469058edc02
ll:2430808:seg0001,ll:2430808,48277c44c05968f5d5efa9c22591591e6edf341c20289cd2b048787f4ec9abd2,0,763210,763210,48277c44c05968f5d5efa9c22591591e6edf341c20289cd2b048787f4ec9abd2,include_broader_text,nineteenth_century_bridge,retained_primary_text,,"TERREMOTO STORIA DEL SECOLO XVI MILANO GALLI E OMODEI, EDITORI-LIBRAI. Galleria Vittorio Emanuele, 17. 1878. PROPRIETÀ L","rmi francesi, il castello di Torchiara, sotto gli ordini del principe di Macedonia, che ne comandava il presidio. FINE.",inactive_pending_cross_archive_freeze,materialized_in_inactive_record,data/processed/liber_liber_resolved_v1/nineteenth_century_bridge/part-0001.txt,19767416,20544015,48277c44c05968f5d5efa9c22591591e6edf341c20289cd2b048787f4ec9abd2
ll:2431029:seg0001,ll:2431029,011648617f8e5f0bc263c01e4310fc264481d0c93cbe03c432b1c6143a815610,0,218189,218189,011648617f8e5f0bc263c01e4310fc264481d0c93cbe03c432b1c6143a815610,include_broader_text,nineteenth_century_bridge,retained_primary_text,,"LA MARCHESA COLOMBI I RAGAZZI D'UNA VOLTA E I RAGAZZI D'ADESSO MILANO GIUSEPPE GALLI, EDITORE Galleria Vittorio Emanuele","neppure un invito per una seratina. «Aveva fatto il vuoto intorno a noi, quel terribile: «Non se ne parli altro!» Fine.",inactive_pending_cross_archive_freeze,materialized_in_inactive_record,data/processed/liber_liber_resolved_v1/nineteenth_century_bridge/part-0001.txt,20544016,20765309,011648617f8e5f0bc263c01e4310fc264481d0c93cbe03c432b1c6143a815610
ll:2431081:seg0001,ll:2431081,63b2ce94a8a280b26e8ea5aea0a3c92ce95d5e177011bd8e9cffbc6d0a1e95c6,0,256256,256256,63b2ce94a8a280b26e8ea5aea0a3c92ce95d5e177011bd8e9cffbc6d0a1e95c6,exclude_full_source_duplicate,excluded,existing_corpus_has_canonical_complete_text,gutenberg_previous_pool:pg72382;gutenberg_resolved:72382,RACCONTI STORICI DI Giambattista Bazzoni MILANO Presso Omobono Manini 1832. AVVERTIMENTO DELL'EDITORE Avendo io richiest,"a le smanie della vendetta e la commozione, ma quest'ultima vinse alfine, ei le stese impietosito le braccia e perdonò.",inactive_pending_cross_archive_freeze,not_materialized,,,,
ll:2431116:seg0001,ll:2431116,27808971a9de896c75c8f7dac39e6fb8a093028055f8abb1a4b2b2cf3dfe94f5,0,205434,205434,27808971a9de896c75c8f7dac39e6fb8a093028055f8abb1a4b2b2cf3dfe94f5,exclude_full_source_duplicate,excluded,existing_corpus_has_canonical_complete_text,gutenberg_previous_pool:pg72470;gutenberg_resolved:72470,RACCONTI STORICI DI Giambattista Buzzoni Nuovo volume MILANO Presso Omobono Manini 1832. A Sigismondo Raris Consigliere.,"va luminoso di fronte, ogni mia tristezza si dissipò, ed altro non mi parve quel caso che una romanzesca ventura. FINE.",inactive_pending_cross_archive_freeze,not_materialized,,,,
ll:2431320:seg0001,ll:2431320,6266c037bb973556138e7c2b56c18a44addd3ea60bac3bdf4b2d92c7cfb1372f,0,220213,220213,6266c037bb973556138e7c2b56c18a44addd3ea60bac3bdf4b2d92c7cfb1372f,include_broader_text,nineteenth_century_bridge,retained_primary_text,,IL DUCA DI FONTESCHIAVI ____________ 8° Migliaio ____________ ROMA Casa Editrice A. Sommaruga e C. Via Umiltà – Palazzo,"di Fonteschiavi continuava a ripeterla all’orecchia di Ada, mentre le guardie trascinavano fra loro Biancalanoce. FINE.",inactive_pending_cross_archive_freeze,materialized_in_inactive_record,data/processed/liber_liber_resolved_v1/nineteenth_century_bridge/part-0001.txt,20765310,20990328,6266c037bb973556138e7c2b56c18a44addd3ea60bac3bdf4b2d92c7cfb1372f
ll:2431658:seg0001,ll:2431658,42b79294f89971e03e0c9a33c3afb029f6cac62bd91f56d3b6ca9d084f0c75c4,0,174110,174110,42b79294f89971e03e0c9a33c3afb029f6cac62bd91f56d3b6ca9d084f0c75c4,include_broader_text,nineteenth_century_bridge,retained_primary_text,,IL SIGNOR IO Terza Edizione illustrata MILANO ALFREDO BRIGOLA E C. 5 ‒ Via A. Manzoni ‒ 5 PROPRIETÀ LETTERARIA DIRITTI D,"di; ma se tu ti ostinassi a dire che ti vuoi pentire, e ci negassi questa felicità, non ti pare che saresti un egoista?",inactive_pending_cross_archive_freeze,materialized_in_inactive_record,data/processed/liber_liber_resolved_v1/nineteenth_century_bridge/part-0001.txt,20990329,21167434,42b79294f89971e03e0c9a33c3afb029f6cac62bd91f56d3b6ca9d084f0c75c4
ll:2431718:seg0001,ll:2431718,508aafe543218279a3a622a72797193e8a3e9c386b997128043678495f1cf1fa,0,326870,326870,508aafe543218279a3a622a72797193e8a3e9c386b997128043678495f1cf1fa,exclude_full_source_duplicate,excluded,existing_corpus_has_canonical_complete_text,wikisource_resolved:itws:580335,"EMILIO SALGARI UN DRAMMA NELL'OCEANO PACIFICO RACCONTO CON MOLTE ILLUSTRAZIONI DI G. G. BRUNO. FIRENZE, R. BEMPORAD & FI","trinchetto. Velatura, l'insieme di tutte le vele d'una nave. Virare di bordo, dirigere la nave a destra od a sinistra.",inactive_pending_cross_archive_freeze,not_materialized,,,,
ll:2432144:seg0001,ll:2432144,a54ae19e42f21e2a0e26e7fa9f6f4e22bf27a29c552827c4419bc70c2cca1749,0,606943,606943,a54ae19e42f21e2a0e26e7fa9f6f4e22bf27a29c552827c4419bc70c2cca1749,include_broader_text,nineteenth_century_bridge,retained_primary_text,,"LUIGIA SANFELICE ROMANZO STORICO PARTE PRIMA NAPOLI, 1870 Stabilimento tipografico della SIRENA Tutti i diritti di propr","e.... Quel sangue sprizzò fino al trono di Dio, che maledisse ai tiranni della terra ed alla loro esecrata genia. FINE",inactive_pending_cross_archive_freeze,materialized_in_inactive_record,data/processed/liber_liber_resolved_v1/nineteenth_century_bridge/part-0001.txt,21167435,21780681,a54ae19e42f21e2a0e26e7fa9f6f4e22bf27a29c552827c4419bc70c2cca1749
ll:2432528:seg0001,ll:2432528,19235cf5879f8c1f324a0d4dbda2b64268f73baaed088d77109559f4f93b786b,0,475669,475669,19235cf5879f8c1f324a0d4dbda2b64268f73baaed088d77109559f4f93b786b,exclude_full_source_duplicate,excluded,existing_corpus_has_canonical_complete_text,gutenberg_previous_pool:pg75660;gutenberg_resolved:75660,UNO DEI MILLE DELLA SPEDIZIONE GARIBALDINA NEL MEZZODÌ D'ITALIA ROMANZO STORICO DI VITTORE OTTOLINI MILANO PER FRANCESCO,adroni del fatto mio sarete voi altri due. Ecco come uno dei mille fu degnamente compensato.... dalla Provvidenza. fine,inactive_pending_cross_archive_freeze,not_materialized,,,,
ll:2432614:seg0001,ll:2432614,0fa969ab1f3713d2f9d0b71a3017d286dc1534e53095a0cfae3e80392623cfeb,0,3980,3980,0fa969ab1f3713d2f9d0b71a3017d286dc1534e53095a0cfae3e80392623cfeb,include_broader_text,historical_non_sonnet_poetry,retained_primary_text,,La partenza del crociato ovvero il prode Anselmo di Giovanni Visconti Venosta Sulla fine di quell'autunno scrissi uno sc,"lungamente a mia insaputa, e me lo trovai dinanzi ogni momento, ora diminuito, ora accresciuto, e spesso spropositato.",inactive_pending_cross_archive_freeze,materialized_in_inactive_record,data/processed/liber_liber_resolved_v1/historical_non_sonnet_poetry/part-0001.txt,982887,986915,0fa969ab1f3713d2f9d0b71a3017d286dc1534e53095a0cfae3e80392623cfeb
ll:2432975:seg0001,ll:2432975,bbacc72e25287ba028e2ca47a638ba1d6d3e513f84522f749a8ca9c6140525b8,0,271419,271419,bbacc72e25287ba028e2ca47a638ba1d6d3e513f84522f749a8ca9c6140525b8,include_broader_text,nineteenth_century_bridge,retained_primary_text,,IL MUTO DI GALLURA (RACCONTO STORICO ‒ SARDO) SECONDA EDIZIONE TEMPIO TIPOGRAFIA EDITRICE DITTA O. TORTU PROPRIETÀ LETTE,"ile, domandate del muto ai rulli misteriosi del Gran tamburo, quando sui graniti maledetti piomba l'ira delle tempeste!",inactive_pending_cross_archive_freeze,materialized_in_inactive_record,data/processed/liber_liber_resolved_v1/nineteenth_century_bridge/part-0001.txt,21780682,22055724,bbacc72e25287ba028e2ca47a638ba1d6d3e513f84522f749a8ca9c6140525b8
ll:2433191:seg0001,ll:2433191,2f80c4a9f193448bd0aed3619cea10475be62b62ec762df23a9017c0993d5097,0,446464,446464,2f80c4a9f193448bd0aed3619cea10475be62b62ec762df23a9017c0993d5097,exclude_composite_canonical_source,excluded,combined_canonical_sources_cover_primary_work,gutenberg_previous_pool:pg75196;gutenberg_previous_pool:pg75197;gutenberg_resolved:75196;gutenberg_resolved:75197,"LA GIOVINEZZA DI GIULIO CESARE SCENE ROMANE DI GIUSEPPE ROVANI VOLUME I MILANO LEGROS FELICE EDITORE Via S. Sofia, 29 M","à onnipotente, si vedrà quanto fece questo uomo, che fu il più grande dell'universo. fine del secondo ed ultimo volume.",inactive_pending_cross_archive_freeze,not_materialized,,,,
ll:2434278:seg0001,ll:2434278,591e8cd6eade1ddb026a0c2c50b564dbffbd25115d1f3d9c06e8ae0836d6b0d8,0,75638,75638,591e8cd6eade1ddb026a0c2c50b564dbffbd25115d1f3d9c06e8ae0836d6b0d8,include_broader_text,nineteenth_century_bridge,retained_primary_text,,"FRA LE CORDE D'UN CONTRABASSO RACCONTO MILANO A. Brigola e C., Editori Via Manzoni, 5 Proprietà letteraria. Milano, 1882","Così disse il contrabasso, ma la maggior parte di quello che disse allora, non si capì interamente che più tardi. FINE.",inactive_pending_cross_archive_freeze,materialized_in_inactive_record,data/processed/liber_liber_resolved_v1/nineteenth_century_bridge/part-0001.txt,22055725,22132773,591e8cd6eade1ddb026a0c2c50b564dbffbd25115d1f3d9c06e8ae0836d6b0d8
ll:2434773:seg0001,ll:2434773,4628e53ee20350193311303de53fa6039e9b52d46043c3361590e60d6cf228ac,0,439527,439527,4628e53ee20350193311303de53fa6039e9b52d46043c3361590e60d6cf228ac,exclude_full_source_duplicate,excluded,existing_corpus_has_canonical_complete_text,wikisource_resolved:itws:571131,EMILIO SALGARI IL TESORO DEL PRESIDENTE DEL PARAGUAY TORINO GIULIO SPEIRANI E FIGLI Editori-Librai 1898 Terza Edizione P,"residente, e i due marinai venivano rimandati a bordo della squadra fluviatile, mentre Ramon emigrava in Bolivia. Fine.",inactive_pending_cross_archive_freeze,not_materialized,,,,
ll:2435088:seg0001,ll:2435088,f33c78131f788bc0e11b9defd2f9c31f1387ef6fc0f262be2dac494f562308bb,0,264275,264275,f33c78131f788bc0e11b9defd2f9c31f1387ef6fc0f262be2dac494f562308bb,include_broader_text,nineteenth_century_bridge,retained_primary_text,,BIBLIOTECA SARDA DIRETTORI CAV. ENRICO COSTA. AVV. ANTONIO SCANO Vol. X. Enrico Costa ENRICO COSTA DA SASSARI A CAGLIARI,"sina. Ma che fare? pazienza! Ricorderò in ogni tempo che le belle rose, come i buoni cardi, hanno sempre le spine! FINE",inactive_pending_cross_archive_freeze,materialized_in_inactive_record,data/processed/liber_liber_resolved_v1/nineteenth_century_bridge/part-0001.txt,22132774,22401397,f33c78131f788bc0e11b9defd2f9c31f1387ef6fc0f262be2dac494f562308bb
ll:2435194:seg0001,ll:2435194,0daf3424b6e3b5246c98dbdc43deefaaa2c55a6d5043d1206976b0942ae9aa34,0,24744,24744,0daf3424b6e3b5246c98dbdc43deefaaa2c55a6d5043d1206976b0942ae9aa34,include_broader_text,nineteenth_century_bridge,retained_primary_text,,"IL MIO ULTIMO AMICO Palermo Casa Editrice – Salvatore Biondo Via Roma n. 54 Vieni. Eccomi allungato sulla poltrona, a co",io ti ringrazio. E ora va. Hanno suonato. So chi è. È un signore che mi viene a leggere un manoscritto. Abbaiagli pure.,inactive_pending_cross_archive_freeze,materialized_in_inactive_record,data/processed/liber_liber_resolved_v1/nineteenth_century_bridge/part-0001.txt,22401398,22426646,0daf3424b6e3b5246c98dbdc43deefaaa2c55a6d5043d1206976b0942ae9aa34
ll:2435995:seg0001,ll:2435995,9bfa1e315c3bbd13933ecc53b6cb438636ea0b1d6352e307165b82bc6b14f125,0,459329,459329,9bfa1e315c3bbd13933ecc53b6cb438636ea0b1d6352e307165b82bc6b14f125,include_broader_text,nineteenth_century_bridge,retained_primary_text,,IL QUADERNO DELLA ZIA NOVELLA DI ENRICO CASTELNUOVO MILANO COI TIPI DELLA PERSEVERANZA 1872 Estratto dal giornale La Per,"odo è di cercarsi un altro servizio. Ecco la ragione per cui Nannetta, dopo due lustri e più, lasciò casa Alzini. FINE.",inactive_pending_cross_archive_freeze,materialized_in_inactive_record,data/processed/liber_liber_resolved_v1/nineteenth_century_bridge/part-0001.txt,22426647,22897658,9bfa1e315c3bbd13933ecc53b6cb438636ea0b1d6352e307165b82bc6b14f125
ll:2438498:seg0001,ll:2438498,67e35c259269d403cc903b37e037316b4adfcc2536f6db9527f97fdf161262ff,0,87296,87296,67e35c259269d403cc903b37e037316b4adfcc2536f6db9527f97fdf161262ff,include_broader_text,nineteenth_century_bridge,retained_primary_text,,"ROMA SENTIMENTALE . . . . . Fotografie di A. Ducros, G. Primoli e altri. Incisioni del prof. Ballarini. ROMA Enrico Vogh","traverso la veletta come uno di quei frutti portentosi che pur avendo sapore di gelo, sembrano fuoco nelle vene. FINE.",inactive_pending_cross_archive_freeze,materialized_in_inactive_record,data/processed/liber_liber_resolved_v1/nineteenth_century_bridge/part-0001.txt,22897659,22986289,67e35c259269d403cc903b37e037316b4adfcc2536f6db9527f97fdf161262ff
ll:2438526:seg0001,ll:2438526,2a95fb627f444f9ac06823679cd3de7ff051ffc03e90f67fa9546ab3df1296f0,0,129402,129402,2a95fb627f444f9ac06823679cd3de7ff051ffc03e90f67fa9546ab3df1296f0,exclude_full_source_duplicate,excluded,existing_corpus_has_canonical_complete_text,gutenberg_previous_pool:pg73733;gutenberg_resolved:73733,"‒ Ah! non temete alcun male da me. Del male a voi! ‒ Virtù e delitto, ecc. pag. 31. Virtù e Delitto O LA FAMIGLIA DEL MA",Il padre Venanzio e la Concezione vissero ancora abbastanza per vedere i figli di Maria Solis e di Luigi Grifone. FINE,inactive_pending_cross_archive_freeze,not_materialized,,,,
ll:2439362:seg0001,ll:2439362,87d449bf6a89b7f8f625504e3a87e6603a70c05659243340640908b02da20b0e,0,339129,339129,87d449bf6a89b7f8f625504e3a87e6603a70c05659243340640908b02da20b0e,include_broader_text,nineteenth_century_bridge,retained_primary_text,,"I miei Racconti SETTIMA EDIZIONE AUMENTATA. MILANO FRATELLI TREVES, EDITORI 1900. PROPRIETÀ LETTERARIA I diritti di ripr","me ne dispiace. Giurai però allora di non scrivere più satire personali; e ho mantenuto, credo, la mia promessa. Fine.",inactive_pending_cross_archive_freeze,materialized_in_inactive_record,data/processed/liber_liber_resolved_v1/nineteenth_century_bridge/part-0001.txt,22986290,23328395,87d449bf6a89b7f8f625504e3a87e6603a70c05659243340640908b02da20b0e
ll:2439395:seg0001,ll:2439395,1d5cb06d5551d888aec4f3b3cfb9eb5ab938317660025c9d67f6652fdcf81d47,0,253606,253606,1d5cb06d5551d888aec4f3b3cfb9eb5ab938317660025c9d67f6652fdcf81d47,include_broader_text,nineteenth_century_bridge,retained_primary_text,,ROVINE Degna di morire ‒ La laurea dell'amore. MILANO TIPOGRAFIA EDITRICE LOMBARDA di F. MENOZZI e COMP. STABILIMENTO Vi,"allo studente, mentre i vagoni si urtavano per pigliare le mosse, due gaie voci vibrate da gentilezza scherzosa. FINE.",inactive_pending_cross_archive_freeze,materialized_in_inactive_record,data/processed/liber_liber_resolved_v1/nineteenth_century_bridge/part-0001.txt,23328396,23585158,1d5cb06d5551d888aec4f3b3cfb9eb5ab938317660025c9d67f6652fdcf81d47
ll:2440440:seg0001,ll:2440440,ad6274ac7d9018915093906aa9989986db83f4fe2a3bbf536bd601c90ad51a9a,0,492882,492882,ad6274ac7d9018915093906aa9989986db83f4fe2a3bbf536bd601c90ad51a9a,include_broader_text,nineteenth_century_bridge,retained_primary_text,,"La Costa d'Avorio Avventure illustrate da 18 disegni, fuori testo di G. Gamba Genova A. Donath, editore 1898 Proprietà L","nge però solo.... Lo accompagna l'ex-amazzone del feroce Geletè, divenuta, da parecchi anni, la signora Urada Carvalho.",inactive_pending_cross_archive_freeze,materialized_in_inactive_record,data/processed/liber_liber_resolved_v1/nineteenth_century_bridge/part-0001.txt,23585159,24088270,ad6274ac7d9018915093906aa9989986db83f4fe2a3bbf536bd601c90ad51a9a
ll:2440693:seg0001,ll:2440693,94ec7a9c5790d59e9fc048d5f562b7581f1ee7268f5d214303f943960a716731,0,366556,366556,94ec7a9c5790d59e9fc048d5f562b7581f1ee7268f5d214303f943960a716731,include_broader_text,nineteenth_century_bridge,retained_primary_text,,"MONSÙ TOMÈ RACCONTO DI ANTON GIULIO BARRILI MILANO FRATELLI TREVES, EDITORI. 1885. MONSÙ TOMÈ Capitolo Primo. La present","mo a tutti quelli che già affliggono l'umanità, e che la scienza, bontà sua, promette ad ogni tanto di risolvere. FINE.",inactive_pending_cross_archive_freeze,materialized_in_inactive_record,data/processed/liber_liber_resolved_v1/nineteenth_century_bridge/part-0001.txt,24088271,24461642,94ec7a9c5790d59e9fc048d5f562b7581f1ee7268f5d214303f943960a716731
ll:2440899:seg0001,ll:2440899,7b2f5d57a3e4f228e4919164d5fea3e4297bb43afe4268fd3885c12b39419240,0,719057,719057,7b2f5d57a3e4f228e4919164d5fea3e4297bb43afe4268fd3885c12b39419240,exclude_full_source_duplicate,excluded,existing_corpus_has_canonical_complete_text,gutenberg_previous_pool:pg76652;gutenberg_resolved:76652,"C. AUGUSTO VECCHJ. POMPEI. SECONDA EDIZIONE, RIVEDUTA E AMPLIATA DALL’AUTORE. FIRENZE. SUCCESSORI LE MONNIER. 1868. DUE","rai la parte taciuta della sua vita, e l'ho rivelata ai pietosi che gitteranno lo sguardo su queste povere carte. FINE.",inactive_pending_cross_archive_freeze,not_materialized,,,,
ll:2441114:seg0001,ll:2441114,2a5188e3fe15dc414a9d76be717e04031db681391f7efd2c5aa86dd03da1a4d8,0,99849,99849,2a5188e3fe15dc414a9d76be717e04031db681391f7efd2c5aa86dd03da1a4d8,include_broader_text,nineteenth_century_bridge,retained_primary_text,,"Il Marchese Del Grillo I. Il Marchese Del Grillo, altri dicono Duca Del Grillo, fu un gentiluomo romano, nato fra il 173","’invidia, la gelosia, l’odio dei cortigiani avrebbero avvolto il suo nome e la sua persona nel più completo oblio. FINE",inactive_pending_cross_archive_freeze,materialized_in_inactive_record,data/processed/liber_liber_resolved_v1/nineteenth_century_bridge/part-0001.txt,24461643,24563360,2a5188e3fe15dc414a9d76be717e04031db681391f7efd2c5aa86dd03da1a4d8
ll:2441338:seg0001,ll:2441338,38df7b981c0090beb01b1751f7272848c0246097157ebbb6206a87604d956282,0,403968,403968,38df7b981c0090beb01b1751f7272848c0246097157ebbb6206a87604d956282,include_broader_text,nineteenth_century_bridge,retained_primary_text,,"Ai giovani italiani Quando i popoli credevano che il pane veniva da Dio, i preti governarono e s’arricchirono: i giovani",o; il carabiniere li va ormeggiando; i giovani lor fanno di cappello perchè in essi guardano la società avvenire. FINE.,inactive_pending_cross_archive_freeze,materialized_in_inactive_record,data/processed/liber_liber_resolved_v1/nineteenth_century_bridge/part-0001.txt,24563361,24977807,38df7b981c0090beb01b1751f7272848c0246097157ebbb6206a87604d956282
ll:2442704:seg0001,ll:2442704,9c4b8b9ff528631bc0a92e2a108c721fc4e33c9a07121bea833319e5ea000912,0,461901,461901,9c4b8b9ff528631bc0a92e2a108c721fc4e33c9a07121bea833319e5ea000912,include_broader_text,nineteenth_century_bridge,retained_primary_text,,EUFEMIA OVVERO IL SEGRETO DI DUE AMANTI FATTO CONTEMPORANEO PER FRANCESCO MASTRIANI NAPOLI PRESSO LUIGI GARGIULO Strada,"ono che il vero si asconda per malintesa adulazione ad una delle più turpi e vecchie piaghe sociali, l’ipocrisia. FINE.",inactive_pending_cross_archive_freeze,materialized_in_inactive_record,data/processed/liber_liber_resolved_v1/nineteenth_century_bridge/part-0001.txt,24977808,25450384,9c4b8b9ff528631bc0a92e2a108c721fc4e33c9a07121bea833319e5ea000912
