ebook_id,title,authors,source_pool,source_archive,source_url,period_bucket,input_role,final_role,language_route,source_decision,extraction_policy,canonical_reference_ids,activation_status,artifact_status,cache_path,cache_sha256,source_cleaned_sha256,source_cleaned_character_count,retained_source_character_count,excluded_source_character_count,shard_path,byte_start,byte_end,cleaned_character_count,cleaned_byte_count,cleaned_sha256
997,Divina Commedia di Dante: Inferno,Dante Alighieri,initial_eligible_pool,Project Gutenberg,https://www.gutenberg.org/ebooks/997,origins_through_1800,historical_non_sonnet_poetry,historical_non_sonnet_poetry,standard_italian,exclude_canonical_cross_corpus_duplicate,exclude_complete_source,bibit:bibit000019,excluded_canonical_duplicate,not_materialized_canonical_duplicate,data/local/gutenberg/fulltext_gate_v1/pg997.txt,7dac692a72a4e6ac988c06eb8eb6a013ed56943098477cc8399047bca82b09f7,65885d72a91c40293bd3f106bba53ba5eec6c100d5732b1e09c9a5595139349a,178629,0,178629,,,,0,0,e3b0c44298fc1c149afbf4c8996fb92427ae41e4649b934ca495991b7852b855
998,Divina Commedia di Dante: Purgatorio,Dante Alighieri,initial_eligible_pool,Project Gutenberg,https://www.gutenberg.org/ebooks/998,origins_through_1800,historical_non_sonnet_poetry,historical_non_sonnet_poetry,standard_italian,exclude_canonical_cross_corpus_duplicate,exclude_complete_source,bibit:bibit000019,excluded_canonical_duplicate,not_materialized_canonical_duplicate,data/local/gutenberg/fulltext_gate_v1/pg998.txt,98fd29b4237cff6a677cc959508a6daa4969976899e725e21475dd991e82ca6c,667b703e6ff68d1044b95a6b15e2ea0357331f693e6d625c5d113e59310a873a,179156,0,179156,,,,0,0,e3b0c44298fc1c149afbf4c8996fb92427ae41e4649b934ca495991b7852b855
999,Divina Commedia di Dante: Paradiso,Dante Alighieri,initial_eligible_pool,Project Gutenberg,https://www.gutenberg.org/ebooks/999,origins_through_1800,historical_non_sonnet_poetry,historical_non_sonnet_poetry,standard_italian,exclude_canonical_cross_corpus_duplicate,exclude_complete_source,bibit:bibit000019,excluded_canonical_duplicate,not_materialized_canonical_duplicate,data/local/gutenberg/fulltext_gate_v1/pg999.txt,fb0c13ee59a9bb66a252175fa66f5efeb9233e0862ee5230a240e232e74f526a,aa96bf7ae1b9af78abfb5562a33f27409e6a1a5975ebbb031305f96087fb8384,176071,0,176071,,,,0,0,e3b0c44298fc1c149afbf4c8996fb92427ae41e4649b934ca495991b7852b855
1000,La Divina Commedia di Dante: Complete,Dante Alighieri,initial_eligible_pool,Project Gutenberg,https://www.gutenberg.org/ebooks/1000,origins_through_1800,historical_non_sonnet_poetry,historical_non_sonnet_poetry,standard_italian,exclude_canonical_cross_corpus_duplicate,exclude_complete_source,bibit:bibit000019,excluded_canonical_duplicate,not_materialized_canonical_duplicate,data/local/gutenberg/fulltext_gate_v1/pg1000.txt,725950f1ab4b86f168f9b978b29255715d1dd2598e34329375fff52d4e7f01d0,807d223287131588e7bff0d5da1554efb957ed3a121cfef5c1d9a6dcbd867f37,533690,0,533690,,,,0,0,e3b0c44298fc1c149afbf4c8996fb92427ae41e4649b934ca495991b7852b855
1009,La Divina Commedia di Dante: Inferno,Dante Alighieri,initial_eligible_pool,Project Gutenberg,https://www.gutenberg.org/ebooks/1009,origins_through_1800,historical_non_sonnet_poetry,historical_non_sonnet_poetry,standard_italian,exclude_canonical_cross_corpus_duplicate,exclude_complete_source,bibit:bibit000019,excluded_canonical_duplicate,not_materialized_canonical_duplicate,data/local/gutenberg/fulltext_gate_v1/pg1009.txt,bf82deabffb44d7b02db4a19c2840ae56dd433d64101db713c72bba4c71bdc65,c14beb94ada6a5a4edb97a5e3c1d6cea0de8bc97d699f8fe19ba35da15d980b0,177862,0,177862,,,,0,0,e3b0c44298fc1c149afbf4c8996fb92427ae41e4649b934ca495991b7852b855
1010,La Divina Commedia di Dante: Purgatorio,Dante Alighieri,initial_eligible_pool,Project Gutenberg,https://www.gutenberg.org/ebooks/1010,origins_through_1800,historical_non_sonnet_poetry,historical_non_sonnet_poetry,standard_italian,exclude_canonical_cross_corpus_duplicate,exclude_complete_source,bibit:bibit000019,excluded_canonical_duplicate,not_materialized_canonical_duplicate,data/local/gutenberg/fulltext_gate_v1/pg1010.txt,b7ded4c46e2cc6018b45f1d792501a9732f5ab915a4a0cc357ff34f2bfe6bb32,a544be302ef27cc4d5fd00bf2c58d088b8aad795557db96eeda6ba654b718974,189035,0,189035,,,,0,0,e3b0c44298fc1c149afbf4c8996fb92427ae41e4649b934ca495991b7852b855
1011,La Divina Commedia di Dante: Paradiso,Dante Alighieri,initial_eligible_pool,Project Gutenberg,https://www.gutenberg.org/ebooks/1011,origins_through_1800,historical_non_sonnet_poetry,historical_non_sonnet_poetry,standard_italian,exclude_canonical_cross_corpus_duplicate,exclude_complete_source,bibit:bibit000019,excluded_canonical_duplicate,not_materialized_canonical_duplicate,data/local/gutenberg/fulltext_gate_v1/pg1011.txt,e7c7468f3f6c7f5992b6539aab68c2752b3bbbccd1cc510546a7f6603a1fc4ca,9090ab6fe2e585cd68a5a36653e099b8463bba1f238fc5097c2ce755e530e1b5,185960,0,185960,,,,0,0,e3b0c44298fc1c149afbf4c8996fb92427ae41e4649b934ca495991b7852b855
1012,La Divina Commedia di Dante,Dante Alighieri,initial_eligible_pool,Project Gutenberg,https://www.gutenberg.org/ebooks/1012,origins_through_1800,historical_non_sonnet_poetry,historical_non_sonnet_poetry,standard_italian,exclude_canonical_cross_corpus_duplicate,exclude_complete_source,bibit:bibit000019,excluded_canonical_duplicate,not_materialized_canonical_duplicate,data/local/gutenberg/fulltext_gate_v1/pg1012.txt,169c0ef7340e06699a80ee434ccc2e3eda50dd5e624004441cda4e4b664280de,4189d26cabd4b926281d2d10bd4757b3989b5078776b538e5159ec420226f518,561753,0,561753,,,,0,0,e3b0c44298fc1c149afbf4c8996fb92427ae41e4649b934ca495991b7852b855
3747,Orlando Furioso,"Ariosto, Lodovico",initial_eligible_pool,Project Gutenberg,https://www.gutenberg.org/ebooks/3747,origins_through_1800,historical_non_sonnet_poetry,historical_non_sonnet_poetry,standard_italian,eligible_standard_core_pending_processed_build,preserve_boilerplate_stripped_primary_text,,eligible_pending_v7_and_mixture_freeze,text_materialized_pending_v7,data/local/gutenberg/fulltext_gate_v1/pg3747.txt,10b2fd0763f38b00f31be0ca7cfb73f591a12e40875d8badf659edf3db4996dc,28cac6e7ab170868a6e72c2759509bbdc0e926a251b7d619328e8cf642210aff,1571209,1571209,0,data/processed/project_gutenberg_resolved_v1/historical_non_sonnet_poetry/part-0001.txt,0,1587225,1571209,1587225,28cac6e7ab170868a6e72c2759509bbdc0e926a251b7d619328e8cf642210aff
6887,Il Sacro Macello Di Valtellina,"Cantù, Cesare",initial_eligible_pool,Project Gutenberg,https://www.gutenberg.org/ebooks/6887,nineteenth_century_bridge,nineteenth_century_bridge,nineteenth_century_bridge,standard_italian,eligible_standard_core_pending_processed_build,preserve_boilerplate_stripped_primary_text,,eligible_pending_v7_and_mixture_freeze,text_materialized_pending_v7,data/local/gutenberg/fulltext_gate_v1/pg6887.txt,27a34ad730df0c0636c293fd658a1c1ef13496bb6e153ba035515efbec8319e7,83e350b70e7be0ff4f46e848b8e959f91766fae1591caecdc1fcaaf4fe67c4c3,260237,260237,0,data/processed/project_gutenberg_resolved_v1/nineteenth_century_bridge/part-0001.txt,0,261823,260237,261823,83e350b70e7be0ff4f46e848b8e959f91766fae1591caecdc1fcaaf4fe67c4c3
6938,"Rime di Tullia d'Aragona, cortigiana del secolo XVI","Aragona, Tullia d'",initial_eligible_pool,Project Gutenberg,https://www.gutenberg.org/ebooks/6938,origins_through_1800,historical_non_sonnet_poetry,historical_non_sonnet_poetry,standard_italian,eligible_standard_core_pending_processed_build,remove_embedded_canonical_segments_preserve_unique_text,bibit:bibit000859,eligible_pending_v7_and_mixture_freeze,text_materialized_pending_v7,data/local/gutenberg/fulltext_gate_v1/pg6938.txt,b0cf2e0b13af475cc5d38639e33a7dce40bf4ce85b5eba59924a39131215abaa,9c601b6e93492813716ad474fb5fcfeec7dc5ac4fbeb6e7337de2a0c5c3b9e88,237219,90156,147063,data/processed/project_gutenberg_resolved_v1/historical_non_sonnet_poetry/part-0001.txt,1587226,1677830,90157,90604,11db0c5f44665018fb23fe4271f2c227f766064e89f9ecd7c7edcf3c72ed5829
7121,Da Firenze a Digione: Impressioni di un reduce Garibaldino,"Socci, Ettore",pass_1b_eligible_pool,Project Gutenberg,https://www.gutenberg.org/ebooks/7121,nineteenth_century_bridge,nineteenth_century_bridge,nineteenth_century_bridge,standard_italian,eligible_standard_core_pending_processed_build,preserve_boilerplate_stripped_primary_text,,eligible_pending_v7_and_mixture_freeze,text_materialized_pending_v7,data/local/gutenberg/metadata_review_v1/pg7121.txt,16e1226760b3e7729728a383e2bfb4500487de9b264ec5060b5199619ceae9ec,17b92b7f169e18e37bd4456baff0a5b2bf74f94eb73313293a146c7ffc075fea,500253,500253,0,data/processed/project_gutenberg_resolved_v1/nineteenth_century_bridge/part-0001.txt,261824,765018,500253,503194,17b92b7f169e18e37bd4456baff0a5b2bf74f94eb73313293a146c7ffc075fea
7151,Clelia: Il governo dei preti - Romanzo storico politico,"Garibaldi, Giuseppe",initial_eligible_pool,Project Gutenberg,https://www.gutenberg.org/ebooks/7151,nineteenth_century_bridge,nineteenth_century_bridge,nineteenth_century_bridge,standard_italian,eligible_standard_core_pending_processed_build,preserve_boilerplate_stripped_primary_text,,eligible_pending_v7_and_mixture_freeze,text_materialized_pending_v7,data/local/gutenberg/fulltext_gate_v1/pg7151.txt,5554639c72bafac2e159807c7d7168069f28b5452ee63681df39f4dc6850b45d,2146498b419dd49c651acc7d21b376a03f162f2be53b032f0c603765c8b54040,472432,472432,0,data/processed/project_gutenberg_resolved_v1/nineteenth_century_bridge/part-0001.txt,765019,1240118,472432,475099,2146498b419dd49c651acc7d21b376a03f162f2be53b032f0c603765c8b54040
7781,La Vita Sul Pianeta Marte,"Schiaparelli, G. V. (Giovanni Virginio)",pass_1b_eligible_pool,Project Gutenberg,https://www.gutenberg.org/ebooks/7781,nineteenth_century_bridge,nineteenth_century_bridge,nineteenth_century_bridge,standard_italian,eligible_standard_core_pending_processed_build,preserve_boilerplate_stripped_primary_text,,eligible_pending_v7_and_mixture_freeze,text_materialized_pending_v7,data/local/gutenberg/metadata_review_v1/pg7781.txt,54997ebe5057e0398a80c6123aebdb586802fc031746421eaf82883ef7600d0f,bde0c83eece058be9e383ccc2ca9c75460b1663eeb808658539adb9c171ff82b,131489,131489,0,data/processed/project_gutenberg_resolved_v1/nineteenth_century_bridge/part-0001.txt,1240119,1372650,131489,132531,bde0c83eece058be9e383ccc2ca9c75460b1663eeb808658539adb9c171ff82b
9641,Ugo: Scene del secolo X,"Bazzero, Ambrogio",initial_eligible_pool,Project Gutenberg,https://www.gutenberg.org/ebooks/9641,nineteenth_century_bridge,nineteenth_century_bridge,nineteenth_century_bridge,standard_italian,eligible_standard_core_pending_processed_build,preserve_boilerplate_stripped_primary_text,,eligible_pending_v7_and_mixture_freeze,text_materialized_pending_v7,data/local/gutenberg/fulltext_gate_v1/pg9641.txt,d8f8e24a426ec1beba9f0ff66f279dd15d5a0ebfa8d7605e81df6fe71d615563,42563191525d35036e2bfcf43997c747e94f43585cb59a13c3c682730adeec4a,221857,221857,0,data/processed/project_gutenberg_resolved_v1/nineteenth_century_bridge/part-0001.txt,1372651,1596324,221857,223673,42563191525d35036e2bfcf43997c747e94f43585cb59a13c3c682730adeec4a
10215,"Manfredo Palavicino, o, I Francesi e gli Sforzeschi: Storia Italiana","Rovani, Giuseppe",initial_eligible_pool,Project Gutenberg,https://www.gutenberg.org/ebooks/10215,nineteenth_century_bridge,nineteenth_century_bridge,nineteenth_century_bridge,standard_italian,eligible_standard_core_pending_processed_build,preserve_boilerplate_stripped_primary_text,,eligible_pending_v7_and_mixture_freeze,text_materialized_pending_v7,data/local/gutenberg/fulltext_gate_v1/pg10215.txt,54bd7926b737ef82f56bf3c80806c2f0b9ec6a21891e38cce036c4874b26bd58,9940b9ffc4c9624e69c8235f338bededb7b68ea2cb709c41795a3c914376124a,1193927,1193927,0,data/processed/project_gutenberg_resolved_v1/nineteenth_century_bridge/part-0001.txt,1596325,2799986,1193927,1203661,9940b9ffc4c9624e69c8235f338bededb7b68ea2cb709c41795a3c914376124a
11206,Compendio di Chimica Fisiologica,"Cominelli, A. (Alfredo)",pass_1b_eligible_pool,Project Gutenberg,https://www.gutenberg.org/ebooks/11206,nineteenth_century_bridge,nineteenth_century_bridge,nineteenth_century_bridge,standard_italian,eligible_standard_core_pending_processed_build,preserve_boilerplate_stripped_primary_text,,eligible_pending_v7_and_mixture_freeze,text_materialized_pending_v7,data/local/gutenberg/metadata_review_v1/pg11206.txt,fb6c19c0b2d21c156f4a96c5c59e12fd46a48d3ad20890708c591bb01f11cd38,a3336b06ac9178ab77b5b531220f7791a6b7e6bcfad89c33ae6a0140831cd5ed,129021,129021,0,data/processed/project_gutenberg_resolved_v1/nineteenth_century_bridge/part-0001.txt,2799987,2929837,129021,129850,a3336b06ac9178ab77b5b531220f7791a6b7e6bcfad89c33ae6a0140831cd5ed
11492,Il Tenente dei Lancieri: Romanzo,"Rovetta, Gerolamo",pass_1b_eligible_pool,Project Gutenberg,https://www.gutenberg.org/ebooks/11492,nineteenth_century_bridge,nineteenth_century_bridge,nineteenth_century_bridge,standard_italian,eligible_standard_core_pending_processed_build,preserve_boilerplate_stripped_primary_text,,eligible_pending_v7_and_mixture_freeze,text_materialized_pending_v7,data/local/gutenberg/metadata_review_v1/pg11492.txt,1c74888ffd335add1dd910fb3eaf38370f27484376fa7eab001b4a5edb82c861,879eeb1cabefea2530c69e8bcba0f8fd24d167719a789634d25339c6dd1cb622,209631,209631,0,data/processed/project_gutenberg_resolved_v1/nineteenth_century_bridge/part-0001.txt,2929838,3141264,209631,211426,879eeb1cabefea2530c69e8bcba0f8fd24d167719a789634d25339c6dd1cb622
11497,Valenzia Candiano: Racconto,"Rovani, Giuseppe",initial_eligible_pool,Project Gutenberg,https://www.gutenberg.org/ebooks/11497,nineteenth_century_bridge,nineteenth_century_bridge,nineteenth_century_bridge,standard_italian,eligible_standard_core_pending_processed_build,preserve_boilerplate_stripped_primary_text,,eligible_pending_v7_and_mixture_freeze,text_materialized_pending_v7,data/local/gutenberg/fulltext_gate_v1/pg11497.txt,b0ca05b9214d063d1ee4369fc3c80dd8ae07c520243124335aba634e92d06a3c,e0869181aa7dbbdea5be49abcda434f2715174e377db140990a9aaabe2b44117,378346,378346,0,data/processed/project_gutenberg_resolved_v1/nineteenth_century_bridge/part-0001.txt,3141265,3525044,378346,383779,e0869181aa7dbbdea5be49abcda434f2715174e377db140990a9aaabe2b44117
11644,La notte del Commendatore,"Barrili, Anton Giulio",pass_1b_eligible_pool,Project Gutenberg,https://www.gutenberg.org/ebooks/11644,nineteenth_century_bridge,nineteenth_century_bridge,nineteenth_century_bridge,standard_italian,eligible_standard_core_pending_processed_build,preserve_boilerplate_stripped_primary_text,,eligible_pending_v7_and_mixture_freeze,text_materialized_pending_v7,data/local/gutenberg/metadata_review_v1/pg11644.txt,4f80e46132a4aae2d636d2a5ce039f39977b4a4d6eaf7a57220679f01c487929,3d56d70b62f6230cf9bcd07099aef8c9a4646a09292cf3a53e52653acd69ea72,658035,658035,0,data/processed/project_gutenberg_resolved_v1/nineteenth_century_bridge/part-0001.txt,3525045,4188264,658035,663219,3d56d70b62f6230cf9bcd07099aef8c9a4646a09292cf3a53e52653acd69ea72
11684,Il sogno di Scipione,"Metastasio, Pietro",initial_eligible_pool,Project Gutenberg,https://www.gutenberg.org/ebooks/11684,origins_through_1800,historical_general,historical_general,standard_italian,eligible_standard_core_pending_processed_build,preserve_boilerplate_stripped_primary_text,,eligible_pending_v7_and_mixture_freeze,text_materialized_pending_v7,data/local/gutenberg/fulltext_gate_v1/pg11684.txt,f8c0cd475095bab0add604409e418bf266662faab616b47341dbf04c364f5625,94c97c30ff39fb3cea6e24850ece1c1f4761d48bc382b126d7556cac5e233c34,17942,17942,0,data/processed/project_gutenberg_resolved_v1/historical_general/part-0001.txt,0,18095,17942,18095,94c97c30ff39fb3cea6e24850ece1c1f4761d48bc382b126d7556cac5e233c34
11685,L'Endimione,"Metastasio, Pietro",initial_eligible_pool,Project Gutenberg,https://www.gutenberg.org/ebooks/11685,origins_through_1800,historical_non_sonnet_poetry,historical_non_sonnet_poetry,standard_italian,eligible_standard_core_pending_processed_build,preserve_boilerplate_stripped_primary_text,,eligible_pending_v7_and_mixture_freeze,text_materialized_pending_v7,data/local/gutenberg/fulltext_gate_v1/pg11685.txt,f34f47b52325e6341ea393e90d886e2495fbfd05108c4bc1d97ec5f4f303a2a0,42b77233a10ade5a36490e666a8a3438b1be1b022d61e71f2b2c81bfc705acc4,29494,29494,0,data/processed/project_gutenberg_resolved_v1/historical_non_sonnet_poetry/part-0001.txt,1677831,1707471,29494,29640,42b77233a10ade5a36490e666a8a3438b1be1b022d61e71f2b2c81bfc705acc4
11724,Roberta,"Zùccoli, Luciano",pass_1b_eligible_pool,Project Gutenberg,https://www.gutenberg.org/ebooks/11724,nineteenth_century_bridge,nineteenth_century_bridge,nineteenth_century_bridge,standard_italian,eligible_standard_core_pending_processed_build,preserve_boilerplate_stripped_primary_text,,eligible_pending_v7_and_mixture_freeze,text_materialized_pending_v7,data/local/gutenberg/metadata_review_v1/pg11724.txt,d3fc76f4fc9d3534648be54f767c9fb5d4180f9348da1d516badedfbb3d0fe21,6580ee8cca414fc712eb981806de05bd294f5cbf340d2a96b6a7d761dc9efc72,268297,268297,0,data/processed/project_gutenberg_resolved_v1/nineteenth_century_bridge/part-0001.txt,4188265,4458758,268297,270493,6580ee8cca414fc712eb981806de05bd294f5cbf340d2a96b6a7d761dc9efc72
12446,Il Designato: Romanzo,"Zùccoli, Luciano",pass_1b_eligible_pool,Project Gutenberg,https://www.gutenberg.org/ebooks/12446,nineteenth_century_bridge,nineteenth_century_bridge,nineteenth_century_bridge,standard_italian,eligible_standard_core_pending_processed_build,preserve_boilerplate_stripped_primary_text,,eligible_pending_v7_and_mixture_freeze,text_materialized_pending_v7,data/local/gutenberg/metadata_review_v1/pg12446.txt,730fdc01a0a93fa603be32fde0756de33b1609e58eb45a0ba0ab60db5e872e0e,2950fa833e11c6b170deacfc98f1f006ce92afbbb80f3639fa89ff3ca9da56e6,378761,378761,0,data/processed/project_gutenberg_resolved_v1/nineteenth_century_bridge/part-0001.txt,4458759,4840001,378761,381242,2950fa833e11c6b170deacfc98f1f006ce92afbbb80f3639fa89ff3ca9da56e6
13627,Memorie del Presbiterio: Scene di Provincia,"Praga, Emilio",initial_eligible_pool,Project Gutenberg,https://www.gutenberg.org/ebooks/13627,nineteenth_century_bridge,nineteenth_century_bridge,nineteenth_century_bridge,standard_italian,eligible_standard_core_pending_processed_build,preserve_boilerplate_stripped_primary_text,,eligible_pending_v7_and_mixture_freeze,text_materialized_pending_v7,data/local/gutenberg/fulltext_gate_v1/pg13627.txt,f0a12ed2a0aa85edf4c3309a35769adc03d31ec1d94120f1b91985df537568ac,6e5f864dbb6fa5f699e157def93e5740f8adea2e6d0ef01cfba2ce76ff25ba3a,424750,424750,0,data/processed/project_gutenberg_resolved_v1/nineteenth_century_bridge/part-0001.txt,4840002,5267899,424750,427897,6e5f864dbb6fa5f699e157def93e5740f8adea2e6d0ef01cfba2ce76ff25ba3a
15136,Amedeide: Poema eroico,"Chiabrera, Gabriello",initial_eligible_pool,Project Gutenberg,https://www.gutenberg.org/ebooks/15136,origins_through_1800,historical_non_sonnet_poetry,historical_non_sonnet_poetry,standard_italian,eligible_standard_core_pending_processed_build,preserve_boilerplate_stripped_primary_text,,eligible_pending_v7_and_mixture_freeze,text_materialized_pending_v7,data/local/gutenberg/fulltext_gate_v1/pg15136.txt,0beab93ec2c728c07b592624bb420cd7dfd6e41fcff2b58e451e30f3377de750,2a57990aef0433d54525b42fbe7d3e855a8542b2cd2b7154e03c01e975388a05,533093,533093,0,data/processed/project_gutenberg_resolved_v1/historical_non_sonnet_poetry/part-0001.txt,1707472,2244623,533093,537151,2a57990aef0433d54525b42fbe7d3e855a8542b2cd2b7154e03c01e975388a05
15139,Notizie del pubblico giardino de' semplici di Padova compilate intorno l'anno 1771,"Marsili, Giovanni",initial_eligible_pool,Project Gutenberg,https://www.gutenberg.org/ebooks/15139,origins_through_1800,historical_general,historical_general,standard_italian,eligible_standard_core_pending_processed_build,preserve_boilerplate_stripped_primary_text,,eligible_pending_v7_and_mixture_freeze,text_materialized_pending_v7,data/local/gutenberg/fulltext_gate_v1/pg15139.txt,c750e69a8777507e2ae3c3e64482e2db62f6818c1065e8543ce204b1da2f70ba,d1cab76111db2403a9c1b3ab2ef68ac87f9d0ff9eb355b5cd7f2e33f0652adcf,30497,30497,0,data/processed/project_gutenberg_resolved_v1/historical_general/part-0001.txt,18096,48720,30497,30624,d1cab76111db2403a9c1b3ab2ef68ac87f9d0ff9eb355b5cd7f2e33f0652adcf
16489,"Igiene dei piaceri secondo le età, i temperamenti e le stagioni","Debay, A. (Auguste)",initial_eligible_pool,Project Gutenberg,https://www.gutenberg.org/ebooks/16489,nineteenth_century_bridge,nineteenth_century_bridge,nineteenth_century_bridge,standard_italian,eligible_standard_core_pending_processed_build,preserve_boilerplate_stripped_primary_text,,eligible_pending_v7_and_mixture_freeze,text_materialized_pending_v7,data/local/gutenberg/fulltext_gate_v1/pg16489.txt,a945fdd6755c6990ce9be23b1ac5d123dea812398b2d1ca59a0614c3f8dd1d26,57209a2dd291f451e0afab4aa9ff021b847b3ebe7339eed623cf1048b9c7a39e,162815,162815,0,data/processed/project_gutenberg_resolved_v1/nineteenth_century_bridge/part-0001.txt,5267900,5432199,162815,164299,57209a2dd291f451e0afab4aa9ff021b847b3ebe7339eed623cf1048b9c7a39e
16920,Venere ed Imene al tribunale della penitenza: manuale dei confessori,"Bouvier, J. B. (Jean Baptiste)",initial_eligible_pool,Project Gutenberg,https://www.gutenberg.org/ebooks/16920,nineteenth_century_bridge,nineteenth_century_bridge,nineteenth_century_bridge,standard_italian,eligible_standard_core_pending_processed_build,preserve_boilerplate_stripped_primary_text,,eligible_pending_v7_and_mixture_freeze,text_materialized_pending_v7,data/local/gutenberg/fulltext_gate_v1/pg16920.txt,1724852ebee9fed426e0968b67573ba9a8edde575af238d7d730ca579b49c0fe,be6ef9621cbd227dc0610681fb43f3bacd9fbcc172fc3d782ee3c6bbff2cb4f2,313070,313070,0,data/processed/project_gutenberg_resolved_v1/nineteenth_century_bridge/part-0001.txt,5432200,5748577,313070,316377,be6ef9621cbd227dc0610681fb43f3bacd9fbcc172fc3d782ee3c6bbff2cb4f2
16952,In chiave di baritono,"Ghislanzoni, Antonio",initial_eligible_pool,Project Gutenberg,https://www.gutenberg.org/ebooks/16952,nineteenth_century_bridge,nineteenth_century_bridge,nineteenth_century_bridge,standard_italian,eligible_standard_core_pending_processed_build,preserve_boilerplate_stripped_primary_text,,eligible_pending_v7_and_mixture_freeze,text_materialized_pending_v7,data/local/gutenberg/fulltext_gate_v1/pg16952.txt,baca4fdfdad98f38c81bd7e583735cc1de66c038f5b166800878216508a607ba,8ac5a57641245a7be66b818d788d255edcc98af166976f9906cc8408c18039d5,176274,176274,0,data/processed/project_gutenberg_resolved_v1/nineteenth_century_bridge/part-0001.txt,5748578,5925754,176274,177176,8ac5a57641245a7be66b818d788d255edcc98af166976f9906cc8408c18039d5
16980,Mia: Romanzo,Memini,initial_eligible_pool,Project Gutenberg,https://www.gutenberg.org/ebooks/16980,nineteenth_century_bridge,nineteenth_century_bridge,nineteenth_century_bridge,standard_italian,eligible_standard_core_pending_processed_build,preserve_boilerplate_stripped_primary_text,,eligible_pending_v7_and_mixture_freeze,text_materialized_pending_v7,data/local/gutenberg/fulltext_gate_v1/pg16980.txt,40d85b690a5263a5be1a9f27f05d93f3d0e83369e10f3b1c5664b44fb8e23d4e,f8f2c75a860cb9b1898f5c3db1ff159eae12539cff6760a67fea9ebc2924272b,284872,284872,0,data/processed/project_gutenberg_resolved_v1/nineteenth_century_bridge/part-0001.txt,5925755,6212723,284872,286968,f8f2c75a860cb9b1898f5c3db1ff159eae12539cff6760a67fea9ebc2924272b
17440,"Amadis of Gaul, an opera: As it is perform'd at the King's Theatre in the Hay-market","Haym, Nicola Francesco",initial_eligible_pool,Project Gutenberg,https://www.gutenberg.org/ebooks/17440,origins_through_1800,historical_non_sonnet_poetry,historical_non_sonnet_poetry,standard_italian_extracted,eligible_after_source_specific_extraction_pending_build,extract_italian_parallel_blocks,,eligible_pending_v7_and_mixture_freeze,text_materialized_pending_v7,data/local/gutenberg/fulltext_gate_v1/pg17440.txt,ccba22510b44c02fc8a1a563e988cf9e7e505b32a8ce87829e426593bbfa6543,84236db003fba98167b88fc2b2cc8b8b0b137a9103b98fc489c96faa643d4f12,59549,27506,32043,data/processed/project_gutenberg_resolved_v1/historical_non_sonnet_poetry/part-0001.txt,2244624,2272682,27758,28058,bc9c8a74a947bc4f9130e6182b420822504b6087e457e6cba55ebcbd402755d5
17671,Poesie scelte,"Pellico, Silvio",initial_eligible_pool,Project Gutenberg,https://www.gutenberg.org/ebooks/17671,nineteenth_century_bridge,historical_non_sonnet_poetry,historical_non_sonnet_poetry,standard_italian,eligible_standard_core_pending_processed_build,preserve_boilerplate_stripped_primary_text,,eligible_pending_v7_and_mixture_freeze,text_materialized_pending_v7,data/local/gutenberg/fulltext_gate_v1/pg17671.txt,15aeb4f42b3bbb31231d7dfed81ea5e4c8e4791bf1d639d623331aac23579ba8,b51340963652db8464eb57d46099ac6da6a021e8624ce978387d27814dc92d83,272909,272909,0,data/processed/project_gutenberg_resolved_v1/historical_non_sonnet_poetry/part-0001.txt,2272683,2547842,272909,275159,b51340963652db8464eb57d46099ac6da6a021e8624ce978387d27814dc92d83
17687,Il libro delle figurazioni ideali,"Lucini, Gian Pietro",pass_1b_eligible_pool,Project Gutenberg,https://www.gutenberg.org/ebooks/17687,nineteenth_century_bridge,historical_non_sonnet_poetry,historical_non_sonnet_poetry,standard_italian,eligible_standard_core_pending_processed_build,preserve_boilerplate_stripped_primary_text,,eligible_pending_v7_and_mixture_freeze,text_materialized_pending_v7,data/local/gutenberg/metadata_review_v1/pg17687.txt,a0efa7742728b046304a11dbc5feab4101891e1769cd489219ecba741f51cfd9,be9a180a55a0a0722a98e7795da12fc30ba0aa92a14c8a6b1f6736e976d01858,90539,72121,18418,data/processed/project_gutenberg_resolved_v1/historical_non_sonnet_poetry/part-0001.txt,2547843,2620536,72152,72693,a6f1af76499fb23c554ce5f117373e762463d985165485a946f74ab7f342e40b
17834,La Zaffetta: Raccolta di rarissimi opuscoli italiani degli XV e XVI secoli II,"Venier, Lorenzo",initial_eligible_pool,Project Gutenberg,https://www.gutenberg.org/ebooks/17834,origins_through_1800,historical_non_sonnet_poetry,historical_non_sonnet_poetry,standard_italian_extracted,eligible_after_source_specific_extraction_pending_build,extract_first_italian_primary_edition,,eligible_pending_v7_and_mixture_freeze,text_materialized_pending_v7,data/local/gutenberg/fulltext_gate_v1/pg17834.txt,34d094e2db975431f14b01b36186dc26d401c8e3bc570c6c6ee13915bea6bac1,686298b6534d59cd244442efdaa2b3b55eeee38d50a8ef0e8e4f20aa30f644f5,79418,34304,45114,data/processed/project_gutenberg_resolved_v1/historical_non_sonnet_poetry/part-0001.txt,2620537,2655047,34304,34510,6ecdeb5213e4df014765fc2ab5cd76522607e22b3b64b77c488725d12973aa10
17836,Nel paese dei dollari: Tre anni a New-York,"Rossi, Adolfo",pass_1b_eligible_pool,Project Gutenberg,https://www.gutenberg.org/ebooks/17836,nineteenth_century_bridge,nineteenth_century_bridge,nineteenth_century_bridge,standard_italian,eligible_standard_core_pending_processed_build,preserve_boilerplate_stripped_primary_text,,eligible_pending_v7_and_mixture_freeze,text_materialized_pending_v7,data/local/gutenberg/metadata_review_v1/pg17836.txt,1965908732f5eb3f671906cf88af0f87209a177403b4fe37c88a63edebb9ff20,d24b0b09dd28b61aad5b689d99388eb536b56e3f391830761317e0762f2fd0f9,278189,278189,0,data/processed/project_gutenberg_resolved_v1/nineteenth_century_bridge/part-0001.txt,6212724,6492745,278189,280021,d24b0b09dd28b61aad5b689d99388eb536b56e3f391830761317e0762f2fd0f9
17837,Beatrice Cenci: Storia del secolo XVI,"Guerrazzi, Francesco Domenico",initial_eligible_pool,Project Gutenberg,https://www.gutenberg.org/ebooks/17837,nineteenth_century_bridge,nineteenth_century_bridge,nineteenth_century_bridge,standard_italian,eligible_standard_core_pending_processed_build,preserve_boilerplate_stripped_primary_text,,eligible_pending_v7_and_mixture_freeze,text_materialized_pending_v7,data/local/gutenberg/fulltext_gate_v1/pg17837.txt,9f00ca188ce0592f1646aa59eed0514c6d9f33d254b968ee841df2b100d08f30,f183a78f735b8a7d08496ddd06bf0305cd4e7ba2f0488fe907fafece488b55db,1339237,1339237,0,data/processed/project_gutenberg_resolved_v1/nineteenth_century_bridge/part-0001.txt,6492746,7842115,1339237,1349369,f183a78f735b8a7d08496ddd06bf0305cd4e7ba2f0488fe907fafece488b55db
17849,La contessa di Karolystria: Storia tragicomica,"Ghislanzoni, Antonio",initial_eligible_pool,Project Gutenberg,https://www.gutenberg.org/ebooks/17849,nineteenth_century_bridge,nineteenth_century_bridge,nineteenth_century_bridge,standard_italian,eligible_standard_core_pending_processed_build,preserve_boilerplate_stripped_primary_text,,eligible_pending_v7_and_mixture_freeze,text_materialized_pending_v7,data/local/gutenberg/fulltext_gate_v1/pg17849.txt,3b77ff040d081788be240be52e6da81f1a64e92d2bed0e0b25389e4cf547c787,847691457fae3217e49f831adb318a81a7ae4467eda204a01dc507a06049d125,116204,116204,0,data/processed/project_gutenberg_resolved_v1/nineteenth_century_bridge/part-0001.txt,7842116,7959080,116204,116964,847691457fae3217e49f831adb318a81a7ae4467eda204a01dc507a06049d125
17850,La pergamena distrutta: Romanzo del secolo XVI,"Mulazzi, Virginia",pass_1b_eligible_pool,Project Gutenberg,https://www.gutenberg.org/ebooks/17850,nineteenth_century_bridge,nineteenth_century_bridge,nineteenth_century_bridge,standard_italian,eligible_standard_core_pending_processed_build,preserve_boilerplate_stripped_primary_text,,eligible_pending_v7_and_mixture_freeze,text_materialized_pending_v7,data/local/gutenberg/metadata_review_v1/pg17850.txt,031a8f5971b47a0c746294c04cd377f0c656abed6bb436875bca10c3d98229cc,13a25573d9260b08fa97f8f1eb1fb1abe253ae30f86ac5181ef0f6e8d094fb08,744914,744914,0,data/processed/project_gutenberg_resolved_v1/nineteenth_century_bridge/part-0001.txt,7959081,8710890,744914,751809,13a25573d9260b08fa97f8f1eb1fb1abe253ae30f86ac5181ef0f6e8d094fb08
17852,Senz'Amore,"Colombi, marchesa",pass_1b_eligible_pool,Project Gutenberg,https://www.gutenberg.org/ebooks/17852,nineteenth_century_bridge,nineteenth_century_bridge,nineteenth_century_bridge,standard_italian,eligible_standard_core_pending_processed_build,preserve_boilerplate_stripped_primary_text,,eligible_pending_v7_and_mixture_freeze,text_materialized_pending_v7,data/local/gutenberg/metadata_review_v1/pg17852.txt,17141782fc3ae785ca86970e709b6237c0d3eefc4b1e3263c445a097f96de4a2,95229ce028f3fff6417731957a2d87e85a338ae2e336bf40319556ed91d752c2,291677,291677,0,data/processed/project_gutenberg_resolved_v1/nineteenth_century_bridge/part-0001.txt,8710891,9004630,291677,293739,95229ce028f3fff6417731957a2d87e85a338ae2e336bf40319556ed91d752c2
17858,Il ritratto del diavolo,"Barrili, Anton Giulio",pass_1b_eligible_pool,Project Gutenberg,https://www.gutenberg.org/ebooks/17858,nineteenth_century_bridge,nineteenth_century_bridge,nineteenth_century_bridge,standard_italian,eligible_standard_core_pending_processed_build,preserve_boilerplate_stripped_primary_text,,eligible_pending_v7_and_mixture_freeze,text_materialized_pending_v7,data/local/gutenberg/metadata_review_v1/pg17858.txt,2ec4f929ec82640fdaa70984e1e7761a3c37a06be1fb9d6ef825bf02074c63c8,073eebdd5df8e2512774d9c9e59353d2bba562129578ec0d396be70e07988144,399709,399709,0,data/processed/project_gutenberg_resolved_v1/nineteenth_century_bridge/part-0001.txt,9004631,9407604,399709,402973,073eebdd5df8e2512774d9c9e59353d2bba562129578ec0d396be70e07988144
17874,Tre racconti sentimentali,"Bettoni, Paolo",pass_1b_eligible_pool,Project Gutenberg,https://www.gutenberg.org/ebooks/17874,nineteenth_century_bridge,nineteenth_century_bridge,nineteenth_century_bridge,standard_italian,eligible_standard_core_pending_processed_build,preserve_boilerplate_stripped_primary_text,,eligible_pending_v7_and_mixture_freeze,text_materialized_pending_v7,data/local/gutenberg/metadata_review_v1/pg17874.txt,d2c3676e11353a882ae89f67398339a0f118eb7b3e6f7ddfcac9264423c7f677,9a9c14c1963bd4a4507c09bf4b14473be11b6834acead6da72b1a2740e5be7c4,167581,167581,0,data/processed/project_gutenberg_resolved_v1/nineteenth_century_bridge/part-0001.txt,9407605,9576489,167581,168884,9a9c14c1963bd4a4507c09bf4b14473be11b6834acead6da72b1a2740e5be7c4
17876,Come le foglie,"Giacosa, Giuseppe",pass_1b_eligible_pool,Project Gutenberg,https://www.gutenberg.org/ebooks/17876,nineteenth_century_bridge,nineteenth_century_bridge,nineteenth_century_bridge,standard_italian,eligible_standard_core_pending_processed_build,preserve_boilerplate_stripped_primary_text,,eligible_pending_v7_and_mixture_freeze,text_materialized_pending_v7,data/local/gutenberg/metadata_review_v1/pg17876.txt,25cdeb3bb93473f6e2cb0c58bfba78d146d1a941deb566c449dcb3055e2bf1d9,e9e406aad658d0ebce98343faf9f5ab375877d3a0feaaad99449ff59f4476ed4,120120,120120,0,data/processed/project_gutenberg_resolved_v1/nineteenth_century_bridge/part-0001.txt,9576490,9697587,120120,121097,e9e406aad658d0ebce98343faf9f5ab375877d3a0feaaad99449ff59f4476ed4
17883,Libro serio,"Ghislanzoni, Antonio",initial_eligible_pool,Project Gutenberg,https://www.gutenberg.org/ebooks/17883,nineteenth_century_bridge,nineteenth_century_bridge,nineteenth_century_bridge,standard_italian,eligible_standard_core_pending_processed_build,preserve_boilerplate_stripped_primary_text,,eligible_pending_v7_and_mixture_freeze,text_materialized_pending_v7,data/local/gutenberg/fulltext_gate_v1/pg17883.txt,fb818bd35328ca63ccfd49346cbae26a9e973747933b0bfb8cf21631b817e951,c24200a9f23b3c8f4be417d151a6b9eddbef0e60b3dd68c00b6418f51deccbcb,187989,187989,0,data/processed/project_gutenberg_resolved_v1/nineteenth_century_bridge/part-0001.txt,9697588,9886607,187989,189019,c24200a9f23b3c8f4be417d151a6b9eddbef0e60b3dd68c00b6418f51deccbcb
17889,Libro allegro,"Ghislanzoni, Antonio",initial_eligible_pool,Project Gutenberg,https://www.gutenberg.org/ebooks/17889,nineteenth_century_bridge,nineteenth_century_bridge,nineteenth_century_bridge,standard_italian,eligible_standard_core_pending_processed_build,preserve_boilerplate_stripped_primary_text,,eligible_pending_v7_and_mixture_freeze,text_materialized_pending_v7,data/local/gutenberg/fulltext_gate_v1/pg17889.txt,062d1c11c410dee7ab7cc7ec549e5b41d03b75bee56242b4e9129aaff08ef547,76b2ae5dbf57ce3b9ee59d5e7c8e99484be5271264c79db0e9b9e5b9083a1191,120773,120773,0,data/processed/project_gutenberg_resolved_v1/nineteenth_century_bridge/part-0001.txt,9886608,10008128,120773,121520,76b2ae5dbf57ce3b9ee59d5e7c8e99484be5271264c79db0e9b9e5b9083a1191
17905,Vecchie cadenze e nuove,"De Marchi, Emilio",pass_1b_eligible_pool,Project Gutenberg,https://www.gutenberg.org/ebooks/17905,nineteenth_century_bridge,historical_non_sonnet_poetry,historical_non_sonnet_poetry,standard_italian,eligible_standard_core_pending_processed_build,preserve_boilerplate_stripped_primary_text,,eligible_pending_v7_and_mixture_freeze,text_materialized_pending_v7,data/local/gutenberg/metadata_review_v1/pg17905.txt,798cd05405e1f9713722598d1af78e1706afc775fa14262ee96df575ca206fdc,f9d83771c79cf35485b6a2f6f8cd01a8e396f0911f0766d865361f98ebfdb609,135079,132287,2792,data/processed/project_gutenberg_resolved_v1/historical_non_sonnet_poetry/part-0001.txt,2655048,2787996,132292,132948,414adfa346673f4e7f444c412f042c087940310ad0cc9a537371d874ab53e7d9
17906,Libro proibito,"Ghislanzoni, Antonio",initial_eligible_pool,Project Gutenberg,https://www.gutenberg.org/ebooks/17906,nineteenth_century_bridge,historical_non_sonnet_poetry,historical_non_sonnet_poetry,standard_italian,eligible_standard_core_pending_processed_build,preserve_boilerplate_stripped_primary_text,,eligible_pending_v7_and_mixture_freeze,text_materialized_pending_v7,data/local/gutenberg/fulltext_gate_v1/pg17906.txt,729a38e218dd328e317ebf47fac5fbf27e8f07a19f2309eaf11adee18bd9aa87,716573a8834a25ebd1cd2952a4e26789e5e77b915866f277b679e98bb74bf52f,100670,100670,0,data/processed/project_gutenberg_resolved_v1/historical_non_sonnet_poetry/part-0001.txt,2787997,2889493,100670,101496,716573a8834a25ebd1cd2952a4e26789e5e77b915866f277b679e98bb74bf52f
17908,Nel sogno,Neera,pass_1b_eligible_pool,Project Gutenberg,https://www.gutenberg.org/ebooks/17908,nineteenth_century_bridge,nineteenth_century_bridge,nineteenth_century_bridge,standard_italian,eligible_standard_core_pending_processed_build,preserve_boilerplate_stripped_primary_text,,eligible_pending_v7_and_mixture_freeze,text_materialized_pending_v7,data/local/gutenberg/metadata_review_v1/pg17908.txt,6d2076426b82d90e8fbc172b86bd23b25266f44c099318843b26c59e2e924854,c02feba324d1263803ac68e682691b87daa72b33a9fd415ddef7e2160cfb300e,98590,98590,0,data/processed/project_gutenberg_resolved_v1/nineteenth_century_bridge/part-0001.txt,10008129,10107419,98590,99290,c02feba324d1263803ac68e682691b87daa72b33a9fd415ddef7e2160cfb300e
17986,"Dialogo sopra la generatione de venti, baleni, tuoni, fulgori, fiumi, laghi, valli et montagne","Agrippa, Camillo",pass_1b_eligible_pool,Project Gutenberg,https://www.gutenberg.org/ebooks/17986,origins_through_1800,historical_general,historical_general,standard_italian,eligible_standard_core_pending_processed_build,preserve_boilerplate_stripped_primary_text,,eligible_pending_v7_and_mixture_freeze,text_materialized_pending_v7,data/local/gutenberg/metadata_review_v1/pg17986.txt,9fafb8a05897ebe97f0f6374554bc55629a0ece0ae3353cfb97c8f0427fd4f52,9166692b0ddf931294861282b7e1014d74584b1c1198a4eca746c7b3ef732ae2,49530,49530,0,data/processed/project_gutenberg_resolved_v1/historical_general/part-0001.txt,48721,98751,49530,50030,9166692b0ddf931294861282b7e1014d74584b1c1198a4eca746c7b3ef732ae2
18046,Una notte fatale: ovvero il racconto dell'esiliato / bozzetti milanesi,"Porati, R. A.",pass_1b_eligible_pool,Project Gutenberg,https://www.gutenberg.org/ebooks/18046,nineteenth_century_bridge,nineteenth_century_bridge,nineteenth_century_bridge,standard_italian,eligible_standard_core_pending_processed_build,preserve_boilerplate_stripped_primary_text,,eligible_pending_v7_and_mixture_freeze,text_materialized_pending_v7,data/local/gutenberg/metadata_review_v1/pg18046.txt,889c1a04131f38a0e87219bf610efe696f47e2e3d2e3b918b1aa0a81db09fa8f,deb97dc110438a5145d15951db0488ac71c7b836084658e86cec97753e513c1b,257145,257145,0,data/processed/project_gutenberg_resolved_v1/nineteenth_century_bridge/part-0001.txt,10107420,10366564,257145,259144,deb97dc110438a5145d15951db0488ac71c7b836084658e86cec97753e513c1b
18088,Libro bizzarro,"Ghislanzoni, Antonio",initial_eligible_pool,Project Gutenberg,https://www.gutenberg.org/ebooks/18088,nineteenth_century_bridge,nineteenth_century_bridge,nineteenth_century_bridge,standard_italian,eligible_standard_core_pending_processed_build,preserve_boilerplate_stripped_primary_text,,eligible_pending_v7_and_mixture_freeze,text_materialized_pending_v7,data/local/gutenberg/fulltext_gate_v1/pg18088.txt,4c211ba7d392c047476d685d9c017b7d53defa71a37845eb1d778871313d1cc5,483a4dda1272cdb99e0ed6373580def3ca8e3e4e8afb01574b53218e2be92237,135029,135029,0,data/processed/project_gutenberg_resolved_v1/nineteenth_century_bridge/part-0001.txt,10366565,10502538,135029,135973,483a4dda1272cdb99e0ed6373580def3ca8e3e4e8afb01574b53218e2be92237
19024,La battaglia di Benevento: Storia del secolo XIII,"Guerrazzi, Francesco Domenico",initial_eligible_pool,Project Gutenberg,https://www.gutenberg.org/ebooks/19024,nineteenth_century_bridge,nineteenth_century_bridge,nineteenth_century_bridge,standard_italian,eligible_standard_core_pending_processed_build,preserve_boilerplate_stripped_primary_text,,eligible_pending_v7_and_mixture_freeze,text_materialized_pending_v7,data/local/gutenberg/fulltext_gate_v1/pg19024.txt,ace0369b0bcd38651503998ee869bc48216a927eb844797ac8a9b36b13047ee9,3c0b0209a64e261bef9fcdac0da2f85dfccb0705f0ae42c7ffadde773c68a471,1200611,1200611,0,data/processed/project_gutenberg_resolved_v1/nineteenth_century_bridge/part-0001.txt,10502539,11716268,1200611,1213729,3c0b0209a64e261bef9fcdac0da2f85dfccb0705f0ae42c7ffadde773c68a471
19034,AbrakadabraL Storia dell'avvenire,"Ghislanzoni, Antonio",initial_eligible_pool,Project Gutenberg,https://www.gutenberg.org/ebooks/19034,nineteenth_century_bridge,nineteenth_century_bridge,nineteenth_century_bridge,standard_italian,eligible_standard_core_pending_processed_build,preserve_boilerplate_stripped_primary_text,,eligible_pending_v7_and_mixture_freeze,text_materialized_pending_v7,data/local/gutenberg/fulltext_gate_v1/pg19034.txt,2cdea21677b6b0906666dae7e88a4badb60d232be76ab989fa0beadaa9b01ba9,e23e34fa26ae59e5bbcd28692697c6dc58570df4644ae99db01ade966edc43bc,468841,468841,0,data/processed/project_gutenberg_resolved_v1/nineteenth_century_bridge/part-0001.txt,11716269,12188162,468841,471893,e23e34fa26ae59e5bbcd28692697c6dc58570df4644ae99db01ade966edc43bc
19039,Margherita Pusterla: Racconto storico,"Cantù, Cesare",initial_eligible_pool,Project Gutenberg,https://www.gutenberg.org/ebooks/19039,nineteenth_century_bridge,nineteenth_century_bridge,nineteenth_century_bridge,standard_italian,eligible_standard_core_pending_processed_build,preserve_boilerplate_stripped_primary_text,,eligible_pending_v7_and_mixture_freeze,text_materialized_pending_v7,data/local/gutenberg/fulltext_gate_v1/pg19039.txt,7f7b879e1996afe96e769cae7d5e62c22bd2203de45b7de22f7860baf4a3cf78,98326edcbd4c95032413ff174c6251a9baa11c194f3ad7e3e10c0f40c1eb376b,899317,899317,0,data/processed/project_gutenberg_resolved_v1/nineteenth_century_bridge/part-0001.txt,12188163,13095044,899317,906881,98326edcbd4c95032413ff174c6251a9baa11c194f3ad7e3e10c0f40c1eb376b
19048,Storia di un'anima,"Bazzero, Ambrogio",initial_eligible_pool,Project Gutenberg,https://www.gutenberg.org/ebooks/19048,nineteenth_century_bridge,nineteenth_century_bridge,nineteenth_century_bridge,standard_italian,eligible_standard_core_pending_processed_build,preserve_boilerplate_stripped_primary_text,,eligible_pending_v7_and_mixture_freeze,text_materialized_pending_v7,data/local/gutenberg/fulltext_gate_v1/pg19048.txt,1ed2e2189ce28455aa813c158d3bd8ee2d99cd98ab8879d2951ffac47c66823f,2fba280025b228ec1a156f313f4ba9ff3835b3d8e50aeb73c86402fbd32ea170,580906,580906,0,data/processed/project_gutenberg_resolved_v1/nineteenth_century_bridge/part-0001.txt,13095045,13679913,580906,584868,2fba280025b228ec1a156f313f4ba9ff3835b3d8e50aeb73c86402fbd32ea170
19426,I moribondi del Palazzo Carignano,"Petruccelli della Gattina, Ferdinando",initial_eligible_pool,Project Gutenberg,https://www.gutenberg.org/ebooks/19426,nineteenth_century_bridge,nineteenth_century_bridge,nineteenth_century_bridge,standard_italian,eligible_standard_core_pending_processed_build,preserve_boilerplate_stripped_primary_text,,eligible_pending_v7_and_mixture_freeze,text_materialized_pending_v7,data/local/gutenberg/fulltext_gate_v1/pg19426.txt,af378a7625ec35575aa6b7002549b1166f8aea7663692313bb7bac679a67c996,8e5fcef6db9fb66ea49cad8b51cccbf9a8d53fbf02ff0e3587821824bea3a942,274364,274364,0,data/processed/project_gutenberg_resolved_v1/nineteenth_century_bridge/part-0001.txt,13679914,13956654,274364,276740,8e5fcef6db9fb66ea49cad8b51cccbf9a8d53fbf02ff0e3587821824bea3a942
19428,Le nostalgie,"Gualdo, Luigi",initial_eligible_pool,Project Gutenberg,https://www.gutenberg.org/ebooks/19428,nineteenth_century_bridge,historical_non_sonnet_poetry,historical_non_sonnet_poetry,standard_italian,eligible_standard_core_pending_processed_build,preserve_boilerplate_stripped_primary_text,,eligible_pending_v7_and_mixture_freeze,text_materialized_pending_v7,data/local/gutenberg/fulltext_gate_v1/pg19428.txt,6d1a4408bfbafc82fcaf51c5c1c5cbeeee611650954723ed2bf321b2bd56926b,2b4aaa476af2dca03101d8f6d878f3b8d69c562d954f537a6a5db37bc1be1d69,80740,75483,5257,data/processed/project_gutenberg_resolved_v1/historical_non_sonnet_poetry/part-0001.txt,2889494,2965558,75493,76064,8ad6c1ef5c7e179249de32fdd950b9fd90fcfeb22513107b0c249d01058ff6a1
19429,Poesie inedite vol. I,"Pellico, Silvio",initial_eligible_pool,Project Gutenberg,https://www.gutenberg.org/ebooks/19429,nineteenth_century_bridge,historical_non_sonnet_poetry,historical_non_sonnet_poetry,standard_italian,eligible_standard_core_pending_processed_build,preserve_boilerplate_stripped_primary_text,,eligible_pending_v7_and_mixture_freeze,text_materialized_pending_v7,data/local/gutenberg/fulltext_gate_v1/pg19429.txt,14e4ed15367e44954384e1b5cdafadfa2e3aa8cc430033527ebfeee3d8811a5c,debb3c4661ed55518ab75ea5985c44c9bb0f562fed7e0cad638fbc1d0f0d5d26,238933,238933,0,data/processed/project_gutenberg_resolved_v1/historical_non_sonnet_poetry/part-0001.txt,2965559,3206985,238933,241426,debb3c4661ed55518ab75ea5985c44c9bb0f562fed7e0cad638fbc1d0f0d5d26
19524,La Marfisa bizzarra,"Gozzi, Carlo",initial_eligible_pool,Project Gutenberg,https://www.gutenberg.org/ebooks/19524,nineteenth_century_bridge,historical_non_sonnet_poetry,historical_non_sonnet_poetry,standard_italian,eligible_standard_core_pending_processed_build,preserve_boilerplate_stripped_primary_text,,eligible_pending_v7_and_mixture_freeze,text_materialized_pending_v7,data/local/gutenberg/fulltext_gate_v1/pg19524.txt,dfa28822a8215435eaeefb281151a4a3b877d372e502447823058012ba766382,a9c7d152ff17717a79c69e3d2aa4496d33d835754f2d605d62d41b1777458b6b,459218,459218,0,data/processed/project_gutenberg_resolved_v1/historical_non_sonnet_poetry/part-0001.txt,3206986,3668972,459218,461986,a9c7d152ff17717a79c69e3d2aa4496d33d835754f2d605d62d41b1777458b6b
19558,Poesie inedite vol. II,"Pellico, Silvio",initial_eligible_pool,Project Gutenberg,https://www.gutenberg.org/ebooks/19558,nineteenth_century_bridge,historical_non_sonnet_poetry,historical_non_sonnet_poetry,standard_italian,eligible_standard_core_pending_processed_build,preserve_boilerplate_stripped_primary_text,,eligible_pending_v7_and_mixture_freeze,text_materialized_pending_v7,data/local/gutenberg/fulltext_gate_v1/pg19558.txt,4c59b32859d8cc80c61a405add1e1639b5a6deaf651e65809cf3517743fac438,2d5871187e7e0b3aa47a78b77648b589cfbed3157c02c14fb6861cb467191b5c,267413,267413,0,data/processed/project_gutenberg_resolved_v1/historical_non_sonnet_poetry/part-0001.txt,3668973,3938520,267413,269547,2d5871187e7e0b3aa47a78b77648b589cfbed3157c02c14fb6861cb467191b5c
19688,Documento che invita i mercanti ebrei a stabilirsi in Livorno e Pisa (Costituzione Livornina): Shoenberg Collection - Manuscript Number: ljs379,"Ferdinando I, Grand-Duke of Tuscany",initial_eligible_pool,Project Gutenberg,https://www.gutenberg.org/ebooks/19688,origins_through_1800,historical_general,historical_general,standard_italian,eligible_standard_core_pending_processed_build,preserve_boilerplate_stripped_primary_text,,eligible_pending_v7_and_mixture_freeze,text_materialized_pending_v7,data/local/gutenberg/fulltext_gate_v1/pg19688.txt,2998ded6b1eb72c900e032f4912457fb6c03e97302f33484962e48cbd7f79a22,a4b09553e7635c38f2dba1f928e892f931fc58f84d2f43b8494205569928da4b,26489,26489,0,data/processed/project_gutenberg_resolved_v1/historical_general/part-0001.txt,98752,125242,26489,26490,a4b09553e7635c38f2dba1f928e892f931fc58f84d2f43b8494205569928da4b
19808,"Della storia d'Italia dalle origini fino ai nostri giorni, sommario. v. 1","Balbo, Cesare, conte",initial_eligible_pool,Project Gutenberg,https://www.gutenberg.org/ebooks/19808,nineteenth_century_bridge,nineteenth_century_bridge,nineteenth_century_bridge,standard_italian,eligible_standard_core_pending_processed_build,preserve_boilerplate_stripped_primary_text,,eligible_pending_v7_and_mixture_freeze,text_materialized_pending_v7,data/local/gutenberg/fulltext_gate_v1/pg19808.txt,baac40055119d5164093c1fc41ceeef9d04014f977f372a2d083d58bd5ac1c58,2179d20510bf0ddab8d4963b092abd88f5ad2c13b820364bc2a4b105be708e8c,621048,621048,0,data/processed/project_gutenberg_resolved_v1/nineteenth_century_bridge/part-0001.txt,13956655,14583748,621048,627093,2179d20510bf0ddab8d4963b092abd88f5ad2c13b820364bc2a4b105be708e8c
19886,Fiore di leggende: Cantari antichi I - cantari leggendari,,pass_1b_eligible_pool,Project Gutenberg,https://www.gutenberg.org/ebooks/19886,nineteenth_century_bridge,historical_non_sonnet_poetry,historical_non_sonnet_poetry,standard_italian,eligible_standard_core_pending_processed_build,preserve_boilerplate_stripped_primary_text,,eligible_pending_v7_and_mixture_freeze,text_materialized_pending_v7,data/local/gutenberg/metadata_review_v1/pg19886.txt,c41ccc44abf68face3cc242eb0bb4361ac4c038226ca04bb7826bff855c118d5,5e1e2833b5dbfaaacd096b95da2c993151add61e4ecf95ac0a019b9bac0977e0,537411,537411,0,data/processed/project_gutenberg_resolved_v1/historical_non_sonnet_poetry/part-0001.txt,3938521,4480156,537411,541635,5e1e2833b5dbfaaacd096b95da2c993151add61e4ecf95ac0a019b9bac0977e0
19888,Nuove storie d'ogni colore,"De Marchi, Emilio",pass_1b_eligible_pool,Project Gutenberg,https://www.gutenberg.org/ebooks/19888,nineteenth_century_bridge,nineteenth_century_bridge,nineteenth_century_bridge,standard_italian,eligible_standard_core_pending_processed_build,preserve_boilerplate_stripped_primary_text,,eligible_pending_v7_and_mixture_freeze,text_materialized_pending_v7,data/local/gutenberg/metadata_review_v1/pg19888.txt,641ac2fb2322a89525d47f60190610a9ce86bbf8bd0f89a699d3ea4c887b090c,ad0a5e9dfc9a1aeb548268e229ce87f7905435653aa569f7c77092abe22b107d,233480,233480,0,data/processed/project_gutenberg_resolved_v1/nineteenth_century_bridge/part-0001.txt,14583749,14818935,233480,235186,ad0a5e9dfc9a1aeb548268e229ce87f7905435653aa569f7c77092abe22b107d
19894,In gondoleta: Barcarole e Rime Veneziane,"Negri, Antonio",pass_1b_eligible_pool,Project Gutenberg,https://www.gutenberg.org/ebooks/19894,nineteenth_century_bridge,historical_non_sonnet_poetry,historical_non_sonnet_poetry,conditioned_separate,conditioned_candidate_not_activated,no_standard_core_extraction,,inactive_conditioned_experiment_not_authorized,conditioned_text_materialized_inactive,data/local/gutenberg/metadata_review_v1/pg19894.txt,e7750f4a4c6ed9f33ff9aceda36b5faf4e4a6ed30b355ec17b330184ffbc623a,2bf820cd3aaaba2078cdbaca6ff4e6b8c4e93003949c84c3e822498e148f2f5e,55772,55772,0,data/processed/project_gutenberg_resolved_v1/conditioned_source_variants/part-0001.txt,0,56458,55772,56458,2bf820cd3aaaba2078cdbaca6ff4e6b8c4e93003949c84c3e822498e148f2f5e
20062,Lo assedio di Roma,"Guerrazzi, Francesco Domenico",initial_eligible_pool,Project Gutenberg,https://www.gutenberg.org/ebooks/20062,nineteenth_century_bridge,nineteenth_century_bridge,nineteenth_century_bridge,standard_italian,eligible_standard_core_pending_processed_build,preserve_boilerplate_stripped_primary_text,,eligible_pending_v7_and_mixture_freeze,text_materialized_pending_v7,data/local/gutenberg/fulltext_gate_v1/pg20062.txt,2c1b540cb8602fbc362b50bc2868c79c4dddf869e453d1292822c4e57e3f31ef,2e32e0a7dbcad2794db2037e0590a353eaf2a2e2f634f5cfafe28da576ec2412,1515759,1515759,0,data/processed/project_gutenberg_resolved_v1/nineteenth_century_bridge/part-0001.txt,14818936,16346319,1515759,1527383,2e32e0a7dbcad2794db2037e0590a353eaf2a2e2f634f5cfafe28da576ec2412
20094,"Opere, Volume Secondo : scritti critici e letterari","Berchet, Giovanni",initial_eligible_pool,Project Gutenberg,https://www.gutenberg.org/ebooks/20094,nineteenth_century_bridge,nineteenth_century_bridge,nineteenth_century_bridge,standard_italian,eligible_standard_core_pending_processed_build,preserve_boilerplate_stripped_primary_text,,eligible_pending_v7_and_mixture_freeze,text_materialized_pending_v7,data/local/gutenberg/fulltext_gate_v1/pg20094.txt,e14676006428a340fbddf1b857791870e787a0bc1c324e747f2057305b470e88,58e36ca7368c26fd56aaf8eef20e431c9409204b6c94d55b4260d1a378cd9835,490858,490858,0,data/processed/project_gutenberg_resolved_v1/nineteenth_century_bridge/part-0001.txt,16346320,16841449,490858,495129,58e36ca7368c26fd56aaf8eef20e431c9409204b6c94d55b4260d1a378cd9835
20182,La rovina,"Novaro, Angiolo Silvio",pass_1b_eligible_pool,Project Gutenberg,https://www.gutenberg.org/ebooks/20182,nineteenth_century_bridge,nineteenth_century_bridge,nineteenth_century_bridge,standard_italian,eligible_standard_core_pending_processed_build,preserve_boilerplate_stripped_primary_text,,eligible_pending_v7_and_mixture_freeze,text_materialized_pending_v7,data/local/gutenberg/metadata_review_v1/pg20182.txt,f64dfa2d492eef52d0de953b123972c3cec416f1c7f8268ccefddec8ee857f38,14f6b5c7694c7e82fe0f507bd74b02f8b3e378d48b677b8214c57a5f9c5a0fd2,108632,108632,0,data/processed/project_gutenberg_resolved_v1/nineteenth_century_bridge/part-0001.txt,16841450,16950697,108632,109247,14f6b5c7694c7e82fe0f507bd74b02f8b3e378d48b677b8214c57a5f9c5a0fd2
20639,La gran rivale,"Gualdo, Luigi",initial_eligible_pool,Project Gutenberg,https://www.gutenberg.org/ebooks/20639,nineteenth_century_bridge,nineteenth_century_bridge,nineteenth_century_bridge,standard_italian,eligible_standard_core_pending_processed_build,preserve_boilerplate_stripped_primary_text,,eligible_pending_v7_and_mixture_freeze,text_materialized_pending_v7,data/local/gutenberg/fulltext_gate_v1/pg20639.txt,e7634067f5ef4711a9d0c450b899c8c6e25edad0b4a238b7a72e740eaed524e8,d03dbfd4dd61e407c07a40cf2b9e4c848d9ea1031176ed8604d12ad9d062b8da,452047,452047,0,data/processed/project_gutenberg_resolved_v1/nineteenth_century_bridge/part-0001.txt,16950698,17406077,452047,455379,d03dbfd4dd61e407c07a40cf2b9e4c848d9ea1031176ed8604d12ad9d062b8da
21423,L'infedele,"Serao, Matilde",pass_1b_eligible_pool,Project Gutenberg,https://www.gutenberg.org/ebooks/21423,nineteenth_century_bridge,nineteenth_century_bridge,nineteenth_century_bridge,standard_italian,eligible_standard_core_pending_processed_build,preserve_boilerplate_stripped_primary_text,,eligible_pending_v7_and_mixture_freeze,text_materialized_pending_v7,data/local/gutenberg/metadata_review_v1/pg21423.txt,a72033e00be135002f52bfba4e75d65aadb67161f01d8176ec1c9eda27b288cd,e88c07d0491273cb88f55a7d20a46b7f0c601b460cef2d0f0358c59537e05063,151784,151784,0,data/processed/project_gutenberg_resolved_v1/nineteenth_century_bridge/part-0001.txt,17406078,17559182,151784,153104,e88c07d0491273cb88f55a7d20a46b7f0c601b460cef2d0f0358c59537e05063
21424,"Il Comento alla Divina Commedia, e gli altri scritti intorno a Dante, vol. 1","Boccaccio, Giovanni",initial_eligible_pool,Project Gutenberg,https://www.gutenberg.org/ebooks/21424,origins_through_1800,historical_general,historical_general,standard_italian,eligible_standard_core_pending_processed_build,remove_embedded_canonical_segments_preserve_unique_text,bibit:bibit000101;current:ll_boccaccio_trattatello,eligible_pending_v7_and_mixture_freeze,text_materialized_pending_v7,data/local/gutenberg/fulltext_gate_v1/pg21424.txt,c8f8d093837e5eef8305ad2b172a4dbfc1b2d259f0df6fb8ec51afacc7d4f68a,c26d02c6a5a5b28789c1f02332105708e95b1241ec068022216d4e28f83b3c06,542432,420141,122291,data/processed/project_gutenberg_resolved_v1/historical_general/part-0001.txt,125243,551700,420142,426457,82762e02e064e3fe0505200c8c6994f16a5128e6b59767dd469811bbc3e6656e
21683,Gli duoi fratelli rivali,"Porta, Giambattista della",initial_eligible_pool,Project Gutenberg,https://www.gutenberg.org/ebooks/21683,origins_through_1800,historical_general,historical_general,standard_italian,eligible_standard_core_pending_processed_build,preserve_boilerplate_stripped_primary_text,,eligible_pending_v7_and_mixture_freeze,text_materialized_pending_v7,data/local/gutenberg/fulltext_gate_v1/pg21683.txt,8912a45c4109f1d48d2ab0639ff9e942a7461c40be866093b13c4661fe7f02ef,676b0e4842c6d1ad92951f066272be9f4486e7af7bdd993bfd1eeafbecb88030,178496,178496,0,data/processed/project_gutenberg_resolved_v1/historical_general/part-0001.txt,551701,731908,178496,180207,676b0e4842c6d1ad92951f066272be9f4486e7af7bdd993bfd1eeafbecb88030
22025,Costituzione della Repubblica Italiana e Statuti Costituzionali del Regno d'Italia,Anonymous,pass_1b_eligible_pool,Project Gutenberg,https://www.gutenberg.org/ebooks/22025,nineteenth_century_bridge,nineteenth_century_bridge,nineteenth_century_bridge,standard_italian,eligible_standard_core_pending_processed_build,preserve_boilerplate_stripped_primary_text,,eligible_pending_v7_and_mixture_freeze,text_materialized_pending_v7,data/local/gutenberg/metadata_review_v1/pg22025.txt,b7dff4a5dbd61a633dca1bd840b7d7e8996aa695bca2bffd0c2c9ca4daf3fa8d,dd56bd0306e1a2419c9b78077f276c5520d4d62bbf88cea7eed83059e2f8fd44,146421,146058,363,data/processed/project_gutenberg_resolved_v1/nineteenth_century_bridge/part-0001.txt,17559183,17706196,146058,147013,c6ade54094b2765c6e66aa269a8c3385e672039399fdac1253475cbe290ac359
22026,"I demagoghi: O, I misteri di Livorno","Monteverde, Cesare",pass_1b_eligible_pool,Project Gutenberg,https://www.gutenberg.org/ebooks/22026,nineteenth_century_bridge,nineteenth_century_bridge,nineteenth_century_bridge,standard_italian,eligible_standard_core_pending_processed_build,preserve_boilerplate_stripped_primary_text,,eligible_pending_v7_and_mixture_freeze,text_materialized_pending_v7,data/local/gutenberg/metadata_review_v1/pg22026.txt,52af1d290e7263a640f5fd2974c4fb85c81d28f11f51b1381727211a56e90433,08434db3a1e476f2a5060196b6ce0d28dc09cc6aa37030e294df37679dde5961,656518,655159,1359,data/processed/project_gutenberg_resolved_v1/nineteenth_century_bridge/part-0001.txt,17706197,18366280,655159,660083,8261a28ae75187e1a24f2c344efd362ecc8c4219cdbc2c9d7bfe30b6b619f97c
22498,Le commedie - lo astrologo,"Porta, Giambattista della",initial_eligible_pool,Project Gutenberg,https://www.gutenberg.org/ebooks/22498,origins_through_1800,historical_general,historical_general,standard_italian,eligible_standard_core_pending_processed_build,preserve_boilerplate_stripped_primary_text,,eligible_pending_v7_and_mixture_freeze,text_materialized_pending_v7,data/local/gutenberg/fulltext_gate_v1/pg22498.txt,8a94fab092f58b7642989be6363f5b5b9169d26c30943dd33819c2c466c33ea0,9bc8b9b950aa7e298c33ffa6e4205423ab6e343b4985a3035c4e94be6d043e18,137620,137620,0,data/processed/project_gutenberg_resolved_v1/historical_general/part-0001.txt,731909,870859,137620,138950,9bc8b9b950aa7e298c33ffa6e4205423ab6e343b4985a3035c4e94be6d043e18
22502,Economisti del cinque e seicento,"Montanari, Geminiano;Scaruffi, Gasparo;Serra, Antonio, active 1613",pass_1b_eligible_pool,Project Gutenberg,https://www.gutenberg.org/ebooks/22502,origins_through_1800,historical_general,historical_general,standard_italian,eligible_standard_core_pending_processed_build,preserve_boilerplate_stripped_primary_text,,eligible_pending_v7_and_mixture_freeze,text_materialized_pending_v7,data/local/gutenberg/metadata_review_v1/pg22502.txt,b3c67776b507c86cd74686aa3d1df8ba599716cf480eb39df09d25c79c000fb8,f7cb52c414d1c0c002aa3ebc9a124320d9b938ab2ae814f5b1d0341387c7a432,807937,807338,599,data/processed/project_gutenberg_resolved_v1/historical_general/part-0001.txt,870860,1687323,807339,816463,3238b6afa0c0ec7de2198babc3691caaea94e71110215a95afb65cd81b89b857
22505,Riconciliazione,"Guidi, Tommasina",pass_1b_eligible_pool,Project Gutenberg,https://www.gutenberg.org/ebooks/22505,nineteenth_century_bridge,nineteenth_century_bridge,nineteenth_century_bridge,standard_italian,eligible_standard_core_pending_processed_build,preserve_boilerplate_stripped_primary_text,,eligible_pending_v7_and_mixture_freeze,text_materialized_pending_v7,data/local/gutenberg/metadata_review_v1/pg22505.txt,02c335ac5bd80e8bffb7ee3d8df179f81f1d7ef49990934d5e8d2fd6552ae5dc,8bc1afea0c4a1b153e7928e3140468c5148bd90c2f5e60b8101b4670a84bceb3,121654,120304,1350,data/processed/project_gutenberg_resolved_v1/nineteenth_century_bridge/part-0001.txt,18366281,18487578,120304,121297,7e7871138e39d4ed1efc694073301a182a3e9a180cd77c3b9f4dfff8e47b6ce5
22507,Romanzo d'una signorina per bene,"Vertua Gentile, Anna",pass_1b_eligible_pool,Project Gutenberg,https://www.gutenberg.org/ebooks/22507,nineteenth_century_bridge,nineteenth_century_bridge,nineteenth_century_bridge,standard_italian,eligible_standard_core_pending_processed_build,preserve_boilerplate_stripped_primary_text,,eligible_pending_v7_and_mixture_freeze,text_materialized_pending_v7,data/local/gutenberg/metadata_review_v1/pg22507.txt,9c6cb380408eb9728a1cb49c11aca4783c9bd7476aadb4c1b21c6e61e225274a,3bb5c02fff2792652536814ad41f9fe04bc825e9c834e4c597cef513c14c46fa,190493,190027,466,data/processed/project_gutenberg_resolved_v1/nineteenth_century_bridge/part-0001.txt,18487579,18679232,190027,191653,c43a3731450ac3edb2f15532ded80a824bb00f3d2ec98c0a03eb987feeec7993
23297,La Gioconda,"D'Annunzio, Gabriele",pass_1b_eligible_pool,Project Gutenberg,https://www.gutenberg.org/ebooks/23297,nineteenth_century_bridge,nineteenth_century_bridge,nineteenth_century_bridge,standard_italian,eligible_standard_core_pending_processed_build,preserve_boilerplate_stripped_primary_text,,eligible_pending_v7_and_mixture_freeze,text_materialized_pending_v7,data/local/gutenberg/metadata_review_v1/pg23297.txt,ef7646fe7e805176aef01316b75228b0c42dcd895bb5e747598133420d3987b9,553b54e8d6c587fddd0cf2da9ad1dcf433e14f0fb9b0fc93fe27a2c9193e4b16,125349,125349,0,data/processed/project_gutenberg_resolved_v1/nineteenth_century_bridge/part-0001.txt,18679233,18805621,125349,126388,553b54e8d6c587fddd0cf2da9ad1dcf433e14f0fb9b0fc93fe27a2c9193e4b16
24072,First Italian Readings,Various,pass_1b_eligible_pool,Project Gutenberg,https://www.gutenberg.org/ebooks/24072,nineteenth_century_bridge,nineteenth_century_bridge,nineteenth_century_bridge,standard_italian,eligible_standard_core_pending_processed_build,preserve_boilerplate_stripped_primary_text,,eligible_pending_v7_and_mixture_freeze,text_materialized_pending_v7,data/local/gutenberg/metadata_review_v1/pg24072.txt,cc86b1f74f1b7548da65b98c45b14570d0968136e419ed0ac406992fdba355a2,c276ace64a509f8da0a447b69c4b0413a0e1da5b1d13fa6f107742a315556ac7,331436,331436,0,data/processed/project_gutenberg_resolved_v1/nineteenth_century_bridge/part-0001.txt,18805622,19138434,331436,332812,c276ace64a509f8da0a447b69c4b0413a0e1da5b1d13fa6f107742a315556ac7
25178,Damiano: Storia di una povera famiglia,"Carcano, Giulio",initial_eligible_pool,Project Gutenberg,https://www.gutenberg.org/ebooks/25178,nineteenth_century_bridge,nineteenth_century_bridge,nineteenth_century_bridge,standard_italian,eligible_standard_core_pending_processed_build,preserve_boilerplate_stripped_primary_text,,eligible_pending_v7_and_mixture_freeze,text_materialized_pending_v7,data/local/gutenberg/fulltext_gate_v1/pg25178.txt,74b6f834b36e8a1f26a7b5e7db23f23225b5e0b5d245e321d46e1e48b8ab78be,cd42a037fb67bdeb120f7abd79104c84de85501e0c5f953b1282e330bff9d337,776851,776851,0,data/processed/project_gutenberg_resolved_v1/nineteenth_century_bridge/part-0001.txt,19138435,19921539,776851,783104,cd42a037fb67bdeb120f7abd79104c84de85501e0c5f953b1282e330bff9d337
25179,La carità del prossimo,"Bersezio, Vittorio",initial_eligible_pool,Project Gutenberg,https://www.gutenberg.org/ebooks/25179,nineteenth_century_bridge,nineteenth_century_bridge,nineteenth_century_bridge,standard_italian,eligible_standard_core_pending_processed_build,preserve_boilerplate_stripped_primary_text,,eligible_pending_v7_and_mixture_freeze,text_materialized_pending_v7,data/local/gutenberg/fulltext_gate_v1/pg25179.txt,cd253a2b13648181059efbc76c171deea48850ff0150f68eeda993a01d733cde,21c5b5d3eee7ff202daef0a34a48d23d18b560779bbd8b7e16c20c1d0999dfa9,561609,561609,0,data/processed/project_gutenberg_resolved_v1/nineteenth_century_bridge/part-0001.txt,19921540,20488130,561609,566590,21c5b5d3eee7ff202daef0a34a48d23d18b560779bbd8b7e16c20c1d0999dfa9
25180,La favorita del Mahdi,"Salgari, Emilio",pass_1b_eligible_pool,Project Gutenberg,https://www.gutenberg.org/ebooks/25180,nineteenth_century_bridge,nineteenth_century_bridge,nineteenth_century_bridge,standard_italian,eligible_standard_core_pending_processed_build,preserve_boilerplate_stripped_primary_text,,eligible_pending_v7_and_mixture_freeze,text_materialized_pending_v7,data/local/gutenberg/metadata_review_v1/pg25180.txt,be66b5f6742c6356d6d11fc2147474ba2c0806b9fa74f02d3c5bdcaf9ed53a4c,1861f97d4ac59a84a912b577ee4751e2c848a5e52fcc5c264eaca55f96c9dbd4,704849,704849,0,data/processed/project_gutenberg_resolved_v1/nineteenth_century_bridge/part-0001.txt,20488131,21199747,704849,711616,1861f97d4ac59a84a912b577ee4751e2c848a5e52fcc5c264eaca55f96c9dbd4
25183,L'Olimpia,"Porta, Giambattista della",initial_eligible_pool,Project Gutenberg,https://www.gutenberg.org/ebooks/25183,origins_through_1800,historical_general,historical_general,standard_italian,eligible_standard_core_pending_processed_build,preserve_boilerplate_stripped_primary_text,,eligible_pending_v7_and_mixture_freeze,text_materialized_pending_v7,data/local/gutenberg/fulltext_gate_v1/pg25183.txt,851f038f33e56ee02ea9f3df9b530b9928c8e89494b5dd65b85c7fbe67605378,19a66ff8738cd7dcfeb9a62ae60b3c19b5fcecdf43311b0f16860444ea2ae965,146189,146189,0,data/processed/project_gutenberg_resolved_v1/historical_general/part-0001.txt,1687324,1834979,146189,147655,19a66ff8738cd7dcfeb9a62ae60b3c19b5fcecdf43311b0f16860444ea2ae965
25198,La Cintia,"Porta, Giambattista della",initial_eligible_pool,Project Gutenberg,https://www.gutenberg.org/ebooks/25198,origins_through_1800,historical_general,historical_general,standard_italian,eligible_standard_core_pending_processed_build,preserve_boilerplate_stripped_primary_text,,eligible_pending_v7_and_mixture_freeze,text_materialized_pending_v7,data/local/gutenberg/fulltext_gate_v1/pg25198.txt,e515280801d9e3637916ffbb856b62a37d779ee927132f9e7b082fd7a4387cb1,bb3c21eca7bd416c2d7f0db0ce1032b1b785e43357a8e04340ba837391d26825,173271,173271,0,data/processed/project_gutenberg_resolved_v1/historical_general/part-0001.txt,1834980,2010074,173271,175094,bb3c21eca7bd416c2d7f0db0ce1032b1b785e43357a8e04340ba837391d26825
25199,Cantoni il volontario,"Garibaldi, Giuseppe",initial_eligible_pool,Project Gutenberg,https://www.gutenberg.org/ebooks/25199,nineteenth_century_bridge,nineteenth_century_bridge,nineteenth_century_bridge,standard_italian,eligible_standard_core_pending_processed_build,preserve_boilerplate_stripped_primary_text,,eligible_pending_v7_and_mixture_freeze,text_materialized_pending_v7,data/local/gutenberg/fulltext_gate_v1/pg25199.txt,371b6031b5ae8465fff4d0269c5b52520d5335c8d1bd8f8e4b79e687f9ae879c,87247806f014752b653d06e8a25d99dccb928c60b249469c9210a5b17a49ceb4,321939,321939,0,data/processed/project_gutenberg_resolved_v1/nineteenth_century_bridge/part-0001.txt,21199748,21524002,321939,324254,87247806f014752b653d06e8a25d99dccb928c60b249469c9210a5b17a49ceb4
25209,I ladri della pace,"Bianchi, Arturo",pass_1b_eligible_pool,Project Gutenberg,https://www.gutenberg.org/ebooks/25209,nineteenth_century_bridge,nineteenth_century_bridge,nineteenth_century_bridge,standard_italian,eligible_standard_core_pending_processed_build,preserve_boilerplate_stripped_primary_text,,eligible_pending_v7_and_mixture_freeze,text_materialized_pending_v7,data/local/gutenberg/metadata_review_v1/pg25209.txt,e0854cb732dfd0f46acdd95c101030cbc2e344a1a17fa2727e86565940457041,a2c442547a4bf7fbe4e2c70a5424b088b2d0431e7ac77d4d4aad68e7855932de,310767,310767,0,data/processed/project_gutenberg_resolved_v1/nineteenth_century_bridge/part-0001.txt,21524003,21837180,310767,313177,a2c442547a4bf7fbe4e2c70a5424b088b2d0431e7ac77d4d4aad68e7855932de
25312,Nabuco,"Fontana, Ferdinando",pass_1b_eligible_pool,Project Gutenberg,https://www.gutenberg.org/ebooks/25312,nineteenth_century_bridge,historical_non_sonnet_poetry,historical_non_sonnet_poetry,standard_italian,eligible_standard_core_pending_processed_build,preserve_boilerplate_stripped_primary_text,,eligible_pending_v7_and_mixture_freeze,text_materialized_pending_v7,data/local/gutenberg/metadata_review_v1/pg25312.txt,4e1dbd22b562e199bb89ec42a5a14b964a4e3db66f2074d7078849adabc9dbee,265e960b122982c66f36d7ca7012885e45b0a05cb70b6490a417a559bf0e9bc7,117275,117275,0,data/processed/project_gutenberg_resolved_v1/historical_non_sonnet_poetry/part-0001.txt,4480157,4598484,117275,118327,265e960b122982c66f36d7ca7012885e45b0a05cb70b6490a417a559bf0e9bc7
25318,Studi intorno alla storia della Lombardia: negli ultimi trent'anni e delle cagioni del difetto d'energia dei lombardi,"Belgioioso, Cristina",initial_eligible_pool,Project Gutenberg,https://www.gutenberg.org/ebooks/25318,nineteenth_century_bridge,nineteenth_century_bridge,nineteenth_century_bridge,standard_italian,eligible_standard_core_pending_processed_build,preserve_boilerplate_stripped_primary_text,,eligible_pending_v7_and_mixture_freeze,text_materialized_pending_v7,data/local/gutenberg/fulltext_gate_v1/pg25318.txt,d74749c5369c851a437bf9f012837a71d45c4fb20f6856fa6d263e1273066194,9071b9109f96e43756c1f1191a84b46753aa298963b975effb50e676fb3fc283,360897,360897,0,data/processed/project_gutenberg_resolved_v1/nineteenth_century_bridge/part-0001.txt,21837181,22200639,360897,363458,9071b9109f96e43756c1f1191a84b46753aa298963b975effb50e676fb3fc283
25587,I drammi de' campi: Padre Don Giuseppe—La vendetta—Proprietari e fittaiuoli— Sequestro.,"Raga, Emilio",pass_1b_eligible_pool,Project Gutenberg,https://www.gutenberg.org/ebooks/25587,nineteenth_century_bridge,nineteenth_century_bridge,nineteenth_century_bridge,standard_italian,eligible_standard_core_pending_processed_build,preserve_boilerplate_stripped_primary_text,,eligible_pending_v7_and_mixture_freeze,text_materialized_pending_v7,data/local/gutenberg/metadata_review_v1/pg25587.txt,52b7bf3c30566e64e1bff267214dce58cc413a4a8eff230e96af354a6f846cc8,2307b698326e314460a62eefb1422ae1843aecc37ceaf99f56e019280d813fbd,555337,555337,0,data/processed/project_gutenberg_resolved_v1/nineteenth_century_bridge/part-0001.txt,22200640,22759761,555337,559121,2307b698326e314460a62eefb1422ae1843aecc37ceaf99f56e019280d813fbd
25605,I misteri del processo Monti e Tognetti,"Sanvittore, Gaetano",pass_1b_eligible_pool,Project Gutenberg,https://www.gutenberg.org/ebooks/25605,nineteenth_century_bridge,nineteenth_century_bridge,nineteenth_century_bridge,standard_italian,eligible_standard_core_pending_processed_build,preserve_boilerplate_stripped_primary_text,,eligible_pending_v7_and_mixture_freeze,text_materialized_pending_v7,data/local/gutenberg/metadata_review_v1/pg25605.txt,5a1507b79e93764e44c0f8258a9396636f23e7b9cecfbb2e531122cddc78ac58,0ffc42b130acbc70e9259914c867653bb9ded5a7f93fca4f55a24bcbd9318280,431377,431377,0,data/processed/project_gutenberg_resolved_v1/nineteenth_century_bridge/part-0001.txt,22759762,23194076,431377,434314,0ffc42b130acbc70e9259914c867653bb9ded5a7f93fca4f55a24bcbd9318280
26169,La Tempesta,"Shakespeare, William",initial_eligible_pool,Project Gutenberg,https://www.gutenberg.org/ebooks/26169,origins_through_1800,historical_general,historical_general,standard_italian,eligible_standard_core_pending_processed_build,preserve_boilerplate_stripped_primary_text,,eligible_pending_v7_and_mixture_freeze,text_materialized_pending_v7,data/local/gutenberg/fulltext_gate_v1/pg26169.txt,199987eb739a68f60ce31d1d137a095d9dadf5f0d2f8a3b579ba821194295eb0,a09f39a73579d93c4118e5389764bb117d3615a3396b58b8256958f198996d69,174567,174567,0,data/processed/project_gutenberg_resolved_v1/historical_general/part-0001.txt,2010075,2185665,174567,175590,a09f39a73579d93c4118e5389764bb117d3615a3396b58b8256958f198996d69
26452,La testa della vipera,"Bersezio, Vittorio",initial_eligible_pool,Project Gutenberg,https://www.gutenberg.org/ebooks/26452,nineteenth_century_bridge,nineteenth_century_bridge,nineteenth_century_bridge,standard_italian,eligible_standard_core_pending_processed_build,preserve_boilerplate_stripped_primary_text,,eligible_pending_v7_and_mixture_freeze,text_materialized_pending_v7,data/local/gutenberg/fulltext_gate_v1/pg26452.txt,f86e1d89f95a3cf8fd1b6cbe036a37fa4a27f257b08c088979636c9a6237abbc,13047cf52815864977f3a3a2d76453c6799587b7d26a5d03a807abb4a6244ebd,236726,236726,0,data/processed/project_gutenberg_resolved_v1/nineteenth_century_bridge/part-0001.txt,23194077,23433164,236726,239087,13047cf52815864977f3a3a2d76453c6799587b7d26a5d03a807abb4a6244ebd
26453,La pianta dei sospiri: con alcuni cenni su la vita e su le opere dell'autore,"Sacchi, Defendente",initial_eligible_pool,Project Gutenberg,https://www.gutenberg.org/ebooks/26453,nineteenth_century_bridge,nineteenth_century_bridge,nineteenth_century_bridge,standard_italian,eligible_standard_core_pending_processed_build,preserve_boilerplate_stripped_primary_text,,eligible_pending_v7_and_mixture_freeze,text_materialized_pending_v7,data/local/gutenberg/fulltext_gate_v1/pg26453.txt,167fd6f87558b3f8e34ebad0ffcbf60137c3985bd0f51abc11b0063eee9e3a93,1ba0760ea14e73d54c39e1d07ff908bb3c987d4d71590e159aa8cc4003bdeb9a,329374,329374,0,data/processed/project_gutenberg_resolved_v1/nineteenth_century_bridge/part-0001.txt,23433165,23765083,329374,331918,1ba0760ea14e73d54c39e1d07ff908bb3c987d4d71590e159aa8cc4003bdeb9a
26701,Illustrazione delle medaglie dei dogi di Venezia denominate Oselle: Edizione seconda con correzioni ed aggiunte,"Manin, Leonardo",initial_eligible_pool,Project Gutenberg,https://www.gutenberg.org/ebooks/26701,nineteenth_century_bridge,nineteenth_century_bridge,nineteenth_century_bridge,standard_italian,eligible_standard_core_pending_processed_build,preserve_boilerplate_stripped_primary_text,,eligible_pending_v7_and_mixture_freeze,text_materialized_pending_v7,data/local/gutenberg/fulltext_gate_v1/pg26701.txt,d34975a748bb0acfde73d7bb75dbaa1185d8195143b28b6d149c01a02141ef52,592748746c8c9622c2323c97bdfb592594304a68bd4d68bfe683fd60fba0386e,202754,202754,0,data/processed/project_gutenberg_resolved_v1/nineteenth_century_bridge/part-0001.txt,23765084,23968707,202754,203623,592748746c8c9622c2323c97bdfb592594304a68bd4d68bfe683fd60fba0386e
26717,I suicidi di Parigi,"Petruccelli della Gattina, Ferdinando",initial_eligible_pool,Project Gutenberg,https://www.gutenberg.org/ebooks/26717,nineteenth_century_bridge,nineteenth_century_bridge,nineteenth_century_bridge,standard_italian,eligible_standard_core_pending_processed_build,preserve_boilerplate_stripped_primary_text,,eligible_pending_v7_and_mixture_freeze,text_materialized_pending_v7,data/local/gutenberg/fulltext_gate_v1/pg26717.txt,f503921b7fba5e03299c9e4133f47116941c7ae0957b872fa1e234153a238edc,934be95b4032ad5b127e859961dc99b1a580efe0f6947f55d4b8cb0cfc951176,700601,700601,0,data/processed/project_gutenberg_resolved_v1/nineteenth_century_bridge/part-0001.txt,23968708,24675854,700601,707146,934be95b4032ad5b127e859961dc99b1a580efe0f6947f55d4b8cb0cfc951176
26866,Le monete dei possedimenti veneziani di oltremare e di terraferma descritte ed illustrate da Vincenzo Lazari,"Lazari, Vincenzo",initial_eligible_pool,Project Gutenberg,https://www.gutenberg.org/ebooks/26866,nineteenth_century_bridge,nineteenth_century_bridge,nineteenth_century_bridge,standard_italian,eligible_standard_core_pending_processed_build,preserve_boilerplate_stripped_primary_text,,eligible_pending_v7_and_mixture_freeze,text_materialized_pending_v7,data/local/gutenberg/fulltext_gate_v1/pg26866.txt,44f0f63734287ddb94324e4222ba10aee612ad0858e81f56b94232260a5cb998,7fb29f7fcf94face370013ba4bcfc50dbd13342b221f6ac35ee5f2c55cfd8801,291406,291406,0,data/processed/project_gutenberg_resolved_v1/nineteenth_century_bridge/part-0001.txt,24675855,24968888,291406,293033,7fb29f7fcf94face370013ba4bcfc50dbd13342b221f6ac35ee5f2c55cfd8801
27091,"Falco della rupe; O, La guerra di Musso","Bazzoni, Giambattista",initial_eligible_pool,Project Gutenberg,https://www.gutenberg.org/ebooks/27091,nineteenth_century_bridge,nineteenth_century_bridge,nineteenth_century_bridge,standard_italian,eligible_standard_core_pending_processed_build,preserve_boilerplate_stripped_primary_text,,eligible_pending_v7_and_mixture_freeze,text_materialized_pending_v7,data/local/gutenberg/fulltext_gate_v1/pg27091.txt,940e995614c116aa746e39c8977199069a730724dd9b99cfbd07e5126cf0be41,5b6692a02c0aff635a317abfbf6c3c1f973a2b302fee3a924cb41dd5a5566959,620080,620080,0,data/processed/project_gutenberg_resolved_v1/nineteenth_century_bridge/part-0001.txt,24968889,25592819,620080,623930,5b6692a02c0aff635a317abfbf6c3c1f973a2b302fee3a924cb41dd5a5566959
27428,La Francia dal primo impero al 1871. Volume 1,"Treitschke, Heinrich von",initial_eligible_pool,Project Gutenberg,https://www.gutenberg.org/ebooks/27428,nineteenth_century_bridge,nineteenth_century_bridge,nineteenth_century_bridge,standard_italian,eligible_standard_core_pending_processed_build,preserve_boilerplate_stripped_primary_text,,eligible_pending_v7_and_mixture_freeze,text_materialized_pending_v7,data/local/gutenberg/fulltext_gate_v1/pg27428.txt,94c412cf18b3c29b06eeb51ccc29e337ddb2a460404e7096e626780f1fb5a65d,f52b1a04e8539192127193c9ba98025e348ec4b4c03267e5e34e73956c0ef518,499340,498759,581,data/processed/project_gutenberg_resolved_v1/nineteenth_century_bridge/part-0001.txt,25592820,26095728,498759,502908,18513712f99b603c7e2d904ef4245c3544975698c8cbd06a630982315b89ae52
27433,Il Quadriregio,"Frezzi, Federico",initial_eligible_pool,Project Gutenberg,https://www.gutenberg.org/ebooks/27433,origins_through_1800,historical_non_sonnet_poetry,historical_non_sonnet_poetry,standard_italian,eligible_standard_core_pending_processed_build,preserve_boilerplate_stripped_primary_text,,eligible_pending_v7_and_mixture_freeze,text_materialized_pending_v7,data/local/gutenberg/fulltext_gate_v1/pg27433.txt,ed685ffe772a6fcb250bbb8608eb8aedc337df20532e5ff740f07421d1336892,0073f567f891e299debb46f1c7dc8e629a5a860b20e43b2669bd53780243d4a5,629067,629067,0,data/processed/project_gutenberg_resolved_v1/historical_non_sonnet_poetry/part-0001.txt,4598485,5234065,629067,635580,0073f567f891e299debb46f1c7dc8e629a5a860b20e43b2669bd53780243d4a5
27590,Cabiria: Visione storica del terzo secolo A. C.,"D'Annunzio, Gabriele",pass_1b_eligible_pool,Project Gutenberg,https://www.gutenberg.org/ebooks/27590,nineteenth_century_bridge,nineteenth_century_bridge,nineteenth_century_bridge,standard_italian,eligible_standard_core_pending_processed_build,preserve_boilerplate_stripped_primary_text,,eligible_pending_v7_and_mixture_freeze,text_materialized_pending_v7,data/local/gutenberg/metadata_review_v1/pg27590.txt,5c549a90ef9a8697b1177d716f1bf84ac622a9796437f3c679381cde16027832,583ba301a88bbf9d753771bb179a6debd4fad8480fd103dc3ede89be41b94c48,17666,17666,0,data/processed/project_gutenberg_resolved_v1/nineteenth_century_bridge/part-0001.txt,26095729,26113581,17666,17852,583ba301a88bbf9d753771bb179a6debd4fad8480fd103dc3ede89be41b94c48
27608,Bollettino del Club Alpino Italiano 1895-96: Vol. 29 Num. 62,Various,pass_1b_eligible_pool,Project Gutenberg,https://www.gutenberg.org/ebooks/27608,nineteenth_century_bridge,nineteenth_century_bridge,nineteenth_century_bridge,standard_italian,eligible_standard_core_pending_processed_build,preserve_boilerplate_stripped_primary_text,,eligible_pending_v7_and_mixture_freeze,text_materialized_pending_v7,data/local/gutenberg/metadata_review_v1/pg27608.txt,908f4f1c96d7d1f490bde91e4393071dcb4f686c7ac48ac293b318e70fb14c97,d9b38afb0f5b534ee4c6cc3855313d1237875ac93fe7a49c692e9c6aef7fe700,665718,665718,0,data/processed/project_gutenberg_resolved_v1/nineteenth_century_bridge/part-0001.txt,26113582,26784389,665718,670807,d9b38afb0f5b534ee4c6cc3855313d1237875ac93fe7a49c692e9c6aef7fe700
27719,Tiranni minimi,"Rovetta, Gerolamo",pass_1b_eligible_pool,Project Gutenberg,https://www.gutenberg.org/ebooks/27719,nineteenth_century_bridge,nineteenth_century_bridge,nineteenth_century_bridge,standard_italian,eligible_standard_core_pending_processed_build,preserve_boilerplate_stripped_primary_text,,eligible_pending_v7_and_mixture_freeze,text_materialized_pending_v7,data/local/gutenberg/metadata_review_v1/pg27719.txt,4ea04a29cbb96d1685fb1c3218cef2e604bbe301c95911e332641107ad94c2a6,701f6fdb2411b3fc8d2c4ae0df4e5274df9b2ec4bc70875cf8cbcd02e245893c,62137,62137,0,data/processed/project_gutenberg_resolved_v1/nineteenth_century_bridge/part-0001.txt,26784390,26847159,62137,62769,701f6fdb2411b3fc8d2c4ae0df4e5274df9b2ec4bc70875cf8cbcd02e245893c
27720,La serpicina,"Guerrazzi, Francesco Domenico",initial_eligible_pool,Project Gutenberg,https://www.gutenberg.org/ebooks/27720,nineteenth_century_bridge,nineteenth_century_bridge,nineteenth_century_bridge,standard_italian,eligible_standard_core_pending_processed_build,preserve_boilerplate_stripped_primary_text,,eligible_pending_v7_and_mixture_freeze,text_materialized_pending_v7,data/local/gutenberg/fulltext_gate_v1/pg27720.txt,3fc1d660e989b25395f1bc6ed7f81e8c6250c887f478cb5bcc3ff546142190ff,c453017a93cba2520a8fb08e731866ac97010d2ca7f9ac2ad7ef13c92ad2fbd6,48368,48368,0,data/processed/project_gutenberg_resolved_v1/nineteenth_century_bridge/part-0001.txt,26847160,26895823,48368,48663,c453017a93cba2520a8fb08e731866ac97010d2ca7f9ac2ad7ef13c92ad2fbd6
27791,I nuovi tartufi,"Guerrazzi, Francesco Domenico",initial_eligible_pool,Project Gutenberg,https://www.gutenberg.org/ebooks/27791,nineteenth_century_bridge,nineteenth_century_bridge,nineteenth_century_bridge,standard_italian,eligible_standard_core_pending_processed_build,preserve_boilerplate_stripped_primary_text,,eligible_pending_v7_and_mixture_freeze,text_materialized_pending_v7,data/local/gutenberg/fulltext_gate_v1/pg27791.txt,29b86e79ade3de1901c9056235f2ecce0ba07a18f895e205e163468615971eb4,bc8de58b23476d866da5b8a88ee5916d68bf912509867ed91966f9d55e28a282,98815,98815,0,data/processed/project_gutenberg_resolved_v1/nineteenth_century_bridge/part-0001.txt,26895824,26995318,98815,99494,bc8de58b23476d866da5b8a88ee5916d68bf912509867ed91966f9d55e28a282
27825,Isaotta Guttadàuro ed altre poesie,"D'Annunzio, Gabriele",pass_1b_eligible_pool,Project Gutenberg,https://www.gutenberg.org/ebooks/27825,nineteenth_century_bridge,historical_non_sonnet_poetry,historical_non_sonnet_poetry,standard_italian,eligible_standard_core_pending_processed_build,preserve_boilerplate_stripped_primary_text,,eligible_pending_v7_and_mixture_freeze,text_materialized_pending_v7,data/local/gutenberg/metadata_review_v1/pg27825.txt,5bf32411b2af1ab9ddc91aeb28e2d802886dc99a225e3879bb5a700fdd53313b,b84020a8346cbf66b4846070a67d8847d610939a11b14dbcd8a3e865e3cca47d,119125,94093,25032,data/processed/project_gutenberg_resolved_v1/historical_non_sonnet_poetry/part-0001.txt,5234066,5328899,94139,94833,08db8cd01f5cb98bda0ca2397af9493c4ea3410bf5d59557c2d152d973bb9f5b
28317,La Francia dal primo impero al 1871. Volume 2,"Treitschke, Heinrich von",initial_eligible_pool,Project Gutenberg,https://www.gutenberg.org/ebooks/28317,nineteenth_century_bridge,nineteenth_century_bridge,nineteenth_century_bridge,standard_italian,eligible_standard_core_pending_processed_build,preserve_boilerplate_stripped_primary_text,,eligible_pending_v7_and_mixture_freeze,text_materialized_pending_v7,data/local/gutenberg/fulltext_gate_v1/pg28317.txt,5a4f30fe0bb520bb944e8ffa36b5f5f76e13d8327fb38a366e7eb7c08feb8587,28c4a59bb8ec1fe2fdbe47e29118700e09635454b4fd76a880d5d65f6c805037,480546,479631,915,data/processed/project_gutenberg_resolved_v1/nineteenth_century_bridge/part-0001.txt,26995319,27478781,479631,483462,10931b4123a2e792d02bf4d5ecd953fb7ce20e73638dc5dc9bb8033f3042cbac
28355,La tabernaria,"Porta, Giambattista della",initial_eligible_pool,Project Gutenberg,https://www.gutenberg.org/ebooks/28355,origins_through_1800,historical_general,historical_general,standard_italian,eligible_standard_core_pending_processed_build,preserve_boilerplate_stripped_primary_text,,eligible_pending_v7_and_mixture_freeze,text_materialized_pending_v7,data/local/gutenberg/fulltext_gate_v1/pg28355.txt,6e7faa5f5db39b105315de95705dde478e331e2ed0ffb8ba288ea35115c2d07e,4c263e4c8739ca9637d81ddc683cf77f5dc231b7f384f558f612a0f55df8bf0d,139647,139647,0,data/processed/project_gutenberg_resolved_v1/historical_general/part-0001.txt,2185666,2326623,139647,140957,4c263e4c8739ca9637d81ddc683cf77f5dc231b7f384f558f612a0f55df8bf0d
28368,La sorella,"Porta, Giambattista della",initial_eligible_pool,Project Gutenberg,https://www.gutenberg.org/ebooks/28368,origins_through_1800,historical_general,historical_general,standard_italian,eligible_standard_core_pending_processed_build,preserve_boilerplate_stripped_primary_text,,eligible_pending_v7_and_mixture_freeze,text_materialized_pending_v7,data/local/gutenberg/fulltext_gate_v1/pg28368.txt,da30e6591ce77ba8f9816f01641c31b30ee14a4cfe1aedb2cf466b0909816adf,a0e86dd90cb6624cbb66edbb4c1cc1b4170c35539332b277f466a6f6379a2657,159584,159584,0,data/processed/project_gutenberg_resolved_v1/historical_general/part-0001.txt,2326624,2487759,159584,161135,a0e86dd90cb6624cbb66edbb4c1cc1b4170c35539332b277f466a6f6379a2657
28371,Le avventure d'Alice nel paese delle meraviglie,"Carroll, Lewis",initial_eligible_pool,Project Gutenberg,https://www.gutenberg.org/ebooks/28371,nineteenth_century_bridge,nineteenth_century_bridge,nineteenth_century_bridge,standard_italian,eligible_standard_core_pending_processed_build,preserve_boilerplate_stripped_primary_text,,eligible_pending_v7_and_mixture_freeze,text_materialized_pending_v7,data/local/gutenberg/fulltext_gate_v1/pg28371.txt,924f666cc4a24651eca2a856ab07be437d9422bdc42cddc132baac14035170dc,daac89d60d8952ec62b5ea391b18e9abf2cf3a64d36ff5deff4ea4a3a26416e6,150011,149446,565,data/processed/project_gutenberg_resolved_v1/nineteenth_century_bridge/part-0001.txt,27478782,27630072,149446,151290,b7cd558678cfa9ca9735e9d82b5179767be0299a04611c1fc5c8e4c0b523451f
28372,La carbonaria,"Porta, Giambattista della",initial_eligible_pool,Project Gutenberg,https://www.gutenberg.org/ebooks/28372,origins_through_1800,historical_general,historical_general,standard_italian,eligible_standard_core_pending_processed_build,preserve_boilerplate_stripped_primary_text,,eligible_pending_v7_and_mixture_freeze,text_materialized_pending_v7,data/local/gutenberg/fulltext_gate_v1/pg28372.txt,494f12ede0bc0701f10dd81aba4c0838b48f43292dfcdda1442ecc15ba06dc57,bd82cd5681cb953fed42b02ab85dcb8cba5ec67184aa39cb86e77a6c40680147,162905,162905,0,data/processed/project_gutenberg_resolved_v1/historical_general/part-0001.txt,2487760,2652298,162905,164538,bd82cd5681cb953fed42b02ab85dcb8cba5ec67184aa39cb86e77a6c40680147
28374,Tra cielo e terra: Romanzo,"Barrili, Anton Giulio",pass_1b_eligible_pool,Project Gutenberg,https://www.gutenberg.org/ebooks/28374,nineteenth_century_bridge,nineteenth_century_bridge,nineteenth_century_bridge,standard_italian,eligible_standard_core_pending_processed_build,preserve_boilerplate_stripped_primary_text,,eligible_pending_v7_and_mixture_freeze,text_materialized_pending_v7,data/local/gutenberg/metadata_review_v1/pg28374.txt,9e11a734c719bd91c3ddece964665637e1f813176f52fac4cea30ee57f9776f9,ee1ba7fd400759b396f40bf506caf6acf99afaabeda0674d22ab6fca3ad9b8a6,444699,443099,1600,data/processed/project_gutenberg_resolved_v1/nineteenth_century_bridge/part-0001.txt,27630073,28076703,443099,446630,bfb851289b3498dc142c9d51bf042bce428994eafbd46a3c59c0599f61174181
28403,Racconti umoristici: In cerca di morte; Re per ventiquattrore,"Tarchetti, Iginio Ugo",initial_eligible_pool,Project Gutenberg,https://www.gutenberg.org/ebooks/28403,nineteenth_century_bridge,nineteenth_century_bridge,nineteenth_century_bridge,standard_italian,eligible_standard_core_pending_processed_build,preserve_boilerplate_stripped_primary_text,,eligible_pending_v7_and_mixture_freeze,text_materialized_pending_v7,data/local/gutenberg/fulltext_gate_v1/pg28403.txt,faf02564f8fd32798085714d452dd69e4cf0ce9283d13e676986d2bdab893d2b,8284f5e5ecc432aff99736cd4c750e1ea94c0cbd8e60b2bc14e96a605f604509,200928,199286,1642,data/processed/project_gutenberg_resolved_v1/nineteenth_century_bridge/part-0001.txt,28076704,28277577,199286,200873,007f523da0303a4952b75396be67f5b6e33ffc6a5e5bef9f304f15a156712a87
28786,Il processo Bartelloni,Jarro,pass_1b_eligible_pool,Project Gutenberg,https://www.gutenberg.org/ebooks/28786,nineteenth_century_bridge,nineteenth_century_bridge,nineteenth_century_bridge,standard_italian,eligible_standard_core_pending_processed_build,preserve_boilerplate_stripped_primary_text,,eligible_pending_v7_and_mixture_freeze,text_materialized_pending_v7,data/local/gutenberg/metadata_review_v1/pg28786.txt,5aa6a59a81b805d60eb4ae2d7ddb7bb29e49c8ec4582e5dcb79b2d7eb79e03ee,d36781263c424f69de2a6edae2dad551928350d62b11214489ed818d1915832e,362533,362533,0,data/processed/project_gutenberg_resolved_v1/nineteenth_century_bridge/part-0001.txt,28277578,28642659,362533,365081,d36781263c424f69de2a6edae2dad551928350d62b11214489ed818d1915832e
28867,Racconti fantastici,"Tarchetti, Iginio Ugo",initial_eligible_pool,Project Gutenberg,https://www.gutenberg.org/ebooks/28867,nineteenth_century_bridge,nineteenth_century_bridge,nineteenth_century_bridge,standard_italian,eligible_standard_core_pending_processed_build,preserve_boilerplate_stripped_primary_text,,eligible_pending_v7_and_mixture_freeze,text_materialized_pending_v7,data/local/gutenberg/fulltext_gate_v1/pg28867.txt,3b10c8b0b8fb3d78273ade53ea22285f726543db24b8bd51833e24302cceae93,37920e32729b8f845975944f4aeec894ee8d63b4c3cd3dfabaed7dd239e312a0,171233,170029,1204,data/processed/project_gutenberg_resolved_v1/nineteenth_century_bridge/part-0001.txt,28642660,28814162,170029,171502,34ecdd3e2cff328b39e924d8828375312e494064095afad953942a734488dce9
28869,Novelle e riviste drammatiche,"Boito, Arrigo",pass_1b_eligible_pool,Project Gutenberg,https://www.gutenberg.org/ebooks/28869,nineteenth_century_bridge,nineteenth_century_bridge,nineteenth_century_bridge,standard_italian,eligible_standard_core_pending_processed_build,preserve_boilerplate_stripped_primary_text,,eligible_pending_v7_and_mixture_freeze,text_materialized_pending_v7,data/local/gutenberg/metadata_review_v1/pg28869.txt,9e0912215fef93ce724e41e4898a93e43d40d8971f80a1973e39cb1321a8a2f7,acf3b0a0e2585a1a17682f27002d0e53ff6ae17781d2f717731c4dbd4fdf958a,306919,304274,2645,data/processed/project_gutenberg_resolved_v1/nineteenth_century_bridge/part-0001.txt,28814163,29121057,304274,306894,4ddc2e11dac7233c7ccd90f5fa5663351feb77ed6688e6fe115eaad2a44fb418
28888,Il Re prega: Romanzo,"Petruccelli della Gattina, Ferdinando",initial_eligible_pool,Project Gutenberg,https://www.gutenberg.org/ebooks/28888,nineteenth_century_bridge,nineteenth_century_bridge,nineteenth_century_bridge,standard_italian,eligible_standard_core_pending_processed_build,preserve_boilerplate_stripped_primary_text,,eligible_pending_v7_and_mixture_freeze,text_materialized_pending_v7,data/local/gutenberg/fulltext_gate_v1/pg28888.txt,bb8cb6fff8b6d8fed0c39f969dac355697ed4270f5af9bc4e5e03cfea61a9bc5,ab4c67268b1aa9ea769e36ea720ffc5964624fb4060194f30e0d3be2fb9b556f,614485,614485,0,data/processed/project_gutenberg_resolved_v1/nineteenth_century_bridge/part-0001.txt,29121058,29740633,614485,619575,ab4c67268b1aa9ea769e36ea720ffc5964624fb4060194f30e0d3be2fb9b556f
28910,Mater dolorosa,"Rovetta, Gerolamo",pass_1b_eligible_pool,Project Gutenberg,https://www.gutenberg.org/ebooks/28910,nineteenth_century_bridge,nineteenth_century_bridge,nineteenth_century_bridge,standard_italian,eligible_standard_core_pending_processed_build,preserve_boilerplate_stripped_primary_text,,eligible_pending_v7_and_mixture_freeze,text_materialized_pending_v7,data/local/gutenberg/metadata_review_v1/pg28910.txt,b18a8a489c9ba51051938b22082b09f98b3e7ef7d54e147229c1c305d03ecd47,0618737e2e67796494b2ad9995377e9e590f6af975aafcf6ffaf6f429d5c30bf,786907,786907,0,data/processed/project_gutenberg_resolved_v1/nineteenth_century_bridge/part-0001.txt,29740634,30533409,786907,792775,0618737e2e67796494b2ad9995377e9e590f6af975aafcf6ffaf6f429d5c30bf
29037,Baby,"Rovetta, Gerolamo",pass_1b_eligible_pool,Project Gutenberg,https://www.gutenberg.org/ebooks/29037,nineteenth_century_bridge,nineteenth_century_bridge,nineteenth_century_bridge,standard_italian,eligible_standard_core_pending_processed_build,preserve_boilerplate_stripped_primary_text,,eligible_pending_v7_and_mixture_freeze,text_materialized_pending_v7,data/local/gutenberg/metadata_review_v1/pg29037.txt,faa613d8308d3547a008accbd5e58be8901d064ff18f57bf8f3e5207e8d33564,ca22551d07d55851163e6cf26fda4cdbe3663f6d76af3e88a233f8a52001b65a,143725,143725,0,data/processed/project_gutenberg_resolved_v1/nineteenth_century_bridge/part-0001.txt,30533410,30678169,143725,144759,ca22551d07d55851163e6cf26fda4cdbe3663f6d76af3e88a233f8a52001b65a
29082,"Scritti di Giuseppe Mazzini, Politica ed Economia, Vol. I","Mazzini, Giuseppe",initial_eligible_pool,Project Gutenberg,https://www.gutenberg.org/ebooks/29082,nineteenth_century_bridge,nineteenth_century_bridge,nineteenth_century_bridge,standard_italian,eligible_standard_core_pending_processed_build,remove_embedded_canonical_segments_preserve_unique_text,bibit:bibit001581,eligible_pending_v7_and_mixture_freeze,text_materialized_pending_v7,data/local/gutenberg/fulltext_gate_v1/pg29082.txt,5170323a965af783993e4ef2d02159191097ef2c3437fda2b54bf5a7c726bd57,fabff5c1f5a540b5a8b51081e559ff02ed971e467d7a7b6bf46dd1622318757c,1328648,1217845,110803,data/processed/project_gutenberg_resolved_v1/nineteenth_century_bridge/part-0001.txt,30678170,31904697,1217846,1226527,fbc74e156a19320f08a72caf896bd58e7dc3e1b4fff33622829c67932c61e578
29325,"Scritti di Giuseppe Mazzini, Politica ed Economia, Vol. II","Mazzini, Giuseppe",initial_eligible_pool,Project Gutenberg,https://www.gutenberg.org/ebooks/29325,nineteenth_century_bridge,nineteenth_century_bridge,nineteenth_century_bridge,standard_italian,eligible_standard_core_pending_processed_build,preserve_boilerplate_stripped_primary_text,,eligible_pending_v7_and_mixture_freeze,text_materialized_pending_v7,data/local/gutenberg/fulltext_gate_v1/pg29325.txt,1ecd959d3998199e790d92ec3ff98e4fcf18ef46461426e68cb576722ca1a38f,8df1ff12d39c3986df55b10d980eebec069aaba8e6d2d84b31e6720cfc9db132,1207825,1207253,572,data/processed/project_gutenberg_resolved_v1/nineteenth_century_bridge/part-0001.txt,31904698,33119918,1207253,1215220,ed1c0dbe93e0c0a6ade172f9870ae6866b9fd21979809d5fd17a134cc9ad771a
29409,La guerra del Vespro Siciliano vol. 1: Un periodo delle storie Siciliane del secolo XIII,"Amari, Michele",initial_eligible_pool,Project Gutenberg,https://www.gutenberg.org/ebooks/29409,nineteenth_century_bridge,nineteenth_century_bridge,nineteenth_century_bridge,standard_italian,eligible_standard_core_pending_processed_build,preserve_boilerplate_stripped_primary_text,,eligible_pending_v7_and_mixture_freeze,text_materialized_pending_v7,data/local/gutenberg/fulltext_gate_v1/pg29409.txt,1ad335a53fd93790005c78beffeacab6b06d3e837a8e155a322bdd16f6c28bc2,34b07a6f416076b64263586c15d8d5e429f9f2a176a3b4ee50b241497f8601aa,752167,752167,0,data/processed/project_gutenberg_resolved_v1/nineteenth_century_bridge/part-0001.txt,33119919,33877032,752167,757113,34b07a6f416076b64263586c15d8d5e429f9f2a176a3b4ee50b241497f8601aa
29845,"I rossi e i neri, vol. 1","Barrili, Anton Giulio",pass_1b_eligible_pool,Project Gutenberg,https://www.gutenberg.org/ebooks/29845,nineteenth_century_bridge,nineteenth_century_bridge,nineteenth_century_bridge,standard_italian,eligible_standard_core_pending_processed_build,preserve_boilerplate_stripped_primary_text,,eligible_pending_v7_and_mixture_freeze,text_materialized_pending_v7,data/local/gutenberg/metadata_review_v1/pg29845.txt,b161c75357dcb261abb052e869926afefb089e2c7fe91bd448dbd56555153af5,31e136196c72bc8cec4bc12028af8a088f471c3e87cf6ac72faad8f38649c8a3,837680,837495,185,data/processed/project_gutenberg_resolved_v1/nineteenth_century_bridge/part-0001.txt,33877033,34720471,837495,843438,dca80b521919154ff2096ecf60e5ab602a55071156919e3fd58e231b4158ff7e
29846,"I rossi e i neri, vol. 2","Barrili, Anton Giulio",pass_1b_eligible_pool,Project Gutenberg,https://www.gutenberg.org/ebooks/29846,nineteenth_century_bridge,nineteenth_century_bridge,nineteenth_century_bridge,standard_italian,eligible_standard_core_pending_processed_build,preserve_boilerplate_stripped_primary_text,,eligible_pending_v7_and_mixture_freeze,text_materialized_pending_v7,data/local/gutenberg/metadata_review_v1/pg29846.txt,26b2331cba1e981bb764df1d52bdb24eaf068855976612c7076425dcff5907c5,66f8c3f68cd90980f33429227ea282495b3aac6001394991ba3fd178f1edf518,807792,807792,0,data/processed/project_gutenberg_resolved_v1/nineteenth_century_bridge/part-0001.txt,34720472,35534817,807792,814345,66f8c3f68cd90980f33429227ea282495b3aac6001394991ba3fd178f1edf518
29871,La camicia rossa: Episodi - Terza edizione riveduta e corretta,"Mario, Alberto",initial_eligible_pool,Project Gutenberg,https://www.gutenberg.org/ebooks/29871,nineteenth_century_bridge,nineteenth_century_bridge,nineteenth_century_bridge,standard_italian,eligible_standard_core_pending_processed_build,preserve_boilerplate_stripped_primary_text,,eligible_pending_v7_and_mixture_freeze,text_materialized_pending_v7,data/local/gutenberg/fulltext_gate_v1/pg29871.txt,307f0769b0ac301f643df904f35dbcc68af0ff141f3c3f926f73fd8c7ccea563,c30973b6ba489e91428fb4aab0ffa8a27f36eb08bed17f024ac7a861a7f69b14,372833,372833,0,data/processed/project_gutenberg_resolved_v1/nineteenth_century_bridge/part-0001.txt,35534818,35909777,372833,374959,c30973b6ba489e91428fb4aab0ffa8a27f36eb08bed17f024ac7a861a7f69b14
29872,La fantesca,"Porta, Giambattista della",initial_eligible_pool,Project Gutenberg,https://www.gutenberg.org/ebooks/29872,origins_through_1800,historical_general,historical_general,standard_italian,eligible_standard_core_pending_processed_build,preserve_boilerplate_stripped_primary_text,,eligible_pending_v7_and_mixture_freeze,text_materialized_pending_v7,data/local/gutenberg/fulltext_gate_v1/pg29872.txt,18c9487ea77cfbced2b6b6c456c8fe74812d3f2cbc0ea60890d301a60524b7a4,e498ec36b4e35d12e8ba9384b44d79bc181eb7e852e05bbb37aacd74626fea6f,187794,187794,0,data/processed/project_gutenberg_resolved_v1/historical_general/part-0001.txt,2652299,2841953,187794,189654,e498ec36b4e35d12e8ba9384b44d79bc181eb7e852e05bbb37aacd74626fea6f
29873,Mattinate napoletane,"Di Giacomo, Salvatore",conditioned_metadata_pool,Project Gutenberg,https://www.gutenberg.org/ebooks/29873,nineteenth_century_bridge,conditioned_mixed_language_prose,conditioned_mixed_language_prose,conditioned_separate,conditioned_candidate_not_activated,no_standard_core_extraction,,inactive_conditioned_experiment_not_authorized,conditioned_text_materialized_inactive,data/local/gutenberg/metadata_review_v1/pg29873.txt,42980d99697a6f69290783df22d0c265d91c6c64c13c0ee1cd3bd736080af961,f8802cf0dba2617d27aa654b4633d3d6874bb98b5235cb0e96c01be75082c6fb,140010,140010,0,data/processed/project_gutenberg_resolved_v1/conditioned_source_variants/part-0001.txt,56459,197298,140010,140839,f8802cf0dba2617d27aa654b4633d3d6874bb98b5235cb0e96c01be75082c6fb
29955,"Passeggiate per l'Italia, vol. 1","Gregorovius, Ferdinand",initial_eligible_pool,Project Gutenberg,https://www.gutenberg.org/ebooks/29955,nineteenth_century_bridge,nineteenth_century_bridge,nineteenth_century_bridge,standard_italian,eligible_standard_core_pending_processed_build,preserve_boilerplate_stripped_primary_text,,eligible_pending_v7_and_mixture_freeze,text_materialized_pending_v7,data/local/gutenberg/fulltext_gate_v1/pg29955.txt,d366402efd63c1ceaa360644d9ac6731f5fd586ffd31212b9839d5a2aace13be,05a11515d29ff191d8d3c8958c0f937d698028c897a517329eb036124b712a45,439098,438536,562,data/processed/project_gutenberg_resolved_v1/nineteenth_century_bridge/part-0001.txt,35909778,36351237,438536,441459,ac19dbc7f608f41b407482995d471920caa41e2494bc3dd2d79736871edc4cff
29977,Le Laude: secondo la stampa fiorentina del 1490,"Jacopone, da Todi",initial_eligible_pool,Project Gutenberg,https://www.gutenberg.org/ebooks/29977,origins_through_1800,historical_non_sonnet_poetry,historical_non_sonnet_poetry,standard_italian,eligible_standard_core_pending_processed_build,preserve_boilerplate_stripped_primary_text,,eligible_pending_v7_and_mixture_freeze,text_materialized_pending_v7,data/local/gutenberg/fulltext_gate_v1/pg29977.txt,28e59b694e83356c538d56f1fa9c616270dcd731423a37dd2d653cfd92ceafce,47541d8d95bce6c828845771f67de3001b1bc43f5f4640e1bb7666e4278a7ed6,478048,477156,892,data/processed/project_gutenberg_resolved_v1/historical_non_sonnet_poetry/part-0001.txt,5328900,5810791,477156,481891,a672d86c40743af354fa27d0461e94d173ec65ae0bf20a73ccabf98cff1751f4
30030,I coniugi Varedo,"Castelnuovo, Enrico",pass_1b_eligible_pool,Project Gutenberg,https://www.gutenberg.org/ebooks/30030,nineteenth_century_bridge,nineteenth_century_bridge,nineteenth_century_bridge,standard_italian,eligible_standard_core_pending_processed_build,preserve_boilerplate_stripped_primary_text,,eligible_pending_v7_and_mixture_freeze,text_materialized_pending_v7,data/local/gutenberg/metadata_review_v1/pg30030.txt,de474791c4b0a9067ef894518599d78a87ce6b522aa1b39433078c09ef89f6ac,9774d53188b8c8e1e0b25fae41ded1390528ded10c9c6d61429860b470cb4b51,444730,444730,0,data/processed/project_gutenberg_resolved_v1/nineteenth_century_bridge/part-0001.txt,36351238,36799810,444730,448572,9774d53188b8c8e1e0b25fae41ded1390528ded10c9c6d61429860b470cb4b51
30738,"Opera nova amorosa, vol. 1: Strambotti, sonetti, capitoli, epistole et una disperata","Notturno, Napolitano",pass_1b_eligible_pool,Project Gutenberg,https://www.gutenberg.org/ebooks/30738,origins_through_1800,sonnet_specialization,historical_non_sonnet_poetry,standard_italian,eligible_standard_core_pending_processed_build,preserve_boilerplate_stripped_primary_text,,eligible_pending_v7_and_mixture_freeze,text_materialized_pending_v7,data/local/gutenberg/metadata_review_v1/pg30738.txt,23073970a2c00867326983ca5e82676667e2bf2680731b8649f7453bcae9d140,f47b27648b66fd615dfe5ee19fbdbbff70eb5167a03be2c99d4920bc63e1f857,29105,26062,3043,data/processed/project_gutenberg_resolved_v1/historical_non_sonnet_poetry/part-0001.txt,5810792,5837015,26066,26223,b608c034dba52628d47c8b0be21a794e7a2ce28034df7552c5d50ecd84ab31a4
30839,"La strega, ovvero, degli inganni de' demoni: dialogo","Pico della Mirandola, Giovanni Francesco",initial_eligible_pool,Project Gutenberg,https://www.gutenberg.org/ebooks/30839,origins_through_1800,historical_general,historical_general,standard_italian,eligible_standard_core_pending_processed_build,preserve_boilerplate_stripped_primary_text,,eligible_pending_v7_and_mixture_freeze,text_materialized_pending_v7,data/local/gutenberg/fulltext_gate_v1/pg30839.txt,f7fd154029adc1872f4038a0a1a1551a073e3c3e0ef93d3c0aa13330f034cb58,c3bbad81df26e55a551a6d95dea60bff0ba31a8397b9f35bc02bef4c1c2a1507,183707,183078,629,data/processed/project_gutenberg_resolved_v1/historical_general/part-0001.txt,2841954,3026371,183078,184417,30ef0f72aa47b595cf0bdfcffc4af4e7554f774789a7925a99590d3defcb94cb
30878,"Il re dei re, vol. 1: Convoglio diretto nell'XI secolo","Petruccelli della Gattina, Ferdinando",initial_eligible_pool,Project Gutenberg,https://www.gutenberg.org/ebooks/30878,nineteenth_century_bridge,nineteenth_century_bridge,nineteenth_century_bridge,standard_italian,eligible_standard_core_pending_processed_build,preserve_boilerplate_stripped_primary_text,,eligible_pending_v7_and_mixture_freeze,text_materialized_pending_v7,data/local/gutenberg/fulltext_gate_v1/pg30878.txt,78273a5afbaddb32963d335e8a519ef239ed860a6a7a6d43403a6134ea53267f,90e86f89591f03fd2340b9c83828df07418868eab67d84f9f2026a360123fd8f,250026,250026,0,data/processed/project_gutenberg_resolved_v1/nineteenth_century_bridge/part-0001.txt,36799811,37051521,250026,251710,90e86f89591f03fd2340b9c83828df07418868eab67d84f9f2026a360123fd8f
30996,"Il re dei re, vol. 2: Convoglio diretto nell'XI secolo","Petruccelli della Gattina, Ferdinando",initial_eligible_pool,Project Gutenberg,https://www.gutenberg.org/ebooks/30996,nineteenth_century_bridge,nineteenth_century_bridge,nineteenth_century_bridge,standard_italian,eligible_standard_core_pending_processed_build,preserve_boilerplate_stripped_primary_text,,eligible_pending_v7_and_mixture_freeze,text_materialized_pending_v7,data/local/gutenberg/fulltext_gate_v1/pg30996.txt,e9bb293617a4467c6ed290ec167635283d4c0639183f4ea6418afd98f23866e3,4284623352f5b00331a57b86ae7cc9bfda9a7eaab8125eb2877a24b968f5ceaa,238996,238996,0,data/processed/project_gutenberg_resolved_v1/nineteenth_century_bridge/part-0001.txt,37051522,37292023,238996,240501,4284623352f5b00331a57b86ae7cc9bfda9a7eaab8125eb2877a24b968f5ceaa
31000,Dal molino di Cerbaia a Cala Martina: Notizie inedite sulla vita di Giuseppe Garibaldi,"Guelfi, Guelfo",pass_1b_eligible_pool,Project Gutenberg,https://www.gutenberg.org/ebooks/31000,nineteenth_century_bridge,nineteenth_century_bridge,nineteenth_century_bridge,standard_italian,eligible_standard_core_pending_processed_build,preserve_boilerplate_stripped_primary_text,,eligible_pending_v7_and_mixture_freeze,text_materialized_pending_v7,data/local/gutenberg/metadata_review_v1/pg31000.txt,ec330189158d318b17526eeb81cbab133e33646ecf8ceb277e6f518e2707fe35,f7fed96c0271248def58d773f1aa1168040ec3d6dea472b2dfd108470ddde986,169545,168712,833,data/processed/project_gutenberg_resolved_v1/nineteenth_century_bridge/part-0001.txt,37292024,37462015,168712,169991,4f8313c02a7ccafa8d41c3e505f671a5b00cb93d9c99caf6ddbac3980705c717
31002,I Mille,"Garibaldi, Giuseppe",initial_eligible_pool,Project Gutenberg,https://www.gutenberg.org/ebooks/31002,nineteenth_century_bridge,nineteenth_century_bridge,nineteenth_century_bridge,standard_italian,eligible_standard_core_pending_processed_build,preserve_boilerplate_stripped_primary_text,,eligible_pending_v7_and_mixture_freeze,text_materialized_pending_v7,data/local/gutenberg/fulltext_gate_v1/pg31002.txt,7dd8a73a543a4366ab1286c9fb6b54c991b158a35a870e199ebd4de074822f58,9ccfeff05fb7836e9c0eb3851d12a911668dcbb96cad79a3c2d42be8e38ec3b5,593273,592477,796,data/processed/project_gutenberg_resolved_v1/nineteenth_century_bridge/part-0001.txt,37462016,38057959,592477,595943,f78ff487fd62ff6dc9ef0f64e23c64ac340a509f91fc16278e91667f610600ea
31079,Agide,"Alfieri, Vittorio",initial_eligible_pool,Project Gutenberg,https://www.gutenberg.org/ebooks/31079,nineteenth_century_bridge,historical_non_sonnet_poetry,historical_non_sonnet_poetry,standard_italian,exclude_canonical_cross_corpus_duplicate,exclude_complete_source,bibit:bibit000014,excluded_canonical_duplicate,not_materialized_canonical_duplicate,data/local/gutenberg/fulltext_gate_v1/pg31079.txt,130b11e9a7aab1ba1d72bc01ecc3f702f2d3fbeac56fe7bf86b1e897ee6ddb5c,2349429faa9e0edbab15c27c848cbd72ef49d2f475585512e5dd1629476260ce,83993,0,83993,,,,0,0,e3b0c44298fc1c149afbf4c8996fb92427ae41e4649b934ca495991b7852b855
31080,Sofonisba,"Alfieri, Vittorio",initial_eligible_pool,Project Gutenberg,https://www.gutenberg.org/ebooks/31080,nineteenth_century_bridge,historical_non_sonnet_poetry,historical_non_sonnet_poetry,standard_italian,exclude_canonical_cross_corpus_duplicate,exclude_complete_source,bibit:bibit000681,excluded_canonical_duplicate,not_materialized_canonical_duplicate,data/local/gutenberg/fulltext_gate_v1/pg31080.txt,cc8e321262e9d26f0e481fab9383db6dd67934c24d14379193baa91b23e97e24,8a7243fafc9a51ee7efb6a3beecf6f56473001d55d90fa7a6ad72c32b01a0dfd,62622,0,62622,,,,0,0,e3b0c44298fc1c149afbf4c8996fb92427ae41e4649b934ca495991b7852b855
31285,"Opera nova amorosa, vol. 2: Traggedia","Notturno, Napolitano",pass_1b_eligible_pool,Project Gutenberg,https://www.gutenberg.org/ebooks/31285,origins_through_1800,historical_non_sonnet_poetry,historical_non_sonnet_poetry,standard_italian,eligible_standard_core_pending_processed_build,preserve_boilerplate_stripped_primary_text,,eligible_pending_v7_and_mixture_freeze,text_materialized_pending_v7,data/local/gutenberg/metadata_review_v1/pg31285.txt,7fc3fbd7e8134c222fdad1775eacbe8d51be51673d0dca275d0fd23ab6924240,1b74566006c0c9402b4011e63f5116b97d028ccb6323ace0405707c545d585b1,47405,46866,539,data/processed/project_gutenberg_resolved_v1/historical_non_sonnet_poetry/part-0001.txt,5837016,5884147,46866,47131,7a3f017b5b50e14a1256da0179810d5b76af57bf2570dfbf85f4587a03e2e4a0
31818,"Opera nova amorosa, vol. 3: Comedia nova","Notturno, Napolitano",pass_1b_eligible_pool,Project Gutenberg,https://www.gutenberg.org/ebooks/31818,origins_through_1800,historical_non_sonnet_poetry,historical_non_sonnet_poetry,standard_italian,eligible_standard_core_pending_processed_build,preserve_boilerplate_stripped_primary_text,,eligible_pending_v7_and_mixture_freeze,text_materialized_pending_v7,data/local/gutenberg/metadata_review_v1/pg31818.txt,8e09481502664ad5ccbc0dd16d2b7cdd085905443e3576ab41fbe0f8ccf398ea,df315b49423a823a1a7c41dc59a8dd898edf3274f0dbaedcef86c7333218fe48,113288,110266,3022,data/processed/project_gutenberg_resolved_v1/historical_non_sonnet_poetry/part-0001.txt,5884148,5995110,110270,110962,186050af060a2adf972fc7d9f5a53e20d0899e984dfac98ad0a721b57b36009d
32441,Il colore del tempo,"De Roberto, Federico",pass_1b_eligible_pool,Project Gutenberg,https://www.gutenberg.org/ebooks/32441,nineteenth_century_bridge,nineteenth_century_bridge,nineteenth_century_bridge,standard_italian,eligible_standard_core_pending_processed_build,preserve_boilerplate_stripped_primary_text,,eligible_pending_v7_and_mixture_freeze,text_materialized_pending_v7,data/local/gutenberg/metadata_review_v1/pg32441.txt,6d43b5c95aa4621669728a148aecd2d4b6981768e21485f077c7a7c19b8891b1,2f97fc9e85c88f8bd23fb2fb92d2096943379faee4323fa4ad5432266695a457,293324,293324,0,data/processed/project_gutenberg_resolved_v1/nineteenth_century_bridge/part-0001.txt,38057960,38355117,293324,297157,2f97fc9e85c88f8bd23fb2fb92d2096943379faee4323fa4ad5432266695a457
32599,Il dolore nell'arte: discorso,"Fogazzaro, Antonio",pass_1b_eligible_pool,Project Gutenberg,https://www.gutenberg.org/ebooks/32599,nineteenth_century_bridge,nineteenth_century_bridge,nineteenth_century_bridge,standard_italian,eligible_standard_core_pending_processed_build,preserve_boilerplate_stripped_primary_text,,eligible_pending_v7_and_mixture_freeze,text_materialized_pending_v7,data/local/gutenberg/metadata_review_v1/pg32599.txt,1df8ff5c13896b604407c39258aaf278366cff90ad2f8361943e1cc949484e1e,3e57d9d90a4044e59a995e8c81d062ab31f7ba00d408b59117c76b9203ab1dc7,37717,37717,0,data/processed/project_gutenberg_resolved_v1/nineteenth_century_bridge/part-0001.txt,38355118,38393106,37717,37988,3e57d9d90a4044e59a995e8c81d062ab31f7ba00d408b59117c76b9203ab1dc7
33781,"I misteri del castello d'Udolfo, vol. 1","Radcliffe, Ann Ward",initial_eligible_pool,Project Gutenberg,https://www.gutenberg.org/ebooks/33781,nineteenth_century_bridge,nineteenth_century_bridge,nineteenth_century_bridge,standard_italian,eligible_standard_core_pending_processed_build,preserve_boilerplate_stripped_primary_text,,eligible_pending_v7_and_mixture_freeze,text_materialized_pending_v7,data/local/gutenberg/fulltext_gate_v1/pg33781.txt,534dd2b8cacb73dfac973da99ed49ed2d870bbb903db573d92f4c9b56671f4a4,0d2c105b95702c59875dc432222cd42abf21e52fe79a9b815af77c5737444f75,261839,259027,2812,data/processed/project_gutenberg_resolved_v1/nineteenth_century_bridge/part-0001.txt,38393107,38654975,259027,261868,5b843680efb3827a069aff2cdbd5e18ed22b7940a6857e3a83e340118f4d2593
33782,"I misteri del castello d'Udolfo, vol. 2","Radcliffe, Ann Ward",initial_eligible_pool,Project Gutenberg,https://www.gutenberg.org/ebooks/33782,nineteenth_century_bridge,nineteenth_century_bridge,nineteenth_century_bridge,standard_italian,eligible_standard_core_pending_processed_build,preserve_boilerplate_stripped_primary_text,,eligible_pending_v7_and_mixture_freeze,text_materialized_pending_v7,data/local/gutenberg/fulltext_gate_v1/pg33782.txt,e0e4f4972d4c7af1cf296348b240fa93c7c7a020e0a28295f720b13baf00d841,9663f063706775e11798b169fb1dc265571791b7eba7947917b5da15fe5d7d66,254678,253032,1646,data/processed/project_gutenberg_resolved_v1/nineteenth_century_bridge/part-0001.txt,38654976,38910784,253032,255808,3f72ab11f33e8781b75d5df4005277e2211a405aa15ad21f95287bd65f852cb0
33783,"I misteri del castello d'Udolfo, vol. 3","Radcliffe, Ann Ward",initial_eligible_pool,Project Gutenberg,https://www.gutenberg.org/ebooks/33783,nineteenth_century_bridge,nineteenth_century_bridge,nineteenth_century_bridge,standard_italian,eligible_standard_core_pending_processed_build,preserve_boilerplate_stripped_primary_text,,eligible_pending_v7_and_mixture_freeze,text_materialized_pending_v7,data/local/gutenberg/fulltext_gate_v1/pg33783.txt,ca00ee2848a9ff8bc7ca9841d74bc13cb69bd7f2381fd4a103ca28eab3f9eb85,d69065a36a91fe9086082a1c2a5cd468f707295e2d9e821503bb73112931d0f7,256433,255288,1145,data/processed/project_gutenberg_resolved_v1/nineteenth_century_bridge/part-0001.txt,38910785,39168992,255288,258207,b0478988aa3a53e96092670e98a84765686fad8d957ef1b03c71acbcbcb90699
33784,"I misteri del castello d'Udolfo, vol. 4","Radcliffe, Ann Ward",initial_eligible_pool,Project Gutenberg,https://www.gutenberg.org/ebooks/33784,nineteenth_century_bridge,nineteenth_century_bridge,nineteenth_century_bridge,standard_italian,eligible_standard_core_pending_processed_build,preserve_boilerplate_stripped_primary_text,,eligible_pending_v7_and_mixture_freeze,text_materialized_pending_v7,data/local/gutenberg/fulltext_gate_v1/pg33784.txt,ce450bed7926dd7dc2631f8d06baae6a7b297f13159838e3f8bb61e4284f6ae7,6e7e2eb473a66eea16338b3447eaddbe5f15fb0a620cec83309a8bfbf6eaf0bb,262488,261149,1339,data/processed/project_gutenberg_resolved_v1/nineteenth_century_bridge/part-0001.txt,39168993,39433238,261149,264245,2aef3dc87ff8ce5dbb14161686f0ae2266fa6396e5e3d2500aa86844b3958545
33982,Le maccheronee: Zanitonella - Baldus - Moscheide - Epigrammata,"Folengo, Teofilo",initial_eligible_pool,Project Gutenberg,https://www.gutenberg.org/ebooks/33982,origins_through_1800,historical_non_sonnet_poetry,historical_non_sonnet_poetry,conditioned_separate,conditioned_candidate_not_activated,no_standard_core_extraction,,inactive_conditioned_experiment_not_authorized,conditioned_text_materialized_inactive,data/local/gutenberg/fulltext_gate_v1/pg33982.txt,1747895b65d9fc10c2d466a85e7b228759fe5ec69543bc6cc3dd56ddd812b46e,0b358d75f459f51520458f28a6359d9b7e3732102ac561085dc4a9938973069b,1299105,1299105,0,data/processed/project_gutenberg_resolved_v1/conditioned_source_variants/part-0001.txt,197299,1498643,1299105,1301344,0b358d75f459f51520458f28a6359d9b7e3732102ac561085dc4a9938973069b
34517,"Messere Arlotto Mainardi, Pievano di S. Cresci a Maciuoli","Guerrazzi, Francesco Domenico",initial_eligible_pool,Project Gutenberg,https://www.gutenberg.org/ebooks/34517,nineteenth_century_bridge,nineteenth_century_bridge,nineteenth_century_bridge,standard_italian,eligible_standard_core_pending_processed_build,preserve_boilerplate_stripped_primary_text,,eligible_pending_v7_and_mixture_freeze,text_materialized_pending_v7,data/local/gutenberg/fulltext_gate_v1/pg34517.txt,4bb35c53c3c04b43bf0fcde8cf1c1cc0bec7c49fcc1f846a9c96563396a298e1,610c6c202911004e647d22b84f9db64bd95ca6a340871f4bcbd0396e7da98fee,140509,139465,1044,data/processed/project_gutenberg_resolved_v1/nineteenth_century_bridge/part-0001.txt,39433239,39573874,139465,140635,ecdd50d175437477600cfc76ad4ade30c3d905472b3c200e4cfdc2f279b80fe2
34519,Mastr'Impicca,"Imbriani, Vittorio",initial_eligible_pool,Project Gutenberg,https://www.gutenberg.org/ebooks/34519,nineteenth_century_bridge,nineteenth_century_bridge,nineteenth_century_bridge,standard_italian,eligible_standard_core_pending_processed_build,preserve_boilerplate_stripped_primary_text,,eligible_pending_v7_and_mixture_freeze,text_materialized_pending_v7,data/local/gutenberg/fulltext_gate_v1/pg34519.txt,b2b5e67ee1bec87d3c43d7718aaa064c41e58999253966278e5027679de04cf2,fda5e04809f98a37f03485ebbcd23b884585187e7673872384c0cf7c9aec7bc3,158704,157304,1400,data/processed/project_gutenberg_resolved_v1/nineteenth_century_bridge/part-0001.txt,39573875,39732489,157304,158614,143cd0e1d69976041e23e2424fef3b9ea6f85225b16e0d794e4dac2d187aef24
34639,I tre tiranni: Commedie del Cinquecento,"Ricchi, Agostino",initial_eligible_pool,Project Gutenberg,https://www.gutenberg.org/ebooks/34639,origins_through_1800,historical_non_sonnet_poetry,historical_non_sonnet_poetry,standard_italian,eligible_standard_core_pending_processed_build,preserve_boilerplate_stripped_primary_text,,eligible_pending_v7_and_mixture_freeze,text_materialized_pending_v7,data/local/gutenberg/fulltext_gate_v1/pg34639.txt,2ae3cdfb74f4a6582645a9e885e02f8f294e415fa6ccccfc077da1429f4fcf19,bc5a8ee2328b83b1b4d421c4bfb672d623f5eaeec45739ce99da2cdee3429f4d,204267,204267,0,data/processed/project_gutenberg_resolved_v1/historical_non_sonnet_poetry/part-0001.txt,5995111,6201737,204267,206626,bc5a8ee2328b83b1b4d421c4bfb672d623f5eaeec45739ce99da2cdee3429f4d
34642,La Calandria: Commedie del Cinquecento,"Dovizi, Bernardo,‏ da Bibbiena",initial_eligible_pool,Project Gutenberg,https://www.gutenberg.org/ebooks/34642,origins_through_1800,historical_general,historical_general,standard_italian,eligible_standard_core_pending_processed_build,preserve_boilerplate_stripped_primary_text,,eligible_pending_v7_and_mixture_freeze,text_materialized_pending_v7,data/local/gutenberg/fulltext_gate_v1/pg34642.txt,6310fbbd5835d6dbf070ae6cee106bed2f21b3bbf2ea0802f0e726f6bd4d84cb,19e283ff8bbf50fbd753c5903af7724b615e15f6e44738c6055bfcd932fb4efe,132557,132557,0,data/processed/project_gutenberg_resolved_v1/historical_general/part-0001.txt,3026372,3160665,132557,134293,19e283ff8bbf50fbd753c5903af7724b615e15f6e44738c6055bfcd932fb4efe
34734,Sonetti,"Pascarella, Cesare",conditioned_metadata_pool,Project Gutenberg,https://www.gutenberg.org/ebooks/34734,language_conditioned_period_unresolved,conditioned_romanesco_sonnet,conditioned_romanesco_sonnet,conditioned_separate,conditioned_candidate_not_activated,no_standard_core_extraction,,inactive_conditioned_experiment_not_authorized,conditioned_text_materialized_inactive,data/local/gutenberg/metadata_review_v1/pg34734.txt,352c6dc03a047942696defc187f3410e7cca4a2b770279212c151b2f77983cba,0acecd4c24cc81b0704647a706b7e2094c8bbd738350b0f1a9f7aa768447a734,83548,83548,0,data/processed/project_gutenberg_resolved_v1/conditioned_source_variants/part-0001.txt,1498644,1583143,83548,84499,0acecd4c24cc81b0704647a706b7e2094c8bbd738350b0f1a9f7aa768447a734
34969,Il segreto dei fatti palesi seguiti nel 1859,"Tommaseo, Niccolò",initial_eligible_pool,Project Gutenberg,https://www.gutenberg.org/ebooks/34969,nineteenth_century_bridge,nineteenth_century_bridge,nineteenth_century_bridge,standard_italian,eligible_standard_core_pending_processed_build,preserve_boilerplate_stripped_primary_text,,eligible_pending_v7_and_mixture_freeze,text_materialized_pending_v7,data/local/gutenberg/fulltext_gate_v1/pg34969.txt,3f03e91f81893d023ffc2157fbf288266aaf1391dbade8f06616459544d24604,198ca97c492e9914db93bc01ccc2e7d66023c0bdc17526f2795bf03f6fa3630a,202414,202414,0,data/processed/project_gutenberg_resolved_v1/nineteenth_century_bridge/part-0001.txt,39732490,39936711,202414,204221,198ca97c492e9914db93bc01ccc2e7d66023c0bdc17526f2795bf03f6fa3630a
35321,Selvaggia de' Vergiolesi,"Tigri, Giuseppe",initial_eligible_pool,Project Gutenberg,https://www.gutenberg.org/ebooks/35321,nineteenth_century_bridge,nineteenth_century_bridge,nineteenth_century_bridge,standard_italian,eligible_standard_core_pending_processed_build,remove_protected_v6_sonnet_preserve_source_text,,eligible_pending_v7_and_mixture_freeze,text_materialized_pending_v7,data/local/gutenberg/fulltext_gate_v1/pg35321.txt,f15cf82e42b1b346f3e7bafa62bc48a9095ab8355bfa813959e1b12d2f119f7e,828f7ca5eaecf3241f643dfd87062d3780762cb3e68bb28be949ebafc88600ef,602893,602143,750,data/processed/project_gutenberg_resolved_v1/nineteenth_century_bridge/part-0001.txt,39936712,40538856,602144,602144,23fdb7e5d34304b13d983276712ce3b96b6d2dc13d5d5facf7432c6cc5308a6d
35660,Terra vergine: romanzo colombiano,"Barrili, Anton Giulio",pass_1b_eligible_pool,Project Gutenberg,https://www.gutenberg.org/ebooks/35660,nineteenth_century_bridge,nineteenth_century_bridge,nineteenth_century_bridge,standard_italian,eligible_standard_core_pending_processed_build,preserve_boilerplate_stripped_primary_text,,eligible_pending_v7_and_mixture_freeze,text_materialized_pending_v7,data/local/gutenberg/metadata_review_v1/pg35660.txt,e454365f85ecd6e984fd75b606ed5be33f180f9899ca5c0f7d435a00846202f2,9528367e93f90bf4232f48eee4ebccc002e3cbdb855d6ef40fabcadb816cecc3,607094,606817,277,data/processed/project_gutenberg_resolved_v1/nineteenth_century_bridge/part-0001.txt,40538857,41150079,606817,611222,ed87b580c5a264c5cca9915983a3ac89bc9709b067369e0de4c239b79f52cbaf
35799,Caos del Triperuno: Opere Italiane Vol. 1,"Folengo, Teofilo",initial_eligible_pool,Project Gutenberg,https://www.gutenberg.org/ebooks/35799,origins_through_1800,historical_non_sonnet_poetry,historical_non_sonnet_poetry,standard_italian,eligible_standard_core_pending_processed_build,preserve_boilerplate_stripped_primary_text,,eligible_pending_v7_and_mixture_freeze,text_materialized_pending_v7,data/local/gutenberg/fulltext_gate_v1/pg35799.txt,2b8bb9d2d99029440d5a74568ed366ba78ac71c7a02a92c007ee5079bc576a9a,bd90b9c15a3d484beab12886974057214da12eb18741e33ca3d048add6d629a9,313361,296167,17194,data/processed/project_gutenberg_resolved_v1/historical_non_sonnet_poetry/part-0001.txt,6201738,6500340,296195,298602,8b1a78573c8332b1df970ca2ef0d901a3a48d4902b3c13c65433284b96621e5b
36212,La rivoluzione di Milano dell'Aprile 1814,"Armaroli, Leopoldo;Verri, Carlo, conte",initial_eligible_pool,Project Gutenberg,https://www.gutenberg.org/ebooks/36212,nineteenth_century_bridge,nineteenth_century_bridge,nineteenth_century_bridge,standard_italian,eligible_standard_core_pending_processed_build,preserve_boilerplate_stripped_primary_text,,eligible_pending_v7_and_mixture_freeze,text_materialized_pending_v7,data/local/gutenberg/fulltext_gate_v1/pg36212.txt,b0f5183f007e6de3e6f1edd0df0e11e0dcd0c497b4cff1658277c78d08d1f444,32729e5d709a25d86df6e25653d3b1ee86ce5bf6f74f7b6cf6f46687a7844cb6,295897,294970,927,data/processed/project_gutenberg_resolved_v1/nineteenth_century_bridge/part-0001.txt,41150080,41446952,294970,296872,35fc0da499e8f400419330b285698d90337c5f1c6fd57ef99d83d33bff59538d
36239,Fatalità,"Negri, Ada",pass_1b_eligible_pool,Project Gutenberg,https://www.gutenberg.org/ebooks/36239,nineteenth_century_bridge,historical_non_sonnet_poetry,historical_non_sonnet_poetry,standard_italian,eligible_standard_core_pending_processed_build,preserve_boilerplate_stripped_primary_text,,eligible_pending_v7_and_mixture_freeze,text_materialized_pending_v7,data/local/gutenberg/metadata_review_v1/pg36239.txt,0718d28aa520aee881d5c10b7830cb877e944d533faf6b3a246d556828f586b8,633add9154a3a8099dad67edcb19267e0b3fc8b07d42f7e7e61108b5b1fe4f6e,98456,97280,1176,data/processed/project_gutenberg_resolved_v1/historical_non_sonnet_poetry/part-0001.txt,6500341,6598226,97282,97885,5b5ac683caadbd15e29cb7cdad397cffeb2e93d46cf1f6434876e66d53b35317
37099,"Passeggiate per l'Italia, vol. 2","Gregorovius, Ferdinand",initial_eligible_pool,Project Gutenberg,https://www.gutenberg.org/ebooks/37099,nineteenth_century_bridge,nineteenth_century_bridge,nineteenth_century_bridge,standard_italian,eligible_standard_core_pending_processed_build,preserve_boilerplate_stripped_primary_text,,eligible_pending_v7_and_mixture_freeze,text_materialized_pending_v7,data/local/gutenberg/fulltext_gate_v1/pg37099.txt,cc3179d45f636e838667bd6df730f3cd3050dddefee69fbfc8c87b149a6ce664,2237357eb6eceebafffae7fe659ba026d413d2a6e9d702146fe921d9280377d9,550120,548903,1217,data/processed/project_gutenberg_resolved_v1/nineteenth_century_bridge/part-0001.txt,41446953,41999655,548903,552702,e6777d402e0ba61905783cec9dc41d9922e2ff20b657397e0040d8bf97f4953c
37719,"La vita in Palermo cento e più anni fa, Volume 1","Pitrè, Giuseppe",pass_1b_eligible_pool,Project Gutenberg,https://www.gutenberg.org/ebooks/37719,nineteenth_century_bridge,nineteenth_century_bridge,nineteenth_century_bridge,standard_italian,eligible_standard_core_pending_processed_build,preserve_boilerplate_stripped_primary_text,,eligible_pending_v7_and_mixture_freeze,text_materialized_pending_v7,data/local/gutenberg/metadata_review_v1/pg37719.txt,9fa0d4b32f76ea21ea87e97c23fa797ee0a915eff2596f89fa0e7f920073d141,532e9f40c073d6b75d31df2db77832998cdc741dc95841312919ea26b954a8cb,605387,603821,1566,data/processed/project_gutenberg_resolved_v1/nineteenth_century_bridge/part-0001.txt,41999656,42607574,603822,607918,5d95e3d4bdbc7b7afd7d8fcab191e716da04bd8c8413d00f74539bdc690882aa
37720,"La vita in Palermo cento e più anni fa, Volume 2","Pitrè, Giuseppe",pass_1b_eligible_pool,Project Gutenberg,https://www.gutenberg.org/ebooks/37720,nineteenth_century_bridge,nineteenth_century_bridge,nineteenth_century_bridge,standard_italian,eligible_standard_core_pending_processed_build,preserve_boilerplate_stripped_primary_text,,eligible_pending_v7_and_mixture_freeze,text_materialized_pending_v7,data/local/gutenberg/metadata_review_v1/pg37720.txt,3664c00d275a918a930f4c00141f1b0f1a56f5811e51f702aa7d5adcf7bec521,4328b527ddc3912894ae1ce54a1d3383550bbcc65810043ccd1b52da75e0de89,664030,662975,1055,data/processed/project_gutenberg_resolved_v1/nineteenth_century_bridge/part-0001.txt,42607575,43274883,662975,667308,7d701cfa9609487ff593415a5c0fdfd8db862e8c3f3d8a796d58f5f335531c3c
37776,Sodoma e Gomorra: Cronistoria del Libertinaggio attraverso i secoli ed il mondo,Docteur Jaf,pass_1b_eligible_pool,Project Gutenberg,https://www.gutenberg.org/ebooks/37776,nineteenth_century_bridge,nineteenth_century_bridge,nineteenth_century_bridge,standard_italian,eligible_standard_core_pending_processed_build,preserve_boilerplate_stripped_primary_text,,eligible_pending_v7_and_mixture_freeze,text_materialized_pending_v7,data/local/gutenberg/metadata_review_v1/pg37776.txt,ae4284427b2a08248595e704c02069b35edb77cae6d5bd6aa5e29bf3a56fa193,450f790ffacfcf4b1f0affc0570af99e36c6168bec991eea41bb4b6053eca658,243219,243219,0,data/processed/project_gutenberg_resolved_v1/nineteenth_century_bridge/part-0001.txt,43274884,43520018,243219,245134,450f790ffacfcf4b1f0affc0570af99e36c6168bec991eea41bb4b6053eca658
37900,"Passeggiate per l'Italia, vol. 3","Gregorovius, Ferdinand",initial_eligible_pool,Project Gutenberg,https://www.gutenberg.org/ebooks/37900,nineteenth_century_bridge,nineteenth_century_bridge,nineteenth_century_bridge,standard_italian,eligible_standard_core_pending_processed_build,preserve_boilerplate_stripped_primary_text,,eligible_pending_v7_and_mixture_freeze,text_materialized_pending_v7,data/local/gutenberg/fulltext_gate_v1/pg37900.txt,42810ebcfbe7ddcbe14326a258bf63b1c0da15ce4ce9386d81d406068a377aec,0b41d064f7766325aaf0e6f9ae4b44272706e4d421682dbddee1e009d9c40ca3,478345,477111,1234,data/processed/project_gutenberg_resolved_v1/nineteenth_century_bridge/part-0001.txt,43520019,44000473,477111,480454,1850e6f11d74cce412bc9c11f042d2a1f67379f17be5d3f5756ebd547c6c1c47
37931,Un'avventura di viaggio,"Bracco, Roberto",pass_1b_eligible_pool,Project Gutenberg,https://www.gutenberg.org/ebooks/37931,nineteenth_century_bridge,nineteenth_century_bridge,nineteenth_century_bridge,standard_italian,eligible_standard_core_pending_processed_build,preserve_boilerplate_stripped_primary_text,,eligible_pending_v7_and_mixture_freeze,text_materialized_pending_v7,data/local/gutenberg/metadata_review_v1/pg37931.txt,9f74f7ea692c1914c7c055de37b433b6fbb5aa0315a219c17c759f005d20a295,a663465fad05b80fde6d36600d7478d3135c1b54df24d2e61558ae963babf4bf,56723,56723,0,data/processed/project_gutenberg_resolved_v1/nineteenth_century_bridge/part-0001.txt,44000474,44057628,56723,57154,a663465fad05b80fde6d36600d7478d3135c1b54df24d2e61558ae963babf4bf
37932,Le disilluse,"Bracco, Roberto",pass_1b_eligible_pool,Project Gutenberg,https://www.gutenberg.org/ebooks/37932,nineteenth_century_bridge,nineteenth_century_bridge,nineteenth_century_bridge,standard_italian,eligible_standard_core_pending_processed_build,preserve_boilerplate_stripped_primary_text,,eligible_pending_v7_and_mixture_freeze,text_materialized_pending_v7,data/local/gutenberg/metadata_review_v1/pg37932.txt,784863b765017c9681f9bfbf60abc5066edb030d2382670ad9f80261040d8787,a89c0f1bad69df57f1261b8d936a0883cb67d8ba01140367656a43146affebb2,43776,43397,379,data/processed/project_gutenberg_resolved_v1/nineteenth_century_bridge/part-0001.txt,44057629,44101317,43397,43688,b3ad9a26dde19b9fee54367e66af2314ff3d76475ad439faa1b0b1154f93ad5a
37933,Lui lei lui,"Bracco, Roberto",pass_1b_eligible_pool,Project Gutenberg,https://www.gutenberg.org/ebooks/37933,nineteenth_century_bridge,nineteenth_century_bridge,nineteenth_century_bridge,standard_italian,eligible_standard_core_pending_processed_build,preserve_boilerplate_stripped_primary_text,,eligible_pending_v7_and_mixture_freeze,text_materialized_pending_v7,data/local/gutenberg/metadata_review_v1/pg37933.txt,f249cc77826a9f1664733ab092747826cb0b3b4c9f0c7c361b1494c155ea644b,8b1d75edecbbb1eb7909574555f7e842172956e8ab82a5feeb372997641aa941,34925,34925,0,data/processed/project_gutenberg_resolved_v1/nineteenth_century_bridge/part-0001.txt,44101318,44136442,34925,35124,8b1d75edecbbb1eb7909574555f7e842172956e8ab82a5feeb372997641aa941
37934,Non fare ad altri...,"Bracco, Roberto",pass_1b_eligible_pool,Project Gutenberg,https://www.gutenberg.org/ebooks/37934,nineteenth_century_bridge,nineteenth_century_bridge,nineteenth_century_bridge,standard_italian,eligible_standard_core_pending_processed_build,preserve_boilerplate_stripped_primary_text,,eligible_pending_v7_and_mixture_freeze,text_materialized_pending_v7,data/local/gutenberg/metadata_review_v1/pg37934.txt,7489248b66e7c0e70c1330e59849eb012648367ac65fd114ba45d6422e2d3c1a,4206e58c70fd94456ab141791c2f1d970a159331f522b230e9ec56dbdadd76d8,35262,35262,0,data/processed/project_gutenberg_resolved_v1/nineteenth_century_bridge/part-0001.txt,44136443,44171961,35262,35518,4206e58c70fd94456ab141791c2f1d970a159331f522b230e9ec56dbdadd76d8
37935,Una donna,"Bracco, Roberto",pass_1b_eligible_pool,Project Gutenberg,https://www.gutenberg.org/ebooks/37935,nineteenth_century_bridge,nineteenth_century_bridge,nineteenth_century_bridge,standard_italian,eligible_standard_core_pending_processed_build,preserve_boilerplate_stripped_primary_text,,eligible_pending_v7_and_mixture_freeze,text_materialized_pending_v7,data/local/gutenberg/metadata_review_v1/pg37935.txt,9ef10c05bbff0b4318a33b8ef4a1dc643f46bb849aa575834b309386612398d0,7a9b466e4c6875cb16a3da34113d8d5a08a6f195361b48820da61d5ebdd81892,152368,152368,0,data/processed/project_gutenberg_resolved_v1/nineteenth_century_bridge/part-0001.txt,44171962,44325163,152368,153201,7a9b466e4c6875cb16a3da34113d8d5a08a6f195361b48820da61d5ebdd81892
37936,Dopo il veglione o viceversa,"Bracco, Roberto",pass_1b_eligible_pool,Project Gutenberg,https://www.gutenberg.org/ebooks/37936,nineteenth_century_bridge,nineteenth_century_bridge,nineteenth_century_bridge,standard_italian,eligible_standard_core_pending_processed_build,preserve_boilerplate_stripped_primary_text,,eligible_pending_v7_and_mixture_freeze,text_materialized_pending_v7,data/local/gutenberg/metadata_review_v1/pg37936.txt,b171d76238aa084cc13f8d6c8872618601b0ba82f5a7b87a42442c7aed03bba8,8e56d4990b5f61613361fffac6390784b1f34625c7d926fbeeadefc8cab0ca8a,13102,13102,0,data/processed/project_gutenberg_resolved_v1/nineteenth_century_bridge/part-0001.txt,44325164,44338364,13102,13200,8e56d4990b5f61613361fffac6390784b1f34625c7d926fbeeadefc8cab0ca8a
38012,Ottavia,"Alfieri, Vittorio",initial_eligible_pool,Project Gutenberg,https://www.gutenberg.org/ebooks/38012,nineteenth_century_bridge,historical_non_sonnet_poetry,historical_non_sonnet_poetry,standard_italian,exclude_canonical_cross_corpus_duplicate,exclude_complete_source,bibit:bibit001054,excluded_canonical_duplicate,not_materialized_canonical_duplicate,data/local/gutenberg/fulltext_gate_v1/pg38012.txt,6351b3e4c5374333aee9ef15f95e191e8a798f74eda4d4fa8f3aacebd3bee073,dfa9d83b3a5f98795dff7abcbc902db49ce07f9291a2c2a56c9fffa5f6748474,77548,0,77548,,,,0,0,e3b0c44298fc1c149afbf4c8996fb92427ae41e4649b934ca495991b7852b855
38204,Tragedie dell'anima,"Bracco, Roberto",pass_1b_eligible_pool,Project Gutenberg,https://www.gutenberg.org/ebooks/38204,nineteenth_century_bridge,nineteenth_century_bridge,nineteenth_century_bridge,standard_italian,eligible_standard_core_pending_processed_build,preserve_boilerplate_stripped_primary_text,,eligible_pending_v7_and_mixture_freeze,text_materialized_pending_v7,data/local/gutenberg/metadata_review_v1/pg38204.txt,f49b60e1079b73aebdb5f9d76d7d0cd5a512b49345db287bf82c5ee2dafc5046,d2f19204383c6e644b3522f3e91e4044c02bf5aa7129c355dfe5fe3d3d229a1e,111506,111506,0,data/processed/project_gutenberg_resolved_v1/nineteenth_century_bridge/part-0001.txt,44338365,44450697,111506,112332,d2f19204383c6e644b3522f3e91e4044c02bf5aa7129c355dfe5fe3d3d229a1e
38216,Fiori d'arancio,"Bracco, Roberto",pass_1b_eligible_pool,Project Gutenberg,https://www.gutenberg.org/ebooks/38216,nineteenth_century_bridge,nineteenth_century_bridge,nineteenth_century_bridge,standard_italian,eligible_standard_core_pending_processed_build,preserve_boilerplate_stripped_primary_text,,eligible_pending_v7_and_mixture_freeze,text_materialized_pending_v7,data/local/gutenberg/metadata_review_v1/pg38216.txt,e99774319ab7c148f5cdf38ef0223c7edafdd0bd71f65676e2d211eb86be5935,913c3f2d6d2807b5054e5c8392ecda4520aa44aa29d5a579603118ce4cf0118b,35026,35026,0,data/processed/project_gutenberg_resolved_v1/nineteenth_century_bridge/part-0001.txt,44450698,44485951,35026,35253,913c3f2d6d2807b5054e5c8392ecda4520aa44aa29d5a579603118ce4cf0118b
38217,Don Pietro Caruso,"Bracco, Roberto",pass_1b_eligible_pool,Project Gutenberg,https://www.gutenberg.org/ebooks/38217,nineteenth_century_bridge,nineteenth_century_bridge,nineteenth_century_bridge,standard_italian,eligible_standard_core_pending_processed_build,preserve_boilerplate_stripped_primary_text,,eligible_pending_v7_and_mixture_freeze,text_materialized_pending_v7,data/local/gutenberg/metadata_review_v1/pg38217.txt,69f98d784473415576f5c50657fed7bc7d5638568bae9be684b83decec54418f,7515a3b830fecbbded5780124447fc503eb9040f64dbe7ada73f86a8c1c6ee83,60309,60309,0,data/processed/project_gutenberg_resolved_v1/nineteenth_century_bridge/part-0001.txt,44485952,44546662,60309,60710,7515a3b830fecbbded5780124447fc503eb9040f64dbe7ada73f86a8c1c6ee83
38218,La fine dell'amore,"Bracco, Roberto",pass_1b_eligible_pool,Project Gutenberg,https://www.gutenberg.org/ebooks/38218,nineteenth_century_bridge,nineteenth_century_bridge,nineteenth_century_bridge,standard_italian,eligible_standard_core_pending_processed_build,preserve_boilerplate_stripped_primary_text,,eligible_pending_v7_and_mixture_freeze,text_materialized_pending_v7,data/local/gutenberg/metadata_review_v1/pg38218.txt,21a608a26abfef5e4281c2791ee090d59a24583d361f61679e4b37685b559c60,06281d57833211f991c93110c0a0a9f61614975d79c6fa756f7240a33b892d6d,143978,143978,0,data/processed/project_gutenberg_resolved_v1/nineteenth_century_bridge/part-0001.txt,44546663,44691478,143978,144815,06281d57833211f991c93110c0a0a9f61614975d79c6fa756f7240a33b892d6d
38298,"Isabella Orsini, duchessa di Bracciano","Guerrazzi, Francesco Domenico",initial_eligible_pool,Project Gutenberg,https://www.gutenberg.org/ebooks/38298,nineteenth_century_bridge,nineteenth_century_bridge,nineteenth_century_bridge,standard_italian,eligible_standard_core_pending_processed_build,preserve_boilerplate_stripped_primary_text,,eligible_pending_v7_and_mixture_freeze,text_materialized_pending_v7,data/local/gutenberg/fulltext_gate_v1/pg38298.txt,51969182c123ee7b777fe2f698c8d3571a654c17c6ffefb3fd3c4ddfab2e1cd8,c8081f0fdc0a69bbf8b564e36a18e34616cb8d42b65f68c4b0cd20593fd22646,634771,634043,728,data/processed/project_gutenberg_resolved_v1/nineteenth_century_bridge/part-0001.txt,44691479,45329997,634043,638518,8c1c7be032b79f5a8f94d38431472804d67ad7b744641f971879ac38c4008ed9
38509,La Giovine Italia,"Mazzini, Giuseppe",initial_eligible_pool,Project Gutenberg,https://www.gutenberg.org/ebooks/38509,nineteenth_century_bridge,nineteenth_century_bridge,nineteenth_century_bridge,standard_italian,eligible_standard_core_pending_processed_build,remove_embedded_canonical_segments_preserve_unique_text,bibit:bibit001560,eligible_pending_v7_and_mixture_freeze,text_materialized_pending_v7,data/local/gutenberg/fulltext_gate_v1/pg38509.txt,378620931553054da78019f262d1be0a89d7df3d2ec35219fe1cde75af1e6e69,b39c8a3bc64d41f76a69d54b5711acf36926689174358c2d08d8aede641959e9,243662,192294,51368,data/processed/project_gutenberg_resolved_v1/nineteenth_century_bridge/part-0001.txt,45329998,45523691,192295,193693,088af290e071fcd209cc4e2fdb57062c83e9587d2a261117bfcce0e53c0141ec
38578,Fame usurpate,"Imbriani, Vittorio",initial_eligible_pool,Project Gutenberg,https://www.gutenberg.org/ebooks/38578,nineteenth_century_bridge,nineteenth_century_bridge,nineteenth_century_bridge,standard_italian,eligible_standard_core_pending_processed_build,preserve_boilerplate_stripped_primary_text,,eligible_pending_v7_and_mixture_freeze,text_materialized_pending_v7,data/local/gutenberg/fulltext_gate_v1/pg38578.txt,d34dc0eabf7a6e1ef81a2869aee4d74ce965f74aa68f88914282f2d31ce68161,fe98699e489183cf74dad000073aa03c86cef0be3059cd607ef674b1dd6541ed,654245,653332,913,data/processed/project_gutenberg_resolved_v1/nineteenth_century_bridge/part-0001.txt,45523692,46182414,653332,658722,799334ecd36b3bb8f5119d160da860d3cd7a26524e91e347e27af517307acfec
38698,Dal mio verziere : saggi di polemica e di critica,Jolanda,pass_1b_eligible_pool,Project Gutenberg,https://www.gutenberg.org/ebooks/38698,nineteenth_century_bridge,nineteenth_century_bridge,nineteenth_century_bridge,standard_italian,eligible_standard_core_pending_processed_build,preserve_boilerplate_stripped_primary_text,,eligible_pending_v7_and_mixture_freeze,text_materialized_pending_v7,data/local/gutenberg/metadata_review_v1/pg38698.txt,fdc94f75e33e5e2621d633a2a01b3aa644bf377eb1a5d046876eb657a7163b02,9611861ec06a9163393597dd35bf9e17277419124af817421047d8d73b682edc,368428,367598,830,data/processed/project_gutenberg_resolved_v1/nineteenth_century_bridge/part-0001.txt,46182415,46552999,367598,370584,d8f2d75e162792daeafbf5ae6a1dbba7e74270cd451996b5e75e673b538782cd
39239,Rimatori siculo-toscani del dugento. Serie prima - Pistoiesi-Lucchesi-Pisani,,pass_1b_eligible_pool,Project Gutenberg,https://www.gutenberg.org/ebooks/39239,origins_through_1800,historical_non_sonnet_poetry,historical_non_sonnet_poetry,standard_italian,eligible_standard_core_pending_processed_build,preserve_boilerplate_stripped_primary_text,,eligible_pending_v7_and_mixture_freeze,text_materialized_pending_v7,data/local/gutenberg/metadata_review_v1/pg39239.txt,039b7e94fb202c54f8dfd5d01f6ea8a9ab8978197c8787eddb5060d027256568,56c97d7b75f80f361fb925a28f8c8ab5c0fc4a70d433e9f06b35170296b8d561,407273,371321,35952,data/processed/project_gutenberg_resolved_v1/historical_non_sonnet_poetry/part-0001.txt,6598227,6980095,371383,381868,dddc406d44a6550b89246b1083bb4f2d4f20366da7545b92878534f00298e8e7
39541,Donna Paola,"Serao, Matilde",pass_1b_eligible_pool,Project Gutenberg,https://www.gutenberg.org/ebooks/39541,nineteenth_century_bridge,nineteenth_century_bridge,nineteenth_century_bridge,standard_italian,eligible_standard_core_pending_processed_build,preserve_boilerplate_stripped_primary_text,,eligible_pending_v7_and_mixture_freeze,text_materialized_pending_v7,data/local/gutenberg/metadata_review_v1/pg39541.txt,2145f56553938194c5e50fbc63104e1760a0f290865cd885be8b95f42e819e98,c44ce4c2ade521579e7adda4a816445b384095dcf85134039c19a8f72ffae048,60492,60492,0,data/processed/project_gutenberg_resolved_v1/nineteenth_century_bridge/part-0001.txt,46553000,46613879,60492,60879,c44ce4c2ade521579e7adda4a816445b384095dcf85134039c19a8f72ffae048
39658,Novelle,"Balbo, Cesare, conte",initial_eligible_pool,Project Gutenberg,https://www.gutenberg.org/ebooks/39658,nineteenth_century_bridge,nineteenth_century_bridge,nineteenth_century_bridge,standard_italian,eligible_standard_core_pending_processed_build,preserve_boilerplate_stripped_primary_text,,eligible_pending_v7_and_mixture_freeze,text_materialized_pending_v7,data/local/gutenberg/fulltext_gate_v1/pg39658.txt,89a7573d60e90f26d3ec307de435ca4cb199eaf92cc5de60a6e87d29e7dcb959,959c55d917c46f9acf70e71adfd0a6457dfb37420296b1885e71e54d7600fd08,573041,572780,261,data/processed/project_gutenberg_resolved_v1/nineteenth_century_bridge/part-0001.txt,46613880,47192904,572780,579024,4a04b1a0208c1906bd97a19edab99da3aa0dd351e12352b0c4cbcbdec3ba1392
39704,"Annali d'Italia, vol. 1: dal principio dell'era volgare sino all'anno 1750","Muratori, Lodovico Antonio",initial_eligible_pool,Project Gutenberg,https://www.gutenberg.org/ebooks/39704,origins_through_1800,historical_general,historical_general,standard_italian,eligible_standard_core_pending_processed_build,preserve_boilerplate_stripped_primary_text,,eligible_pending_v7_and_mixture_freeze,text_materialized_pending_v7,data/local/gutenberg/fulltext_gate_v1/pg39704.txt,876dbcf957993c128b5359443806f6ccb5e9d9c6e10eede1d2711c5bc922d7d0,ce767dbc7666c4f7a25d76a287c34bad8c0f269acfbb578794cde1497985147a,2343491,2343026,465,data/processed/project_gutenberg_resolved_v1/historical_general/part-0001.txt,3160666,5521726,2343026,2361060,475eed587c7b7a3af3548cd5e49fa6eed41056f65e0b6a88e97b35a4f72d214e
39902,La moglie ideale: commedia in tre atti,"Praga, Marco",pass_1b_eligible_pool,Project Gutenberg,https://www.gutenberg.org/ebooks/39902,nineteenth_century_bridge,nineteenth_century_bridge,nineteenth_century_bridge,standard_italian,eligible_standard_core_pending_processed_build,preserve_boilerplate_stripped_primary_text,,eligible_pending_v7_and_mixture_freeze,text_materialized_pending_v7,data/local/gutenberg/metadata_review_v1/pg39902.txt,1256f71729d075fe81a98d9400ea2ba466459d8b57be82a9c604536f4435d4a4,19a04adb8ee2a5f0e563922de9c8b9267ab61bb65a592d716877b7c55f5060c6,123514,123514,0,data/processed/project_gutenberg_resolved_v1/nineteenth_century_bridge/part-0001.txt,47192905,47318115,123514,125210,19a04adb8ee2a5f0e563922de9c8b9267ab61bb65a592d716877b7c55f5060c6
40299,Memorie di un vecchio carbonaro ravegnano,"Uccellini, Primo",initial_eligible_pool,Project Gutenberg,https://www.gutenberg.org/ebooks/40299,nineteenth_century_bridge,nineteenth_century_bridge,nineteenth_century_bridge,standard_italian,eligible_standard_core_pending_processed_build,preserve_boilerplate_stripped_primary_text,,eligible_pending_v7_and_mixture_freeze,text_materialized_pending_v7,data/local/gutenberg/fulltext_gate_v1/pg40299.txt,56ba97f4cfb9a56628a14e77cccb07cdb0bd61f0a0fd7c2107e803e34534cfe8,f0720d24736887bcf6fa2f9746a12d094504a596d28e3d0b2a3a926bd1306272,559649,559417,232,data/processed/project_gutenberg_resolved_v1/nineteenth_century_bridge/part-0001.txt,47318116,47881253,559417,563137,8614ac98d1da008d2cc022dfbb118c946571a758ec9085df1d73314a611801ef
40326,"Traduzione di Elia Morpurgo de' Discorsi Ebraici di Tolleranza e Felicità: diretti da Naftalì Herz Weisel, agli Ebrei dimoranti ne' dominj dell'Augustissimo Imperadore Giuseppe II. il Giusto con le note del traduttore","Wessely, Naphtali Herz;Morpurgo, Elia",pass_1b_eligible_pool,Project Gutenberg,https://www.gutenberg.org/ebooks/40326,origins_through_1800,historical_general,historical_general,standard_italian,eligible_standard_core_pending_processed_build,preserve_boilerplate_stripped_primary_text,,eligible_pending_v7_and_mixture_freeze,text_materialized_pending_v7,data/local/gutenberg/metadata_review_v1/pg40326.txt,cc646a2ad7d8d473e937f6c8bc0184dc228f10f5c636f57c636122d08aadb683,303d06c697c3f211f6f54b9ed28aae4c6196cc16b08c22de9566fa8b4c0bb0ed,84664,84664,0,data/processed/project_gutenberg_resolved_v1/historical_general/part-0001.txt,5521727,5607106,84664,85379,303d06c697c3f211f6f54b9ed28aae4c6196cc16b08c22de9566fa8b4c0bb0ed
40328,Ahasvero nell'Isola del Diavolo: versi: preceduti da uno studio su l'Ebraismo e la rivoluzione francese,"Levi, David",initial_eligible_pool,Project Gutenberg,https://www.gutenberg.org/ebooks/40328,nineteenth_century_bridge,historical_non_sonnet_poetry,historical_non_sonnet_poetry,standard_italian,eligible_standard_core_pending_processed_build,preserve_boilerplate_stripped_primary_text,,eligible_pending_v7_and_mixture_freeze,text_materialized_pending_v7,data/local/gutenberg/fulltext_gate_v1/pg40328.txt,c11d7e53fd2345352ef518dcbb3315ee19af531046b93ed822530d82b6af235e,28510694ae3275ed57ebbe5942f9121dc23ddf84457ee5afcb92c4cb5de58cdf,116208,116208,0,data/processed/project_gutenberg_resolved_v1/historical_non_sonnet_poetry/part-0001.txt,6980096,7097229,116208,117133,28510694ae3275ed57ebbe5942f9121dc23ddf84457ee5afcb92c4cb5de58cdf
40378,Il trionfo: Dramma in quattro atti,"Bracco, Roberto",pass_1b_eligible_pool,Project Gutenberg,https://www.gutenberg.org/ebooks/40378,nineteenth_century_bridge,nineteenth_century_bridge,nineteenth_century_bridge,standard_italian,eligible_standard_core_pending_processed_build,preserve_boilerplate_stripped_primary_text,,eligible_pending_v7_and_mixture_freeze,text_materialized_pending_v7,data/local/gutenberg/metadata_review_v1/pg40378.txt,26d8cf3471c9b70c0df9870c614afbc9984a8c730a901b86f580c4be2b3b03f6,7137ac1cc4c589c15667bb8666a0f215664410c6a6656d2c641a56ccb1658651,146738,146738,0,data/processed/project_gutenberg_resolved_v1/nineteenth_century_bridge/part-0001.txt,47881254,48028970,146738,147716,7137ac1cc4c589c15667bb8666a0f215664410c6a6656d2c641a56ccb1658651
40817,"Dizionario storico-critico degli scrittori di musica e de' più celebri artisti, vol. 1: Di tutte le nazioni sì antiche che moderne","Bertini, Giuseppe",initial_eligible_pool,Project Gutenberg,https://www.gutenberg.org/ebooks/40817,nineteenth_century_bridge,nineteenth_century_bridge,nineteenth_century_bridge,standard_italian,eligible_standard_core_pending_processed_build,preserve_boilerplate_stripped_primary_text,,eligible_pending_v7_and_mixture_freeze,text_materialized_pending_v7,data/local/gutenberg/fulltext_gate_v1/pg40817.txt,38dd4d5afc75f37218acef3e5ea2f01d95cd1e53a7372f33d4ba31c0e3c962fb,bce730a7e7e2140c37c8f25b2b249199799339c53f1f418151e6740f7cac86dd,399750,398304,1446,data/processed/project_gutenberg_resolved_v1/nineteenth_century_bridge/part-0001.txt,48028971,48430613,398304,401642,ae2735136c107e26b119c0854d153724024321512110846b1f18b747671d59a7
40818,"Dizionario storico-critico degli scrittori di musica e de' più celebri artisti, vol. 2: Di tutte le nazioni sì antiche che moderne","Bertini, Giuseppe",initial_eligible_pool,Project Gutenberg,https://www.gutenberg.org/ebooks/40818,nineteenth_century_bridge,nineteenth_century_bridge,nineteenth_century_bridge,standard_italian,eligible_standard_core_pending_processed_build,preserve_boilerplate_stripped_primary_text,,eligible_pending_v7_and_mixture_freeze,text_materialized_pending_v7,data/local/gutenberg/fulltext_gate_v1/pg40818.txt,e102fd388f5dd247f90d31c1300d4f0d611892fb07b3958ffe01a2899abef3fb,3d2fcdf47140c6bda2bc3f845c5510e44533a74c082a32b5277ba80594449181,448447,447517,930,data/processed/project_gutenberg_resolved_v1/nineteenth_century_bridge/part-0001.txt,48430614,48881997,447517,451383,1772e2f3dced0d834fb14ccda29f735139ae557f33fbbe7717f2f7a002dd11a2
40819,"Dizionario storico-critico degli scrittori di musica e de' più celebri artisti, vol. 3: Di tutte le nazioni sì antiche che moderne","Bertini, Giuseppe",initial_eligible_pool,Project Gutenberg,https://www.gutenberg.org/ebooks/40819,nineteenth_century_bridge,nineteenth_century_bridge,nineteenth_century_bridge,standard_italian,eligible_standard_core_pending_processed_build,preserve_boilerplate_stripped_primary_text,,eligible_pending_v7_and_mixture_freeze,text_materialized_pending_v7,data/local/gutenberg/fulltext_gate_v1/pg40819.txt,c21e3b10af7c3244270783f25dbf7caf59f94b2318befe849b03b1fd53e0ca56,9613f9140ee62a4127312d0c19f094a980d99381bfad7973b33f2ee0e4477d65,435444,434445,999,data/processed/project_gutenberg_resolved_v1/nineteenth_century_bridge/part-0001.txt,48881998,49320347,434445,438349,7c616ce1d11df5ad97899fc35139e5770fe2589cef8c725d46f10dc27f2dde5c
40820,"Dizionario storico-critico degli scrittori di musica e de' più celebri artisti, vol. 4: Di tutte le nazioni sì antiche che moderne","Bertini, Giuseppe",initial_eligible_pool,Project Gutenberg,https://www.gutenberg.org/ebooks/40820,nineteenth_century_bridge,nineteenth_century_bridge,nineteenth_century_bridge,standard_italian,eligible_standard_core_pending_processed_build,preserve_boilerplate_stripped_primary_text,,eligible_pending_v7_and_mixture_freeze,text_materialized_pending_v7,data/local/gutenberg/fulltext_gate_v1/pg40820.txt,8b72e88849712c414e543e7f76cf372b0f9155bb7fdb4e652410dc4d36a07dc1,de8b4a2e4f7f0e0e66d3d1ae4dfe4b67eba9476ac71d4554b0cc17b2af249c45,415190,414473,717,data/processed/project_gutenberg_resolved_v1/nineteenth_century_bridge/part-0001.txt,49320348,49738032,414473,417684,00239701bab8281d3153947632f46fb278d298523393a705ae756e713dab4606
41088,"Passeggiate per l'Italia, vol. 4","Gregorovius, Ferdinand",initial_eligible_pool,Project Gutenberg,https://www.gutenberg.org/ebooks/41088,nineteenth_century_bridge,nineteenth_century_bridge,nineteenth_century_bridge,standard_italian,eligible_standard_core_pending_processed_build,preserve_boilerplate_stripped_primary_text,,eligible_pending_v7_and_mixture_freeze,text_materialized_pending_v7,data/local/gutenberg/fulltext_gate_v1/pg41088.txt,3bfb50262e43dbed984a257ba29e3d69486834cf40bc2a4869fe0f54341201fe,189ddd8ac052a271ff863aad28b9e3c46123358e4aced13d6e44c3fd3c3f3e46,472245,471198,1047,data/processed/project_gutenberg_resolved_v1/nineteenth_century_bridge/part-0001.txt,49738033,50212174,471198,474141,01da08d72eb5ef77647b946a1f7fb29549d55532e1062d5314d0a15cb8d80e8a
41377,Rafaella,"Pellico, Silvio",initial_eligible_pool,Project Gutenberg,https://www.gutenberg.org/ebooks/41377,nineteenth_century_bridge,nineteenth_century_bridge,nineteenth_century_bridge,standard_italian,eligible_standard_core_pending_processed_build,preserve_boilerplate_stripped_primary_text,,eligible_pending_v7_and_mixture_freeze,text_materialized_pending_v7,data/local/gutenberg/fulltext_gate_v1/pg41377.txt,b4dc815fc2e6a2547be9c4d2c376c68dfb9ffb11abc3846aff6b43c9473d9818,4ec89d3b7c8da0aa32948b3ae97eaeea10ead0771ca9612c2b5355064196acee,236312,235517,795,data/processed/project_gutenberg_resolved_v1/nineteenth_century_bridge/part-0001.txt,50212175,50449567,235517,237392,bfea6f1fbcf92773f9592cd6ae4cfb52e58106400eb95613a3570923836ebcc7
41551,Catania,"De Roberto, Federico",pass_1b_eligible_pool,Project Gutenberg,https://www.gutenberg.org/ebooks/41551,nineteenth_century_bridge,nineteenth_century_bridge,nineteenth_century_bridge,standard_italian,eligible_standard_core_pending_processed_build,preserve_boilerplate_stripped_primary_text,,eligible_pending_v7_and_mixture_freeze,text_materialized_pending_v7,data/local/gutenberg/metadata_review_v1/pg41551.txt,4e2b87de609ee38af7a15b01d7f6063f754b681f45e2dddba6c43faf169372eb,7a5d086650d126f0c9b56074037a2f7d26f11ed4e6afe98de0dadf684d5d6bf8,124873,124609,264,data/processed/project_gutenberg_resolved_v1/nineteenth_century_bridge/part-0001.txt,50449568,50574951,124609,125383,dc8bdd4384bb2af6bc50f45c4a276870f404dddf9873541b8b3cbd52833621ef
41821,Politica estera: memorie e documenti,"Crispi, Francesco",pass_1b_eligible_pool,Project Gutenberg,https://www.gutenberg.org/ebooks/41821,nineteenth_century_bridge,nineteenth_century_bridge,nineteenth_century_bridge,standard_italian,eligible_standard_core_pending_processed_build,preserve_boilerplate_stripped_primary_text,,eligible_pending_v7_and_mixture_freeze,text_materialized_pending_v7,data/local/gutenberg/metadata_review_v1/pg41821.txt,9fe60ec4b3c613c5d236a99d8a22c29af19a34aa190cae6e7c4035c6ed6f3098,1f1570c63f4d35efdba0ed7e48c62b76d7fddabf2c505ad48d5bc1e716db9c13,813047,812682,365,data/processed/project_gutenberg_resolved_v1/nineteenth_century_bridge/part-0001.txt,50574952,51396006,812682,821054,0fa943333a2790b902b340d3fe2ba0df4437d2ae59eedc93c339103c1e16c414
42198,I funghi mangerecci e velenosi dell'Europa media: con speciale riguardo a quelli che crescono nel Trentino - II edizione riveduta ed aumentata,"Bresadola, Giacomo",pass_1b_eligible_pool,Project Gutenberg,https://www.gutenberg.org/ebooks/42198,nineteenth_century_bridge,nineteenth_century_bridge,nineteenth_century_bridge,standard_italian,eligible_standard_core_pending_processed_build,preserve_boilerplate_stripped_primary_text,,eligible_pending_v7_and_mixture_freeze,text_materialized_pending_v7,data/local/gutenberg/metadata_review_v1/pg42198.txt,d1e4fba480432c435254218c1617209f3305bc9ae9d404341c82bdc899e0d13a,9579ca89e2c9c5dd0cd91b1094c6e4add53049d05b0b2ad33eb43ab10bb4a60e,292693,292693,0,data/processed/project_gutenberg_resolved_v1/nineteenth_century_bridge/part-0001.txt,51396007,51691987,292693,295980,9579ca89e2c9c5dd0cd91b1094c6e4add53049d05b0b2ad33eb43ab10bb4a60e
42316,La conquista di Roma,"Serao, Matilde",pass_1b_eligible_pool,Project Gutenberg,https://www.gutenberg.org/ebooks/42316,nineteenth_century_bridge,nineteenth_century_bridge,nineteenth_century_bridge,standard_italian,eligible_standard_core_pending_processed_build,preserve_boilerplate_stripped_primary_text,,eligible_pending_v7_and_mixture_freeze,text_materialized_pending_v7,data/local/gutenberg/metadata_review_v1/pg42316.txt,687d59ee0db32ae12f79b49ad9754de3f62e69358fed728704d6fdb935bfb674,cf6b472d4b32eb0a5ed14a943197d0e009a877c339a1a852d05b5c2aacc90c85,505920,505697,223,data/processed/project_gutenberg_resolved_v1/nineteenth_century_bridge/part-0001.txt,51691988,52202822,505697,510834,9da3264ea96e86845f9f496acc3a5c6df9d278c3e90eaa301159b9f08e9ab43b
42411,Il destino: romanzo,"Guerrazzi, Francesco Domenico",initial_eligible_pool,Project Gutenberg,https://www.gutenberg.org/ebooks/42411,nineteenth_century_bridge,nineteenth_century_bridge,nineteenth_century_bridge,standard_italian,eligible_standard_core_pending_processed_build,preserve_boilerplate_stripped_primary_text,,eligible_pending_v7_and_mixture_freeze,text_materialized_pending_v7,data/local/gutenberg/fulltext_gate_v1/pg42411.txt,9e35a6996ed9a6369e254a8fe14522e83cf42c948fdbde2b907e3f1f1f7aeb17,cc8234d55b4c9bfe0c7ecc936acc9f7e27420d358ef90bfc03446a3b8bed01d0,228214,227995,219,data/processed/project_gutenberg_resolved_v1/nineteenth_century_bridge/part-0001.txt,52202823,52433597,227995,230774,e3bed76f97f82b58675ecb49f8191bae7a544933db0315327a74b4abf976d1f8
42436,Amelia Calani ed altri scritti,"Guerrazzi, Francesco Domenico",initial_eligible_pool,Project Gutenberg,https://www.gutenberg.org/ebooks/42436,nineteenth_century_bridge,nineteenth_century_bridge,nineteenth_century_bridge,standard_italian,eligible_standard_core_pending_processed_build,preserve_boilerplate_stripped_primary_text,,eligible_pending_v7_and_mixture_freeze,text_materialized_pending_v7,data/local/gutenberg/fulltext_gate_v1/pg42436.txt,ee79759432900053b7e089fed6101c6a7fee5c3656a21427bde173afd8126103,6f680b80cf306a1d03a5650990bb861c9bfa3ac04a5689a02264edd531fb66c2,390776,390513,263,data/processed/project_gutenberg_resolved_v1/nineteenth_century_bridge/part-0001.txt,52433598,52827605,390513,394007,7e42b1c072a2a8ce90a4e0b8f09d759b547e42d19bc991062c14eb09720a5b24
42502,"Paolo Pelliccioni, Volume 1 (of 2)","Guerrazzi, Francesco Domenico",initial_eligible_pool,Project Gutenberg,https://www.gutenberg.org/ebooks/42502,nineteenth_century_bridge,nineteenth_century_bridge,nineteenth_century_bridge,standard_italian,eligible_standard_core_pending_processed_build,preserve_boilerplate_stripped_primary_text,,eligible_pending_v7_and_mixture_freeze,text_materialized_pending_v7,data/local/gutenberg/fulltext_gate_v1/pg42502.txt,a7f4147457c1a2a40c06602764c51f13a550f8e55f6fb99b102ff51e54899db2,01fe7382d8f289c29d3c19b2a4f85e6c6dcb7998008ad7ffb3a7a4ea4b5be474,348213,347860,353,data/processed/project_gutenberg_resolved_v1/nineteenth_century_bridge/part-0001.txt,52827606,53177982,347860,350376,8519ad9bfcc43d9ce1193ebd7a66671f75033be75bd0b287d373d7ece6a482c5
42503,"Paolo Pelliccioni, Volume 2 (of 2)","Guerrazzi, Francesco Domenico",initial_eligible_pool,Project Gutenberg,https://www.gutenberg.org/ebooks/42503,nineteenth_century_bridge,nineteenth_century_bridge,nineteenth_century_bridge,standard_italian,eligible_standard_core_pending_processed_build,preserve_boilerplate_stripped_primary_text,,eligible_pending_v7_and_mixture_freeze,text_materialized_pending_v7,data/local/gutenberg/fulltext_gate_v1/pg42503.txt,1565d987610e8157648a50a545d71de1c8e4f13d6eabf35a24691f267f4dd2d4,0f84c64f3b90b8c13903aaa5c02c93d232ca4b32039884e782d98e547c838a06,249098,248881,217,data/processed/project_gutenberg_resolved_v1/nineteenth_century_bridge/part-0001.txt,53177983,53428781,248881,250798,25a9108caed5a65c0488c3e9f3bc70e875c3d648b9f0aaf84b1accc1f69ab46e
42588,La Signorina: Romanzo,"Rovetta, Gerolamo",pass_1b_eligible_pool,Project Gutenberg,https://www.gutenberg.org/ebooks/42588,nineteenth_century_bridge,nineteenth_century_bridge,nineteenth_century_bridge,standard_italian,eligible_standard_core_pending_processed_build,preserve_boilerplate_stripped_primary_text,,eligible_pending_v7_and_mixture_freeze,text_materialized_pending_v7,data/local/gutenberg/metadata_review_v1/pg42588.txt,45e3988e2f6ea8d75affa17f61bf1addfe3b37b29d8eed89ff32d1d1a61e2e2b,ba8a85ed7395a0ec5664cc521051417373c1e4b82ee959534dd926bd05585c03,457689,457459,230,data/processed/project_gutenberg_resolved_v1/nineteenth_century_bridge/part-0001.txt,53428782,53890658,457459,461876,a4ee121c31a4a7b0fa1cb70daf72de525943c5c33be5419ce6aeda7814df4872
42608,"Nuove ""Paesane""","Capuana, Luigi",pass_1b_eligible_pool,Project Gutenberg,https://www.gutenberg.org/ebooks/42608,nineteenth_century_bridge,nineteenth_century_bridge,nineteenth_century_bridge,standard_italian,eligible_standard_core_pending_processed_build,preserve_boilerplate_stripped_primary_text,,eligible_pending_v7_and_mixture_freeze,text_materialized_pending_v7,data/local/gutenberg/metadata_review_v1/pg42608.txt,68f2e8987adf9d867b8079b0e0f69a0a8dc4356d6e4f7de241186844780c5879,8346715c26ee4e1b411a64bd37031ae584d74044a1d7db907cdfe9aa56911a46,243589,243358,231,data/processed/project_gutenberg_resolved_v1/nineteenth_century_bridge/part-0001.txt,53890659,54135478,243358,244819,485a9dddd0dc7f4eebd8adb2569f1c6b58114bbe1a96fcf73fad73f091ca190a
42669,Dell'Emancipazione civile degl'Israeliti,"Azeglio, Massimo d'",initial_eligible_pool,Project Gutenberg,https://www.gutenberg.org/ebooks/42669,nineteenth_century_bridge,nineteenth_century_bridge,nineteenth_century_bridge,standard_italian,eligible_standard_core_pending_processed_build,preserve_boilerplate_stripped_primary_text,,eligible_pending_v7_and_mixture_freeze,text_materialized_pending_v7,data/local/gutenberg/fulltext_gate_v1/pg42669.txt,2211b407767868a95c79cbcbe6c7559176941589f260bda1e5e38a106fb98fe6,817a14e4f22705adaf8c487c7ec354f7511e33922c72674e0c218055ff700754,97640,97640,0,data/processed/project_gutenberg_resolved_v1/nineteenth_century_bridge/part-0001.txt,54135479,54234026,97640,98547,817a14e4f22705adaf8c487c7ec354f7511e33922c72674e0c218055ff700754
42775,"Il secolo che muore, vol. I","Guerrazzi, Francesco Domenico",initial_eligible_pool,Project Gutenberg,https://www.gutenberg.org/ebooks/42775,nineteenth_century_bridge,nineteenth_century_bridge,nineteenth_century_bridge,standard_italian,eligible_standard_core_pending_processed_build,preserve_boilerplate_stripped_primary_text,,eligible_pending_v7_and_mixture_freeze,text_materialized_pending_v7,data/local/gutenberg/fulltext_gate_v1/pg42775.txt,03e3f2b2a027b4ed385316cbcb9f9d6c5e7445cf2f4097a7e9f518fdb1ff0762,8c7330344c2d05f94beab89efb50bf2d41f24faf8fbe6f1e01e22a7772c67fab,457154,456935,219,data/processed/project_gutenberg_resolved_v1/nineteenth_century_bridge/part-0001.txt,54234027,54696071,456935,462044,34ee92723f8c34a50f2c275e0cde27cc220c57bed103df3fc91b2b4b66c2f570
42776,"Il secolo che muore, vol. II","Guerrazzi, Francesco Domenico",initial_eligible_pool,Project Gutenberg,https://www.gutenberg.org/ebooks/42776,nineteenth_century_bridge,nineteenth_century_bridge,nineteenth_century_bridge,standard_italian,eligible_standard_core_pending_processed_build,preserve_boilerplate_stripped_primary_text,,eligible_pending_v7_and_mixture_freeze,text_materialized_pending_v7,data/local/gutenberg/fulltext_gate_v1/pg42776.txt,f0c08c10e4ed8d539743bafcb6a12bd62f9062c793b69f8775f230ac93bc1d7f,c03da0069a3042d91b85d09405840b1300971ef06282bbd3110a96a25c23fa93,515580,515340,240,data/processed/project_gutenberg_resolved_v1/nineteenth_century_bridge/part-0001.txt,54696072,55217026,515340,520954,9c3bc9a0959335566af4fa013d16efd279d367b993de8f43e835800998cf06ed
42777,"Il secolo che muore, vol. III","Guerrazzi, Francesco Domenico",initial_eligible_pool,Project Gutenberg,https://www.gutenberg.org/ebooks/42777,nineteenth_century_bridge,nineteenth_century_bridge,nineteenth_century_bridge,standard_italian,eligible_standard_core_pending_processed_build,preserve_boilerplate_stripped_primary_text,,eligible_pending_v7_and_mixture_freeze,text_materialized_pending_v7,data/local/gutenberg/fulltext_gate_v1/pg42777.txt,243406d7ab66dd57d15820a1b3cf627d559b4d22499ae1520d7db3c6f0b7d52d,633a28586e702f2f9c9e8ad59c38d45586c78dd4d9a33db621d85b25d6239aaa,577156,576956,200,data/processed/project_gutenberg_resolved_v1/nineteenth_century_bridge/part-0001.txt,55217027,55800548,576956,583521,1ab1f519d4bc6b7fe6b785f345e93540a917fd389673e0507a6d0958561e15e2
42778,"Il secolo che muore, vol. IV","Guerrazzi, Francesco Domenico",initial_eligible_pool,Project Gutenberg,https://www.gutenberg.org/ebooks/42778,nineteenth_century_bridge,nineteenth_century_bridge,nineteenth_century_bridge,standard_italian,eligible_standard_core_pending_processed_build,preserve_boilerplate_stripped_primary_text,,eligible_pending_v7_and_mixture_freeze,text_materialized_pending_v7,data/local/gutenberg/fulltext_gate_v1/pg42778.txt,abc181a0e2b55039aa6eb4a6157b40545e3bc64648cd0fd21ab6a906ec0fafa4,4a2d13965326d3647c04fb3a160641a9a9fd75db515d972abe24412ae65c956e,513150,512946,204,data/processed/project_gutenberg_resolved_v1/nineteenth_century_bridge/part-0001.txt,55800549,56320351,512946,519802,97e6c1b47c32c6aa0e26048371967252f416f6c9d4894116ea24b9f42ff118a7
42846,"Storia della Guerra della Independenza degli Stati Uniti di America, vol. 1","Botta, Carlo",initial_eligible_pool,Project Gutenberg,https://www.gutenberg.org/ebooks/42846,nineteenth_century_bridge,nineteenth_century_bridge,nineteenth_century_bridge,standard_italian,eligible_standard_core_pending_processed_build,preserve_boilerplate_stripped_primary_text,,eligible_pending_v7_and_mixture_freeze,text_materialized_pending_v7,data/local/gutenberg/fulltext_gate_v1/pg42846.txt,4d862bc8b1926f50301b3ed672b50a90603158030af48e0ff37327c24b927ab5,d7c660cf06ce63b05799c6fd7db6c82b865465206077f9bffca30caad227b7cd,505924,505718,206,data/processed/project_gutenberg_resolved_v1/nineteenth_century_bridge/part-0001.txt,56320352,56829546,505718,509194,f91166a19b03880c212a1450c6611d799dd6e84f8c76e14fa5855ba4bc158b3f
42847,"Storia della Guerra della Independenza degli Stati Uniti di America, vol. 2","Botta, Carlo",initial_eligible_pool,Project Gutenberg,https://www.gutenberg.org/ebooks/42847,nineteenth_century_bridge,nineteenth_century_bridge,nineteenth_century_bridge,standard_italian,eligible_standard_core_pending_processed_build,preserve_boilerplate_stripped_primary_text,,eligible_pending_v7_and_mixture_freeze,text_materialized_pending_v7,data/local/gutenberg/fulltext_gate_v1/pg42847.txt,5a724d49a421625fea405c2a97922e9a1ede487b15f6672fd7ae362797d8e533,0eec9c79f79b5da4b70bb58fb4948902ef38a882b142a5ec5e9abbba2670f675,727265,727012,253,data/processed/project_gutenberg_resolved_v1/nineteenth_century_bridge/part-0001.txt,56829547,57561235,727012,731688,bce778aaa6f857fe242a35e5782433799d8429c10aa753f28c0a425262ea8dc7
42848,"Storia della Guerra della Independenza degli Stati Uniti di America, vol. 3","Botta, Carlo",initial_eligible_pool,Project Gutenberg,https://www.gutenberg.org/ebooks/42848,nineteenth_century_bridge,nineteenth_century_bridge,nineteenth_century_bridge,standard_italian,eligible_standard_core_pending_processed_build,preserve_boilerplate_stripped_primary_text,,eligible_pending_v7_and_mixture_freeze,text_materialized_pending_v7,data/local/gutenberg/fulltext_gate_v1/pg42848.txt,bbbb967be660fef2bef600db41b2c9de6b9f0cd385c218b1f8a89906142081af,179c543bba9ad5e2f03b684d22f99f3edd27aa10d79095e3257d602f920e988a,739076,738848,228,data/processed/project_gutenberg_resolved_v1/nineteenth_century_bridge/part-0001.txt,57561236,58304762,738848,743526,4b7909ee352ca4fbaf4d0b0132eaa5950e5e398fcc8769f285dcd9b21791d8f2
42849,"Storia della Guerra della Independenza degli Stati Uniti di America, vol. 4","Botta, Carlo",initial_eligible_pool,Project Gutenberg,https://www.gutenberg.org/ebooks/42849,nineteenth_century_bridge,nineteenth_century_bridge,nineteenth_century_bridge,standard_italian,eligible_standard_core_pending_processed_build,preserve_boilerplate_stripped_primary_text,,eligible_pending_v7_and_mixture_freeze,text_materialized_pending_v7,data/local/gutenberg/fulltext_gate_v1/pg42849.txt,8a8611faab3132055873fc7bae6ba8c1efea1b0d48882b1bbe55866ab86adeec,d39cee3b7b00ff12fdbab286380d859b888402f23a9a3b6faca61c94e9215d06,646889,646662,227,data/processed/project_gutenberg_resolved_v1/nineteenth_century_bridge/part-0001.txt,58304763,58955802,646662,651039,1ca0211e63bbf0608064066da9588d181630a250b3bd6ab7653def66558074c9
42881,"La promessa sposa di Lammermoor, Tomo 1 (of 3)","Scott, Walter",initial_eligible_pool,Project Gutenberg,https://www.gutenberg.org/ebooks/42881,nineteenth_century_bridge,nineteenth_century_bridge,nineteenth_century_bridge,standard_italian,eligible_standard_core_pending_processed_build,preserve_boilerplate_stripped_primary_text,,eligible_pending_v7_and_mixture_freeze,text_materialized_pending_v7,data/local/gutenberg/fulltext_gate_v1/pg42881.txt,8baaac7aac315aafa85f4402da39b16f4a95d8e0d92c784d99820ed9e4a83a13,03b1207c2770c78822d283995a7a1479d71e5ef5f86f533f5bfca534b0c03c15,255110,254888,222,data/processed/project_gutenberg_resolved_v1/nineteenth_century_bridge/part-0001.txt,58955803,59214860,254888,259057,fef34aafa57919597c4914b1a7e339f9b6718b24167a9ce72f54e27f26c55574
42882,"La promessa sposa di Lammermoor, Tomo 2 (of 3)","Scott, Walter",initial_eligible_pool,Project Gutenberg,https://www.gutenberg.org/ebooks/42882,nineteenth_century_bridge,nineteenth_century_bridge,nineteenth_century_bridge,standard_italian,eligible_standard_core_pending_processed_build,preserve_boilerplate_stripped_primary_text,,eligible_pending_v7_and_mixture_freeze,text_materialized_pending_v7,data/local/gutenberg/fulltext_gate_v1/pg42882.txt,b21d2b64ff2ff2f07516668a7223803ab0cd1e7582216f56dc9b1402cd8d580b,6ea27138eaa71e884823c7afde8ed4821fa3de9634d3b3d4ad7f7ef4c0336c0b,290253,290050,203,data/processed/project_gutenberg_resolved_v1/nineteenth_century_bridge/part-0001.txt,59214861,59509577,290050,294716,8f5d77b69f4328bbf3bcf200ca56ffdb3cf5f23722c9e743c25d700c89513aa3
42883,"La promessa sposa di Lammermoor, Tomo 3 (of 3)","Scott, Walter",initial_eligible_pool,Project Gutenberg,https://www.gutenberg.org/ebooks/42883,nineteenth_century_bridge,nineteenth_century_bridge,nineteenth_century_bridge,standard_italian,eligible_standard_core_pending_processed_build,preserve_boilerplate_stripped_primary_text,,eligible_pending_v7_and_mixture_freeze,text_materialized_pending_v7,data/local/gutenberg/fulltext_gate_v1/pg42883.txt,056508148cb64f70d550f942b4be6b62ba55b808a9e89fab331b0ad9701b647d,cd2c6ba9684c11e4cbc8292d0fce5b077987c5d6e72cf635f38da2fb3fe72812,265939,265738,201,data/processed/project_gutenberg_resolved_v1/nineteenth_century_bridge/part-0001.txt,59509578,59779061,265738,269483,a6b024d01fc5dd700084ac2aacf7b89329b4ee6489ef9e274932de114f737673
42927,Il diritto di vivere: Dramma in tre atti,"Bracco, Roberto",pass_1b_eligible_pool,Project Gutenberg,https://www.gutenberg.org/ebooks/42927,nineteenth_century_bridge,nineteenth_century_bridge,nineteenth_century_bridge,standard_italian,eligible_standard_core_pending_processed_build,preserve_boilerplate_stripped_primary_text,,eligible_pending_v7_and_mixture_freeze,text_materialized_pending_v7,data/local/gutenberg/metadata_review_v1/pg42927.txt,1006c4e15283b2c6bb4a4f1c50b0ca417e8a0fefbd7e884ecf92a7287d2d5790,658cb5a6d635d4e50746f4c9e8fd50274e36a539db7c2dd60313144bfa4f69d3,109294,109092,202,data/processed/project_gutenberg_resolved_v1/nineteenth_century_bridge/part-0001.txt,59779062,59889178,109092,110116,e69294c9ed76f2ee9038373d455a563506a81503c5b07ef203632269f8c6e766
42928,Uno degli onesti: Commedia in un atto,"Bracco, Roberto",pass_1b_eligible_pool,Project Gutenberg,https://www.gutenberg.org/ebooks/42928,nineteenth_century_bridge,nineteenth_century_bridge,nineteenth_century_bridge,standard_italian,eligible_standard_core_pending_processed_build,preserve_boilerplate_stripped_primary_text,,eligible_pending_v7_and_mixture_freeze,text_materialized_pending_v7,data/local/gutenberg/metadata_review_v1/pg42928.txt,8207e4ba15bd469302b045ba2bb330300f18fdaab8daee14628915009b32dd8d,4261b5c59864218ed29bc613b7aa2e5c013fd2ae75431aaeda6aaa3baddf699a,31531,31329,202,data/processed/project_gutenberg_resolved_v1/nineteenth_century_bridge/part-0001.txt,59889179,59920811,31329,31632,9ea2eed6dbe1477043eba95dd1fcac0310037365f20982259920285f1bee2076
43022,"La lotta politica in Italia, Volume 1 (of 3): Origini della lotta attuale (476-1887); Quinta edizione","Oriani, Alfredo",pass_1b_eligible_pool,Project Gutenberg,https://www.gutenberg.org/ebooks/43022,nineteenth_century_bridge,nineteenth_century_bridge,nineteenth_century_bridge,standard_italian,eligible_standard_core_pending_processed_build,preserve_boilerplate_stripped_primary_text,,eligible_pending_v7_and_mixture_freeze,text_materialized_pending_v7,data/local/gutenberg/metadata_review_v1/pg43022.txt,5adc40351e8d007bb99d04717c454cff6c2dd846af3fa633058d8b10a5c744af,8638a9bf8a4821c6535f6268b5129e5a7bab4c1640d7d530602c30e8421cb349,732151,731922,229,data/processed/project_gutenberg_resolved_v1/nineteenth_century_bridge/part-0001.txt,59920812,60657272,731922,736460,f777d98112cde45449301e476c82d6c18cdc6dda7da8dbcf51f5a989ce11f6b6
43023,"La lotta politica in Italia, Volume 2 (of 3): Origini della lotta attuale (476-1887); Quinta edizione","Oriani, Alfredo",pass_1b_eligible_pool,Project Gutenberg,https://www.gutenberg.org/ebooks/43023,nineteenth_century_bridge,nineteenth_century_bridge,nineteenth_century_bridge,standard_italian,eligible_standard_core_pending_processed_build,preserve_boilerplate_stripped_primary_text,,eligible_pending_v7_and_mixture_freeze,text_materialized_pending_v7,data/local/gutenberg/metadata_review_v1/pg43023.txt,0056468ad289ef4e43178877fb8ddf99323fbb608b5cb9bae8b34b99ee850be6,bc475e07dd55ff58b48a7f379e69032cedb99b64723e28333feb51c75462eb46,719816,719580,236,data/processed/project_gutenberg_resolved_v1/nineteenth_century_bridge/part-0001.txt,60657273,61380849,719580,723576,8a7367f2a60148f3db1162cce3c0d4f54ecc5871672965e7b7a8eb8d8a89f5d7
43024,"La lotta politica in Italia, Volume 3 (of 3): Origini della lotta attuale (476-1887); Quinta edizione","Oriani, Alfredo",pass_1b_eligible_pool,Project Gutenberg,https://www.gutenberg.org/ebooks/43024,nineteenth_century_bridge,nineteenth_century_bridge,nineteenth_century_bridge,standard_italian,eligible_standard_core_pending_processed_build,preserve_boilerplate_stripped_primary_text,,eligible_pending_v7_and_mixture_freeze,text_materialized_pending_v7,data/local/gutenberg/metadata_review_v1/pg43024.txt,cec5e56c4e657f0f0801183525950f8c2eeeaf6d705f37099a60e21836dcc2bd,b15eeb77d51a783b2e186e9c848318ccb799c0a1858ac3deade16b0ed576d5da,710453,710215,238,data/processed/project_gutenberg_resolved_v1/nineteenth_century_bridge/part-0001.txt,61380850,62095089,710215,714239,90b6df0785454abcc98c471b2217eb6be7ef826fa2f5f547dcc9b2533f0c09ea
43193,Conferenze tenute a Firenze nel 1896: La vita italiana durante la Rivoluzione francese e l'Impero,Various,pass_1b_eligible_pool,Project Gutenberg,https://www.gutenberg.org/ebooks/43193,nineteenth_century_bridge,nineteenth_century_bridge,nineteenth_century_bridge,standard_italian,eligible_standard_core_pending_processed_build,preserve_boilerplate_stripped_primary_text,,eligible_pending_v7_and_mixture_freeze,text_materialized_pending_v7,data/local/gutenberg/metadata_review_v1/pg43193.txt,eeec676f3b3e3edf4a0c375cc4f3db97f128361bfb4d90ea753c8aa1a516a0fa,24a5c80f47e052e4e72ac0027828f6c0e283807568115d6679cdd63d3f0f443c,646049,645846,203,data/processed/project_gutenberg_resolved_v1/nineteenth_century_bridge/part-0001.txt,62095090,62747087,645846,651997,1fb2be38dd0dce205491f4113693bf84e70e33c59a802bc6be9638012629c90b
43217,La cartella N. 4,"Colombi, marchesa",pass_1b_eligible_pool,Project Gutenberg,https://www.gutenberg.org/ebooks/43217,nineteenth_century_bridge,nineteenth_century_bridge,nineteenth_century_bridge,standard_italian,eligible_standard_core_pending_processed_build,preserve_boilerplate_stripped_primary_text,,eligible_pending_v7_and_mixture_freeze,text_materialized_pending_v7,data/local/gutenberg/metadata_review_v1/pg43217.txt,d3aaa1a4847e9eed78eb1b39d4a19f1b4ed4399f083c8a49572f0159c5c789fd,fdc2e595532f6fcec7115c4952fa6f6779818137e012633723ccbd966a78ecf4,194531,194331,200,data/processed/project_gutenberg_resolved_v1/nineteenth_century_bridge/part-0001.txt,62747088,62944024,194331,196936,81e9296721b53f344febd1c0c169043d039fd0354d69de89d4a2b36d875ea964
43244,Dante e gli Ebrei: Studio,"Servi, Flaminio",pass_1b_eligible_pool,Project Gutenberg,https://www.gutenberg.org/ebooks/43244,nineteenth_century_bridge,historical_non_sonnet_poetry,historical_non_sonnet_poetry,standard_italian,eligible_standard_core_pending_processed_build,preserve_boilerplate_stripped_primary_text,,eligible_pending_v7_and_mixture_freeze,text_materialized_pending_v7,data/local/gutenberg/metadata_review_v1/pg43244.txt,785a5dc507be8a4ea1601c7bba101c65131a90f4df42c47f4631ddc0ecb82027,4e10db317f74679de2dd3e85bdac6db3e76236e4f0cf31fea3a319ebbe082301,36426,35175,1251,data/processed/project_gutenberg_resolved_v1/historical_non_sonnet_poetry/part-0001.txt,7097230,7132953,35177,35723,42ed970742fd0be7f7fc47a7c46135fdc6af3583377daa425a3d16a3a0a5875c
43316,Serate d'inverno,"Colombi, marchesa",pass_1b_eligible_pool,Project Gutenberg,https://www.gutenberg.org/ebooks/43316,nineteenth_century_bridge,nineteenth_century_bridge,nineteenth_century_bridge,standard_italian,eligible_standard_core_pending_processed_build,preserve_boilerplate_stripped_primary_text,,eligible_pending_v7_and_mixture_freeze,text_materialized_pending_v7,data/local/gutenberg/metadata_review_v1/pg43316.txt,ddaccec68fbba3490223391373f2b4be894c41f02cb449645a93ddfa33dc6d54,671617c8e0b87554e97ae4e0e080d3d32f831aa7f0f80930df4bd1e8c9a95e54,221534,221390,144,data/processed/project_gutenberg_resolved_v1/nineteenth_century_bridge/part-0001.txt,62944025,63168230,221390,224205,c563b35157eb40a754b01c772c26f652f5b3eb24050cc500d8afee2e7d694857
43458,"I Puritani di Scozia, vol. 1","Scott, Walter",initial_eligible_pool,Project Gutenberg,https://www.gutenberg.org/ebooks/43458,nineteenth_century_bridge,nineteenth_century_bridge,nineteenth_century_bridge,standard_italian,eligible_standard_core_pending_processed_build,preserve_boilerplate_stripped_primary_text,,eligible_pending_v7_and_mixture_freeze,text_materialized_pending_v7,data/local/gutenberg/fulltext_gate_v1/pg43458.txt,86aca74ccb9ad9c86d59d6f9ec8e020e9acc1e7e6fb9cbab7b5475120abf4b30,9f74452baaae85c48362fd363ad8f85e1f8cec964ba6cb960f6bd59d256a7f29,273830,273686,144,data/processed/project_gutenberg_resolved_v1/nineteenth_century_bridge/part-0001.txt,63168231,63445417,273686,277186,1a380a4d0d78622f137bdbc7eadd865eb1da52b1f771c82b5e9948a3cb3239fc
43459,"I Puritani di Scozia, vol. 2","Scott, Walter",initial_eligible_pool,Project Gutenberg,https://www.gutenberg.org/ebooks/43459,nineteenth_century_bridge,nineteenth_century_bridge,nineteenth_century_bridge,standard_italian,eligible_standard_core_pending_processed_build,preserve_boilerplate_stripped_primary_text,,eligible_pending_v7_and_mixture_freeze,text_materialized_pending_v7,data/local/gutenberg/fulltext_gate_v1/pg43459.txt,0fa7a7c3a59afaaf7c937257e96ab2cfd9ec64cfc98d8df13ea5c37a5a5c7ead,9945cc9fd0d1416544451f0c0da3df1c7365f84a1e5db2e9fed89410da02300d,266519,266375,144,data/processed/project_gutenberg_resolved_v1/nineteenth_century_bridge/part-0001.txt,63445418,63714963,266375,269545,1985b3929d73218d4d611a895bb28e85bdb97b4ec3b8978139bc46bd6b1d8e37
43460,"I Puritani di Scozia, vol. 3","Scott, Walter",initial_eligible_pool,Project Gutenberg,https://www.gutenberg.org/ebooks/43460,nineteenth_century_bridge,nineteenth_century_bridge,nineteenth_century_bridge,standard_italian,eligible_standard_core_pending_processed_build,preserve_boilerplate_stripped_primary_text,,eligible_pending_v7_and_mixture_freeze,text_materialized_pending_v7,data/local/gutenberg/fulltext_gate_v1/pg43460.txt,e2fff8083ed1124561ed4e0a394d66d4d914e76c20aa2195322f03228b804ee6,df752dbf5f498053f700241f6a27af5c5dd09724422a36805beceee47097c080,263563,263292,271,data/processed/project_gutenberg_resolved_v1/nineteenth_century_bridge/part-0001.txt,63714964,63981791,263292,266827,06ab41ddf09e59681607244a427d5fc6ae7deae751bf03f981fb06e6679f7c3f
43575,"Annali d'Italia, vol. 2: dal principio dell'era volgare sino all'anno 1750","Muratori, Lodovico Antonio",initial_eligible_pool,Project Gutenberg,https://www.gutenberg.org/ebooks/43575,origins_through_1800,historical_general,historical_general,standard_italian,eligible_standard_core_pending_processed_build,preserve_boilerplate_stripped_primary_text,,eligible_pending_v7_and_mixture_freeze,text_materialized_pending_v7,data/local/gutenberg/fulltext_gate_v1/pg43575.txt,f1113e378db8e4d81906b6f83f096a517811cba3dd2eea71c792f33f010aa19d,bda56dca1a7e4f40e592ae5a93d9ecfc2f46b36d731124903c1339c5a73ef9fd,2403490,2403253,237,data/processed/project_gutenberg_resolved_v1/historical_general/part-0001.txt,5607107,8028078,2403253,2420971,c9abdc6dadb8565080b7e79f9fd216d0ecba329e860778bc5435f08d8353ae3a
43689,"Storia delle repubbliche italiane dei secoli di mezzo, v. 01 (of 16)","Sismondi, J.-C.-L. Simonde de (Jean-Charles-Léonard Simonde)",initial_eligible_pool,Project Gutenberg,https://www.gutenberg.org/ebooks/43689,nineteenth_century_bridge,nineteenth_century_bridge,nineteenth_century_bridge,standard_italian,eligible_standard_core_pending_processed_build,preserve_boilerplate_stripped_primary_text,,eligible_pending_v7_and_mixture_freeze,text_materialized_pending_v7,data/local/gutenberg/fulltext_gate_v1/pg43689.txt,c01c0b82cd5bf931ae0d64c5ab9ab44a21b4f77dc2d0824062363d3f6860b6f0,99c4f03626e5f27e186d76942850c96028dd4508bd7aa2df2780101acb483bdf,562698,562493,205,data/processed/project_gutenberg_resolved_v1/nineteenth_century_bridge/part-0001.txt,63981792,64548075,562493,566283,c52b95df3530a2358768bfc92143e54c27060d336a53198af559f5b08255c523
43690,"Storia delle repubbliche italiane dei secoli di mezzo, v. 02 (of 16)","Sismondi, J.-C.-L. Simonde de (Jean-Charles-Léonard Simonde)",initial_eligible_pool,Project Gutenberg,https://www.gutenberg.org/ebooks/43690,nineteenth_century_bridge,nineteenth_century_bridge,nineteenth_century_bridge,standard_italian,eligible_standard_core_pending_processed_build,preserve_boilerplate_stripped_primary_text,,eligible_pending_v7_and_mixture_freeze,text_materialized_pending_v7,data/local/gutenberg/fulltext_gate_v1/pg43690.txt,1c82b2f349a167f9102cfabf56f488faa60d3dc4d6d5ed4c5c32d624ffe88329,4c31a56e81655fe84be59102bc2a2474232e2061e1e485bb739caa8cde806a2c,635919,635713,206,data/processed/project_gutenberg_resolved_v1/nineteenth_century_bridge/part-0001.txt,64548076,65188127,635713,640051,19917cb3d6a93d59a0adee7821cf635eba83b8abd19680eca4c02ecb248cccc5
43802,"Storia delle repubbliche italiane dei secoli di mezzo, v. 03 (of 16)","Sismondi, J.-C.-L. Simonde de (Jean-Charles-Léonard Simonde)",initial_eligible_pool,Project Gutenberg,https://www.gutenberg.org/ebooks/43802,nineteenth_century_bridge,nineteenth_century_bridge,nineteenth_century_bridge,standard_italian,eligible_standard_core_pending_processed_build,preserve_boilerplate_stripped_primary_text,,eligible_pending_v7_and_mixture_freeze,text_materialized_pending_v7,data/local/gutenberg/fulltext_gate_v1/pg43802.txt,f1e7343dd9485187d00ce2239a3459935ae52944f76844581f610c95b3387a80,546f2b245884ee387acba440d13ed197f1dc0c3a4882efe9ad137ff716658a93,639615,639384,231,data/processed/project_gutenberg_resolved_v1/nineteenth_century_bridge/part-0001.txt,65188128,65832012,639384,643884,1a101987bcd4f1da376000880495b77e5a6c53a13dae9ddb7ef58eb77145e7aa
43803,"Storia delle repubbliche italiane dei secoli di mezzo, v. 04 (of 16)","Sismondi, J.-C.-L. Simonde de (Jean-Charles-Léonard Simonde)",initial_eligible_pool,Project Gutenberg,https://www.gutenberg.org/ebooks/43803,nineteenth_century_bridge,nineteenth_century_bridge,nineteenth_century_bridge,standard_italian,eligible_standard_core_pending_processed_build,preserve_boilerplate_stripped_primary_text,,eligible_pending_v7_and_mixture_freeze,text_materialized_pending_v7,data/local/gutenberg/fulltext_gate_v1/pg43803.txt,e4b70b65a9a1d9caeaefc1293220b0d45eed2adeb3ac1e465e5a8ec2a83ad772,6c790e6bb35dfaf24c11cea01964a3429c02fbe323e00d8eb5e9533d7a3f49ae,552087,551943,144,data/processed/project_gutenberg_resolved_v1/nineteenth_century_bridge/part-0001.txt,65832013,66387735,551943,555722,f657c9bb098d36ec747c3413938bf097c6815815ccd50162b808b733dc7b7dcc
43804,"Storia delle repubbliche italiane dei secoli di mezzo, v. 05 (of 16)","Sismondi, J.-C.-L. Simonde de (Jean-Charles-Léonard Simonde)",initial_eligible_pool,Project Gutenberg,https://www.gutenberg.org/ebooks/43804,nineteenth_century_bridge,nineteenth_century_bridge,nineteenth_century_bridge,standard_italian,eligible_standard_core_pending_processed_build,preserve_boilerplate_stripped_primary_text,,eligible_pending_v7_and_mixture_freeze,text_materialized_pending_v7,data/local/gutenberg/fulltext_gate_v1/pg43804.txt,c320e097454351cd2f8f35a5df599ed40745e250fc511f3458064a5d51011aac,f479d942ffea2b812562435e5d6e5685615a0aacc571c00abe8d982fe163242b,570998,570854,144,data/processed/project_gutenberg_resolved_v1/nineteenth_century_bridge/part-0001.txt,66387736,66962386,570854,574650,f0ca8aac6115a574069d2470e5d58284d489f807a075842830ba0eac8e956108
43859,"Storia delle repubbliche italiane dei secoli di mezzo, v. 06 (of 16)","Sismondi, J.-C.-L. Simonde de (Jean-Charles-Léonard Simonde)",initial_eligible_pool,Project Gutenberg,https://www.gutenberg.org/ebooks/43859,nineteenth_century_bridge,nineteenth_century_bridge,nineteenth_century_bridge,standard_italian,eligible_standard_core_pending_processed_build,preserve_boilerplate_stripped_primary_text,,eligible_pending_v7_and_mixture_freeze,text_materialized_pending_v7,data/local/gutenberg/fulltext_gate_v1/pg43859.txt,8d04167888503641876bd9f3a6ac3559ee9464367fe2b351e40836699fa99245,50dbd97c5da197ff24cf142e8809e6234829df3a5c92a970e293eaee4160677c,568306,568162,144,data/processed/project_gutenberg_resolved_v1/nineteenth_century_bridge/part-0002.txt,0,572033,568162,572033,6307c6382f4c6af7d7374f9cc667bc1168dbf327b0658c40251ad42ecb79e1d2
43860,"Storia delle repubbliche italiane dei secoli di mezzo, v. 07 (of 16)","Sismondi, J.-C.-L. Simonde de (Jean-Charles-Léonard Simonde)",initial_eligible_pool,Project Gutenberg,https://www.gutenberg.org/ebooks/43860,nineteenth_century_bridge,nineteenth_century_bridge,nineteenth_century_bridge,standard_italian,eligible_standard_core_pending_processed_build,preserve_boilerplate_stripped_primary_text,,eligible_pending_v7_and_mixture_freeze,text_materialized_pending_v7,data/local/gutenberg/fulltext_gate_v1/pg43860.txt,1fee02dd993ccbf9b00704df9c90c57b23c7a42857ac9728af0f879686b5092d,27791acc9cc63bd2c1fe221ff17f398c35e2e802bdee575f5f0d8cbfe1d8f608,599422,599278,144,data/processed/project_gutenberg_resolved_v1/nineteenth_century_bridge/part-0002.txt,572034,1175354,599278,603320,9ffc46acf62e7c81d79fd07ac0cd03a80ca96959b0e2da560dabec29f489f340
43948,"Storia delle repubbliche italiane dei secoli di mezzo, v. 08 (of 16)","Sismondi, J.-C.-L. Simonde de (Jean-Charles-Léonard Simonde)",initial_eligible_pool,Project Gutenberg,https://www.gutenberg.org/ebooks/43948,nineteenth_century_bridge,nineteenth_century_bridge,nineteenth_century_bridge,standard_italian,eligible_standard_core_pending_processed_build,preserve_boilerplate_stripped_primary_text,,eligible_pending_v7_and_mixture_freeze,text_materialized_pending_v7,data/local/gutenberg/fulltext_gate_v1/pg43948.txt,d3ce178a2a8cdd980ef94ee84f8c2b22a95df4321b9d3518b5d170942350bfc7,d2ddfa214106b10e79ff71791fd61a170967e6c05bf77ecb0cbafb9b9bbbc74d,586029,585825,204,data/processed/project_gutenberg_resolved_v1/nineteenth_century_bridge/part-0002.txt,1175355,1765515,585825,590160,b894f10c6259cdd2333f641fe7ba17e3b18359e15cc7e0ac10f4db513f08920c
43949,"Storia delle repubbliche italiane dei secoli di mezzo, v. 09 (of 16)","Sismondi, J.-C.-L. Simonde de (Jean-Charles-Léonard Simonde)",initial_eligible_pool,Project Gutenberg,https://www.gutenberg.org/ebooks/43949,nineteenth_century_bridge,nineteenth_century_bridge,nineteenth_century_bridge,standard_italian,eligible_standard_core_pending_processed_build,preserve_boilerplate_stripped_primary_text,,eligible_pending_v7_and_mixture_freeze,text_materialized_pending_v7,data/local/gutenberg/fulltext_gate_v1/pg43949.txt,d232e98c94cd28c0b7880399a3db866e1993f74715f2034d99443889da4eed6a,3d1196e02d3f7a72347e52ffc9e921d19c4dfde1c72daad6b4eb2fabd74238bb,618537,618329,208,data/processed/project_gutenberg_resolved_v1/nineteenth_century_bridge/part-0002.txt,1765516,2387979,618329,622463,2f0347f76df42a8312224597ae4fc87766eb5908d3e37fdc7dd576b8f7bf046a
44069,"Storia delle repubbliche italiane dei secoli di mezzo, v. 10 (of 16)","Sismondi, J.-C.-L. Simonde de (Jean-Charles-Léonard Simonde)",initial_eligible_pool,Project Gutenberg,https://www.gutenberg.org/ebooks/44069,nineteenth_century_bridge,nineteenth_century_bridge,nineteenth_century_bridge,standard_italian,eligible_standard_core_pending_processed_build,preserve_boilerplate_stripped_primary_text,,eligible_pending_v7_and_mixture_freeze,text_materialized_pending_v7,data/local/gutenberg/fulltext_gate_v1/pg44069.txt,73eee8102892e4210f6f038e3b0525973473bda262c871682a952f738ddcee16,f1fb69018d5f6807356ecf3181f8d0995754f1004e170612807786d1a8f60369,578562,578359,203,data/processed/project_gutenberg_resolved_v1/nineteenth_century_bridge/part-0002.txt,2387980,2970570,578359,582590,dbbf9b91e43a662f4844e3b2dced786a5c3b29da1ba4a02d97f6ff4248bb493b
44168,"Storia delle repubbliche italiane dei secoli di mezzo, v. 11 (of 16)","Sismondi, J.-C.-L. Simonde de (Jean-Charles-Léonard Simonde)",initial_eligible_pool,Project Gutenberg,https://www.gutenberg.org/ebooks/44168,nineteenth_century_bridge,nineteenth_century_bridge,nineteenth_century_bridge,standard_italian,eligible_standard_core_pending_processed_build,preserve_boilerplate_stripped_primary_text,,eligible_pending_v7_and_mixture_freeze,text_materialized_pending_v7,data/local/gutenberg/fulltext_gate_v1/pg44168.txt,a7f77542e58e9011bae95d9c1f1a61390fb68664a886e041096b00b0bd151451,b1949dd5cb80b49f96d6bcadb7e40314cd4cd3fd30418d907ec77574d44420c1,531068,530856,212,data/processed/project_gutenberg_resolved_v1/nineteenth_century_bridge/part-0002.txt,2970571,3504877,530856,534306,f9ad773451798c684e81ddd455c5cc1eab615a2cacdc16fdac1b91d4eaf2da81
44169,"Storia delle repubbliche italiane dei secoli di mezzo, v. 12 (of 16)","Sismondi, J.-C.-L. Simonde de (Jean-Charles-Léonard Simonde)",initial_eligible_pool,Project Gutenberg,https://www.gutenberg.org/ebooks/44169,nineteenth_century_bridge,nineteenth_century_bridge,nineteenth_century_bridge,standard_italian,eligible_standard_core_pending_processed_build,preserve_boilerplate_stripped_primary_text,,eligible_pending_v7_and_mixture_freeze,text_materialized_pending_v7,data/local/gutenberg/fulltext_gate_v1/pg44169.txt,da2377d0f83a4a1c194eb9331c7be3ecc6de96da8bc6831cac6dfd09cf705b82,f111f915709be6673c263a6d7b323f36fcbb21614d326041f99ae501431e03cc,683287,683062,225,data/processed/project_gutenberg_resolved_v1/nineteenth_century_bridge/part-0002.txt,3504878,4192838,683062,687960,d6792ff2c624918f5e0a4039429e43bde1a3165b2f907d61fd7fb25199bb89d1
44170,"Storia delle repubbliche italiane dei secoli di mezzo, v. 13 (of 16)","Sismondi, J.-C.-L. Simonde de (Jean-Charles-Léonard Simonde)",initial_eligible_pool,Project Gutenberg,https://www.gutenberg.org/ebooks/44170,nineteenth_century_bridge,nineteenth_century_bridge,nineteenth_century_bridge,standard_italian,eligible_standard_core_pending_processed_build,preserve_boilerplate_stripped_primary_text,,eligible_pending_v7_and_mixture_freeze,text_materialized_pending_v7,data/local/gutenberg/fulltext_gate_v1/pg44170.txt,31c86f0ee09c19cff4261ef08127a3212c65cd884468351e0d0a5aa8aff27e66,8af177ad9e3aa9d9a33950e73a63bf9f39854b31a2136727816d9413e87694c4,702923,702710,213,data/processed/project_gutenberg_resolved_v1/nineteenth_century_bridge/part-0002.txt,4192839,4900655,702710,707816,7d311d7b9c614815d17444558b2ef00de0c0533e15f2617acbdf6fe0153587fd
44355,"Il re dei re, vol. 3: Convoglio diretto nell'XI secolo","Petruccelli della Gattina, Ferdinando",initial_eligible_pool,Project Gutenberg,https://www.gutenberg.org/ebooks/44355,nineteenth_century_bridge,nineteenth_century_bridge,nineteenth_century_bridge,standard_italian,eligible_standard_core_pending_processed_build,preserve_boilerplate_stripped_primary_text,,eligible_pending_v7_and_mixture_freeze,text_materialized_pending_v7,data/local/gutenberg/fulltext_gate_v1/pg44355.txt,67e16bcc098115eeae0f9cd654e41e5ca8d668d7ad4fd93cba20a2b47496a7a0,894cfbc9a696fbc0c78890d3d594d9217f9216cc9180b7f96234b1b9c0a4359f,174300,174300,0,data/processed/project_gutenberg_resolved_v1/nineteenth_century_bridge/part-0002.txt,4900656,5076227,174300,175571,894cfbc9a696fbc0c78890d3d594d9217f9216cc9180b7f96234b1b9c0a4359f
44363,"Storia delle repubbliche italiane dei secoli di mezzo, v. 14 (of 16)","Sismondi, J.-C.-L. Simonde de (Jean-Charles-Léonard Simonde)",initial_eligible_pool,Project Gutenberg,https://www.gutenberg.org/ebooks/44363,nineteenth_century_bridge,nineteenth_century_bridge,nineteenth_century_bridge,standard_italian,eligible_standard_core_pending_processed_build,preserve_boilerplate_stripped_primary_text,,eligible_pending_v7_and_mixture_freeze,text_materialized_pending_v7,data/local/gutenberg/fulltext_gate_v1/pg44363.txt,29dfad85177fbd8731c6690b734d385cd271583db4ba7e81a7f032b982e945fa,eb80e5dc45fcc157214fae357ce3be0c2de30290793382acc0a928a424779683,725881,725737,144,data/processed/project_gutenberg_resolved_v1/nineteenth_century_bridge/part-0002.txt,5076228,5807625,725737,731397,9de4e40c1d451413ea5cb208cfb4916218a95f7b2fe5a19e63b9c44639228e3e
44364,"Storia delle repubbliche italiane dei secoli di mezzo, v. 15 (of 16)","Sismondi, J.-C.-L. Simonde de (Jean-Charles-Léonard Simonde)",initial_eligible_pool,Project Gutenberg,https://www.gutenberg.org/ebooks/44364,nineteenth_century_bridge,nineteenth_century_bridge,nineteenth_century_bridge,standard_italian,eligible_standard_core_pending_processed_build,preserve_boilerplate_stripped_primary_text,,eligible_pending_v7_and_mixture_freeze,text_materialized_pending_v7,data/local/gutenberg/fulltext_gate_v1/pg44364.txt,0524597f43558d8d00480aa695a7f64d5430a21519e4e67def7483a5e3396164,5abc33b896169bdca399797fc17d5fcb435068eb4c51de23c765f6fc7fa2b3a3,635781,635637,144,data/processed/project_gutenberg_resolved_v1/nineteenth_century_bridge/part-0002.txt,5807626,6448553,635637,640927,8b6f3b18b4d1d3fb324dfa91285dd96a1d749eb10c6eafadf27b43a139c98c60
44365,"Storia delle repubbliche italiane dei secoli di mezzo, v. 16 (of 16)","Sismondi, J.-C.-L. Simonde de (Jean-Charles-Léonard Simonde)",initial_eligible_pool,Project Gutenberg,https://www.gutenberg.org/ebooks/44365,nineteenth_century_bridge,nineteenth_century_bridge,nineteenth_century_bridge,standard_italian,eligible_standard_core_pending_processed_build,preserve_boilerplate_stripped_primary_text,,eligible_pending_v7_and_mixture_freeze,text_materialized_pending_v7,data/local/gutenberg/fulltext_gate_v1/pg44365.txt,e8c0bceb979f1285a5fb1f650382f36a25220c8162c6ecdfd3542d1e5ab94a67,443c896f6a53de0255c71f0c4ea21043a42bbc0d1773e80121eea689615be7f9,692983,692750,233,data/processed/project_gutenberg_resolved_v1/nineteenth_century_bridge/part-0002.txt,6448554,7146690,692750,698136,8ceb3e3759dac5de9a4069aa1515a8fd3af2a0df0b4c05fd24356c55d9d0abd0
44383,"Il re dei re, vol. 4: Convoglio diretto nell'XI secolo","Petruccelli della Gattina, Ferdinando",initial_eligible_pool,Project Gutenberg,https://www.gutenberg.org/ebooks/44383,nineteenth_century_bridge,nineteenth_century_bridge,nineteenth_century_bridge,standard_italian,eligible_standard_core_pending_processed_build,preserve_boilerplate_stripped_primary_text,,eligible_pending_v7_and_mixture_freeze,text_materialized_pending_v7,data/local/gutenberg/fulltext_gate_v1/pg44383.txt,7f72a7adbbe0d90cb140e6e9f7e4ff75b885498b6efbf4ce5cf43f6d2cd5fa57,e689db3f4a27c66e1726780d264c6a451c081b0418dc3568c836d7efb30ac74b,190876,190876,0,data/processed/project_gutenberg_resolved_v1/nineteenth_century_bridge/part-0002.txt,7146691,7338921,190876,192230,e689db3f4a27c66e1726780d264c6a451c081b0418dc3568c836d7efb30ac74b
44714,I Viaggi di Marco Polo: Unica versione originale fedelmente riscontrata sul codice magliabeccano e sulle opere di Charton,"Verne, Jules;Polo, Marco",pass_1b_eligible_pool,Project Gutenberg,https://www.gutenberg.org/ebooks/44714,nineteenth_century_bridge,nineteenth_century_bridge,nineteenth_century_bridge,standard_italian,eligible_standard_core_pending_processed_build,preserve_boilerplate_stripped_primary_text,,eligible_pending_v7_and_mixture_freeze,text_materialized_pending_v7,data/local/gutenberg/metadata_review_v1/pg44714.txt,3d23c2b522f787b6ab6e9f7bbd61b60e351ced2272d726c3756f052f3da52c03,2245f3dbd27d314963f656bfe12713c1cba1064a3468abfff874d1f18caf5400,156586,156427,159,data/processed/project_gutenberg_resolved_v1/nineteenth_century_bridge/part-0002.txt,7338922,7496764,156427,157842,c3f624eaa7268000b914f3c82894f4f8a347e9d9c487adc1de0e82c0116b9a88
44797,"Ettore Fieramosca: ossia, La disfida di Barletta","Azeglio, Massimo d'",initial_eligible_pool,Project Gutenberg,https://www.gutenberg.org/ebooks/44797,nineteenth_century_bridge,nineteenth_century_bridge,nineteenth_century_bridge,standard_italian,eligible_standard_core_pending_processed_build,preserve_boilerplate_stripped_primary_text,,eligible_pending_v7_and_mixture_freeze,text_materialized_pending_v7,data/local/gutenberg/fulltext_gate_v1/pg44797.txt,7039ec2708256ed96642efebdbb59f41963233e985e67617edf63852f21aeabd,67398b62e42235ddfe7d2ed1727fa6908c34a792ba68bdb38e8de31648aca971,532929,532716,213,data/processed/project_gutenberg_resolved_v1/nineteenth_century_bridge/part-0002.txt,7496765,8032752,532716,535987,136a391a8b536a1b39957226d881f6c460643ca9d533ffdb6d13e468a5564abe
44893,Della illustrazione delle lingue antiche e moderne e principalmente dell'italiana: procurata nel secolo XVIII. dagli Italiani - Parte I,"Lucchesini, Cesare",initial_eligible_pool,Project Gutenberg,https://www.gutenberg.org/ebooks/44893,nineteenth_century_bridge,nineteenth_century_bridge,nineteenth_century_bridge,standard_italian,eligible_standard_core_pending_processed_build,preserve_boilerplate_stripped_primary_text,,eligible_pending_v7_and_mixture_freeze,text_materialized_pending_v7,data/local/gutenberg/fulltext_gate_v1/pg44893.txt,f720997cb51d02d38454a1fd518002f83234c07d935b03a7ecd9013132e70153,c69c3f122089b4ffb9c41a73e2fb06c8052f6996a4af7a0e40d6dd845a2bd831,282005,280247,1758,data/processed/project_gutenberg_resolved_v1/nineteenth_century_bridge/part-0002.txt,8032753,8316798,280247,284045,b18bb1d1d7fe80caaee8e84caf7ddf91087c5a8523cd5560928b9e1a710fa34d
45120,Della illustrazione delle lingue antiche e moderne e principalmente dell'italiana: procurata nel secolo XVIII. dagli Italiani - Parte II,"Lucchesini, Cesare",initial_eligible_pool,Project Gutenberg,https://www.gutenberg.org/ebooks/45120,nineteenth_century_bridge,nineteenth_century_bridge,nineteenth_century_bridge,standard_italian,eligible_standard_core_pending_processed_build,preserve_boilerplate_stripped_primary_text,,eligible_pending_v7_and_mixture_freeze,text_materialized_pending_v7,data/local/gutenberg/fulltext_gate_v1/pg45120.txt,7a61938b5236947d090cc973e805499643208cd5953c3cd16312837425bf528e,e4396f08e1f12bbd5b4117affda2254737710a5cbf61f1df7af61797e06f7c84,407343,404376,2967,data/processed/project_gutenberg_resolved_v1/nineteenth_century_bridge/part-0002.txt,8316799,8727425,404376,410626,271534bd20da55b1ea94e968df92185296e532fc03b0a2d21512628f70caa6a3
45126,La Seconda e Terza Guerra Punica: Tratto da un codice dell'Ambrosiana,"Bruni, Leonardo",initial_eligible_pool,Project Gutenberg,https://www.gutenberg.org/ebooks/45126,origins_through_1800,historical_general,historical_general,standard_italian,eligible_standard_core_pending_processed_build,preserve_boilerplate_stripped_primary_text,,eligible_pending_v7_and_mixture_freeze,text_materialized_pending_v7,data/local/gutenberg/fulltext_gate_v1/pg45126.txt,ef8204ee311a5134e7bb6d337501724b4df97248655af5713f28eeb2fb50dbf9,7364436c52993db035661f49bc28fc3b7a22779849454d13339520614f5d7c20,145413,145413,0,data/processed/project_gutenberg_resolved_v1/historical_general/part-0001.txt,8028079,8175135,145413,147056,7364436c52993db035661f49bc28fc3b7a22779849454d13339520614f5d7c20
45215,"Storia della decadenza e rovina dell'impero romano, volume 01","Gibbon, Edward",initial_eligible_pool,Project Gutenberg,https://www.gutenberg.org/ebooks/45215,origins_through_1800,historical_general,historical_general,standard_italian,eligible_standard_core_pending_processed_build,preserve_boilerplate_stripped_primary_text,,eligible_pending_v7_and_mixture_freeze,text_materialized_pending_v7,data/local/gutenberg/fulltext_gate_v1/pg45215.txt,44c19022cfbd80ae98d0b42cf231d9424a927239b14fd31a8e33fa4fc5fbbe80,2e2bc23f5804ead97ab2d4b176783f79f1d4f0c7667562c467c45cbee75e1fd2,794172,793802,370,data/processed/project_gutenberg_resolved_v1/historical_general/part-0001.txt,8175136,8973973,793802,798837,b30a8bef50258ca13d25ebc4089d34c00c45c85e4735baf98a75a864f5018a4b
45216,"Storia della decadenza e rovina dell'impero romano, volume 02","Gibbon, Edward",initial_eligible_pool,Project Gutenberg,https://www.gutenberg.org/ebooks/45216,origins_through_1800,historical_general,historical_general,standard_italian,eligible_standard_core_pending_processed_build,preserve_boilerplate_stripped_primary_text,,eligible_pending_v7_and_mixture_freeze,text_materialized_pending_v7,data/local/gutenberg/fulltext_gate_v1/pg45216.txt,239a7ee5e3b6cea4f4f8c352932fed7199988fd34b7044b1722fec0c0b70f3e3,91224f17bdf405417a9931965fa4b03561b246c9869194fde12b1e01bc511eba,636474,636124,350,data/processed/project_gutenberg_resolved_v1/historical_general/part-0001.txt,8973974,9613975,636124,640001,8c1965ade91ca549dc6c4a7aa7038d5aed3e8bfe5594ecc0fb13712197e8d48e
45217,"Storia della decadenza e rovina dell'impero romano, volume 03","Gibbon, Edward",initial_eligible_pool,Project Gutenberg,https://www.gutenberg.org/ebooks/45217,origins_through_1800,historical_general,historical_general,standard_italian,eligible_standard_core_pending_processed_build,preserve_boilerplate_stripped_primary_text,,eligible_pending_v7_and_mixture_freeze,text_materialized_pending_v7,data/local/gutenberg/fulltext_gate_v1/pg45217.txt,bd16d3ba83bb339f07c938d91972840d99b919a889c24512feb2c17e95cbc2dc,5ac71fed76823b3175f879f446fb6aa367d31c5e53b432d6be3ba410638fe4c3,809625,809333,292,data/processed/project_gutenberg_resolved_v1/historical_general/part-0001.txt,9613976,10428631,809333,814655,2001743e78fcdad1694a0399cf3f82535e6cbebf03d2ad4cfa65e3bf8819d1a5
45218,"Storia della decadenza e rovina dell'impero romano, volume 04","Gibbon, Edward",initial_eligible_pool,Project Gutenberg,https://www.gutenberg.org/ebooks/45218,origins_through_1800,historical_general,historical_general,standard_italian,eligible_standard_core_pending_processed_build,preserve_boilerplate_stripped_primary_text,,eligible_pending_v7_and_mixture_freeze,text_materialized_pending_v7,data/local/gutenberg/fulltext_gate_v1/pg45218.txt,b2d25bd2234390e205a8d2a08463c9d4a48d1fbae99cf54c4ba02f241805cc16,25cd4832e0621ff26d590c0fa64ecbbac1c6d68e138e44e25d42c3a7a6f52b36,702229,701909,320,data/processed/project_gutenberg_resolved_v1/historical_general/part-0001.txt,10428632,11136139,701909,707507,89c813a9babc80473d4ace2a4cd6176c8b58021e68b35472e30cda71a62d10d3
45219,"Storia della decadenza e rovina dell'impero romano, volume 05","Gibbon, Edward",initial_eligible_pool,Project Gutenberg,https://www.gutenberg.org/ebooks/45219,origins_through_1800,historical_general,historical_general,standard_italian,eligible_standard_core_pending_processed_build,preserve_boilerplate_stripped_primary_text,,eligible_pending_v7_and_mixture_freeze,text_materialized_pending_v7,data/local/gutenberg/fulltext_gate_v1/pg45219.txt,bb72e9ea3462793cfdcbcc1f873a092eabdb1f032517c41c6bc2de3a22afd5c5,7b562c711861553e0dea9f07ab019e0e1d6610c35a79e04f5f55892caa286194,735937,735587,350,data/processed/project_gutenberg_resolved_v1/historical_general/part-0001.txt,11136140,11877634,735587,741494,62146e99faf8fac9a8d13de9cd408c0bc9c86049eaed39c4d120878a13018c3d
45220,"Storia della decadenza e rovina dell'impero romano, volume 06","Gibbon, Edward",initial_eligible_pool,Project Gutenberg,https://www.gutenberg.org/ebooks/45220,origins_through_1800,historical_general,historical_general,standard_italian,eligible_standard_core_pending_processed_build,preserve_boilerplate_stripped_primary_text,,eligible_pending_v7_and_mixture_freeze,text_materialized_pending_v7,data/local/gutenberg/fulltext_gate_v1/pg45220.txt,543b7d8154d74faa85b6ea6d88ed69bd95ee6e6f1bd3a5ec6785144e28fcb035,08816c3f2cf0aac598c634ca35b9122aa8d346e62dc0895560bcdcbdca430617,984370,984020,350,data/processed/project_gutenberg_resolved_v1/historical_general/part-0001.txt,11877635,12868150,984020,990515,0b374c30e421b1c09f83501753017fb34dc0c5960716367f758ddaa64fca6a83
45221,"Storia della decadenza e rovina dell'impero romano, volume 07","Gibbon, Edward",initial_eligible_pool,Project Gutenberg,https://www.gutenberg.org/ebooks/45221,origins_through_1800,historical_general,historical_general,standard_italian,eligible_standard_core_pending_processed_build,preserve_boilerplate_stripped_primary_text,,eligible_pending_v7_and_mixture_freeze,text_materialized_pending_v7,data/local/gutenberg/fulltext_gate_v1/pg45221.txt,00c7c4dac28a7c0e824de32a2c74e2c7609d219ebdae0ec0b010e62f3bef761d,98afafd4206897cce8815f0be94b8f45eccc8dffd8fd92a333547e84c3c78134,837952,837598,354,data/processed/project_gutenberg_resolved_v1/historical_general/part-0001.txt,12868151,13711567,837598,843416,6a8ffaf82cade086be664146a2133349d8b96fcfff896cbda7896ed300fbf5e4
45222,"Storia della decadenza e rovina dell'impero romano, volume 08","Gibbon, Edward",initial_eligible_pool,Project Gutenberg,https://www.gutenberg.org/ebooks/45222,origins_through_1800,historical_general,historical_general,standard_italian,eligible_standard_core_pending_processed_build,preserve_boilerplate_stripped_primary_text,,eligible_pending_v7_and_mixture_freeze,text_materialized_pending_v7,data/local/gutenberg/fulltext_gate_v1/pg45222.txt,5f42f2958df6cef94127fa8a4b0b4d7912fd1b031db90a0616a30160a30dd2e0,230bbb80c0050bd4d1aae149c077e90772c0a9401b0ca8f75701a755075ef2e0,767658,767310,348,data/processed/project_gutenberg_resolved_v1/historical_general/part-0001.txt,13711568,14485423,767310,773855,cc8131b4750cf80a1ab39d9e57648127041c651eca8ea1657598d1ba669eb111
45223,"Storia della decadenza e rovina dell'impero romano, volume 09","Gibbon, Edward",initial_eligible_pool,Project Gutenberg,https://www.gutenberg.org/ebooks/45223,origins_through_1800,historical_general,historical_general,standard_italian,eligible_standard_core_pending_processed_build,preserve_boilerplate_stripped_primary_text,,eligible_pending_v7_and_mixture_freeze,text_materialized_pending_v7,data/local/gutenberg/fulltext_gate_v1/pg45223.txt,55d7b94e98a9aae0cad3b2948b567e5a92e09a80aa8f95eee3190aec5306d76c,fb33c4ebcfea9d94afa6f67b3885d206a2dc490861aff9ca2bf9b4cfa533043c,665493,665058,435,data/processed/project_gutenberg_resolved_v1/historical_general/part-0001.txt,14485424,15158161,665058,672737,6a7a3578ce807dfa8e9c5710d2f79bf47d93399fd879b895a7946763e8b49041
45224,"Storia della decadenza e rovina dell'impero romano, volume 10","Gibbon, Edward",initial_eligible_pool,Project Gutenberg,https://www.gutenberg.org/ebooks/45224,origins_through_1800,historical_general,historical_general,standard_italian,eligible_standard_core_pending_processed_build,preserve_boilerplate_stripped_primary_text,,eligible_pending_v7_and_mixture_freeze,text_materialized_pending_v7,data/local/gutenberg/fulltext_gate_v1/pg45224.txt,4a553546f3a41a54b3edee23d1948133b5a42ea34ea3ab9315e4ffdcc1298c1d,e1050b403f9b1c69f8e20ca27079e6f1ebffa2848315d40a951b7be6ada4ebe0,871362,871008,354,data/processed/project_gutenberg_resolved_v1/historical_general/part-0001.txt,15158162,16039555,871008,881393,8b962b6138a820ef3b475fd32ad04f46ba1b5df95047f9f85cf024935c8e30f6
45225,"Storia della decadenza e rovina dell'impero romano, volume 11","Gibbon, Edward",initial_eligible_pool,Project Gutenberg,https://www.gutenberg.org/ebooks/45225,origins_through_1800,historical_general,historical_general,standard_italian,eligible_standard_core_pending_processed_build,preserve_boilerplate_stripped_primary_text,,eligible_pending_v7_and_mixture_freeze,text_materialized_pending_v7,data/local/gutenberg/fulltext_gate_v1/pg45225.txt,76e633f30795ca7ac4f619ebc565f8cdaab374f687e1e4a3a51e20135739e415,92360e49298d51601bd602e0b13d54d0ae2bc04ba2d3b661e1d15b942d7d66a2,815392,815031,361,data/processed/project_gutenberg_resolved_v1/historical_general/part-0001.txt,16039556,16861555,815031,821999,c2d99ddb1a1d3f4406262e22bb5f3970c2c49101861f7f74c74a28cb65e8bbb8
45226,"Storia della decadenza e rovina dell'impero romano, volume 12","Gibbon, Edward",initial_eligible_pool,Project Gutenberg,https://www.gutenberg.org/ebooks/45226,origins_through_1800,historical_general,historical_general,standard_italian,eligible_standard_core_pending_processed_build,preserve_boilerplate_stripped_primary_text,,eligible_pending_v7_and_mixture_freeze,text_materialized_pending_v7,data/local/gutenberg/fulltext_gate_v1/pg45226.txt,242a9fc22abb4258e4e83a2ea47f5c2bafb349079c7a9e1362f2f894ce286502,f32b7c3632cb6d256aa8ab028701b6f56e84fb7d6dc545cbb86ec813c6a6d4eb,877612,877245,367,data/processed/project_gutenberg_resolved_v1/historical_general/part-0001.txt,16861556,17745961,877245,884405,0d368abf3bbf363dded9495cae83a23327252fecedc369b585020eaa1eb62056
45227,"Storia della decadenza e rovina dell'impero romano, volume 13","Gibbon, Edward",initial_eligible_pool,Project Gutenberg,https://www.gutenberg.org/ebooks/45227,origins_through_1800,historical_general,historical_general,standard_italian,eligible_standard_core_pending_processed_build,preserve_boilerplate_stripped_primary_text,,eligible_pending_v7_and_mixture_freeze,text_materialized_pending_v7,data/local/gutenberg/fulltext_gate_v1/pg45227.txt,4b8970871f23bd5d2b75c57d6e28dac108d9cf18572730259a50a16a5a3ed4c0,f45c99bca44b00e00825374e51512532a9dfc89d1c5dacc386157a371fe99e63,883207,882859,348,data/processed/project_gutenberg_resolved_v1/historical_general/part-0001.txt,17745962,18633582,882859,887620,daf52d8bff62539eb945d25f19697f32060d573a960ca30e1abec9ad97ee9040
45296,Carlo Darwin,"Lessona, Michele",initial_eligible_pool,Project Gutenberg,https://www.gutenberg.org/ebooks/45296,nineteenth_century_bridge,nineteenth_century_bridge,nineteenth_century_bridge,standard_italian,eligible_standard_core_pending_processed_build,preserve_boilerplate_stripped_primary_text,,eligible_pending_v7_and_mixture_freeze,text_materialized_pending_v7,data/local/gutenberg/fulltext_gate_v1/pg45296.txt,1a99471b9d09e27b457d86e3e0663679f3c0139d008f9a37e2b6e22059be4980,2f8c128362d8c820dd7addf66d5583947f2f79c719d1a0d5b7a7cfbccecbe596,379132,379132,0,data/processed/project_gutenberg_resolved_v1/nineteenth_century_bridge/part-0002.txt,8727426,9109484,379132,382058,2f8c128362d8c820dd7addf66d5583947f2f79c719d1a0d5b7a7cfbccecbe596
45334,"I promessi sposi.: Opere di Alessando Manzoni, vol. 1","Manzoni, Alessandro",initial_eligible_pool,Project Gutenberg,https://www.gutenberg.org/ebooks/45334,nineteenth_century_bridge,nineteenth_century_bridge,nineteenth_century_bridge,standard_italian,exclude_canonical_cross_corpus_duplicate,exclude_complete_source,bibit:bibit000666,excluded_canonical_duplicate,not_materialized_canonical_duplicate,data/local/gutenberg/fulltext_gate_v1/pg45334.txt,5142400c2ef4edd5fd2e3762c6c125a7f3fe818660b53605aa3c8d023d07bf89,e1c163aa987b318af28f7dc896f9b3e49b7d16cc715cbe9813c8ede5d7c4bc1b,1409408,0,1409408,,,,0,0,e3b0c44298fc1c149afbf4c8996fb92427ae41e4649b934ca495991b7852b855
45565,"La guerra dei pirati e la marina pontificia dal 1500 al 1560, vol. 1","Guglielmotti, Alberto P.",initial_eligible_pool,Project Gutenberg,https://www.gutenberg.org/ebooks/45565,nineteenth_century_bridge,nineteenth_century_bridge,nineteenth_century_bridge,standard_italian,eligible_standard_core_pending_processed_build,preserve_boilerplate_stripped_primary_text,,eligible_pending_v7_and_mixture_freeze,text_materialized_pending_v7,data/local/gutenberg/fulltext_gate_v1/pg45565.txt,d2cbbf215d69b33c0d371cdd9919c4c91e065afa79de5916fe4fc80390105195,c92697ef0754f529caccce9d5164bb5f8aaa5ef6170b495ad83d73625900b37c,826188,825954,234,data/processed/project_gutenberg_resolved_v1/nineteenth_century_bridge/part-0002.txt,9109485,9944124,825954,834639,a4a44d2d5f1863de1cf976e37d328150afcb2323048e879d01878eeeed3c13fd
45566,"La guerra dei pirati e la marina pontificia dal 1500 al 1560, vol. 2","Guglielmotti, Alberto P.",initial_eligible_pool,Project Gutenberg,https://www.gutenberg.org/ebooks/45566,nineteenth_century_bridge,nineteenth_century_bridge,nineteenth_century_bridge,standard_italian,eligible_standard_core_pending_processed_build,preserve_boilerplate_stripped_primary_text,,eligible_pending_v7_and_mixture_freeze,text_materialized_pending_v7,data/local/gutenberg/fulltext_gate_v1/pg45566.txt,43f77446420d0f123f6c3e9095674282bea8b5c75f675204a3305433dc962597,dac278560a2f6a03b60b89b12544d63b3a5931ed8731a7b7a5d1c857fa0e9c0f,890874,890614,260,data/processed/project_gutenberg_resolved_v1/nineteenth_century_bridge/part-0002.txt,9944125,10846143,890614,902018,3e035fa31f83707878b3cda97a7ed94f00cb22959398ab62544683a0e586c893
45594,Sotto il velame: Saggio di un'interpretazione generale del poema sacro,"Pascoli, Giovanni",pass_1b_eligible_pool,Project Gutenberg,https://www.gutenberg.org/ebooks/45594,nineteenth_century_bridge,historical_non_sonnet_poetry,historical_non_sonnet_poetry,standard_italian,eligible_standard_core_pending_processed_build,preserve_boilerplate_stripped_primary_text,,eligible_pending_v7_and_mixture_freeze,text_materialized_pending_v7,data/local/gutenberg/metadata_review_v1/pg45594.txt,95c3d3e0859079f04ccde1762669668c520adbb073379a54a47b8c8fe4782ae2,94596925155e8f09b1c44be4c33f98ac11e801d1f40a4227b81937411a9f5bcf,760229,760029,200,data/processed/project_gutenberg_resolved_v1/historical_non_sonnet_poetry/part-0001.txt,7132954,7905937,760029,772983,d406923813364647d15fef0e81cdfaf680a41091d0358072496c04b46f9ddf7e
45638,Gli albori della vita Italiana: Conferenze tenute a Firenze nel 1890,Various,pass_1b_eligible_pool,Project Gutenberg,https://www.gutenberg.org/ebooks/45638,nineteenth_century_bridge,nineteenth_century_bridge,nineteenth_century_bridge,standard_italian,eligible_standard_core_pending_processed_build,preserve_boilerplate_stripped_primary_text,,eligible_pending_v7_and_mixture_freeze,text_materialized_pending_v7,data/local/gutenberg/metadata_review_v1/pg45638.txt,309233393e5d4b6afa8b5f9998c6baacc0fbe940f91c292d0ab97a19200c7cf4,a1b377ecbefc3cdcd0797a2a2df60b74cefed0595d9454f51df34647b4ddcd91,734138,733923,215,data/processed/project_gutenberg_resolved_v1/nineteenth_century_bridge/part-0002.txt,10846144,11586738,733923,740594,fa772a0f6374b585ecd8e29a9e4574f06fb557390f2409e9e5a71442aa00d60b
45803,Racconti storici e morali,"Cantù, Cesare",initial_eligible_pool,Project Gutenberg,https://www.gutenberg.org/ebooks/45803,nineteenth_century_bridge,nineteenth_century_bridge,nineteenth_century_bridge,standard_italian,eligible_standard_core_pending_processed_build,preserve_boilerplate_stripped_primary_text,,eligible_pending_v7_and_mixture_freeze,text_materialized_pending_v7,data/local/gutenberg/fulltext_gate_v1/pg45803.txt,8e291da27dc48fee7b19c95b45f9a3ae83c161c1e1b2af2887b41f82c7c4eed1,8c1d5f201e07a11a45d57329b903630c1261c45486986af6729ade96bc507ae3,472845,472701,144,data/processed/project_gutenberg_resolved_v1/nineteenth_century_bridge/part-0002.txt,11586739,12063948,472701,477209,4db3bef7bfbf11cfa91f9c5af6bb816618044c631639fee8f59c0d0287b0826b
45807,Pro Judaeis: Riflessioni e Documenti,"Guidetti, Corrado",pass_1b_eligible_pool,Project Gutenberg,https://www.gutenberg.org/ebooks/45807,nineteenth_century_bridge,nineteenth_century_bridge,nineteenth_century_bridge,standard_italian,eligible_standard_core_pending_processed_build,preserve_boilerplate_stripped_primary_text,,eligible_pending_v7_and_mixture_freeze,text_materialized_pending_v7,data/local/gutenberg/metadata_review_v1/pg45807.txt,e9fe5c8bf9b138acfaf351097c2b91cee0e44114b02c2b5e7091cb9fbb0c444d,4ed2abbe07a2e3df74d6d6d34faddd0d26ad4e20cea4307017e338b457663f62,650888,650888,0,data/processed/project_gutenberg_resolved_v1/nineteenth_century_bridge/part-0002.txt,12063949,12722680,650888,658731,4ed2abbe07a2e3df74d6d6d34faddd0d26ad4e20cea4307017e338b457663f62
45901,"Storia d'Italia dal 1789 al 1814, tomo I","Botta, Carlo",initial_eligible_pool,Project Gutenberg,https://www.gutenberg.org/ebooks/45901,nineteenth_century_bridge,nineteenth_century_bridge,nineteenth_century_bridge,standard_italian,eligible_standard_core_pending_processed_build,preserve_boilerplate_stripped_primary_text,,eligible_pending_v7_and_mixture_freeze,text_materialized_pending_v7,data/local/gutenberg/fulltext_gate_v1/pg45901.txt,4de9d5698d1617c68004e97c637dc17853b2e2e2a4b05e05f51a957b250baa25,b41d053f6e42e97eb1485f25e7350689eae9dc45885b2aab5e04c3da320b19b3,609575,609367,208,data/processed/project_gutenberg_resolved_v1/nineteenth_century_bridge/part-0002.txt,12722681,13336381,609367,613700,9edaa729e1ba49fcff21a19a7ed1e2b811f87e728701b9ad8c989aa8e183285f
45902,"Storia d'Italia dal 1789 al 1814, tomo II","Botta, Carlo",initial_eligible_pool,Project Gutenberg,https://www.gutenberg.org/ebooks/45902,nineteenth_century_bridge,nineteenth_century_bridge,nineteenth_century_bridge,standard_italian,eligible_standard_core_pending_processed_build,preserve_boilerplate_stripped_primary_text,,eligible_pending_v7_and_mixture_freeze,text_materialized_pending_v7,data/local/gutenberg/fulltext_gate_v1/pg45902.txt,647aa4ca0704b6ab45915bf7f7c9133d967ec0a21433d94260c2f343433c420d,65e0556972a5ea57737dc8f5d0ee5ebbbf1d62b120e8f20c400a851862d79e2f,489957,489751,206,data/processed/project_gutenberg_resolved_v1/nineteenth_century_bridge/part-0002.txt,13336382,13829105,489751,492723,650f0d92b46ee0952a53e0c1a32e4389b2f5419eb3212db3f195289107a8345d
45903,"Storia d'Italia dal 1789 al 1814, tomo III","Botta, Carlo",initial_eligible_pool,Project Gutenberg,https://www.gutenberg.org/ebooks/45903,nineteenth_century_bridge,nineteenth_century_bridge,nineteenth_century_bridge,standard_italian,eligible_standard_core_pending_processed_build,preserve_boilerplate_stripped_primary_text,,eligible_pending_v7_and_mixture_freeze,text_materialized_pending_v7,data/local/gutenberg/fulltext_gate_v1/pg45903.txt,b6533d132e8263ff9d7aaa1f08608e23d322cef238990f2429e5d71708a79588,9ef1b8d2739470d0b4ad272eca484f7acafd89e01430390fc64e5d7e8ced32a7,550830,550624,206,data/processed/project_gutenberg_resolved_v1/nineteenth_century_bridge/part-0002.txt,13829106,14382934,550624,553828,ba4a6911611df5c9d409c1f8ed37331175abf32d854e17c706585120efea05e7
45904,"Storia d'Italia dal 1789 al 1814, tomo IV","Botta, Carlo",initial_eligible_pool,Project Gutenberg,https://www.gutenberg.org/ebooks/45904,nineteenth_century_bridge,nineteenth_century_bridge,nineteenth_century_bridge,standard_italian,eligible_standard_core_pending_processed_build,preserve_boilerplate_stripped_primary_text,,eligible_pending_v7_and_mixture_freeze,text_materialized_pending_v7,data/local/gutenberg/fulltext_gate_v1/pg45904.txt,849965c85f9596078f34e23c285ade7e477d189d287a477c4c2fe0f0f6e20ba3,c3adb55b62e2a1e40084993768fff8f310ebe43479e1b5b202d0cb4ffd6b96ee,638697,638491,206,data/processed/project_gutenberg_resolved_v1/nineteenth_century_bridge/part-0002.txt,14382935,15025054,638491,642119,4b2d289a8704e63d515b8a7dece3f2d402b8279f52692e4629e3e52de9503abe
45905,"Storia d'Italia dal 1789 al 1814, tomo V","Botta, Carlo",initial_eligible_pool,Project Gutenberg,https://www.gutenberg.org/ebooks/45905,nineteenth_century_bridge,nineteenth_century_bridge,nineteenth_century_bridge,standard_italian,eligible_standard_core_pending_processed_build,preserve_boilerplate_stripped_primary_text,,eligible_pending_v7_and_mixture_freeze,text_materialized_pending_v7,data/local/gutenberg/fulltext_gate_v1/pg45905.txt,061ce58062867883ecca1f8a91ffc4bc1ac42551e32ac43e0f4b4430cb94964c,6af654b049aad7afa640797acbcbefe53836215b5e16de42aea260fb7aeb1d75,561286,561080,206,data/processed/project_gutenberg_resolved_v1/nineteenth_century_bridge/part-0002.txt,15025055,15589367,561080,564312,5f8b97532329291f4e58fcabb6802141396df20c6040af2c7c67e523c54993a6
45906,"Storia d'Italia dal 1789 al 1814, tomo VI","Botta, Carlo",initial_eligible_pool,Project Gutenberg,https://www.gutenberg.org/ebooks/45906,nineteenth_century_bridge,nineteenth_century_bridge,nineteenth_century_bridge,standard_italian,eligible_standard_core_pending_processed_build,preserve_boilerplate_stripped_primary_text,,eligible_pending_v7_and_mixture_freeze,text_materialized_pending_v7,data/local/gutenberg/fulltext_gate_v1/pg45906.txt,3cb3ec4ca9a338074878769ff2f5aefdf46ad8da5841f9e2e38e12a5d4be3a98,c33049671f33f353c7885bbe29b4c07a7668fba701b5f376bcd7c2d7d0d94a94,572345,572143,202,data/processed/project_gutenberg_resolved_v1/nineteenth_century_bridge/part-0002.txt,15589368,16164732,572143,575364,d9cc1ba0b93d87841b773e2641b18293b891d1731d3e37d177b1a81c5f13c1d0
45948,Egitto,"Cagni, Manfredo",pass_1b_eligible_pool,Project Gutenberg,https://www.gutenberg.org/ebooks/45948,nineteenth_century_bridge,nineteenth_century_bridge,nineteenth_century_bridge,standard_italian,eligible_standard_core_pending_processed_build,preserve_boilerplate_stripped_primary_text,,eligible_pending_v7_and_mixture_freeze,text_materialized_pending_v7,data/local/gutenberg/metadata_review_v1/pg45948.txt,b49e67438cbf20154d51dece909cbf2e30c9e092ae37a2ffc15342416218a110,6fc06a5cd09a2f97efa23165b33657277f47ce951c50d17f7792557faeca2eed,339357,339357,0,data/processed/project_gutenberg_resolved_v1/nineteenth_century_bridge/part-0002.txt,16164733,16506509,339357,341776,6fc06a5cd09a2f97efa23165b33657277f47ce951c50d17f7792557faeca2eed
46031,"Brani inediti dei Promessi Sposi, vol. 1: Opere di Alessando Manzoni vol. 2 parte 1","Manzoni, Alessandro",initial_eligible_pool,Project Gutenberg,https://www.gutenberg.org/ebooks/46031,nineteenth_century_bridge,nineteenth_century_bridge,nineteenth_century_bridge,standard_italian,eligible_standard_core_pending_processed_build,preserve_boilerplate_stripped_primary_text,,eligible_pending_v7_and_mixture_freeze,text_materialized_pending_v7,data/local/gutenberg/fulltext_gate_v1/pg46031.txt,3d931db47bfc3eaf94d758294f3d948b0ab74183599bb6b20a309317962475e0,d4eb0b7667e5570c2366157162484814af6ce120a968bfd1f1bfe7da5c082ce3,632844,632737,107,data/processed/project_gutenberg_resolved_v1/nineteenth_century_bridge/part-0002.txt,16506510,17146880,632737,640370,fa868549bbd90d9fd2c472434476d9f8cfc397de97dc31edd038d581445900c2
46100,"Vita di Andrea Doria, Volume I","Guerrazzi, Francesco Domenico",initial_eligible_pool,Project Gutenberg,https://www.gutenberg.org/ebooks/46100,nineteenth_century_bridge,nineteenth_century_bridge,nineteenth_century_bridge,standard_italian,eligible_standard_core_pending_processed_build,preserve_boilerplate_stripped_primary_text,,eligible_pending_v7_and_mixture_freeze,text_materialized_pending_v7,data/local/gutenberg/fulltext_gate_v1/pg46100.txt,810089da554b10ca9088d43ba55c3f926e20c7f638ad064c62d0cefa61b8a558,f66dff4eaadbaf27ce64eb0cde599df35fbabbf693151846b5024265215c285a,512873,512671,202,data/processed/project_gutenberg_resolved_v1/nineteenth_century_bridge/part-0002.txt,17146881,17664063,512671,517182,4198fd122f4442927b989a41da85dcba1efdd9d166d863ec0984890cf2ba9186
46101,"Vita di Andrea Doria, Volume II","Guerrazzi, Francesco Domenico",initial_eligible_pool,Project Gutenberg,https://www.gutenberg.org/ebooks/46101,nineteenth_century_bridge,nineteenth_century_bridge,nineteenth_century_bridge,standard_italian,eligible_standard_core_pending_processed_build,preserve_boilerplate_stripped_primary_text,,eligible_pending_v7_and_mixture_freeze,text_materialized_pending_v7,data/local/gutenberg/fulltext_gate_v1/pg46101.txt,c838d9f0f0492f96bcc22975a09d4f1c94e3dba43505b99d1b7737b69dac7602,ef3f09fff582d9ab804b444d822ade8f30f329da75d30eca2537326016c46e8d,511658,511456,202,data/processed/project_gutenberg_resolved_v1/nineteenth_century_bridge/part-0002.txt,17664064,18180305,511456,516241,b09a8c93985394b3d0542d1f525eb5d212cb06889564016ad616fecd69984481
46126,Osservazioni sullo stato attuale dell'Italia e sul suo avvenire,"Belgioioso, Cristina",initial_eligible_pool,Project Gutenberg,https://www.gutenberg.org/ebooks/46126,nineteenth_century_bridge,nineteenth_century_bridge,nineteenth_century_bridge,standard_italian,eligible_standard_core_pending_processed_build,preserve_boilerplate_stripped_primary_text,,eligible_pending_v7_and_mixture_freeze,text_materialized_pending_v7,data/local/gutenberg/fulltext_gate_v1/pg46126.txt,ad86ca095e58fce2a7365db0c1c081b26d5fb5264d401395671d93bfeecf6aa4,1d074c388ebf02ec2a77f209b250135cda451592ced6824d63d9499ee3cf9d19,348635,348424,211,data/processed/project_gutenberg_resolved_v1/nineteenth_century_bridge/part-0002.txt,18180306,18532679,348424,352373,1866aba7e2689478ea5e9d2df1cefba8db6f7d82e4ebee25176fad0889ebc51d
46163,Maschere: Dramma in un atto,"Bracco, Roberto",pass_1b_eligible_pool,Project Gutenberg,https://www.gutenberg.org/ebooks/46163,nineteenth_century_bridge,nineteenth_century_bridge,nineteenth_century_bridge,standard_italian,eligible_standard_core_pending_processed_build,preserve_boilerplate_stripped_primary_text,,eligible_pending_v7_and_mixture_freeze,text_materialized_pending_v7,data/local/gutenberg/metadata_review_v1/pg46163.txt,925f682504729728dcdf69545f33c45c61d3fa80f8fbba030f7faa4f718002e1,80f9ead3a0c4c0d76095d81908fff55ba1efc534015987cee02cb58193114154,38022,37878,144,data/processed/project_gutenberg_resolved_v1/nineteenth_century_bridge/part-0002.txt,18532680,18570923,37878,38243,91a8aa97c0a431111cc22efe22a00bb6db9d3677d2348740d71c86d677a9e225
46225,Quartetto,"Oriani, Alfredo",pass_1b_eligible_pool,Project Gutenberg,https://www.gutenberg.org/ebooks/46225,nineteenth_century_bridge,nineteenth_century_bridge,nineteenth_century_bridge,standard_italian,eligible_standard_core_pending_processed_build,preserve_boilerplate_stripped_primary_text,,eligible_pending_v7_and_mixture_freeze,text_materialized_pending_v7,data/local/gutenberg/metadata_review_v1/pg46225.txt,1ffec02c62bc91be43b1c1d6906c495770ffac425e614ee5bbd025448370bcd3,496c0878cfd8feb6551d31fd9f6fc50dfaf6177233053aa99210cadf440ad585,516950,516806,144,data/processed/project_gutenberg_resolved_v1/nineteenth_century_bridge/part-0002.txt,18570924,19092741,516806,521817,5b0560b8a77c97dfbbe9ac9c569d851857616c130d9fe028d9f9d0ec22b5c544
46295,"Capitale e mano d'opera: Le Commedie, vol. 1","Carrera, Valentino",initial_eligible_pool,Project Gutenberg,https://www.gutenberg.org/ebooks/46295,nineteenth_century_bridge,nineteenth_century_bridge,nineteenth_century_bridge,standard_italian,eligible_standard_core_pending_processed_build,preserve_boilerplate_stripped_primary_text,,eligible_pending_v7_and_mixture_freeze,text_materialized_pending_v7,data/local/gutenberg/fulltext_gate_v1/pg46295.txt,e3f7c85507bf24c28d4412a8c0200ce1ee0ef8ed9b4beb5271d05bb5b0a02704,cb12145b3c7f3d43e1b7599f6f8543bf7d069eb464338312f89ee43bf5e28c5c,140728,140584,144,data/processed/project_gutenberg_resolved_v1/nineteenth_century_bridge/part-0002.txt,19092742,19236529,140584,143787,3fb4980d215ea229b81e3a4cb64ebad5c05c327c6695d85527677f1d95715eb6
46296,"Dedica - Scarabocchio: Le Commedie, vol. 1","Carrera, Valentino",initial_eligible_pool,Project Gutenberg,https://www.gutenberg.org/ebooks/46296,nineteenth_century_bridge,nineteenth_century_bridge,nineteenth_century_bridge,standard_italian,eligible_standard_core_pending_processed_build,preserve_boilerplate_stripped_primary_text,,eligible_pending_v7_and_mixture_freeze,text_materialized_pending_v7,data/local/gutenberg/fulltext_gate_v1/pg46296.txt,9421afdf9615c847d463369f8e7b19a7ab42d2ab36737fc2ef6a24aa76f77195,ec1524ef14a1fdedf94160742769c86eee38618532ee1ca8c503ad464caf036d,92254,92110,144,data/processed/project_gutenberg_resolved_v1/nineteenth_century_bridge/part-0002.txt,19236530,19330153,92110,93623,4ae1a6e1c38ac1955619ac109782e9749e19743b23d006f3cfc589a78a34a29d
46297,"La quaderna di Nanni: Le Commedie, vol. 1","Carrera, Valentino",initial_eligible_pool,Project Gutenberg,https://www.gutenberg.org/ebooks/46297,nineteenth_century_bridge,nineteenth_century_bridge,nineteenth_century_bridge,standard_italian,eligible_standard_core_pending_processed_build,preserve_boilerplate_stripped_primary_text,,eligible_pending_v7_and_mixture_freeze,text_materialized_pending_v7,data/local/gutenberg/fulltext_gate_v1/pg46297.txt,54cfd1626c52800eb3be3db2e3624135c464b42deed7ea7a3160c1983c02d922,20a71fdd8334972acf4834fd538bd98c9ca5b432181d2dfe22f5fa99d7382227,96093,95950,143,data/processed/project_gutenberg_resolved_v1/nineteenth_century_bridge/part-0002.txt,19330154,19428554,95950,98400,33453eb21eca532de5346d922d02770455051a3a3a013de6d1d12c59601f318d
46351,"Un avvocato dell'avvenire: Le Commedie, vol. 1","Carrera, Valentino",initial_eligible_pool,Project Gutenberg,https://www.gutenberg.org/ebooks/46351,nineteenth_century_bridge,nineteenth_century_bridge,nineteenth_century_bridge,standard_italian,eligible_standard_core_pending_processed_build,preserve_boilerplate_stripped_primary_text,,eligible_pending_v7_and_mixture_freeze,text_materialized_pending_v7,data/local/gutenberg/fulltext_gate_v1/pg46351.txt,a1f5bb8888e11e23f49d3230bd1afb93eae7e6f2e330db44bda1c05508cb6a56,c9af0a5ee70ae2129e79218da455b9876b606b8aef847407e2b55498a3a90e35,99865,99721,144,data/processed/project_gutenberg_resolved_v1/nineteenth_century_bridge/part-0002.txt,19428555,19530100,99721,101545,b7db8660f7919c49e909a58ca05cc89d990d2206b03f0be8d0a9329460cc60d7
46352,"Gli ultimi giorni di Goldoni: Le Commedie, vol. 1","Carrera, Valentino",initial_eligible_pool,Project Gutenberg,https://www.gutenberg.org/ebooks/46352,nineteenth_century_bridge,nineteenth_century_bridge,nineteenth_century_bridge,standard_italian,eligible_standard_core_pending_processed_build,preserve_boilerplate_stripped_primary_text,,eligible_pending_v7_and_mixture_freeze,text_materialized_pending_v7,data/local/gutenberg/fulltext_gate_v1/pg46352.txt,930287308fb39bb8bfd38e2a1d3fd7ad450fc09ceea8a58886c14b853d7cb9de,c67c42e472249b15bd4457d0fbb787a2ceb779154cdbb3909ba045010192e382,105131,104987,144,data/processed/project_gutenberg_resolved_v1/nineteenth_century_bridge/part-0002.txt,19530101,19637730,104987,107629,1f5299f54738374fa9906af6e3bb351a32fabe35cb6c4714c4cbc4bb1e161b4f
46355,"Annali d'Italia, vol. 3: dal principio dell'era volgare sino all'anno 1750","Muratori, Lodovico Antonio",initial_eligible_pool,Project Gutenberg,https://www.gutenberg.org/ebooks/46355,origins_through_1800,historical_general,historical_general,standard_italian,eligible_standard_core_pending_processed_build,preserve_boilerplate_stripped_primary_text,,eligible_pending_v7_and_mixture_freeze,text_materialized_pending_v7,data/local/gutenberg/fulltext_gate_v1/pg46355.txt,89773c02c1c21bd69a1e2a71b66a71d835339903533c48e7ef6248303596bfd9,dd1d00de07fe11a3a2229e18376e4857faa57eb1cddeb4c45646d18bdbd3dcfc,2430081,2430081,0,data/processed/project_gutenberg_resolved_v1/historical_general/part-0001.txt,18633583,21079475,2430081,2445892,dd1d00de07fe11a3a2229e18376e4857faa57eb1cddeb4c45646d18bdbd3dcfc
46463,"Brani inediti dei Promessi Sposi, vol. 2: Opere di Alessando Manzoni vol. 2 parte 2","Manzoni, Alessandro",initial_eligible_pool,Project Gutenberg,https://www.gutenberg.org/ebooks/46463,nineteenth_century_bridge,nineteenth_century_bridge,nineteenth_century_bridge,standard_italian,eligible_standard_core_pending_processed_build,preserve_boilerplate_stripped_primary_text,,eligible_pending_v7_and_mixture_freeze,text_materialized_pending_v7,data/local/gutenberg/fulltext_gate_v1/pg46463.txt,84052c9020d7375ad2cc961ac332ca72ba7eceb0323a020ea5cf1b3eb97ee068,e34ded6766e731f371d8e2f09c61456a2a404a0ab18a578dae2ba43e29ca541f,690170,690170,0,data/processed/project_gutenberg_resolved_v1/nineteenth_century_bridge/part-0002.txt,19637731,20334069,690170,696338,e34ded6766e731f371d8e2f09c61456a2a404a0ab18a578dae2ba43e29ca541f
46494,"Memorie di Giuda, vol. I","Petruccelli della Gattina, Ferdinando",initial_eligible_pool,Project Gutenberg,https://www.gutenberg.org/ebooks/46494,nineteenth_century_bridge,nineteenth_century_bridge,nineteenth_century_bridge,standard_italian,eligible_standard_core_pending_processed_build,preserve_boilerplate_stripped_primary_text,,eligible_pending_v7_and_mixture_freeze,text_materialized_pending_v7,data/local/gutenberg/fulltext_gate_v1/pg46494.txt,ce4fe27c0edfc2ef5f459b6c3dc6a94d70ff470899471add77c413d7f4a44fc5,c86df1d6bb8dc54925904124ee4c6295b30b0a4e34f0ac572e59f36ffa0869bb,460328,460113,215,data/processed/project_gutenberg_resolved_v1/nineteenth_century_bridge/part-0002.txt,20334070,20800053,460113,465983,60a4367aae1d5423271986a83fc8800cf4b65435ac300ec79826364d9dd05db5
46495,"Memorie di Giuda, vol. II","Petruccelli della Gattina, Ferdinando",initial_eligible_pool,Project Gutenberg,https://www.gutenberg.org/ebooks/46495,nineteenth_century_bridge,nineteenth_century_bridge,nineteenth_century_bridge,standard_italian,eligible_standard_core_pending_processed_build,preserve_boilerplate_stripped_primary_text,,eligible_pending_v7_and_mixture_freeze,text_materialized_pending_v7,data/local/gutenberg/fulltext_gate_v1/pg46495.txt,82e298a20006d3290fcf6e4aa2f137367e18f6fbeeffe85307d4539ff5a88d49,34e4019d7a2302eecaba1001fc100d1425bf3d9b6715f776133a34fa00e13d52,439455,439227,228,data/processed/project_gutenberg_resolved_v1/nineteenth_century_bridge/part-0002.txt,20800054,21245428,439227,445374,70b609a535edefe945fabc8f239557f503f1e5af33da64f20f18da3ff77a5364
46599,Le lettere di Michelangelo Buonarroti,Michelangelo Buonarroti,initial_eligible_pool,Project Gutenberg,https://www.gutenberg.org/ebooks/46599,origins_through_1800,historical_general,historical_general,standard_italian,eligible_standard_core_pending_processed_build,preserve_boilerplate_stripped_primary_text,,eligible_pending_v7_and_mixture_freeze,text_materialized_pending_v7,data/local/gutenberg/fulltext_gate_v1/pg46599.txt,af794063929ec198f597b3aeb2918ae20935f49b92e5deaa2d9666bafc14d253,f0cd3bacb5aa1ae5278e9505d77ba129831c063f1c7e5c6df368f12db8f60d92,1127791,1127331,460,data/processed/project_gutenberg_resolved_v1/historical_general/part-0001.txt,21079476,22220373,1127331,1140897,ff9243ed011bc097054cf22bf7b39a100dcf6ae64030fd4dc848a55d26ebc205
46613,Santa Cecilia,"Barrili, Anton Giulio",pass_1b_eligible_pool,Project Gutenberg,https://www.gutenberg.org/ebooks/46613,nineteenth_century_bridge,nineteenth_century_bridge,nineteenth_century_bridge,standard_italian,eligible_standard_core_pending_processed_build,preserve_boilerplate_stripped_primary_text,,eligible_pending_v7_and_mixture_freeze,text_materialized_pending_v7,data/local/gutenberg/metadata_review_v1/pg46613.txt,a14fa719cd20e84346985f0b382c48bed5ca0fb8e65357ef1767cfb1107463f6,33ab01a009032e3e0b1bbcd0f2f5778f882c18e359e7d16cca108ad4b2b627c6,244836,244692,144,data/processed/project_gutenberg_resolved_v1/nineteenth_century_bridge/part-0002.txt,21245429,21493473,244692,248044,0f7d5ddf9c59f7b6b5f86569e7e73c18cee6c21d6ced40f74f5ca63404c08a53
46704,No: Romanzo,"Oriani, Alfredo",pass_1b_eligible_pool,Project Gutenberg,https://www.gutenberg.org/ebooks/46704,nineteenth_century_bridge,nineteenth_century_bridge,nineteenth_century_bridge,standard_italian,eligible_standard_core_pending_processed_build,preserve_boilerplate_stripped_primary_text,,eligible_pending_v7_and_mixture_freeze,text_materialized_pending_v7,data/local/gutenberg/metadata_review_v1/pg46704.txt,718b75287c971a37272fc0f169fd9af5f86e59471c78c986f60ce5ac5b7beee1,537e4c591398855e9081ec8ab78f7e8567aa2e1805f9ac172badb1a26622ed5a,593538,593240,298,data/processed/project_gutenberg_resolved_v1/nineteenth_century_bridge/part-0002.txt,21493474,22091299,593240,597825,03e0a7e5ae57c33f5190ab6f9183d83c44113e5c49c25894023c65ad18c55d5a
46717,La Dora,"Regaldi, Giuseppe",pass_1b_eligible_pool,Project Gutenberg,https://www.gutenberg.org/ebooks/46717,nineteenth_century_bridge,nineteenth_century_bridge,nineteenth_century_bridge,standard_italian,eligible_standard_core_pending_processed_build,preserve_boilerplate_stripped_primary_text,,eligible_pending_v7_and_mixture_freeze,text_materialized_pending_v7,data/local/gutenberg/metadata_review_v1/pg46717.txt,14ba901a799733d0e151aab00acf9e7b3901c86bea3c470d9357d95af9315017,9ec183d509431d532b74075fae6b15f3b2bf50c141acf241942caead792ff43f,448456,448456,0,data/processed/project_gutenberg_resolved_v1/nineteenth_century_bridge/part-0002.txt,22091300,22542359,448456,451059,9ec183d509431d532b74075fae6b15f3b2bf50c141acf241942caead792ff43f
46723,"La plebe, parte I","Bersezio, Vittorio",initial_eligible_pool,Project Gutenberg,https://www.gutenberg.org/ebooks/46723,nineteenth_century_bridge,nineteenth_century_bridge,nineteenth_century_bridge,standard_italian,eligible_standard_core_pending_processed_build,preserve_boilerplate_stripped_primary_text,,eligible_pending_v7_and_mixture_freeze,text_materialized_pending_v7,data/local/gutenberg/fulltext_gate_v1/pg46723.txt,83456528e56fb736930a137a8b063d348878acb05e2beaed4ef2ab0da7432dca,85d8dd0b8be820fa2353746865b672d89d1db4103ddeadc55856a330dc253d85,890409,890115,294,data/processed/project_gutenberg_resolved_v1/nineteenth_century_bridge/part-0002.txt,22542360,23443159,890115,900799,3406a32c11165eac4bc99f77ee4ae7de9a5a559a98cc8e9794ddfe1747c9361b
46724,"La plebe, parte II","Bersezio, Vittorio",initial_eligible_pool,Project Gutenberg,https://www.gutenberg.org/ebooks/46724,nineteenth_century_bridge,nineteenth_century_bridge,nineteenth_century_bridge,standard_italian,eligible_standard_core_pending_processed_build,preserve_boilerplate_stripped_primary_text,,eligible_pending_v7_and_mixture_freeze,text_materialized_pending_v7,data/local/gutenberg/fulltext_gate_v1/pg46724.txt,aa0098d85b3a3e92f6bc7cde1216084ddc39c73917d1af9f1b2bbfee279f3410,190f20b0973b0740c828f65481c8891a6029218719383095643d270e1294d1f6,922334,922115,219,data/processed/project_gutenberg_resolved_v1/nineteenth_century_bridge/part-0002.txt,23443160,24377493,922115,934333,b5798f0a1a332d27955e6607af6b4e57623555e45a1ef94beed8bb485727c2e4
46725,"La plebe, parte III","Bersezio, Vittorio",initial_eligible_pool,Project Gutenberg,https://www.gutenberg.org/ebooks/46725,nineteenth_century_bridge,nineteenth_century_bridge,nineteenth_century_bridge,standard_italian,eligible_standard_core_pending_processed_build,preserve_boilerplate_stripped_primary_text,,eligible_pending_v7_and_mixture_freeze,text_materialized_pending_v7,data/local/gutenberg/fulltext_gate_v1/pg46725.txt,d6ae222ef84e5c852328166023317900b33c5df6b8f4a1f0fbf8f32a42d440b4,ab581bd42cb1c937624f5fd068dc6212bdc34c73ce6e5659976fe1fe5d0f7239,1082709,1082481,228,data/processed/project_gutenberg_resolved_v1/nineteenth_century_bridge/part-0002.txt,24377494,25473279,1082481,1095785,3f8cd610c57e24b340c6310e915fa84a98d763e1f3d107ec6bd618a6d3d37eb6
46726,"La plebe, parte IV","Bersezio, Vittorio",initial_eligible_pool,Project Gutenberg,https://www.gutenberg.org/ebooks/46726,nineteenth_century_bridge,nineteenth_century_bridge,nineteenth_century_bridge,standard_italian,eligible_standard_core_pending_processed_build,preserve_boilerplate_stripped_primary_text,,eligible_pending_v7_and_mixture_freeze,text_materialized_pending_v7,data/local/gutenberg/fulltext_gate_v1/pg46726.txt,c802a9149c2ba5f03e5539b23624adc6abfae899fc6cc889e879a065b26abd0a,7d198c9d011a511263b9f4c8b48048a3498e37c6aedd07ecff90af088a5cd26a,1391644,1391440,204,data/processed/project_gutenberg_resolved_v1/nineteenth_century_bridge/part-0002.txt,25473280,26880742,1391440,1407462,0ac2e908700829c093fbd026a496f9376d1702e6931e474f01a54caa821923d7
46736,Il Concilio,"Petruccelli della Gattina, Ferdinando",initial_eligible_pool,Project Gutenberg,https://www.gutenberg.org/ebooks/46736,nineteenth_century_bridge,nineteenth_century_bridge,nineteenth_century_bridge,standard_italian,eligible_standard_core_pending_processed_build,preserve_boilerplate_stripped_primary_text,,eligible_pending_v7_and_mixture_freeze,text_materialized_pending_v7,data/local/gutenberg/fulltext_gate_v1/pg46736.txt,ba37f83d3d041ad9e7d2b4e9c3d3caee029aad20af944571b9280dc4bc12c5ae,ff246187f3a1f79ff9f9639dc0bedfe77ec512f0d600475c80aadd96933e9e99,179138,178920,218,data/processed/project_gutenberg_resolved_v1/nineteenth_century_bridge/part-0002.txt,26880743,27061179,178920,180436,9efb0a6a7a80407e429a9e6336d9214f14dae7f6ea4eef5a648428f751b0b239
46835,Impressioni d'America,"Giacosa, Giuseppe",pass_1b_eligible_pool,Project Gutenberg,https://www.gutenberg.org/ebooks/46835,nineteenth_century_bridge,nineteenth_century_bridge,nineteenth_century_bridge,standard_italian,eligible_standard_core_pending_processed_build,preserve_boilerplate_stripped_primary_text,,eligible_pending_v7_and_mixture_freeze,text_materialized_pending_v7,data/local/gutenberg/metadata_review_v1/pg46835.txt,91347113a2436e97905ea3a841914b7593eb9194001a80cf3f802fc0c9272788,8ad59967e4e1d151d1c1a9a8e144ed85b2b41f5a9b3e85855bfe68983b003982,337974,337734,240,data/processed/project_gutenberg_resolved_v1/nineteenth_century_bridge/part-0002.txt,27061180,27401623,337734,340443,d9651685f752353cce960e3c5cebcca80658ec7801d5a3b40bea65e4fbd8fb44
46847,Il duca d'Atene,"Tommaseo, Niccolò",initial_eligible_pool,Project Gutenberg,https://www.gutenberg.org/ebooks/46847,nineteenth_century_bridge,nineteenth_century_bridge,nineteenth_century_bridge,standard_italian,eligible_standard_core_pending_processed_build,preserve_boilerplate_stripped_primary_text,,eligible_pending_v7_and_mixture_freeze,text_materialized_pending_v7,data/local/gutenberg/fulltext_gate_v1/pg46847.txt,9d4324002cdb0da838bcc979a6351b4cd8fa095d7f8b12276d4d2a864ae54dbc,1e18495ff6b4816e6b2be40113332920fa9c0026a14422c8513be35ca5517b01,361118,361008,110,data/processed/project_gutenberg_resolved_v1/nineteenth_century_bridge/part-0002.txt,27401624,27766032,361008,364408,9f2c20007f2bdf21a893098e724c0ca287849f3b829920c02e7003aaed688b97
46867,Novelle e ghiribizzi,"Fanfani, Pietro",initial_eligible_pool,Project Gutenberg,https://www.gutenberg.org/ebooks/46867,nineteenth_century_bridge,nineteenth_century_bridge,nineteenth_century_bridge,standard_italian,eligible_standard_core_pending_processed_build,preserve_boilerplate_stripped_primary_text,,eligible_pending_v7_and_mixture_freeze,text_materialized_pending_v7,data/local/gutenberg/fulltext_gate_v1/pg46867.txt,c6e83eae6f5311de6eb7c1e001b2bbbdd5e31c8fc42e2a049fe80728f217eee0,2ce46eaab8cc1b688f5bf389d342809eeabc75a615498c5db7d07dda5d2929d4,229673,229673,0,data/processed/project_gutenberg_resolved_v1/nineteenth_century_bridge/part-0002.txt,27766033,27998412,229673,232379,2ce46eaab8cc1b688f5bf389d342809eeabc75a615498c5db7d07dda5d2929d4
46887,"Storia dei musulmani di Sicilia, vol. I","Amari, Michele",initial_eligible_pool,Project Gutenberg,https://www.gutenberg.org/ebooks/46887,nineteenth_century_bridge,nineteenth_century_bridge,nineteenth_century_bridge,standard_italian,eligible_standard_core_pending_processed_build,preserve_boilerplate_stripped_primary_text,,eligible_pending_v7_and_mixture_freeze,text_materialized_pending_v7,data/local/gutenberg/fulltext_gate_v1/pg46887.txt,7cbc495dc05a4985c92a0c3d4242eb62473d7e633ec0f34106f7c8672a8e89d3,0103099af3ba43a56df9c5830b3ccd5cee2c4dd1dcfa77bde2e7e641bfaead8b,1157216,1156858,358,data/processed/project_gutenberg_resolved_v1/nineteenth_century_bridge/part-0002.txt,27998413,29167883,1156858,1169470,3dc25d01b7137ac5332e23f0635d66100496ffe2ae5e2d32d3ca82daea50e22a
46888,"Storia dei musulmani di Sicilia, vol. II","Amari, Michele",initial_eligible_pool,Project Gutenberg,https://www.gutenberg.org/ebooks/46888,nineteenth_century_bridge,nineteenth_century_bridge,nineteenth_century_bridge,standard_italian,eligible_standard_core_pending_processed_build,preserve_boilerplate_stripped_primary_text,,eligible_pending_v7_and_mixture_freeze,text_materialized_pending_v7,data/local/gutenberg/fulltext_gate_v1/pg46888.txt,66e42a412f8e23d57e6bac40a2ef3dc83e95483df139e89e3e3fb585244cd9f1,46b252871cc65026d1fcd3e628e583332e1b1be77554cf4b611091805234edb8,1126542,1126182,360,data/processed/project_gutenberg_resolved_v1/nineteenth_century_bridge/part-0002.txt,29167884,30308176,1126182,1140292,c817d14032fd8e4c0ded1d8886a5e2523707195beca75c592267daa27009d9bc
46898,La novellaja fiorentina: Fiabe e novelline stenografate in Firenze dal dettato popolare,"Imbriani, Vittorio",initial_eligible_pool,Project Gutenberg,https://www.gutenberg.org/ebooks/46898,nineteenth_century_bridge,nineteenth_century_bridge,nineteenth_century_bridge,standard_italian,eligible_standard_core_pending_processed_build,preserve_boilerplate_stripped_primary_text,,eligible_pending_v7_and_mixture_freeze,text_materialized_pending_v7,data/local/gutenberg/fulltext_gate_v1/pg46898.txt,96d9e3c358ee682bcb512cbc4364b3c747711fc05266972455079c6694a87d77,e23be17c68c744db80154ac54138964b6939cc1a178897fddfb28699237fa446,1240154,1240154,0,data/processed/project_gutenberg_resolved_v1/nineteenth_century_bridge/part-0002.txt,30308177,31587537,1240154,1279360,e23be17c68c744db80154ac54138964b6939cc1a178897fddfb28699237fa446
46900,Racconti e novelle,"Ghislanzoni, Antonio",initial_eligible_pool,Project Gutenberg,https://www.gutenberg.org/ebooks/46900,nineteenth_century_bridge,nineteenth_century_bridge,nineteenth_century_bridge,standard_italian,eligible_standard_core_pending_processed_build,preserve_boilerplate_stripped_primary_text,,eligible_pending_v7_and_mixture_freeze,text_materialized_pending_v7,data/local/gutenberg/fulltext_gate_v1/pg46900.txt,0f383da0ce922f73a039647db3b60b0f2b6169e5cab7da42103443becfd29bf6,4230c9c0549cedcd52138f7cf04c559b2496c66d7697742745e3195f5540d4b8,582698,582698,0,data/processed/project_gutenberg_resolved_v1/nineteenth_century_bridge/part-0002.txt,31587538,32174090,582698,586552,4230c9c0549cedcd52138f7cf04c559b2496c66d7697742745e3195f5540d4b8
46957,"Niccolò de' Lapi; ovvero, i Palleschi e i Piagnoni","Azeglio, Massimo d'",initial_eligible_pool,Project Gutenberg,https://www.gutenberg.org/ebooks/46957,nineteenth_century_bridge,nineteenth_century_bridge,nineteenth_century_bridge,standard_italian,eligible_standard_core_pending_processed_build,preserve_boilerplate_stripped_primary_text,,eligible_pending_v7_and_mixture_freeze,text_materialized_pending_v7,data/local/gutenberg/fulltext_gate_v1/pg46957.txt,a5ee21a5ca83c090581fe163163a9a7de0790ace6ef62fbd827d0388b58b6ad1,9c31003b2b389f7544339906febd8c22c9ab0f924a7e80c15301fb40bf8f644c,1252102,1252102,0,data/processed/project_gutenberg_resolved_v1/nineteenth_century_bridge/part-0002.txt,32174091,33435213,1252102,1261122,9c31003b2b389f7544339906febd8c22c9ab0f924a7e80c15301fb40bf8f644c
46996,"Storia d'Inghilterra, vol 1","Macaulay, Thomas Babington Macaulay, Baron",initial_eligible_pool,Project Gutenberg,https://www.gutenberg.org/ebooks/46996,nineteenth_century_bridge,nineteenth_century_bridge,nineteenth_century_bridge,standard_italian,eligible_standard_core_pending_processed_build,preserve_boilerplate_stripped_primary_text,,eligible_pending_v7_and_mixture_freeze,text_materialized_pending_v7,data/local/gutenberg/fulltext_gate_v1/pg46996.txt,4d6322c972e7f401b0535f7b7bfe7c7de118160c13a709c4cfa0fea179998352,d6b1920f499acdd30c952cd51881e950b9d6c057b0ff83b15a263ad9483c83f7,1380336,1380336,0,data/processed/project_gutenberg_resolved_v1/nineteenth_century_bridge/part-0002.txt,33435214,34837570,1380336,1402356,d6b1920f499acdd30c952cd51881e950b9d6c057b0ff83b15a263ad9483c83f7
46997,"Storia d'Inghilterra, vol 2","Macaulay, Thomas Babington Macaulay, Baron",initial_eligible_pool,Project Gutenberg,https://www.gutenberg.org/ebooks/46997,nineteenth_century_bridge,nineteenth_century_bridge,nineteenth_century_bridge,standard_italian,eligible_standard_core_pending_processed_build,preserve_boilerplate_stripped_primary_text,,eligible_pending_v7_and_mixture_freeze,text_materialized_pending_v7,data/local/gutenberg/fulltext_gate_v1/pg46997.txt,997398a545f5d58bf959f6666e982a2499bf97c0a4f2ec0fd712c5ab30301734,25729e205d413e2568fa56888d16164f71c2682a4372254fdf66443f8cf3b6a1,1358850,1358850,0,data/processed/project_gutenberg_resolved_v1/nineteenth_century_bridge/part-0002.txt,34837571,36213661,1358850,1376090,25729e205d413e2568fa56888d16164f71c2682a4372254fdf66443f8cf3b6a1
47051,Descrittione del regno di Scotia,"Ubaldini, Petruccio",pass_1b_eligible_pool,Project Gutenberg,https://www.gutenberg.org/ebooks/47051,origins_through_1800,historical_general,historical_general,standard_italian,eligible_standard_core_pending_processed_build,preserve_boilerplate_stripped_primary_text,,eligible_pending_v7_and_mixture_freeze,text_materialized_pending_v7,data/local/gutenberg/metadata_review_v1/pg47051.txt,b89c5816a45253e347f2314d0eb6ee3ffeeef86d4ef70239d0465a1e073cf02e,cebf02ce8b1c5554786579c3ee38ac9ac17efe6e675144efa5057578b4e3c47f,220836,220836,0,data/processed/project_gutenberg_resolved_v1/historical_general/part-0001.txt,22220374,22443897,220836,223523,cebf02ce8b1c5554786579c3ee38ac9ac17efe6e675144efa5057578b4e3c47f
47058,Le notti degli emigrati a Londra,"Petruccelli della Gattina, Ferdinando",initial_eligible_pool,Project Gutenberg,https://www.gutenberg.org/ebooks/47058,nineteenth_century_bridge,nineteenth_century_bridge,nineteenth_century_bridge,standard_italian,eligible_standard_core_pending_processed_build,preserve_boilerplate_stripped_primary_text,,eligible_pending_v7_and_mixture_freeze,text_materialized_pending_v7,data/local/gutenberg/fulltext_gate_v1/pg47058.txt,051701bcecb2469508c879e2a820ddf0b6f2d50de5294c51cd5c20e052002c30,266769d36ac49b7f36e4a0cdc83a970991cb69c7ace30fdad0c8d0c56d39fc04,555633,555633,0,data/processed/project_gutenberg_resolved_v1/nineteenth_century_bridge/part-0002.txt,36213662,36777955,555633,564293,266769d36ac49b7f36e4a0cdc83a970991cb69c7ace30fdad0c8d0c56d39fc04
47069,Un bel sogno,"Cagna, Achille Giovanni",pass_1b_eligible_pool,Project Gutenberg,https://www.gutenberg.org/ebooks/47069,nineteenth_century_bridge,nineteenth_century_bridge,nineteenth_century_bridge,standard_italian,eligible_standard_core_pending_processed_build,preserve_boilerplate_stripped_primary_text,,eligible_pending_v7_and_mixture_freeze,text_materialized_pending_v7,data/local/gutenberg/metadata_review_v1/pg47069.txt,62ea243788b36e1375bdbf8de6c2dda78cebeed03478f597360d9d792d7775d3,50c6c0b05814fd20697cbf965a4c8d55a98497623c0c0a162ecbb78e9d618bac,349997,349997,0,data/processed/project_gutenberg_resolved_v1/nineteenth_century_bridge/part-0002.txt,36777956,37135259,349997,357303,50c6c0b05814fd20697cbf965a4c8d55a98497623c0c0a162ecbb78e9d618bac
47102,L'arte di far debiti,"Ghislanzoni, Antonio",initial_eligible_pool,Project Gutenberg,https://www.gutenberg.org/ebooks/47102,nineteenth_century_bridge,nineteenth_century_bridge,nineteenth_century_bridge,standard_italian,eligible_standard_core_pending_processed_build,preserve_boilerplate_stripped_primary_text,,eligible_pending_v7_and_mixture_freeze,text_materialized_pending_v7,data/local/gutenberg/fulltext_gate_v1/pg47102.txt,57f28c08c4032da57bd7888711ebab63a0792388675fb43c7415ed34556ca089,511f02bd353d1f5e6b8aa123f162b2ded2524daa5f230cdbfd89f5b857b49809,195796,195796,0,data/processed/project_gutenberg_resolved_v1/nineteenth_century_bridge/part-0002.txt,37135260,37332643,195796,197383,511f02bd353d1f5e6b8aa123f162b2ded2524daa5f230cdbfd89f5b857b49809
47114,La guerra del Vespro Siciliano vol. 2: Un periodo delle storie Siciliane del secolo XIII,"Amari, Michele",initial_eligible_pool,Project Gutenberg,https://www.gutenberg.org/ebooks/47114,nineteenth_century_bridge,nineteenth_century_bridge,nineteenth_century_bridge,standard_italian,eligible_standard_core_pending_processed_build,preserve_boilerplate_stripped_primary_text,,eligible_pending_v7_and_mixture_freeze,text_materialized_pending_v7,data/local/gutenberg/fulltext_gate_v1/pg47114.txt,d5244619e8665f67be3d09d7869529740cfdbbd2401f1d63300ccc6f01d8cdd7,c5ca55705e987b94e027770245e198a18e613a992abdff46a6e9db4283761a7a,813327,813214,113,data/processed/project_gutenberg_resolved_v1/nineteenth_century_bridge/part-0002.txt,37332644,38158794,813214,826150,eb256c26eba73cc21debaa551d3c9d52f159d0e824409b6cd2c1ec30cd50ff18
47138,Libro segreto,"Ghislanzoni, Antonio",initial_eligible_pool,Project Gutenberg,https://www.gutenberg.org/ebooks/47138,nineteenth_century_bridge,nineteenth_century_bridge,nineteenth_century_bridge,standard_italian,eligible_standard_core_pending_processed_build,preserve_boilerplate_stripped_primary_text,,eligible_pending_v7_and_mixture_freeze,text_materialized_pending_v7,data/local/gutenberg/fulltext_gate_v1/pg47138.txt,00e0c8d9692ad0e7a19a1ced54ad5ad3df0b15971cdf7b3f54d0e5fcfb134f04,712b36a8b3d0b33e3cfe7dc037dcff1110da94c14bb8ee622ca091ba0369efda,138081,138081,0,data/processed/project_gutenberg_resolved_v1/nineteenth_century_bridge/part-0002.txt,38158795,38299384,138081,140589,712b36a8b3d0b33e3cfe7dc037dcff1110da94c14bb8ee622ca091ba0369efda
47276,"Gli eretici d'Italia, vol. I","Cantù, Cesare",initial_eligible_pool,Project Gutenberg,https://www.gutenberg.org/ebooks/47276,nineteenth_century_bridge,nineteenth_century_bridge,nineteenth_century_bridge,standard_italian,eligible_standard_core_pending_processed_build,preserve_boilerplate_stripped_primary_text,,eligible_pending_v7_and_mixture_freeze,text_materialized_pending_v7,data/local/gutenberg/fulltext_gate_v1/pg47276.txt,3b3f1c03fc4d637b71333c87d7a955dbd8668ee41593fc7bd275474f5a43bc37,01bbc840ee3411520e02d080d3161461c13f0d65d5eb0072a25e88d1f3f5ddf6,1261185,1260880,305,data/processed/project_gutenberg_resolved_v1/nineteenth_century_bridge/part-0002.txt,38299385,39571933,1260880,1272548,509c4f31459b100a5dab455a32878c08b3e70333fcd4b4aa841155d1d64da755
47277,"Gli eretici d'Italia, vol. II","Cantù, Cesare",initial_eligible_pool,Project Gutenberg,https://www.gutenberg.org/ebooks/47277,nineteenth_century_bridge,nineteenth_century_bridge,nineteenth_century_bridge,standard_italian,eligible_standard_core_pending_processed_build,preserve_boilerplate_stripped_primary_text,,eligible_pending_v7_and_mixture_freeze,text_materialized_pending_v7,data/local/gutenberg/fulltext_gate_v1/pg47277.txt,63afd3e004ebeb7b63dfc3ebef75a315bf69e132b496dadfe039c52dc07b6509,493b319006e037e1e85cc0743b9b8c8db0208a7f13ec1be3cd7f515a7d64a808,1567724,1567509,215,data/processed/project_gutenberg_resolved_v1/nineteenth_century_bridge/part-0002.txt,39571934,41153575,1567509,1581641,8fb97862436ede5dc73160c175f79ffaad54afd8be8a4c44fb4903253f4d41eb
47278,"Gli eretici d'Italia, vol. III","Cantù, Cesare",initial_eligible_pool,Project Gutenberg,https://www.gutenberg.org/ebooks/47278,nineteenth_century_bridge,nineteenth_century_bridge,nineteenth_century_bridge,standard_italian,eligible_standard_core_pending_processed_build,preserve_boilerplate_stripped_primary_text,,eligible_pending_v7_and_mixture_freeze,text_materialized_pending_v7,data/local/gutenberg/fulltext_gate_v1/pg47278.txt,5a1d473eb31b3f6f01c51413f1b098cd0a5ad28507e11078eaefe88283c68b09,3d439e40bef3d37462eb9457d43396cc24c56ea36b5d33a51c4f59357d0f38b9,2436755,2436465,290,data/processed/project_gutenberg_resolved_v1/nineteenth_century_bridge/part-0002.txt,41153576,43611934,2436465,2458358,46d654f76a6806b3eda826c25444feb8a3e881155116d1bd711c81dbb95460d0
47294,"Il Nemico, vol. I","Oriani, Alfredo",pass_1b_eligible_pool,Project Gutenberg,https://www.gutenberg.org/ebooks/47294,nineteenth_century_bridge,nineteenth_century_bridge,nineteenth_century_bridge,standard_italian,eligible_standard_core_pending_processed_build,preserve_boilerplate_stripped_primary_text,,eligible_pending_v7_and_mixture_freeze,text_materialized_pending_v7,data/local/gutenberg/metadata_review_v1/pg47294.txt,2174595e51e5f2bb5ea033f6a802cba65ec7b7e171c246885bb0c99ed02c343f,109f9e7a0e27fee477edb488ccf2ed325fd5677ccd84d0bd1a7161b3bfb893a8,333166,332943,223,data/processed/project_gutenberg_resolved_v1/nineteenth_century_bridge/part-0002.txt,43611935,43948788,332943,336853,bb888df59e539ddcfd72e782c00955760f1d1fb9499140e5d0c4fc37d87d9639
47295,"Il Nemico, vol. II","Oriani, Alfredo",pass_1b_eligible_pool,Project Gutenberg,https://www.gutenberg.org/ebooks/47295,nineteenth_century_bridge,nineteenth_century_bridge,nineteenth_century_bridge,standard_italian,eligible_standard_core_pending_processed_build,preserve_boilerplate_stripped_primary_text,,eligible_pending_v7_and_mixture_freeze,text_materialized_pending_v7,data/local/gutenberg/metadata_review_v1/pg47295.txt,462278f12e86256c254113db3f12d0199dc4cc1dc32642620a3f87e660d28a87,4253c9f87c5f14aa97c9a7d9f6839780b05d6ab8fc90270d68241a520d59a182,339610,339433,177,data/processed/project_gutenberg_resolved_v1/nineteenth_century_bridge/part-0002.txt,43948789,44292130,339433,343341,7a6737b94e51a6df06fc2415a2f5e0e9c613e084b8e92d9a87a665c91e222ab6
47328,Cronaca della rivoluzione di Milano,"Tettoni, Leone",pass_1b_eligible_pool,Project Gutenberg,https://www.gutenberg.org/ebooks/47328,nineteenth_century_bridge,nineteenth_century_bridge,nineteenth_century_bridge,standard_italian,eligible_standard_core_pending_processed_build,preserve_boilerplate_stripped_primary_text,,eligible_pending_v7_and_mixture_freeze,text_materialized_pending_v7,data/local/gutenberg/metadata_review_v1/pg47328.txt,b1715cd6f67ea6213e79958ad08d904af428c1d417dad399d884dda33940f6a4,f6b8a24044f5626ad662c902d82de6bd51ed531a111518773603622b763929d0,497948,497948,0,data/processed/project_gutenberg_resolved_v1/nineteenth_century_bridge/part-0002.txt,44292131,44798641,497948,506510,f6b8a24044f5626ad662c902d82de6bd51ed531a111518773603622b763929d0
47461,Dalle Novelle di Canterbury,"Chaucer, Geoffrey",initial_eligible_pool,Project Gutenberg,https://www.gutenberg.org/ebooks/47461,origins_through_1800,historical_general,historical_general,standard_italian,eligible_standard_core_pending_processed_build,preserve_boilerplate_stripped_primary_text,,eligible_pending_v7_and_mixture_freeze,text_materialized_pending_v7,data/local/gutenberg/fulltext_gate_v1/pg47461.txt,46b9770b85b042d29423efae5bc4a476bc96f75d2c5131d87bd299c304186a57,cdcd6b841b9867630401d4c2da5df4753c56a700b72de11c76157bcf3a3c18a2,387063,387063,0,data/processed/project_gutenberg_resolved_v1/historical_general/part-0001.txt,22443898,22837186,387063,393288,cdcd6b841b9867630401d4c2da5df4753c56a700b72de11c76157bcf3a3c18a2
47480,"Della storia d'Italia dalle origini fino ai nostri giorni, sommario. v. 2","Balbo, Cesare, conte",initial_eligible_pool,Project Gutenberg,https://www.gutenberg.org/ebooks/47480,nineteenth_century_bridge,nineteenth_century_bridge,nineteenth_century_bridge,standard_italian,eligible_standard_core_pending_processed_build,preserve_boilerplate_stripped_primary_text,,eligible_pending_v7_and_mixture_freeze,text_materialized_pending_v7,data/local/gutenberg/fulltext_gate_v1/pg47480.txt,dddad5566b7acb1040f599ec2fa3efbd2f1e5766c9144ca629ba62a6a35359f3,dbf2f5a35064007011a3c84c14c555d1296aaaa9a87db85f2dc303a71ac0e82c,647275,647275,0,data/processed/project_gutenberg_resolved_v1/nineteenth_century_bridge/part-0002.txt,44798642,45458681,647275,660039,dbf2f5a35064007011a3c84c14c555d1296aaaa9a87db85f2dc303a71ac0e82c
47565,"Il Comento alla Divina Commedia, e gli altri scritti intorno a Dante, vol. 2","Boccaccio, Giovanni",initial_eligible_pool,Project Gutenberg,https://www.gutenberg.org/ebooks/47565,origins_through_1800,historical_general,historical_general,standard_italian,eligible_standard_core_pending_processed_build,preserve_boilerplate_stripped_primary_text,,eligible_pending_v7_and_mixture_freeze,text_materialized_pending_v7,data/local/gutenberg/fulltext_gate_v1/pg47565.txt,a25458451f8c8154bdabc9d0a7c592009b3f898d92e4a50e44ada9dea6c9aed3,cff387833285debdb0837bd848e594607b605b9daac0df01320047f856f1d0ae,608563,608563,0,data/processed/project_gutenberg_resolved_v1/historical_general/part-0001.txt,22837187,23459457,608563,622270,cff387833285debdb0837bd848e594607b605b9daac0df01320047f856f1d0ae
47566,"Il Comento alla Divina Commedia, e gli altri scritti intorno a Dante, vol. 3","Boccaccio, Giovanni",initial_eligible_pool,Project Gutenberg,https://www.gutenberg.org/ebooks/47566,origins_through_1800,historical_general,historical_general,standard_italian,eligible_standard_core_pending_processed_build,preserve_boilerplate_stripped_primary_text,,eligible_pending_v7_and_mixture_freeze,text_materialized_pending_v7,data/local/gutenberg/fulltext_gate_v1/pg47566.txt,9270eb5da45caf74406fef7ebc924cabbbdd5c60e8d7f6cace4ff9f41b96c601,628cee2401ffe7a144f43cd6995b7eb1ae5f454e9fc47dae4882531b6051df5b,608967,608967,0,data/processed/project_gutenberg_resolved_v1/historical_general/part-0001.txt,23459458,24087116,608967,627658,628cee2401ffe7a144f43cd6995b7eb1ae5f454e9fc47dae4882531b6051df5b
47664,"Viaggi di Ali Bey el-Abbassi in Africa ed in Asia, v. 1",Ali Bey,initial_eligible_pool,Project Gutenberg,https://www.gutenberg.org/ebooks/47664,nineteenth_century_bridge,nineteenth_century_bridge,nineteenth_century_bridge,standard_italian,eligible_standard_core_pending_processed_build,preserve_boilerplate_stripped_primary_text,,eligible_pending_v7_and_mixture_freeze,text_materialized_pending_v7,data/local/gutenberg/fulltext_gate_v1/pg47664.txt,66adef4b9b4fcd38431420d8a2ee65362da0bfc99377c6c0acd1455c5d90e122,f7d2c5808c432839bdb4a6173c698cffa6288743cae13e60e855ee290f4744bd,281683,281428,255,data/processed/project_gutenberg_resolved_v1/nineteenth_century_bridge/part-0002.txt,45458682,45742605,281428,283923,1cc50ce6b7a3ded662564f1366f63449b808c38054e7ceccc15d701ba57b4b81
47665,"Viaggi di Ali Bey el-Abbassi in Africa ed in Asia, v. 2",Ali Bey,initial_eligible_pool,Project Gutenberg,https://www.gutenberg.org/ebooks/47665,nineteenth_century_bridge,nineteenth_century_bridge,nineteenth_century_bridge,standard_italian,eligible_standard_core_pending_processed_build,preserve_boilerplate_stripped_primary_text,,eligible_pending_v7_and_mixture_freeze,text_materialized_pending_v7,data/local/gutenberg/fulltext_gate_v1/pg47665.txt,eeb85da88f9d68297b1bf211222b65b027035e69b367edfa9fc9a26aace75199,187cd6d422ce4aa3d54447f22a2275235577e7051efae9a8dbecc42dec36a804,294621,294363,258,data/processed/project_gutenberg_resolved_v1/nineteenth_century_bridge/part-0002.txt,45742606,46039738,294363,297132,87ff809e9eb46b9bd5c430661ffd154c95220b1fa99ab0f1ad1cdb38b80c504a
47666,"Viaggi di Ali Bey el-Abbassi in Africa ed in Asia, v. 3",Ali Bey,initial_eligible_pool,Project Gutenberg,https://www.gutenberg.org/ebooks/47666,nineteenth_century_bridge,nineteenth_century_bridge,nineteenth_century_bridge,standard_italian,eligible_standard_core_pending_processed_build,preserve_boilerplate_stripped_primary_text,,eligible_pending_v7_and_mixture_freeze,text_materialized_pending_v7,data/local/gutenberg/fulltext_gate_v1/pg47666.txt,c77755149618b51cdb34b327b7589be6b60a6c19d9670e957ab9fb2eb3fc4b44,8220c0b03d74fb1c0ebc144ce4aed2d55126f80db407578a1ec8c510a958a76a,315911,315688,223,data/processed/project_gutenberg_resolved_v1/nineteenth_century_bridge/part-0002.txt,46039739,46358139,315688,318400,a2b3ccb1852ababa8262ffada7ec1ca470ddc5095c19a100981155886b48213d
47667,"Viaggi di Ali Bey el-Abbassi in Africa ed in Asia, v. 4",Ali Bey,initial_eligible_pool,Project Gutenberg,https://www.gutenberg.org/ebooks/47667,nineteenth_century_bridge,nineteenth_century_bridge,nineteenth_century_bridge,standard_italian,eligible_standard_core_pending_processed_build,preserve_boilerplate_stripped_primary_text,,eligible_pending_v7_and_mixture_freeze,text_materialized_pending_v7,data/local/gutenberg/fulltext_gate_v1/pg47667.txt,b1657263e117e31fa6bf6ce8a65a00aaae8e0877f093381abaacd415d589d66f,7df176ac4e371c16fc0f40b1dd34941ac253f948efca9d435c54553f7a039491,226576,226353,223,data/processed/project_gutenberg_resolved_v1/nineteenth_century_bridge/part-0002.txt,46358140,46586644,226353,228504,238640955f918859a8d80ccfa5f3b94ed3f9a7c2d6972ba3276793ffbb39ab79
47888,I Bianchi e i Neri: Dramma,"Guerrazzi, Francesco Domenico",initial_eligible_pool,Project Gutenberg,https://www.gutenberg.org/ebooks/47888,nineteenth_century_bridge,historical_non_sonnet_poetry,historical_non_sonnet_poetry,standard_italian,eligible_standard_core_pending_processed_build,preserve_boilerplate_stripped_primary_text,,eligible_pending_v7_and_mixture_freeze,text_materialized_pending_v7,data/local/gutenberg/fulltext_gate_v1/pg47888.txt,a7d9c6a69848ac8a8183a2f5d5da90f83d1c35f6f2e0da48b91069351b3d93d7,eb4579ba92c2f2251af74ae825870b9e04f5ed1645656e59f5fb8045039f2495,130474,130330,144,data/processed/project_gutenberg_resolved_v1/historical_non_sonnet_poetry/part-0001.txt,7905938,8038415,130330,132477,cfdacf801e213f54d45e93804faf97f16cba277b216c8e33a89f7d213b91b757
47889,"Pensieri, Discorsi, Illustrazioni","Guerrazzi, Francesco Domenico",initial_eligible_pool,Project Gutenberg,https://www.gutenberg.org/ebooks/47889,nineteenth_century_bridge,nineteenth_century_bridge,nineteenth_century_bridge,standard_italian,eligible_standard_core_pending_processed_build,preserve_boilerplate_stripped_primary_text,,eligible_pending_v7_and_mixture_freeze,text_materialized_pending_v7,data/local/gutenberg/fulltext_gate_v1/pg47889.txt,4d1cb9c0be04ff3fbc6237df7b10df1d00a8e704677ec7a205af02f961c502b4,90afb7e245c13e93bdcb95380452087fda207e102ecc3536715e2f0088ca3df1,258889,258745,144,data/processed/project_gutenberg_resolved_v1/nineteenth_century_bridge/part-0002.txt,46586645,46850110,258745,263465,09a8ffe622bcac048ca05fb4f7aa28daae516deb46061e41c60f6f0e694d8bb5
47891,Veronica Cybo,"Guerrazzi, Francesco Domenico",initial_eligible_pool,Project Gutenberg,https://www.gutenberg.org/ebooks/47891,nineteenth_century_bridge,nineteenth_century_bridge,nineteenth_century_bridge,standard_italian,eligible_standard_core_pending_processed_build,preserve_boilerplate_stripped_primary_text,,eligible_pending_v7_and_mixture_freeze,text_materialized_pending_v7,data/local/gutenberg/fulltext_gate_v1/pg47891.txt,e79de0a5d6690fb687fac6efeef205843b168550ca661962e3057d8b3fb31872,98f29d2258d84f8e6b13026c716cb0186e0f841eb5e9c8644782fe8ce082c74a,132390,132246,144,data/processed/project_gutenberg_resolved_v1/nineteenth_century_bridge/part-0002.txt,46850111,46985859,132246,135748,1893b5ebdd0ba668d52b48fba30c6ec198f9cceb45b6cce8844e421ecd09b5b6
47978,La vendetta paterna,"Guerrazzi, Francesco Domenico",initial_eligible_pool,Project Gutenberg,https://www.gutenberg.org/ebooks/47978,nineteenth_century_bridge,nineteenth_century_bridge,nineteenth_century_bridge,standard_italian,eligible_standard_core_pending_processed_build,preserve_boilerplate_stripped_primary_text,,eligible_pending_v7_and_mixture_freeze,text_materialized_pending_v7,data/local/gutenberg/fulltext_gate_v1/pg47978.txt,0ec4c7338bbaef59f91d8d18ddd68fbf2d2aacf87392c411bfb89555e82e4d27,1127e5da6c77bcaa20e1edd36c2c164db5d28fd8b1b43ac8c66ccbfef5dc55ca,274269,274125,144,data/processed/project_gutenberg_resolved_v1/nineteenth_century_bridge/part-0002.txt,46985860,47263084,274125,277224,111d2b161759d5964d49c8f0693d991b5afa3ed965d5072155ebe54fd8522655
48070,Linguaggio e proverbi marinareschi,"Celesia, Emanuele",initial_eligible_pool,Project Gutenberg,https://www.gutenberg.org/ebooks/48070,nineteenth_century_bridge,nineteenth_century_bridge,nineteenth_century_bridge,standard_italian,eligible_standard_core_pending_processed_build,preserve_boilerplate_stripped_primary_text,,eligible_pending_v7_and_mixture_freeze,text_materialized_pending_v7,data/local/gutenberg/fulltext_gate_v1/pg48070.txt,fb0f780ce179f0f741afa11b807470f40026968c395acb149d0d39590a7071fa,5c318b07905b1865aafbfe7e6385cb65c1a674a5b7e7d3ceb99a084943b4358e,172265,172265,0,data/processed/project_gutenberg_resolved_v1/nineteenth_century_bridge/part-0002.txt,47263085,47438203,172265,175118,5c318b07905b1865aafbfe7e6385cb65c1a674a5b7e7d3ceb99a084943b4358e
48114,Apologia della vita politica di F.-D. Guerrazzi,"Guerrazzi, Francesco Domenico",initial_eligible_pool,Project Gutenberg,https://www.gutenberg.org/ebooks/48114,nineteenth_century_bridge,nineteenth_century_bridge,nineteenth_century_bridge,standard_italian,eligible_standard_core_pending_processed_build,preserve_boilerplate_stripped_primary_text,,eligible_pending_v7_and_mixture_freeze,text_materialized_pending_v7,data/local/gutenberg/fulltext_gate_v1/pg48114.txt,9ee115bb12b625903c517af8e519b1eba038c8a6e67bc9b8dba06dd407561219,8e56cde901828d38d8a2ca94c3278125efdf8ad17b6be3523252b93586aa5663,2013210,2012983,227,data/processed/project_gutenberg_resolved_v1/nineteenth_century_bridge/part-0002.txt,47438204,49471301,2012983,2033097,651bdc3c1601a928b4e6ad392fef966367537d7efe147f639f8726a6a1941486
48188,"Annali d'Italia, vol. 4: dal principio dell'era volgare sino all'anno 1750","Muratori, Lodovico Antonio",initial_eligible_pool,Project Gutenberg,https://www.gutenberg.org/ebooks/48188,origins_through_1800,historical_general,historical_general,standard_italian,eligible_standard_core_pending_processed_build,preserve_boilerplate_stripped_primary_text,,eligible_pending_v7_and_mixture_freeze,text_materialized_pending_v7,data/local/gutenberg/fulltext_gate_v1/pg48188.txt,c5da75f26ce2b2f5904935848cde4b7bebf1680523e560b6d57c17c138a7944b,f44ab6abf8aca7214768b853ed53d1bfbf4c0479ec453eef0ad0f14608c75b1b,2455522,2455317,205,data/processed/project_gutenberg_resolved_v1/historical_general/part-0001.txt,24087117,26559838,2455317,2472721,4c830ed24bd4ae0af9bbbd9cc68c092cd6a6f6b72690675a7a657e95ffb0e688
48267,Vita di Francesco Burlamacchi,"Guerrazzi, Francesco Domenico",initial_eligible_pool,Project Gutenberg,https://www.gutenberg.org/ebooks/48267,nineteenth_century_bridge,nineteenth_century_bridge,nineteenth_century_bridge,standard_italian,eligible_standard_core_pending_processed_build,preserve_boilerplate_stripped_primary_text,,eligible_pending_v7_and_mixture_freeze,text_materialized_pending_v7,data/local/gutenberg/fulltext_gate_v1/pg48267.txt,a78a8cef3d73efd80a5e56181fc80768d03240a3b66c93693cc4bf2fc2f7b16a,674b76a88ffeba4083275eebf4675bf9ddb5bb2649d6ad5e678d1488e7106823,642305,642105,200,data/processed/project_gutenberg_resolved_v1/nineteenth_century_bridge/part-0002.txt,49471302,50120126,642105,648824,dae2e65fba1c8919411f2c9044d571105d05948b0deb0ca88293d88dc08d77df
48332,"Fra Tommaso Campanella, Vol. 2: la sua congiura, i suoi processi e la sua pazzia","Amabile, Luigi",initial_eligible_pool,Project Gutenberg,https://www.gutenberg.org/ebooks/48332,nineteenth_century_bridge,nineteenth_century_bridge,nineteenth_century_bridge,standard_italian,eligible_standard_core_pending_processed_build,preserve_boilerplate_stripped_primary_text,,eligible_pending_v7_and_mixture_freeze,text_materialized_pending_v7,data/local/gutenberg/fulltext_gate_v1/pg48332.txt,6f9129c36be72241e3b5b21250cd6b4357b9a0ff3571432a3a8ded30e08f65dc,4c602d96e8b7318bb2c36fcd0db85127dfc4c261a5f69ee39371e8d76089f432,1365792,1364724,1068,data/processed/project_gutenberg_resolved_v1/nineteenth_century_bridge/part-0002.txt,50120127,51496628,1364724,1376501,fd85394324919760bafb0c75c6491173860f6c930096b4a0c6185a07a19847b0
48333,Un viaggio elettorale,"De Sanctis, Francesco",initial_eligible_pool,Project Gutenberg,https://www.gutenberg.org/ebooks/48333,nineteenth_century_bridge,nineteenth_century_bridge,nineteenth_century_bridge,standard_italian,eligible_standard_core_pending_processed_build,preserve_boilerplate_stripped_primary_text,,eligible_pending_v7_and_mixture_freeze,text_materialized_pending_v7,data/local/gutenberg/fulltext_gate_v1/pg48333.txt,2c699ebdc75a4056eaafe3b492576508352e009ee1b315beebee8295b23dfc5a,e3aa622740132a464fff69da2e028a8bf688c25fc7be8b424baa672150156010,249749,248787,962,data/processed/project_gutenberg_resolved_v1/nineteenth_century_bridge/part-0002.txt,51496629,51747470,248787,250841,9c293115c1041deb6bc66e8236cf6b19d68d84fd9d45cda19578d06d60abd82e
48335,Viaggio pel lago di Como,"Giovio, Giambatista, conte",initial_eligible_pool,Project Gutenberg,https://www.gutenberg.org/ebooks/48335,nineteenth_century_bridge,nineteenth_century_bridge,nineteenth_century_bridge,standard_italian,eligible_standard_core_pending_processed_build,preserve_boilerplate_stripped_primary_text,,eligible_pending_v7_and_mixture_freeze,text_materialized_pending_v7,data/local/gutenberg/fulltext_gate_v1/pg48335.txt,481274cbdb9d2eab1971e65fbe04ae8cea295f1cd158ec13b36fe0310c0562f0,714c176b8ab69471eec1c46f5c914905dfa9cb08c2b81ff9bda0fdda93dd7233,128527,128383,144,data/processed/project_gutenberg_resolved_v1/nineteenth_century_bridge/part-0002.txt,51747471,51876627,128383,129156,33055f1d8ff22f5c4315908a95bd7c8d025175dd5d6b1cb68cf4bdb0e8f32116
48352,Discorso sopra la calamita,"Castelli, Benedetto",initial_eligible_pool,Project Gutenberg,https://www.gutenberg.org/ebooks/48352,origins_through_1800,historical_general,historical_general,standard_italian,eligible_standard_core_pending_processed_build,preserve_boilerplate_stripped_primary_text,,eligible_pending_v7_and_mixture_freeze,text_materialized_pending_v7,data/local/gutenberg/fulltext_gate_v1/pg48352.txt,200a2daf890c360ef858b37d7e2c91b32fe0d983d6063f44e9d9cd9d5f14055b,3e83f8d1a6dbfc1df79c9a651b6b93517a99b906adee29725649cdd2eeb1ed4a,62237,62027,210,data/processed/project_gutenberg_resolved_v1/historical_general/part-0001.txt,26559839,26622388,62027,62549,d3fa41f70d17ed2d14e9d47854a7b8cceccc22c6efc02fc3aa2a9eae85912aee
48445,L'assedio di Firenze,"Guerrazzi, Francesco Domenico",initial_eligible_pool,Project Gutenberg,https://www.gutenberg.org/ebooks/48445,nineteenth_century_bridge,nineteenth_century_bridge,nineteenth_century_bridge,standard_italian,eligible_standard_core_pending_processed_build,preserve_boilerplate_stripped_primary_text,,eligible_pending_v7_and_mixture_freeze,text_materialized_pending_v7,data/local/gutenberg/fulltext_gate_v1/pg48445.txt,95ca7e05e33fc2e5c8f366019d8552700530f73d635be2dfede3bde181d57103,b4f94c052206e35cc8ebe5207c040a97bef150ceba842e5016894417e8eda037,1960025,1959799,226,data/processed/project_gutenberg_resolved_v1/nineteenth_century_bridge/part-0002.txt,51876628,53866673,1959799,1990045,667d98799be486907e5a3f23f7d51c1f04b18dd981f48ca655835ef54b342224
48490,"Pasquale Paoli; ossia, la rotta di Ponte Nuovo","Guerrazzi, Francesco Domenico",initial_eligible_pool,Project Gutenberg,https://www.gutenberg.org/ebooks/48490,nineteenth_century_bridge,nineteenth_century_bridge,nineteenth_century_bridge,standard_italian,eligible_standard_core_pending_processed_build,preserve_boilerplate_stripped_primary_text,,eligible_pending_v7_and_mixture_freeze,text_materialized_pending_v7,data/local/gutenberg/fulltext_gate_v1/pg48490.txt,c3fcc59aea3b8db96fea4319815babcbe241ceabb68cf6c8008d96d0b5a9d89c,ae98c093b474f1db6462aa9660432aa3430f45a9d2b59496356d49b779df347c,1224897,1224647,250,data/processed/project_gutenberg_resolved_v1/nineteenth_century_bridge/part-0002.txt,53866674,55107128,1224647,1240454,1203ae042dee93a7ad0f818f91c01d9ceef444ea1a2d0621ebe9dff766c287d2
48512,Della scienza militare,"Blanch, Luigi",initial_eligible_pool,Project Gutenberg,https://www.gutenberg.org/ebooks/48512,nineteenth_century_bridge,nineteenth_century_bridge,nineteenth_century_bridge,standard_italian,eligible_standard_core_pending_processed_build,preserve_boilerplate_stripped_primary_text,,eligible_pending_v7_and_mixture_freeze,text_materialized_pending_v7,data/local/gutenberg/fulltext_gate_v1/pg48512.txt,3e90d9d1f8d014789e1c2c7509bb6f46ab858b3ca95cf3ffa0e49c7457d4e473,45efcd2d45215f0a71befb2ed579d88d0715afaf4915c5da027eca5bc0980e36,607557,607413,144,data/processed/project_gutenberg_resolved_v1/nineteenth_century_bridge/part-0002.txt,55107129,55719350,607413,612221,2793b4eb99a626b530caaacd136722f7c6827e1040a1da2d506281931b87ee2b
48530,Giardino di Ricreatione,"Florio, John",initial_eligible_pool,Project Gutenberg,https://www.gutenberg.org/ebooks/48530,origins_through_1800,historical_general,historical_general,standard_italian,eligible_standard_core_pending_processed_build,preserve_boilerplate_stripped_primary_text,,eligible_pending_v7_and_mixture_freeze,text_materialized_pending_v7,data/local/gutenberg/fulltext_gate_v1/pg48530.txt,f1b99b8a28f3544cdad8752afb549e00ce5359881f7b7aed014989f03ba8dd86,617ac0c83242f605649eae243e676d3628e2acb51ddb3271e6ac1b5204ad617d,270777,270633,144,data/processed/project_gutenberg_resolved_v1/historical_general/part-0001.txt,26622389,26895199,270633,272810,1cc1ff5f41748bd2c042c34350b5e160036b5f1897e293616ec4621107ce7e96
48542,Èl Sgner Pirein,"Fiacchi, Antonio",conditioned_metadata_pool,Project Gutenberg,https://www.gutenberg.org/ebooks/48542,language_conditioned_period_unresolved,conditioned_bolognese_prose_and_drama,conditioned_bolognese_prose_and_drama,conditioned_separate,conditioned_candidate_not_activated,no_standard_core_extraction,,inactive_conditioned_experiment_not_authorized,conditioned_text_materialized_inactive,data/local/gutenberg/metadata_review_v1/pg48542.txt,7a941aa8127e442c97b4cf708b2ca69b4c4e6d4dab5cfac482cfaf5c7222b3f2,9e61baff8ff2abb78bf0b2ebb65a050708cbf6f1b142c4cd3d416b3aaf985a2d,304355,304355,0,data/processed/project_gutenberg_resolved_v1/conditioned_source_variants/part-0001.txt,1583144,1895135,304355,311991,9e61baff8ff2abb78bf0b2ebb65a050708cbf6f1b142c4cd3d416b3aaf985a2d
48576,Racconti politici,"Ghislanzoni, Antonio",initial_eligible_pool,Project Gutenberg,https://www.gutenberg.org/ebooks/48576,nineteenth_century_bridge,nineteenth_century_bridge,nineteenth_century_bridge,standard_italian,eligible_standard_core_pending_processed_build,preserve_boilerplate_stripped_primary_text,,eligible_pending_v7_and_mixture_freeze,text_materialized_pending_v7,data/local/gutenberg/fulltext_gate_v1/pg48576.txt,246d28797da861e382cdf734fd95ad568b5a5577f9b84e6861d5e390799f5427,a7c17d36ed4021e3130808efb7fde507fd5a364118316beffd4594b1f8b864a4,601828,601684,144,data/processed/project_gutenberg_resolved_v1/nineteenth_century_bridge/part-0002.txt,55719351,56329741,601684,610390,f6f99239bb057ef950ac5278bf5f65a2888eb3d27330917c79a9e1ee9ea2b42d
48624,"Della guerra nazionale d'insurrezione per bande, applicata all'Italia: Trattato dedicato ai buoni Italiani da un amico del Paese","Bianco, Carlo",initial_eligible_pool,Project Gutenberg,https://www.gutenberg.org/ebooks/48624,nineteenth_century_bridge,nineteenth_century_bridge,nineteenth_century_bridge,standard_italian,eligible_standard_core_pending_processed_build,preserve_boilerplate_stripped_primary_text,,eligible_pending_v7_and_mixture_freeze,text_materialized_pending_v7,data/local/gutenberg/fulltext_gate_v1/pg48624.txt,c757c4a8aefab35a11f7625bd634db220ae23f3b28cc4b6d8ac0113eaa02f4da,432a7aeb0531324761caa5184a3b06c952e1444595bbd1638397b7794210feb7,871688,870805,883,data/processed/project_gutenberg_resolved_v1/nineteenth_century_bridge/part-0002.txt,56329742,57206169,870806,876427,3d4262529f82db9f6d0f5bcb1e8e12b0ad9cec5e766f661b9a07a816755aaafa
48717,L'idolo,"Rovetta, Gerolamo",pass_1b_eligible_pool,Project Gutenberg,https://www.gutenberg.org/ebooks/48717,nineteenth_century_bridge,nineteenth_century_bridge,nineteenth_century_bridge,standard_italian,eligible_standard_core_pending_processed_build,preserve_boilerplate_stripped_primary_text,,eligible_pending_v7_and_mixture_freeze,text_materialized_pending_v7,data/local/gutenberg/metadata_review_v1/pg48717.txt,f93d6371c9a091ad4075c8077b515278e7ad3d10b79076d29d4b652f7c43b37f,2845cb3275c105e9f22de1fdb0520d9e9074ff0cd324ad178c38935f08717ee6,546632,546488,144,data/processed/project_gutenberg_resolved_v1/nineteenth_century_bridge/part-0002.txt,57206170,57759412,546488,553242,d859e2b517fbdfdb3ef76b91b7999b444555c956cf6c3e889f76807f52d0e84c
48779,Novelle umoristiche,"Albertazzi, Adolfo",pass_1b_eligible_pool,Project Gutenberg,https://www.gutenberg.org/ebooks/48779,nineteenth_century_bridge,nineteenth_century_bridge,nineteenth_century_bridge,standard_italian,eligible_standard_core_pending_processed_build,preserve_boilerplate_stripped_primary_text,,eligible_pending_v7_and_mixture_freeze,text_materialized_pending_v7,data/local/gutenberg/metadata_review_v1/pg48779.txt,8054159b5d683ad80fa80cc3942b6dd219e67229132073426dbca4effbaeb40c,ef0aef97dbc1cd214918b568df6cdc6be8446fb570cbc3af1f7671ff30f396bb,372111,371967,144,data/processed/project_gutenberg_resolved_v1/nineteenth_century_bridge/part-0002.txt,57759413,58138821,371967,379408,95f68363f20445a93ba35226267622d4a5a4e42142f7ebfeebfb53bb1232c8c3
48820,La trilogia di Dorina: Commedia in 3 atti,"Rovetta, Gerolamo",pass_1b_eligible_pool,Project Gutenberg,https://www.gutenberg.org/ebooks/48820,nineteenth_century_bridge,nineteenth_century_bridge,nineteenth_century_bridge,standard_italian,eligible_standard_core_pending_processed_build,preserve_boilerplate_stripped_primary_text,,eligible_pending_v7_and_mixture_freeze,text_materialized_pending_v7,data/local/gutenberg/metadata_review_v1/pg48820.txt,9a1215de589790c0ee95a131b25c342941182a9c7a3faa2b4b060ecf3a5f7937,1dc98bbf11548631d2be2616fe29f1c4f8776c90b99ce6df9cc0848ffb4f6be0,110336,110192,144,data/processed/project_gutenberg_resolved_v1/nineteenth_century_bridge/part-0002.txt,58138822,58250135,110192,111313,77d81982ebc7c4bd2900c9a6d1547c2832970361a35934e4b41a49ae2fd31be0
48913,Il Vino: Undici conferenze fatte nell'inverno dell'anno 1880,Various,pass_1b_eligible_pool,Project Gutenberg,https://www.gutenberg.org/ebooks/48913,nineteenth_century_bridge,nineteenth_century_bridge,nineteenth_century_bridge,standard_italian,eligible_standard_core_pending_processed_build,preserve_boilerplate_stripped_primary_text,,eligible_pending_v7_and_mixture_freeze,text_materialized_pending_v7,data/local/gutenberg/metadata_review_v1/pg48913.txt,82d36c093e59821e4c6c34dfb89ca774a18b6cb98e34f08c4287939016c48558,5cf9ae1344514856438e76b3dd38ebee4c2833fff0cc605ddf4c10d4af77fbd5,620673,620673,0,data/processed/project_gutenberg_resolved_v1/nineteenth_century_bridge/part-0002.txt,58250136,58878216,620673,628080,5cf9ae1344514856438e76b3dd38ebee4c2833fff0cc605ddf4c10d4af77fbd5
49062,"Passeggiate per l'Italia, vol. 5","Gregorovius, Ferdinand",initial_eligible_pool,Project Gutenberg,https://www.gutenberg.org/ebooks/49062,nineteenth_century_bridge,nineteenth_century_bridge,nineteenth_century_bridge,standard_italian,eligible_standard_core_pending_processed_build,preserve_boilerplate_stripped_primary_text,,eligible_pending_v7_and_mixture_freeze,text_materialized_pending_v7,data/local/gutenberg/fulltext_gate_v1/pg49062.txt,374c72eae6f6ad70962c3d316d38d487e3bfbd12c6904f315cf62175e549647d,860e20bfb1bb880c49875fb314b911bc0be6eff7f4c3cb6121c20a76cf4bfd2f,288980,288774,206,data/processed/project_gutenberg_resolved_v1/nineteenth_century_bridge/part-0002.txt,58878217,59169600,288774,291383,709c62cbbbff74bd70a4e7e58edbd8bea078eeb134cc21b4729a721a6ed2abcc
49066,In Egitto: La caccia della jena,"Lessona, Michele",initial_eligible_pool,Project Gutenberg,https://www.gutenberg.org/ebooks/49066,nineteenth_century_bridge,nineteenth_century_bridge,nineteenth_century_bridge,standard_italian,eligible_standard_core_pending_processed_build,preserve_boilerplate_stripped_primary_text,,eligible_pending_v7_and_mixture_freeze,text_materialized_pending_v7,data/local/gutenberg/fulltext_gate_v1/pg49066.txt,a773cb79a606e15e317c2326bea2ba18b23a84ca120e9510d44ce699ed8fa177,829a211e71128fae0050d6877e37f2778f13c106ae8930783cbcc4ecfa962ae2,51508,51364,144,data/processed/project_gutenberg_resolved_v1/nineteenth_century_bridge/part-0002.txt,59169601,59221684,51364,52083,6ed9fd523243f4e089df9367ba49dc0b6f1c2a0419b2c95126f5a15faa74e851
49079,Storia degli Esseni: Lezioni,"Benamozegh, Elia",initial_eligible_pool,Project Gutenberg,https://www.gutenberg.org/ebooks/49079,nineteenth_century_bridge,nineteenth_century_bridge,nineteenth_century_bridge,standard_italian,eligible_standard_core_pending_processed_build,preserve_boilerplate_stripped_primary_text,,eligible_pending_v7_and_mixture_freeze,text_materialized_pending_v7,data/local/gutenberg/fulltext_gate_v1/pg49079.txt,b175b1892e06f159a2b0fa4bacb9495396adcdaf4969345d9b714651b1157f56,6b991a636ab80911a935629035b552206495348216cf852597a108601eecb6b7,987136,987136,0,data/processed/project_gutenberg_resolved_v1/nineteenth_century_bridge/part-0002.txt,59221685,60226414,987136,1004729,6b991a636ab80911a935629035b552206495348216cf852597a108601eecb6b7
49219,"Ginevra, o, L'Orfana della Nunziata","Ranieri, Antonio",initial_eligible_pool,Project Gutenberg,https://www.gutenberg.org/ebooks/49219,nineteenth_century_bridge,nineteenth_century_bridge,nineteenth_century_bridge,standard_italian,eligible_standard_core_pending_processed_build,preserve_boilerplate_stripped_primary_text,,eligible_pending_v7_and_mixture_freeze,text_materialized_pending_v7,data/local/gutenberg/fulltext_gate_v1/pg49219.txt,76ad1f59d7adeed302d573aee9b3fb434ce3be181153d7e4fd05d30dd2ed7582,72671ea47f07423905df44fb4f2c2c9eb735c5af518bc67a937b32ea78f36351,568716,568572,144,data/processed/project_gutenberg_resolved_v1/nineteenth_century_bridge/part-0002.txt,60226415,60799255,568572,572840,20b9d8d9415158f1e2f1b2474b758b363c4e5004f9ce81f16dd41abe7482aa48
49337,"Storia degli Italiani, vol. 01 (di 15)","Cantù, Cesare",initial_eligible_pool,Project Gutenberg,https://www.gutenberg.org/ebooks/49337,nineteenth_century_bridge,nineteenth_century_bridge,nineteenth_century_bridge,standard_italian,eligible_standard_core_pending_processed_build,preserve_boilerplate_stripped_primary_text,,eligible_pending_v7_and_mixture_freeze,text_materialized_pending_v7,data/local/gutenberg/fulltext_gate_v1/pg49337.txt,ad1f840fbefd6d9540a666855f7fe5f824338801e60e7e5f5b1eb247bd647f38,79e07119ef1d4f6941d5634ea70caef9d1e01831119101199ae3e38cc9b7de89,898143,898143,0,data/processed/project_gutenberg_resolved_v1/nineteenth_century_bridge/part-0002.txt,60799256,61717180,898143,917924,79e07119ef1d4f6941d5634ea70caef9d1e01831119101199ae3e38cc9b7de89
49346,"Nerone: commedia in cinque atti ed in versi, con prologo e note storiche","Cossa, Pietro",initial_eligible_pool,Project Gutenberg,https://www.gutenberg.org/ebooks/49346,nineteenth_century_bridge,historical_non_sonnet_poetry,historical_non_sonnet_poetry,standard_italian,eligible_standard_core_pending_processed_build,preserve_boilerplate_stripped_primary_text,,eligible_pending_v7_and_mixture_freeze,text_materialized_pending_v7,data/local/gutenberg/fulltext_gate_v1/pg49346.txt,33a5bf641d038078d7af2660d496a8fafe6fdc61238c59f82dbd50daba373816,407c0eba7507f491e841397ef5264034bf059ff033c412a6dfad8769ae02fba7,125791,125572,219,data/processed/project_gutenberg_resolved_v1/historical_non_sonnet_poetry/part-0001.txt,8038416,8167127,125572,128711,e6386a72ebd3f142091a6ef2e10abaae4b7bb781164c05aac800520079d5576f
49365,La vita italiana nel Trecento: Conferenze tenute a Firenze nel 1891,Various,pass_1b_eligible_pool,Project Gutenberg,https://www.gutenberg.org/ebooks/49365,nineteenth_century_bridge,nineteenth_century_bridge,nineteenth_century_bridge,standard_italian,eligible_standard_core_pending_processed_build,preserve_boilerplate_stripped_primary_text,,eligible_pending_v7_and_mixture_freeze,text_materialized_pending_v7,data/local/gutenberg/metadata_review_v1/pg49365.txt,e46eb4607c0cc1a83faec0238f1f19a2c74be81f1b1379564b22bacd5598141e,0958aa848f1744820c5004f9665faf8b7ab8e7f0cc6783c4cdddff33fb6f7806,737148,737004,144,data/processed/project_gutenberg_resolved_v1/nineteenth_century_bridge/part-0002.txt,61717181,62461335,737004,744154,a5b65b5f5e7d67c46d3e1887003ee2465164f4a5eb9b1f78611248bc3e30e973
49394,Ricordi intorno alle Cinque Giornate di Milano (18-22 marzo 1848): Seconda edizione con aggiunte,"Torelli, Luigi",initial_eligible_pool,Project Gutenberg,https://www.gutenberg.org/ebooks/49394,nineteenth_century_bridge,nineteenth_century_bridge,nineteenth_century_bridge,standard_italian,eligible_standard_core_pending_processed_build,preserve_boilerplate_stripped_primary_text,,eligible_pending_v7_and_mixture_freeze,text_materialized_pending_v7,data/local/gutenberg/fulltext_gate_v1/pg49394.txt,5844203b3f2a4b4be57ff44ab128ecb44b5fa5ec23b796971fc315a378bdb0d0,662af6c78af767884ead4f06dd307f92026a0b58afb2021123b1f1bc43a80605,551820,551592,228,data/processed/project_gutenberg_resolved_v1/nineteenth_century_bridge/part-0002.txt,62461336,63017317,551592,555981,b639c951565d9c4fcb8ccf986581e2ffd083598b69f253475c9d16d83863208a
49420,Brandelli,"Guerrini, Olindo",pass_1b_eligible_pool,Project Gutenberg,https://www.gutenberg.org/ebooks/49420,nineteenth_century_bridge,nineteenth_century_bridge,nineteenth_century_bridge,standard_italian,eligible_standard_core_pending_processed_build,preserve_boilerplate_stripped_primary_text,,eligible_pending_v7_and_mixture_freeze,text_materialized_pending_v7,data/local/gutenberg/metadata_review_v1/pg49420.txt,7deb54f38419579b12d13500c5627df0fc1fd75aa2a600553744e9044428e450,32e4f7d2582a13617ea7209180da0c77597d882f5dbad7bc7ad3fd40d4bda084,832295,832191,104,data/processed/project_gutenberg_resolved_v1/nineteenth_century_bridge/part-0002.txt,63017318,63864264,832191,846946,80d72a41d5553393ed035b1eb6b42ddef602fabde5d6e5a150ea490251cee511
49429,Mezzo secolo di patriotismo: Saggi storici,"Bonfadini, Romualdo",initial_eligible_pool,Project Gutenberg,https://www.gutenberg.org/ebooks/49429,nineteenth_century_bridge,nineteenth_century_bridge,nineteenth_century_bridge,standard_italian,eligible_standard_core_pending_processed_build,preserve_boilerplate_stripped_primary_text,,eligible_pending_v7_and_mixture_freeze,text_materialized_pending_v7,data/local/gutenberg/fulltext_gate_v1/pg49429.txt,937edb3836837ea135812815bdff9155e1abdba942f6e6a659f60b2271179338,4fba8a704fe39ae25ef8805ea5c93df650872c1a511ce476259f1c6801cc6cc8,491280,491136,144,data/processed/project_gutenberg_resolved_v1/nineteenth_century_bridge/part-0002.txt,63864265,64360117,491136,495852,dc44602b7a807c2dffddc05bb54e8fd7650223eaafca4033254aa662d3a3a1d5
49463,Racconti per giovinetti,"Thouar, Pietro",initial_eligible_pool,Project Gutenberg,https://www.gutenberg.org/ebooks/49463,nineteenth_century_bridge,nineteenth_century_bridge,nineteenth_century_bridge,standard_italian,eligible_standard_core_pending_processed_build,preserve_boilerplate_stripped_primary_text,,eligible_pending_v7_and_mixture_freeze,text_materialized_pending_v7,data/local/gutenberg/fulltext_gate_v1/pg49463.txt,290720fc1ae34c03c70c351166c83d53a70237330b2c9ac61c6df1f99905dbfc,ec2ba20efbe6ddaa58cac74bab8adf4d3a745836c3cd3948de8531c6d59302de,545711,545567,144,data/processed/project_gutenberg_resolved_v1/nineteenth_century_bridge/part-0002.txt,64360118,64912480,545567,552362,6497be4863e8dea577b73a68c9d44a629437584a05f0d4d6bce4ac57ee85d4b5
49510,Racconti,"Percoto, Caterina",initial_eligible_pool,Project Gutenberg,https://www.gutenberg.org/ebooks/49510,nineteenth_century_bridge,nineteenth_century_bridge,nineteenth_century_bridge,standard_italian,eligible_standard_core_pending_processed_build,preserve_boilerplate_stripped_primary_text,,eligible_pending_v7_and_mixture_freeze,text_materialized_pending_v7,data/local/gutenberg/fulltext_gate_v1/pg49510.txt,a51b7ba01f67d69c89fda7d48c26ef707649c50bb4fba4ec9b9f8fb1cc59d776,4224ddc50ee282dc3fe18c448d5134ed429822eb0059b996bf8258c266a62f90,963071,962927,144,data/processed/project_gutenberg_resolved_v1/nineteenth_century_bridge/part-0002.txt,64912481,65884269,962927,971788,2d05a629966177dc28939196d50d1cfcc7d428f8c2737a124b21f8da4eaddab1
49523,Prose (1880-1890),"Pascarella, Cesare",pass_1b_eligible_pool,Project Gutenberg,https://www.gutenberg.org/ebooks/49523,nineteenth_century_bridge,nineteenth_century_bridge,nineteenth_century_bridge,standard_italian,eligible_standard_core_pending_processed_build,preserve_boilerplate_stripped_primary_text,,eligible_pending_v7_and_mixture_freeze,text_materialized_pending_v7,data/local/gutenberg/metadata_review_v1/pg49523.txt,a236ff83f047c9da1b4c340bd75ba727e7e46d53a394eba43cf8ed17d2e2c0c2,481cfbf0e4b5c1acfccf0efd9602cc420d18d82e53f94a625ea8d38e739a6e6f,483668,483524,144,data/processed/project_gutenberg_resolved_v1/nineteenth_century_bridge/part-0002.txt,65884270,66373432,483524,489162,63607c1535dcc5f2f5304d08b246f1375d1d3a20cfcbb23eae4c45db438975e9
49599,Scritti editi e postumi,"Bini, Carlo",initial_eligible_pool,Project Gutenberg,https://www.gutenberg.org/ebooks/49599,nineteenth_century_bridge,nineteenth_century_bridge,nineteenth_century_bridge,standard_italian,eligible_standard_core_pending_processed_build,preserve_boilerplate_stripped_primary_text,,eligible_pending_v7_and_mixture_freeze,text_materialized_pending_v7,data/local/gutenberg/fulltext_gate_v1/pg49599.txt,49ae38b3025df9318ec98cc104283693e809756b2b533549db5f9f8125b39ae4,b097724c4193ee2090803cc6e855469f84ea28515dc1c419699a1fa748bf43d2,585326,585182,144,data/processed/project_gutenberg_resolved_v1/nineteenth_century_bridge/part-0002.txt,66373433,66969019,585182,595586,331195466a654a744f2a9bbf6304fbb1df032a3db5c27d4d6492394c4c8a14ca
49670,Tre racconti: Il cane del cieco - Un genio sconosciuto - Galatea,"Bersezio, Vittorio",initial_eligible_pool,Project Gutenberg,https://www.gutenberg.org/ebooks/49670,nineteenth_century_bridge,nineteenth_century_bridge,nineteenth_century_bridge,standard_italian,eligible_standard_core_pending_processed_build,preserve_boilerplate_stripped_primary_text,,eligible_pending_v7_and_mixture_freeze,text_materialized_pending_v7,data/local/gutenberg/fulltext_gate_v1/pg49670.txt,45c7e87a62027a4d9788551a70706240399b2e0edaf5e98b22da2088c1a4b999,a8bd62740a6ccf40dc4b5d13b6f36bce81d97dbfb98e9c18688babf979da386b,381285,381141,144,data/processed/project_gutenberg_resolved_v1/nineteenth_century_bridge/part-0003.txt,0,387619,381141,387619,dc1bcc95687bcd16f92916af811162e9160ea7b9bd6e380df2c7b6c16ce4d972
49902,Piccolo romanzo,"Serao, Matilde",pass_1b_eligible_pool,Project Gutenberg,https://www.gutenberg.org/ebooks/49902,nineteenth_century_bridge,nineteenth_century_bridge,nineteenth_century_bridge,standard_italian,eligible_standard_core_pending_processed_build,preserve_boilerplate_stripped_primary_text,,eligible_pending_v7_and_mixture_freeze,text_materialized_pending_v7,data/local/gutenberg/metadata_review_v1/pg49902.txt,772819bc0aa450aea06f9eae2c9d263e487eb8af06a4b757d86c7eeb6d128229,c4bc8a8ac5d482fa3936cefc2a0e4cd00fb068b4d18258fd2bf504ea5b7e0e37,66909,66765,144,data/processed/project_gutenberg_resolved_v1/nineteenth_century_bridge/part-0003.txt,387620,455943,66765,68323,76774208d26261423cd9a1cfbd308ba1d1fcbd7ed5f5b88cfa8accecd610ae97
50305,Storia del Quindici Maggio in Napoli: con l'esposizione di alcuni fatti che han preparato la catastrofe,"Cimino, Tommaso",pass_1b_eligible_pool,Project Gutenberg,https://www.gutenberg.org/ebooks/50305,nineteenth_century_bridge,nineteenth_century_bridge,nineteenth_century_bridge,standard_italian,eligible_standard_core_pending_processed_build,preserve_boilerplate_stripped_primary_text,,eligible_pending_v7_and_mixture_freeze,text_materialized_pending_v7,data/local/gutenberg/metadata_review_v1/pg50305.txt,c74f0eba8ae3ef956106f8d425089dfb4cdd9a58a748390c04d83d6be38c422a,7327dc1f6b18713292f371489eabf716dfe4d4f889a78ea252887b3f9b04c13d,87494,87350,144,data/processed/project_gutenberg_resolved_v1/nineteenth_century_bridge/part-0003.txt,455944,544000,87350,88056,076cabc55bd96504e397b0cf75edfb77e2180d1a6c97681bd2e7fa8c7249b087
50306,Rinaldo ardito: Frammenti inediti pubblicati sul manoscritto originale,"Ariosto, Lodovico",initial_eligible_pool,Project Gutenberg,https://www.gutenberg.org/ebooks/50306,origins_through_1800,historical_non_sonnet_poetry,historical_non_sonnet_poetry,standard_italian,eligible_standard_core_pending_processed_build,preserve_boilerplate_stripped_primary_text,,eligible_pending_v7_and_mixture_freeze,text_materialized_pending_v7,data/local/gutenberg/fulltext_gate_v1/pg50306.txt,2bd4faabf63a24d4bdca4ac76287e129115dd3fc4040a17a57524618eb9cd116,85f295157a19f7e8a96543452b35b450d6ceeea33d0cab832712db8fb67f1f15,155410,155191,219,data/processed/project_gutenberg_resolved_v1/historical_non_sonnet_poetry/part-0001.txt,8167128,8323261,155191,156133,28b2414047b3c5a0ae642a3719c3ccf2b3a9b0829cbb0f4173453b351e3bc77d
50641,"Istoria civile del Regno di Napoli, v. 1","Giannone, Pietro",initial_eligible_pool,Project Gutenberg,https://www.gutenberg.org/ebooks/50641,origins_through_1800,historical_general,historical_general,standard_italian,eligible_standard_core_pending_processed_build,preserve_boilerplate_stripped_primary_text,,eligible_pending_v7_and_mixture_freeze,text_materialized_pending_v7,data/local/gutenberg/fulltext_gate_v1/pg50641.txt,43c773b358beffb464ab645b102fe93cd014b8bf31ecd4618ade7f29b4a4a7d1,a1fecc025c61976059c969facfb53f1a15681386199fbdb67d44fd5ae3cdb898,794449,794305,144,data/processed/project_gutenberg_resolved_v1/historical_general/part-0001.txt,26895200,27694849,794305,799649,82bcca0d4c042e45e79c70ddaf351340ffe3605f1c0ca8521cbe5f6fc144f15a
50642,"Istoria civile del Regno di Napoli, v. 2","Giannone, Pietro",initial_eligible_pool,Project Gutenberg,https://www.gutenberg.org/ebooks/50642,origins_through_1800,historical_general,historical_general,standard_italian,eligible_standard_core_pending_processed_build,preserve_boilerplate_stripped_primary_text,,eligible_pending_v7_and_mixture_freeze,text_materialized_pending_v7,data/local/gutenberg/fulltext_gate_v1/pg50642.txt,d19ca200337b9dc352205a829c3ee83d08c0f5f2c2426392b1573ec930b98283,e6f2372f87a163f261502f67ef9b0f746f9f2a7b8ea31684f39904774263dd7d,756110,755966,144,data/processed/project_gutenberg_resolved_v1/historical_general/part-0001.txt,27694850,28455756,755966,760906,a32ca0ef8f827a7f80d7764b625214b4ed3e94d9fbedd78e5b8113fc411742b7
50643,"Istoria civile del Regno di Napoli, v. 3","Giannone, Pietro",initial_eligible_pool,Project Gutenberg,https://www.gutenberg.org/ebooks/50643,origins_through_1800,historical_general,historical_general,standard_italian,eligible_standard_core_pending_processed_build,preserve_boilerplate_stripped_primary_text,,eligible_pending_v7_and_mixture_freeze,text_materialized_pending_v7,data/local/gutenberg/fulltext_gate_v1/pg50643.txt,d9fb2cc637f6adc29463d934d29e4899b7ad1d011b3366fc8e6f4f9a99ff7dfa,c2119ea1db4a21ff340fa82cd6958e54b0d31d48bd19f86610f09a681bba3b33,868637,868493,144,data/processed/project_gutenberg_resolved_v1/historical_general/part-0001.txt,28455757,29329735,868493,873978,918f46988524c51fe4d54362832de8073481ef69c1df15d2bc440f055f8f0b40
50644,"Istoria civile del Regno di Napoli, v. 4","Giannone, Pietro",initial_eligible_pool,Project Gutenberg,https://www.gutenberg.org/ebooks/50644,origins_through_1800,historical_general,historical_general,standard_italian,eligible_standard_core_pending_processed_build,preserve_boilerplate_stripped_primary_text,,eligible_pending_v7_and_mixture_freeze,text_materialized_pending_v7,data/local/gutenberg/fulltext_gate_v1/pg50644.txt,c0d3f786df27327c3d9ef7ea14a80a7acddc6edad1aaa0f206abd68e7b9d98d3,b15468328ffbff06610d7433ad4d631aca5f4dc945dd12b9ab2264c38f35df03,794703,794559,144,data/processed/project_gutenberg_resolved_v1/historical_general/part-0001.txt,29329736,30129206,794559,799470,5c9cd5c2398f932dc0b1374414fee945ef7a3e91db6b95f6c132d54ae5209fd5
50645,"Istoria civile del Regno di Napoli, v. 5","Giannone, Pietro",initial_eligible_pool,Project Gutenberg,https://www.gutenberg.org/ebooks/50645,origins_through_1800,historical_general,historical_general,standard_italian,eligible_standard_core_pending_processed_build,preserve_boilerplate_stripped_primary_text,,eligible_pending_v7_and_mixture_freeze,text_materialized_pending_v7,data/local/gutenberg/fulltext_gate_v1/pg50645.txt,9485089889d0fa123f0d0e868063c9db1cdbe1d754e85fa8af1752bbafee9a38,f93dd50eba32a1539640d40c8cfc8b5af2ef786b0d5fe41c3476bc30a7f67c1a,813318,813174,144,data/processed/project_gutenberg_resolved_v1/historical_general/part-0001.txt,30129207,30947151,813174,817944,d6793aa83620a9c15d1bd4baacc5903ef2bac65fc5eef0602242b19d354acf5d
50646,"Istoria civile del Regno di Napoli, v. 6","Giannone, Pietro",initial_eligible_pool,Project Gutenberg,https://www.gutenberg.org/ebooks/50646,origins_through_1800,historical_general,historical_general,standard_italian,eligible_standard_core_pending_processed_build,preserve_boilerplate_stripped_primary_text,,eligible_pending_v7_and_mixture_freeze,text_materialized_pending_v7,data/local/gutenberg/fulltext_gate_v1/pg50646.txt,748efe7b1e03fd7df17d42b11ca0dbf8588276982922dbb47e8446aabb2c7f2c,dbe59a7a159f097b7dfa7d9728be4adce18715b3bd0b3c575239d2be5d900caf,761418,761274,144,data/processed/project_gutenberg_resolved_v1/historical_general/part-0001.txt,30947152,31713400,761274,766248,8effda868cf0d7f28a27b004596a4a56eef5193be84816e01db9c2415b6ff5ba
50647,"Istoria civile del Regno di Napoli, v. 7","Giannone, Pietro",initial_eligible_pool,Project Gutenberg,https://www.gutenberg.org/ebooks/50647,origins_through_1800,historical_general,historical_general,standard_italian,eligible_standard_core_pending_processed_build,preserve_boilerplate_stripped_primary_text,,eligible_pending_v7_and_mixture_freeze,text_materialized_pending_v7,data/local/gutenberg/fulltext_gate_v1/pg50647.txt,dfee20abc2a8e1671eef4352eae79608b9442d5e5beacef4e38d977a8de5f1c5,a38fe4a253728f4cfc822225c5eccb84624e74b6a23b1e6e0cbf14bcc3ee4b99,634214,634070,144,data/processed/project_gutenberg_resolved_v1/historical_general/part-0001.txt,31713401,32351487,634070,638086,f6dd5af59812b8da3b92d62d731d9a3cf669372b7d121a650175ea21d77f51c2
50648,"Istoria civile del Regno di Napoli, v. 8","Giannone, Pietro",initial_eligible_pool,Project Gutenberg,https://www.gutenberg.org/ebooks/50648,origins_through_1800,historical_general,historical_general,standard_italian,eligible_standard_core_pending_processed_build,preserve_boilerplate_stripped_primary_text,,eligible_pending_v7_and_mixture_freeze,text_materialized_pending_v7,data/local/gutenberg/fulltext_gate_v1/pg50648.txt,390d98c96a694cf24fd2bbea1859512cdb23315d19c79ff0c409357575a608e0,9f2d7efceacbedcac86b52cf523307fef56c9a7897945eebae49e0379553ff5f,827923,827779,144,data/processed/project_gutenberg_resolved_v1/historical_general/part-0001.txt,32351488,33184827,827779,833339,77d089ff2280a1213b49bc101be766f2ea9258378242b7d94d38a067ede84e04
50649,"Istoria civile del Regno di Napoli, v. 9","Giannone, Pietro",initial_eligible_pool,Project Gutenberg,https://www.gutenberg.org/ebooks/50649,origins_through_1800,historical_general,historical_general,standard_italian,eligible_standard_core_pending_processed_build,preserve_boilerplate_stripped_primary_text,,eligible_pending_v7_and_mixture_freeze,text_materialized_pending_v7,data/local/gutenberg/fulltext_gate_v1/pg50649.txt,0c8ccdc7948b92d1323ea59dc9d04716b7d4730b8849c6d86e4cf00266dc70a0,2949e7f1051dc3591e771aafe2027d7b39d0dcb29aae6ab318a5f800cafe9bd0,644529,644385,144,data/processed/project_gutenberg_resolved_v1/historical_general/part-0001.txt,33184828,33833541,644385,648713,f8e00f5516971491c84d3d86d1ff828ffd5136711ce26bee70da57b43976960d
50674,Viaggio a Costantinopoli (1609-1621),"Alberti, Tommaso",pass_1b_eligible_pool,Project Gutenberg,https://www.gutenberg.org/ebooks/50674,nineteenth_century_bridge,nineteenth_century_bridge,nineteenth_century_bridge,standard_italian,eligible_standard_core_pending_processed_build,preserve_boilerplate_stripped_primary_text,,eligible_pending_v7_and_mixture_freeze,text_materialized_pending_v7,data/local/gutenberg/metadata_review_v1/pg50674.txt,9b786fd9973e97ac473fe09fb55f9f13c3a0796a380367e018594f01557c2110,5871402738f7bd482c13d2e0bcc7365ab26fa7909ff8bc6bfcb087f873a0d219,200781,200633,148,data/processed/project_gutenberg_resolved_v1/nineteenth_century_bridge/part-0003.txt,544001,746294,200633,202293,35406993be7fa189f9519e175480afb5553c9b9519bd40c3f6bbf79c57638d53
50697,Teatro Futurista Sintetico,"Marinetti, F. T.;Corra, Bruno;Settimelli, Emilio",pass_1b_eligible_pool,Project Gutenberg,https://www.gutenberg.org/ebooks/50697,nineteenth_century_bridge,nineteenth_century_bridge,nineteenth_century_bridge,standard_italian,eligible_standard_core_pending_processed_build,preserve_boilerplate_stripped_primary_text,,eligible_pending_v7_and_mixture_freeze,text_materialized_pending_v7,data/local/gutenberg/metadata_review_v1/pg50697.txt,3c1341a91924a0099ada3d3142863527113d68b67e2aed0252264e34e90e5e89,7c9e608974464398f2d90105e715543127d477cc2a3199269c9e582ec3258667,121876,121732,144,data/processed/project_gutenberg_resolved_v1/nineteenth_century_bridge/part-0003.txt,746295,869331,121732,123036,7a9e38087d182631686840de82803c40c999b95d5e8ddcdab8be654a86fbd1f8
51323,"La vita Italiana nel Risorgimento (1815-1831), parte 1: Conferenze fiorentine - Storia",Various,pass_1b_eligible_pool,Project Gutenberg,https://www.gutenberg.org/ebooks/51323,nineteenth_century_bridge,nineteenth_century_bridge,nineteenth_century_bridge,standard_italian,eligible_standard_core_pending_processed_build,preserve_boilerplate_stripped_primary_text,,eligible_pending_v7_and_mixture_freeze,text_materialized_pending_v7,data/local/gutenberg/metadata_review_v1/pg51323.txt,50646a2feba4573797229b0b58064d1e16584fd6ffe707b4a12cbe348d347e29,05e39b93cff7c2bf506208316e84b2a6a7de424dc655c0ae2a693b2e80ceaa7e,282712,282568,144,data/processed/project_gutenberg_resolved_v1/nineteenth_century_bridge/part-0003.txt,869332,1154401,282568,285069,769d8a657bf9dce062dc23bdf1cb874f79dc8a8ad3bd31400c6362ac0cb11221
51324,"La vita Italiana nel Risorgimento (1815-1831), parte 2: Conferenze fiorentine - Storia",Various,pass_1b_eligible_pool,Project Gutenberg,https://www.gutenberg.org/ebooks/51324,nineteenth_century_bridge,nineteenth_century_bridge,nineteenth_century_bridge,standard_italian,eligible_standard_core_pending_processed_build,preserve_boilerplate_stripped_primary_text,,eligible_pending_v7_and_mixture_freeze,text_materialized_pending_v7,data/local/gutenberg/metadata_review_v1/pg51324.txt,9e10f6c533683def32b6ddf6d780741b9ad3c77473930268d94c1b75bdbb3eab,13d3e3ab4f7cc61d28ad71236e0c07131765bcdaef248c78aae4afbdd050091d,231577,231433,144,data/processed/project_gutenberg_resolved_v1/nineteenth_century_bridge/part-0003.txt,1154402,1389048,231433,234646,d560f62b0c4cf2b002219d5b9972bfe9b19d7091134dc46539697e952ef316a0
51325,"La vita Italiana nel Risorgimento (1815-1831), parte 3: Conferenze fiorentine - Lettere, scienze e arti",Various,pass_1b_eligible_pool,Project Gutenberg,https://www.gutenberg.org/ebooks/51325,nineteenth_century_bridge,nineteenth_century_bridge,nineteenth_century_bridge,standard_italian,eligible_standard_core_pending_processed_build,preserve_boilerplate_stripped_primary_text,,eligible_pending_v7_and_mixture_freeze,text_materialized_pending_v7,data/local/gutenberg/metadata_review_v1/pg51325.txt,2dfd5dbf2a60ef420ab7fa6da0ac57784a3f003626c75184537e41009913050b,64a1e0949c53599af7702381fbf75b98dc7e78133f0cf6c7fa9c35272b538b54,193757,193613,144,data/processed/project_gutenberg_resolved_v1/nineteenth_century_bridge/part-0003.txt,1389049,1584337,193613,195288,383d297a56589003ad5182d22ac9332235b7e7aca76863e0482b475c81cc35fd
51399,"La vita Italiana nel Risorgimento (1831-1846), parte 1: Seconda serie - Storia",Various,pass_1b_eligible_pool,Project Gutenberg,https://www.gutenberg.org/ebooks/51399,nineteenth_century_bridge,nineteenth_century_bridge,nineteenth_century_bridge,standard_italian,eligible_standard_core_pending_processed_build,preserve_boilerplate_stripped_primary_text,,eligible_pending_v7_and_mixture_freeze,text_materialized_pending_v7,data/local/gutenberg/metadata_review_v1/pg51399.txt,7dc3f25c06c8a68b3b2ff0511bfd3c4ded214063dc3426cbd37477eb7f4674af,85423e0d5e8acf6196fa0ba977d2385f524e856e8e72af8d4f3216d69d569297,219203,219059,144,data/processed/project_gutenberg_resolved_v1/nineteenth_century_bridge/part-0003.txt,1584338,1805171,219059,220833,99867317a9e0de2dd48b3cde8ce1d26318b22ba6e0098e7e4fc6955aec973348
51400,"La vita Italiana nel Risorgimento (1831-1846), parte 2: Seconda serie - Lettere, scienze e arti",Various,pass_1b_eligible_pool,Project Gutenberg,https://www.gutenberg.org/ebooks/51400,nineteenth_century_bridge,nineteenth_century_bridge,nineteenth_century_bridge,standard_italian,eligible_standard_core_pending_processed_build,preserve_boilerplate_stripped_primary_text,,eligible_pending_v7_and_mixture_freeze,text_materialized_pending_v7,data/local/gutenberg/metadata_review_v1/pg51400.txt,feec7f744098482799c3424bc03664b999fa6bdd4527242ce75f27edfad77efc,f7b7a6f2d4ecd7a1690a8be7f18a3c1c3ce0c5e8c9d02a2924efaf30a165ee84,188024,187880,144,data/processed/project_gutenberg_resolved_v1/nineteenth_century_bridge/part-0003.txt,1805172,1994754,187880,189582,7e6a2daf8fd23363d4c36a5aed40844cc8e90eba94458e67211d3027cafdac49
51402,"La vita Italiana nel Risorgimento (1831-1846), parte 3: Seconda serie - Lettere, scienze e arti",Various,pass_1b_eligible_pool,Project Gutenberg,https://www.gutenberg.org/ebooks/51402,nineteenth_century_bridge,nineteenth_century_bridge,nineteenth_century_bridge,standard_italian,eligible_standard_core_pending_processed_build,preserve_boilerplate_stripped_primary_text,,eligible_pending_v7_and_mixture_freeze,text_materialized_pending_v7,data/local/gutenberg/metadata_review_v1/pg51402.txt,a2ac6e169d36c6d6de17ff10b6d589c75adc3a5196b41535a5bc3d1d74d1d0cf,451989c5cc03a1013221919c56e17e55e11406bfb6a4c007928716d99582d42d,159225,159015,210,data/processed/project_gutenberg_resolved_v1/nineteenth_century_bridge/part-0003.txt,1994755,2156459,159015,161704,a0f50242f4bb606b1de5e0ec57bffeb53e0983fbffa958c714a48e62792e8403
51462,"La vita Italiana nel Risorgimento (1846-1849), parte 1: Terza serie - Lettere, scienze e arti",Various,pass_1b_eligible_pool,Project Gutenberg,https://www.gutenberg.org/ebooks/51462,nineteenth_century_bridge,nineteenth_century_bridge,nineteenth_century_bridge,standard_italian,eligible_standard_core_pending_processed_build,preserve_boilerplate_stripped_primary_text,,eligible_pending_v7_and_mixture_freeze,text_materialized_pending_v7,data/local/gutenberg/metadata_review_v1/pg51462.txt,95ed4c66fe68cad0ad8903a7d2c35679a0f95d9adb5a419f0b5f386ec36add77,bbe0275599a98daea288751a1462402e8935c2f0f22953343c4238d9315b7fda,287307,287163,144,data/processed/project_gutenberg_resolved_v1/nineteenth_century_bridge/part-0003.txt,2156460,2446403,287163,289943,89d969125e632ddccca3535baac7659225e9817334aaa5a8b6cc1d91881ad2c0
51463,"La vita Italiana nel Risorgimento (1846-1849), parte 2: Terza serie - Storia",Various,pass_1b_eligible_pool,Project Gutenberg,https://www.gutenberg.org/ebooks/51463,nineteenth_century_bridge,nineteenth_century_bridge,nineteenth_century_bridge,standard_italian,eligible_standard_core_pending_processed_build,preserve_boilerplate_stripped_primary_text,,eligible_pending_v7_and_mixture_freeze,text_materialized_pending_v7,data/local/gutenberg/metadata_review_v1/pg51463.txt,6a1e15144e599b6b1a43e5e1704e21d2602887ae85067e0e0dfbc3c59d6d7ade,09bc543314c1f76fc94b0bdb951d4bbf698834deabd5864098f33a0918fb8dd7,176135,175991,144,data/processed/project_gutenberg_resolved_v1/nineteenth_century_bridge/part-0003.txt,2446404,2624763,175991,178359,a0c71b1489ae642eeff3cb0e9a824619d5c353fefeb1c701dcb28b3b6ad89dbc
51464,"La vita Italiana nel Risorgimento (1846-1849), parte 3: Terza serie - Storia",Various,pass_1b_eligible_pool,Project Gutenberg,https://www.gutenberg.org/ebooks/51464,nineteenth_century_bridge,nineteenth_century_bridge,nineteenth_century_bridge,standard_italian,eligible_standard_core_pending_processed_build,preserve_boilerplate_stripped_primary_text,,eligible_pending_v7_and_mixture_freeze,text_materialized_pending_v7,data/local/gutenberg/metadata_review_v1/pg51464.txt,103de49d0b92b039a40935d3ad5620fda9c6ac52b8760cfe15a53edd376350dc,b0628c901068b245002d29d2c23af2f82fabc1653624a6fc64cb522d4ee39920,207211,207067,144,data/processed/project_gutenberg_resolved_v1/nineteenth_century_bridge/part-0003.txt,2624764,2833296,207067,208532,9f6a49d4a04eb426ddb2edae66e39f35066aa67b2e6fa18d25241b741861bdf4
51706,La vita Italiana nel Rinascimento: Conferenze tenute a Firenze nel 1892,,pass_1b_eligible_pool,Project Gutenberg,https://www.gutenberg.org/ebooks/51706,nineteenth_century_bridge,nineteenth_century_bridge,nineteenth_century_bridge,standard_italian,eligible_standard_core_pending_processed_build,preserve_boilerplate_stripped_primary_text,,eligible_pending_v7_and_mixture_freeze,text_materialized_pending_v7,data/local/gutenberg/metadata_review_v1/pg51706.txt,510bef3b570bc57f94191887120c8c4d438d7ff4615aaf38b4eed8be33a5de5a,9b1f0a52ac889b31c16f4b116ade0663940a914f22c37a2b805643b01df3f382,626315,626171,144,data/processed/project_gutenberg_resolved_v1/nineteenth_century_bridge/part-0003.txt,2833297,3465896,626171,632599,b03a60c40135122c509d8da2c47ce746f135a28d8f7c5d58dab19792da6e04e5
51857,"La vera cuciniera genovese: facile ed economica, ossia maniera di preparare e cuocere ogni sorta di vivande all'usanza di Genova","Rossi, Emanuele",pass_1b_eligible_pool,Project Gutenberg,https://www.gutenberg.org/ebooks/51857,nineteenth_century_bridge,nineteenth_century_bridge,nineteenth_century_bridge,standard_italian,eligible_standard_core_pending_processed_build,preserve_boilerplate_stripped_primary_text,,eligible_pending_v7_and_mixture_freeze,text_materialized_pending_v7,data/local/gutenberg/metadata_review_v1/pg51857.txt,f362ef061e9c374fd2d36970882b84582fb57ccad4a4f7fd44e1cc72d61b1945,cfa49b4f6ee8155107634332c7038704bb20ac68de3a27b211924bbcf7e75fcc,483058,482597,461,data/processed/project_gutenberg_resolved_v1/nineteenth_century_bridge/part-0003.txt,3465897,3951503,482597,485606,21167449c2f4f271600908c8a0de4fbd5123ade72051e022304381a81abd5848
52259,L'allegoria dell'autunno: Omaggio offerto a Venezia da Gabriele D'Annunzio,"D'Annunzio, Gabriele",pass_1b_eligible_pool,Project Gutenberg,https://www.gutenberg.org/ebooks/52259,nineteenth_century_bridge,historical_non_sonnet_poetry,historical_non_sonnet_poetry,standard_italian,eligible_standard_core_pending_processed_build,preserve_boilerplate_stripped_primary_text,,eligible_pending_v7_and_mixture_freeze,text_materialized_pending_v7,data/local/gutenberg/metadata_review_v1/pg52259.txt,be6df447d1c021fed6e88ece8a9c2fcadd1040dc7bc88543e57ad5b4a1df26ec,4e5075b812ff6e4313f0816eaeda417f800ee6b694bbb6ef0d18489cc3482391,34368,34224,144,data/processed/project_gutenberg_resolved_v1/historical_non_sonnet_poetry/part-0001.txt,8323262,8357839,34224,34577,aca757b972595258239bb70f7b1ac33fb43ff959d9c1e1a9a7fb2b1aea9b08ee
52281,La casa e la famiglia di Masaniello: Ricordi della storia e della vita Napolitana nel Secolo XVII,"Capasso, Bartolommeo",initial_eligible_pool,Project Gutenberg,https://www.gutenberg.org/ebooks/52281,nineteenth_century_bridge,nineteenth_century_bridge,nineteenth_century_bridge,standard_italian,eligible_standard_core_pending_processed_build,preserve_boilerplate_stripped_primary_text,,eligible_pending_v7_and_mixture_freeze,text_materialized_pending_v7,data/local/gutenberg/fulltext_gate_v1/pg52281.txt,0f273e169e5f5307f6421d2d8991ae7f6a73da65261b1c51e2b07e09ca96e1ad,ab7b50f634aba76da3efcdc69d992f2eb50097259d63983e3c17f29ae211aaa4,357648,357404,244,data/processed/project_gutenberg_resolved_v1/nineteenth_century_bridge/part-0003.txt,3951504,4311594,357404,360090,299e93cac24007aec8fe7074547bf40095b3a9a71a3ba9fc144cfc8cca88e474
52377,"Annali d'Italia, vol. 5: dal principio dell'era volgare sino all'anno 1750","Muratori, Lodovico Antonio",initial_eligible_pool,Project Gutenberg,https://www.gutenberg.org/ebooks/52377,origins_through_1800,historical_general,historical_general,standard_italian,eligible_standard_core_pending_processed_build,preserve_boilerplate_stripped_primary_text,,eligible_pending_v7_and_mixture_freeze,text_materialized_pending_v7,data/local/gutenberg/fulltext_gate_v1/pg52377.txt,452be75da873f1c890fec68a9a36f95844260f058fcb06aa812ba543de6d309d,1eb63c42c3f115bcfb476de86aba5dc60c923dfb9a35efd98b91ac4f9afa5b50,2486074,2485930,144,data/processed/project_gutenberg_resolved_v1/historical_general/part-0001.txt,33833542,36339670,2485930,2506128,32ffbdd94f2edc67b46c9dbda6ff4fc1ef4fd33704148dce52ea0971f8fc744b
52484,Le avventure di Pinocchio: Storia di un burattino,"Collodi, Carlo",initial_eligible_pool,Project Gutenberg,https://www.gutenberg.org/ebooks/52484,nineteenth_century_bridge,nineteenth_century_bridge,nineteenth_century_bridge,standard_italian,exclude_canonical_cross_corpus_duplicate,exclude_complete_source,bibit:bibit000139,excluded_canonical_duplicate,not_materialized_canonical_duplicate,data/local/gutenberg/fulltext_gate_v1/pg52484.txt,ba4ab608c700f608068ab9964ef2cef246236d191149c734735ae1bed0975ef4,46d63832204950fb2838647fd592a5201c02679b533855a6a39284ab833044c0,255533,0,255533,,,,0,0,e3b0c44298fc1c149afbf4c8996fb92427ae41e4649b934ca495991b7852b855
52954,Architettura comacina,"Treves, Vittorio",pass_1b_eligible_pool,Project Gutenberg,https://www.gutenberg.org/ebooks/52954,nineteenth_century_bridge,nineteenth_century_bridge,nineteenth_century_bridge,standard_italian,eligible_standard_core_pending_processed_build,preserve_boilerplate_stripped_primary_text,,eligible_pending_v7_and_mixture_freeze,text_materialized_pending_v7,data/local/gutenberg/metadata_review_v1/pg52954.txt,ced90fe0c6b7f9bd54b4cb70791347b7851dd17a96bba016a3cbec1d49e9d1b7,8e87ce00a9a9a22859d95a27d9273a25ebe677ebf750de33dc0267f7816072ac,24817,24673,144,data/processed/project_gutenberg_resolved_v1/nineteenth_century_bridge/part-0003.txt,4311595,4336421,24673,24826,917db6c27e40ffd15cd035c731cb59ee646484879d14ca90baae394eba7070de
53223,Leopardi,"De Roberto, Federico",pass_1b_eligible_pool,Project Gutenberg,https://www.gutenberg.org/ebooks/53223,nineteenth_century_bridge,nineteenth_century_bridge,nineteenth_century_bridge,standard_italian,eligible_standard_core_pending_processed_build,preserve_boilerplate_stripped_primary_text,,eligible_pending_v7_and_mixture_freeze,text_materialized_pending_v7,data/local/gutenberg/metadata_review_v1/pg53223.txt,ca226e3bcec4e36ab743569ed5f4451799f13a06eaf6c5bece4ba76616a4c291,e314b5476cbd6d28406de20de13637542f865b4984c9f110fb8eaa4a11abdb0f,393865,393721,144,data/processed/project_gutenberg_resolved_v1/nineteenth_century_bridge/part-0003.txt,4336422,4736661,393721,400239,f6451adbbbc9b4f800dad4880669b8481308cbd5afaa9ec396c7d79ec3b3fa55
53303,Il Miraggio: Romanzo,"D'Ambra, Lucio",pass_1b_eligible_pool,Project Gutenberg,https://www.gutenberg.org/ebooks/53303,nineteenth_century_bridge,nineteenth_century_bridge,nineteenth_century_bridge,standard_italian,eligible_standard_core_pending_processed_build,preserve_boilerplate_stripped_primary_text,,eligible_pending_v7_and_mixture_freeze,text_materialized_pending_v7,data/local/gutenberg/metadata_review_v1/pg53303.txt,51e5e50445cad205a7f86c00a79f975ed669f9742978d34da2c0f1cf29f6df2d,6ea516eb521086ded0ebe721b7396172106aa22efed84b262ba6ddf4b7b4ac27,498233,497944,289,data/processed/project_gutenberg_resolved_v1/nineteenth_century_bridge/part-0003.txt,4736662,5239392,497944,502730,ff363506ebe1e1a21b384003980f5e3dd26ecd72958e22ad1484ed6b12d88db0
53485,Garibaldi e Montevideo,"Dumas, Alexandre",initial_eligible_pool,Project Gutenberg,https://www.gutenberg.org/ebooks/53485,nineteenth_century_bridge,nineteenth_century_bridge,nineteenth_century_bridge,standard_italian,eligible_standard_core_pending_processed_build,preserve_boilerplate_stripped_primary_text,,eligible_pending_v7_and_mixture_freeze,text_materialized_pending_v7,data/local/gutenberg/fulltext_gate_v1/pg53485.txt,ba122652dd21a1300d76cb9128a8490cda378ea142fe4dc4c7d82746d1278c09,9013670bc8e46cd5e6adce531a41313fa05902fb154ab98a5267c6f97e74e0d5,149276,149132,144,data/processed/project_gutenberg_resolved_v1/nineteenth_century_bridge/part-0003.txt,5239393,5389721,149132,150328,ded1e7a500615bb329a4b51e7988bf92fe34982417c4a0192c1f3d8d98c15bec
53768,"Progetto filosofico di una completa riforma del culto e dell'educazione politico-morale del popolo ebreo, Tomo I","Fernando, Aron",initial_eligible_pool,Project Gutenberg,https://www.gutenberg.org/ebooks/53768,nineteenth_century_bridge,nineteenth_century_bridge,nineteenth_century_bridge,standard_italian,eligible_standard_core_pending_processed_build,preserve_boilerplate_stripped_primary_text,,eligible_pending_v7_and_mixture_freeze,text_materialized_pending_v7,data/local/gutenberg/fulltext_gate_v1/pg53768.txt,2cdc5b461d7baa3782e986f0dc6a5c67e74e19797171482a649ea2e6abf8425d,15ce71da9f9ab76b42346510fe705c6210aabf88894555b45a86b9e813c5b902,548533,548533,0,data/processed/project_gutenberg_resolved_v1/nineteenth_century_bridge/part-0003.txt,5389722,5942978,548533,553256,15ce71da9f9ab76b42346510fe705c6210aabf88894555b45a86b9e813c5b902
53801,La moglie di Sua Eccellenza,"Rovetta, Gerolamo",pass_1b_eligible_pool,Project Gutenberg,https://www.gutenberg.org/ebooks/53801,nineteenth_century_bridge,nineteenth_century_bridge,nineteenth_century_bridge,standard_italian,eligible_standard_core_pending_processed_build,preserve_boilerplate_stripped_primary_text,,eligible_pending_v7_and_mixture_freeze,text_materialized_pending_v7,data/local/gutenberg/metadata_review_v1/pg53801.txt,44c5fa54d0b717b3423381f8f5d7e6b83697af8781171e8959b4b386bfb83d4a,c04668b45b1f6aab13e019ebb36d2a9e0ff2055acba88f59e4f0f99555ee6c20,686248,686104,144,data/processed/project_gutenberg_resolved_v1/nineteenth_century_bridge/part-0003.txt,5942979,6644305,686104,701326,32c80c808fd132937ea79059e8241052ad43738cc80ee6a97c241d7549a26588
54070,"Il nuovo lume delle gioie: Opera utilissima ad'ogni persona, così a orefici, e speciali, per l'arte pratico.","Caliari, Pietro",pass_1b_eligible_pool,Project Gutenberg,https://www.gutenberg.org/ebooks/54070,origins_through_1800,historical_general,historical_general,standard_italian,eligible_standard_core_pending_processed_build,preserve_boilerplate_stripped_primary_text,,eligible_pending_v7_and_mixture_freeze,text_materialized_pending_v7,data/local/gutenberg/metadata_review_v1/pg54070.txt,ea726e83673edf61c13c4d54bf1bfa4eba7ac42fffb512e57a53609abf96235e,8014d4f260eda5a8537ae9eaa8484e59d3b749c09eadad2d7abf687eab5647b5,82472,82326,146,data/processed/project_gutenberg_resolved_v1/historical_general/part-0001.txt,36339671,36423120,82326,83449,31ad14420c1bd1927d359e29b0bcbdffa9a8910d02d7f95a5346a581a80e0ffc
54167,"Commentario de le piu notabili, & mostruose cose d'Italia, & di altri luoghi di lingua aramea in Italiana tradotto, nelquale si impara, & prendesi estremo piacere","Landi, Ortensio",pass_1b_eligible_pool,Project Gutenberg,https://www.gutenberg.org/ebooks/54167,origins_through_1800,historical_general,historical_general,standard_italian,eligible_standard_core_pending_processed_build,preserve_boilerplate_stripped_primary_text,,eligible_pending_v7_and_mixture_freeze,text_materialized_pending_v7,data/local/gutenberg/metadata_review_v1/pg54167.txt,531c93348c6ee80f39564629b388150cb6f436bfeaced6f55c15f4da1a18cdb1,540cc9ccd2ccbbd164a77770802d93282aa0243c61989300d63a98a91fb26e80,221597,221406,191,data/processed/project_gutenberg_resolved_v1/historical_general/part-0001.txt,36423121,36645477,221406,222356,2c3f4819ccc9862e68b75af4a047a7c1355a8bd979690ec4c4e3700b7cb7e3b5
54301,Biografia di Giuseppe Garibaldi,"Cuneo, Gian Battista",initial_eligible_pool,Project Gutenberg,https://www.gutenberg.org/ebooks/54301,nineteenth_century_bridge,nineteenth_century_bridge,nineteenth_century_bridge,standard_italian,eligible_standard_core_pending_processed_build,preserve_boilerplate_stripped_primary_text,,eligible_pending_v7_and_mixture_freeze,text_materialized_pending_v7,data/local/gutenberg/fulltext_gate_v1/pg54301.txt,8840826fb28928314fe9be0615d4f53f8360323d2f26102a5b1b316a5ea9f51e,9c2a71025567f1a54b7ed4b20daf8720d2b1ef1ea81521b2f2e3b0fa8c15fb07,142461,142317,144,data/processed/project_gutenberg_resolved_v1/nineteenth_century_bridge/part-0003.txt,6644306,6787678,142317,143372,105647f84a84d21aa459e751428e2148b44b8f28ff408b3a3e0623c6d2a96397
54787,Il lampionaio,"Cummins, Maria S. (Maria Susanna)",initial_eligible_pool,Project Gutenberg,https://www.gutenberg.org/ebooks/54787,nineteenth_century_bridge,nineteenth_century_bridge,nineteenth_century_bridge,standard_italian,eligible_standard_core_pending_processed_build,preserve_boilerplate_stripped_primary_text,,eligible_pending_v7_and_mixture_freeze,text_materialized_pending_v7,data/local/gutenberg/fulltext_gate_v1/pg54787.txt,e214ceef062dafd50427bd96d497cd13c6198b657d2caa950309ab2e5e0a3878,9e27a042982092b9fecc907d293b0f888cf1ee5d1ed50e8c6c338b382820500b,1059671,1059527,144,data/processed/project_gutenberg_resolved_v1/nineteenth_century_bridge/part-0003.txt,6787679,7864584,1059527,1076905,6b714f7d8a51b7ea8b71425e1d072dde2ea6573c68120507cbc70463644993a7
55236,I Canti,"Leopardi, Giacomo",initial_eligible_pool,Project Gutenberg,https://www.gutenberg.org/ebooks/55236,nineteenth_century_bridge,historical_non_sonnet_poetry,historical_non_sonnet_poetry,standard_italian,exclude_canonical_cross_corpus_duplicate,exclude_complete_source,bibit:bibit000469;bibit:bibit000850,excluded_canonical_duplicate,not_materialized_canonical_duplicate,data/local/gutenberg/fulltext_gate_v1/pg55236.txt,40c39dd29fd200232823b3b2d84b9ab75950123874c73c6bde1ee4539e503ef0,419e54da17f06ec7d054d03e4895338cc1ccbea8581cef49af9308da37159e10,157184,0,157184,,,,0,0,e3b0c44298fc1c149afbf4c8996fb92427ae41e4649b934ca495991b7852b855
56431,"Annali d'Italia, vol. 6: dal principio dell'era volgare sino all'anno 1750","Muratori, Lodovico Antonio",initial_eligible_pool,Project Gutenberg,https://www.gutenberg.org/ebooks/56431,origins_through_1800,historical_general,historical_general,standard_italian,eligible_standard_core_pending_processed_build,preserve_boilerplate_stripped_primary_text,,eligible_pending_v7_and_mixture_freeze,text_materialized_pending_v7,data/local/gutenberg/fulltext_gate_v1/pg56431.txt,9bda7930be87e1d51a6cd3f028cd3b4c52a716f41bfcc79b363705fa21f4b191,799c5d8f35b3c44c91f3023e0cd18346e9963d2f53ecd64bbd8a2c99b7d17684,2432608,2432465,143,data/processed/project_gutenberg_resolved_v1/historical_general/part-0001.txt,36645478,39098068,2432465,2452590,ff72b01db7eddd71e500f20016d92a17d4b4b001a4748ed6c499fc8ed31b46d4
56482,Dell'arte dei giardini inglesi,"Silva, Ercole",initial_eligible_pool,Project Gutenberg,https://www.gutenberg.org/ebooks/56482,nineteenth_century_bridge,nineteenth_century_bridge,nineteenth_century_bridge,standard_italian,eligible_standard_core_pending_processed_build,preserve_boilerplate_stripped_primary_text,,eligible_pending_v7_and_mixture_freeze,text_materialized_pending_v7,data/local/gutenberg/fulltext_gate_v1/pg56482.txt,81915497b79c53643191b4103675e6a186eebd383ad481fd39dc271c9768486d,ca696bae9210cbfe97870d315833b32951bd049d88618d564d8819b7bc62c419,468722,468503,219,data/processed/project_gutenberg_resolved_v1/nineteenth_century_bridge/part-0003.txt,7864585,8336746,468503,472161,09d9d00408377bacff279a264661d9ff389a54a2b37f74499748b57233fff1da
56498,La mandragola - La Clizia - Belfagor,"Machiavelli, Niccolò",initial_eligible_pool,Project Gutenberg,https://www.gutenberg.org/ebooks/56498,origins_through_1800,historical_general,historical_general,standard_italian,eligible_standard_core_pending_processed_build,preserve_boilerplate_stripped_primary_text,,eligible_pending_v7_and_mixture_freeze,text_materialized_pending_v7,data/local/gutenberg/fulltext_gate_v1/pg56498.txt,7a26dea33d5e06d8904c97dd8ca3367b306c6c77b752d76e4782eacaa2b000b1,eefb32b04de8cf17fa9aadef39459307261f6eb066a4e24721c49e1ee3e78a4f,165378,165378,0,data/processed/project_gutenberg_resolved_v1/historical_general/part-0001.txt,39098069,39264805,165378,166736,eefb32b04de8cf17fa9aadef39459307261f6eb066a4e24721c49e1ee3e78a4f
56500,Memorie: Edizione diplomatica dall'autografo definitivo,"Garibaldi, Giuseppe",initial_eligible_pool,Project Gutenberg,https://www.gutenberg.org/ebooks/56500,nineteenth_century_bridge,nineteenth_century_bridge,nineteenth_century_bridge,standard_italian,eligible_standard_core_pending_processed_build,preserve_boilerplate_stripped_primary_text,,eligible_pending_v7_and_mixture_freeze,text_materialized_pending_v7,data/local/gutenberg/fulltext_gate_v1/pg56500.txt,c293ef2187908a0f4d08c7ab28830988d6c3c507428974e3bce4698f55843756,1eb957fb8c3ce34830213675399d5823669366e007315ae7f3419046f5231f49,964518,964332,186,data/processed/project_gutenberg_resolved_v1/nineteenth_century_bridge/part-0003.txt,8336747,9336078,964332,999331,020caa2812b2c84fbf55ec8c9ab24af744e1e91b29950e606ccff8de47558397
56509,La vita intima e la vita nomade in Oriente,"Belgioioso, Cristina",initial_eligible_pool,Project Gutenberg,https://www.gutenberg.org/ebooks/56509,nineteenth_century_bridge,nineteenth_century_bridge,nineteenth_century_bridge,standard_italian,eligible_standard_core_pending_processed_build,preserve_boilerplate_stripped_primary_text,,eligible_pending_v7_and_mixture_freeze,text_materialized_pending_v7,data/local/gutenberg/fulltext_gate_v1/pg56509.txt,3d3537c118e54f87c32b7de0d4af6d6743b93e4103ddfb8f0fb97db99f96663d,784db8b4c565256a6bd7b3191e974a801a46b4ef2612283c8c58038f751a7cb0,387534,387334,200,data/processed/project_gutenberg_resolved_v1/nineteenth_century_bridge/part-0003.txt,9336079,9726360,387334,390281,567d3f7739f95524ddd7b5cd9fc3998794add199d35e0f002e2486d18cb0d0d8
56794,La vita Italiana nel Cinquecento: Conferenze tenute a Firenze nel 1893,Various,pass_1b_eligible_pool,Project Gutenberg,https://www.gutenberg.org/ebooks/56794,nineteenth_century_bridge,nineteenth_century_bridge,nineteenth_century_bridge,standard_italian,eligible_standard_core_pending_processed_build,preserve_boilerplate_stripped_primary_text,,eligible_pending_v7_and_mixture_freeze,text_materialized_pending_v7,data/local/gutenberg/metadata_review_v1/pg56794.txt,5bad7d403b030920c318e713addc12ec990a0d4afad37fa76cd05f6ac7eb9db5,913740c025e4735d25d43da6507b42ca78d99bb191c88b722d164b91f5a1a6e3,731525,731381,144,data/processed/project_gutenberg_resolved_v1/nineteenth_century_bridge/part-0003.txt,9726361,10464748,731381,738387,8a7e1c309a0b7996b01e4cfc2400c0997e17bc10c62991679f7d4285b5662ea6
56890,"Fra Tommaso Campanella, Vol. 1: la sua congiura, i suoi processi e la sua pazzia","Amabile, Luigi",initial_eligible_pool,Project Gutenberg,https://www.gutenberg.org/ebooks/56890,nineteenth_century_bridge,nineteenth_century_bridge,nineteenth_century_bridge,standard_italian,eligible_standard_core_pending_processed_build,preserve_boilerplate_stripped_primary_text,,eligible_pending_v7_and_mixture_freeze,text_materialized_pending_v7,data/local/gutenberg/fulltext_gate_v1/pg56890.txt,82871688cdfb9774ed095636db006334a03f4d60a39556b3414d785d99fe9d19,80f26f86cf62bc2cb4fde8d8b1461ee8624ca5e07f095a508b72877911445740,1323034,1322815,219,data/processed/project_gutenberg_resolved_v1/nineteenth_century_bridge/part-0003.txt,10464749,11799196,1322815,1334447,034de851f3017f7695405f1acdac54c3067503403363b7d6fb23089fdcc556e2
56958,L'umorismo,"Pirandello, Luigi",pass_1b_eligible_pool,Project Gutenberg,https://www.gutenberg.org/ebooks/56958,nineteenth_century_bridge,nineteenth_century_bridge,nineteenth_century_bridge,standard_italian,eligible_standard_core_pending_processed_build,preserve_boilerplate_stripped_primary_text,,eligible_pending_v7_and_mixture_freeze,text_materialized_pending_v7,data/local/gutenberg/metadata_review_v1/pg56958.txt,02599df55769267cbd0d3d40011f89d431debd6a6c654dee3575c1390127a748,27aa66663de32cd225f4a8327b23452eb1d1848d751226f64ec5d5650b9de1e8,323074,322930,144,data/processed/project_gutenberg_resolved_v1/nineteenth_century_bridge/part-0003.txt,11799197,12125844,322930,326647,64bd157bcff28611c5ee4639d804a783d89d5eaf06d35e0b6092580f8873d7f4
57040,Novelle Napolitane,"Di Giacomo, Salvatore",conditioned_metadata_pool,Project Gutenberg,https://www.gutenberg.org/ebooks/57040,nineteenth_century_bridge,conditioned_mixed_language_prose,conditioned_mixed_language_prose,conditioned_separate,conditioned_candidate_not_activated,no_standard_core_extraction,,inactive_conditioned_experiment_not_authorized,conditioned_text_materialized_inactive,data/local/gutenberg/metadata_review_v1/pg57040.txt,f989e17fd228f60e7f104e085cecbf8a8af2e547f861d9c97a585432371d7b30,d2d6a67a6110301fb005c5527921440ac306a06e8a91b57aebf2950564f00ab3,409000,409000,0,data/processed/project_gutenberg_resolved_v1/conditioned_source_variants/part-0001.txt,1895136,2310916,409000,415780,d2d6a67a6110301fb005c5527921440ac306a06e8a91b57aebf2950564f00ab3
57082,Fedele ed altri racconti,"Fogazzaro, Antonio",pass_1b_eligible_pool,Project Gutenberg,https://www.gutenberg.org/ebooks/57082,nineteenth_century_bridge,nineteenth_century_bridge,nineteenth_century_bridge,standard_italian,eligible_standard_core_pending_processed_build,preserve_boilerplate_stripped_primary_text,,eligible_pending_v7_and_mixture_freeze,text_materialized_pending_v7,data/local/gutenberg/metadata_review_v1/pg57082.txt,1e1256ac013afa5f25c478cda3f6603fd9125b36c5f2d5405bc59d01da19fd34,7f90f20a4905ede522f089e53cce95ea163d11159f4177942282cec2b4886ab5,217307,217163,144,data/processed/project_gutenberg_resolved_v1/nineteenth_century_bridge/part-0003.txt,12125845,12347282,217163,221437,59b3ecaba7cfda22dbfc2efde52c8f8825f3fbe48144b676a9e9d8316a58ee4d
57160,Dell'antico stato del lago di Pusiano nell'alto Milanese,"Redaelli, Carlo",pass_1b_eligible_pool,Project Gutenberg,https://www.gutenberg.org/ebooks/57160,nineteenth_century_bridge,nineteenth_century_bridge,nineteenth_century_bridge,standard_italian,eligible_standard_core_pending_processed_build,preserve_boilerplate_stripped_primary_text,,eligible_pending_v7_and_mixture_freeze,text_materialized_pending_v7,data/local/gutenberg/metadata_review_v1/pg57160.txt,7720066d73300b4fae204e9b890e29e7d08ca617c39bd688e577ff5b27b85a1a,d1e8b097abe3c353fb49acf8b39c4427293f956e6b262a775655cff6c78e00f5,75931,75787,144,data/processed/project_gutenberg_resolved_v1/nineteenth_century_bridge/part-0003.txt,12347283,12423668,75787,76385,e57361a62727387b06592b9fe4a09f3cb6783780c77ca48b9f4d6aeec5e67626
57549,"Annali d'Italia, vol. 7: dal principio dell'era volgare sino all'anno 1750","Muratori, Lodovico Antonio",initial_eligible_pool,Project Gutenberg,https://www.gutenberg.org/ebooks/57549,origins_through_1800,historical_general,historical_general,standard_italian,eligible_standard_core_pending_processed_build,preserve_boilerplate_stripped_primary_text,,eligible_pending_v7_and_mixture_freeze,text_materialized_pending_v7,data/local/gutenberg/fulltext_gate_v1/pg57549.txt,7e8cbc6d873c3d7d3f9571690e3d5dd96595f5d6534490322ee5017572c07e00,f4cb44e138bc41b18dac1afa64e06855f4d707ff8b0c57423cd2ac18a65792e1,2371834,2371690,144,data/processed/project_gutenberg_resolved_v1/historical_general/part-0001.txt,39264806,41651374,2371690,2386568,ed693e0ad4e61828c91d51272319613f3c27b78063b226874e184d5cecb8a452
57561,Guida pei monti della Brianza e per le terre circonvicine,"Cantù, Ignazio",initial_eligible_pool,Project Gutenberg,https://www.gutenberg.org/ebooks/57561,nineteenth_century_bridge,nineteenth_century_bridge,nineteenth_century_bridge,standard_italian,eligible_standard_core_pending_processed_build,preserve_boilerplate_stripped_primary_text,,eligible_pending_v7_and_mixture_freeze,text_materialized_pending_v7,data/local/gutenberg/fulltext_gate_v1/pg57561.txt,3dde1b25beea99a6eac51fd1280a9880bd271d53fc898a7d6f1914d8482ec3ad,ddfc4540c2eea2a441857cd64e6d1572dcb9b01a32778f7cd5294b936c4e2650,328594,328450,144,data/processed/project_gutenberg_resolved_v1/nineteenth_century_bridge/part-0003.txt,12423669,12754942,328450,331273,35ce5bd49719304807fb502d8fb752efcf62b73835ba778762afe0e050207f37
57565,"Le tragedie, gl'inni sacri e le odi di Alessandro Manzoni","Manzoni, Alessandro",initial_eligible_pool,Project Gutenberg,https://www.gutenberg.org/ebooks/57565,nineteenth_century_bridge,historical_non_sonnet_poetry,historical_non_sonnet_poetry,standard_italian,eligible_standard_core_pending_processed_build,remove_embedded_canonical_segments_preserve_unique_text,bibit:bibit000612;bibit:bibit000620;bibit:bibit000695;bibit:bibit000930;bibit:bibit001524,eligible_pending_v7_and_mixture_freeze,text_materialized_pending_v7,data/local/gutenberg/fulltext_gate_v1/pg57565.txt,8911f3bb141e26f7451e0afdd02caec1ff3bb5c0766688dd28e75cd9831c3c56,111af9f1659b3e5a75a8a01141d11e66f19978a1beb1eb9a5ea1c0b9a207629e,1133863,606706,527157,data/processed/project_gutenberg_resolved_v1/historical_non_sonnet_poetry/part-0001.txt,8357840,8980443,606715,622603,73f089aa24724e714e1ca9a94f4a1f6e769685173a5ff0b9a6651f126077bfcd
57780,"Lettere di Lodovico Ariosto: Con prefazione storico-critica, documenti e note","Ariosto, Lodovico",initial_eligible_pool,Project Gutenberg,https://www.gutenberg.org/ebooks/57780,origins_through_1800,historical_general,historical_general,standard_italian,eligible_standard_core_pending_processed_build,preserve_boilerplate_stripped_primary_text,,eligible_pending_v7_and_mixture_freeze,text_materialized_pending_v7,data/local/gutenberg/fulltext_gate_v1/pg57780.txt,1966252a1fefc02361e93afd33d0d9a55cd42d6628daf1150a83dc9f1549e0ad,7e757ff23888df3ddb5bdd482850e4fa6e52d922f5ba5e64b2db6866df3ed064,796130,795986,144,data/processed/project_gutenberg_resolved_v1/historical_general/part-0001.txt,41651375,42453836,795986,802461,b027d3b5c91738b0a96e091966540e638526f566f091ed60c8e3a4b49f5c088b
57787,Orlando innamorato,"Boiardo, Matteo Maria",initial_eligible_pool,Project Gutenberg,https://www.gutenberg.org/ebooks/57787,origins_through_1800,historical_non_sonnet_poetry,historical_non_sonnet_poetry,standard_italian,exclude_canonical_cross_corpus_duplicate,exclude_complete_source,bibit:bibit000049,excluded_canonical_duplicate,not_materialized_canonical_duplicate,data/local/gutenberg/fulltext_gate_v1/pg57787.txt,b3bee999146e8a33ee67db8762d1952f6ef6fddf25cab1e5aac316d975f60b63,a9ab1d59f22b3f95c66b386dfb4cb49a81b6d44986456d7906eb53619024b519,1327021,0,1327021,,,,0,0,e3b0c44298fc1c149afbf4c8996fb92427ae41e4649b934ca495991b7852b855
57822,La vita Italiana nel Seicento: Conferenze tenute a Firenze nel 1894,Various,pass_1b_eligible_pool,Project Gutenberg,https://www.gutenberg.org/ebooks/57822,nineteenth_century_bridge,nineteenth_century_bridge,nineteenth_century_bridge,standard_italian,eligible_standard_core_pending_processed_build,preserve_boilerplate_stripped_primary_text,,eligible_pending_v7_and_mixture_freeze,text_materialized_pending_v7,data/local/gutenberg/metadata_review_v1/pg57822.txt,4fe1c8202096d7a460e36d5be139889d2eb9887bf386e09d2c60b02877b80830,4010bc5dbf733d285c5b813b2aa5ca4e8823524d379ff492d3716051c5c81705,610979,610835,144,data/processed/project_gutenberg_resolved_v1/nineteenth_century_bridge/part-0003.txt,12754943,13371666,610835,616723,2b30f7d778bd6afe59d9672488f750259ebea73011f688664fae71e94c5d4897
57883,Racconti,"Dall'Ongaro, Francesco",initial_eligible_pool,Project Gutenberg,https://www.gutenberg.org/ebooks/57883,nineteenth_century_bridge,nineteenth_century_bridge,nineteenth_century_bridge,standard_italian,eligible_standard_core_pending_processed_build,preserve_boilerplate_stripped_primary_text,,eligible_pending_v7_and_mixture_freeze,text_materialized_pending_v7,data/local/gutenberg/fulltext_gate_v1/pg57883.txt,416d91410dd7272578ab8e85386ee23221757be812b17c65eca54b70b3776ba5,cc8750ec15b1a2b883acfb96dcd5552d76903c6e9eef4b07e9b79ed7d265193e,740144,740144,0,data/processed/project_gutenberg_resolved_v1/nineteenth_century_bridge/part-0003.txt,13371667,14121086,740144,749419,cc8750ec15b1a2b883acfb96dcd5552d76903c6e9eef4b07e9b79ed7d265193e
58247,Il Conte di Virtù vol. 1/2: Storia italiana del secolo XIV,"Belgiojoso, Carlo",initial_eligible_pool,Project Gutenberg,https://www.gutenberg.org/ebooks/58247,nineteenth_century_bridge,nineteenth_century_bridge,nineteenth_century_bridge,standard_italian,eligible_standard_core_pending_processed_build,preserve_boilerplate_stripped_primary_text,,eligible_pending_v7_and_mixture_freeze,text_materialized_pending_v7,data/local/gutenberg/fulltext_gate_v1/pg58247.txt,94030c2a3e3becbc3902a43b95e44bc64f925552abbe3c90c323c77bbdb59ff3,7d1ca09880b86c89c11bb847bfc03290bc2ee957403dc3dafc197a10b18bed53,687743,687518,225,data/processed/project_gutenberg_resolved_v1/nineteenth_century_bridge/part-0003.txt,14121087,14818169,687518,697082,2df45a3079f7195cfc45e2c0e61db5ea6e12cd8df7b649fdd012e8a6682e8675
58248,Il Conte di Virtù vol. 2/2: Storia italiana del secolo XIV,"Belgiojoso, Carlo",initial_eligible_pool,Project Gutenberg,https://www.gutenberg.org/ebooks/58248,nineteenth_century_bridge,nineteenth_century_bridge,nineteenth_century_bridge,standard_italian,eligible_standard_core_pending_processed_build,preserve_boilerplate_stripped_primary_text,,eligible_pending_v7_and_mixture_freeze,text_materialized_pending_v7,data/local/gutenberg/fulltext_gate_v1/pg58248.txt,2b2ba8ef7457597b7530b64bc82ac772c19ece320e9bbb4cfaf23a911a160450,43e2a089e1207cb205fea0d01bcb390f1459bb8d5b8e4053f96743ced06631aa,706534,706309,225,data/processed/project_gutenberg_resolved_v1/nineteenth_century_bridge/part-0003.txt,14818170,15534201,706309,716031,5d2b9f592ed220be04f663d0290eead1669364b7c69b2f5a5ab406b23748eaf7
58316,Il fiume Bianco e i Dénka: Memorie,"Beltrame, G. (Gianni)",pass_1b_eligible_pool,Project Gutenberg,https://www.gutenberg.org/ebooks/58316,nineteenth_century_bridge,nineteenth_century_bridge,nineteenth_century_bridge,standard_italian,eligible_standard_core_pending_processed_build,preserve_boilerplate_stripped_primary_text,,eligible_pending_v7_and_mixture_freeze,text_materialized_pending_v7,data/local/gutenberg/metadata_review_v1/pg58316.txt,aefa6e52a4d4737d9fb32a51e308e51c4c096518a3a048abc023e97370a613d0,c7b35d5757607d2401e807be757a3cb31caf504171ca5968840032188c8f9702,405642,405204,438,data/processed/project_gutenberg_resolved_v1/nineteenth_century_bridge/part-0003.txt,15534202,15946407,405204,412205,4f98c0a6a32753874263d888c2e2df264f42216cf0be09258b2ed14b3abf3598
58353,La vecchia casa,Neera,pass_1b_eligible_pool,Project Gutenberg,https://www.gutenberg.org/ebooks/58353,nineteenth_century_bridge,nineteenth_century_bridge,nineteenth_century_bridge,standard_italian,eligible_standard_core_pending_processed_build,preserve_boilerplate_stripped_primary_text,,eligible_pending_v7_and_mixture_freeze,text_materialized_pending_v7,data/local/gutenberg/metadata_review_v1/pg58353.txt,fc0d37a17bc6655671854d372652e233ca4ae45df35d8343b7b3529f8ec7286e,a2506f06a5270724c107d58a52b05d731d41e4aa8278cad8681164f9dda36f87,230485,230341,144,data/processed/project_gutenberg_resolved_v1/nineteenth_century_bridge/part-0003.txt,15946408,16179918,230341,233510,03b1247f109d7341686f6408eca761dcc01b7c8122feec0ceffb9e35ab4cfe62
58372,Le Università italiane nel Medio Evo,"Coppi, Ettore",initial_eligible_pool,Project Gutenberg,https://www.gutenberg.org/ebooks/58372,nineteenth_century_bridge,nineteenth_century_bridge,nineteenth_century_bridge,standard_italian,eligible_standard_core_pending_processed_build,preserve_boilerplate_stripped_primary_text,,eligible_pending_v7_and_mixture_freeze,text_materialized_pending_v7,data/local/gutenberg/fulltext_gate_v1/pg58372.txt,d58ed355e4126e5ce259d811c465d8f436095c4d4f127f16921ce5b07e79df81,1ca86bf73ab59d55bfafa1136a9dbc40443114057414ec87d5616c59cfe1ab2c,575425,575281,144,data/processed/project_gutenberg_resolved_v1/nineteenth_century_bridge/part-0003.txt,16179919,16760087,575281,580168,887234458b73b2d339b636b5b5dfa2b5322ed681d1c2550daf933fc23dbe6e56
58505,Cecco d'Ascoli: racconto storico del secolo XIV,"Fanfani, Pietro",initial_eligible_pool,Project Gutenberg,https://www.gutenberg.org/ebooks/58505,nineteenth_century_bridge,nineteenth_century_bridge,nineteenth_century_bridge,standard_italian,eligible_standard_core_pending_processed_build,preserve_boilerplate_stripped_primary_text,,eligible_pending_v7_and_mixture_freeze,text_materialized_pending_v7,data/local/gutenberg/fulltext_gate_v1/pg58505.txt,932da7969437e4fe46d649d05aa1e9def29cce2938c0b67dfea186cb99a42762,c44b1726a3a1b62ecbfb3efff766cb964ef75c9649b1d59cb2739aaa489ebc87,646609,646465,144,data/processed/project_gutenberg_resolved_v1/nineteenth_century_bridge/part-0003.txt,16760088,17414617,646465,654529,54b2a6e0fa9649892132b66538171d077836f9cb9582c88301bd9328928d8b21
58615,Lirica,"Vivanti, Annie",pass_1b_eligible_pool,Project Gutenberg,https://www.gutenberg.org/ebooks/58615,nineteenth_century_bridge,historical_non_sonnet_poetry,historical_non_sonnet_poetry,standard_italian,eligible_standard_core_pending_processed_build,preserve_boilerplate_stripped_primary_text,,eligible_pending_v7_and_mixture_freeze,text_materialized_pending_v7,data/local/gutenberg/metadata_review_v1/pg58615.txt,b219789616c33d6919871e18604e8d1c88aa7764da34f21ec178154836455218,42c1ef8b98bdba05ba98b4be80f73fe9232c8f3b201489a25597a573bbf284b2,72229,71539,690,data/processed/project_gutenberg_resolved_v1/historical_non_sonnet_poetry/part-0001.txt,8980444,9052858,71540,72414,3c0e4013b3834de3171e9c949df54ee449a85de79bd788a08b337b0a1aa19c4d
59064,Socrate,"Labriola, Antonio",pass_1b_eligible_pool,Project Gutenberg,https://www.gutenberg.org/ebooks/59064,nineteenth_century_bridge,nineteenth_century_bridge,nineteenth_century_bridge,standard_italian,eligible_standard_core_pending_processed_build,preserve_boilerplate_stripped_primary_text,,eligible_pending_v7_and_mixture_freeze,text_materialized_pending_v7,data/local/gutenberg/metadata_review_v1/pg59064.txt,b4a8a4aa34cb56f434fb47c3644d51388bc99f1d13fbb25e3ba41bbcc92f23f3,717d6210e969a5fcea419eee0c11cb4027050345da7eb3118d1ef923db6cee1c,308249,308105,144,data/processed/project_gutenberg_resolved_v1/nineteenth_century_bridge/part-0003.txt,17414618,17728672,308105,314054,777fefba2826e37ae65366bb0b7e278f40a3c32541699acdae268a7f59ed9aa3
59568,"Il Ricciardetto, vol. I","Forteguerri, Niccolò",initial_eligible_pool,Project Gutenberg,https://www.gutenberg.org/ebooks/59568,origins_through_1800,historical_non_sonnet_poetry,historical_non_sonnet_poetry,standard_italian,eligible_standard_core_pending_processed_build,preserve_boilerplate_stripped_primary_text,,eligible_pending_v7_and_mixture_freeze,text_materialized_pending_v7,data/local/gutenberg/fulltext_gate_v1/pg59568.txt,b1324cba9f2cfda4351bb5e55b807664931fe4a1043025ae8a3a7f1e1665236b,de4618591e260c7537eade4d93c07eb7b32b3d3dbb710cb970f90ba40c1953dc,669404,664865,4539,data/processed/project_gutenberg_resolved_v1/historical_non_sonnet_poetry/part-0001.txt,9052859,9723149,664872,670290,3febefe8f7bdd5677c6555636666ff72ce3b2aaba9ca8fab507f1f2066b7e9ce
59569,"Il Ricciardetto, vol. II","Forteguerri, Niccolò",initial_eligible_pool,Project Gutenberg,https://www.gutenberg.org/ebooks/59569,origins_through_1800,historical_non_sonnet_poetry,historical_non_sonnet_poetry,standard_italian,eligible_standard_core_pending_processed_build,preserve_boilerplate_stripped_primary_text,,eligible_pending_v7_and_mixture_freeze,text_materialized_pending_v7,data/local/gutenberg/fulltext_gate_v1/pg59569.txt,77b2e3022319bd2c555230a801db338b07aa2fb5c12a744dd1f900b10589f31c,de679e61ad36290744867e1cffd269417d9c83617c3624fc3816d39d5d3a29c4,508792,508648,144,data/processed/project_gutenberg_resolved_v1/historical_non_sonnet_poetry/part-0001.txt,9723150,10236013,508648,512863,2599b52b508599295cfc87c7f11edd5ae8e7ff8b632760309ef7df359f91a852
59580,"Annali d'Italia, vol. 8: dal principio dell'era volgare sino all'anno 1750","Muratori, Lodovico Antonio;Coppi, Antonio",initial_eligible_pool,Project Gutenberg,https://www.gutenberg.org/ebooks/59580,nineteenth_century_bridge,nineteenth_century_bridge,nineteenth_century_bridge,standard_italian,eligible_standard_core_pending_processed_build,preserve_boilerplate_stripped_primary_text,,eligible_pending_v7_and_mixture_freeze,text_materialized_pending_v7,data/local/gutenberg/fulltext_gate_v1/pg59580.txt,ec5b669d0611266042647edfbb19716297f58507d8c577c0335c000404128ae8,c522315fa33a309a4bb82189a92daa6f0a3fbef83663df65553997039602b2a6,2374681,2374537,144,data/processed/project_gutenberg_resolved_v1/nineteenth_century_bridge/part-0003.txt,17728673,20117478,2374537,2388805,8204904848152906b42451ad742e461fab41cd0fc37cdfbbb34f4b50dc3bd913
59583,"Progetto filosofico di una completa riforma del culto e dell'educazione politico-morale del popolo ebreo, Tomo II","Fernando, Aron",initial_eligible_pool,Project Gutenberg,https://www.gutenberg.org/ebooks/59583,nineteenth_century_bridge,nineteenth_century_bridge,nineteenth_century_bridge,standard_italian,eligible_standard_core_pending_processed_build,preserve_boilerplate_stripped_primary_text,,eligible_pending_v7_and_mixture_freeze,text_materialized_pending_v7,data/local/gutenberg/fulltext_gate_v1/pg59583.txt,7532ce24fe2f3035740030f8aa0aa49122181d4ceb83cc0fa862b39dbf70aa1a,5762292939334cbbfdeb52b18f02e4b02ed2266fc1a08432840392adb559902a,427166,427166,0,data/processed/project_gutenberg_resolved_v1/nineteenth_century_bridge/part-0003.txt,20117479,20547861,427166,430382,5762292939334cbbfdeb52b18f02e4b02ed2266fc1a08432840392adb559902a
59910,"Collezione dell'opere del Cavaliere Conte Alessandro Volta - Tomo I, Parte I","Volta, Alessandro",initial_eligible_pool,Project Gutenberg,https://www.gutenberg.org/ebooks/59910,nineteenth_century_bridge,nineteenth_century_bridge,nineteenth_century_bridge,standard_italian,eligible_standard_core_pending_processed_build,preserve_boilerplate_stripped_primary_text,,eligible_pending_v7_and_mixture_freeze,text_materialized_pending_v7,data/local/gutenberg/fulltext_gate_v1/pg59910.txt,8ae4db8bfd67d624dd08ce26299eb08262bedb89fa9033fb3be11841b523b42b,cc14e801923364cc17626f0d7811d5a844b46a6058b976987bd341b9d066f22b,420243,420099,144,data/processed/project_gutenberg_resolved_v1/nineteenth_century_bridge/part-0003.txt,20547862,20970902,420099,423040,a0bd61a1136184412a0ec36a738954176286d7a3562d1d93e85824c7ffc8059c
59958,La filosofia italiana nelle sue relazioni con la filosofia europea,"Spaventa, Bertrando",initial_eligible_pool,Project Gutenberg,https://www.gutenberg.org/ebooks/59958,nineteenth_century_bridge,nineteenth_century_bridge,nineteenth_century_bridge,standard_italian,eligible_standard_core_pending_processed_build,preserve_boilerplate_stripped_primary_text,,eligible_pending_v7_and_mixture_freeze,text_materialized_pending_v7,data/local/gutenberg/fulltext_gate_v1/pg59958.txt,1b75a88100c5a6459aba276380d35a2d70f7673703640f8064e86a7af2cd8d85,8a5060f425229297edf15a4fae21c30477cf05780e41a6c5c3734852cf1f7dff,535854,535638,216,data/processed/project_gutenberg_resolved_v1/nineteenth_century_bridge/part-0003.txt,20970903,21515518,535638,544615,0cb4a9d5929e7ee82a86104f202ae6bb38edce60fa65d9df93ef017c7a75ce8e
60085,Il Parlamento Nazionale Napoletano per gli anni 1820 e 1821: memorie e documenti,,pass_1b_eligible_pool,Project Gutenberg,https://www.gutenberg.org/ebooks/60085,nineteenth_century_bridge,nineteenth_century_bridge,nineteenth_century_bridge,standard_italian,eligible_standard_core_pending_processed_build,preserve_boilerplate_stripped_primary_text,,eligible_pending_v7_and_mixture_freeze,text_materialized_pending_v7,data/local/gutenberg/metadata_review_v1/pg60085.txt,2b9d601762352da68bf36bef7877b99c1e0eaf0c81ec59eb30f64520dc26859e,bb3420950533644769ddc65573843034d39df0adc4b25de67fa60ce3f9759b9e,231840,231696,144,data/processed/project_gutenberg_resolved_v1/nineteenth_century_bridge/part-0003.txt,21515519,21749026,231696,233507,5cf32fc71e1c1536ba57784a2c52e044d8d9197489979072f71f5510f9f9d86c
60092,La donna nella vita e nelle opere di Giacomo Leopardi,"Boghen Conigliani, Emma",pass_1b_eligible_pool,Project Gutenberg,https://www.gutenberg.org/ebooks/60092,nineteenth_century_bridge,historical_non_sonnet_poetry,historical_non_sonnet_poetry,standard_italian,eligible_standard_core_pending_processed_build,preserve_boilerplate_stripped_primary_text,,eligible_pending_v7_and_mixture_freeze,text_materialized_pending_v7,data/local/gutenberg/metadata_review_v1/pg60092.txt,9296581594604bccc4b0621a7d8058a79f6e276262f4a1bec2ec4dfa30901b4d,ebc06a688d4a0e241b9dee9aacbd956cb328e68584461e3823d9f4157bc0ab87,494274,492965,1309,data/processed/project_gutenberg_resolved_v1/historical_non_sonnet_poetry/part-0001.txt,10236014,10732731,492967,496717,370d35b517ecac268e4f9a6a21e2457307c038f18d6fbdc0c36830c6aab0c00d
60160,Lea: dramma in tre atti in prosa con un prologo in versi,"Cavallotti, Felice",initial_eligible_pool,Project Gutenberg,https://www.gutenberg.org/ebooks/60160,nineteenth_century_bridge,historical_non_sonnet_poetry,historical_non_sonnet_poetry,standard_italian,eligible_standard_core_pending_processed_build,preserve_boilerplate_stripped_primary_text,,eligible_pending_v7_and_mixture_freeze,text_materialized_pending_v7,data/local/gutenberg/fulltext_gate_v1/pg60160.txt,249b097d36fcb8dd6af4b85e44d608271f9c551dd2ea83e9dcc90bae1a69898e,41db86bea0dd23bd0e97b523ba9e38b1f6b0634638afb49bdaec9af0322bb66e,96584,96440,144,data/processed/project_gutenberg_resolved_v1/historical_non_sonnet_poetry/part-0001.txt,10732732,10830051,96440,97319,9bf9f68be7755de18be7d9f7b5f3178749519757ab1fcf21bc2a9c2a2d2590cc
60183,Nella vita: novelle,"Di Giacomo, Salvatore",pass_1b_eligible_pool,Project Gutenberg,https://www.gutenberg.org/ebooks/60183,nineteenth_century_bridge,nineteenth_century_bridge,nineteenth_century_bridge,standard_italian,eligible_standard_core_pending_processed_build,preserve_boilerplate_stripped_primary_text,,eligible_pending_v7_and_mixture_freeze,text_materialized_pending_v7,data/local/gutenberg/metadata_review_v1/pg60183.txt,71ee038df51d237e8fd17f4f8134e86edfefac000c562f1ebfee654d53624653,ebaa71db9fa53acc6d0b1ba55b08bd826fd1764067425896e55866caf2552dfa,177864,177720,144,data/processed/project_gutenberg_resolved_v1/nineteenth_century_bridge/part-0003.txt,21749027,21930064,177720,181037,8d1d1cfd060aece8c288e7f5711f7fc2f410c33513e3731caa21db3ce16200ca
60249,La Vita Italiana nel Settecento: Conferenze tenute a Firenze nel 1895,Various,pass_1b_eligible_pool,Project Gutenberg,https://www.gutenberg.org/ebooks/60249,nineteenth_century_bridge,nineteenth_century_bridge,nineteenth_century_bridge,standard_italian,eligible_standard_core_pending_processed_build,preserve_boilerplate_stripped_primary_text,,eligible_pending_v7_and_mixture_freeze,text_materialized_pending_v7,data/local/gutenberg/metadata_review_v1/pg60249.txt,2dd2691181abd2e98f55d76185a7cd8e443ddf8638f9cec65d56170f966cad7c,262d58a42105f52dc4bee3521ca19c6b4f485c054d24fda0c22b50a054579ceb,576322,576178,144,data/processed/project_gutenberg_resolved_v1/nineteenth_century_bridge/part-0003.txt,21930065,22511796,576178,581731,884150e83fabf6aa6aa4e19021c5d871df7f8b9592d8368b05983640fd988fa5
60281,L'origine della Famiglia della Proprietà privata e dello Stato: in relazione alle ricerche di L. H. Morgan,"Engels, Friedrich",initial_eligible_pool,Project Gutenberg,https://www.gutenberg.org/ebooks/60281,nineteenth_century_bridge,nineteenth_century_bridge,nineteenth_century_bridge,standard_italian,eligible_standard_core_pending_processed_build,preserve_boilerplate_stripped_primary_text,,eligible_pending_v7_and_mixture_freeze,text_materialized_pending_v7,data/local/gutenberg/fulltext_gate_v1/pg60281.txt,074e0db404b4f553a3ee91958aa36f92041d1947d1ad2d4574609cd280f14341,f13ee8418dbe88a4cced11ea4c7eee2c72b6823ada163ddb4c01868c46f75fc3,441164,441020,144,data/processed/project_gutenberg_resolved_v1/nineteenth_century_bridge/part-0003.txt,22511797,22957779,441020,445982,2004e9827aba96efeeb700feeabdac13c8eb45cb3c5a42b4d5bd9491d2a59f6c
60497,"Storia di Milano, vol. 1","Verri, Pietro",initial_eligible_pool,Project Gutenberg,https://www.gutenberg.org/ebooks/60497,origins_through_1800,historical_general,historical_general,standard_italian,eligible_standard_core_pending_processed_build,preserve_boilerplate_stripped_primary_text,,eligible_pending_v7_and_mixture_freeze,text_materialized_pending_v7,data/local/gutenberg/fulltext_gate_v1/pg60497.txt,6aaf4b87c5584425a96b8c9269a89f9ff4a540beeaf770d8933e85c16fd37bb8,6b26c365acef13ef5a680cb3e9e315aba996e951d43f63e2d5f7ee0cd3870965,749459,749315,144,data/processed/project_gutenberg_resolved_v1/historical_general/part-0001.txt,42453837,43208376,749315,754539,d72f201062af1b72dd1770ffdb2250bec086dd3372202ccc45ee9a93402e4144
60498,"Storia di Milano, vol. 2","Verri, Pietro",initial_eligible_pool,Project Gutenberg,https://www.gutenberg.org/ebooks/60498,origins_through_1800,historical_general,historical_general,standard_italian,eligible_standard_core_pending_processed_build,preserve_boilerplate_stripped_primary_text,,eligible_pending_v7_and_mixture_freeze,text_materialized_pending_v7,data/local/gutenberg/fulltext_gate_v1/pg60498.txt,977aaa8113ba5711bc5084ba377cd553924b88288a10c64624cade037a4e1d7b,8c7d95b25873caecd22c868e413513081d8e0d2712259a32bddc64ee2345e134,727094,726950,144,data/processed/project_gutenberg_resolved_v1/historical_general/part-0001.txt,43208377,43940760,726950,732383,ed538cf29b1f23218aba42912aafe997d2ebcc0b70721dcb8bc3577265a5d80a
60499,"Storia di Milano, vol. 3","Verri, Pietro",initial_eligible_pool,Project Gutenberg,https://www.gutenberg.org/ebooks/60499,origins_through_1800,historical_general,historical_general,standard_italian,eligible_standard_core_pending_processed_build,preserve_boilerplate_stripped_primary_text,,eligible_pending_v7_and_mixture_freeze,text_materialized_pending_v7,data/local/gutenberg/fulltext_gate_v1/pg60499.txt,93a2fb8ae1a45853ddbb1d9ddc9ff68cad923079dde0609a3daf12d1d760cfbc,b39fe203f94e9817d35b90802e197833c9ad7a4a5d79700fb90b43287054d57c,667884,667740,144,data/processed/project_gutenberg_resolved_v1/historical_general/part-0001.txt,43940761,44612862,667740,672101,1dc6a696c8f98d35fc166880fb8a7d21c46552463701b8ea828629dbe015d471
60543,"La sposa di Mènecle: Comedia in un prologo e tre atti, con note","Cavallotti, Felice",initial_eligible_pool,Project Gutenberg,https://www.gutenberg.org/ebooks/60543,nineteenth_century_bridge,nineteenth_century_bridge,nineteenth_century_bridge,standard_italian,eligible_standard_core_pending_processed_build,preserve_boilerplate_stripped_primary_text,,eligible_pending_v7_and_mixture_freeze,text_materialized_pending_v7,data/local/gutenberg/fulltext_gate_v1/pg60543.txt,375950b0c99fcd13e4f2f61dc2c46d8df23e52cc91b0477da33dcc0985350c52,c362a843660d685b990f54d072c1f9c70be0d1f113b356365bbda980b535c106,309155,308920,235,data/processed/project_gutenberg_resolved_v1/nineteenth_century_bridge/part-0003.txt,22957780,23275023,308920,317243,1ea84336afad1204756a4e6e1ccf8798e2ac18e8b5bea753591afbea2e376597
60549,Liriche,"Montanelli, Giuseppe",initial_eligible_pool,Project Gutenberg,https://www.gutenberg.org/ebooks/60549,nineteenth_century_bridge,historical_non_sonnet_poetry,historical_non_sonnet_poetry,standard_italian,eligible_standard_core_pending_processed_build,preserve_boilerplate_stripped_primary_text,,eligible_pending_v7_and_mixture_freeze,text_materialized_pending_v7,data/local/gutenberg/fulltext_gate_v1/pg60549.txt,f4b5219c5541573ad93cedd45aabbf14d561b469092a845bb0090ac754a785d9,34ee8a7eb846efffd96fda14625b696622ef61209d34fb0769aeb6446dc247ca,51559,50241,1318,data/processed/project_gutenberg_resolved_v1/historical_non_sonnet_poetry/part-0001.txt,10830052,10880881,50243,50829,b5e2f7509596ad28c93af23a0ee285ec887a03e3856fa5291f24337d483c3fc9
60588,Della architettura gotica,"Troya, Carlo",initial_eligible_pool,Project Gutenberg,https://www.gutenberg.org/ebooks/60588,nineteenth_century_bridge,nineteenth_century_bridge,nineteenth_century_bridge,standard_italian,eligible_standard_core_pending_processed_build,preserve_boilerplate_stripped_primary_text,,eligible_pending_v7_and_mixture_freeze,text_materialized_pending_v7,data/local/gutenberg/fulltext_gate_v1/pg60588.txt,4bcf98ac0b14604f3ef985f0b29d9353d31f21e3455d72f9746cb4e4ad0cb76e,5662c566f5da3af055a44de25fdeba54f171c70e0a55fbbeafcd46b5c951a937,210415,210271,144,data/processed/project_gutenberg_resolved_v1/nineteenth_century_bridge/part-0003.txt,23275024,23486907,210271,211883,924621432cb0fd86b2f16a199e185f05c3a7e07c88f1cd63aac5fa1a5d1b2157
60641,"I tre moschettieri, vol. I","Dumas, Alexandre",initial_eligible_pool,Project Gutenberg,https://www.gutenberg.org/ebooks/60641,nineteenth_century_bridge,nineteenth_century_bridge,nineteenth_century_bridge,standard_italian,eligible_standard_core_pending_processed_build,preserve_boilerplate_stripped_primary_text,,eligible_pending_v7_and_mixture_freeze,text_materialized_pending_v7,data/local/gutenberg/fulltext_gate_v1/pg60641.txt,e97d91b9535e442efd2f17b5f38048811f64d411a6adf3e62c638a33e1d25b71,4038ec72d7bc7021a909a3b32881b2e09aa131b8c1544501f3431602660fda22,356691,356547,144,data/processed/project_gutenberg_resolved_v1/nineteenth_century_bridge/part-0003.txt,23486908,23849539,356547,362631,939d5a82d6a04ac55761dd0bb2209785e62ca183b6785e912483bd977f428edb
60642,"I tre moschettieri, vol. II","Dumas, Alexandre",initial_eligible_pool,Project Gutenberg,https://www.gutenberg.org/ebooks/60642,nineteenth_century_bridge,nineteenth_century_bridge,nineteenth_century_bridge,standard_italian,eligible_standard_core_pending_processed_build,preserve_boilerplate_stripped_primary_text,,eligible_pending_v7_and_mixture_freeze,text_materialized_pending_v7,data/local/gutenberg/fulltext_gate_v1/pg60642.txt,03236146877b9a1a3addaf7b2d78a02bc6145e84d074adf5e6b23485b6eb3b7b,58a5c35eeca745a36c9d0edf9dd360b8d71c4291536fee162c4261572026756c,350688,350544,144,data/processed/project_gutenberg_resolved_v1/nineteenth_century_bridge/part-0003.txt,23849540,24206522,350544,356982,058866acab3b4a80fdd04dba1ce9c08b8d274a41355d0cecf6056d63b06ec7af
60643,"I tre moschettieri, vol. III","Dumas, Alexandre",initial_eligible_pool,Project Gutenberg,https://www.gutenberg.org/ebooks/60643,nineteenth_century_bridge,nineteenth_century_bridge,nineteenth_century_bridge,standard_italian,eligible_standard_core_pending_processed_build,preserve_boilerplate_stripped_primary_text,,eligible_pending_v7_and_mixture_freeze,text_materialized_pending_v7,data/local/gutenberg/fulltext_gate_v1/pg60643.txt,4eddb40b79bf335035675ba0f502b9cb3d606c975bc2c038a871b99b56e09f79,f93e02314f242640a629dc86bf66e76897595f7ee110e725945f307cf7941d61,285976,285832,144,data/processed/project_gutenberg_resolved_v1/nineteenth_century_bridge/part-0003.txt,24206523,24497459,285832,290936,f0d4ff0f4b99e5fa6f3fb5b35560ec5e7c58a39021fc65751884824f0511ab6c
60644,"I tre moschettieri, vol. IV","Dumas, Alexandre",initial_eligible_pool,Project Gutenberg,https://www.gutenberg.org/ebooks/60644,nineteenth_century_bridge,nineteenth_century_bridge,nineteenth_century_bridge,standard_italian,eligible_standard_core_pending_processed_build,preserve_boilerplate_stripped_primary_text,,eligible_pending_v7_and_mixture_freeze,text_materialized_pending_v7,data/local/gutenberg/fulltext_gate_v1/pg60644.txt,fe4ed2e23370966eac0f04358eebdf9cd6b0859184a75da2bf1f3fbb5a29bd97,accdb8979462c08fbec346d578ad9c56a70811bc0f3bb9184cbaab4a043d7d2b,333045,332901,144,data/processed/project_gutenberg_resolved_v1/nineteenth_century_bridge/part-0003.txt,24497460,24835924,332901,338464,0efacd69aa097c2c708622c6f2191231fb9837e6f3107324b1dcc88d4a4be083
60788,"Storia dei musulmani di Sicilia, vol. III, parte I","Amari, Michele",initial_eligible_pool,Project Gutenberg,https://www.gutenberg.org/ebooks/60788,nineteenth_century_bridge,nineteenth_century_bridge,nineteenth_century_bridge,standard_italian,eligible_standard_core_pending_processed_build,preserve_boilerplate_stripped_primary_text,,eligible_pending_v7_and_mixture_freeze,text_materialized_pending_v7,data/local/gutenberg/fulltext_gate_v1/pg60788.txt,ae9f66e55d0cc1b17608575b52ab4853914fce8d231160da3ed657b6fc049456,6f8f7a205c6bed5c51b8f30748d8389762b02bb56b912354d25d559cd0341cd4,708221,707913,308,data/processed/project_gutenberg_resolved_v1/nineteenth_century_bridge/part-0003.txt,24835925,25557738,707913,721813,41b6c15a610a90e0aaaefcdcb5a444407e41e6ce4b127aa2484b6f53c7b0ba26
60789,"Storia dei musulmani di Sicilia, vol. III, parte II","Amari, Michele",initial_eligible_pool,Project Gutenberg,https://www.gutenberg.org/ebooks/60789,nineteenth_century_bridge,nineteenth_century_bridge,nineteenth_century_bridge,standard_italian,eligible_standard_core_pending_processed_build,preserve_boilerplate_stripped_primary_text,,eligible_pending_v7_and_mixture_freeze,text_materialized_pending_v7,data/local/gutenberg/fulltext_gate_v1/pg60789.txt,260053d15edb5c322c383115ef51ac40b948b65f55d924ff97ab3b5f2fa9e736,5e334cd712a29048eb03a10902f176dd9d3f43c3db3e3cc1eebfeb7e3c507788,1343401,1343257,144,data/processed/project_gutenberg_resolved_v1/nineteenth_century_bridge/part-0003.txt,25557739,26930303,1343257,1372564,6fc9173605a7e1ff21bf9fa2348a10ffaec202da0d1a8788a4dedc2b570fc96e
60864,"I viaggi di Gio. da Mandavilla, vol. 1","Mandeville, John, Sir",pass_1b_eligible_pool,Project Gutenberg,https://www.gutenberg.org/ebooks/60864,nineteenth_century_bridge,nineteenth_century_bridge,nineteenth_century_bridge,standard_italian,eligible_standard_core_pending_processed_build,preserve_boilerplate_stripped_primary_text,,eligible_pending_v7_and_mixture_freeze,text_materialized_pending_v7,data/local/gutenberg/metadata_review_v1/pg60864.txt,1f5516a3695bcb159ea3ef4b4ca8c69395146b71bd4f533fcf2f6afa3b7d40fd,0f7d8b52552a2c27ead50125ae198a8248f6b4933bba19008f10b12b8207f2cc,219753,219527,226,data/processed/project_gutenberg_resolved_v1/nineteenth_century_bridge/part-0003.txt,26930304,27152587,219527,222283,5f6df8ebbd25c4f2a48937002e316050387d9f73b851efc13ea587fcfa6bd440
60865,"I viaggi di Gio. da Mandavilla, vol. 2","Mandeville, John, Sir",pass_1b_eligible_pool,Project Gutenberg,https://www.gutenberg.org/ebooks/60865,nineteenth_century_bridge,nineteenth_century_bridge,nineteenth_century_bridge,standard_italian,eligible_standard_core_pending_processed_build,preserve_boilerplate_stripped_primary_text,,eligible_pending_v7_and_mixture_freeze,text_materialized_pending_v7,data/local/gutenberg/metadata_review_v1/pg60865.txt,211097229efb8a64c2022256b9fee1e8920e1536888fc1cd7db8f38849120ab1,6c967d4715b7265c85f1017b040dbf4841fbbb3cbaae45c02d829aa23afb3d52,242190,241962,228,data/processed/project_gutenberg_resolved_v1/nineteenth_century_bridge/part-0003.txt,27152588,27397364,241962,244776,56214c33eafe5885717a1495b2e626cbb322a2b40f1143db64e62a3ffd90012e
60905,L'ultima primavera: romanzo,Memini,initial_eligible_pool,Project Gutenberg,https://www.gutenberg.org/ebooks/60905,nineteenth_century_bridge,nineteenth_century_bridge,nineteenth_century_bridge,standard_italian,eligible_standard_core_pending_processed_build,preserve_boilerplate_stripped_primary_text,,eligible_pending_v7_and_mixture_freeze,text_materialized_pending_v7,data/local/gutenberg/fulltext_gate_v1/pg60905.txt,b845e3a3eee48128e1d156668003510b5f736c92ab6107f38caadac238d1976b,6c8c04a622c24ee0574208dc7b2b6542cdc35dcafbac0d48fefc56963d38d91f,495674,495530,144,data/processed/project_gutenberg_resolved_v1/nineteenth_century_bridge/part-0003.txt,27397365,27899827,495530,502462,3d5d8ec9af45a8e069f850ef2434dbb6c0746277620931780e3280097d594156
60945,Novelle brianzuole,"Cantù, Cesare",initial_eligible_pool,Project Gutenberg,https://www.gutenberg.org/ebooks/60945,nineteenth_century_bridge,nineteenth_century_bridge,nineteenth_century_bridge,standard_italian,eligible_standard_core_pending_processed_build,preserve_boilerplate_stripped_primary_text,,eligible_pending_v7_and_mixture_freeze,text_materialized_pending_v7,data/local/gutenberg/fulltext_gate_v1/pg60945.txt,ac661ff148c09706d8b4757d66df0c772e078c94618ad450251b9458ca29a473,abbf97a1b91b2b488c2391c474ac0b5879c2790eb38be3db0f899a355ec44490,276710,276566,144,data/processed/project_gutenberg_resolved_v1/nineteenth_century_bridge/part-0003.txt,27899828,28179405,276566,279577,164e46f3acbd3cd000666e382f7e224205f1924656d26fcd9f61288528594cd3
61179,Viaggi di Gulliver nelle lontane regioni,"Swift, Jonathan",initial_eligible_pool,Project Gutenberg,https://www.gutenberg.org/ebooks/61179,origins_through_1800,historical_general,historical_general,standard_italian,eligible_standard_core_pending_processed_build,preserve_boilerplate_stripped_primary_text,,eligible_pending_v7_and_mixture_freeze,text_materialized_pending_v7,data/local/gutenberg/fulltext_gate_v1/pg61179.txt,8b4a1c0729433238dc1778f3c381d69956a90b7a5b208ec9dabf12cf2b908d11,f8b9c879a183751ea1de67e2f241a1e5377589eddc59e71465aecbe833c2873b,583328,583040,288,data/processed/project_gutenberg_resolved_v1/historical_general/part-0001.txt,44612863,45200469,583040,587606,59190424c874676d16fd2a577d56ed8d9848226615a0817eb8bd90a421ca4c7b
61304,Cronaca di Fra Salimbene parmigiano vol. I,"Salimbene, da Parma",initial_eligible_pool,Project Gutenberg,https://www.gutenberg.org/ebooks/61304,origins_through_1800,historical_general,historical_general,standard_italian,eligible_standard_core_pending_processed_build,preserve_boilerplate_stripped_primary_text,,eligible_pending_v7_and_mixture_freeze,text_materialized_pending_v7,data/local/gutenberg/fulltext_gate_v1/pg61304.txt,35e0985d47bd4ebab33930415998d5622d21b1d772699fd18da10deee4dc23a6,055330e3003d3a33ad3703306019d172309ab338627c8b58761805035108c151,691939,691708,231,data/processed/project_gutenberg_resolved_v1/historical_general/part-0001.txt,45200470,45897962,691708,697492,ab8516486215969d1058b96745ced98c5840facd4ce92da65026e08f37a4979a
61305,Cronaca di Fra Salimbene parmigiano vol. II,"Salimbene, da Parma",initial_eligible_pool,Project Gutenberg,https://www.gutenberg.org/ebooks/61305,origins_through_1800,historical_general,historical_general,standard_italian,eligible_standard_core_pending_processed_build,preserve_boilerplate_stripped_primary_text,,eligible_pending_v7_and_mixture_freeze,text_materialized_pending_v7,data/local/gutenberg/fulltext_gate_v1/pg61305.txt,2f1abef979073d4be8b22b5b78c3a17ecf3448469f80a2605e12cf5bd0ef654b,c0b47550ecb36373d0899e8b99db71ae6c02a1b9eb716a6e614489f18ed99544,626695,626464,231,data/processed/project_gutenberg_resolved_v1/historical_general/part-0001.txt,45897963,46530439,626464,632476,5a9b8e0e97247c3fc0cd0b62c316c3fe01d935f876e5c66f3320f2cadd307ec8
61548,Le seduzioni - Le vergini folli,"Guglielminetti, Amalia",pass_1b_eligible_pool,Project Gutenberg,https://www.gutenberg.org/ebooks/61548,nineteenth_century_bridge,historical_non_sonnet_poetry,historical_non_sonnet_poetry,standard_italian,eligible_standard_core_pending_processed_build,preserve_boilerplate_stripped_primary_text,,eligible_pending_v7_and_mixture_freeze,text_materialized_pending_v7,data/local/gutenberg/metadata_review_v1/pg61548.txt,97ec658bc8cf34f968d9f5d98a3e8cafd08e1e0f69a378a7afbb66ea67b757a3,cb41f6b2d3473e083673e5f64217d0aa48542ea973fe504f6f93223cb2de638e,118098,70149,47949,data/processed/project_gutenberg_resolved_v1/historical_non_sonnet_poetry/part-0001.txt,10880882,10951992,70231,71110,59057a44c6da07d83580ffc1666991224e29932c8be797f26760af5bf8b49d50
61563,Vita mondana,Memini,initial_eligible_pool,Project Gutenberg,https://www.gutenberg.org/ebooks/61563,nineteenth_century_bridge,nineteenth_century_bridge,nineteenth_century_bridge,standard_italian,eligible_standard_core_pending_processed_build,preserve_boilerplate_stripped_primary_text,,eligible_pending_v7_and_mixture_freeze,text_materialized_pending_v7,data/local/gutenberg/fulltext_gate_v1/pg61563.txt,506922cf892397ed438760560c88e9588e70a685d3404743831005eb0b0fc12f,8cbdd1f441528e158be0f5aa9db4536cd462dcf4c572885a5b3974919066c530,339081,338937,144,data/processed/project_gutenberg_resolved_v1/nineteenth_century_bridge/part-0003.txt,28179406,28523030,338937,343624,597051c8ee18be58e0e6076f80a390965ea9d3b52c0fc2c4231bdf4f7d9bdad7
61704,"Niccolò Machiavelli e i suoi tempi, vol. I","Villari, Pasquale",pass_1b_eligible_pool,Project Gutenberg,https://www.gutenberg.org/ebooks/61704,nineteenth_century_bridge,nineteenth_century_bridge,nineteenth_century_bridge,standard_italian,eligible_standard_core_pending_processed_build,preserve_boilerplate_stripped_primary_text,,eligible_pending_v7_and_mixture_freeze,text_materialized_pending_v7,data/local/gutenberg/metadata_review_v1/pg61704.txt,fa957eac86cca5af7dd38b422ad4d8fd7eae5758bfadb3aa9aa68a4113815e18,5d1ab92bfa21def99b171baa88619d7a1c73ced34e27da543adbd5cc30075af0,1316955,1316725,230,data/processed/project_gutenberg_resolved_v1/nineteenth_century_bridge/part-0003.txt,28523031,29851199,1316725,1328168,dfb6537186dc4014e80ae521e938876c2837373e8326fdb2b6c099135aef4390
61705,"Niccolò Machiavelli e i suoi tempi, vol. II","Villari, Pasquale",pass_1b_eligible_pool,Project Gutenberg,https://www.gutenberg.org/ebooks/61705,nineteenth_century_bridge,nineteenth_century_bridge,nineteenth_century_bridge,standard_italian,eligible_standard_core_pending_processed_build,preserve_boilerplate_stripped_primary_text,,eligible_pending_v7_and_mixture_freeze,text_materialized_pending_v7,data/local/gutenberg/metadata_review_v1/pg61705.txt,23e89eaad7d4abc5cbf82d29e2ba3a3e161ee21ed11ee7efdfaa03b431f84818,897e39107779698d94bcaa3d691a0f37fdcdf74b56ecf90034cb48404be533b0,1247973,1247829,144,data/processed/project_gutenberg_resolved_v1/nineteenth_century_bridge/part-0003.txt,29851200,31111576,1247829,1260376,d98933fbe0086f8642d35f19a9ea996da77a7d59c68039b4af710f6562bee512
61706,"Niccolò Machiavelli e i suoi tempi, vol. III","Villari, Pasquale",pass_1b_eligible_pool,Project Gutenberg,https://www.gutenberg.org/ebooks/61706,nineteenth_century_bridge,nineteenth_century_bridge,nineteenth_century_bridge,standard_italian,eligible_standard_core_pending_processed_build,preserve_boilerplate_stripped_primary_text,,eligible_pending_v7_and_mixture_freeze,text_materialized_pending_v7,data/local/gutenberg/metadata_review_v1/pg61706.txt,2cb4abdac54874836d2ec38d87158892ceb6020bad164a97a0f43bc63a24bc6e,afe3f00027e40f0b32de814d33035a9f3f1cc01aa5aa8ead8ddaf743c209b1a4,1255748,1255604,144,data/processed/project_gutenberg_resolved_v1/nineteenth_century_bridge/part-0003.txt,31111577,32376875,1255604,1265298,ee593e3213b2e2bcc9b4a11b1210a4636a6174d01e705725a1a716da1b90b71e
61921,Viaggj del Capitano Lemuel Gulliver in Diversi Paesi Lontani,"Swift, Jonathan",initial_eligible_pool,Project Gutenberg,https://www.gutenberg.org/ebooks/61921,origins_through_1800,historical_general,historical_general,standard_italian,eligible_standard_core_pending_processed_build,preserve_boilerplate_stripped_primary_text,,eligible_pending_v7_and_mixture_freeze,text_materialized_pending_v7,data/local/gutenberg/fulltext_gate_v1/pg61921.txt,2a23e4584f6d3c6bae976ceade294c66353fc73b20a262a3f2341616e18c329a,c6c1f33064378a5cdcd97228de3904a2bef7aa249301c0e02d10afef860648c2,624388,624388,0,data/processed/project_gutenberg_resolved_v1/historical_general/part-0001.txt,46530440,47168118,624388,637678,c6c1f33064378a5cdcd97228de3904a2bef7aa249301c0e02d10afef860648c2
61975,Frutti proibiti,"Farina, Salvatore",pass_1b_eligible_pool,Project Gutenberg,https://www.gutenberg.org/ebooks/61975,nineteenth_century_bridge,nineteenth_century_bridge,nineteenth_century_bridge,standard_italian,eligible_standard_core_pending_processed_build,preserve_boilerplate_stripped_primary_text,,eligible_pending_v7_and_mixture_freeze,text_materialized_pending_v7,data/local/gutenberg/metadata_review_v1/pg61975.txt,f02ccad3b12da60697b500df47e4bb338ff31447c899132d54b137f635bc6fd3,b6e912d707cd4d39715f36bdf3f445fb898580984e499d8f3f3e0b63d9448a26,286138,285994,144,data/processed/project_gutenberg_resolved_v1/nineteenth_century_bridge/part-0003.txt,32376876,32667516,285994,290640,669dd892f511a17d930aca0fdb4978aaee5ffc792d5f94ef51a76f712825bc8a
61991,La realtà: dramma in 3 atti,"Rovetta, Gerolamo",pass_1b_eligible_pool,Project Gutenberg,https://www.gutenberg.org/ebooks/61991,nineteenth_century_bridge,nineteenth_century_bridge,nineteenth_century_bridge,standard_italian,eligible_standard_core_pending_processed_build,preserve_boilerplate_stripped_primary_text,,eligible_pending_v7_and_mixture_freeze,text_materialized_pending_v7,data/local/gutenberg/metadata_review_v1/pg61991.txt,da583f735ac7e200566ae1a9c43ed9b200619582a5d878f555f88bc248e33ee7,99c50a30377899c52e5663e67d614bd453e52885cbc45de56583030ca741d7f8,103412,103268,144,data/processed/project_gutenberg_resolved_v1/nineteenth_century_bridge/part-0003.txt,32667517,32771853,103268,104336,ea5bb873ea25400875ecd761222a8afa8764019fe0e64567b328285c080adb78
62047,La libertà,"Mill, John Stuart",initial_eligible_pool,Project Gutenberg,https://www.gutenberg.org/ebooks/62047,nineteenth_century_bridge,nineteenth_century_bridge,nineteenth_century_bridge,standard_italian,eligible_standard_core_pending_processed_build,preserve_boilerplate_stripped_primary_text,,eligible_pending_v7_and_mixture_freeze,text_materialized_pending_v7,data/local/gutenberg/fulltext_gate_v1/pg62047.txt,477370cde24e351b94d0de0921eeecfae987b03a9db98164d72b601a0af8c948,5ca39b02fa55b8e4454b35e498a512923bc944bf30841fa0baa4d9e10c3865b1,296128,295984,144,data/processed/project_gutenberg_resolved_v1/nineteenth_century_bridge/part-0003.txt,32771854,33071254,295984,299400,b880b25cf927ecff326ee203a8fabda07e432e05e6d3f42e9ac19a0b0aa53f0e
62302,Scritti politici,"Mamiani della Rovere, Terenzio, conte",initial_eligible_pool,Project Gutenberg,https://www.gutenberg.org/ebooks/62302,nineteenth_century_bridge,nineteenth_century_bridge,nineteenth_century_bridge,standard_italian,eligible_standard_core_pending_processed_build,preserve_boilerplate_stripped_primary_text,,eligible_pending_v7_and_mixture_freeze,text_materialized_pending_v7,data/local/gutenberg/fulltext_gate_v1/pg62302.txt,231b176ad9b5939b9e9a3106f1d79b90e9bc1db8a449df6e974bbf86ef2d9d67,5bdd81c695aca98efc11189d3a18e8707fbebdf6b6bb88cf664389d8e2fd05d4,1143385,1143241,144,data/processed/project_gutenberg_resolved_v1/nineteenth_century_bridge/part-0003.txt,33071255,34224871,1143241,1153616,06ec27466d6d95cb469c279bf7eb79403f75fb505a60d38c897af46a1f1d85ac
62384,"Alcibiade, la critica e il secolo di Pericle: lettera di Felice Cavallotti a Yorick figlio di Yorick","Cavallotti, Felice",initial_eligible_pool,Project Gutenberg,https://www.gutenberg.org/ebooks/62384,nineteenth_century_bridge,nineteenth_century_bridge,nineteenth_century_bridge,standard_italian,eligible_standard_core_pending_processed_build,preserve_boilerplate_stripped_primary_text,,eligible_pending_v7_and_mixture_freeze,text_materialized_pending_v7,data/local/gutenberg/fulltext_gate_v1/pg62384.txt,44f409606fcc92df81b4723ea4e90001e2c6ae8ade41502b477ff508412171f9,ac0027112a615372aac1e826927d4ba2a878222f104fbbb190ed176d2f7165c3,251940,251796,144,data/processed/project_gutenberg_resolved_v1/nineteenth_century_bridge/part-0003.txt,34224872,34480579,251796,255707,64363dded6d353b08ea449a7bda1f0a99640ae4d942f5bd0cd50b29d2d020b38
62400,La Carrozza di tutti,"De Amicis, Edmondo",pass_1b_eligible_pool,Project Gutenberg,https://www.gutenberg.org/ebooks/62400,nineteenth_century_bridge,nineteenth_century_bridge,nineteenth_century_bridge,standard_italian,eligible_standard_core_pending_processed_build,preserve_boilerplate_stripped_primary_text,,eligible_pending_v7_and_mixture_freeze,text_materialized_pending_v7,data/local/gutenberg/metadata_review_v1/pg62400.txt,6903c64a7fcf98f7162730f0682db30324b89a0ab6dac09df18b82feaeb10178,8e653d95910c46e7b9d2d773646b466a3db8c8669b6d7028602137b40b0c68f5,694971,694827,144,data/processed/project_gutenberg_resolved_v1/nineteenth_century_bridge/part-0003.txt,34480580,35183565,694827,702985,d0c076d3a7ad02b4f27a0c85ff1a876623d2ff1335a536a6353acbf4b9b8cbb4
62477,"XII conti pomiglianesi: con varianti avellinesi, montellesi, bagnolesi, milanesi, toscane, ecc.","Imbriani, Vittorio",initial_eligible_pool,Project Gutenberg,https://www.gutenberg.org/ebooks/62477,nineteenth_century_bridge,nineteenth_century_bridge,nineteenth_century_bridge,standard_italian,eligible_standard_core_pending_processed_build,preserve_boilerplate_stripped_primary_text,,eligible_pending_v7_and_mixture_freeze,text_materialized_pending_v7,data/local/gutenberg/fulltext_gate_v1/pg62477.txt,49bf1cf27c7a84095d604fd301f59e67ddcc6539b552f4da1d8ab263f224ed6c,66fb4765b9fec67e9c02b07ecd976920b937166663f5d12f28df483b34980169,500874,500189,685,data/processed/project_gutenberg_resolved_v1/nineteenth_century_bridge/part-0003.txt,35183566,35690552,500189,506986,377a0d566bda893ca6109a1dd7efbbdd40d62f412955fb12ac1f83d68a663348
62773,Lucrezia Borgia secondo documenti e carteggi del tempo,"Gregorovius, Ferdinand",initial_eligible_pool,Project Gutenberg,https://www.gutenberg.org/ebooks/62773,nineteenth_century_bridge,nineteenth_century_bridge,nineteenth_century_bridge,standard_italian,eligible_standard_core_pending_processed_build,preserve_boilerplate_stripped_primary_text,,eligible_pending_v7_and_mixture_freeze,text_materialized_pending_v7,data/local/gutenberg/fulltext_gate_v1/pg62773.txt,5cb5be35547c3f4a572254d754c0f217b59ca3e138b1b51a33c5dfae08a9962e,1154255f285472fcdbce8c47f1b720e5d58ae33aa83455d276cd2229924b09dc,876878,876651,227,data/processed/project_gutenberg_resolved_v1/nineteenth_century_bridge/part-0003.txt,35690553,36573013,876651,882460,b4ef2d1938d4ddcce31899e364d46d13c0a365cd211f2b6d40276dd87e92cd04
62789,"Peregrinazioni d'uno zingaro per laghi ed Alpi: Il Lago Maggiore, l'Ossola, la Frua e il Gries","Carrera, Valentino",initial_eligible_pool,Project Gutenberg,https://www.gutenberg.org/ebooks/62789,nineteenth_century_bridge,nineteenth_century_bridge,nineteenth_century_bridge,standard_italian,eligible_standard_core_pending_processed_build,preserve_boilerplate_stripped_primary_text,,eligible_pending_v7_and_mixture_freeze,text_materialized_pending_v7,data/local/gutenberg/fulltext_gate_v1/pg62789.txt,d407af3a79ff33f5b3966dcc00d634bd9e17490e9e954a02ca8c0b75853bc124,7a9db6b5283761d3876c97d06e8f8e78abfd501d7b2cbbdbc4de0b8ee90c5281,402201,402057,144,data/processed/project_gutenberg_resolved_v1/nineteenth_century_bridge/part-0003.txt,36573014,36979489,402057,406475,534a21b3520a30d816924382ab98823796d4566422e2713ceb7e6d8d4175b00e
62813,"Foscolo, Manzoni, Leopardi: saggi: Aggiuntovi preraffaelliti, simbolisti ed esteti e letteratura dell'avvenire","Graf, Arturo",pass_1b_eligible_pool,Project Gutenberg,https://www.gutenberg.org/ebooks/62813,nineteenth_century_bridge,nineteenth_century_bridge,nineteenth_century_bridge,standard_italian,eligible_standard_core_pending_processed_build,preserve_boilerplate_stripped_primary_text,,eligible_pending_v7_and_mixture_freeze,text_materialized_pending_v7,data/local/gutenberg/metadata_review_v1/pg62813.txt,c72214f48ddcce2ae3ab0353b3e9535ab5f845050ea23787674d0f4681485aa4,ab3da0dc420569591c945ebeb6022e35b4fbe604df7487dbc2ba52591c417538,839749,839605,144,data/processed/project_gutenberg_resolved_v1/nineteenth_century_bridge/part-0003.txt,36979490,37827603,839605,848113,b617c791652c57d304c872865e88a245add7b3259974b928c513b55fbaa5ddec
62892,I Tre Giulj: o sieno Sonetti di Niceste Abideno sopra l'Importunità di; un Creditor di Tre Giulj,"Casti, Giovanni Battista",initial_eligible_pool,Project Gutenberg,https://www.gutenberg.org/ebooks/62892,nineteenth_century_bridge,sonnet_specialization,historical_non_sonnet_poetry,standard_italian,eligible_standard_core_pending_processed_build,preserve_boilerplate_stripped_primary_text,,eligible_pending_v7_and_mixture_freeze,text_materialized_pending_v7,data/local/gutenberg/fulltext_gate_v1/pg62892.txt,8e4230cf32869270ba1f3a761f66f383b243fa051d62500d01ffa4b86030c16f,74b44cfae143c119fb68366a19270b6270fab98853fa43918b21e2a8000ef13e,144008,28460,115548,data/processed/project_gutenberg_resolved_v1/historical_non_sonnet_poetry/part-0001.txt,10951993,10980893,28662,28900,2542ba0f06f5ae88019a14f0d6cf56f96b3f81ba539e92396207376c4b492c21
62987,Storia della musica,"Untersteiner, Alfredo",pass_1b_eligible_pool,Project Gutenberg,https://www.gutenberg.org/ebooks/62987,nineteenth_century_bridge,nineteenth_century_bridge,nineteenth_century_bridge,standard_italian,eligible_standard_core_pending_processed_build,preserve_boilerplate_stripped_primary_text,,eligible_pending_v7_and_mixture_freeze,text_materialized_pending_v7,data/local/gutenberg/metadata_review_v1/pg62987.txt,b20d5f3ff3df8367431aba228fa406a2591010483b9c34d352f83b0298238c3c,754082eedebb7b32c2dcc61bae39f47bf5edc855886239f1f5369862f749208a,715084,714824,260,data/processed/project_gutenberg_resolved_v1/nineteenth_century_bridge/part-0003.txt,37827604,38549253,714824,721649,441af508b0b7431c6a85385e9f3245811d276034a0e7d874ced902d35f36fe02
63058,Saggio di ricerche sulla satira contro il villano,"Merlini, Domenico",pass_1b_eligible_pool,Project Gutenberg,https://www.gutenberg.org/ebooks/63058,nineteenth_century_bridge,nineteenth_century_bridge,nineteenth_century_bridge,standard_italian,eligible_standard_core_pending_processed_build,preserve_boilerplate_stripped_primary_text,,eligible_pending_v7_and_mixture_freeze,text_materialized_pending_v7,data/local/gutenberg/metadata_review_v1/pg63058.txt,d9eddf81deaee789e8b8d043d4d334cac589ffc337642abeec35cd959fe71314,fcfbd9b606c8b077be588486ce82a7e0aa56971848a47983efad6cbd732cfe5c,406332,406022,310,data/processed/project_gutenberg_resolved_v1/nineteenth_century_bridge/part-0003.txt,38549254,38958291,406022,409037,8cbd25608c800b1c7792bea77c67a8e96ed244e43f0f654e5104aa18c1a8ddff
63082,Pataffio - Tesoretto,"Latini, Brunetto",initial_eligible_pool,Project Gutenberg,https://www.gutenberg.org/ebooks/63082,origins_through_1800,historical_non_sonnet_poetry,historical_non_sonnet_poetry,standard_italian,eligible_standard_core_pending_processed_build,preserve_boilerplate_stripped_primary_text,,eligible_pending_v7_and_mixture_freeze,text_materialized_pending_v7,data/local/gutenberg/fulltext_gate_v1/pg63082.txt,d26b18f02c73a22d43e23052ec400a7dd5f559b62aff2887db45cc078951c027,2f655a1de7d04815053a2a94991129fb0435fcfbb74868199cc28a3536577acc,347319,346526,793,data/processed/project_gutenberg_resolved_v1/historical_non_sonnet_poetry/part-0001.txt,10980894,11330048,346527,349154,4f60cf3b0d94a54b5e86a9afe45b9b6f8290c13c31e7a02442904e6e376cfaeb
63106,Una partita a scacchi; Il Trionfo d'amore; Intermezzi e scene,"Giacosa, Giuseppe",pass_1b_eligible_pool,Project Gutenberg,https://www.gutenberg.org/ebooks/63106,nineteenth_century_bridge,nineteenth_century_bridge,nineteenth_century_bridge,standard_italian,eligible_standard_core_pending_processed_build,preserve_boilerplate_stripped_primary_text,,eligible_pending_v7_and_mixture_freeze,text_materialized_pending_v7,data/local/gutenberg/metadata_review_v1/pg63106.txt,e3fc35d53ddc7e94ad6e5eb86cc3b075276e03bb9540f2607633bbfd507a357f,14e2d7b8baac630c47056990a71f6d1472d6d75fe8b01d849b74e35b298fc1a0,173814,173670,144,data/processed/project_gutenberg_resolved_v1/nineteenth_century_bridge/part-0003.txt,38958292,39133416,173670,175124,174b883f7773bfc8e95997968cdb3643e9a1565ad80f3eb333c508beb9cda2f0
63194,"Ivanhoe; ossia, Il ritorno del Crociato","Scott, Walter",initial_eligible_pool,Project Gutenberg,https://www.gutenberg.org/ebooks/63194,nineteenth_century_bridge,nineteenth_century_bridge,nineteenth_century_bridge,standard_italian,eligible_standard_core_pending_processed_build,preserve_boilerplate_stripped_primary_text,,eligible_pending_v7_and_mixture_freeze,text_materialized_pending_v7,data/local/gutenberg/fulltext_gate_v1/pg63194.txt,36fb2fa0d4c66938c2ff229dd840345abcd45d953d417b58fc613a4c176d738a,c11ef8d2a2023b4970b7592d8a0a3fc8a42c9080efc44269149bce70811b3a0d,1129662,1129518,144,data/processed/project_gutenberg_resolved_v1/nineteenth_century_bridge/part-0003.txt,39133417,40278318,1129518,1144901,0ff8db3c23b6da9d0edbebe744de670af4e92ea8f71f211c060b2c5b77fa8603
63363,"Storia degli Italiani, vol. 02 (di 15)","Cantù, Cesare",initial_eligible_pool,Project Gutenberg,https://www.gutenberg.org/ebooks/63363,nineteenth_century_bridge,nineteenth_century_bridge,nineteenth_century_bridge,standard_italian,eligible_standard_core_pending_processed_build,preserve_boilerplate_stripped_primary_text,,eligible_pending_v7_and_mixture_freeze,text_materialized_pending_v7,data/local/gutenberg/fulltext_gate_v1/pg63363.txt,6e353ef97813961111e955f129abf76a0e61bae934b940d3f6542b090c1336ed,f68c22d3e9f5bd0cc701628c1f829c1ec3f22a72637b362a153d8046f6b40972,748249,748032,217,data/processed/project_gutenberg_resolved_v1/nineteenth_century_bridge/part-0003.txt,40278319,41034142,748032,755823,1566e3a28f41e6f30e54ed7057148c22e8bb466011370822e45153af25f8dc04
63560,"Storia degli Italiani, vol. 03 (di 15)","Cantù, Cesare",initial_eligible_pool,Project Gutenberg,https://www.gutenberg.org/ebooks/63560,nineteenth_century_bridge,nineteenth_century_bridge,nineteenth_century_bridge,standard_italian,eligible_standard_core_pending_processed_build,preserve_boilerplate_stripped_primary_text,,eligible_pending_v7_and_mixture_freeze,text_materialized_pending_v7,data/local/gutenberg/fulltext_gate_v1/pg63560.txt,18d7e6df7e2ac618b09367d3cd25be4b7d80d3c4171be6342e90740448d9a511,b29a2a405f9d38d1ef220ddc339781622a579f61dee02feda632d76e1487f360,864239,864025,214,data/processed/project_gutenberg_resolved_v1/nineteenth_century_bridge/part-0003.txt,41034143,41906705,864025,872562,a303cb416bfc3a55ebd7c263e2fcadda884b01d1ff88d725f0cabab819604ea1
63848,Della peste e della pubblica amministrazione sanitaria,"Frari, A. A. (Angelo Antonio)",initial_eligible_pool,Project Gutenberg,https://www.gutenberg.org/ebooks/63848,nineteenth_century_bridge,nineteenth_century_bridge,nineteenth_century_bridge,standard_italian,eligible_standard_core_pending_processed_build,preserve_boilerplate_stripped_primary_text,,eligible_pending_v7_and_mixture_freeze,text_materialized_pending_v7,data/local/gutenberg/fulltext_gate_v1/pg63848.txt,282424bd428a93eff57904d3bb7803586c43c5eb6cae369817beeecdde5a5cc0,9ca06fcd5bae1a1399300d3fbbe4893f0a07739311faa3b7d5dcaa8886e55acc,1468357,1468036,321,data/processed/project_gutenberg_resolved_v1/nineteenth_century_bridge/part-0003.txt,41906706,43388879,1468036,1482173,0db88dd8dd54467e22ee4592966cb2b346fdf5b685af3f973a267fc1d2611e99
64004,La spedizione di Carlo VIII in Italia,"Sanudo, Marino",initial_eligible_pool,Project Gutenberg,https://www.gutenberg.org/ebooks/64004,origins_through_1800,historical_general,historical_general,standard_italian,eligible_standard_core_pending_processed_build,preserve_boilerplate_stripped_primary_text,,eligible_pending_v7_and_mixture_freeze,text_materialized_pending_v7,data/local/gutenberg/fulltext_gate_v1/pg64004.txt,31308082375fca3f53c5bf6fb0192b6b56924b4d20ef8503a8de95269c459e48,28b2c75134e919580ed63a83080b8c25f7f4fa289223636808855f25824f64f5,1721559,1721415,144,data/processed/project_gutenberg_resolved_v1/historical_general/part-0001.txt,47168119,48902453,1721415,1734334,0c365871090188f56bf481ab702c02a1eb6108bf6f92d3ff52488969b2aa83d8
64089,Il buco nel muro,"Guerrazzi, Francesco Domenico",initial_eligible_pool,Project Gutenberg,https://www.gutenberg.org/ebooks/64089,nineteenth_century_bridge,nineteenth_century_bridge,nineteenth_century_bridge,standard_italian,eligible_standard_core_pending_processed_build,preserve_boilerplate_stripped_primary_text,,eligible_pending_v7_and_mixture_freeze,text_materialized_pending_v7,data/local/gutenberg/fulltext_gate_v1/pg64089.txt,8ae52368a37f6cb314b8471e318157db0bbf54661077afa2fb6f9f44c8eaccff,7766809245b3318bd0aafa52746ab4cb481f95be431103694e83db8d0861c09f,337796,337652,144,data/processed/project_gutenberg_resolved_v1/nineteenth_century_bridge/part-0003.txt,43388880,43731026,337652,342146,73a0df13d5faed850b2cab8360ade15207abd0747ef18a26252f3dbfdce5ba6c
64106,Il tesoro di Donnina,"Farina, Salvatore",pass_1b_eligible_pool,Project Gutenberg,https://www.gutenberg.org/ebooks/64106,nineteenth_century_bridge,nineteenth_century_bridge,nineteenth_century_bridge,standard_italian,eligible_standard_core_pending_processed_build,preserve_boilerplate_stripped_primary_text,,eligible_pending_v7_and_mixture_freeze,text_materialized_pending_v7,data/local/gutenberg/metadata_review_v1/pg64106.txt,63f575029bdb4f704ca1fd7d363933ef3eb7398f69836384f2bfb13827ece202,3b26e21baf9ed2fb07b72ba3ea89bcd87f516286e51336a9495fbf2bbe7745f1,514295,514151,144,data/processed/project_gutenberg_resolved_v1/nineteenth_century_bridge/part-0003.txt,43731027,44252326,514151,521299,7eaecd75d5d85c89082e73beb44b342c862ea13844ae93a358407e2b5bfb2dc8
64205,"La civiltà del secolo del Rinascimento in Italia, Volume I","Burckhardt, Jacob",initial_eligible_pool,Project Gutenberg,https://www.gutenberg.org/ebooks/64205,nineteenth_century_bridge,nineteenth_century_bridge,nineteenth_century_bridge,standard_italian,eligible_standard_core_pending_processed_build,preserve_boilerplate_stripped_primary_text,,eligible_pending_v7_and_mixture_freeze,text_materialized_pending_v7,data/local/gutenberg/fulltext_gate_v1/pg64205.txt,a68cb7e854c48eaa9cd52b9dc9ec9bf58e5e41f7523e63cc1903f073d30b2465,04acb3ef0cb92c08929762305e5ebd1e353a38914629b96e15ee1d467d696bc9,627639,627495,144,data/processed/project_gutenberg_resolved_v1/nineteenth_century_bridge/part-0003.txt,44252327,44885800,627495,633473,11c3521baf20aa04ff9b998c785cd06504b10f90cc70d6b2266dd4ac9d5a9a6e
64206,"La civiltà del secolo del Rinascimento in Italia, Volume II","Burckhardt, Jacob",initial_eligible_pool,Project Gutenberg,https://www.gutenberg.org/ebooks/64206,nineteenth_century_bridge,nineteenth_century_bridge,nineteenth_century_bridge,standard_italian,eligible_standard_core_pending_processed_build,preserve_boilerplate_stripped_primary_text,,eligible_pending_v7_and_mixture_freeze,text_materialized_pending_v7,data/local/gutenberg/fulltext_gate_v1/pg64206.txt,16f7d53c9f723b24148f1a82f19e9eed8c7673f0227957a7cdc6825ccb23a37a,4382915d7358c9b81767e1a02d648202a3d28024b8c64e64c49a5b130713bf51,627167,627023,144,data/processed/project_gutenberg_resolved_v1/nineteenth_century_bridge/part-0003.txt,44885801,45518971,627023,633170,cabc1811b55d44cf990c89e3a69c4248b84a1a4e09e3b7a3a0d68e376cb270d3
64393,Lettere di molte valorose donne: nelle quali chiaramente appare non esser ne di eloquentia ne di dottrina alli huomini inferiori,"Landi, Ortensio",pass_1b_eligible_pool,Project Gutenberg,https://www.gutenberg.org/ebooks/64393,origins_through_1800,historical_general,historical_general,standard_italian,eligible_standard_core_pending_processed_build,preserve_boilerplate_stripped_primary_text,,eligible_pending_v7_and_mixture_freeze,text_materialized_pending_v7,data/local/gutenberg/metadata_review_v1/pg64393.txt,5c853378ad8f9afcc51683f38e7a138aff18168d3829ee480528465de22aeb9a,dc661c15d0870796cbce09f1599983aaf93c73d9f2a282dd922b581e553467e0,483765,483621,144,data/processed/project_gutenberg_resolved_v1/historical_general/part-0001.txt,48902454,49388402,483621,485948,7ce1fa72817d8b91db9c9e44881d050d7436ad817373088c28544c48aaebe0dc
64421,Il mio cadavere,"Mastriani, Francesco",initial_eligible_pool,Project Gutenberg,https://www.gutenberg.org/ebooks/64421,nineteenth_century_bridge,nineteenth_century_bridge,nineteenth_century_bridge,standard_italian,eligible_standard_core_pending_processed_build,preserve_boilerplate_stripped_primary_text,,eligible_pending_v7_and_mixture_freeze,text_materialized_pending_v7,data/local/gutenberg/fulltext_gate_v1/pg64421.txt,42ccf50e2f60796ce136d5c06845c0788c486ec469bfda50fdfafa67886cef4a,4fefa9ae82c604e0eff0424bbdc06bd8131a7aa212fec4aaf66d534487a607aa,495136,494992,144,data/processed/project_gutenberg_resolved_v1/nineteenth_century_bridge/part-0003.txt,45518972,46018786,494992,499814,e9132931453d59158fa2a5467a1edbb79f4bd91a5e959fdbfa3754e901835d4d
64551,Storia di Carlomagno vol. 1/2,"Capefigue, M. (Jean Baptiste Honoré Raymond)",initial_eligible_pool,Project Gutenberg,https://www.gutenberg.org/ebooks/64551,nineteenth_century_bridge,nineteenth_century_bridge,nineteenth_century_bridge,standard_italian,eligible_standard_core_pending_processed_build,preserve_boilerplate_stripped_primary_text,,eligible_pending_v7_and_mixture_freeze,text_materialized_pending_v7,data/local/gutenberg/fulltext_gate_v1/pg64551.txt,18a23ec68a43183a1fa57069a01c83e3d7ed27f6deca3c4ced0344a76b2a6059,ac2b5dcfba63c539bb18add1e12a4ed73a81e66ec49d5c5457aa4977dc7c1584,644950,644806,144,data/processed/project_gutenberg_resolved_v1/nineteenth_century_bridge/part-0003.txt,46018787,46669594,644806,650807,5090a2045734743afcf05ec13ad5bfbbf96f5ebddddb638c1bdd8ceb31673666
64552,Storia di Carlomagno vol. 2/2,"Capefigue, M. (Jean Baptiste Honoré Raymond)",initial_eligible_pool,Project Gutenberg,https://www.gutenberg.org/ebooks/64552,nineteenth_century_bridge,nineteenth_century_bridge,nineteenth_century_bridge,standard_italian,eligible_standard_core_pending_processed_build,preserve_boilerplate_stripped_primary_text,,eligible_pending_v7_and_mixture_freeze,text_materialized_pending_v7,data/local/gutenberg/fulltext_gate_v1/pg64552.txt,c141a6b680863481b231448a7a2667043e8e125687f3f207a07e08792a2fed69,b1bad644c06e59d7d32c073a5e9d7d13590b13a9e582467ad375cf8678ea8083,574393,574154,239,data/processed/project_gutenberg_resolved_v1/nineteenth_century_bridge/part-0003.txt,46669595,47248975,574154,579380,932235ae6620a4c1b82f71494357185d0afb70791aa57c12a33643c2cdeb129d
64605,"Storia degli Italiani, vol. 04 (di 15)","Cantù, Cesare",initial_eligible_pool,Project Gutenberg,https://www.gutenberg.org/ebooks/64605,nineteenth_century_bridge,nineteenth_century_bridge,nineteenth_century_bridge,standard_italian,eligible_standard_core_pending_processed_build,preserve_boilerplate_stripped_primary_text,,eligible_pending_v7_and_mixture_freeze,text_materialized_pending_v7,data/local/gutenberg/fulltext_gate_v1/pg64605.txt,e4d035c968fc8fd919000974e88e5e461b4098444df0d796ce9fb1e7afa4d420,acceb21da57d4dc0ef6c834a36a4acf2007d7fcc465cec928ab120b8b68f8375,828229,828015,214,data/processed/project_gutenberg_resolved_v1/nineteenth_century_bridge/part-0003.txt,47248976,48083609,828015,834633,4f44cedbf423e8e2d4758cf30eb491ec466e510f6825ad7548686994c49410b6
64736,Saper vivere: Norme di buona creanza,"Serao, Matilde",pass_1b_eligible_pool,Project Gutenberg,https://www.gutenberg.org/ebooks/64736,nineteenth_century_bridge,nineteenth_century_bridge,nineteenth_century_bridge,standard_italian,eligible_standard_core_pending_processed_build,preserve_boilerplate_stripped_primary_text,,eligible_pending_v7_and_mixture_freeze,text_materialized_pending_v7,data/local/gutenberg/metadata_review_v1/pg64736.txt,9c530fbb2a900f37da5a43081a26c199fbc5e86430aa3496679065384da73979,4ae07aaebc42c5d84892f39f0852ec01b94124783b441896c57ac453ec379fc8,252198,252054,144,data/processed/project_gutenberg_resolved_v1/nineteenth_century_bridge/part-0003.txt,48083610,48337935,252054,254325,d9752d6f53695d5d6472c0d0fd01aeb1e3f010e232c40103b131f48ee3465610
64766,Angiola Maria: Storia domestica,"Carcano, Giulio",initial_eligible_pool,Project Gutenberg,https://www.gutenberg.org/ebooks/64766,nineteenth_century_bridge,nineteenth_century_bridge,nineteenth_century_bridge,standard_italian,eligible_standard_core_pending_processed_build,preserve_boilerplate_stripped_primary_text,,eligible_pending_v7_and_mixture_freeze,text_materialized_pending_v7,data/local/gutenberg/fulltext_gate_v1/pg64766.txt,a130df7193b3e98a976a631c5b02858a3fe98bcb0538fd6779a0df673335c90f,3a225ddcc74ee84f9794f2c7a1a8c35994ea59c1c5f1206af7eb0346e76ed688,617178,617034,144,data/processed/project_gutenberg_resolved_v1/nineteenth_century_bridge/part-0003.txt,48337936,48961789,617034,623853,52dc6e9dd7e8afc8a2f95699545052b61f6d9f1d29dd5e101d465e7d9a1435bf
64810,Mio figlio!,"Farina, Salvatore",pass_1b_eligible_pool,Project Gutenberg,https://www.gutenberg.org/ebooks/64810,nineteenth_century_bridge,nineteenth_century_bridge,nineteenth_century_bridge,standard_italian,eligible_standard_core_pending_processed_build,preserve_boilerplate_stripped_primary_text,,eligible_pending_v7_and_mixture_freeze,text_materialized_pending_v7,data/local/gutenberg/metadata_review_v1/pg64810.txt,4cb0d7909ba281fe1ad3d004d22c1be0f96d77dd59738279bf0535ed6dd7488f,29dca272ff646fdb8a32384d9b17c6be3b0eea59e8999baaeb7b800b86542cc6,491481,491337,144,data/processed/project_gutenberg_resolved_v1/nineteenth_century_bridge/part-0003.txt,48961790,49462102,491337,500312,039450ef321059abcf26f64f590d5a0b31a2e7c0141135d96b2399f4e0d8e801
64885,Parassiti: Commedia in tre atti,"Antona-Traversi, Camillo",pass_1b_eligible_pool,Project Gutenberg,https://www.gutenberg.org/ebooks/64885,nineteenth_century_bridge,nineteenth_century_bridge,nineteenth_century_bridge,standard_italian,eligible_standard_core_pending_processed_build,preserve_boilerplate_stripped_primary_text,,eligible_pending_v7_and_mixture_freeze,text_materialized_pending_v7,data/local/gutenberg/metadata_review_v1/pg64885.txt,c611a97ffe717b7fb03ed05332f04794b641bdcd347a03d156df21229366598b,5e02df02c94e6e19237dcaba4fb976fcb8e0ba41bb86cc4bd9e922e007175ddc,297659,297515,144,data/processed/project_gutenberg_resolved_v1/nineteenth_century_bridge/part-0003.txt,49462103,49764130,297515,302027,e688a4d539e579983faee32c9d4df1b00d13836204a34990eed1e774d1b46a4e
64899,La donna e i suoi rapporti sociali,"Mozzoni, Anna Maria",pass_1b_eligible_pool,Project Gutenberg,https://www.gutenberg.org/ebooks/64899,nineteenth_century_bridge,nineteenth_century_bridge,nineteenth_century_bridge,standard_italian,eligible_standard_core_pending_processed_build,preserve_boilerplate_stripped_primary_text,,eligible_pending_v7_and_mixture_freeze,text_materialized_pending_v7,data/local/gutenberg/metadata_review_v1/pg64899.txt,c589f309bab94a12c472a4f105923f01ca7412a8660a3a92783ce341623b27c4,e387d39762ebe6f178c1f919bb90367d77dd7a5eee57f5e60b4e9655462e9981,406099,405872,227,data/processed/project_gutenberg_resolved_v1/nineteenth_century_bridge/part-0003.txt,49764131,50174119,405872,409988,233bb9a92cdbb247e431ea4e023b96ea38656e857d1004cc97872e0469fb1506
65006,"Storia degli Italiani, vol. 05 (di 15)","Cantù, Cesare",initial_eligible_pool,Project Gutenberg,https://www.gutenberg.org/ebooks/65006,nineteenth_century_bridge,nineteenth_century_bridge,nineteenth_century_bridge,standard_italian,eligible_standard_core_pending_processed_build,preserve_boilerplate_stripped_primary_text,,eligible_pending_v7_and_mixture_freeze,text_materialized_pending_v7,data/local/gutenberg/fulltext_gate_v1/pg65006.txt,5ddb34fc23d4945f73c8b14df54ede6ea61fd683e2ae128a860fce1586cb2875,b8a3dbf722b753b669954f9e91adaf12f86640f81c12d4c7b62ab58615032422,1093176,1092961,215,data/processed/project_gutenberg_resolved_v1/nineteenth_century_bridge/part-0003.txt,50174120,51275163,1092961,1101043,051d6965a15bdfea8a75d722ee9ba2977f146208fb930aaab72949cfac152aa7
65391,Il Conte di Monte-Cristo,"Dumas, Alexandre;Maquet, Auguste",initial_eligible_pool,Project Gutenberg,https://www.gutenberg.org/ebooks/65391,nineteenth_century_bridge,nineteenth_century_bridge,nineteenth_century_bridge,standard_italian,eligible_standard_core_pending_processed_build,preserve_boilerplate_stripped_primary_text,,eligible_pending_v7_and_mixture_freeze,text_materialized_pending_v7,data/local/gutenberg/fulltext_gate_v1/pg65391.txt,4641d82318f06cfecc53725f9aeab45d85360beacd0c2d38b5b6953a33a8f919,dc579583828c9111976efdb41c663d8a67c8841d843092a38958dfa855bb72ed,2681539,2681095,444,data/processed/project_gutenberg_resolved_v1/nineteenth_century_bridge/part-0003.txt,51275164,54028606,2681095,2753442,1cf7585fd8a41aa5e5291e1513edb34e74f33b22a7f401dee1007f575d18f512
65610,Il Lago di Como e il Pian d'Erba: Escursioni autunnali,"Curti, Pier Ambrogio",initial_eligible_pool,Project Gutenberg,https://www.gutenberg.org/ebooks/65610,nineteenth_century_bridge,nineteenth_century_bridge,nineteenth_century_bridge,standard_italian,eligible_standard_core_pending_processed_build,preserve_boilerplate_stripped_primary_text,,eligible_pending_v7_and_mixture_freeze,text_materialized_pending_v7,data/local/gutenberg/fulltext_gate_v1/pg65610.txt,02d85106fd7fb24626f08ed0c625dad5a93d0256fb00c410d02ebbed06720dbe,e17db124f5f83b124b5ee246e0e0ddf40f78aad75b8e5d4c70a4a4187de1dcbe,492417,492273,144,data/processed/project_gutenberg_resolved_v1/nineteenth_century_bridge/part-0003.txt,54028607,54532993,492273,504386,0a8c1e21044b60d8ff597cb1c9190cfe82f5d2b5a81606a7e493ec1dfb8e98cd
65680,Il castello di Trezzo: Novella storica,"Bazzoni, Giambattista",initial_eligible_pool,Project Gutenberg,https://www.gutenberg.org/ebooks/65680,nineteenth_century_bridge,nineteenth_century_bridge,nineteenth_century_bridge,standard_italian,eligible_standard_core_pending_processed_build,preserve_boilerplate_stripped_primary_text,,eligible_pending_v7_and_mixture_freeze,text_materialized_pending_v7,data/local/gutenberg/fulltext_gate_v1/pg65680.txt,989c449642629785549c8ea105073176b3e7ecb00ce112102e5eed6d6f69ab78,5f47ddb8db0386eb557e8d628d1143443d162691ab9aec19cf5e77d47c2495ea,389461,389317,144,data/processed/project_gutenberg_resolved_v1/nineteenth_century_bridge/part-0003.txt,54532994,54930234,389317,397240,9796527ef54e45108643e7dd300e8a8dda41545ad19dcc189f3f0db681eb9953
65736,Il giro del mondo in ottanta giorni,"Verne, Jules",pass_1b_eligible_pool,Project Gutenberg,https://www.gutenberg.org/ebooks/65736,nineteenth_century_bridge,nineteenth_century_bridge,nineteenth_century_bridge,standard_italian,eligible_standard_core_pending_processed_build,preserve_boilerplate_stripped_primary_text,,eligible_pending_v7_and_mixture_freeze,text_materialized_pending_v7,data/local/gutenberg/metadata_review_v1/pg65736.txt,e5964535baa3284622d7adedbb62aaef8ab371321e968920d695515f0fa1be8e,f9c52311ac8840b1ec358c7ac63e6c2d161567931bd7ac456bd3183a3c6a598b,426947,426803,144,data/processed/project_gutenberg_resolved_v1/nineteenth_century_bridge/part-0003.txt,54930235,55366564,426803,436329,667b81f02ed9b16a2b198fc4071e1aba0e08de4abcd074b3d07eb9dc562a6b9d
66347,"Storia degli Italiani, vol. 06 (di 15)","Cantù, Cesare",initial_eligible_pool,Project Gutenberg,https://www.gutenberg.org/ebooks/66347,nineteenth_century_bridge,nineteenth_century_bridge,nineteenth_century_bridge,standard_italian,eligible_standard_core_pending_processed_build,preserve_boilerplate_stripped_primary_text,,eligible_pending_v7_and_mixture_freeze,text_materialized_pending_v7,data/local/gutenberg/fulltext_gate_v1/pg66347.txt,f78d6ace1e48b55c5ee9bb61d3861e6fed59ae1044810c528fa3b901f173e774,6cf5c827422386195b3ed928accc70acdf8f59f261248d94f367e2fbfebd7e02,1057452,1057148,304,data/processed/project_gutenberg_resolved_v1/nineteenth_century_bridge/part-0003.txt,55366565,56442804,1057148,1076239,c8e264207e63c2cb7d48553cc6299f0699035660416640e99de9eaaacec983dd
66378,Viaggio al Capo Nord: fatto l'anno 1799 dal Sig. cavaliere Giuseppe Acerbi,"Acerbi, Giuseppe",initial_eligible_pool,Project Gutenberg,https://www.gutenberg.org/ebooks/66378,nineteenth_century_bridge,nineteenth_century_bridge,nineteenth_century_bridge,standard_italian,eligible_standard_core_pending_processed_build,preserve_boilerplate_stripped_primary_text,,eligible_pending_v7_and_mixture_freeze,text_materialized_pending_v7,data/local/gutenberg/fulltext_gate_v1/pg66378.txt,3d191bd96439296d6a4f3f3ac82f041dd36bad02f3c341202cf6ca556089cdb7,63a7acbd4fd22bcefe508161c4fdfd6c2be0c03b3cb347d15f6edcca8b67eeb7,369259,369115,144,data/processed/project_gutenberg_resolved_v1/nineteenth_century_bridge/part-0003.txt,56442805,56818375,369115,375570,0eb4f665eb832828dd14b4a0d1358896b79c6c11f338b2a35642b20d25836d39
66537,Del governo della peste e della maniera di guardarsene,"Muratori, Lodovico Antonio",initial_eligible_pool,Project Gutenberg,https://www.gutenberg.org/ebooks/66537,origins_through_1800,historical_general,historical_general,standard_italian,eligible_standard_core_pending_processed_build,preserve_boilerplate_stripped_primary_text,,eligible_pending_v7_and_mixture_freeze,text_materialized_pending_v7,data/local/gutenberg/fulltext_gate_v1/pg66537.txt,195ef4b3171a4ea512ea95c21658361597159f38da674e7e5f3747ccefaa00e4,1206ca1e98f0985e573db97e375ccf41a6583cec01f4fab57254c1dafead92bd,744658,744514,144,data/processed/project_gutenberg_resolved_v1/historical_general/part-0001.txt,49388403,50147510,744514,759107,28c0837abfb5a31fbdebfd63901d200b3f5cd5fbadd413e0d832ac2175f7d3c8
67295,Storia della Repubblica di Firenze v. 1/3,"Capponi, Gino",initial_eligible_pool,Project Gutenberg,https://www.gutenberg.org/ebooks/67295,nineteenth_century_bridge,nineteenth_century_bridge,nineteenth_century_bridge,standard_italian,eligible_standard_core_pending_processed_build,preserve_boilerplate_stripped_primary_text,,eligible_pending_v7_and_mixture_freeze,text_materialized_pending_v7,data/local/gutenberg/fulltext_gate_v1/pg67295.txt,93f8f38eda75ed6c70bc73f3a5ddd48744c0c95d266f69c1aa215727cc1fb8a2,8cfaa14f7a175af7af3f246162dbd75056232fd7770bad288cba73bec5680833,915632,915488,144,data/processed/project_gutenberg_resolved_v1/nineteenth_century_bridge/part-0003.txt,56818376,57749456,915488,931080,f5d81eaf7e2218788f920b0878580c3515c7872544b05d01e157523a38011640
67296,Storia della Repubblica di Firenze v. 2/3,"Capponi, Gino",initial_eligible_pool,Project Gutenberg,https://www.gutenberg.org/ebooks/67296,nineteenth_century_bridge,nineteenth_century_bridge,nineteenth_century_bridge,standard_italian,eligible_standard_core_pending_processed_build,preserve_boilerplate_stripped_primary_text,,eligible_pending_v7_and_mixture_freeze,text_materialized_pending_v7,data/local/gutenberg/fulltext_gate_v1/pg67296.txt,aeb3b7029c41fbbbde7d58e54bc634a528ef406ed0e4743789bc286d9e7f9005,670182112fa21e061a09197967ee587f399dfeb77b97030c3e49b9e76ea93e6a,1235585,1235441,144,data/processed/project_gutenberg_resolved_v1/nineteenth_century_bridge/part-0003.txt,57749457,59005394,1235441,1255937,6b1993bc36621f0df2708716fd70a72568f57ccab28a5e2b63cf13df7283ff6a
67297,Storia della Repubblica di Firenze v. 3/3,"Capponi, Gino",initial_eligible_pool,Project Gutenberg,https://www.gutenberg.org/ebooks/67297,nineteenth_century_bridge,nineteenth_century_bridge,nineteenth_century_bridge,standard_italian,eligible_standard_core_pending_processed_build,preserve_boilerplate_stripped_primary_text,,eligible_pending_v7_and_mixture_freeze,text_materialized_pending_v7,data/local/gutenberg/fulltext_gate_v1/pg67297.txt,8c2987ced2bb6f68508ed9c31fc17a23a623367aab17922fc493e634fc3fb6b5,03ab4f56d8a7a0eb073335ec9f538d9f1f3f6c06a828667aba16592050233d8f,1044936,1044792,144,data/processed/project_gutenberg_resolved_v1/nineteenth_century_bridge/part-0003.txt,59005395,60066396,1044792,1061001,3299c87bbf9a5e05e4774419cec7d4c95be983571d4abeb3eff6ce2f16d283f4
67846,Venti anni dopo,"Dumas, Alexandre;Maquet, Auguste",initial_eligible_pool,Project Gutenberg,https://www.gutenberg.org/ebooks/67846,nineteenth_century_bridge,nineteenth_century_bridge,nineteenth_century_bridge,standard_italian,eligible_standard_core_pending_processed_build,preserve_boilerplate_stripped_primary_text,,eligible_pending_v7_and_mixture_freeze,text_materialized_pending_v7,data/local/gutenberg/fulltext_gate_v1/pg67846.txt,c40d4c6bdde3e17d6bf580f4fba6ab574908ab6875f8a803d25a69229718a61e,b3824a2793755a2eccef279f705a8fecbb7d60c6ed6183faa426aa213779e3e2,1547023,1546879,144,data/processed/project_gutenberg_resolved_v1/nineteenth_century_bridge/part-0003.txt,60066397,61654054,1546879,1587657,8d5df1cd4f2e63f38809f0d4f7069c5eac3c51d0ed183bf9bb4a78ce20e4f8f7
67931,Frammenti letterari e filosofici,"Leonardo, da Vinci",initial_eligible_pool,Project Gutenberg,https://www.gutenberg.org/ebooks/67931,origins_through_1800,historical_general,historical_general,standard_italian,eligible_standard_core_pending_processed_build,preserve_boilerplate_stripped_primary_text,,eligible_pending_v7_and_mixture_freeze,text_materialized_pending_v7,data/local/gutenberg/fulltext_gate_v1/pg67931.txt,30de9a588a9498ccb0c16c21c91dee4f18eb034bdc07adb8fdbcfa43b5399a73,7ecbc2df718aac3a671a632387bdbf734e4ae09ebdf449586fe1b6e217760cd2,480974,480755,219,data/processed/project_gutenberg_resolved_v1/historical_general/part-0001.txt,50147511,50642521,480755,495010,8197f36b0ae8ef576bd0aa7c71eeef37323c61ea6786fbd174aa5a06c36ef77d
68090,Il tulipano nero,"Dumas, Alexandre;Maquet, Auguste",initial_eligible_pool,Project Gutenberg,https://www.gutenberg.org/ebooks/68090,nineteenth_century_bridge,nineteenth_century_bridge,nineteenth_century_bridge,standard_italian,eligible_standard_core_pending_processed_build,preserve_boilerplate_stripped_primary_text,,eligible_pending_v7_and_mixture_freeze,text_materialized_pending_v7,data/local/gutenberg/fulltext_gate_v1/pg68090.txt,fcd451f450a40f35c8c3aec51cf86964e8925084a23fb48c312b792ae30d8543,9a24964f1b31d72e78fc5fdf78e314f7ad8c96a6634e985f8f509b1bf60415ea,421587,421377,210,data/processed/project_gutenberg_resolved_v1/nineteenth_century_bridge/part-0003.txt,61654055,62085376,421377,431321,c77a6dbaa3e8ca5bbc2a38288bfa6c113e2028cfa8f9b9a61f4793952bfc4945
69176,Cenno storico sull'antichissima città di Ruvo nella Peucezia,"Jatta, Giovanni",initial_eligible_pool,Project Gutenberg,https://www.gutenberg.org/ebooks/69176,nineteenth_century_bridge,nineteenth_century_bridge,nineteenth_century_bridge,standard_italian,eligible_standard_core_pending_processed_build,preserve_boilerplate_stripped_primary_text,,eligible_pending_v7_and_mixture_freeze,text_materialized_pending_v7,data/local/gutenberg/fulltext_gate_v1/pg69176.txt,c3063ea13d61cac963f7a53f9fce359c9b481c03e0f5f815d8629f1884a04242,aa523abc9fd3a80a3dc2c00cbcfd324f2378ea166783fe98c771df3456303c6c,873660,873103,557,data/processed/project_gutenberg_resolved_v1/nineteenth_century_bridge/part-0003.txt,62085377,62974703,873103,889326,4029ba7e4d4ea071c290e683cb0c4bd66fdd08753d597488df43ec282af31223
69247,"Storia degli Italiani, vol. 07 (di 15)","Cantù, Cesare",initial_eligible_pool,Project Gutenberg,https://www.gutenberg.org/ebooks/69247,nineteenth_century_bridge,nineteenth_century_bridge,nineteenth_century_bridge,standard_italian,eligible_standard_core_pending_processed_build,preserve_boilerplate_stripped_primary_text,,eligible_pending_v7_and_mixture_freeze,text_materialized_pending_v7,data/local/gutenberg/fulltext_gate_v1/pg69247.txt,417a1f335460f9429832b55c7cba16076a77b9d1f71f9d60e63b7d34384d6bb9,87b95f6f744a3f93e41854ad060a10bcb77c7418e45d5e5fa34b098403d47c34,1132857,1132625,232,data/processed/project_gutenberg_resolved_v1/nineteenth_century_bridge/part-0003.txt,62974704,64128530,1132625,1153826,70a93a9f6a7a78a2af29f089da0f492b8b9133a0996aa9c0034000928abed474
69981,"Storia degli Italiani, vol. 08 (di 15)","Cantù, Cesare",initial_eligible_pool,Project Gutenberg,https://www.gutenberg.org/ebooks/69981,nineteenth_century_bridge,nineteenth_century_bridge,nineteenth_century_bridge,standard_italian,eligible_standard_core_pending_processed_build,preserve_boilerplate_stripped_primary_text,,eligible_pending_v7_and_mixture_freeze,text_materialized_pending_v7,data/local/gutenberg/fulltext_gate_v1/pg69981.txt,8a6093ab2d8dc840dfaeeeb50dd031710431d14059c0561c7f1f0f283d70e220,97a4181a87f953c60e2ae78370a20712cd524b0aca3400f60d0053f09cc87375,1135384,1135152,232,data/processed/project_gutenberg_resolved_v1/nineteenth_century_bridge/part-0003.txt,64128531,65285074,1135152,1156543,2ffc0ac920b341c4ce3137c7ca1482468f7d739793eb69f1e488e88681b6c2ea
70127,Federico Lennois : $b romanzo,"Mastriani, Francesco",initial_eligible_pool,Project Gutenberg,https://www.gutenberg.org/ebooks/70127,nineteenth_century_bridge,nineteenth_century_bridge,nineteenth_century_bridge,standard_italian,eligible_standard_core_pending_processed_build,preserve_boilerplate_stripped_primary_text,,eligible_pending_v7_and_mixture_freeze,text_materialized_pending_v7,data/local/gutenberg/fulltext_gate_v1/pg70127.txt,ca94d56dbe59a85017486ce2890f6e54c6f0d8a1e1c0f49433c47f3965df73d1,c7bbedf901777fa316032b1c654476f4cf5e651afbcfa5a0c593aa7cacce8a54,543936,543724,212,data/processed/project_gutenberg_resolved_v1/nineteenth_century_bridge/part-0003.txt,65285075,65838617,543724,553542,43dfa3967a5ee5a85883f2aad519ba151582f13c2d5b969ee8ffa430f428b9ac
70208,La vendetta di Zoe : $b Aristocrazia I,"Bersezio, Vittorio",initial_eligible_pool,Project Gutenberg,https://www.gutenberg.org/ebooks/70208,nineteenth_century_bridge,nineteenth_century_bridge,nineteenth_century_bridge,standard_italian,eligible_standard_core_pending_processed_build,preserve_boilerplate_stripped_primary_text,,eligible_pending_v7_and_mixture_freeze,text_materialized_pending_v7,data/local/gutenberg/fulltext_gate_v1/pg70208.txt,4f3b7197e00a50135dd7b3581cc84dd3773e380f87483de9715fd45edcac0ca6,203801968b4f8e4f6f9e2268be12cf94d2460f193cc41ef27ec52c4c63d2773e,683033,682889,144,data/processed/project_gutenberg_resolved_v1/nineteenth_century_bridge/part-0003.txt,65838618,66541119,682889,702501,14c5823b4e08fea843720fd9dd4f0631cc59edbdaa9b8b3f5810a2c5ac6b3cab
70335,La peste di Milano del 1630,"Ripamonti, Giuseppe",initial_eligible_pool,Project Gutenberg,https://www.gutenberg.org/ebooks/70335,origins_through_1800,historical_general,historical_general,standard_italian,eligible_standard_core_pending_processed_build,preserve_boilerplate_stripped_primary_text,,eligible_pending_v7_and_mixture_freeze,text_materialized_pending_v7,data/local/gutenberg/fulltext_gate_v1/pg70335.txt,d6b1e8e9ba2f6e61af3f4a7edcd45e74df5791edf66acaa9fe4d99d2f1b79ed3,4cd55e618a725495fc9515d6f6b6cfbc2e138d61d13004bb7e35058cc3ab85ec,671142,670998,144,data/processed/project_gutenberg_resolved_v1/historical_general/part-0001.txt,50642522,51325363,670998,682841,b92ca16102d543befe67d06447f05e0544600f815776a9365ae98eb299c1206e
70376,Il segreto di Matteo Arpione : $b Aristocrazia II,"Bersezio, Vittorio",initial_eligible_pool,Project Gutenberg,https://www.gutenberg.org/ebooks/70376,nineteenth_century_bridge,nineteenth_century_bridge,nineteenth_century_bridge,standard_italian,eligible_standard_core_pending_processed_build,preserve_boilerplate_stripped_primary_text,,eligible_pending_v7_and_mixture_freeze,text_materialized_pending_v7,data/local/gutenberg/fulltext_gate_v1/pg70376.txt,2f3152d4b195d0f52c2a4962294c026854d52ac68909ee60b1852fb0602f1fd7,3c9d9cc66e52fe8b43a9825b2407f425791f212eb35ed438b9f4e01da044d4c2,481008,480864,144,data/processed/project_gutenberg_resolved_v1/nineteenth_century_bridge/part-0003.txt,66541120,67035079,480864,493959,6f1c9ede880b81f37419741a4d6204372fb843d7d00d064b2af83db65fbcbe50
70722,"Storia degli Italiani, vol. 09 (di 15)","Cantù, Cesare",initial_eligible_pool,Project Gutenberg,https://www.gutenberg.org/ebooks/70722,nineteenth_century_bridge,nineteenth_century_bridge,nineteenth_century_bridge,standard_italian,eligible_standard_core_pending_processed_build,preserve_boilerplate_stripped_primary_text,,eligible_pending_v7_and_mixture_freeze,text_materialized_pending_v7,data/local/gutenberg/fulltext_gate_v1/pg70722.txt,c371dd54cfedacf2946a458a477e8cc42d0a336971bc12aaab29fa7fc4c76f1c,0d5cd0cfb3854cd168ea3f27f491660e250f7452600e8b6687d852aaf1eabe67,1091286,1091142,144,data/processed/project_gutenberg_resolved_v1/nineteenth_century_bridge/part-0004.txt,0,1112733,1091142,1112733,563500d229c8f819f73a1e3ccf57169a8db021090972ea91364fb21f8859a4c9
70898,"Storia degli Italiani, vol. 10 (di 15)","Cantù, Cesare",initial_eligible_pool,Project Gutenberg,https://www.gutenberg.org/ebooks/70898,nineteenth_century_bridge,nineteenth_century_bridge,nineteenth_century_bridge,standard_italian,eligible_standard_core_pending_processed_build,preserve_boilerplate_stripped_primary_text,,eligible_pending_v7_and_mixture_freeze,text_materialized_pending_v7,data/local/gutenberg/fulltext_gate_v1/pg70898.txt,3769714d9bceed5852aea7b88bc5b485c297e25fdd0878c1252b807501b30a31,c9ec43fa388a97ddd2f8adc8a957dcd9dfe062ca5251e48c9197aed17672854a,1130846,1130702,144,data/processed/project_gutenberg_resolved_v1/nineteenth_century_bridge/part-0004.txt,1112734,2266303,1130702,1153569,18d595226cc22e880151e4ac7690690cdae0e875fb8c51584aabf374f9708a8f
70925,Candaule,"Sacchetti, Roberto",initial_eligible_pool,Project Gutenberg,https://www.gutenberg.org/ebooks/70925,nineteenth_century_bridge,nineteenth_century_bridge,nineteenth_century_bridge,standard_italian,eligible_standard_core_pending_processed_build,preserve_boilerplate_stripped_primary_text,,eligible_pending_v7_and_mixture_freeze,text_materialized_pending_v7,data/local/gutenberg/fulltext_gate_v1/pg70925.txt,d72f4b0a99bcc53040ec16a335e89944221988f73e0b2284f3dc3389e23e599f,ac4ed74095c5487d088909da135905378c990a8360f96eba1a9b9c0483d4d01d,322857,322713,144,data/processed/project_gutenberg_resolved_v1/nineteenth_century_bridge/part-0004.txt,2266304,2597631,322713,331327,7cca417d2d92503d886875fddf4a8bcce062fb4f9acbeb347beeeead724982ec
71115,"Storia degli Italiani, vol. 11 (di 15)","Cantù, Cesare",initial_eligible_pool,Project Gutenberg,https://www.gutenberg.org/ebooks/71115,nineteenth_century_bridge,nineteenth_century_bridge,nineteenth_century_bridge,standard_italian,eligible_standard_core_pending_processed_build,preserve_boilerplate_stripped_primary_text,,eligible_pending_v7_and_mixture_freeze,text_materialized_pending_v7,data/local/gutenberg/fulltext_gate_v1/pg71115.txt,0138247c7cef4363bcb8bde7e1109c523590cf9ff058c21c840ceb03cbd5d7be,dfb7f98ff5cb2bd748bf18af36e23693de0c2d4f7d0aa8e956d5b50fcf633feb,1199344,1199200,144,data/processed/project_gutenberg_resolved_v1/nineteenth_century_bridge/part-0004.txt,2597632,3820612,1199200,1222980,ba9cf479cfd87abc80c5ef584c2e7d843990f46d666d12735dc1217aebc5df7a
71290,"Storia degli Italiani, vol. 12 (di 15)","Cantù, Cesare",initial_eligible_pool,Project Gutenberg,https://www.gutenberg.org/ebooks/71290,nineteenth_century_bridge,nineteenth_century_bridge,nineteenth_century_bridge,standard_italian,eligible_standard_core_pending_processed_build,preserve_boilerplate_stripped_primary_text,,eligible_pending_v7_and_mixture_freeze,text_materialized_pending_v7,data/local/gutenberg/fulltext_gate_v1/pg71290.txt,180f048a7ce4c23a60638fd5cbe8e3fe3642947298ce5b5842d4d5d6be3d77e4,1d094046845cfb258b2db1b009d8763936c4489fb997625bad08e899ba92c2a4,1211448,1211304,144,data/processed/project_gutenberg_resolved_v1/nineteenth_century_bridge/part-0004.txt,3820613,5057094,1211304,1236481,22e5375a10253e559fb256cd1c5df142349307cbca60661362302b9315f9f30a
71295,Le lotte di classe in Francia dal 1848 al 1850,"Marx, Karl",initial_eligible_pool,Project Gutenberg,https://www.gutenberg.org/ebooks/71295,nineteenth_century_bridge,nineteenth_century_bridge,nineteenth_century_bridge,standard_italian,eligible_standard_core_pending_processed_build,preserve_boilerplate_stripped_primary_text,,eligible_pending_v7_and_mixture_freeze,text_materialized_pending_v7,data/local/gutenberg/fulltext_gate_v1/pg71295.txt,500f79724cbdcfaabc9b2b63bb7420988a4eeefd7297733f2228e61e02c83a7f,5bac6e24b63169b0869b84a84bd8cbc3c9b735756fc5f87305891ab903feea9a,306191,306047,144,data/processed/project_gutenberg_resolved_v1/nineteenth_century_bridge/part-0004.txt,5057095,5369356,306047,312261,6223851b8e1f0646525cb70e4f8e4894ec0409417e24ef44b9b40f339d480429
71320,Tenda e castello,"Sacchetti, Roberto",initial_eligible_pool,Project Gutenberg,https://www.gutenberg.org/ebooks/71320,nineteenth_century_bridge,nineteenth_century_bridge,nineteenth_century_bridge,standard_italian,eligible_standard_core_pending_processed_build,preserve_boilerplate_stripped_primary_text,,eligible_pending_v7_and_mixture_freeze,text_materialized_pending_v7,data/local/gutenberg/fulltext_gate_v1/pg71320.txt,e941ec91b3c82ab3a3eb00606400038dd5cf00eb3655735656d8b85801d25994,9e7de1c17869c1363c7a4367b619e6fe9390ea245b079b9be6395f0161593dd5,286193,285963,230,data/processed/project_gutenberg_resolved_v1/nineteenth_century_bridge/part-0004.txt,5369357,5662963,285963,293606,5696f5d3433f7de75e846759f503562617db8bf8045d350c97fa6ea97b12f3db
71399,Racconti popolari,"Thouar, Pietro",initial_eligible_pool,Project Gutenberg,https://www.gutenberg.org/ebooks/71399,nineteenth_century_bridge,nineteenth_century_bridge,nineteenth_century_bridge,standard_italian,eligible_standard_core_pending_processed_build,preserve_boilerplate_stripped_primary_text,,eligible_pending_v7_and_mixture_freeze,text_materialized_pending_v7,data/local/gutenberg/fulltext_gate_v1/pg71399.txt,ccbe499b6ea5a4bcfce7fef585eb9ffa61e6c955e8da33fb31c31e47c5dac35e,048891d20fa882e7686d0d202bfc2347a7f3aebaed46580995e6e428f2e83ba1,633786,633642,144,data/processed/project_gutenberg_resolved_v1/nineteenth_century_bridge/part-0004.txt,5662964,6314252,633642,651288,970bcb1c8c2d04d81e0f4b11e187b767cf66e5930b584cef7821b736116e4b41
71403,"Lodovico il Moro : $b o Condizioni, usi, costumi, singolarità e memorabili avvenimenti di Milano sulla fine del secolo XV. Romanzo storico","Campiglio, Giovanni",initial_eligible_pool,Project Gutenberg,https://www.gutenberg.org/ebooks/71403,nineteenth_century_bridge,nineteenth_century_bridge,nineteenth_century_bridge,standard_italian,eligible_standard_core_pending_processed_build,preserve_boilerplate_stripped_primary_text,,eligible_pending_v7_and_mixture_freeze,text_materialized_pending_v7,data/local/gutenberg/fulltext_gate_v1/pg71403.txt,7550bad88965eaa9e22aa5035a91235100e72cbbf17297ca164bcf9e18c70dce,57eaac299f6db3974b109c9eb145682990dd8f0cec638117d0363ccce927140b,288740,288596,144,data/processed/project_gutenberg_resolved_v1/nineteenth_century_bridge/part-0004.txt,6314253,6607975,288596,293722,e7bc7f66dfa1cb4e5e5e03f1510815e4e34cb804c99adcd3651d3aa902f75062
71554,"Storia degli Italiani, vol. 13 (di 15)","Cantù, Cesare",initial_eligible_pool,Project Gutenberg,https://www.gutenberg.org/ebooks/71554,nineteenth_century_bridge,nineteenth_century_bridge,nineteenth_century_bridge,standard_italian,eligible_standard_core_pending_processed_build,preserve_boilerplate_stripped_primary_text,,eligible_pending_v7_and_mixture_freeze,text_materialized_pending_v7,data/local/gutenberg/fulltext_gate_v1/pg71554.txt,21aae351e9cbfe8b871c165578fd9002647f36e2f9d43481498944d42b951c6a,f894c400863ce89f8974aae76a7e947fa70462d2dc26f9ab303d431f3188f9aa,1141087,1140943,144,data/processed/project_gutenberg_resolved_v1/nineteenth_century_bridge/part-0004.txt,6607976,7772951,1140943,1164975,8b324e7aaa094ab0c11ab37ac063b31fc4a5b7d257b9c54bb1947ceb29b6483b
72321,"Pompei e le sue rovine, Vol. 1 (of 3)","Curti, Pier Ambrogio",initial_eligible_pool,Project Gutenberg,https://www.gutenberg.org/ebooks/72321,nineteenth_century_bridge,nineteenth_century_bridge,nineteenth_century_bridge,standard_italian,eligible_standard_core_pending_processed_build,preserve_boilerplate_stripped_primary_text,,eligible_pending_v7_and_mixture_freeze,text_materialized_pending_v7,data/local/gutenberg/fulltext_gate_v1/pg72321.txt,2e7936502a5d69414af0891196eb916972e263305e2ee38bd7f0b686b1aaab85,ea60b2f0b4ad802854a270ac18cee55ee5bb443b681156d0d2756171c52baa2d,549308,549095,213,data/processed/project_gutenberg_resolved_v1/nineteenth_century_bridge/part-0004.txt,7772952,8333279,549095,560327,ce9a606178b4b7f64cba98a135733dbacad129c5603d8cca3ccdd7bb4279c238
72322,"Pompei e le sue rovine, Vol. 2 (of 3)","Curti, Pier Ambrogio",initial_eligible_pool,Project Gutenberg,https://www.gutenberg.org/ebooks/72322,nineteenth_century_bridge,nineteenth_century_bridge,nineteenth_century_bridge,standard_italian,eligible_standard_core_pending_processed_build,preserve_boilerplate_stripped_primary_text,,eligible_pending_v7_and_mixture_freeze,text_materialized_pending_v7,data/local/gutenberg/fulltext_gate_v1/pg72322.txt,2e1777c7464d0c152c31b33aa15750c362ec11d5e578fd5296186e2af9283a15,dcc59b26c18e0184cc539e2483ee8c9c3faaa090bd19c3110271c83bf62b0338,582723,582579,144,data/processed/project_gutenberg_resolved_v1/nineteenth_century_bridge/part-0004.txt,8333280,8928294,582579,595014,f45e9639c6d848d12801f809eb3a25cd9cbdf2ecd0d6ce5b8ffbf28d70050def
72323,"Pompei e le sue rovine, Vol. 3 (of 3)","Curti, Pier Ambrogio",initial_eligible_pool,Project Gutenberg,https://www.gutenberg.org/ebooks/72323,nineteenth_century_bridge,nineteenth_century_bridge,nineteenth_century_bridge,standard_italian,eligible_standard_core_pending_processed_build,preserve_boilerplate_stripped_primary_text,,eligible_pending_v7_and_mixture_freeze,text_materialized_pending_v7,data/local/gutenberg/fulltext_gate_v1/pg72323.txt,0173d3b9d8971460cc44677c123488c95eb7230634b78ec39377c123d7678986,7d36cb10e1ad38b6d5db807693fcc9bcae2109753bc45d544d2718f2e3236d54,609462,608715,747,data/processed/project_gutenberg_resolved_v1/nineteenth_century_bridge/part-0004.txt,8928295,9551034,608716,622739,ca2241fa7fc291515386ecf3aff32bee83437f5fffd2e1d4930403f141a147db
72382,Racconti storici,"Bazzoni, Giambattista",initial_eligible_pool,Project Gutenberg,https://www.gutenberg.org/ebooks/72382,nineteenth_century_bridge,nineteenth_century_bridge,nineteenth_century_bridge,standard_italian,eligible_standard_core_pending_processed_build,preserve_boilerplate_stripped_primary_text,,eligible_pending_v7_and_mixture_freeze,text_materialized_pending_v7,data/local/gutenberg/fulltext_gate_v1/pg72382.txt,836fb7f78070e63de33bbcd8bdc60832ccfc1f2023ef35d9b9670071ee3c364e,abe618ea0ccd6f1870e172e88936396c23ff56a6f7daf1c140534ddc0b0d6d8a,263843,263699,144,data/processed/project_gutenberg_resolved_v1/nineteenth_century_bridge/part-0004.txt,9551035,9820804,263699,269769,197378d6138da9c650bc0efeac7a9face0dcb3a6ef9fbdcd1087da226b6daecb
72470,Racconti storici - Nuovo volume,"Bazzoni, Giambattista",initial_eligible_pool,Project Gutenberg,https://www.gutenberg.org/ebooks/72470,nineteenth_century_bridge,nineteenth_century_bridge,nineteenth_century_bridge,standard_italian,eligible_standard_core_pending_processed_build,preserve_boilerplate_stripped_primary_text,,eligible_pending_v7_and_mixture_freeze,text_materialized_pending_v7,data/local/gutenberg/fulltext_gate_v1/pg72470.txt,cfd0230e0599f1ab0dde57c31b50fe36eb4901185038d2c619129bfaaf8e2a75,08ed94bcb353221fc54e021e9cf059af5adfb2ae8a6a6551fb636e53c03eef46,210593,210449,144,data/processed/project_gutenberg_resolved_v1/nineteenth_century_bridge/part-0004.txt,9820805,10036193,210449,215388,3affe55176920e64e48d6d6da3d54ccd3e8f162daac05868edb3c8964690537e
72866,"Storia degli Italiani, vol. 14 (di 15)","Cantù, Cesare",initial_eligible_pool,Project Gutenberg,https://www.gutenberg.org/ebooks/72866,nineteenth_century_bridge,nineteenth_century_bridge,nineteenth_century_bridge,standard_italian,eligible_standard_core_pending_processed_build,preserve_boilerplate_stripped_primary_text,,eligible_pending_v7_and_mixture_freeze,text_materialized_pending_v7,data/local/gutenberg/fulltext_gate_v1/pg72866.txt,01558186aec1c5896a6d11e01d2da4541976e86006aa9f168b2600704953c48a,28942715a98e3aa6a5ee56ad0d935c3f6d2119b9ce23399fe2d8466f54e5cad7,826839,826695,144,data/processed/project_gutenberg_resolved_v1/nineteenth_century_bridge/part-0004.txt,10036194,10879210,826695,843016,c5b00a8ba88001db5ddf1028cdd809e05205f41116e0a7f559e70faa6efe259d
73194,"Il palazzo del diavolo, vol. 1/2 : $b Leggenda mantovana","Barbieri, Ulisse",initial_eligible_pool,Project Gutenberg,https://www.gutenberg.org/ebooks/73194,nineteenth_century_bridge,nineteenth_century_bridge,nineteenth_century_bridge,standard_italian,eligible_standard_core_pending_processed_build,preserve_boilerplate_stripped_primary_text,,eligible_pending_v7_and_mixture_freeze,text_materialized_pending_v7,data/local/gutenberg/fulltext_gate_v1/pg73194.txt,71d9f67e6ceeb111a3dd730f6d8d60d2b39bebb28c50b6c6403af6a5766e23e0,8de0d6a03e22e6e33e0f42e234075f9557dc096f5ddec4103b6eadd91125d3f8,189355,189211,144,data/processed/project_gutenberg_resolved_v1/nineteenth_century_bridge/part-0004.txt,10879211,11072654,189211,193443,618e3b88792e47504515377c09a3d509a23fb5cce5b6e83f6312d512eae09dba
73195,"Il palazzo del diavolo, vol. 2/2 : $b Leggenda mantovana","Barbieri, Ulisse",initial_eligible_pool,Project Gutenberg,https://www.gutenberg.org/ebooks/73195,nineteenth_century_bridge,nineteenth_century_bridge,nineteenth_century_bridge,standard_italian,eligible_standard_core_pending_processed_build,preserve_boilerplate_stripped_primary_text,,eligible_pending_v7_and_mixture_freeze,text_materialized_pending_v7,data/local/gutenberg/fulltext_gate_v1/pg73195.txt,7189e0e994ea1cccf53a3d9b71f6200d51ca5ca9eac05ae9f80d74944aa4f828,cd61979af4749d03016ffb2e3112d82c002135e20d4d5a4a5d7ac97e23435663,207034,206890,144,data/processed/project_gutenberg_resolved_v1/nineteenth_century_bridge/part-0004.txt,11072655,11284185,206890,211530,b1d6969e3332d4b7c437a7b3d504839ca8c754444c4768e1a6704ca56c8900bb
73485,"Storia degli Italiani, vol. 15 (di 15)","Cantù, Cesare",initial_eligible_pool,Project Gutenberg,https://www.gutenberg.org/ebooks/73485,nineteenth_century_bridge,nineteenth_century_bridge,nineteenth_century_bridge,standard_italian,eligible_standard_core_pending_processed_build,preserve_boilerplate_stripped_primary_text,,eligible_pending_v7_and_mixture_freeze,text_materialized_pending_v7,data/local/gutenberg/fulltext_gate_v1/pg73485.txt,34e57d58febfd98babb80b6609a65408dae729c45b29bab12ebaf4ba98ee544e,bfb0104f2cc668b3300ac8dee3fc75b39ffa4786a76cb1862de586696f5d62d3,689301,688980,321,data/processed/project_gutenberg_resolved_v1/nineteenth_century_bridge/part-0004.txt,11284186,11987095,688980,702909,3e0e76764f17777195e43989ebc2106f6e31b77be8c98de2989f3612ea7f41e8
73733,Virtù e delitto : $b O la famiglia del masnadiero: novella storica del secolo XVI,"Barbieri, Gaetano",initial_eligible_pool,Project Gutenberg,https://www.gutenberg.org/ebooks/73733,nineteenth_century_bridge,nineteenth_century_bridge,nineteenth_century_bridge,standard_italian,eligible_standard_core_pending_processed_build,preserve_boilerplate_stripped_primary_text,,eligible_pending_v7_and_mixture_freeze,text_materialized_pending_v7,data/local/gutenberg/fulltext_gate_v1/pg73733.txt,cebacb34fc4f275c9debdc061e92e97ec5a51033c81bf4373addffab165465a6,80755a37f9b7b578495501ba964311cbbdab1141f10f9e509506a07a8cb84328,132195,131881,314,data/processed/project_gutenberg_resolved_v1/nineteenth_century_bridge/part-0004.txt,11987096,12122726,131881,135630,305afbb31eca66115553689a36e904b778c8c99276a135f6eefae07977d269bb
74414,Medaglioni,"Nencioni, Enrico",initial_eligible_pool,Project Gutenberg,https://www.gutenberg.org/ebooks/74414,nineteenth_century_bridge,nineteenth_century_bridge,nineteenth_century_bridge,standard_italian,eligible_standard_core_pending_processed_build,preserve_boilerplate_stripped_primary_text,,eligible_pending_v7_and_mixture_freeze,text_materialized_pending_v7,data/local/gutenberg/fulltext_gate_v1/pg74414.txt,b0bd52c6709c6d6d2e01dfc7082a8654893b1d04ec753dcbf8b536621ff7b9d3,228efa45b246172e91eacc4fbfd2719914d2c285e418e6bfc6eb5207fb72e6e4,153049,152905,144,data/processed/project_gutenberg_resolved_v1/nineteenth_century_bridge/part-0004.txt,12122727,12278674,152905,155947,f42df025ebb4676c429a50e8286fc673d1434d2b295fc22b313b3ae9754f4e57
75122,"Garibaldi, Vol. 1 (of 2) : $b (1807-1859)","Guerzoni, Giuseppe",initial_eligible_pool,Project Gutenberg,https://www.gutenberg.org/ebooks/75122,nineteenth_century_bridge,nineteenth_century_bridge,nineteenth_century_bridge,standard_italian,eligible_standard_core_pending_processed_build,preserve_boilerplate_stripped_primary_text,,eligible_pending_v7_and_mixture_freeze,text_materialized_pending_v7,data/local/gutenberg/fulltext_gate_v1/pg75122.txt,60b18db4ce502a1148ac5632ac307e5e65955641e06ec25c515515acc4213f10,f1acfd1c5f980fde0094b8e60aa39a1c8b4cb4448c6527ba0a3604a76b8ee8e2,953172,952943,229,data/processed/project_gutenberg_resolved_v1/nineteenth_century_bridge/part-0004.txt,12278675,13250281,952943,971606,78b1936ec7cb2b5021c21fb2396d724c0f179adccfa46acaf4ad3e052fa1c3e8
75139,"Garibaldi,  Vol. 2 (of 2) : $b (1860-1882)","Guerzoni, Giuseppe",initial_eligible_pool,Project Gutenberg,https://www.gutenberg.org/ebooks/75139,nineteenth_century_bridge,nineteenth_century_bridge,nineteenth_century_bridge,standard_italian,eligible_standard_core_pending_processed_build,preserve_boilerplate_stripped_primary_text,,eligible_pending_v7_and_mixture_freeze,text_materialized_pending_v7,data/local/gutenberg/fulltext_gate_v1/pg75139.txt,17e6c93482da417b5c65c7c15ff94a7742c8403f69477b9903ce129460291ab3,e4c95e71b113cf5b8ff4be54458ee970ca3d36bd3cf9abc9964cbf6e0b4a35a6,1300596,1300342,254,data/processed/project_gutenberg_resolved_v1/nineteenth_century_bridge/part-0004.txt,13250282,14576317,1300342,1326035,e664b2832c7b1cb281072c99a040fbb8cd64978fa9011b73d811a75399e366be
75196,"La giovinezza di Giulio Cesare, Volume 1 (of 2)","Rovani, Giuseppe",initial_eligible_pool,Project Gutenberg,https://www.gutenberg.org/ebooks/75196,nineteenth_century_bridge,nineteenth_century_bridge,nineteenth_century_bridge,standard_italian,eligible_standard_core_pending_processed_build,preserve_boilerplate_stripped_primary_text,,eligible_pending_v7_and_mixture_freeze,text_materialized_pending_v7,data/local/gutenberg/fulltext_gate_v1/pg75196.txt,cda511917de26c6615aac1f6cb96b0990d06cfb539b2cc8616e9a41df5670cf4,2629f60eb7ff6a4a46b72acf9fb84b47f8cb4cb90d46fa67fa2071d9636d75bd,220474,220330,144,data/processed/project_gutenberg_resolved_v1/nineteenth_century_bridge/part-0004.txt,14576318,14801232,220330,224914,33fcdf342b84b6e6138db9b611c28a54315e2f27c47e8ca9ecbba48fd45ebb80
75197,"La giovinezza di Giulio Cesare, Volume 2 (of 2)","Rovani, Giuseppe",initial_eligible_pool,Project Gutenberg,https://www.gutenberg.org/ebooks/75197,nineteenth_century_bridge,nineteenth_century_bridge,nineteenth_century_bridge,standard_italian,eligible_standard_core_pending_processed_build,preserve_boilerplate_stripped_primary_text,,eligible_pending_v7_and_mixture_freeze,text_materialized_pending_v7,data/local/gutenberg/fulltext_gate_v1/pg75197.txt,8e5ba4d54fd6b751d9b2fd2e79622e8babf18fb952fb6019dad44554b6f1ae1c,66013306a348410878e099056443385fc4ced4bd6f5d13a5f85d20d7b59740d2,232240,232096,144,data/processed/project_gutenberg_resolved_v1/nineteenth_century_bridge/part-0004.txt,14801233,15038348,232096,237115,d2ebe11a2971abda88180331747f000885f3199a36a9c4a461a9d76ba6b06613
75660,Uno dei Mille della spedizione garibaldina nel Mezzodì d'Italia : $b romanzo storico,"Ottolini, V. (Vittore)",initial_eligible_pool,Project Gutenberg,https://www.gutenberg.org/ebooks/75660,nineteenth_century_bridge,nineteenth_century_bridge,nineteenth_century_bridge,standard_italian,eligible_standard_core_pending_processed_build,preserve_boilerplate_stripped_primary_text,,eligible_pending_v7_and_mixture_freeze,text_materialized_pending_v7,data/local/gutenberg/fulltext_gate_v1/pg75660.txt,3b749a11b7060074bc8bacb0e51c99ed60adc7fec618102a3752de44c6966fdf,a1cc31a429c89cf0d3f176ef73172e91f72abe9235caa5b28cf5a91ffa12a82d,511279,511135,144,data/processed/project_gutenberg_resolved_v1/nineteenth_century_bridge/part-0004.txt,15038349,15560475,511135,522126,3616a0a20c88aad2f1cd7e673b0ac2feb620e7990f1b50d213397910cee902f2
75829,Degli ultimi casi di Romagna,"Azeglio, Massimo d'",initial_eligible_pool,Project Gutenberg,https://www.gutenberg.org/ebooks/75829,nineteenth_century_bridge,nineteenth_century_bridge,nineteenth_century_bridge,standard_italian,eligible_standard_core_pending_processed_build,preserve_boilerplate_stripped_primary_text,,eligible_pending_v7_and_mixture_freeze,text_materialized_pending_v7,data/local/gutenberg/fulltext_gate_v1/pg75829.txt,1d2c30ea44c5a096b4d23f49468243b393597eb122b897951d7f342a22f5704c,6d101518308fbe03d649c2fa3614134ed2154accd79c7d917b984e7593e73a0c,415037,414827,210,data/processed/project_gutenberg_resolved_v1/nineteenth_century_bridge/part-0004.txt,15560476,15983572,414827,423096,b1bead705575a7ca9fe3e9ae87c34fe73ac27601b6ee6064b5327c3d3d8f5944
75916,Un matrimonio eccentrico : $b romanzo,"Gualdo, Luigi",initial_eligible_pool,Project Gutenberg,https://www.gutenberg.org/ebooks/75916,nineteenth_century_bridge,nineteenth_century_bridge,nineteenth_century_bridge,standard_italian,eligible_standard_core_pending_processed_build,preserve_boilerplate_stripped_primary_text,,eligible_pending_v7_and_mixture_freeze,text_materialized_pending_v7,data/local/gutenberg/fulltext_gate_v1/pg75916.txt,dc5c48c71bcd089adbb589a32ae9e5c4a7c9eeb6a806282f4b45c98284a46011,c64062eedf27dcef737b54b83cf5cd3c1c6b169acdae2f9e14f14f7e8f66e4c4,444248,444103,145,data/processed/project_gutenberg_resolved_v1/nineteenth_century_bridge/part-0004.txt,15983573,16437251,444103,453678,8ec4c51f5f6e290091dcf16c6980dd52319b3e0eb3a1303ef6ebbfb482f75ca5
76035,Alcibiade : $b scene Greche in dieci quadri,"Cavallotti, Felice",initial_eligible_pool,Project Gutenberg,https://www.gutenberg.org/ebooks/76035,nineteenth_century_bridge,nineteenth_century_bridge,nineteenth_century_bridge,standard_italian,eligible_standard_core_pending_processed_build,preserve_boilerplate_stripped_primary_text,,eligible_pending_v7_and_mixture_freeze,text_materialized_pending_v7,data/local/gutenberg/fulltext_gate_v1/pg76035.txt,9efd7650652521a67286fc3f40d1666cf1a8dcb3c8f30cbe484ab633868d3c1b,86546c16648ad97fccda7ca97d92ead9e8ff777cc4b5c3af5422872be58edb30,823730,823393,337,data/processed/project_gutenberg_resolved_v1/nineteenth_century_bridge/part-0004.txt,16437252,17285070,823393,847818,5e3a1024ee546b9eef247bb77c2e57d35f550745b32f8cb52635793425160e19
76141,Note di un viaggio in Persia nel 1862,"De Filippi, Filippo",initial_eligible_pool,Project Gutenberg,https://www.gutenberg.org/ebooks/76141,nineteenth_century_bridge,nineteenth_century_bridge,nineteenth_century_bridge,standard_italian,eligible_standard_core_pending_processed_build,preserve_boilerplate_stripped_primary_text,,eligible_pending_v7_and_mixture_freeze,text_materialized_pending_v7,data/local/gutenberg/fulltext_gate_v1/pg76141.txt,6d413e54d027cfc4c692bdf35e044f49c78a036aa2bf1832441a84a7114fb38a,0b137add6b634544103f4eadb59fa95afd408757a77c38b50d927c43f990c723,778047,777774,273,data/processed/project_gutenberg_resolved_v1/nineteenth_century_bridge/part-0004.txt,17285071,18075760,777774,790689,7803366922754a03c145c9a5007676444621acf5266cf36e7e56ed211b66e3c6
76164,La tratta dei fanciulli : $b racconto sociale,"Guerzoni, Giuseppe",initial_eligible_pool,Project Gutenberg,https://www.gutenberg.org/ebooks/76164,nineteenth_century_bridge,nineteenth_century_bridge,nineteenth_century_bridge,standard_italian,eligible_standard_core_pending_processed_build,preserve_boilerplate_stripped_primary_text,,eligible_pending_v7_and_mixture_freeze,text_materialized_pending_v7,data/local/gutenberg/fulltext_gate_v1/pg76164.txt,f9eae8bb887d0333f992f0347ef28c9fa0a800ed033c5c8250d576a95f8bacb4,4a3239713a1f95365b19a448e81e879ba9aa97bed0ab6d21cf334aa8467d7dd2,237184,237040,144,data/processed/project_gutenberg_resolved_v1/nineteenth_century_bridge/part-0004.txt,18075761,18317916,237040,242155,9722e7c0063c988f634f40ebb8c30e8b593cd790ce2814154d1d495e103f3b68
76349,Marcantonio Colonna alla battaglia di Lepanto,"Guglielmotti, Alberto P.",initial_eligible_pool,Project Gutenberg,https://www.gutenberg.org/ebooks/76349,nineteenth_century_bridge,nineteenth_century_bridge,nineteenth_century_bridge,standard_italian,eligible_standard_core_pending_processed_build,preserve_boilerplate_stripped_primary_text,,eligible_pending_v7_and_mixture_freeze,text_materialized_pending_v7,data/local/gutenberg/fulltext_gate_v1/pg76349.txt,7ce03053d142f0978008720836059bc55cf31a3b2c1135d6870c03b89733a29f,9d8b932b22b7676cd1963d2ccc1d0b1a44d9088b4f12f6a263629a62481a18ac,831197,830969,228,data/processed/project_gutenberg_resolved_v1/nineteenth_century_bridge/part-0004.txt,18317917,19163381,830969,845464,64e60a3db98adb7e494e2d90524f42548e21ab35d250754323eaaa87a2a0463a
76373,Roma contemporanea,"About, Edmond",initial_eligible_pool,Project Gutenberg,https://www.gutenberg.org/ebooks/76373,nineteenth_century_bridge,nineteenth_century_bridge,nineteenth_century_bridge,standard_italian,eligible_standard_core_pending_processed_build,preserve_boilerplate_stripped_primary_text,,eligible_pending_v7_and_mixture_freeze,text_materialized_pending_v7,data/local/gutenberg/fulltext_gate_v1/pg76373.txt,237cdc4d1dbf696d51d44532b1cf2e772b2a5134c5fdbed6e2ff505d8c0f1140,ce89c39d70cb1b2b0fcd6021e053d0faba7f4c3ce0f4612ee4958ef4c5fdfaaa,551287,551143,144,data/processed/project_gutenberg_resolved_v1/nineteenth_century_bridge/part-0004.txt,19163382,19727526,551143,564144,88cc0ec2fd476275479b0e83e01db6ed01cf8724683a435033308e8e002e32df
76402,"Olimpia; ossia, L'orfana della Selleide : $b romanzo","Mezzanotte, Adolfo",initial_eligible_pool,Project Gutenberg,https://www.gutenberg.org/ebooks/76402,nineteenth_century_bridge,nineteenth_century_bridge,nineteenth_century_bridge,standard_italian,eligible_standard_core_pending_processed_build,preserve_boilerplate_stripped_primary_text,,eligible_pending_v7_and_mixture_freeze,text_materialized_pending_v7,data/local/gutenberg/fulltext_gate_v1/pg76402.txt,57efb693a48d96d64ce14ddca674ad6f77ad1a9d4aeb63dcd6d7f218a1561bc2,793fb9734f2dc44dcc04eff30f1af5320f54f0fefe8b717bdbfa935d8806206c,180904,180760,144,data/processed/project_gutenberg_resolved_v1/nineteenth_century_bridge/part-0004.txt,19727527,19912087,180760,184560,87ae402ec5f31146c68abeb6eb038169b00b98a9cb2bd6c9f2a5ce9203986694
76473,"Storia della città di Roma nel medio evo, vol. 1/8 : $b dal secolo V al XVI","Gregorovius, Ferdinand",initial_eligible_pool,Project Gutenberg,https://www.gutenberg.org/ebooks/76473,nineteenth_century_bridge,nineteenth_century_bridge,nineteenth_century_bridge,standard_italian,eligible_standard_core_pending_processed_build,preserve_boilerplate_stripped_primary_text,,eligible_pending_v7_and_mixture_freeze,text_materialized_pending_v7,data/local/gutenberg/fulltext_gate_v1/pg76473.txt,790c184994048f082df58099b701cd8e2fd5563577c71990ab646fcaba118c5e,0d5a6ae3985c1863ece1c394edd316375c339733f6be48a9f6c773b7f865a1cf,920941,920647,294,data/processed/project_gutenberg_resolved_v1/nineteenth_century_bridge/part-0004.txt,19912088,20851671,920647,939583,a790ad50b916e9382add19bbc81ef4464c5d7aa03980f4018be270db3e92ec2e
76516,"Memorie d'un disertore, vol. 1/3 : $b storia d'una famiglia di patriotti","Guerzoni, Giuseppe",initial_eligible_pool,Project Gutenberg,https://www.gutenberg.org/ebooks/76516,nineteenth_century_bridge,nineteenth_century_bridge,nineteenth_century_bridge,standard_italian,eligible_standard_core_pending_processed_build,preserve_boilerplate_stripped_primary_text,,eligible_pending_v7_and_mixture_freeze,text_materialized_pending_v7,data/local/gutenberg/fulltext_gate_v1/pg76516.txt,af5128765714ce52b2f6601834ced261ac476fc4e194ad81db0fb28fa8473863,b813b98360cf6aa75ccbc9bbece8c10bcbad5d67c89ff9a577d1b25e7406ede1,225804,225595,209,data/processed/project_gutenberg_resolved_v1/nineteenth_century_bridge/part-0004.txt,20851672,21082478,225595,230806,7c3050671d50466505089677481a2323ea0ce057720f6737b76cc0f57af84b42
76517,"Memorie d'un disertore, vol. 2/3 : $b storia d'una famiglia di patriotti","Guerzoni, Giuseppe",initial_eligible_pool,Project Gutenberg,https://www.gutenberg.org/ebooks/76517,nineteenth_century_bridge,nineteenth_century_bridge,nineteenth_century_bridge,standard_italian,eligible_standard_core_pending_processed_build,preserve_boilerplate_stripped_primary_text,,eligible_pending_v7_and_mixture_freeze,text_materialized_pending_v7,data/local/gutenberg/fulltext_gate_v1/pg76517.txt,da285902aeac16d281f3f848ccc3315877cad75bb7c41fe9ec5b58f33e6d9972,9c3f5a8bf5b1eba13806d067490acfec2d6c814c3514d9035e8edc06c0e116f7,222421,222211,210,data/processed/project_gutenberg_resolved_v1/nineteenth_century_bridge/part-0004.txt,21082479,21310491,222211,228012,e325a60e230cffe518c5da9b82fbe95050f0729081a4a738d17cf110b3589c75
76518,"Memorie d'un disertore, vol. 3/3 : $b storia d'una famiglia di patriotti","Guerzoni, Giuseppe",initial_eligible_pool,Project Gutenberg,https://www.gutenberg.org/ebooks/76518,nineteenth_century_bridge,nineteenth_century_bridge,nineteenth_century_bridge,standard_italian,eligible_standard_core_pending_processed_build,preserve_boilerplate_stripped_primary_text,,eligible_pending_v7_and_mixture_freeze,text_materialized_pending_v7,data/local/gutenberg/fulltext_gate_v1/pg76518.txt,f4af1b3dd0d14bc3d06d5034b79b1e51f8ce0cffd34bf44d11e56f9e91507b2c,1e0d12a29e1be68a7766a4c17b469047b9fd5ac197648c41bcd1f00c2c67250c,163459,163142,317,data/processed/project_gutenberg_resolved_v1/nineteenth_century_bridge/part-0004.txt,21310492,21477515,163142,167023,4849c80f649ab001b5ceb40ae09f03adb70a74b7e8140328deb763c93fcb4f17
76652,Pompei,"Vecchi, Candido Augusto",initial_eligible_pool,Project Gutenberg,https://www.gutenberg.org/ebooks/76652,nineteenth_century_bridge,nineteenth_century_bridge,nineteenth_century_bridge,standard_italian,eligible_standard_core_pending_processed_build,preserve_boilerplate_stripped_primary_text,,eligible_pending_v7_and_mixture_freeze,text_materialized_pending_v7,data/local/gutenberg/fulltext_gate_v1/pg76652.txt,c4f048ef33ccab938d1219b4d558b318954696e7d7044581e0de8d8961ed1a77,7fa2240626caef3661c462ce11765ef00a1dab269c2e375e758efeb72a438def,729459,729315,144,data/processed/project_gutenberg_resolved_v1/nineteenth_century_bridge/part-0004.txt,21477516,22224973,729315,747457,80a5576614a24554445de39a6c68ccbd09152146de07e5b91fb94748c42b9fa3
76678,"Storia della città di Roma nel medio evo, vol. 2/8 : $b dal secolo V al XVI","Gregorovius, Ferdinand",initial_eligible_pool,Project Gutenberg,https://www.gutenberg.org/ebooks/76678,nineteenth_century_bridge,nineteenth_century_bridge,nineteenth_century_bridge,standard_italian,eligible_standard_core_pending_processed_build,preserve_boilerplate_stripped_primary_text,,eligible_pending_v7_and_mixture_freeze,text_materialized_pending_v7,data/local/gutenberg/fulltext_gate_v1/pg76678.txt,404103620cec05e1f3e4a2db207cfaa7044dbf8b7c02975704d96ab7d6e5a93b,ca8d87c7fb9092d4296b3f835a58fb7d7c0a2dc00b6aa1ed1bdd0e6837edfcac,969271,968977,294,data/processed/project_gutenberg_resolved_v1/nineteenth_century_bridge/part-0004.txt,22224974,23212912,968977,987938,d9ef9ea578ae907c149fe1ae6b6e61014c828ff4b99cc92572df04e70ce148ad
76738,Delle speranze d'Italia,"Balbo, Cesare, conte",initial_eligible_pool,Project Gutenberg,https://www.gutenberg.org/ebooks/76738,nineteenth_century_bridge,nineteenth_century_bridge,nineteenth_century_bridge,standard_italian,eligible_standard_core_pending_processed_build,remove_embedded_canonical_segments_preserve_unique_text,bibit:bibit001479,eligible_pending_v7_and_mixture_freeze,text_materialized_pending_v7,data/local/gutenberg/fulltext_gate_v1/pg76738.txt,eb95776b0af065b523210d7d6f278680e65713cb34cf0f2def7a072e17bfa9b7,9ec8b34afd4010d2013057a47a1947f54844fd0876a1ecc1b50c0fb920c4106d,716669,207436,509233,data/processed/project_gutenberg_resolved_v1/nineteenth_century_bridge/part-0004.txt,23212913,23425447,207437,212534,364e2bc402cf2841af52b7c0bf0836d403a94ae8964b70eff9e020fc80500293
77018,Madri.... per ridere : $b romanzo,"Tronconi, Cesare",initial_eligible_pool,Project Gutenberg,https://www.gutenberg.org/ebooks/77018,nineteenth_century_bridge,nineteenth_century_bridge,nineteenth_century_bridge,standard_italian,eligible_standard_core_pending_processed_build,preserve_boilerplate_stripped_primary_text,,eligible_pending_v7_and_mixture_freeze,text_materialized_pending_v7,data/local/gutenberg/fulltext_gate_v1/pg77018.txt,acc7a3d395ad55a11b0f15465af11d4d9e3e8b2446f757489445b377ad15fb36,99fc3f3da9db6e05bf0b8ee1d75c5a0dfe6e1e7b84338ffab2d2cc2fc85fa1cd,371222,371078,144,data/processed/project_gutenberg_resolved_v1/nineteenth_century_bridge/part-0004.txt,23425448,23807950,371078,382502,b76391fb95ae4ad68e64961e024478adf632b33c009dba8599f1be96ef8e14a0
77118,La figlia di Jefte : $b commedia in un atto,"Cavallotti, Felice",initial_eligible_pool,Project Gutenberg,https://www.gutenberg.org/ebooks/77118,nineteenth_century_bridge,nineteenth_century_bridge,nineteenth_century_bridge,standard_italian,eligible_standard_core_pending_processed_build,preserve_boilerplate_stripped_primary_text,,eligible_pending_v7_and_mixture_freeze,text_materialized_pending_v7,data/local/gutenberg/fulltext_gate_v1/pg77118.txt,c163356633640799df6456ce2c931353f708c2b66fc0fb1c45e750787ba00b34,18149dbf2b3166aaf6323abb2c274ad1db2a89ffe25feb1b487d75bcc592562f,50788,50644,144,data/processed/project_gutenberg_resolved_v1/nineteenth_century_bridge/part-0004.txt,23807951,23859440,50644,51489,d0dfc5bfb0d7a4c69953023024be38ea48a61e807c2a78c23f745bf382cf64dc
77121,Amore nell'arte,"Tarchetti, Iginio Ugo",initial_eligible_pool,Project Gutenberg,https://www.gutenberg.org/ebooks/77121,nineteenth_century_bridge,nineteenth_century_bridge,nineteenth_century_bridge,standard_italian,eligible_standard_core_pending_processed_build,preserve_boilerplate_stripped_primary_text,,eligible_pending_v7_and_mixture_freeze,text_materialized_pending_v7,data/local/gutenberg/fulltext_gate_v1/pg77121.txt,51d50e151bb8716c6b4ea1f2b080ac85ebbe6c6d9ee76d0f49e8283489168baa,d55302769220c82d55a891b8ed9789fb70406f9fc458cb1b40fcaccd971c6149,198508,198299,209,data/processed/project_gutenberg_resolved_v1/nineteenth_century_bridge/part-0004.txt,23859441,24062161,198299,202720,f6f8de43efaa1790d452a947517d82cba5c421fdd3880f245435ad03be1c0f94
77167,L'Acerba,"Cecco, d'Ascoli",initial_eligible_pool,Project Gutenberg,https://www.gutenberg.org/ebooks/77167,origins_through_1800,historical_non_sonnet_poetry,historical_non_sonnet_poetry,standard_italian,eligible_standard_core_pending_processed_build,preserve_boilerplate_stripped_primary_text,,eligible_pending_v7_and_mixture_freeze,text_materialized_pending_v7,data/local/gutenberg/fulltext_gate_v1/pg77167.txt,6437d85ca789203108e78ce2527df46872484cfe608742d89b2746434e3e7ecc,af431d5c0ca6af4a3ca7715b1f67b88805be987be748debe841cbe2b016338af,292905,289210,3695,data/processed/project_gutenberg_resolved_v1/historical_non_sonnet_poetry/part-0001.txt,11330049,11626719,289216,296670,5d0c7ec1351489cf714090da8409e2f28f4a323746b68ff2af4ab1dc98cb55cf
77283,"Storia della città di Roma nel medio evo, vol. 3/8 : $b dal secolo V al XVI","Gregorovius, Ferdinand",initial_eligible_pool,Project Gutenberg,https://www.gutenberg.org/ebooks/77283,nineteenth_century_bridge,nineteenth_century_bridge,nineteenth_century_bridge,standard_italian,eligible_standard_core_pending_processed_build,preserve_boilerplate_stripped_primary_text,,eligible_pending_v7_and_mixture_freeze,text_materialized_pending_v7,data/local/gutenberg/fulltext_gate_v1/pg77283.txt,05f773f9bdc31808af00e4af34ad9979ff01b6335033d6eda06c98e8a2d0bbf8,453acfcb42a331f8bfbc8cc060deda927f4de2ac8e05d2510f9939b180223115,1145378,1145085,293,data/processed/project_gutenberg_resolved_v1/nineteenth_century_bridge/part-0004.txt,24062162,25228083,1145085,1165921,31f237aefdcc8ae85cd76d512f1275c60c9db05b09a68d39588d9c7565316885
77492,La separazione : $b commedia in quattro atti,"Ferrari, Paolo",initial_eligible_pool,Project Gutenberg,https://www.gutenberg.org/ebooks/77492,nineteenth_century_bridge,nineteenth_century_bridge,nineteenth_century_bridge,standard_italian,eligible_standard_core_pending_processed_build,preserve_boilerplate_stripped_primary_text,,eligible_pending_v7_and_mixture_freeze,text_materialized_pending_v7,data/local/gutenberg/fulltext_gate_v1/pg77492.txt,6101b1f18955614ed496226b644e5db15a7112d54ecc3f8ba987482d8ed469c8,60a6dfb4cd272ca4d0b23784021097cad2f570b2bb89a0ad647e9830e9d33472,98454,98310,144,data/processed/project_gutenberg_resolved_v1/nineteenth_century_bridge/part-0004.txt,25228084,25328136,98310,100052,8598381eff61b95dfa74c59d4eaa4769e1a5da9dcaf5c96d420c66116ec28d8a
78188,"Storia della città di Roma nel medio evo, vol. 4/8 : $b dal secolo V al XVI","Gregorovius, Ferdinand",initial_eligible_pool,Project Gutenberg,https://www.gutenberg.org/ebooks/78188,nineteenth_century_bridge,nineteenth_century_bridge,nineteenth_century_bridge,standard_italian,eligible_standard_core_pending_processed_build,preserve_boilerplate_stripped_primary_text,,eligible_pending_v7_and_mixture_freeze,text_materialized_pending_v7,data/local/gutenberg/fulltext_gate_v1/pg78188.txt,8bfb2f5276caf957fcf7aa9f0e6da7c6823ede48f555b50abe3f268c50ccb999,d101c198e1514f35bbd44bb18f675d5dbfcc1eb9428e120eda67e38e8bec6ba6,1354760,1354532,228,data/processed/project_gutenberg_resolved_v1/nineteenth_century_bridge/part-0004.txt,25328137,26706852,1354532,1378715,b1cd113878263e391298becc78002dece41c08f114b2fb6d16841e3f174becdf
78242,Le donne di Nerone : $b romanzo,"Capranica, Luigi",initial_eligible_pool,Project Gutenberg,https://www.gutenberg.org/ebooks/78242,nineteenth_century_bridge,nineteenth_century_bridge,nineteenth_century_bridge,standard_italian,eligible_standard_core_pending_processed_build,preserve_boilerplate_stripped_primary_text,,eligible_pending_v7_and_mixture_freeze,text_materialized_pending_v7,data/local/gutenberg/fulltext_gate_v1/pg78242.txt,4bae14239568461b12b09bd24f24bde670edcbd6572aa0e55a286daf6784a8c3,42138ba92ec4d528b70bfbb9a9f8e50596a08bbb68edcd80f1297e51b435efc0,586142,585998,144,data/processed/project_gutenberg_resolved_v1/nineteenth_century_bridge/part-0004.txt,26706853,27309364,585998,602511,ae84dd8ff3fb34d0780d60351b5de35e770a59f4c0c39ae160a01ca2f0d2402d
78396,"La figlia d'un ghibellino, vol. 1/2 : $b Romanzo storico risguardante Milano al cominciare del secolo XV","Campiglio, Giovanni",initial_eligible_pool,Project Gutenberg,https://www.gutenberg.org/ebooks/78396,nineteenth_century_bridge,nineteenth_century_bridge,nineteenth_century_bridge,standard_italian,eligible_standard_core_pending_processed_build,preserve_boilerplate_stripped_primary_text,,eligible_pending_v7_and_mixture_freeze,text_materialized_pending_v7,data/local/gutenberg/fulltext_gate_v1/pg78396.txt,62b3eed965f22c71e68c8980475e0c87b055723ebdeaf324c2e2c750993e6c46,6aea5702a45b97b1eba4a9404d1a4d8a812b5d3ccb39abcf97fd9b6709f606ce,247935,247657,278,data/processed/project_gutenberg_resolved_v1/nineteenth_century_bridge/part-0004.txt,27309365,27562372,247657,253007,74e77d886309bfbfdbd983374cbc80ffd65bbd80a49df0d603724b4b11f00bf2
78397,"La figlia d'un ghibellino, vol. 2/2 : $b Romanzo storico risguardante Milano al cominciare del secolo XV","Campiglio, Giovanni",initial_eligible_pool,Project Gutenberg,https://www.gutenberg.org/ebooks/78397,nineteenth_century_bridge,nineteenth_century_bridge,nineteenth_century_bridge,standard_italian,eligible_standard_core_pending_processed_build,preserve_boilerplate_stripped_primary_text,,eligible_pending_v7_and_mixture_freeze,text_materialized_pending_v7,data/local/gutenberg/fulltext_gate_v1/pg78397.txt,bbecc511f443664030986be72bfaa564788b200d355b7e67164e274b3259a5db,64c7d4c43a7c0650b3c47f23a37cb1a837ab1fc3a8d249660a9f0d44c848e77c,183747,183469,278,data/processed/project_gutenberg_resolved_v1/nineteenth_century_bridge/part-0004.txt,27562373,27749803,183469,187430,efda37600a23e03b7e2881b0e1697d19fbfa4fdb86b8b2c14c28066dd42452b1
78619,"Storia della città di Roma nel medio evo, vol. 5/8 : $b dal secolo V al XVI","Gregorovius, Ferdinand",initial_eligible_pool,Project Gutenberg,https://www.gutenberg.org/ebooks/78619,nineteenth_century_bridge,nineteenth_century_bridge,nineteenth_century_bridge,standard_italian,eligible_standard_core_pending_processed_build,preserve_boilerplate_stripped_primary_text,,eligible_pending_v7_and_mixture_freeze,text_materialized_pending_v7,data/local/gutenberg/fulltext_gate_v1/pg78619.txt,ac5af32b2eb2c4df5910e00a4472e8175b2bff4affecae40e58cbc920840521c,89609e863e8e05b93a7d5d0d2f926743a3d4b09e2b88981f109406cbfc74c40f,1293079,1292851,228,data/processed/project_gutenberg_resolved_v1/nineteenth_century_bridge/part-0004.txt,27749804,29065065,1292851,1315261,207dae38c175a5283028a37232681da64f16ce7f9bd9f240e57813c40d82d36a
79029,"Kenilworth, vol. 1/4","Scott, Walter",initial_eligible_pool,Project Gutenberg,https://www.gutenberg.org/ebooks/79029,nineteenth_century_bridge,nineteenth_century_bridge,nineteenth_century_bridge,standard_italian,eligible_standard_core_pending_processed_build,preserve_boilerplate_stripped_primary_text,,eligible_pending_v7_and_mixture_freeze,text_materialized_pending_v7,data/local/gutenberg/fulltext_gate_v1/pg79029.txt,f9dd766cb0d8dca810fcb3768f44e5a57915d446d1856e6b577828dcde5bdbfb,77d6c24fd0d7473f9db9aeb918e00b9f313aced7fe1b2922fc70ad170d228772,292360,292216,144,data/processed/project_gutenberg_resolved_v1/nineteenth_century_bridge/part-0004.txt,29065066,29364298,292216,299232,8a62baa94fd608e7f6dec479e165d813062a42477ac35bb904758b1d16a54296
79030,"Kenilworth, vol. 2/4","Scott, Walter",initial_eligible_pool,Project Gutenberg,https://www.gutenberg.org/ebooks/79030,nineteenth_century_bridge,nineteenth_century_bridge,nineteenth_century_bridge,standard_italian,eligible_standard_core_pending_processed_build,preserve_boilerplate_stripped_primary_text,,eligible_pending_v7_and_mixture_freeze,text_materialized_pending_v7,data/local/gutenberg/fulltext_gate_v1/pg79030.txt,bbc432923f879b6727e0e88f1c3c1134ff2410174f85794ce49832bf3261b40e,33f2d8422b200d65bbd400b29642b3c13331d6f2c7705c8655b238b2d37a4032,293091,292947,144,data/processed/project_gutenberg_resolved_v1/nineteenth_century_bridge/part-0004.txt,29364299,29663947,292947,299648,ba69b1415e2dafd62dc9608b5ac571fe5919141f92221cb794ef60150f24a340
79031,"Kenilworth, vol. 3/4","Scott, Walter",initial_eligible_pool,Project Gutenberg,https://www.gutenberg.org/ebooks/79031,nineteenth_century_bridge,nineteenth_century_bridge,nineteenth_century_bridge,standard_italian,eligible_standard_core_pending_processed_build,preserve_boilerplate_stripped_primary_text,,eligible_pending_v7_and_mixture_freeze,text_materialized_pending_v7,data/local/gutenberg/fulltext_gate_v1/pg79031.txt,c5d2f6f680547817e089ad8de93fc8c32dc3d0632707a61c4b25ef6e4d32d608,cadef7f6ba4a21b732d42dff66dd30f1e2d5a4f132c0383cd658c9752515fe5e,322159,322015,144,data/processed/project_gutenberg_resolved_v1/nineteenth_century_bridge/part-0004.txt,29663948,29993389,322015,329441,0d640b438ae5009f745c50b5a875692e5e3d2f7a068f04377b486e86d96917f4
79032,"Kenilworth, vol. 4/4","Scott, Walter",initial_eligible_pool,Project Gutenberg,https://www.gutenberg.org/ebooks/79032,nineteenth_century_bridge,nineteenth_century_bridge,nineteenth_century_bridge,standard_italian,eligible_standard_core_pending_processed_build,preserve_boilerplate_stripped_primary_text,,eligible_pending_v7_and_mixture_freeze,text_materialized_pending_v7,data/local/gutenberg/fulltext_gate_v1/pg79032.txt,e318246e21186222595528871676f60a1c42fc873a2ecb116f85fb4c659fdd05,c42e3db2f8d1c6bf8b36cca97bbf5c2fb422010e49f5281e93a675d26d96a92d,306622,306478,144,data/processed/project_gutenberg_resolved_v1/nineteenth_century_bridge/part-0004.txt,29993390,30307145,306478,313755,7305a9d2dfb7b1fe76b865d1e37a29dae0011e05712a0fe3b4e8d658b77d58b1
79157,"Delle guerre del Peloponneso, libri VIII, vol. 1/2",Thucydides,initial_eligible_pool,Project Gutenberg,https://www.gutenberg.org/ebooks/79157,origins_through_1800,historical_general,historical_general,standard_italian,eligible_standard_core_pending_processed_build,preserve_boilerplate_stripped_primary_text,,eligible_pending_v7_and_mixture_freeze,text_materialized_pending_v7,data/local/gutenberg/fulltext_gate_v1/pg79157.txt,679d693105a37b01e9dfdd27d7b8e96611d38231cbb2fe73a93109b42e9f74cc,a6bc1a775b82fdecc841b87fd3d832a8458ff535f00607f4f31ad84c4c89c92c,841124,840980,144,data/processed/project_gutenberg_resolved_v1/historical_general/part-0001.txt,51325364,52180592,840980,855228,b20b7cd4021dfe924d17f7f5aca7be8f0227d0aae2cd9f34754617bd672e97c7
79158,"Delle guerre del Peloponneso, libri VIII, vol. 2/2",Thucydides,initial_eligible_pool,Project Gutenberg,https://www.gutenberg.org/ebooks/79158,origins_through_1800,historical_general,historical_general,standard_italian,eligible_standard_core_pending_processed_build,preserve_boilerplate_stripped_primary_text,,eligible_pending_v7_and_mixture_freeze,text_materialized_pending_v7,data/local/gutenberg/fulltext_gate_v1/pg79158.txt,2ca10ac505f2c9be10348c03907fe830806b7cef4cf80a427c8e6acad6814bf6,7826f76dfc2c5740eeb8507d0e5da62f7e0cb136be9bd95317ce581c0b26653b,719063,718919,144,data/processed/project_gutenberg_resolved_v1/historical_general/part-0001.txt,52180593,52910094,718919,729501,d49a7cdd0f6a037b9770d38025b858c03604d69cddc395a5426a22ea63ca0eda
