candidate_id,ebook_id,title,source_record_authors,poem_author,poem_author_resolution,period_bucket,source_archive,source_url,source_kind,stanza_pattern,line_count,first_line,last_line,character_start,character_end,source_text_sha256,cleaned_source_text_sha256,candidate_decision,manual_review_resolution,manual_review_rationale,exact_reference_ids,near_reference_ids,heldout_reference_ids,duplicate_gutenberg_candidate_ids,final_role,activation_status,artifact_status,shard_path,byte_start,byte_end,cleaned_character_count,cleaned_byte_count,cleaned_line_count,cleaned_sha256
pg6938:char70679-71603,6938,"Rime di Tullia d'Aragona, cortigiana del secolo XVI","Aragona, Tullia d'",,pending_candidate_level_attribution_audit,origins_through_1800,Project Gutenberg,https://www.gutenberg.org/ebooks/6938,structural_14_line,14,14,"[41] ""Le meretrici non possino portare vesti di drappo e seta d'alcuna","_Legislazione toscana_, vol. I, pag. 332).",70679,71603,2b0445b7e028c8ba02ca674f99bf732470e291aa44677117318dbcb407f885e7,b1193b2ca84476c334949adcd2379eb6dc1659bae71b2ef7ecc133121f0a9c67,exclude_manual_not_sonnet,exclude_not_sonnet,"Fourteen-line detector window is a quoted statute in a footnote, not verse or a sonnet.",,,,,not_standard_sonnet_artifact,excluded_from_sonnet_corpus,not_materialized_exclude_manual_not_sonnet,,,,0,0,0,e3b0c44298fc1c149afbf4c8996fb92427ae41e4649b934ca495991b7852b855
pg6938:char80613-81354,6938,"Rime di Tullia d'Aragona, cortigiana del secolo XVI","Aragona, Tullia d'",,pending_candidate_level_attribution_audit,origins_through_1800,Project Gutenberg,https://www.gutenberg.org/ebooks/6938,structural_14_line,8-6,14,"Sveglia messer Brandisio, e fagli offerta","rispettato, e l'accolse benignamente con ogni onore.",80613,81354,80b81862d3669738e57a13658d0eedde7bce24774c4e66b74a132745a4da1ad1,7606cb59e60f66ef1ccc2093da187d56e4792a02b9383f8b0216d968e56a0c2a,exclude_manual_not_sonnet,exclude_not_sonnet,"Window combines narrative ottava material and prose annotation, not a bounded sonnet.",,,,,not_standard_sonnet_artifact,excluded_from_sonnet_corpus,not_materialized_exclude_manual_not_sonnet,,,,0,0,0,e3b0c44298fc1c149afbf4c8996fb92427ae41e4649b934ca495991b7852b855
pg11685:char12551-12971,11685,L'Endimione,"Metastasio, Pietro",,pending_candidate_level_attribution_audit,origins_through_1800,Project Gutenberg,https://www.gutenberg.org/ebooks/11685,structural_14_line,14,14,DIA.,A prenderti piacer della mia pena.,12551,12971,ea9740bc1ca2c52f74c153388671f2b9012b1095fe2ae5d7ba81a99387a8638c,b62705f784b510ec1663157deaf2814a8f8eca2c63625f886974a5679c5fc60f,exclude_manual_not_sonnet,exclude_not_sonnet,"Fourteen-line detector window is continuous operatic dialogue, not a bounded sonnet.",,,,,not_standard_sonnet_artifact,excluded_from_sonnet_corpus,not_materialized_exclude_manual_not_sonnet,,,,0,0,0,e3b0c44298fc1c149afbf4c8996fb92427ae41e4649b934ca495991b7852b855
pg11685:char21724-22083,11685,L'Endimione,"Metastasio, Pietro",,pending_candidate_level_attribution_audit,origins_through_1800,Project Gutenberg,https://www.gutenberg.org/ebooks/11685,structural_14_line,4-4-6,14,Dall'alma mia costante,Toglimi di tua mano ancor la vita.,21724,22083,0417e7bda1f0cd2f277a4512da0dd755e631eca38c2cbc38401950e978b93e5f,8a499fc37c318edde013d6ba4e7d6d175cd469af98b8f2528a0e9473834cc34d,exclude_manual_not_sonnet,exclude_not_sonnet,"Fourteen-line detector window is continuous operatic dialogue, not a bounded sonnet.",,,,,not_standard_sonnet_artifact,excluded_from_sonnet_corpus,not_materialized_exclude_manual_not_sonnet,,,,0,0,0,e3b0c44298fc1c149afbf4c8996fb92427ae41e4649b934ca495991b7852b855
pg11685:char25911-26366,11685,L'Endimione,"Metastasio, Pietro",,pending_candidate_level_attribution_audit,origins_through_1800,Project Gutenberg,https://www.gutenberg.org/ebooks/11685,structural_14_line,4-4-6,14,"Chi provato ha la procella,",Solo per trionfar composi e finsi.,25911,26366,58fcf6fd98d1519dd1b9777773e328cf5b249c411b0c1f052504a4c93537f85c,1a67a9084c5085d17f504aa845c30ab5bf7b7bec764871f906d77db72c280f9f,exclude_manual_not_sonnet,exclude_not_sonnet,"Fourteen-line detector window is continuous operatic dialogue, not a bounded sonnet.",,,,,not_standard_sonnet_artifact,excluded_from_sonnet_corpus,not_materialized_exclude_manual_not_sonnet,,,,0,0,0,e3b0c44298fc1c149afbf4c8996fb92427ae41e4649b934ca495991b7852b855
pg11685:char27964-28402,11685,L'Endimione,"Metastasio, Pietro",,pending_candidate_level_attribution_audit,origins_through_1800,Project Gutenberg,https://www.gutenberg.org/ebooks/11685,structural_14_line,14,14,AMO.,In fin dall'Istro a vagheggiar ne viene.,27964,28402,29f50317bb6763bbd51d5a138feaf7715d6af411b4afc176a9fbc6bba71f5677,c6c9a38283e4643204f13063ef61fec100d7321675325cff79270cf83e2b53dc,exclude_manual_not_sonnet,exclude_not_sonnet,"Fourteen-line detector window is continuous operatic dialogue, not a bounded sonnet.",,,,,not_standard_sonnet_artifact,excluded_from_sonnet_corpus,not_materialized_exclude_manual_not_sonnet,,,,0,0,0,e3b0c44298fc1c149afbf4c8996fb92427ae41e4649b934ca495991b7852b855
pg17671:char30282-30891,17671,Poesie scelte,"Pellico, Silvio",,pending_candidate_level_attribution_audit,nineteenth_century_bridge,Project Gutenberg,https://www.gutenberg.org/ebooks/17671,structural_14_line,14,14,"Francesca,","M'avria... colei, che per sempre ho perduta.",30282,30891,332711c91ea71acdd05e5ba2f72915a53cca7ded25fb8fca023651435c267fa9,1f4730652cda86e9eeb716b7c26153cce2477a6a2f831f0f0c831164944a7eda,exclude_manual_not_sonnet,exclude_not_sonnet,"Fourteen-line detector window is continuous dramatic dialogue, not a bounded sonnet.",,,,,not_standard_sonnet_artifact,excluded_from_sonnet_corpus,not_materialized_exclude_manual_not_sonnet,,,,0,0,0,e3b0c44298fc1c149afbf4c8996fb92427ae41e4649b934ca495991b7852b855
pg17671:char32896-33503,17671,Poesie scelte,"Pellico, Silvio",,pending_candidate_level_attribution_audit,nineteenth_century_bridge,Project Gutenberg,https://www.gutenberg.org/ebooks/17671,structural_14_line,14,14,Il giorno che a Ravenna io giunsi,"Quel giorno, ma t'amai fin da quel giorno.",32896,33503,05e22d9e44b96cf969c650aaa581187284b86bec6a580f6e15787c8900dd56d7,f97dc5b65dfa0203d799994ef6d06cffa80f981b7eb346cbfbf6bd70d4bb600a,exclude_manual_not_sonnet,exclude_not_sonnet,"Fourteen-line detector window is continuous dramatic dialogue, not a bounded sonnet.",,,,,not_standard_sonnet_artifact,excluded_from_sonnet_corpus,not_materialized_exclude_manual_not_sonnet,,,,0,0,0,e3b0c44298fc1c149afbf4c8996fb92427ae41e4649b934ca495991b7852b855
pg17671:char46995-47579,17671,Poesie scelte,"Pellico, Silvio",,pending_candidate_level_attribution_audit,nineteenth_century_bridge,Project Gutenberg,https://www.gutenberg.org/ebooks/17671,structural_14_line,14,14,Vaneggio?... Voi raccapricciate?...--Oh Guido!,A calpestarlo verrà forse!,46995,47579,01c319401a6f3d412c880dd22608a28d101aa3c7ce8ae899c129b692192f6a23,f90e916f9ddc6d17e67e9a25596d27d4e58ae3249f18fdd5a902e73a18715b10,exclude_manual_not_sonnet,exclude_not_sonnet,"Fourteen-line detector window is continuous dramatic dialogue, not a bounded sonnet.",,,,,not_standard_sonnet_artifact,excluded_from_sonnet_corpus,not_materialized_exclude_manual_not_sonnet,,,,0,0,0,e3b0c44298fc1c149afbf4c8996fb92427ae41e4649b934ca495991b7852b855
pg17671:char51796-52375,17671,Poesie scelte,"Pellico, Silvio",,pending_candidate_level_attribution_audit,nineteenth_century_bridge,Project Gutenberg,https://www.gutenberg.org/ebooks/17671,structural_14_line,14,14,Io vengo,Al rammentarlo.,51796,52375,63d2036d9d2c7afbe5024628c4a996829f60f939059b0b22f3b6eb95a97b8b8d,7dbcca5f2f79390805ad7215c4af692ef87a7f8b063c0fa770259ac6dd2c748f,exclude_manual_not_sonnet,exclude_not_sonnet,"Fourteen-line detector window is continuous dramatic dialogue, not a bounded sonnet.",,,,,not_standard_sonnet_artifact,excluded_from_sonnet_corpus,not_materialized_exclude_manual_not_sonnet,,,,0,0,0,e3b0c44298fc1c149afbf4c8996fb92427ae41e4649b934ca495991b7852b855
pg17687:char23046-23653,17687,Il libro delle figurazioni ideali,"Lucini, Gian Pietro",,pending_candidate_level_attribution_audit,nineteenth_century_bridge,Project Gutenberg,https://www.gutenberg.org/ebooks/17687,structural_14_line,14,14,Innalzan l'incensier' l'aroma a spire,mentre indaga alle tombe il Villanuova.,23046,23653,13248106a7a9adf7134667e131c1f7b8baf95fed3c5c78507e61e8190899acd6,7ed87ea994d4b33b256d97ca7abc8c5d62176b220a73a3cc2a70845611dfc9ba,eligible_standard_sonnet_pending_processed_build,accept_structurally_verified_standard_sonnet,Bounded fourteen-line Italian poem has a coherent sonnet octave-and-sestet or quatrain-and-tercet rhyme structure.,,,,,standard_sonnets,eligible_pending_v7_and_poem_attribution,standard_sonnet_materialized_pending_v7,data/processed/project_gutenberg_resolved_v1/standard_sonnets/part-0001.txt,0,525,525,525,14,7ed87ea994d4b33b256d97ca7abc8c5d62176b220a73a3cc2a70845611dfc9ba
pg17687:char23660-24237,17687,Il libro delle figurazioni ideali,"Lucini, Gian Pietro",,pending_candidate_level_attribution_audit,nineteenth_century_bridge,Project Gutenberg,https://www.gutenberg.org/ebooks/17687,structural_14_line,8-6,14,Corse tra selve oscure e paurose,e cavalcate di Madonne e Magi.,23660,24237,c462b9eca08da91ea169d8afb817d4f7ceaf1a9154b34311702c7c9c0b2e31e0,ceeda8142fe096ec8fe81a50fdad9eeb9524788acec7e35773460ddcd5078f00,eligible_standard_sonnet_pending_processed_build,accept_structurally_verified_standard_sonnet,Bounded fourteen-line Italian poem has a coherent sonnet octave-and-sestet or quatrain-and-tercet rhyme structure.,,,,,standard_sonnets,eligible_pending_v7_and_poem_attribution,standard_sonnet_materialized_pending_v7,data/processed/project_gutenberg_resolved_v1/standard_sonnets/part-0001.txt,526,1025,496,499,14,ceeda8142fe096ec8fe81a50fdad9eeb9524788acec7e35773460ddcd5078f00
pg17687:char24631-25234,17687,Il libro delle figurazioni ideali,"Lucini, Gian Pietro",,pending_candidate_level_attribution_audit,nineteenth_century_bridge,Project Gutenberg,https://www.gutenberg.org/ebooks/17687,structural_14_line,8-6,14,"Io son la bella Oriana e il seggio mio,",vengan le Dame in lunga carovana.,24631,25234,851f6bdc4596b1a15bce297a35f1e22c52eb615e5e0351654716d47a4faa0c90,56180e6bab819d0f3c7595269c25ccb91b0147f6f211c538ad3f5060cd5fdcb3,eligible_standard_sonnet_pending_processed_build,accept_structurally_verified_standard_sonnet,Bounded fourteen-line Italian poem has a coherent sonnet octave-and-sestet or quatrain-and-tercet rhyme structure.,,,,,standard_sonnets,eligible_pending_v7_and_poem_attribution,standard_sonnet_materialized_pending_v7,data/processed/project_gutenberg_resolved_v1/standard_sonnets/part-0001.txt,1026,1551,522,525,14,56180e6bab819d0f3c7595269c25ccb91b0147f6f211c538ad3f5060cd5fdcb3
pg17687:char25247-25851,17687,Il libro delle figurazioni ideali,"Lucini, Gian Pietro",,pending_candidate_level_attribution_audit,nineteenth_century_bridge,Project Gutenberg,https://www.gutenberg.org/ebooks/17687,structural_14_line,8-6,14,"E noi veniamo a te, strana Maliarda,",squilla per noi la più ardita canzone.,25247,25851,f100b442ff53750af3ebba12fad740ae66069857cd7152a9830047ad8d07cb03,881e2c57d8e2b99ae9b9c608f7a452803885af42ad221baa3bf9314403945a95,eligible_standard_sonnet_pending_processed_build,accept_structurally_verified_standard_sonnet,Bounded fourteen-line Italian poem has a coherent sonnet octave-and-sestet or quatrain-and-tercet rhyme structure.,,,,,standard_sonnets,eligible_pending_v7_and_poem_attribution,standard_sonnet_materialized_pending_v7,data/processed/project_gutenberg_resolved_v1/standard_sonnets/part-0001.txt,1552,2075,521,523,14,881e2c57d8e2b99ae9b9c608f7a452803885af42ad221baa3bf9314403945a95
pg17687:char25863-26470,17687,Il libro delle figurazioni ideali,"Lucini, Gian Pietro",,pending_candidate_level_attribution_audit,nineteenth_century_bridge,Project Gutenberg,https://www.gutenberg.org/ebooks/17687,structural_14_line,8-6,14,"E noi veniamo a te, strana Sirena,",sotto il bacio dei tuoi fatali Eletti.,25863,26470,2d5b6ce2788ac3d9b066e3c04f4f9f51491e077316606dbbfb5a03ac6be4bc51,2ffc97080438e9fa0e8247cd99c45ffe4473cf3a79d582adf21c7f11ba49fdbb,eligible_standard_sonnet_pending_processed_build,accept_structurally_verified_standard_sonnet,Bounded fourteen-line Italian poem has a coherent sonnet octave-and-sestet or quatrain-and-tercet rhyme structure.,,,,,standard_sonnets,eligible_pending_v7_and_poem_attribution,standard_sonnet_materialized_pending_v7,data/processed/project_gutenberg_resolved_v1/standard_sonnets/part-0001.txt,2076,2601,524,525,14,2ffc97080438e9fa0e8247cd99c45ffe4473cf3a79d582adf21c7f11ba49fdbb
pg17687:char26498-27090,17687,Il libro delle figurazioni ideali,"Lucini, Gian Pietro",,pending_candidate_level_attribution_audit,nineteenth_century_bridge,Project Gutenberg,https://www.gutenberg.org/ebooks/17687,structural_14_line,8-6,14,"E noi ridiam di te, delle Chimere,",la triste forma della Maga Oriana.,26498,27090,d762e04b8f08c1fc1d9d1255d4c0135420917207df8acaaf401dcf0e0dc9d44f,9ae4045bdbc4e156ab24493170c01a5fd1c9bfb39267966345582203ab0a4c13,eligible_standard_sonnet_pending_processed_build,accept_structurally_verified_standard_sonnet,Bounded fourteen-line Italian poem has a coherent sonnet octave-and-sestet or quatrain-and-tercet rhyme structure.,,,,,standard_sonnets,eligible_pending_v7_and_poem_attribution,standard_sonnet_materialized_pending_v7,data/processed/project_gutenberg_resolved_v1/standard_sonnets/part-0001.txt,2602,3111,509,509,14,9ae4045bdbc4e156ab24493170c01a5fd1c9bfb39267966345582203ab0a4c13
pg17687:char27208-27818,17687,Il libro delle figurazioni ideali,"Lucini, Gian Pietro",,pending_candidate_level_attribution_audit,nineteenth_century_bridge,Project Gutenberg,https://www.gutenberg.org/ebooks/17687,structural_14_line,8-6,14,S'erge il trono di bronzo e stanno intorno,aspettan la Sua vista riverenti.,27208,27818,169d74b71bcbb6c3149a4cd9f60998a9a9af46dab9a714ed15fb77aaff97aeb3,1d8134293334497ef414c2c677700b004acf2bddb9727f1efc90b31e4899783f,eligible_standard_sonnet_pending_processed_build,accept_structurally_verified_standard_sonnet,Bounded fourteen-line Italian poem has a coherent sonnet octave-and-sestet or quatrain-and-tercet rhyme structure.,,,,,standard_sonnets,eligible_pending_v7_and_poem_attribution,standard_sonnet_materialized_pending_v7,data/processed/project_gutenberg_resolved_v1/standard_sonnets/part-0001.txt,3112,3645,529,533,14,1d8134293334497ef414c2c677700b004acf2bddb9727f1efc90b31e4899783f
pg17687:char27989-28569,17687,Il libro delle figurazioni ideali,"Lucini, Gian Pietro",,pending_candidate_level_attribution_audit,nineteenth_century_bridge,Project Gutenberg,https://www.gutenberg.org/ebooks/17687,structural_14_line,8-6,14,"Libero il cuore e con l'acuta mente,","«Mondo, al vegliar delle coscienze ardite.»",27989,28569,305d189ee159cec5f559793c5bda7050728d5908e6fb0b9219fd8124560498f2,404c4237c555e2a10fd4061b5af430df892e543932c77617a310e0a7b6a8ab6e,eligible_standard_sonnet_pending_processed_build,accept_structurally_verified_standard_sonnet,Bounded fourteen-line Italian poem has a coherent sonnet octave-and-sestet or quatrain-and-tercet rhyme structure.,,,,,standard_sonnets,eligible_pending_v7_and_poem_attribution,standard_sonnet_materialized_pending_v7,data/processed/project_gutenberg_resolved_v1/standard_sonnets/part-0001.txt,3646,4154,497,508,14,404c4237c555e2a10fd4061b5af430df892e543932c77617a310e0a7b6a8ab6e
pg17687:char28746-29347,17687,Il libro delle figurazioni ideali,"Lucini, Gian Pietro",,pending_candidate_level_attribution_audit,nineteenth_century_bridge,Project Gutenberg,https://www.gutenberg.org/ebooks/17687,structural_14_line,8-6,14,«I ricchi mercatanti di Tangeri,"«a ridur perle ed ambre e argento eletto,",28746,29347,c1bd2b635933297e5e08265e55f532d07e9bbd01ba10f1f8cca8d88228dec5d3,3f0b5d23163c013b317157516087804f895a8d11e258572a5ffbb493a0ecd5c8,eligible_standard_sonnet_pending_processed_build,accept_structurally_verified_standard_sonnet,Bounded fourteen-line Italian poem has a coherent sonnet octave-and-sestet or quatrain-and-tercet rhyme structure.,,,,,standard_sonnets,eligible_pending_v7_and_poem_attribution,standard_sonnet_materialized_pending_v7,data/processed/project_gutenberg_resolved_v1/standard_sonnets/part-0001.txt,4155,4690,520,535,14,3f0b5d23163c013b317157516087804f895a8d11e258572a5ffbb493a0ecd5c8
pg17687:char29523-30128,17687,Il libro delle figurazioni ideali,"Lucini, Gian Pietro",,pending_candidate_level_attribution_audit,nineteenth_century_bridge,Project Gutenberg,https://www.gutenberg.org/ebooks/17687,structural_14_line,8-6,14,"«Quindi, vagare le galee vermiglie,",«e guida nuda Oriana e strofe e coro.,29523,30128,c91241bb46109c2608e8801c44e7b0470d90b6aace70a57128746677b7a406c7,66fb55fca9ef1f81cd15a961742a4cccd55e753bc21bf06fabc997e6a5b5532f,eligible_standard_sonnet_pending_processed_build,accept_structurally_verified_standard_sonnet,Bounded fourteen-line Italian poem has a coherent sonnet octave-and-sestet or quatrain-and-tercet rhyme structure.,,,,,standard_sonnets,eligible_pending_v7_and_poem_attribution,standard_sonnet_materialized_pending_v7,data/processed/project_gutenberg_resolved_v1/standard_sonnets/part-0001.txt,4691,5230,524,539,14,66fb55fca9ef1f81cd15a961742a4cccd55e753bc21bf06fabc997e6a5b5532f
pg17687:char30304-30903,17687,Il libro delle figurazioni ideali,"Lucini, Gian Pietro",,pending_candidate_level_attribution_audit,nineteenth_century_bridge,Project Gutenberg,https://www.gutenberg.org/ebooks/17687,structural_14_line,8-6,14,"«Ma Oriana sta nelli ampi suoi verzieri,",«corrente mette capo ad Acheronte.»,30304,30903,c1e17a645d7af1b64e178a24c6f7e34e89b277c48ff147fa5d1c34ad7cdd91ea,cc3ee3c6ca3e73607818c2c475f21e659e8b2c3642b81c1f95898be8696bb7b9,eligible_standard_sonnet_pending_processed_build,accept_structurally_verified_standard_sonnet,Bounded fourteen-line Italian poem has a coherent sonnet octave-and-sestet or quatrain-and-tercet rhyme structure.,,,,,standard_sonnets,eligible_pending_v7_and_poem_attribution,standard_sonnet_materialized_pending_v7,data/processed/project_gutenberg_resolved_v1/standard_sonnets/part-0001.txt,5231,5762,516,531,14,cc3ee3c6ca3e73607818c2c475f21e659e8b2c3642b81c1f95898be8696bb7b9
pg17687:char31066-31661,17687,Il libro delle figurazioni ideali,"Lucini, Gian Pietro",,pending_candidate_level_attribution_audit,nineteenth_century_bridge,Project Gutenberg,https://www.gutenberg.org/ebooks/17687,structural_14_line,8-6,14,Ed ammonia: «Così io; dalla stanza,«dei biondi teschi accorrà lo sparviere.»,31066,31661,979edc795d1b4b8692d983160f0a32f8e22e2f8acccc223539d6b66f4c9c6fb2,28c768e73442669afdbf5129b221eee3c3665ac618cd202a6c43724fa4ab1eba,eligible_standard_sonnet_pending_processed_build,accept_structurally_verified_standard_sonnet,Bounded fourteen-line Italian poem has a coherent sonnet octave-and-sestet or quatrain-and-tercet rhyme structure.,,,,,standard_sonnets,eligible_pending_v7_and_poem_attribution,standard_sonnet_materialized_pending_v7,data/processed/project_gutenberg_resolved_v1/standard_sonnets/part-0001.txt,5763,6295,514,532,14,28c768e73442669afdbf5129b221eee3c3665ac618cd202a6c43724fa4ab1eba
pg17687:char32034-32629,17687,Il libro delle figurazioni ideali,"Lucini, Gian Pietro",,pending_candidate_level_attribution_audit,nineteenth_century_bridge,Project Gutenberg,https://www.gutenberg.org/ebooks/17687,structural_14_line,8-6,14,"Prostesa Ella fatale e sovrumana,","«Sempre sperando nel sogno, o Fratelli!»",32034,32629,ac1543480a1b5880ced8108495ec441b1f2e12317471b195c57760e602cf744f,c87619109e165c193d5a8b1481b8d1446a9a178bce4c5ddb34ffdafd9e5d1ad9,eligible_standard_sonnet_pending_processed_build,accept_structurally_verified_standard_sonnet,Bounded fourteen-line Italian poem has a coherent sonnet octave-and-sestet or quatrain-and-tercet rhyme structure.,,,,,standard_sonnets,eligible_pending_v7_and_poem_attribution,standard_sonnet_materialized_pending_v7,data/processed/project_gutenberg_resolved_v1/standard_sonnets/part-0001.txt,6296,6818,512,522,14,c87619109e165c193d5a8b1481b8d1446a9a178bce4c5ddb34ffdafd9e5d1ad9
pg17687:char32809-33389,17687,Il libro delle figurazioni ideali,"Lucini, Gian Pietro",,pending_candidate_level_attribution_audit,nineteenth_century_bridge,Project Gutenberg,https://www.gutenberg.org/ebooks/17687,structural_14_line,8-6,14,Videro le Galee rider dal mare,veleggiar per region' non pria tentate.,32809,33389,49f44eaef2aaa35469c49b0e6aeca4bf05a1887aa4fc58503108efbf20c2e8bd,4c75df881e57f6321199873aecc6b68d1f8ce37d8d0f89c7410a4dcfeb40ae02,eligible_standard_sonnet_pending_processed_build,accept_structurally_verified_standard_sonnet,Bounded fourteen-line Italian poem has a coherent sonnet octave-and-sestet or quatrain-and-tercet rhyme structure.,,,,,standard_sonnets,eligible_pending_v7_and_poem_attribution,standard_sonnet_materialized_pending_v7,data/processed/project_gutenberg_resolved_v1/standard_sonnets/part-0001.txt,6819,7321,497,502,14,4c75df881e57f6321199873aecc6b68d1f8ce37d8d0f89c7410a4dcfeb40ae02
pg17687:char33574-34163,17687,Il libro delle figurazioni ideali,"Lucini, Gian Pietro",,pending_candidate_level_attribution_audit,nineteenth_century_bridge,Project Gutenberg,https://www.gutenberg.org/ebooks/17687,structural_14_line,8-6,14,«Già le bracie splendettero ai fornelli,dell'Or che l'alambicco non appaga.,33574,34163,ceaccc66af0d7099db3ff4248fc08feba45201092e9eba59cf75b7ac997c135e,0f0b45afcafaed15468e856b6ec013f1d0a06b3eb2a3697df8dac66dc4d87f00,eligible_standard_sonnet_pending_processed_build,accept_structurally_verified_standard_sonnet,Bounded fourteen-line Italian poem has a coherent sonnet octave-and-sestet or quatrain-and-tercet rhyme structure.,,,,,standard_sonnets,eligible_pending_v7_and_poem_attribution,standard_sonnet_materialized_pending_v7,data/processed/project_gutenberg_resolved_v1/standard_sonnets/part-0001.txt,7322,7835,508,513,14,0f0b45afcafaed15468e856b6ec013f1d0a06b3eb2a3697df8dac66dc4d87f00
pg17687:char34343-34933,17687,Il libro delle figurazioni ideali,"Lucini, Gian Pietro",,pending_candidate_level_attribution_audit,nineteenth_century_bridge,Project Gutenberg,https://www.gutenberg.org/ebooks/17687,structural_14_line,8-6,14,Acrasia c'invitava ai suoi festini,"oltre al Signor, siede Illusione in groppa:",34343,34933,d96e53dde694a4e9ff7290abe91e45934fcd93b63cc664bae5690e173ba6b403,a2befbd3ca0cb4e0f1ebc15dab17d782a7c56d0fdcea0cd15c3656281672635a,eligible_standard_sonnet_pending_processed_build,accept_structurally_verified_standard_sonnet,Bounded fourteen-line Italian poem has a coherent sonnet octave-and-sestet or quatrain-and-tercet rhyme structure.,,,,,standard_sonnets,eligible_pending_v7_and_poem_attribution,standard_sonnet_materialized_pending_v7,data/processed/project_gutenberg_resolved_v1/standard_sonnets/part-0001.txt,7836,8348,509,512,14,a2befbd3ca0cb4e0f1ebc15dab17d782a7c56d0fdcea0cd15c3656281672635a
pg17687:char35123-35704,17687,Il libro delle figurazioni ideali,"Lucini, Gian Pietro",,pending_candidate_level_attribution_audit,nineteenth_century_bridge,Project Gutenberg,https://www.gutenberg.org/ebooks/17687,structural_14_line,8-6,14,Suonâr le note or meste ed or giulive,a ricercare il Verbo dell'Amore.,35123,35704,81f63655c4e3105d86b382c3bd6ae5dc5480f7ae67503d31d33ff5e000cab799,587aa437026a6c1c172582cf3f978ad0fb2348d5a9f77225df9e0210f028f989,eligible_standard_sonnet_pending_processed_build,accept_structurally_verified_standard_sonnet,Bounded fourteen-line Italian poem has a coherent sonnet octave-and-sestet or quatrain-and-tercet rhyme structure.,,,,,standard_sonnets,eligible_pending_v7_and_poem_attribution,standard_sonnet_materialized_pending_v7,data/processed/project_gutenberg_resolved_v1/standard_sonnets/part-0001.txt,8349,8851,498,502,14,587aa437026a6c1c172582cf3f978ad0fb2348d5a9f77225df9e0210f028f989
pg17687:char35901-36511,17687,Il libro delle figurazioni ideali,"Lucini, Gian Pietro",,pending_candidate_level_attribution_audit,nineteenth_century_bridge,Project Gutenberg,https://www.gutenberg.org/ebooks/17687,structural_14_line,8-6,14,"Disse Gloriana, e via per le fiorite","salutasse all'arrivo, erto in sul lito.",35901,36511,e9e3a2cc2c444abfd8bd373951151f30cb90fd27e67f57d048312e9847c94ce6,b3e7845f46d03d959c5639490a7c67d49424791fa22f916863a12eaf4a8778df,eligible_standard_sonnet_pending_processed_build,accept_structurally_verified_standard_sonnet,Bounded fourteen-line Italian poem has a coherent sonnet octave-and-sestet or quatrain-and-tercet rhyme structure.,,,,,standard_sonnets,eligible_pending_v7_and_poem_attribution,standard_sonnet_materialized_pending_v7,data/processed/project_gutenberg_resolved_v1/standard_sonnets/part-0001.txt,8852,9382,527,530,14,b3e7845f46d03d959c5639490a7c67d49424791fa22f916863a12eaf4a8778df
pg17687:char36698-37296,17687,Il libro delle figurazioni ideali,"Lucini, Gian Pietro",,pending_candidate_level_attribution_audit,nineteenth_century_bridge,Project Gutenberg,https://www.gutenberg.org/ebooks/17687,structural_14_line,8-6,14,"Più avanti, avanti ancora. I miei palazzi,",baci alle donne ed anima ai misteri!,36698,37296,62d99c8dd6b7b2a1391fff2bb49a10827292b75977ee57139463304962f62041,d7f7322cd4cc1ab2c03681cb747e639383a69602fea66bba1bfc90c00724bc24,eligible_standard_sonnet_pending_processed_build,accept_structurally_verified_standard_sonnet,Bounded fourteen-line Italian poem has a coherent sonnet octave-and-sestet or quatrain-and-tercet rhyme structure.,,,,,standard_sonnets,eligible_pending_v7_and_poem_attribution,standard_sonnet_materialized_pending_v7,data/processed/project_gutenberg_resolved_v1/standard_sonnets/part-0001.txt,9383,9900,515,517,14,d7f7322cd4cc1ab2c03681cb747e639383a69602fea66bba1bfc90c00724bc24
pg17687:char37474-38085,17687,Il libro delle figurazioni ideali,"Lucini, Gian Pietro",,pending_candidate_level_attribution_audit,nineteenth_century_bridge,Project Gutenberg,https://www.gutenberg.org/ebooks/17687,structural_14_line,8-6,14,E ancora e sempre avanti; e se i palagi,come vessillo per l'immensa piana.,37474,38085,2e7c5c982043cde4dc2f934c31858bcf73d319226ccd78853a0f4716928d9b1b,b520f04b469408587d4ad55cd71cdee63c3950898725cca121a4bfb6bcfecd11,eligible_standard_sonnet_pending_processed_build,accept_structurally_verified_standard_sonnet,Bounded fourteen-line Italian poem has a coherent sonnet octave-and-sestet or quatrain-and-tercet rhyme structure.,,,,,standard_sonnets,eligible_pending_v7_and_poem_attribution,standard_sonnet_materialized_pending_v7,data/processed/project_gutenberg_resolved_v1/standard_sonnets/part-0001.txt,9901,10430,528,529,14,b520f04b469408587d4ad55cd71cdee63c3950898725cca121a4bfb6bcfecd11
pg17687:char56339-56923,17687,Il libro delle figurazioni ideali,"Lucini, Gian Pietro",,pending_candidate_level_attribution_audit,nineteenth_century_bridge,Project Gutenberg,https://www.gutenberg.org/ebooks/17687,structural_14_line,8-6,14,Leziosa pastorella incipriata,a cantarvi l'omaggi trionfali.,56339,56923,418b414351c1d6f196d3f2ead36376f81c19af214c31d93c52c68e21e2785368,c5fab365fafa89078d5a24d56f17a010a02fff7cdbe6d880ac9af3082e3ed498,eligible_standard_sonnet_pending_processed_build,accept_structurally_verified_standard_sonnet,Bounded fourteen-line Italian poem has a coherent sonnet octave-and-sestet or quatrain-and-tercet rhyme structure.,,,,,standard_sonnets,eligible_pending_v7_and_poem_attribution,standard_sonnet_materialized_pending_v7,data/processed/project_gutenberg_resolved_v1/standard_sonnets/part-0001.txt,10431,10935,503,504,14,c5fab365fafa89078d5a24d56f17a010a02fff7cdbe6d880ac9af3082e3ed498
pg17687:char56930-57515,17687,Il libro delle figurazioni ideali,"Lucini, Gian Pietro",,pending_candidate_level_attribution_audit,nineteenth_century_bridge,Project Gutenberg,https://www.gutenberg.org/ebooks/17687,structural_14_line,8-6,14,"Idolo strano, sotto un padiglione","la mia voce, divina incantatrice!",56930,57515,a371aac8eb206e48698924026a904d79745cccb39af11322188930209b102967,8a57c58c4b90ff31f9f4c8cfa890d120e5bfd3232eb3a2d947665cf84225ef43,eligible_standard_sonnet_pending_processed_build,accept_structurally_verified_standard_sonnet,Bounded fourteen-line Italian poem has a coherent sonnet octave-and-sestet or quatrain-and-tercet rhyme structure.,,,,,standard_sonnets,eligible_pending_v7_and_poem_attribution,standard_sonnet_materialized_pending_v7,data/processed/project_gutenberg_resolved_v1/standard_sonnets/part-0001.txt,10936,11441,504,505,14,8a57c58c4b90ff31f9f4c8cfa890d120e5bfd3232eb3a2d947665cf84225ef43
pg17687:char57523-58107,17687,Il libro delle figurazioni ideali,"Lucini, Gian Pietro",,pending_candidate_level_attribution_audit,nineteenth_century_bridge,Project Gutenberg,https://www.gutenberg.org/ebooks/17687,structural_14_line,8-6,14,"I miei Desiri, cupidi sparvieri,",mentre il riso ringrazia alli sparvieri.,57523,58107,779afcd860b10bbf7e670fb2a223563dc33902fc2e1c332b7275a379a890616c,f87519601656d3858ac75566ba02503618ef8f032a38fcd36a6c2e8cda6aa8c5,eligible_standard_sonnet_pending_processed_build,accept_structurally_verified_standard_sonnet,Bounded fourteen-line Italian poem has a coherent sonnet octave-and-sestet or quatrain-and-tercet rhyme structure.,,,,,standard_sonnets,eligible_pending_v7_and_poem_attribution,standard_sonnet_materialized_pending_v7,data/processed/project_gutenberg_resolved_v1/standard_sonnets/part-0001.txt,11442,11946,503,504,14,f87519601656d3858ac75566ba02503618ef8f032a38fcd36a6c2e8cda6aa8c5
pg17687:char58114-58712,17687,Il libro delle figurazioni ideali,"Lucini, Gian Pietro",,pending_candidate_level_attribution_audit,nineteenth_century_bridge,Project Gutenberg,https://www.gutenberg.org/ebooks/17687,structural_14_line,8-6,14,"Tenea sotto un broccato a padiglione,",lasciâr la Coppa muta di splendori.,58114,58712,a508038c9899cb404bffb3b959e87b41229e5ae217d997d18dab96b8ff478d08,0555c2d05bc0cfcd78615c510f39f18878da96a06415c5af0b6d185839b98991,eligible_standard_sonnet_pending_processed_build,accept_structurally_verified_standard_sonnet,Bounded fourteen-line Italian poem has a coherent sonnet octave-and-sestet or quatrain-and-tercet rhyme structure.,,,,,standard_sonnets,eligible_pending_v7_and_poem_attribution,standard_sonnet_materialized_pending_v7,data/processed/project_gutenberg_resolved_v1/standard_sonnets/part-0001.txt,11947,12465,517,518,14,0555c2d05bc0cfcd78615c510f39f18878da96a06415c5af0b6d185839b98991
pg17687:char58718-59309,17687,Il libro delle figurazioni ideali,"Lucini, Gian Pietro",,pending_candidate_level_attribution_audit,nineteenth_century_bridge,Project Gutenberg,https://www.gutenberg.org/ebooks/17687,structural_14_line,8-6,14,Mitico serpe candido e rosato,"nè cessano, morendo, l'armonia.",58718,59309,4d43ecec0f77b84511427b9dfc6f67dec269f4fe5b7cfbe715b071c0d45da40a,88857f0c6843d3f74b48d2bf0cfb7380c0cd414d3285dec69dbdee85ca6266bb,eligible_standard_sonnet_pending_processed_build,accept_structurally_verified_standard_sonnet,Bounded fourteen-line Italian poem has a coherent sonnet octave-and-sestet or quatrain-and-tercet rhyme structure.,,,,,standard_sonnets,eligible_pending_v7_and_poem_attribution,standard_sonnet_materialized_pending_v7,data/processed/project_gutenberg_resolved_v1/standard_sonnets/part-0001.txt,12466,12980,510,514,14,88857f0c6843d3f74b48d2bf0cfb7380c0cd414d3285dec69dbdee85ca6266bb
pg17687:char59316-59899,17687,Il libro delle figurazioni ideali,"Lucini, Gian Pietro",,pending_candidate_level_attribution_audit,nineteenth_century_bridge,Project Gutenberg,https://www.gutenberg.org/ebooks/17687,structural_14_line,8-6,14,"Stava nel Tempio, dove io solo adoro,",fattura e stolto più l'amarla.»,59316,59899,90b768740a5412557b7cf4839bad60ae469a610d7b08eed248f900f864760c0e,bbfb45ac8441996729ba441998925383c7e0ff124fc6bac1817368bf669fad57,eligible_standard_sonnet_pending_processed_build,accept_structurally_verified_standard_sonnet,Bounded fourteen-line Italian poem has a coherent sonnet octave-and-sestet or quatrain-and-tercet rhyme structure.,,,,,standard_sonnets,eligible_pending_v7_and_poem_attribution,standard_sonnet_materialized_pending_v7,data/processed/project_gutenberg_resolved_v1/standard_sonnets/part-0001.txt,12981,13493,502,512,14,bbfb45ac8441996729ba441998925383c7e0ff124fc6bac1817368bf669fad57
pg17687:char59907-60490,17687,Il libro delle figurazioni ideali,"Lucini, Gian Pietro",,pending_candidate_level_attribution_audit,nineteenth_century_bridge,Project Gutenberg,https://www.gutenberg.org/ebooks/17687,structural_14_line,8-6,14,"Penelope moderna, dalle spole",nè disfate: e la tela è un fazzoletto.,59907,60490,fdab7b892dd0dc9f9cecbd086d56816ce531c890cfd22ecead443e34df39ef65,1607463f9f917ce33926e16538d1a914dc7f17bdd655c1c62852db5431d76273,eligible_standard_sonnet_pending_processed_build,accept_structurally_verified_standard_sonnet,Bounded fourteen-line Italian poem has a coherent sonnet octave-and-sestet or quatrain-and-tercet rhyme structure.,,,,,standard_sonnets,eligible_pending_v7_and_poem_attribution,standard_sonnet_materialized_pending_v7,data/processed/project_gutenberg_resolved_v1/standard_sonnets/part-0001.txt,13494,13999,502,505,14,1607463f9f917ce33926e16538d1a914dc7f17bdd655c1c62852db5431d76273
pg17687:char60499-61099,17687,Il libro delle figurazioni ideali,"Lucini, Gian Pietro",,pending_candidate_level_attribution_audit,nineteenth_century_bridge,Project Gutenberg,https://www.gutenberg.org/ebooks/17687,structural_14_line,8-6,14,"Il tappeto su cui, Bella, danzate","l'occhio ridendo ancor, calmo e divino.",60499,61099,6dbf14f109b0c4f7aef8a25a3fd7b8a562a32e766641cb6375828abe016d2dbf,83489a3500ff1ea332402248bcdf7563fbadf6588ed075a0f01511ab719ac9c2,eligible_standard_sonnet_pending_processed_build,accept_structurally_verified_standard_sonnet,Bounded fourteen-line Italian poem has a coherent sonnet octave-and-sestet or quatrain-and-tercet rhyme structure.,,,,,standard_sonnets,eligible_pending_v7_and_poem_attribution,standard_sonnet_materialized_pending_v7,data/processed/project_gutenberg_resolved_v1/standard_sonnets/part-0001.txt,14000,14522,519,522,14,83489a3500ff1ea332402248bcdf7563fbadf6588ed075a0f01511ab719ac9c2
pg17687:char61106-61703,17687,Il libro delle figurazioni ideali,"Lucini, Gian Pietro",,pending_candidate_level_attribution_audit,nineteenth_century_bridge,Project Gutenberg,https://www.gutenberg.org/ebooks/17687,structural_14_line,8-6,14,Coi lucidi guinzagli il buon Valletto,"ebra, la mente al suo Piacere Iddio.",61106,61703,1a0edd1c51e86358befccc1567dc79e03e43c76d886cb7cd1edddfff06c2a7e8,980b02805f750b9904b3b2905ab001ec6a96ef65e50bae40f6ea7bd62743ac3d,eligible_standard_sonnet_pending_processed_build,accept_structurally_verified_standard_sonnet,Bounded fourteen-line Italian poem has a coherent sonnet octave-and-sestet or quatrain-and-tercet rhyme structure.,,,,,standard_sonnets,eligible_pending_v7_and_poem_attribution,standard_sonnet_materialized_pending_v7,data/processed/project_gutenberg_resolved_v1/standard_sonnets/part-0001.txt,14523,15042,516,519,14,980b02805f750b9904b3b2905ab001ec6a96ef65e50bae40f6ea7bd62743ac3d
pg17687:char61709-62300,17687,Il libro delle figurazioni ideali,"Lucini, Gian Pietro",,pending_candidate_level_attribution_audit,nineteenth_century_bridge,Project Gutenberg,https://www.gutenberg.org/ebooks/17687,structural_14_line,8-6,14,"Ma poi ch'io diverrò canuto e affranto,",tenterò flebilmente la Romanza.,61709,62300,7f8064392d390960fa21c15e73792f8f988aa7a28f6de6545d7735d78b2109b6,9e05cd6a3b1cdbe82ed8f7bd95ab2cf46cf003a8ced9e95856c86d00e84e2cc1,eligible_standard_sonnet_pending_processed_build,accept_structurally_verified_standard_sonnet,Bounded fourteen-line Italian poem has a coherent sonnet octave-and-sestet or quatrain-and-tercet rhyme structure.,,,,,standard_sonnets,eligible_pending_v7_and_poem_attribution,standard_sonnet_materialized_pending_v7,data/processed/project_gutenberg_resolved_v1/standard_sonnets/part-0001.txt,15043,15560,510,517,14,9e05cd6a3b1cdbe82ed8f7bd95ab2cf46cf003a8ced9e95856c86d00e84e2cc1
pg17687:char63270-63858,17687,Il libro delle figurazioni ideali,"Lucini, Gian Pietro",,pending_candidate_level_attribution_audit,nineteenth_century_bridge,Project Gutenberg,https://www.gutenberg.org/ebooks/17687,structural_14_line,14,14,"Il plenilunio sta, Dame e Messeri,",coi mirabil'incanti della notte.,63270,63858,4738e72dd490a9987ce8b458c2b704a4c8bcf7662fe3afc1ba226146aa923d39,26432c27d1f71fb129d64169f2c6a3c1d4af9369686ca9922a9faf147eb40373,eligible_standard_sonnet_pending_processed_build,accept_structurally_verified_standard_sonnet,Bounded fourteen-line Italian poem has a coherent sonnet octave-and-sestet or quatrain-and-tercet rhyme structure.,,,,,standard_sonnets,eligible_pending_v7_and_poem_attribution,standard_sonnet_materialized_pending_v7,data/processed/project_gutenberg_resolved_v1/standard_sonnets/part-0001.txt,15561,16067,506,506,14,26432c27d1f71fb129d64169f2c6a3c1d4af9369686ca9922a9faf147eb40373
pg17687:char83648-84055,17687,Il libro delle figurazioni ideali,"Lucini, Gian Pietro",,pending_candidate_level_attribution_audit,nineteenth_century_bridge,Project Gutenberg,https://www.gutenberg.org/ebooks/17687,structural_14_line,14,14,Il preludio del giorno,"e avanti ancor, cantiamo.",83648,84055,18dc8be6807b3fbf3cff0945b17e64047c3d8139106d219a40e3248a1a63ef2a,ba152b61d2668e869146f65422ebc4c97893d09f5297fa9884451513d9e549fe,exclude_manual_not_sonnet,exclude_not_sonnet,"Fourteen short refrain-like lines form a dramatic air, not a standard sonnet.",,,,,not_standard_sonnet_artifact,excluded_from_sonnet_corpus,not_materialized_exclude_manual_not_sonnet,,,,0,0,0,e3b0c44298fc1c149afbf4c8996fb92427ae41e4649b934ca495991b7852b855
pg17687:char85066-85633,17687,Il libro delle figurazioni ideali,"Lucini, Gian Pietro",,pending_candidate_level_attribution_audit,nineteenth_century_bridge,Project Gutenberg,https://www.gutenberg.org/ebooks/17687,structural_14_line,8-6,14,"Sbuffò il polledro ancor, nè pel deserto","«vado, alla Morte!»",85066,85633,6f00ffdad457cfb9cadda7b04fff305b31cb06d625c7c840842a0e094b6a4d56,72bb6682bc6732e16a34ca8399cfea855f30f13d1f160e9ac3712ec404620c50,exclude_manual_not_sonnet,exclude_not_sonnet,"Window is the tail of a longer narrative passage with irregular stanza structure, not a sonnet.",,,,,not_standard_sonnet_artifact,excluded_from_sonnet_corpus,not_materialized_exclude_manual_not_sonnet,,,,0,0,0,e3b0c44298fc1c149afbf4c8996fb92427ae41e4649b934ca495991b7852b855
pg17905:char41588-42143,17905,Vecchie cadenze e nuove,"De Marchi, Emilio",,pending_candidate_level_attribution_audit,nineteenth_century_bridge,Project Gutenberg,https://www.gutenberg.org/ebooks/17905,structural_14_line,4-4-3-3,14,"Vorrei, se fossi il Re delle magìe,",Farei nel core gli amorosi incanti.,41588,42143,24217be5850b146dfa4440b75dedefb0fd553f1410956175d7496465fc96184b,83e52a8f71efb22bd1bdb3b6d03775046ca4354ed2558bcf045c0d5058cf7531,eligible_standard_sonnet_pending_processed_build,accept_structurally_verified_standard_sonnet,Bounded fourteen-line Italian poem has a coherent sonnet octave-and-sestet or quatrain-and-tercet rhyme structure.,,,,,standard_sonnets,eligible_pending_v7_and_poem_attribution,standard_sonnet_materialized_pending_v7,data/processed/project_gutenberg_resolved_v1/standard_sonnets/part-0001.txt,16068,16573,504,505,14,83e52a8f71efb22bd1bdb3b6d03775046ca4354ed2558bcf045c0d5058cf7531
pg17905:char42152-42716,17905,Vecchie cadenze e nuove,"De Marchi, Emilio",,pending_candidate_level_attribution_audit,nineteenth_century_bridge,Project Gutenberg,https://www.gutenberg.org/ebooks/17905,structural_14_line,4-4-3-3,14,"Allora, o verga magica, vorrei","A chieder grazia, disciogliendo il crine.",42152,42716,7d5620382fa2922dc2f1652835d8863bb82d95af7886f703b2a35ffa0c098201,26f897c82b4141995d9b5438acc894004927bb321f573766e9ef806f21be01b2,eligible_standard_sonnet_pending_processed_build,accept_structurally_verified_standard_sonnet,Bounded fourteen-line Italian poem has a coherent sonnet octave-and-sestet or quatrain-and-tercet rhyme structure.,,,,,standard_sonnets,eligible_pending_v7_and_poem_attribution,standard_sonnet_materialized_pending_v7,data/processed/project_gutenberg_resolved_v1/standard_sonnets/part-0001.txt,16574,17088,513,514,14,26f897c82b4141995d9b5438acc894004927bb321f573766e9ef806f21be01b2
pg17905:char42726-43287,17905,Vecchie cadenze e nuove,"De Marchi, Emilio",,pending_candidate_level_attribution_audit,nineteenth_century_bridge,Project Gutenberg,https://www.gutenberg.org/ebooks/17905,structural_14_line,4-4-3-3,14,Al nuovo cenno si aprirebbe il coro,E tramutato il mondo in Norimberga.,42726,43287,cf0ca11963eaae5304d8bb7a28ab2a13e8e012871ea618c147a2cd73edb05d6f,a2d4bea34b6229b38b0014bcd6d48455e54eda6d6b152f3b5a4d8b68e87ae6e5,eligible_standard_sonnet_pending_processed_build,accept_structurally_verified_standard_sonnet,Bounded fourteen-line Italian poem has a coherent sonnet octave-and-sestet or quatrain-and-tercet rhyme structure.,,,,,standard_sonnets,eligible_pending_v7_and_poem_attribution,standard_sonnet_materialized_pending_v7,data/processed/project_gutenberg_resolved_v1/standard_sonnets/part-0001.txt,17089,17600,510,511,14,a2d4bea34b6229b38b0014bcd6d48455e54eda6d6b152f3b5a4d8b68e87ae6e5
pg17905:char122406-122980,17905,Vecchie cadenze e nuove,"De Marchi, Emilio",,pending_candidate_level_attribution_audit,nineteenth_century_bridge,Project Gutenberg,https://www.gutenberg.org/ebooks/17905,structural_14_line,4-4-3-3,14,"Ombre placide e molli, ombre silenti",Ed il fuggire d'una rosea vesta.,122406,122980,130c560003259d8c066eb894982aedbdf0b620ec1ea07ed47227f58fa695fa27,4ff75857d255ad1d51a656b168ada450514aaa6f7fbdc08120fefc94b8bf5676,eligible_standard_sonnet_pending_processed_build,accept_structurally_verified_standard_sonnet,Bounded fourteen-line Italian poem has a coherent sonnet octave-and-sestet or quatrain-and-tercet rhyme structure.,,,,,standard_sonnets,eligible_pending_v7_and_poem_attribution,standard_sonnet_materialized_pending_v7,data/processed/project_gutenberg_resolved_v1/standard_sonnets/part-0001.txt,17601,18126,523,525,14,4ff75857d255ad1d51a656b168ada450514aaa6f7fbdc08120fefc94b8bf5676
pg17905:char123010-123548,17905,Vecchie cadenze e nuove,"De Marchi, Emilio",,pending_candidate_level_attribution_audit,nineteenth_century_bridge,Project Gutenberg,https://www.gutenberg.org/ebooks/17905,structural_14_line,4-4-3-3,14,Mentre le luci di mia vita a poco,A ricercar le vecchie corde invano.,123010,123548,bd86671d9022934f829ac03f5e8af5c43c85ca2a62fe7ab8087f1c3b9d62ebc7,11d4e046f529960db9ded94ce910be8e343718d5fadaa04eb7829f773f50c337,eligible_standard_sonnet_pending_processed_build,accept_structurally_verified_standard_sonnet,Bounded fourteen-line Italian poem has a coherent sonnet octave-and-sestet or quatrain-and-tercet rhyme structure.,,,,,standard_sonnets,eligible_pending_v7_and_poem_attribution,standard_sonnet_materialized_pending_v7,data/processed/project_gutenberg_resolved_v1/standard_sonnets/part-0001.txt,18127,18614,487,487,14,11d4e046f529960db9ded94ce910be8e343718d5fadaa04eb7829f773f50c337
pg17906:char62994-63886,17906,Libro proibito,"Ghislanzoni, Antonio",,pending_candidate_level_attribution_audit,nineteenth_century_bridge,Project Gutenberg,https://www.gutenberg.org/ebooks/17906,structural_14_line,14,14,"[22] L'opinione, accreditata dai pedanti, che la vitalità dì un",di lingua.,62994,63886,93d1b7e88f66977aa81fe9e5a15dc8e934c12aa96b1b33932fc683b1f8182ac8,541a02f36cc6d4a55706f19e6cf80286f22b958b3919901e2aad2be39331415a,exclude_manual_not_sonnet,exclude_not_sonnet,"Fourteen-line detector window is prose footnote material, not verse or a bounded sonnet.",,,,,not_standard_sonnet_artifact,excluded_from_sonnet_corpus,not_materialized_exclude_manual_not_sonnet,,,,0,0,0,e3b0c44298fc1c149afbf4c8996fb92427ae41e4649b934ca495991b7852b855
pg19428:char21555-22177,19428,Le nostalgie,"Gualdo, Luigi",,pending_candidate_level_attribution_audit,nineteenth_century_bridge,Project Gutenberg,https://www.gutenberg.org/ebooks/19428,structural_14_line,14,14,"Ella avea chiuso gli occhi, e quasi inconsciente",E con le labbra ardenti le dolci labbra prese.,21555,22177,837fd176200e05e447ad96a39f5c9bdc50ed3e40c7bbce1bc4f4e63b49b2ae61,53b5ee53807aff68edfe46fd921a503d6720df254149ef27c6be75a7a2eda0dc,exclude_manual_not_sonnet,exclude_not_sonnet,"Fourteen-line window is a continuous narrative passage, not a bounded sonnet.",,,,,not_standard_sonnet_artifact,excluded_from_sonnet_corpus,not_materialized_exclude_manual_not_sonnet,,,,0,0,0,e3b0c44298fc1c149afbf4c8996fb92427ae41e4649b934ca495991b7852b855
pg19428:char34527-35018,19428,Le nostalgie,"Gualdo, Luigi",,pending_candidate_level_attribution_audit,nineteenth_century_bridge,Project Gutenberg,https://www.gutenberg.org/ebooks/19428,structural_14_line,4-4-3-3,14,O felice la Grecia! Sensüale,Era indulgente per la stirpe umana.,34527,35018,afb06738f3016c037f179906b31648137acfa92d55620701f3f97d2f0e462dbd,fdec757cda5679398482893173c381d55852531a2b48ade221318792095cedf2,eligible_standard_sonnet_pending_processed_build,accept_structurally_verified_standard_sonnet,Bounded fourteen-line Italian poem has a coherent sonnet octave-and-sestet or quatrain-and-tercet rhyme structure.,,,,,standard_sonnets,eligible_pending_v7_and_poem_attribution,standard_sonnet_materialized_pending_v7,data/processed/project_gutenberg_resolved_v1/standard_sonnets/part-0001.txt,18615,19088,468,473,14,fdec757cda5679398482893173c381d55852531a2b48ade221318792095cedf2
pg19428:char35024-35544,19428,Le nostalgie,"Gualdo, Luigi",,pending_candidate_level_attribution_audit,nineteenth_century_bridge,Project Gutenberg,https://www.gutenberg.org/ebooks/19428,structural_14_line,4-4-3-3,14,E nella ferrea età medioevale,Con la corazza da uno stral trafitta.,35024,35544,490aa7392c17e2e72aaf3a0813e06fa8d6e200b27d215db294976536ad6cdf02,5fd1a7d35c08ffeec32ef33e19cb588547405a5a5a38d6620613f1a2f4690e0d,eligible_standard_sonnet_pending_processed_build,accept_structurally_verified_standard_sonnet,Bounded fourteen-line Italian poem has a coherent sonnet octave-and-sestet or quatrain-and-tercet rhyme structure.,,,,,standard_sonnets,eligible_pending_v7_and_poem_attribution,standard_sonnet_materialized_pending_v7,data/processed/project_gutenberg_resolved_v1/standard_sonnets/part-0001.txt,19089,19590,497,501,14,5fd1a7d35c08ffeec32ef33e19cb588547405a5a5a38d6620613f1a2f4690e0d
pg19428:char35552-36066,19428,Le nostalgie,"Gualdo, Luigi",,pending_candidate_level_attribution_audit,nineteenth_century_bridge,Project Gutenberg,https://www.gutenberg.org/ebooks/19428,structural_14_line,4-4-3-3,14,"Poi divenne l'amor falso, elegante,",Col core pronto ai capricciosi eventi.,35552,36066,2c69646d9fb054850f9e6b6a9d188f3b54b72ec01e422e0b8b851a73b52e4fd2,618692a9c9a33ccf2f43c26016ac47663407326b2f28617365e98338017dcfb6,eligible_standard_sonnet_pending_processed_build,accept_structurally_verified_standard_sonnet,Bounded fourteen-line Italian poem has a coherent sonnet octave-and-sestet or quatrain-and-tercet rhyme structure.,,,,,standard_sonnets,eligible_pending_v7_and_poem_attribution,standard_sonnet_materialized_pending_v7,data/processed/project_gutenberg_resolved_v1/standard_sonnets/part-0001.txt,19591,20084,491,493,14,618692a9c9a33ccf2f43c26016ac47663407326b2f28617365e98338017dcfb6
pg19428:char36076-36611,19428,Le nostalgie,"Gualdo, Luigi",,pending_candidate_level_attribution_audit,nineteenth_century_bridge,Project Gutenberg,https://www.gutenberg.org/ebooks/19428,structural_14_line,4-4-3-3,14,Nella vita moderna comprendiamo,E sogniam d'Abelardo e d'Eloisa.,36076,36611,b6addef365d760158a3a5681fb2e47ac199271a83441c4c4c2bbcefcea014f5a,713d8885815029b46fbb844abce9f75c856631cd8dcafac21a7893a43d7144be,eligible_standard_sonnet_pending_processed_build,accept_structurally_verified_standard_sonnet,Bounded fourteen-line Italian poem has a coherent sonnet octave-and-sestet or quatrain-and-tercet rhyme structure.,,,,,standard_sonnets,eligible_pending_v7_and_poem_attribution,standard_sonnet_materialized_pending_v7,data/processed/project_gutenberg_resolved_v1/standard_sonnets/part-0001.txt,20085,20600,512,515,14,713d8885815029b46fbb844abce9f75c856631cd8dcafac21a7893a43d7144be
pg19428:char60153-60687,19428,Le nostalgie,"Gualdo, Luigi",,pending_candidate_level_attribution_audit,nineteenth_century_bridge,Project Gutenberg,https://www.gutenberg.org/ebooks/19428,explicit_sonetti_section,4-4-3-3,14,"Il palazzo è di marmo, e le fontane",E con l'edera sale pei balconi.,60153,60687,5850cbf572affad6b1462511720db29d32e88fe147d97bae9d3a7eb0cea459d7,faaa0370dfe6e67a9ce32f5fef5b3ae241a68b31a1b8bd89ead6737326393145,eligible_standard_sonnet_pending_processed_build,,,,,,,standard_sonnets,eligible_pending_v7_and_poem_attribution,standard_sonnet_materialized_pending_v7,data/processed/project_gutenberg_resolved_v1/standard_sonnets/part-0001.txt,20601,21113,511,512,14,faaa0370dfe6e67a9ce32f5fef5b3ae241a68b31a1b8bd89ead6737326393145
pg19428:char60721-61253,19428,Le nostalgie,"Gualdo, Luigi",,pending_candidate_level_attribution_audit,nineteenth_century_bridge,Project Gutenberg,https://www.gutenberg.org/ebooks/19428,explicit_sonetti_section,4-4-3-3,14,Credete che la forma passaggiera,Ed in quel dì perdoneremo al fato.,60721,61253,5e311f24e695532aa108f7648e5e45f2a746dbd15d0aee8fa83d5949afb40e38,1d645b853904d2ce94bd7477f0c857b5d9beca0684444c4d5640f98aed55143a,eligible_standard_sonnet_pending_processed_build,,,,,,,standard_sonnets,eligible_pending_v7_and_poem_attribution,standard_sonnet_materialized_pending_v7,data/processed/project_gutenberg_resolved_v1/standard_sonnets/part-0001.txt,21114,21629,509,515,14,1d645b853904d2ce94bd7477f0c857b5d9beca0684444c4d5640f98aed55143a
pg19428:char61275-61790,19428,Le nostalgie,"Gualdo, Luigi",,pending_candidate_level_attribution_audit,nineteenth_century_bridge,Project Gutenberg,https://www.gutenberg.org/ebooks/19428,explicit_sonetti_section,4-4-3-3,14,"La testa, il busto suo da imperatrice",L'irrequieto spirto che non posa.,61275,61790,b46762ad07509244368654352432431b76f98fbcd29413790ac00c22345feb51,98f1fb66834a61f5b950f5cf6789d99e58bbfe1e1fdcf7a0de89f61d6e395e17,eligible_standard_sonnet_pending_processed_build,,,,,,,standard_sonnets,eligible_pending_v7_and_poem_attribution,standard_sonnet_materialized_pending_v7,data/processed/project_gutenberg_resolved_v1/standard_sonnets/part-0001.txt,21630,22126,492,496,14,98f1fb66834a61f5b950f5cf6789d99e58bbfe1e1fdcf7a0de89f61d6e395e17
pg19428:char61813-62370,19428,Le nostalgie,"Gualdo, Luigi",,pending_candidate_level_attribution_audit,nineteenth_century_bridge,Project Gutenberg,https://www.gutenberg.org/ebooks/19428,explicit_sonetti_section,4-4-3-3,14,"Ella ha i capelli biondi e gli occhi neri,","Bionda con l'occhio ner, cupa e serena.",61813,62370,cb217c4d7ba4d6fc32c40e6f8441e6703578d58ded79080e14a8aa05e622e64b,3ea96af070f0f451d1975cdcce108a8d31ae85af2b8da293d1dac361b8c81f88,eligible_standard_sonnet_pending_processed_build,,,,,,,standard_sonnets,eligible_pending_v7_and_poem_attribution,standard_sonnet_materialized_pending_v7,data/processed/project_gutenberg_resolved_v1/standard_sonnets/part-0001.txt,22127,22662,534,535,14,3ea96af070f0f451d1975cdcce108a8d31ae85af2b8da293d1dac361b8c81f88
pg19428:char62392-62903,19428,Le nostalgie,"Gualdo, Luigi",,pending_candidate_level_attribution_audit,nineteenth_century_bridge,Project Gutenberg,https://www.gutenberg.org/ebooks/19428,explicit_sonetti_section,4-4-3-3,14,Col nero e lungo sguardo e con l'arcana,Spicca il profilo della bruna testa.,62392,62903,49ede472f67d3431e30130f520e6bdc5b98bb0f9e9b39f144abec05984dbf7b8,c1d2bf5ee594b3f8cca6106f37a8f532acb44bb2b54439b3d5d51d8bdc2f5d8c,eligible_standard_sonnet_pending_processed_build,,,,,,,standard_sonnets,eligible_pending_v7_and_poem_attribution,standard_sonnet_materialized_pending_v7,data/processed/project_gutenberg_resolved_v1/standard_sonnets/part-0001.txt,22663,23151,488,488,14,c1d2bf5ee594b3f8cca6106f37a8f532acb44bb2b54439b3d5d51d8bdc2f5d8c
pg19428:char62914-63462,19428,Le nostalgie,"Gualdo, Luigi",,pending_candidate_level_attribution_audit,nineteenth_century_bridge,Project Gutenberg,https://www.gutenberg.org/ebooks/19428,explicit_sonetti_section,4-4-3-3,14,"È un castello feudale in miniatura,",Gioiel di pietra legato in argento.,62914,63462,4faccc9f60052dbdbfa7d2c7e386155ce6f3e78848324c9ebb39507219d980a4,71c08d43b13fba33c4a10a8e4991592f9f6579434c9cdc28751840cf2b39c9b9,eligible_standard_sonnet_pending_processed_build,,,,,,,standard_sonnets,eligible_pending_v7_and_poem_attribution,standard_sonnet_materialized_pending_v7,data/processed/project_gutenberg_resolved_v1/standard_sonnets/part-0001.txt,23152,23680,525,528,14,71c08d43b13fba33c4a10a8e4991592f9f6579434c9cdc28751840cf2b39c9b9
pg19886:char447103-447462,19886,Fiore di leggende: Cantari antichi I - cantari leggendari,,,pending_candidate_level_attribution_audit,nineteenth_century_bridge,Project Gutenberg,https://www.gutenberg.org/ebooks/19886,structural_14_line,8-6,14,"XXXI, 1 E duca alor dal parlamento",8 E pensando nel gran chazo ch'era,447103,447462,440dfee7da9a7ffa58e0fb3a55d8ada5bfcfd0cb983f91623fb79e6e29c4cb62,ca67a351b1d8f44ecf438d4b66342a5048d911410e6eca4aefe4749bd7149803,exclude_manual_not_sonnet,exclude_not_sonnet,"Detector window is cantare text or critical apparatus cut at arbitrary boundaries, not a bounded sonnet.",,,,,not_standard_sonnet_artifact,excluded_from_sonnet_corpus,not_materialized_exclude_manual_not_sonnet,,,,0,0,0,e3b0c44298fc1c149afbf4c8996fb92427ae41e4649b934ca495991b7852b855
pg19886:char483602-483928,19886,Fiore di leggende: Cantari antichi I - cantari leggendari,,,pending_candidate_level_attribution_audit,nineteenth_century_bridge,Project Gutenberg,https://www.gutenberg.org/ebooks/19886,structural_14_line,8-6,14,"XXXIII, 1 M i' prendo",7 U sulle carni un ferro,483602,483928,6d3de4a9c2fd80c82c8801156836c54221a448dd7066579cf7853f3745bad989,4d676de4186a43b6c93ed29e75f1d50b143fd0d1dffad7ce72fd1868895410a4,exclude_manual_not_sonnet,exclude_not_sonnet,"Detector window is cantare text or critical apparatus cut at arbitrary boundaries, not a bounded sonnet.",,,,,not_standard_sonnet_artifact,excluded_from_sonnet_corpus,not_materialized_exclude_manual_not_sonnet,,,,0,0,0,e3b0c44298fc1c149afbf4c8996fb92427ae41e4649b934ca495991b7852b855
pg19886:char491043-491359,19886,Fiore di leggende: Cantari antichi I - cantari leggendari,,,pending_candidate_level_attribution_audit,nineteenth_century_bridge,Project Gutenberg,https://www.gutenberg.org/ebooks/19886,structural_14_line,8-6,14,"XXXVI, 3 M presto",8 U piú che lle,491043,491359,0d2b8428d9cd3176ef8adfb1f75754a397c290472ae2cd0818416ee7001b18c2,5171d7e186e48a5f223d780ad62eb78270d7a378dbc2551cb88661e1e219c0ec,exclude_manual_not_sonnet,exclude_not_sonnet,"Detector window is cantare text or critical apparatus cut at arbitrary boundaries, not a bounded sonnet.",,,,,not_standard_sonnet_artifact,excluded_from_sonnet_corpus,not_materialized_exclude_manual_not_sonnet,,,,0,0,0,e3b0c44298fc1c149afbf4c8996fb92427ae41e4649b934ca495991b7852b855
pg19886:char491685-491965,19886,Fiore di leggende: Cantari antichi I - cantari leggendari,,,pending_candidate_level_attribution_audit,nineteenth_century_bridge,Project Gutenberg,https://www.gutenberg.org/ebooks/19886,structural_14_line,8-6,14,"XL, 1 EU e poi",8 M per tutto e ogni verso,491685,491965,06e139eff91d88479b87a6c7620f8c33e30dca207551c270ffbbf7c4e88ee762,29076802c302147c59e0a95d2efb4502047aecade2637149147628c5e652171e,exclude_manual_not_sonnet,exclude_not_sonnet,"Detector window is cantare text or critical apparatus cut at arbitrary boundaries, not a bounded sonnet.",,,,,not_standard_sonnet_artifact,excluded_from_sonnet_corpus,not_materialized_exclude_manual_not_sonnet,,,,0,0,0,e3b0c44298fc1c149afbf4c8996fb92427ae41e4649b934ca495991b7852b855
pg19886:char495703-496100,19886,Fiore di leggende: Cantari antichi I - cantari leggendari,,,pending_candidate_level_attribution_audit,nineteenth_century_bridge,Project Gutenberg,https://www.gutenberg.org/ebooks/19886,structural_14_line,8-6,14,"XIV, 2 M ingniuna;",Non pianger piú che sarò tua sorella,495703,496100,86e8c24e386d716dbd51fccbc19c3510aa4f2642c333b6fb6b715eedb8687df9,75bcf3b9be6bcfc598d9125a8dc1107336925782ba54287d444a1f1fbc5a8595,exclude_manual_not_sonnet,exclude_not_sonnet,"Detector window is cantare text or critical apparatus cut at arbitrary boundaries, not a bounded sonnet.",,,,,not_standard_sonnet_artifact,excluded_from_sonnet_corpus,not_materialized_exclude_manual_not_sonnet,,,,0,0,0,e3b0c44298fc1c149afbf4c8996fb92427ae41e4649b934ca495991b7852b855
pg19886:char501554-501932,19886,Fiore di leggende: Cantari antichi I - cantari leggendari,,,pending_candidate_level_attribution_audit,nineteenth_century_bridge,Project Gutenberg,https://www.gutenberg.org/ebooks/19886,structural_14_line,8-6,14,"XLIV, 1 K E[d]",8 E simile ciento centinaia,501554,501932,b61cf53afadcbedb5d97a34474a2f9d1d3f9826068d52f890876634d064ac03d,a1fc02dbc575328ef4cc6dc6608315c0da9517d58daeed9788b884d80334a597,exclude_manual_not_sonnet,exclude_not_sonnet,"Detector window is cantare text or critical apparatus cut at arbitrary boundaries, not a bounded sonnet.",,,,,not_standard_sonnet_artifact,excluded_from_sonnet_corpus,not_materialized_exclude_manual_not_sonnet,,,,0,0,0,e3b0c44298fc1c149afbf4c8996fb92427ae41e4649b934ca495991b7852b855
pg19886:char505427-505775,19886,Fiore di leggende: Cantari antichi I - cantari leggendari,,,pending_candidate_level_attribution_audit,nineteenth_century_bridge,Project Gutenberg,https://www.gutenberg.org/ebooks/19886,structural_14_line,8-6,14,"XVI, 2 M senza piú dire",6 E chieggio a vostra,505427,505775,4afed3fac990173848c7e0726374aee73062160ece3b4056820de0a415891474,41e96e215005514b7a725af79e4e941a38c98fc8830461729f446494080e61e4,exclude_manual_not_sonnet,exclude_not_sonnet,"Detector window is cantare text or critical apparatus cut at arbitrary boundaries, not a bounded sonnet.",,,,,not_standard_sonnet_artifact,excluded_from_sonnet_corpus,not_materialized_exclude_manual_not_sonnet,,,,0,0,0,e3b0c44298fc1c149afbf4c8996fb92427ae41e4649b934ca495991b7852b855
pg19886:char514225-514934,19886,Fiore di leggende: Cantari antichi I - cantari leggendari,,,pending_candidate_level_attribution_audit,nineteenth_century_bridge,Project Gutenberg,https://www.gutenberg.org/ebooks/19886,structural_14_line,8-6,14,Quivi aveva giente de molti paesi,nuovo periodo logico.,514225,514934,1b307f5fff0ae9f2cd1ec784f04c89e57e603a796651dc5e3d6ca9911e339cb2,934ecd9aee8f264b42d336297058df3a886024cb0cf0a06c0dda35ccec91056a,exclude_manual_not_sonnet,exclude_not_sonnet,"Detector window is cantare text or critical apparatus cut at arbitrary boundaries, not a bounded sonnet.",,,,,not_standard_sonnet_artifact,excluded_from_sonnet_corpus,not_materialized_exclude_manual_not_sonnet,,,,0,0,0,e3b0c44298fc1c149afbf4c8996fb92427ae41e4649b934ca495991b7852b855
pg22502:char467392-467991,22502,Economisti del cinque e seicento,"Montanari, Geminiano;Scaruffi, Gasparo;Serra, Antonio, active 1613",,pending_candidate_level_attribution_audit,origins_through_1800,Project Gutenberg,https://www.gutenberg.org/ebooks/22502,explicit_sonetto_heading,14,14,"Quasi fiamma che SERRA angusto luoco,",come in un tempo dilettando giovi.,467392,467991,4e800c829931d6c32c0bf0389004a13680a0bbf6f264df5c8d00281888a5beca,6d49feefd5aa291ef9f63d4be39ca390b92861d5fa6441e090daf1f865760ed7,eligible_standard_sonnet_pending_processed_build,,,,,,,standard_sonnets,eligible_pending_v7_and_poem_attribution,standard_sonnet_materialized_pending_v7,data/processed/project_gutenberg_resolved_v1/standard_sonnets/part-0001.txt,23681,24223,535,542,14,6d49feefd5aa291ef9f63d4be39ca390b92861d5fa6441e090daf1f865760ed7
pg25312:char110633-111263,25312,Nabuco,"Fontana, Ferdinando",,pending_candidate_level_attribution_audit,nineteenth_century_bridge,Project Gutenberg,https://www.gutenberg.org/ebooks/25312,structural_14_line,14,14,Ah.... La ricordo!,Ed io.... la testa gli spaccai!...,110633,111263,49ddc5053ca55f257351980a467f9da001185f166b9d182d049f88539570547b,81697017fd1041d67cd230dc6979341f06bf767eb0836b9376b4102bb26b7ed9,exclude_manual_not_sonnet,exclude_not_sonnet,"Fourteen-line detector window is continuous dramatic dialogue, not a bounded sonnet.",,,,,not_standard_sonnet_artifact,excluded_from_sonnet_corpus,not_materialized_exclude_manual_not_sonnet,,,,0,0,0,e3b0c44298fc1c149afbf4c8996fb92427ae41e4649b934ca495991b7852b855
pg27825:char3724-4279,27825,Isaotta Guttadàuro ed altre poesie,"D'Annunzio, Gabriele",,pending_candidate_level_attribution_audit,nineteenth_century_bridge,Project Gutenberg,https://www.gutenberg.org/ebooks/27825,explicit_sonetto_heading,4-4-3-3,14,"PALAGIO D'ORO, nobile magione",quando Isaotta Guttadàuro sale.,3724,4279,63edc18f0d49f3521874d34f0bbe2f8709cc0e54d478836b1c33b96cae138234,b2dbcf84e2203dab86bff29da499f4af97e2c6c359a3d9ac617900d1b76927c6,eligible_standard_sonnet_pending_processed_build,,,,,,,standard_sonnets,eligible_pending_v7_and_poem_attribution,standard_sonnet_materialized_pending_v7,data/processed/project_gutenberg_resolved_v1/standard_sonnets/part-0001.txt,24224,24723,496,499,14,b2dbcf84e2203dab86bff29da499f4af97e2c6c359a3d9ac617900d1b76927c6
pg27825:char15093-15605,27825,Isaotta Guttadàuro ed altre poesie,"D'Annunzio, Gabriele",,pending_candidate_level_attribution_audit,nineteenth_century_bridge,Project Gutenberg,https://www.gutenberg.org/ebooks/27825,structural_14_line,14,14,"Ella, dritta in arcioni, agile e franca,",hannomi i Sogni?--E stetti dubitando.,15093,15605,e7c591e6c4355a9195053300aa3336be96cea18ee8ed0486d5bc6a5421e8e324,5dff382b33a0b65aaa4b4c67ab8c5826ee1e2a82c0a0783b593a1236e81455aa,exclude_manual_not_sonnet,exclude_not_sonnet,Window belongs to the explicitly labeled ballata sequence and is not a bounded sonnet.,,,,,not_standard_sonnet_artifact,excluded_from_sonnet_corpus,not_materialized_exclude_manual_not_sonnet,,,,0,0,0,e3b0c44298fc1c149afbf4c8996fb92427ae41e4649b934ca495991b7852b855
pg27825:char15772-16262,27825,Isaotta Guttadàuro ed altre poesie,"D'Annunzio, Gabriele",,pending_candidate_level_attribution_audit,nineteenth_century_bridge,Project Gutenberg,https://www.gutenberg.org/ebooks/27825,structural_14_line,14,14,Su' freschi venti odore di viole,in su' poggi di Fiesole vagando.,15772,16262,75b231086832d0c82eefde0740fa796b456150876e55841b9d236fb9812878ab,18c94fd57c8baa3ae533cc5f0154c0efc4af2c87142c6b61efe4ccab8ebcefb0,exclude_manual_not_sonnet,exclude_not_sonnet,Window belongs to the explicitly labeled ballata sequence and is not a bounded sonnet.,,,,,not_standard_sonnet_artifact,excluded_from_sonnet_corpus,not_materialized_exclude_manual_not_sonnet,,,,0,0,0,e3b0c44298fc1c149afbf4c8996fb92427ae41e4649b934ca495991b7852b855
pg27825:char16438-16951,27825,Isaotta Guttadàuro ed altre poesie,"D'Annunzio, Gabriele",,pending_candidate_level_attribution_audit,nineteenth_century_bridge,Project Gutenberg,https://www.gutenberg.org/ebooks/27825,structural_14_line,14,14,"Balzai a terra; ed ella, anche d'un salto,","scuoter li arcioni, forte respirando.",16438,16951,26aa78c3b00b4286de8446f916da23218021ec44547f3a1325763b2353776269,f73d21c91768698509af14ce220f470d84c23747e33ba3abc15d58fefaf79baa,exclude_manual_not_sonnet,exclude_not_sonnet,Window belongs to the explicitly labeled ballata sequence and is not a bounded sonnet.,,,,,not_standard_sonnet_artifact,excluded_from_sonnet_corpus,not_materialized_exclude_manual_not_sonnet,,,,0,0,0,e3b0c44298fc1c149afbf4c8996fb92427ae41e4649b934ca495991b7852b855
pg27825:char17132-17656,27825,Isaotta Guttadàuro ed altre poesie,"D'Annunzio, Gabriele",,pending_candidate_level_attribution_audit,nineteenth_century_bridge,Project Gutenberg,https://www.gutenberg.org/ebooks/27825,structural_14_line,14,14,"Oh mani belle, oh mani bianche e pure","tra le viole, ne 'l chiarore blando!",17132,17656,a2fd199d0553c0ea73c8ef6c1838f84208955f4dd55ae2f6cdd332bfcbea47e1,174f4c742b33f5d470921d379b29ee40609cb6e8da4d7a930f9434c570b39ff1,exclude_manual_not_sonnet,exclude_not_sonnet,Window belongs to the explicitly labeled ballata sequence and is not a bounded sonnet.,,,,,not_standard_sonnet_artifact,excluded_from_sonnet_corpus,not_materialized_exclude_manual_not_sonnet,,,,0,0,0,e3b0c44298fc1c149afbf4c8996fb92427ae41e4649b934ca495991b7852b855
pg27825:char17822-18348,27825,Isaotta Guttadàuro ed altre poesie,"D'Annunzio, Gabriele",,pending_candidate_level_attribution_audit,nineteenth_century_bridge,Project Gutenberg,https://www.gutenberg.org/ebooks/27825,structural_14_line,14,14,"Ora la selva, innanzi a li occhi nostri,","sogna colei ne l'animo, aspettando?--",17822,18348,fc5e7e60d39d6c6e7c6706924be66941d32c79a0f3159ae4c3bb2b9a457cec68,170625c463eb56ba4aa0fc88db2784c10e1877d712f1fa2dd50512ebe7d28776,exclude_manual_not_sonnet,exclude_not_sonnet,Window belongs to the explicitly labeled ballata sequence and is not a bounded sonnet.,,,,,not_standard_sonnet_artifact,excluded_from_sonnet_corpus,not_materialized_exclude_manual_not_sonnet,,,,0,0,0,e3b0c44298fc1c149afbf4c8996fb92427ae41e4649b934ca495991b7852b855
pg27825:char18532-19051,27825,Isaotta Guttadàuro ed altre poesie,"D'Annunzio, Gabriele",,pending_candidate_level_attribution_audit,nineteenth_century_bridge,Project Gutenberg,https://www.gutenberg.org/ebooks/27825,structural_14_line,14,14,"Ei parlò di tesori e di castella,","ampie, come in un gorgo, profondando.--",18532,19051,188a31d8bc38e1a7ee3c100513579ff3fcff91b1f54d650c0c731c34652eeb0d,78391ef9bd0129a9b3fce0c2e537a8bfb487d85e8f79ab6418b938eaf579937a,exclude_manual_not_sonnet,exclude_not_sonnet,Window belongs to the explicitly labeled ballata sequence and is not a bounded sonnet.,,,,,not_standard_sonnet_artifact,excluded_from_sonnet_corpus,not_materialized_exclude_manual_not_sonnet,,,,0,0,0,e3b0c44298fc1c149afbf4c8996fb92427ae41e4649b934ca495991b7852b855
pg27825:char19213-19711,27825,Isaotta Guttadàuro ed altre poesie,"D'Annunzio, Gabriele",,pending_candidate_level_attribution_audit,nineteenth_century_bridge,Project Gutenberg,https://www.gutenberg.org/ebooks/27825,structural_14_line,14,14,il senso mi cingean di tal malía,il qual re meriggiava poetando.,19213,19711,807d909bdbba56fcacdb83cf43d74ddf79fec3fe8cb29924fdc748ed8fecc72a,fe95120d6974bae91387f3945006c9a3d888ed3e0506020e8201fb4e514aa650,exclude_manual_not_sonnet,exclude_not_sonnet,Window belongs to the explicitly labeled ballata sequence and is not a bounded sonnet.,,,,,not_standard_sonnet_artifact,excluded_from_sonnet_corpus,not_materialized_exclude_manual_not_sonnet,,,,0,0,0,e3b0c44298fc1c149afbf4c8996fb92427ae41e4649b934ca495991b7852b855
pg27825:char19893-20405,27825,Isaotta Guttadàuro ed altre poesie,"D'Annunzio, Gabriele",,pending_candidate_level_attribution_audit,nineteenth_century_bridge,Project Gutenberg,https://www.gutenberg.org/ebooks/27825,structural_14_line,14,14,Rendean per l'aria in torno una fragranza,che vincevano il dì riscintillando.,19893,20405,c8c4c4494dc760712cba513fd90c97c5d5482af9f130d530632900e53e792e03,b8aaa8352f287ca0edc1b222f898ed64794e96afd482a76a0106f2121495d4a0,exclude_manual_not_sonnet,exclude_not_sonnet,Window belongs to the explicitly labeled ballata sequence and is not a bounded sonnet.,,,,,not_standard_sonnet_artifact,excluded_from_sonnet_corpus,not_materialized_exclude_manual_not_sonnet,,,,0,0,0,e3b0c44298fc1c149afbf4c8996fb92427ae41e4649b934ca495991b7852b855
pg27825:char20594-21138,27825,Isaotta Guttadàuro ed altre poesie,"D'Annunzio, Gabriele",,pending_candidate_level_attribution_audit,nineteenth_century_bridge,Project Gutenberg,https://www.gutenberg.org/ebooks/27825,structural_14_line,14,14,«Sorgi dunque da l'ombra e t'incammina,"«il fin tesoro, là dov'io ti mando.»",20594,21138,5a89b83344cb7e91d0b9894b37954083efa0a68e207dbad5f3e1870524cbb80d,724f125f8e8c7407e1d8ba11596f41d35cfe33e3bf61adc6c9f28007fba00c12,exclude_manual_not_sonnet,exclude_not_sonnet,Window belongs to the explicitly labeled ballata sequence and is not a bounded sonnet.,,,,,not_standard_sonnet_artifact,excluded_from_sonnet_corpus,not_materialized_exclude_manual_not_sonnet,,,,0,0,0,e3b0c44298fc1c149afbf4c8996fb92427ae41e4649b934ca495991b7852b855
pg27825:char21301-21822,27825,Isaotta Guttadàuro ed altre poesie,"D'Annunzio, Gabriele",,pending_candidate_level_attribution_audit,nineteenth_century_bridge,Project Gutenberg,https://www.gutenberg.org/ebooks/27825,structural_14_line,14,14,Vide lo stelo e vide anche l'anello;,"che a 'l sol ridea, sì dolce palpitando.--",21301,21822,825cad5bdc748c9bf93784b6775d22cb981bf40a1fd3d996e8f42923a5fbfac4,c86141ab230e4d5be6373ce9514996b83a0f2aa675289b46ac3fbcdd9c78e24b,exclude_manual_not_sonnet,exclude_not_sonnet,Window belongs to the explicitly labeled ballata sequence and is not a bounded sonnet.,,,,,not_standard_sonnet_artifact,excluded_from_sonnet_corpus,not_materialized_exclude_manual_not_sonnet,,,,0,0,0,e3b0c44298fc1c149afbf4c8996fb92427ae41e4649b934ca495991b7852b855
pg27825:char21981-22500,27825,Isaotta Guttadàuro ed altre poesie,"D'Annunzio, Gabriele",,pending_candidate_level_attribution_audit,nineteenth_century_bridge,Project Gutenberg,https://www.gutenberg.org/ebooks/27825,structural_14_line,14,14,"Com'ella tacque, il fremito de 'l suono","Onde spronammo, innanzi trapassando.",21981,22500,25cb14668171a736a546865b93dea1e25b45afa7e23fb240b3f029f75d52fc99,05c7dda69f17d58c4abd8a20ce4fbe9b1ac5e65c17d16ffe2daccb4ec42f1a29,exclude_manual_not_sonnet,exclude_not_sonnet,Window belongs to the explicitly labeled ballata sequence and is not a bounded sonnet.,,,,,not_standard_sonnet_artifact,excluded_from_sonnet_corpus,not_materialized_exclude_manual_not_sonnet,,,,0,0,0,e3b0c44298fc1c149afbf4c8996fb92427ae41e4649b934ca495991b7852b855
pg27825:char22655-23165,27825,Isaotta Guttadàuro ed altre poesie,"D'Annunzio, Gabriele",,pending_candidate_level_attribution_audit,nineteenth_century_bridge,Project Gutenberg,https://www.gutenberg.org/ebooks/27825,structural_14_line,14,14,Non mai dolce suonò bistonia lira,"desìo di bere...--O fonte, io t'inghirlando!",22655,23165,b9f2a514717728eb58ae3803d3289bc27aeb834e20cb2623c84e0b8cccbc5e73,e24b2780e3027898e2ba786812c7c6ea6eb9e64dc68951ca67866a91eef89eb1,exclude_manual_not_sonnet,exclude_not_sonnet,Window belongs to the explicitly labeled ballata sequence and is not a bounded sonnet.,,,,,not_standard_sonnet_artifact,excluded_from_sonnet_corpus,not_materialized_exclude_manual_not_sonnet,,,,0,0,0,e3b0c44298fc1c149afbf4c8996fb92427ae41e4649b934ca495991b7852b855
pg27825:char23331-23861,27825,Isaotta Guttadàuro ed altre poesie,"D'Annunzio, Gabriele",,pending_candidate_level_attribution_audit,nineteenth_century_bridge,Project Gutenberg,https://www.gutenberg.org/ebooks/27825,structural_14_line,14,14,Scendemmo il piano margine; e commise,"Bevemmo e ci baciammo, ivi indugiando.",23331,23861,3ccd020e287ae80a0ab25b0feb2dbfcc080d7f368d9aae02dac09c2c4dc48110,f46e03dbaa05237f14a63e503781e1a04d986a1c116e158f5e0f64822121d3bd,exclude_manual_not_sonnet,exclude_not_sonnet,Window belongs to the explicitly labeled ballata sequence and is not a bounded sonnet.,,,,,not_standard_sonnet_artifact,excluded_from_sonnet_corpus,not_materialized_exclude_manual_not_sonnet,,,,0,0,0,e3b0c44298fc1c149afbf4c8996fb92427ae41e4649b934ca495991b7852b855
pg27825:char24035-24530,27825,Isaotta Guttadàuro ed altre poesie,"D'Annunzio, Gabriele",,pending_candidate_level_attribution_audit,nineteenth_century_bridge,Project Gutenberg,https://www.gutenberg.org/ebooks/27825,structural_14_line,14,14,Non so. Ma come uscimmo da la chiostra,"vita più forte, che s'aprì raggiando.",24035,24530,d9c1f5ef56f1ce4e752b8d7e94cdd76b9e36a626d5d04cb1a29d691582b40978,b6495808256b922025a170a3719ef6f41efeee68e5366c6388c0a501895f5cec,exclude_manual_not_sonnet,exclude_not_sonnet,Window belongs to the explicitly labeled ballata sequence and is not a bounded sonnet.,,,,,not_standard_sonnet_artifact,excluded_from_sonnet_corpus,not_materialized_exclude_manual_not_sonnet,,,,0,0,0,e3b0c44298fc1c149afbf4c8996fb92427ae41e4649b934ca495991b7852b855
pg27825:char30343-30908,27825,Isaotta Guttadàuro ed altre poesie,"D'Annunzio, Gabriele",,pending_candidate_level_attribution_audit,nineteenth_century_bridge,Project Gutenberg,https://www.gutenberg.org/ebooks/27825,explicit_sonetti_section,4-4-3-3,14,Lino ai boschi de l'isola di Creta,poi ch'io suono il fatal corno d'Artù.,30343,30908,a2ecdf8df2853252ecc89bad6f7874dd74189d31913c668bc87cccb63dabd82f,556916185344f2acf091657fe03769e78dc654de273a725f61423b9117a60689,eligible_standard_sonnet_pending_processed_build,,,,,,,standard_sonnets,eligible_pending_v7_and_poem_attribution,standard_sonnet_materialized_pending_v7,data/processed/project_gutenberg_resolved_v1/standard_sonnets/part-0001.txt,24724,25234,506,510,14,556916185344f2acf091657fe03769e78dc654de273a725f61423b9117a60689
pg27825:char30921-31458,27825,Isaotta Guttadàuro ed altre poesie,"D'Annunzio, Gabriele",,pending_candidate_level_attribution_audit,nineteenth_century_bridge,Project Gutenberg,https://www.gutenberg.org/ebooks/27825,explicit_sonetti_section,4-4-3-3,14,"Dorme a notte il palagio d'Elïana,",E il bosco è pieno d'implorazïoni.,30921,31458,d4229ac0a73d48541a02182fd79ad0b142c63450ef743616f9a8dab7ed14b7ab,9e03707c26f378795b1d6a18a963d0d8954598447f86f71e35c630b9830b8019,eligible_standard_sonnet_pending_processed_build,,,,,,,standard_sonnets,eligible_pending_v7_and_poem_attribution,standard_sonnet_materialized_pending_v7,data/processed/project_gutenberg_resolved_v1/standard_sonnets/part-0001.txt,25235,25718,478,483,14,9e03707c26f378795b1d6a18a963d0d8954598447f86f71e35c630b9830b8019
pg27825:char31472-32055,27825,Isaotta Guttadàuro ed altre poesie,"D'Annunzio, Gabriele",,pending_candidate_level_attribution_audit,nineteenth_century_bridge,Project Gutenberg,https://www.gutenberg.org/ebooks/27825,explicit_sonetti_section,4-4-3-3,14,"Mirinda e il fido, ne l'occulta stanza,",si mescono a le sue lente parole.,31472,32055,36ea65ccdaf701bac29f4b4c2e3425826854c8c657c63dcc27f1e8cc17126349,552ae3e4450ea95638c479790b62b35b9c0fb53a211c554057f2cc3064a4b87f,eligible_standard_sonnet_pending_processed_build,,,,,,,standard_sonnets,eligible_pending_v7_and_poem_attribution,standard_sonnet_materialized_pending_v7,data/processed/project_gutenberg_resolved_v1/standard_sonnets/part-0001.txt,25719,26244,524,525,14,552ae3e4450ea95638c479790b62b35b9c0fb53a211c554057f2cc3064a4b87f
pg27825:char32070-32656,27825,Isaotta Guttadàuro ed altre poesie,"D'Annunzio, Gabriele",,pending_candidate_level_attribution_audit,nineteenth_century_bridge,Project Gutenberg,https://www.gutenberg.org/ebooks/27825,explicit_sonetti_section,4-4-3-3,14,"Guarda, assisa, la vaga Melusina,",poi che a 'l cuor giunge il freddo de 'l serpente.,32070,32656,2411e8e7d97b5acce47cdd4b2f564c821dca86223f8c774111c79af613c8914b,75541a198ac50a98813d1befa1986c06c0266efb316d9f154cebef68a4171067,eligible_standard_sonnet_pending_processed_build,,,,,,,standard_sonnets,eligible_pending_v7_and_poem_attribution,standard_sonnet_materialized_pending_v7,data/processed/project_gutenberg_resolved_v1/standard_sonnets/part-0001.txt,26245,26776,527,531,14,75541a198ac50a98813d1befa1986c06c0266efb316d9f154cebef68a4171067
pg27825:char32671-33234,27825,Isaotta Guttadàuro ed altre poesie,"D'Annunzio, Gabriele",,pending_candidate_level_attribution_audit,nineteenth_century_bridge,Project Gutenberg,https://www.gutenberg.org/ebooks/27825,explicit_sonetti_section,4-4-3-3,14,"Dorme Grasinda in mezzo a' suoi tesori,",e su tal corda l'anima sospira.,32671,33234,b5dd590edf42eec1033c55de3e02e53d00dc22e06d82aabed4597d345682252e,4ad952cecccbe8ed38d9572e575aa03e3e072a81901edcf602da504135262ac2,eligible_standard_sonnet_pending_processed_build,,,,,,,standard_sonnets,eligible_pending_v7_and_poem_attribution,standard_sonnet_materialized_pending_v7,data/processed/project_gutenberg_resolved_v1/standard_sonnets/part-0001.txt,26777,27283,504,506,14,4ad952cecccbe8ed38d9572e575aa03e3e072a81901edcf602da504135262ac2
pg27825:char33248-33795,27825,Isaotta Guttadàuro ed altre poesie,"D'Annunzio, Gabriele",,pending_candidate_level_attribution_audit,nineteenth_century_bridge,Project Gutenberg,https://www.gutenberg.org/ebooks/27825,explicit_sonetti_section,4-4-3-3,14,"Or tremule, su i mari e su le arene,",la città da le mille scale d'oro.,33248,33795,e8af7bc5eda00f85b650ba52dbd229b9de5fcdc2aa38dad6582a6f0924048a4f,750d9d3a0cffefa5970be52d53e7e69eb53cb271a80caf50a5229295ed698727,eligible_standard_sonnet_pending_processed_build,,,,,,,standard_sonnets,eligible_pending_v7_and_poem_attribution,standard_sonnet_materialized_pending_v7,data/processed/project_gutenberg_resolved_v1/standard_sonnets/part-0001.txt,27284,27776,488,492,14,750d9d3a0cffefa5970be52d53e7e69eb53cb271a80caf50a5229295ed698727
pg27825:char33808-34374,27825,Isaotta Guttadàuro ed altre poesie,"D'Annunzio, Gabriele",,pending_candidate_level_attribution_audit,nineteenth_century_bridge,Project Gutenberg,https://www.gutenberg.org/ebooks/27825,explicit_sonetti_section,4-4-3-3,14,Orïana tenea l'incantamento.,gesto egli prese ad Orïana il cuore.,33808,34374,65fa316157973b76c102f03982752d53e88d18ec5613175025ad1007572448f5,cc4fae4130f17e94cb9fc750fc84dfc3517a7090abf736bc0ca15998ceb85066,eligible_standard_sonnet_pending_processed_build,,,,,,,standard_sonnets,eligible_pending_v7_and_poem_attribution,standard_sonnet_materialized_pending_v7,data/processed/project_gutenberg_resolved_v1/standard_sonnets/part-0001.txt,27777,28289,507,512,14,cc4fae4130f17e94cb9fc750fc84dfc3517a7090abf736bc0ca15998ceb85066
pg27825:char34396-34987,27825,Isaotta Guttadàuro ed altre poesie,"D'Annunzio, Gabriele",,pending_candidate_level_attribution_audit,nineteenth_century_bridge,Project Gutenberg,https://www.gutenberg.org/ebooks/27825,explicit_sonetti_section,4-4-3-3,14,Quando Amadigi con l'eterna amante,Ridea Lurchetto in sua faccia vermiglia.,34396,34987,7fc22534b2042cf77a9be32ea13cdf0ed8f01c3e4c46177e53fc7574444bb745,17b4f8560a637573f14971a78d49409600dc4b55db6e4ec7db341c97802bca23,eligible_standard_sonnet_pending_processed_build,,,,,,,standard_sonnets,eligible_pending_v7_and_poem_attribution,standard_sonnet_materialized_pending_v7,data/processed/project_gutenberg_resolved_v1/standard_sonnets/part-0001.txt,28290,28826,532,536,14,17b4f8560a637573f14971a78d49409600dc4b55db6e4ec7db341c97802bca23
pg27825:char35199-35797,27825,Isaotta Guttadàuro ed altre poesie,"D'Annunzio, Gabriele",,pending_candidate_level_attribution_audit,nineteenth_century_bridge,Project Gutenberg,https://www.gutenberg.org/ebooks/27825,explicit_sonetti_section,4-4-3-3,14,In un'antica stampa de 'l Durero,"poi che già in groppa, o Bella, io t'ho rapita.",35199,35797,3370070320264b8c201b1be9e73d2a8a742214dd582a575978f4898c28bfa5a1,15954954e1a7baeed0527af95d87609e4400eea95f4d084d20a846093c2ad6f5,eligible_standard_sonnet_pending_processed_build,,,,,,,standard_sonnets,eligible_pending_v7_and_poem_attribution,standard_sonnet_materialized_pending_v7,data/processed/project_gutenberg_resolved_v1/standard_sonnets/part-0001.txt,28827,29369,539,542,14,15954954e1a7baeed0527af95d87609e4400eea95f4d084d20a846093c2ad6f5
pg27825:char35816-36189,27825,Isaotta Guttadàuro ed altre poesie,"D'Annunzio, Gabriele",,pending_candidate_level_attribution_audit,nineteenth_century_bridge,Project Gutenberg,https://www.gutenberg.org/ebooks/27825,explicit_sonetti_section,4-4-3-3,14,Quando lungo il selvaggio,dipinto su 'l palvese.,35816,36189,bd1fb1e04d1828d10b30aea348b9c0fd2f2ced268027cb2ac3065d6080f09da3,63adc8a2070a80bb69e664f73e13dc8a17e410e9de5bab079f1b2ee742488e41,eligible_standard_sonnet_pending_processed_build,,,,,,,standard_sonnets,eligible_pending_v7_and_poem_attribution,standard_sonnet_materialized_pending_v7,data/processed/project_gutenberg_resolved_v1/standard_sonnets/part-0001.txt,29370,29684,314,314,14,63adc8a2070a80bb69e664f73e13dc8a17e410e9de5bab079f1b2ee742488e41
pg27825:char36196-36578,27825,Isaotta Guttadàuro ed altre poesie,"D'Annunzio, Gabriele",,pending_candidate_level_attribution_audit,nineteenth_century_bridge,Project Gutenberg,https://www.gutenberg.org/ebooks/27825,explicit_sonetti_section,4-4-3-3,14,Per virtù de' miei canti,co 'l favore de 'l vento.,36196,36578,cae704f63b99d90fc7610746cf09ca97baf51abd3b9f2c597a562e06585a4ff5,58384c9bcca7a1a71f1ba5fff517e7e78b5693f7ea34dfa90186b1491d387281,eligible_standard_sonnet_pending_processed_build,,,,,,,standard_sonnets,eligible_pending_v7_and_poem_attribution,standard_sonnet_materialized_pending_v7,data/processed/project_gutenberg_resolved_v1/standard_sonnets/part-0001.txt,29685,30011,323,326,14,58384c9bcca7a1a71f1ba5fff517e7e78b5693f7ea34dfa90186b1491d387281
pg27825:char36586-36954,27825,Isaotta Guttadàuro ed altre poesie,"D'Annunzio, Gabriele",,pending_candidate_level_attribution_audit,nineteenth_century_bridge,Project Gutenberg,https://www.gutenberg.org/ebooks/27825,explicit_sonetti_section,4-4-3-3,14,"Sorgean quindi, nutrite",iddii da 'l piè caprino.,36586,36954,7b69b140d7723e90a042f195af6d0b2a632ac7887a95c83da5bd744182edfa91,ce2cc1916477ce7e93ca940f7f7c5a436a1632d5bf6231bb814d61c6a4948dd9,eligible_standard_sonnet_pending_processed_build,,,,,,,standard_sonnets,eligible_pending_v7_and_poem_attribution,standard_sonnet_materialized_pending_v7,data/processed/project_gutenberg_resolved_v1/standard_sonnets/part-0001.txt,30012,30323,309,311,14,ce2cc1916477ce7e93ca940f7f7c5a436a1632d5bf6231bb814d61c6a4948dd9
pg27825:char36961-37364,27825,Isaotta Guttadàuro ed altre poesie,"D'Annunzio, Gabriele",,pending_candidate_level_attribution_audit,nineteenth_century_bridge,Project Gutenberg,https://www.gutenberg.org/ebooks/27825,explicit_sonetti_section,4-4-3-3,14,La bianca dama il ciglio,da li argini selvaggi.,36961,37364,cb347b0597df5a2284d0cc51b4b7a6389e7bb254405bd6fcbde07a95edc1b8c0,d48602d749e5556c709e00555c71ca8ff6372c7a0653484186d72cdfb7c0ebb7,eligible_standard_sonnet_pending_processed_build,,,,,,,standard_sonnets,eligible_pending_v7_and_poem_attribution,standard_sonnet_materialized_pending_v7,data/processed/project_gutenberg_resolved_v1/standard_sonnets/part-0001.txt,30324,30670,344,346,14,d48602d749e5556c709e00555c71ca8ff6372c7a0653484186d72cdfb7c0ebb7
pg27825:char37370-37748,27825,Isaotta Guttadàuro ed altre poesie,"D'Annunzio, Gabriele",,pending_candidate_level_attribution_audit,nineteenth_century_bridge,Project Gutenberg,https://www.gutenberg.org/ebooks/27825,explicit_sonetti_section,4-4-3-3,14,Quando a terra posava,e dicea:--Sono vostra.,37370,37748,5f800510cf7890147fc548b3a4d58887e6cd0af25703fb373e2d8dccaee6bfe2,fb6a1b875f096d951ea9308375e3b047ca22ad94cc68999074525faecdd9e503,eligible_standard_sonnet_pending_processed_build,,,,,,,standard_sonnets,eligible_pending_v7_and_poem_attribution,standard_sonnet_materialized_pending_v7,data/processed/project_gutenberg_resolved_v1/standard_sonnets/part-0001.txt,30671,30991,319,320,14,fb6a1b875f096d951ea9308375e3b047ca22ad94cc68999074525faecdd9e503
pg27825:char37763-38319,27825,Isaotta Guttadàuro ed altre poesie,"D'Annunzio, Gabriele",,pending_candidate_level_attribution_audit,nineteenth_century_bridge,Project Gutenberg,https://www.gutenberg.org/ebooks/27825,explicit_sonetti_section,4-4-3-3,14,"Un giorno ella cantò, su la galea,",a favellar ne 'l tuo puro idïoma.,37763,38319,504925c9a78e348febf03fe23cb2386459df5f0bd89c9bafaeeffce3c5289c23,370c80b1290581faf51a3205b0c19fd66be739c94b3867a11154294d758b0463,eligible_standard_sonnet_pending_processed_build,,,,,,,standard_sonnets,eligible_pending_v7_and_poem_attribution,standard_sonnet_materialized_pending_v7,data/processed/project_gutenberg_resolved_v1/standard_sonnets/part-0001.txt,30992,31496,497,504,14,370c80b1290581faf51a3205b0c19fd66be739c94b3867a11154294d758b0463
pg27825:char38338-38884,27825,Isaotta Guttadàuro ed altre poesie,"D'Annunzio, Gabriele",,pending_candidate_level_attribution_audit,nineteenth_century_bridge,Project Gutenberg,https://www.gutenberg.org/ebooks/27825,explicit_sonetti_section,4-4-3-3,14,Pascono in ozio su le mura erbose,cavalli pascolati in tra i roseti.,38338,38884,3c84640ecc3e4846b8171cecbde4059120ea2c446b9ae0b793b5edb03aa28016,28913d6e95cb583f9670c21c33b1a5101f5c3bb500259708707e89578af245cc,eligible_standard_sonnet_pending_processed_build,,,,,,,standard_sonnets,eligible_pending_v7_and_poem_attribution,standard_sonnet_materialized_pending_v7,data/processed/project_gutenberg_resolved_v1/standard_sonnets/part-0001.txt,31497,31988,487,491,14,28913d6e95cb583f9670c21c33b1a5101f5c3bb500259708707e89578af245cc
pg27825:char38921-39483,27825,Isaotta Guttadàuro ed altre poesie,"D'Annunzio, Gabriele",,pending_candidate_level_attribution_audit,nineteenth_century_bridge,Project Gutenberg,https://www.gutenberg.org/ebooks/27825,explicit_sonetti_section,4-4-3-3,14,Tu discendi con pompa orientale,"di femmine, vibrar come una lira.",38921,39483,c8d41f0e15ce12a3dad595fd9dc74f4e04359ae4b5604daa6b29e1a73c28400c,26003f304d6ebb4280f935d5963e74f66f1d66936bc9870bee8b220ff78caabb,eligible_standard_sonnet_pending_processed_build,,,,,,,standard_sonnets,eligible_pending_v7_and_poem_attribution,standard_sonnet_materialized_pending_v7,data/processed/project_gutenberg_resolved_v1/standard_sonnets/part-0001.txt,31989,32496,503,507,14,26003f304d6ebb4280f935d5963e74f66f1d66936bc9870bee8b220ff78caabb
pg27825:char39502-40063,27825,Isaotta Guttadàuro ed altre poesie,"D'Annunzio, Gabriele",,pending_candidate_level_attribution_audit,nineteenth_century_bridge,Project Gutenberg,https://www.gutenberg.org/ebooks/27825,explicit_sonetti_section,4-4-3-3,14,Pallidi ne li azzurri jacintèi,"Suona l'anima mia, come una lira.",39502,40063,bdea216d71968610906652fd6d84bb2fe43bfe986e7933edc70d86b8d95eec04,0849cea1725493fda9e10248c18ee8a5db4a896cb4fe410ec09bb55239f105c5,eligible_standard_sonnet_pending_processed_build,,,,,,,standard_sonnets,eligible_pending_v7_and_poem_attribution,standard_sonnet_materialized_pending_v7,data/processed/project_gutenberg_resolved_v1/standard_sonnets/part-0001.txt,32497,33006,502,509,14,0849cea1725493fda9e10248c18ee8a5db4a896cb4fe410ec09bb55239f105c5
pg27825:char40323-40895,27825,Isaotta Guttadàuro ed altre poesie,"D'Annunzio, Gabriele",,pending_candidate_level_attribution_audit,nineteenth_century_bridge,Project Gutenberg,https://www.gutenberg.org/ebooks/27825,explicit_sonetti_section,4-4-3-3,14,"Io te porto su 'l plaustro alto, Maraja,",come un ampio cantar gregoriano!,40323,40895,3d27f025b337d19e61e71f53ea4d547d934f38cc5327d55c33cc8a2ac857a48c,e5cfd7b79db614f865fb932ec0186ece6c326797b220e919e4a4249f96ec2f6a,eligible_standard_sonnet_pending_processed_build,,,,,,,standard_sonnets,eligible_pending_v7_and_poem_attribution,standard_sonnet_materialized_pending_v7,data/processed/project_gutenberg_resolved_v1/standard_sonnets/part-0001.txt,33007,33522,513,515,14,e5cfd7b79db614f865fb932ec0186ece6c326797b220e919e4a4249f96ec2f6a
pg27825:char40918-41471,27825,Isaotta Guttadàuro ed altre poesie,"D'Annunzio, Gabriele",,pending_candidate_level_attribution_audit,nineteenth_century_bridge,Project Gutenberg,https://www.gutenberg.org/ebooks/27825,explicit_sonetti_section,4-4-3-3,14,"Quando il tuo corpo d'Ebe, alto, ridente",d'una nuova più forte gioventù?,40918,41471,9421328017e02189593615838852fd655b184ba2e81285f85be7d44ac3f593e9,25f0af2af83495ef4254de97715887e857fce73122bc00c177da8da4c5a06866,eligible_standard_sonnet_pending_processed_build,,,,,,,standard_sonnets,eligible_pending_v7_and_poem_attribution,standard_sonnet_materialized_pending_v7,data/processed/project_gutenberg_resolved_v1/standard_sonnets/part-0001.txt,33523,34023,494,500,14,25f0af2af83495ef4254de97715887e857fce73122bc00c177da8da4c5a06866
pg27825:char41478-42024,27825,Isaotta Guttadàuro ed altre poesie,"D'Annunzio, Gabriele",,pending_candidate_level_attribution_audit,nineteenth_century_bridge,Project Gutenberg,https://www.gutenberg.org/ebooks/27825,explicit_sonetti_section,4-4-3-3,14,Sia con l'uomo la pace e la giustizia.,regnando Numa con la ninfa Egeria.,41478,42024,51232817a653eae2cae9138516c98a3bd030a78b58251ab3aabceb29b336a755,d2022f21329679b04d6905a7ca1eebd4f5663b04867c444ea5f39bc699a5b062,eligible_standard_sonnet_pending_processed_build,,,,,,,standard_sonnets,eligible_pending_v7_and_poem_attribution,standard_sonnet_materialized_pending_v7,data/processed/project_gutenberg_resolved_v1/standard_sonnets/part-0001.txt,34024,34515,487,491,14,d2022f21329679b04d6905a7ca1eebd4f5663b04867c444ea5f39bc699a5b062
pg27825:char42032-42558,27825,Isaotta Guttadàuro ed altre poesie,"D'Annunzio, Gabriele",,pending_candidate_level_attribution_audit,nineteenth_century_bridge,Project Gutenberg,https://www.gutenberg.org/ebooks/27825,explicit_sonetti_section,4-4-3-3,14,Or falcian diecimila braccia umane,o Publïo Vergilïo Marone.,42032,42558,c8dfff6824da6d02fe4dc92bf821f4624dbaacf4957d8955299319b145f3184e,5e84ce33583fb773e1a0674bfa35fb8aec219eac3abeac56a8e7a8497ab4c040,eligible_standard_sonnet_pending_processed_build,,,,,,,standard_sonnets,eligible_pending_v7_and_poem_attribution,standard_sonnet_materialized_pending_v7,data/processed/project_gutenberg_resolved_v1/standard_sonnets/part-0001.txt,34516,34989,467,473,14,5e84ce33583fb773e1a0674bfa35fb8aec219eac3abeac56a8e7a8497ab4c040
pg27825:char42573-43114,27825,Isaotta Guttadàuro ed altre poesie,"D'Annunzio, Gabriele",,pending_candidate_level_attribution_audit,nineteenth_century_bridge,Project Gutenberg,https://www.gutenberg.org/ebooks/27825,explicit_sonetti_section,4-4-3-3,14,"Vigile, all'alba, sta su 'l limitare",che conforta le membra ai lottatori.,42573,43114,132d9c03b2c9315fec44a6b88198334925d5f05a86c969e38635728b4c89242a,0292a1d7bcee0781e537b6c47f7ecc64b442252b0ac553f3e0882bb1225ad9c3,eligible_standard_sonnet_pending_processed_build,,,,,,,standard_sonnets,eligible_pending_v7_and_poem_attribution,standard_sonnet_materialized_pending_v7,data/processed/project_gutenberg_resolved_v1/standard_sonnets/part-0001.txt,34990,35474,482,484,14,0292a1d7bcee0781e537b6c47f7ecc64b442252b0ac553f3e0882bb1225ad9c3
pg27825:char43133-43699,27825,Isaotta Guttadàuro ed altre poesie,"D'Annunzio, Gabriele",,pending_candidate_level_attribution_audit,nineteenth_century_bridge,Project Gutenberg,https://www.gutenberg.org/ebooks/27825,explicit_sonetti_section,4-4-3-3,14,Van per il campo i validi garzoni,hanno una maestà sacerdotale.,43133,43699,08c0e9aa3453fcbd67de16563a25defcbdbf5056b9c180eb7c2c4dfd3ef7b4be,92ededcca33fa4d7d182abd3988970f9b685a2aaaf17302082a8005becce1a1f,eligible_standard_sonnet_pending_processed_build,,,,,,,standard_sonnets,eligible_pending_v7_and_poem_attribution,standard_sonnet_materialized_pending_v7,data/processed/project_gutenberg_resolved_v1/standard_sonnets/part-0001.txt,35475,35984,507,509,14,92ededcca33fa4d7d182abd3988970f9b685a2aaaf17302082a8005becce1a1f
pg27825:char46680-47270,27825,Isaotta Guttadàuro ed altre poesie,"D'Annunzio, Gabriele",,pending_candidate_level_attribution_audit,nineteenth_century_bridge,Project Gutenberg,https://www.gutenberg.org/ebooks/27825,explicit_sonetti_section,4-4-3-3,14,"Scende la neve su la Terra madre,",corran qual greggia obedïenti i fiumi.,46680,47270,9d9e08097ecf2c387e1fb1f98afeb9de2620eef6eb80c69e013e060c1bd944d4,64158ff8e9ed0572b5ec0b578968de57de85d49dd3322c3a38217a8bac0bff9a,eligible_standard_sonnet_pending_processed_build,,,,,,,standard_sonnets,eligible_pending_v7_and_poem_attribution,standard_sonnet_materialized_pending_v7,data/processed/project_gutenberg_resolved_v1/standard_sonnets/part-0001.txt,35985,36519,531,534,14,64158ff8e9ed0572b5ec0b578968de57de85d49dd3322c3a38217a8bac0bff9a
pg27825:char76728-77267,27825,Isaotta Guttadàuro ed altre poesie,"D'Annunzio, Gabriele",,pending_candidate_level_attribution_audit,nineteenth_century_bridge,Project Gutenberg,https://www.gutenberg.org/ebooks/27825,explicit_sonetti_section,4-4-3-3,14,"Per l'antico viale de l'Aurora,",o diletta ne' sogni dei poeti.,76728,77267,6e1ff16a2c45efe67d4f223376bb58bace7fe0501d281f53907e224791accf74,ebadc986e8752b7bedf8d41a06f7b95a36ee5286e9463f0f6c60c7b423dbb9b9,eligible_standard_sonnet_pending_processed_build,,,,,,,standard_sonnets,eligible_pending_v7_and_poem_attribution,standard_sonnet_materialized_pending_v7,data/processed/project_gutenberg_resolved_v1/standard_sonnets/part-0001.txt,36520,37001,480,481,14,ebadc986e8752b7bedf8d41a06f7b95a36ee5286e9463f0f6c60c7b423dbb9b9
pg27825:char85663-86229,27825,Isaotta Guttadàuro ed altre poesie,"D'Annunzio, Gabriele",,pending_candidate_level_attribution_audit,nineteenth_century_bridge,Project Gutenberg,https://www.gutenberg.org/ebooks/27825,explicit_sonetti_section,4-4-3-3,14,"Noi, muti, a lungo cavalcammo ancora","non anche sazio de la luce, il Mare.",85663,86229,39fbf8bb91bd4859feeb221744d48ac9152b7d2ff3b4009ee0e74070f71a135d,0eacaa5e7de8bfda03fefb4e040bc1c32398297c4050ba7b3801937639c1689b,eligible_standard_sonnet_pending_processed_build,,,,,,,standard_sonnets,eligible_pending_v7_and_poem_attribution,standard_sonnet_materialized_pending_v7,data/processed/project_gutenberg_resolved_v1/standard_sonnets/part-0001.txt,37002,37512,507,510,14,0eacaa5e7de8bfda03fefb4e040bc1c32398297c4050ba7b3801937639c1689b
pg27825:char86461-87023,27825,Isaotta Guttadàuro ed altre poesie,"D'Annunzio, Gabriele",,pending_candidate_level_attribution_audit,nineteenth_century_bridge,Project Gutenberg,https://www.gutenberg.org/ebooks/27825,explicit_sonetti_section,4-4-3-3,14,Se dentro i favolosi orti vermigli,e ancor ne trema l'anima smarrita.,86461,87023,3aaa6774241d02149eb9f608b75dd33ad83e5f941fed55af1e090c91a42aa14a,18ac85b6ba6a2175f9eed285ca56295be419de50514f7527cb6bbdc6a2c45d26,eligible_standard_sonnet_pending_processed_build,,,,,,,standard_sonnets,eligible_pending_v7_and_poem_attribution,standard_sonnet_materialized_pending_v7,data/processed/project_gutenberg_resolved_v1/standard_sonnets/part-0001.txt,37513,38017,503,504,14,18ac85b6ba6a2175f9eed285ca56295be419de50514f7527cb6bbdc6a2c45d26
pg27825:char87030-87572,27825,Isaotta Guttadàuro ed altre poesie,"D'Annunzio, Gabriele",,pending_candidate_level_attribution_audit,nineteenth_century_bridge,Project Gutenberg,https://www.gutenberg.org/ebooks/27825,explicit_sonetti_section,4-4-3-3,14,"Odor di rose, forse da i giardini",giungeva da la Trinità de' Monti.,87030,87572,c580694b2a53e2aa316dfa9d76d6bc1d46493dc2110d5c99167561fb0d020812,fcfb454b575fe431ddce683a9901cb615a5cd99b3d965f85a271691cecebcaa1,eligible_standard_sonnet_pending_processed_build,,,,,,,standard_sonnets,eligible_pending_v7_and_poem_attribution,standard_sonnet_materialized_pending_v7,data/processed/project_gutenberg_resolved_v1/standard_sonnets/part-0001.txt,38018,38506,483,488,14,fcfb454b575fe431ddce683a9901cb615a5cd99b3d965f85a271691cecebcaa1
pg27825:char87580-88127,27825,Isaotta Guttadàuro ed altre poesie,"D'Annunzio, Gabriele",,pending_candidate_level_attribution_audit,nineteenth_century_bridge,Project Gutenberg,https://www.gutenberg.org/ebooks/27825,explicit_sonetti_section,4-4-3-3,14,Più chiara su 'l palazzo Lorenzana,Oh fontanella de le Tartarughe!,87580,88127,1d29cfb1e1b9e71018aa17dd6c62aacd2d6e3fc3f9ecfdf523872a5d598de63b,28a50582ef9c1cc4ea332688f870b1a5087e50e068ea38a1086674813e5a3fa8,eligible_standard_sonnet_pending_processed_build,,,,,,,standard_sonnets,eligible_pending_v7_and_poem_attribution,standard_sonnet_materialized_pending_v7,data/processed/project_gutenberg_resolved_v1/standard_sonnets/part-0001.txt,38507,39000,488,493,14,28a50582ef9c1cc4ea332688f870b1a5087e50e068ea38a1086674813e5a3fa8
pg27825:char88918-89503,27825,Isaotta Guttadàuro ed altre poesie,"D'Annunzio, Gabriele",,pending_candidate_level_attribution_audit,nineteenth_century_bridge,Project Gutenberg,https://www.gutenberg.org/ebooks/27825,explicit_sonetti_section,4-4-3-3,14,"Una notte, com'io l'alta portiera","le braccia, il letto parvemi un altare.",88918,89503,7aa0c2bc21db1f97325d446a3ab36c2f7a14788feb28b099bfd1099f652d3b2e,f494c02944b90e87a191ea0135820f2a1e8c62a0f1bbecd173d27b645d77bbc4,eligible_standard_sonnet_pending_processed_build,,,,,,,standard_sonnets,eligible_pending_v7_and_poem_attribution,standard_sonnet_materialized_pending_v7,data/processed/project_gutenberg_resolved_v1/standard_sonnets/part-0001.txt,39001,39530,526,529,14,f494c02944b90e87a191ea0135820f2a1e8c62a0f1bbecd173d27b645d77bbc4
pg27825:char89510-90057,27825,Isaotta Guttadàuro ed altre poesie,"D'Annunzio, Gabriele",,pending_candidate_level_attribution_audit,nineteenth_century_bridge,Project Gutenberg,https://www.gutenberg.org/ebooks/27825,explicit_sonetti_section,4-4-3-3,14,"Entra l'albore gelido, pe' i vetri,",quale un vaso liturgico d'argento.,89510,90057,2ea48c1dd14d28657f7cca1c99710ab378ffd3a6bdd32427607fdf5182698487,e4f6af9704080425ecb67d0de00ef6b774c044434db7d0ee40d933e119f06a72,eligible_standard_sonnet_pending_processed_build,,,,,,,standard_sonnets,eligible_pending_v7_and_poem_attribution,standard_sonnet_materialized_pending_v7,data/processed/project_gutenberg_resolved_v1/standard_sonnets/part-0001.txt,39531,40021,488,490,14,e4f6af9704080425ecb67d0de00ef6b774c044434db7d0ee40d933e119f06a72
pg27825:char98745-99326,27825,Isaotta Guttadàuro ed altre poesie,"D'Annunzio, Gabriele",,pending_candidate_level_attribution_audit,nineteenth_century_bridge,Project Gutenberg,https://www.gutenberg.org/ebooks/27825,explicit_sonetti_section,4-4-3-3,14,"Se pure il verso mio, Francesca, è reo",e de le late spalle il candid'arco?,98745,99326,0a21fc96f27703137aac7dc5e9fe927e91c6b4bff187ee7163acd6173304687f,339aa1e519bbd8bf52b466c4fe720eeb9b370676633d7aeca4acb60b0b3e6064,eligible_standard_sonnet_pending_processed_build,,,,,,,standard_sonnets,eligible_pending_v7_and_poem_attribution,standard_sonnet_materialized_pending_v7,data/processed/project_gutenberg_resolved_v1/standard_sonnets/part-0001.txt,40022,40549,522,527,14,339aa1e519bbd8bf52b466c4fe720eeb9b370676633d7aeca4acb60b0b3e6064
pg27825:char99333-99918,27825,Isaotta Guttadàuro ed altre poesie,"D'Annunzio, Gabriele",,pending_candidate_level_attribution_audit,nineteenth_century_bridge,Project Gutenberg,https://www.gutenberg.org/ebooks/27825,explicit_sonetti_section,4-4-3-3,14,Quando su per le scale ampie d'argento,tra i profumi de l'urne il sacrifizio.,99333,99918,95b8f9e5b797afb5a11dfb1c1cbb108340e13c9ab1ff1b28276d2319a3c32b42,e8645a56e20e8922f0c130addb513b36dcf3cc5ab12965470538e0a28e6bf793,eligible_standard_sonnet_pending_processed_build,,,,,,,standard_sonnets,eligible_pending_v7_and_poem_attribution,standard_sonnet_materialized_pending_v7,data/processed/project_gutenberg_resolved_v1/standard_sonnets/part-0001.txt,40550,41079,526,529,14,e8645a56e20e8922f0c130addb513b36dcf3cc5ab12965470538e0a28e6bf793
pg27825:char99926-100461,27825,Isaotta Guttadàuro ed altre poesie,"D'Annunzio, Gabriele",,pending_candidate_level_attribution_audit,nineteenth_century_bridge,Project Gutenberg,https://www.gutenberg.org/ebooks/27825,explicit_sonetti_section,4-4-3-3,14,Aveva un tempo il cardinal Grimani,su l'ali d'una candida angelella.,99926,100461,cb057001315cf64a2afa20ab506d4b50b3f7b8ff62e479acffdd3b90114beda5,7e8eb28a3e0882fa4aa41dc3a0ca517a72ae77f59437020103e1ba9ff27cc3c9,eligible_standard_sonnet_pending_processed_build,,,,,,,standard_sonnets,eligible_pending_v7_and_poem_attribution,standard_sonnet_materialized_pending_v7,data/processed/project_gutenberg_resolved_v1/standard_sonnets/part-0001.txt,41080,41562,476,482,14,7e8eb28a3e0882fa4aa41dc3a0ca517a72ae77f59437020103e1ba9ff27cc3c9
pg27825:char101698-102268,27825,Isaotta Guttadàuro ed altre poesie,"D'Annunzio, Gabriele",,pending_candidate_level_attribution_audit,nineteenth_century_bridge,Project Gutenberg,https://www.gutenberg.org/ebooks/27825,explicit_sonetti_section,4-4-3-3,14,Con il fior de la bocca umida a bere,d'infrangere le membra bene amate.,101698,102268,c05fdf6efd4d4abff91c4c3d24b7c181cc4c3fb21acfb1c62b82156d8fcbcfb9,0397f8eb180dccf888c2efca1f01d28445b614ed3aa5256f39ecc14063e2d434,eligible_standard_sonnet_pending_processed_build,,,,,,,standard_sonnets,eligible_pending_v7_and_poem_attribution,standard_sonnet_materialized_pending_v7,data/processed/project_gutenberg_resolved_v1/standard_sonnets/part-0001.txt,41563,42076,511,513,14,0397f8eb180dccf888c2efca1f01d28445b614ed3aa5256f39ecc14063e2d434
pg27825:char102276-102849,27825,Isaotta Guttadàuro ed altre poesie,"D'Annunzio, Gabriele",,pending_candidate_level_attribution_audit,nineteenth_century_bridge,Project Gutenberg,https://www.gutenberg.org/ebooks/27825,explicit_sonetti_section,4-4-3-3,14,Splendidi in tra' vapori aurei de 'l vino,"snelli, che Paol Veronese amava.",102276,102849,6e83865372c489eb6d6ea62a124aa34bfa0d5b59d0669fc533b4e3c47e311c49,35cbba9d183541bf0d3e7c4ad8b39a5ad5b5ff8bbf01ac72ae82b409730c1924,eligible_standard_sonnet_pending_processed_build,,,,,,,standard_sonnets,eligible_pending_v7_and_poem_attribution,standard_sonnet_materialized_pending_v7,data/processed/project_gutenberg_resolved_v1/standard_sonnets/part-0001.txt,42077,42594,514,517,14,35cbba9d183541bf0d3e7c4ad8b39a5ad5b5ff8bbf01ac72ae82b409730c1924
pg27825:char102856-103445,27825,Isaotta Guttadàuro ed altre poesie,"D'Annunzio, Gabriele",,pending_candidate_level_attribution_audit,nineteenth_century_bridge,Project Gutenberg,https://www.gutenberg.org/ebooks/27825,explicit_sonetti_section,4-4-3-3,14,"Vive anco, immersa ne 'l natale aroma,",si nutrivano i sogni dilettosi.,102856,103445,3799fd264212a61c2b1208fd0aaf150f02b593e71122e24256dc0079b600d93f,1a1636b43c54fe346af59de1b5bf8205794e784874965a5d537f6e73a6ad5e97,eligible_standard_sonnet_pending_processed_build,,,,,,,standard_sonnets,eligible_pending_v7_and_poem_attribution,standard_sonnet_materialized_pending_v7,data/processed/project_gutenberg_resolved_v1/standard_sonnets/part-0001.txt,42595,43125,530,530,14,1a1636b43c54fe346af59de1b5bf8205794e784874965a5d537f6e73a6ad5e97
pg27825:char103451-104025,27825,Isaotta Guttadàuro ed altre poesie,"D'Annunzio, Gabriele",,pending_candidate_level_attribution_audit,nineteenth_century_bridge,Project Gutenberg,https://www.gutenberg.org/ebooks/27825,explicit_sonetti_section,4-4-3-3,14,"Un dì, come il silenzio alto ne' campi",balzi urgevan chiedendo d'inseguire.,103451,104025,3fef551e5b44ed540f6f3d07490b69cc43589669027d88e0e3ffacf05cd16b27,572a47f7d66501555d328270061af78e1a315e0ff53447e6afa77ade1556779e,eligible_standard_sonnet_pending_processed_build,,,,,,,standard_sonnets,eligible_pending_v7_and_poem_attribution,standard_sonnet_materialized_pending_v7,data/processed/project_gutenberg_resolved_v1/standard_sonnets/part-0001.txt,43126,43642,515,516,14,572a47f7d66501555d328270061af78e1a315e0ff53447e6afa77ade1556779e
pg27825:char104032-104605,27825,Isaotta Guttadàuro ed altre poesie,"D'Annunzio, Gabriele",,pending_candidate_level_attribution_audit,nineteenth_century_bridge,Project Gutenberg,https://www.gutenberg.org/ebooks/27825,explicit_sonetti_section,4-4-3-3,14,"Ne 'l cortile marmorëo, tra l'alte","simile a Delia, tra i beventi cani!",104032,104605,e8f614dfad253765a68b3e814769218d6ff43a5900052b31afd02acb8422734c,e94758a08e57bc60315e2a54366e90ed4683a0ed85b4b37913d139936e59a17e,eligible_standard_sonnet_pending_processed_build,,,,,,,standard_sonnets,eligible_pending_v7_and_poem_attribution,standard_sonnet_materialized_pending_v7,data/processed/project_gutenberg_resolved_v1/standard_sonnets/part-0001.txt,43643,44161,514,518,14,e94758a08e57bc60315e2a54366e90ed4683a0ed85b4b37913d139936e59a17e
pg27825:char109121-109674,27825,Isaotta Guttadàuro ed altre poesie,"D'Annunzio, Gabriele",,pending_candidate_level_attribution_audit,nineteenth_century_bridge,Project Gutenberg,https://www.gutenberg.org/ebooks/27825,explicit_sonetti_section,4-4-3-3,14,"Cellini, erami assai duro ed ingrato","occhi le sgorga, che tutto m'abbraccia.",109121,109674,580f1c237b58d3f472fd61a555c4ebcf9e24e15b1c73fd1a2f3a8c61c8163244,afa69b52350647b4bda52b298d8106c0333f67ac199fe1ee0d2cc0ab63bb67ab,eligible_standard_sonnet_pending_processed_build,,,,,,,standard_sonnets,eligible_pending_v7_and_poem_attribution,standard_sonnet_materialized_pending_v7,data/processed/project_gutenberg_resolved_v1/standard_sonnets/part-0001.txt,44162,44661,494,499,14,afa69b52350647b4bda52b298d8106c0333f67ac199fe1ee0d2cc0ab63bb67ab
pg27825:char109681-110251,27825,Isaotta Guttadàuro ed altre poesie,"D'Annunzio, Gabriele",,pending_candidate_level_attribution_audit,nineteenth_century_bridge,Project Gutenberg,https://www.gutenberg.org/ebooks/27825,explicit_sonetti_section,4-4-3-3,14,"Amico, le mie tristi passïoni",risplendono le mie stanze felici.,109681,110251,604a6d2a02db30b9b9984b119146e312bc4ac13a7d0dc531456a15691cf1e5cb,b50c7a9db6c51290de79426611c5c031ac2294196dbef8bc2de0fcb33aaade67,eligible_standard_sonnet_pending_processed_build,,,,,,,standard_sonnets,eligible_pending_v7_and_poem_attribution,standard_sonnet_materialized_pending_v7,data/processed/project_gutenberg_resolved_v1/standard_sonnets/part-0001.txt,44662,45175,511,513,14,b50c7a9db6c51290de79426611c5c031ac2294196dbef8bc2de0fcb33aaade67
pg27825:char110259-110829,27825,Isaotta Guttadàuro ed altre poesie,"D'Annunzio, Gabriele",,pending_candidate_level_attribution_audit,nineteenth_century_bridge,Project Gutenberg,https://www.gutenberg.org/ebooks/27825,explicit_sonetti_section,4-4-3-3,14,"Quando ne la mia casa, ospite caro,",sospirando Tibullo da Corcira.,110259,110829,34eddc603490d9e8f2e486ba5775cf89e995b5b8a7ad94de0482a3c8cc7a4857,5922b0b1886182824d01f9903afa61238bfe037820cc47e4cdeb71b787213079,eligible_standard_sonnet_pending_processed_build,,,,,,,standard_sonnets,eligible_pending_v7_and_poem_attribution,standard_sonnet_materialized_pending_v7,data/processed/project_gutenberg_resolved_v1/standard_sonnets/part-0001.txt,45176,45691,511,515,14,5922b0b1886182824d01f9903afa61238bfe037820cc47e4cdeb71b787213079
pg27825:char110886-111472,27825,Isaotta Guttadàuro ed altre poesie,"D'Annunzio, Gabriele",,pending_candidate_level_attribution_audit,nineteenth_century_bridge,Project Gutenberg,https://www.gutenberg.org/ebooks/27825,explicit_sonetti_section,4-4-3-3,14,Son paghi i voti miei. Divin custode,ne la lorica tutta quanta d'oro.,110886,111472,76055f34507d83a51020d4f0f794ce7cad924574309531b3e59f946cea84a513,73519f9ee53edfe29e72c454b3d380e0f3aece5b609e8f16b52ea8dd25f1d681,eligible_standard_sonnet_pending_processed_build,,,,,,,standard_sonnets,eligible_pending_v7_and_poem_attribution,standard_sonnet_materialized_pending_v7,data/processed/project_gutenberg_resolved_v1/standard_sonnets/part-0001.txt,45692,46220,527,528,14,73519f9ee53edfe29e72c454b3d380e0f3aece5b609e8f16b52ea8dd25f1d681
pg27825:char111479-112050,27825,Isaotta Guttadàuro ed altre poesie,"D'Annunzio, Gabriele",,pending_candidate_level_attribution_audit,nineteenth_century_bridge,Project Gutenberg,https://www.gutenberg.org/ebooks/27825,explicit_sonetti_section,4-4-3-3,14,"In vano, in van tra le colonne parie",cozzar ne 'l verso l'armi de 'l Pelide.,111479,112050,297aabd857dd2533443819b16d20b0b9862f152482b1142ec3038c5a37f986e5,6718a56572ccf26d972b88328cb61460b828b87ff8a9ebf8fea0d69507cfc936,eligible_standard_sonnet_pending_processed_build,,,,,,,standard_sonnets,eligible_pending_v7_and_poem_attribution,standard_sonnet_materialized_pending_v7,data/processed/project_gutenberg_resolved_v1/standard_sonnets/part-0001.txt,46221,46733,512,512,14,6718a56572ccf26d972b88328cb61460b828b87ff8a9ebf8fea0d69507cfc936
pg30738:char13594-14210,30738,"Opera nova amorosa, vol. 1: Strambotti, sonetti, capitoli, epistole et una disperata","Notturno, Napolitano",,pending_candidate_level_attribution_audit,origins_through_1800,Project Gutenberg,https://www.gutenberg.org/ebooks/30738,explicit_sonetto_heading,14,14,Dapoi che incominciai sì dolce amarte,Quai dureran per fin l'ultimo giorno,13594,14210,10d7ed29aaea34bd0a55c948ccfd3406475e0e91a073ea0ced636ebe66842f70,52cb9d0417b99e89fd733ddf0e4f2c04af4bd33364ebf93ce8b9e94028eed092,eligible_standard_sonnet_pending_processed_build,,,,,,,standard_sonnets,eligible_pending_v7_and_poem_attribution,standard_sonnet_materialized_pending_v7,data/processed/project_gutenberg_resolved_v1/standard_sonnets/part-0001.txt,46734,47281,540,547,14,52cb9d0417b99e89fd733ddf0e4f2c04af4bd33364ebf93ce8b9e94028eed092
pg30738:char14212-14833,30738,"Opera nova amorosa, vol. 1: Strambotti, sonetti, capitoli, epistole et una disperata","Notturno, Napolitano",,pending_candidate_level_attribution_audit,origins_through_1800,Project Gutenberg,https://www.gutenberg.org/ebooks/30738,explicit_sonetti_section,14,14,Poi che mortal bellezza in gioven anni,"Miseri chi non provede, e questo intende",14212,14833,176c62dcae96ad1bced82236fac0335da9d05f13c1ea0027933f66141b1b5636,96a8e65e46287e7de77a1bdba62b855e2ede67709241f366581672787d802553,eligible_standard_sonnet_pending_processed_build,,,,,,,standard_sonnets,eligible_pending_v7_and_poem_attribution,standard_sonnet_materialized_pending_v7,data/processed/project_gutenberg_resolved_v1/standard_sonnets/part-0001.txt,47282,47835,545,553,14,96a8e65e46287e7de77a1bdba62b855e2ede67709241f366581672787d802553
pg30738:char14848-15477,30738,"Opera nova amorosa, vol. 1: Strambotti, sonetti, capitoli, epistole et una disperata","Notturno, Napolitano",,pending_candidate_level_attribution_audit,origins_through_1800,Project Gutenberg,https://www.gutenberg.org/ebooks/30738,explicit_sonetto_heading,14,14,Talhor sole fra me pensoso e stanco,"S'io guardo in giuso, e in doppio error ricado",14848,15477,4e371e491ad730e50332710e38062e1c524b3cca999a3e538535632cd2449605,ec7be04d0e1d51d2374ecba15573fec06aa6002f8280274190dfc40babf58373,eligible_standard_sonnet_pending_processed_build,,,,,,,standard_sonnets,eligible_pending_v7_and_poem_attribution,standard_sonnet_materialized_pending_v7,data/processed/project_gutenberg_resolved_v1/standard_sonnets/part-0001.txt,47836,48390,553,554,14,ec7be04d0e1d51d2374ecba15573fec06aa6002f8280274190dfc40babf58373
pg30738:char15479-16116,30738,"Opera nova amorosa, vol. 1: Strambotti, sonetti, capitoli, epistole et una disperata","Notturno, Napolitano",,pending_candidate_level_attribution_audit,origins_through_1800,Project Gutenberg,https://www.gutenberg.org/ebooks/30738,explicit_sonetti_section,14,14,"Piedi, man, occhi, bocca, orecchi, e il core","E tutti gli altri, via scaccia, e riprende",15479,16116,dbf887d81642a9b6464de07f856f8402a1bc82b0633e23865d5daacb781d62b6,012069dca2065d54b5784ec95cfecfc94fc239ce99ef8b91e369d40003d71445,eligible_standard_sonnet_pending_processed_build,,,,,,,standard_sonnets,eligible_pending_v7_and_poem_attribution,standard_sonnet_materialized_pending_v7,data/processed/project_gutenberg_resolved_v1/standard_sonnets/part-0001.txt,48391,48957,561,566,14,012069dca2065d54b5784ec95cfecfc94fc239ce99ef8b91e369d40003d71445
pg31285:char31308-32028,31285,"Opera nova amorosa, vol. 2: Traggedia","Notturno, Napolitano",,pending_candidate_level_attribution_audit,origins_through_1800,Project Gutenberg,https://www.gutenberg.org/ebooks/31285,structural_14_line,14,14,Ru.  Voi saper dov'io tegno: il mio pensiero,Non movon tuoi sembianti: ad aiutarlo.,31308,32028,bb253183ed6abcdbdd3139d3d81032095804285838a71c7e314e0007a3f045c8,f61bc15c802acec905e100983096f339f0c7ce8476247632d42a046a513e03d1,exclude_manual_not_sonnet,exclude_not_sonnet,"Detector window is continuous dramatic dialogue, not a bounded sonnet.",,,,,not_standard_sonnet_artifact,excluded_from_sonnet_corpus,not_materialized_exclude_manual_not_sonnet,,,,0,0,0,e3b0c44298fc1c149afbf4c8996fb92427ae41e4649b934ca495991b7852b855
pg31285:char34075-34732,31285,"Opera nova amorosa, vol. 2: Traggedia","Notturno, Napolitano",,pending_candidate_level_attribution_audit,origins_through_1800,Project Gutenberg,https://www.gutenberg.org/ebooks/31285,structural_14_line,8-6,14,"E perché forsi, non comprehendi quanto",Farà adietro ritorno.,34075,34732,a6dc1a5b13922db2dcfa62e6752e750d3153a7c73e8cc9ece6bc8bbce882570d,db9277fe0b5789345c3dab7aac37b1295d7f67f3cc6f3bdad514953675112611,exclude_manual_not_sonnet,exclude_not_sonnet,"Detector window is continuous dramatic dialogue, not a bounded sonnet.",,,,,not_standard_sonnet_artifact,excluded_from_sonnet_corpus,not_materialized_exclude_manual_not_sonnet,,,,0,0,0,e3b0c44298fc1c149afbf4c8996fb92427ae41e4649b934ca495991b7852b855
pg31285:char43256-43941,31285,"Opera nova amorosa, vol. 2: Traggedia","Notturno, Napolitano",,pending_candidate_level_attribution_audit,origins_through_1800,Project Gutenberg,https://www.gutenberg.org/ebooks/31285,structural_14_line,8-6,14,O reo destin a che condotto m'hai:,scapigliata dicendo.,43256,43941,1de8f3860fee8b3ca54ca9860f124aea92bf4683e5525a7aa6d654adc2e6d718,b832e95fcc2547fdc5f11ea56febd61470bd8688dc2e987389cdff1dc2ffab72,exclude_manual_not_sonnet,exclude_not_sonnet,"Detector window is continuous dramatic dialogue, not a bounded sonnet.",,,,,not_standard_sonnet_artifact,excluded_from_sonnet_corpus,not_materialized_exclude_manual_not_sonnet,,,,0,0,0,e3b0c44298fc1c149afbf4c8996fb92427ae41e4649b934ca495991b7852b855
pg31818:char19354-19988,31818,"Opera nova amorosa, vol. 3: Comedia nova","Notturno, Napolitano",,pending_candidate_level_attribution_audit,origins_through_1800,Project Gutenberg,https://www.gutenberg.org/ebooks/31818,structural_14_line,14,14,"S  Que ch'io ti voglio dir, anchor non sai",Intrar dile,19354,19988,eff12fe5b9033169eed7e29bb90b3e223b69f8fa138ad06a1cbe436745e9ac45,ec946383543f0735b9371d356a1b3c71e010f11f4d9e5212a8229b858110d99d,exclude_manual_not_sonnet,exclude_not_sonnet,"Detector window is continuous comic dialogue, not a bounded sonnet.",,,,,not_standard_sonnet_artifact,excluded_from_sonnet_corpus,not_materialized_exclude_manual_not_sonnet,,,,0,0,0,e3b0c44298fc1c149afbf4c8996fb92427ae41e4649b934ca495991b7852b855
pg31818:char53519-54149,31818,"Opera nova amorosa, vol. 3: Comedia nova","Notturno, Napolitano",,pending_candidate_level_attribution_audit,origins_through_1800,Project Gutenberg,https://www.gutenberg.org/ebooks/31818,structural_14_line,14,14,"L    Guardate che le sonno, nella cassa",Numio gentile,53519,54149,efb9d1f1542609e3ae57be6ae1d0f929d61ff9054bfebe352b5592dc04e168fa,eb39b65061cc97c21f36dbea1c4678654d414152f5839e57b7a273088a9ef4e9,exclude_manual_not_sonnet,exclude_not_sonnet,"Detector window is continuous comic dialogue, not a bounded sonnet.",,,,,not_standard_sonnet_artifact,excluded_from_sonnet_corpus,not_materialized_exclude_manual_not_sonnet,,,,0,0,0,e3b0c44298fc1c149afbf4c8996fb92427ae41e4649b934ca495991b7852b855
pg31818:char68933-69602,31818,"Opera nova amorosa, vol. 3: Comedia nova","Notturno, Napolitano",,pending_candidate_level_attribution_audit,origins_through_1800,Project Gutenberg,https://www.gutenberg.org/ebooks/31818,structural_14_line,8-6,14,"L               l'era un murador, che siolta","Con sua man gli tronchava, il vital corso",68933,69602,e592c4c9ee11ed09a968934f64af5bb0a9bf8d0d25ae60de0ee0dc252f66f408,aa59578f0fbe6fdfd478fb8bfbd2c7c9d2429e3ed981fff1106fb41f0007e02b,exclude_manual_not_sonnet,exclude_not_sonnet,"Detector window is continuous comic dialogue, not a bounded sonnet.",,,,,not_standard_sonnet_artifact,excluded_from_sonnet_corpus,not_materialized_exclude_manual_not_sonnet,,,,0,0,0,e3b0c44298fc1c149afbf4c8996fb92427ae41e4649b934ca495991b7852b855
pg31818:char94167-94829,31818,"Opera nova amorosa, vol. 3: Comedia nova","Notturno, Napolitano",,pending_candidate_level_attribution_audit,origins_through_1800,Project Gutenberg,https://www.gutenberg.org/ebooks/31818,structural_14_line,8-6,14,"B  Odi Scaltra mia bella, tien pur stretto","Belvico mio gentil, volto mio bello",94167,94829,592e8859b1f9e3d3eefb156844bbeee994e01a19dfbeeefb49fc5a9c0003df23,930db5f0a2de007175870f450fa1fdd3feffec300fb68078e5b94bc66f742295,exclude_manual_not_sonnet,exclude_not_sonnet,"Detector window is continuous comic dialogue, not a bounded sonnet.",,,,,not_standard_sonnet_artifact,excluded_from_sonnet_corpus,not_materialized_exclude_manual_not_sonnet,,,,0,0,0,e3b0c44298fc1c149afbf4c8996fb92427ae41e4649b934ca495991b7852b855
pg31818:char109781-110410,31818,"Opera nova amorosa, vol. 3: Comedia nova","Notturno, Napolitano",,pending_candidate_level_attribution_audit,origins_through_1800,Project Gutenberg,https://www.gutenberg.org/ebooks/31818,explicit_sonetto_heading,14,14,"Amor, e il mio cor sieco, un giorno intenti","Che viver possi, il cor, dal corpo, absente",109781,110410,c46e8613aefb85ca1ba37bf8b3b52035f4d45ade630f11d2294fc65dc34e97bc,dd4141c10283bb29b140f94fabcc742f568e4e84efcb856c12c811fa63174578,eligible_standard_sonnet_pending_processed_build,,,,,,,standard_sonnets,eligible_pending_v7_and_poem_attribution,standard_sonnet_materialized_pending_v7,data/processed/project_gutenberg_resolved_v1/standard_sonnets/part-0001.txt,48958,49514,553,556,14,dd4141c10283bb29b140f94fabcc742f568e4e84efcb856c12c811fa63174578
pg31818:char110426-111034,31818,"Opera nova amorosa, vol. 3: Comedia nova","Notturno, Napolitano",,pending_candidate_level_attribution_audit,origins_through_1800,Project Gutenberg,https://www.gutenberg.org/ebooks/31818,explicit_sonetto_heading,14,14,Vado piangendo miei passati tempi,"Et in pueril età, poco intellecto",110426,111034,8004529398dae5a7c802c50c4559f0b18a7ab55106d5c4175dbe7a5ac8ea5d42,b72433cf19f47285e003468b8242794ba2a69eaaef8d30015810cd5259244f27,eligible_standard_sonnet_pending_processed_build,,,,,,,standard_sonnets,eligible_pending_v7_and_poem_attribution,standard_sonnet_materialized_pending_v7,data/processed/project_gutenberg_resolved_v1/standard_sonnets/part-0001.txt,49515,50051,532,536,14,b72433cf19f47285e003468b8242794ba2a69eaaef8d30015810cd5259244f27
pg31818:char111050-111662,31818,"Opera nova amorosa, vol. 3: Comedia nova","Notturno, Napolitano",,pending_candidate_level_attribution_audit,origins_through_1800,Project Gutenberg,https://www.gutenberg.org/ebooks/31818,explicit_sonetto_heading,14,14,"Veggendoti esser sola, al secul nata","Che spinto il tuo bel fior, riami un steccho",111050,111662,fa6a072ea4e6906a82d5082594bcd464f3c272d920585c87cb4a29af4904aee3,6b5ccda6e9031ff3afef26cde63abc4d22fe241ecd558470252f499452d81182,eligible_standard_sonnet_pending_processed_build,,,,,,,standard_sonnets,eligible_pending_v7_and_poem_attribution,standard_sonnet_materialized_pending_v7,data/processed/project_gutenberg_resolved_v1/standard_sonnets/part-0001.txt,50052,50592,536,540,14,6b5ccda6e9031ff3afef26cde63abc4d22fe241ecd558470252f499452d81182
pg31818:char111678-112312,31818,"Opera nova amorosa, vol. 3: Comedia nova","Notturno, Napolitano",,pending_candidate_level_attribution_audit,origins_through_1800,Project Gutenberg,https://www.gutenberg.org/ebooks/31818,explicit_sonetto_heading,14,14,"Prima, lucer vedrassi phebo, il giorno","Ch'io mai resti d'amar, tuoi sacri lumi",111678,112312,f94cf22ae6759e2bf91ca527c3dbdffc85fc88ef0bced329c7adf3d63c682ed8,ffd3426bde2a8bd32ce27d2bc48698d2728f77cf48f506854c72a5f7f0f6f6e2,eligible_standard_sonnet_pending_processed_build,,,,,,,standard_sonnets,eligible_pending_v7_and_poem_attribution,standard_sonnet_materialized_pending_v7,data/processed/project_gutenberg_resolved_v1/standard_sonnets/part-0001.txt,50593,51155,558,562,14,ffd3426bde2a8bd32ce27d2bc48698d2728f77cf48f506854c72a5f7f0f6f6e2
pg34639:char74111-74687,34639,I tre tiranni: Commedie del Cinquecento,"Ricchi, Agostino",,pending_candidate_level_attribution_audit,origins_through_1800,Project Gutenberg,https://www.gutenberg.org/ebooks/34639,structural_14_line,14,14,"ARTEMONA. Che farai, vecchia? Vuoi dare a Crisaulo",Come andò poi la cosa?,74111,74687,9f78ea85e9479fc7b9f79b6f2728a179cba42fa9a34650dcd39707109814ed18,5eb08c79bc979c523d441f10c0022f15b8259c43a3d6c31b6f9f777af631d445,exclude_manual_not_sonnet,exclude_not_sonnet,"Detector window is continuous comedy dialogue, not a bounded sonnet.",,,,,not_standard_sonnet_artifact,excluded_from_sonnet_corpus,not_materialized_exclude_manual_not_sonnet,,,,0,0,0,e3b0c44298fc1c149afbf4c8996fb92427ae41e4649b934ca495991b7852b855
pg34639:char81763-82327,34639,I tre tiranni: Commedie del Cinquecento,"Ricchi, Agostino",,pending_candidate_level_attribution_audit,origins_through_1800,Project Gutenberg,https://www.gutenberg.org/ebooks/34639,structural_14_line,14,14,"CRISAULO.              Che fai, Fileno?",la vita giá perduta.,81763,82327,fdc05f06c4f7f539b04e5cb81875e82270cc4edc8d1fabd0dea4be4f573ca955,221f724f3fe2269389c9a0ae5e9d0621beeb352daa79a4ad39be9717d36e4b3f,exclude_manual_not_sonnet,exclude_not_sonnet,"Detector window is continuous comedy dialogue, not a bounded sonnet.",,,,,not_standard_sonnet_artifact,excluded_from_sonnet_corpus,not_materialized_exclude_manual_not_sonnet,,,,0,0,0,e3b0c44298fc1c149afbf4c8996fb92427ae41e4649b934ca495991b7852b855
pg34639:char89627-90161,34639,I tre tiranni: Commedie del Cinquecento,"Ricchi, Agostino",,pending_candidate_level_attribution_audit,origins_through_1800,Project Gutenberg,https://www.gutenberg.org/ebooks/34639,structural_14_line,4-4-6,14,LISTAGIRO. Oh bene! E de le braccia salci.,ché sei pur vecchio.,89627,90161,82d4e13fcf53eabc5686ef24b72cba64fb6af04da8d9a77016b0d24ae7f1ec82,087bf5105bdf511b3c547372ddc84620958bbaea79a3f5c2ccf5561330890bd3,exclude_manual_not_sonnet,exclude_not_sonnet,"Detector window is continuous comedy dialogue, not a bounded sonnet.",,,,,not_standard_sonnet_artifact,excluded_from_sonnet_corpus,not_materialized_exclude_manual_not_sonnet,,,,0,0,0,e3b0c44298fc1c149afbf4c8996fb92427ae41e4649b934ca495991b7852b855
pg34639:char125013-125577,34639,I tre tiranni: Commedie del Cinquecento,"Ricchi, Agostino",,pending_candidate_level_attribution_audit,origins_through_1800,Project Gutenberg,https://www.gutenberg.org/ebooks/34639,structural_14_line,14,14,ARTEMONA.                  Io ci ho sol questo,fa' ch'io lo sappi.,125013,125577,1b7a4a83dfcfc0e8c93e02cd94b19a5a8f165def83e771751a76a76da908cef5,b8a510d5897279c02aa6b66d6e73f902e6007f8a2f912aa3d297dde00a89a8e0,exclude_manual_not_sonnet,exclude_not_sonnet,"Detector window is continuous comedy dialogue, not a bounded sonnet.",,,,,not_standard_sonnet_artifact,excluded_from_sonnet_corpus,not_materialized_exclude_manual_not_sonnet,,,,0,0,0,e3b0c44298fc1c149afbf4c8996fb92427ae41e4649b934ca495991b7852b855
pg34639:char135383-135889,34639,I tre tiranni: Commedie del Cinquecento,"Ricchi, Agostino",,pending_candidate_level_attribution_audit,origins_through_1800,Project Gutenberg,https://www.gutenberg.org/ebooks/34639,structural_14_line,4-4-3-3,14,ARTEMONA.   Tu sei troppo savio.,Ma saria cosa lunga.,135383,135889,c2d5e83ad3a7dffa7b8885e1efc4e4698d86f9f594bfb1bf82d28db45be5de54,933aab84282f6e4ef6f8c9de886af3694ba8e15db1a731f5fbd44fc250994fcf,exclude_manual_not_sonnet,exclude_not_sonnet,"Detector window is continuous comedy dialogue, not a bounded sonnet.",,,,,not_standard_sonnet_artifact,excluded_from_sonnet_corpus,not_materialized_exclude_manual_not_sonnet,,,,0,0,0,e3b0c44298fc1c149afbf4c8996fb92427ae41e4649b934ca495991b7852b855
pg34639:char156205-156725,34639,I tre tiranni: Commedie del Cinquecento,"Ricchi, Agostino",,pending_candidate_level_attribution_audit,origins_through_1800,Project Gutenberg,https://www.gutenberg.org/ebooks/34639,structural_14_line,14,14,FILOCRATE. Quando io me partí da quellas,gloria y vencimiento.,156205,156725,8192e4c40ce68f4a3e12fe8411cb62d583d05d6f299e14e8d864c0e029f499bf,a97f29a91c809c46b7bbfdfdf16dd6048a59e8b77e45c88ae3782e57ef1ec31e,exclude_manual_not_sonnet,exclude_not_sonnet,"Detector window is continuous comedy dialogue, not a bounded sonnet.",,,,,not_standard_sonnet_artifact,excluded_from_sonnet_corpus,not_materialized_exclude_manual_not_sonnet,,,,0,0,0,e3b0c44298fc1c149afbf4c8996fb92427ae41e4649b934ca495991b7852b855
pg34639:char156726-157280,34639,I tre tiranni: Commedie del Cinquecento,"Ricchi, Agostino",,pending_candidate_level_attribution_audit,origins_through_1800,Project Gutenberg,https://www.gutenberg.org/ebooks/34639,structural_14_line,14,14,DEMOFILO.             Ai tempi nostri,offuscherebbe i loro accesi lumi.,156726,157280,ad7f9213bb0412379ca0555865cb4555b25a54241f346f92ac2a938582abbd58,70e54d8858db448e6e4caa9ab1616023d1c2bdc6a3990e5eab179a3e061b7262,exclude_manual_not_sonnet,exclude_not_sonnet,"Detector window is continuous comedy dialogue, not a bounded sonnet.",,,,,not_standard_sonnet_artifact,excluded_from_sonnet_corpus,not_materialized_exclude_manual_not_sonnet,,,,0,0,0,e3b0c44298fc1c149afbf4c8996fb92427ae41e4649b934ca495991b7852b855
pg34639:char160204-160726,34639,I tre tiranni: Commedie del Cinquecento,"Ricchi, Agostino",,pending_candidate_level_attribution_audit,origins_through_1800,Project Gutenberg,https://www.gutenberg.org/ebooks/34639,structural_14_line,14,14,FILOCRATE. Esta fama se a adquirido nuestro,y de nuestra santa fé.,160204,160726,e7c1fd44d65f348776c1c6486e0ed47b11429df6163ca3dfe7d80087f71056fc,ee1579b7e2159c04aa7cb13c7010f675df36822eb8af7e44f7ea7464d8251ad0,exclude_manual_not_sonnet,exclude_not_sonnet,"Detector window is continuous comedy dialogue, not a bounded sonnet.",,,,,not_standard_sonnet_artifact,excluded_from_sonnet_corpus,not_materialized_exclude_manual_not_sonnet,,,,0,0,0,e3b0c44298fc1c149afbf4c8996fb92427ae41e4649b934ca495991b7852b855
pg34639:char189444-190003,34639,I tre tiranni: Commedie del Cinquecento,"Ricchi, Agostino",,pending_candidate_level_attribution_audit,origins_through_1800,Project Gutenberg,https://www.gutenberg.org/ebooks/34639,structural_14_line,14,14,CRISAULO.      Ma non è ancor gran cosa:,com'io vorrei.,189444,190003,a6b6f14a6b707eb743ff5a12cdc400d46d35a67683f106aca1689d92f4b8529f,a116bdd7e7d75a0f574e3fed8015587d2b3a08c987aaf6d959e2905ec0bbf02b,exclude_manual_not_sonnet,exclude_not_sonnet,"Detector window is continuous comedy dialogue, not a bounded sonnet.",,,,,not_standard_sonnet_artifact,excluded_from_sonnet_corpus,not_materialized_exclude_manual_not_sonnet,,,,0,0,0,e3b0c44298fc1c149afbf4c8996fb92427ae41e4649b934ca495991b7852b855
pg34639:char192043-192615,34639,I tre tiranni: Commedie del Cinquecento,"Ricchi, Agostino",,pending_candidate_level_attribution_audit,origins_through_1800,Project Gutenberg,https://www.gutenberg.org/ebooks/34639,structural_14_line,14,14,CRISAULO.      E che debbo dire io?,Usciremo or d'affanno.,192043,192615,608a3992c12e6e9ae3c6c0aacbb4e44a0998b07601cdf983fa122f3a6eae81bb,698e457a9ddaaf8c7a72b9a021ee06e873a3dd7157f056bb3656104118528882,exclude_manual_not_sonnet,exclude_not_sonnet,"Detector window is continuous comedy dialogue, not a bounded sonnet.",,,,,not_standard_sonnet_artifact,excluded_from_sonnet_corpus,not_materialized_exclude_manual_not_sonnet,,,,0,0,0,e3b0c44298fc1c149afbf4c8996fb92427ae41e4649b934ca495991b7852b855
pg35799:char26296-26856,35799,Caos del Triperuno: Opere Italiane Vol. 1,"Folengo, Teofilo",,pending_candidate_level_attribution_audit,origins_through_1800,Project Gutenberg,https://www.gutenberg.org/ebooks/35799,structural_14_line,14,14,"«Alma, che per altrui difetto al varco","non sa fatica, finalmente, o carco».",26296,26856,4acbd23fffb728d8c47945ad0c431eda19bc14b5c4fad89a0205d2c6219e6348,66a4db48275324d1da07c9d4db3093279518c917aafd1bc0b0bdcd3ab82d96a0,exclude_manual_not_sonnet,exclude_not_sonnet,Fourteen-line block has an irregular canzone-like stanza and is not a sonnet.,,,,,not_standard_sonnet_artifact,excluded_from_sonnet_corpus,not_materialized_exclude_manual_not_sonnet,,,,0,0,0,e3b0c44298fc1c149afbf4c8996fb92427ae41e4649b934ca495991b7852b855
pg35799:char89197-89839,35799,Caos del Triperuno: Opere Italiane Vol. 1,"Folengo, Teofilo",,pending_candidate_level_attribution_audit,origins_through_1800,Project Gutenberg,https://www.gutenberg.org/ebooks/35799,structural_14_line,4-4-3-3,14,"Un aspro cuor, un'empia e cruda voglia,",fin che qual serpe lásciavi la scorza.,89197,89839,02d62404cd910dd83543e52a8a242a9640529b551ebe53ee1f8b8aed5eebd95b,6b2011ca55c07304e1aa56d9e71b0ec559dbd9a4226a78c02e713a4f93385d9d,eligible_standard_sonnet_pending_processed_build,accept_structurally_verified_standard_sonnet,Bounded fourteen-line Italian poem has a coherent sonnet octave-and-sestet or quatrain-and-tercet rhyme structure.,,,,,standard_sonnets,eligible_pending_v7_and_poem_attribution,standard_sonnet_materialized_pending_v7,data/processed/project_gutenberg_resolved_v1/standard_sonnets/part-0001.txt,51156,51740,575,584,14,6b2011ca55c07304e1aa56d9e71b0ec559dbd9a4226a78c02e713a4f93385d9d
pg35799:char128100-128832,35799,Caos del Triperuno: Opere Italiane Vol. 1,"Folengo, Teofilo",,pending_candidate_level_attribution_audit,origins_through_1800,Project Gutenberg,https://www.gutenberg.org/ebooks/35799,structural_14_line,8-6,14,"V enit at interea mihi trippiger ille Cocaius,","E sse hac in vita, qua vivimus absque travaio?",128100,128832,9dfef748570f70e4f79ee5173fbf444750ad51f3576d1d37bda3bd7bc4ed98ab,4bd03be061cd858997a92f57e2c65565ef5eb65fc748c998241a9d98f0a1151b,exclude_manual_not_sonnet,exclude_not_sonnet,Latin acrostic hexameter passage is not an Italian sonnet.,,,,,not_standard_sonnet_artifact,excluded_from_sonnet_corpus,not_materialized_exclude_manual_not_sonnet,,,,0,0,0,e3b0c44298fc1c149afbf4c8996fb92427ae41e4649b934ca495991b7852b855
pg35799:char133250-133855,35799,Caos del Triperuno: Opere Italiane Vol. 1,"Folengo, Teofilo",,pending_candidate_level_attribution_audit,origins_through_1800,Project Gutenberg,https://www.gutenberg.org/ebooks/35799,structural_14_line,14,14,"La fama, il grido e l'onorevol suono",resorto fia da voi sul punto estremo.,133250,133855,78fadd624e7920c7b49e15188c1e76ad96d506ee4e5948851bb144aacffa7074,6051db3185505c6806c4def5a8a344e391fb63717521e9a7735d7f3ead99d49e,eligible_standard_sonnet_pending_processed_build,accept_structurally_verified_standard_sonnet,Bounded fourteen-line Italian poem has a coherent sonnet octave-and-sestet or quatrain-and-tercet rhyme structure.,,,,,standard_sonnets,eligible_pending_v7_and_poem_attribution,standard_sonnet_materialized_pending_v7,data/processed/project_gutenberg_resolved_v1/standard_sonnets/part-0001.txt,51741,52290,541,549,14,6051db3185505c6806c4def5a8a344e391fb63717521e9a7735d7f3ead99d49e
pg35799:char135578-136194,35799,Caos del Triperuno: Opere Italiane Vol. 1,"Folengo, Teofilo",,pending_candidate_level_attribution_audit,origins_through_1800,Project Gutenberg,https://www.gutenberg.org/ebooks/35799,structural_14_line,14,14,"So ben che 'l mio lodarvi, donna altera,","il suo cantarvi, allor lieta galoppa.",135578,136194,2135c039db5945e555e334adbd4f785476a766bc98aed17b6b891c1731147e09,135c758b94d973661bb1f740c6930cf54b4a7b980e4b8a6aa7d83cb5354940db,eligible_standard_sonnet_pending_processed_build,accept_structurally_verified_standard_sonnet,Bounded fourteen-line Italian poem has a coherent sonnet octave-and-sestet or quatrain-and-tercet rhyme structure.,,,,,standard_sonnets,eligible_pending_v7_and_poem_attribution,standard_sonnet_materialized_pending_v7,data/processed/project_gutenberg_resolved_v1/standard_sonnets/part-0001.txt,52291,52846,552,555,14,135c758b94d973661bb1f740c6930cf54b4a7b980e4b8a6aa7d83cb5354940db
pg35799:char136656-137297,35799,Caos del Triperuno: Opere Italiane Vol. 1,"Folengo, Teofilo",,pending_candidate_level_attribution_audit,origins_through_1800,Project Gutenberg,https://www.gutenberg.org/ebooks/35799,structural_14_line,14,14,"--Vaga, solinga e dolce tortorella,",ché altrui miseria al miser è solaccio.,136656,137297,8ef012965b8359be757bb091c46e84d6580445976be982deacb1e1d227b32368,cd32b8beca2e64b7215ee3fe48728801fa439e4b7b57c017aa4eeeac4f1a1032,eligible_standard_sonnet_pending_processed_build,accept_structurally_verified_standard_sonnet,Bounded fourteen-line Italian poem has a coherent sonnet octave-and-sestet or quatrain-and-tercet rhyme structure.,,,,,standard_sonnets,eligible_pending_v7_and_poem_attribution,standard_sonnet_materialized_pending_v7,data/processed/project_gutenberg_resolved_v1/standard_sonnets/part-0001.txt,52847,53428,577,581,14,cd32b8beca2e64b7215ee3fe48728801fa439e4b7b57c017aa4eeeac4f1a1032
pg35799:char144899-145518,35799,Caos del Triperuno: Opere Italiane Vol. 1,"Folengo, Teofilo",,pending_candidate_level_attribution_audit,origins_through_1800,Project Gutenberg,https://www.gutenberg.org/ebooks/35799,structural_14_line,8-6,14,A l ciel or triunfando spiego l'ale;,S ovra la fama esser il ver confessa.,144899,145518,1c1faa93d7238a1d6bf1cfcf9ed20ff68034809fa6167ccc12f6cdf0ff8b99fe,66391019c2e89e54f468a341f46a913b4d3dc5e6cb61c525c99ae7a654841699,eligible_standard_sonnet_pending_processed_build,accept_structurally_verified_standard_sonnet,Bounded fourteen-line Italian poem has a coherent sonnet octave-and-sestet or quatrain-and-tercet rhyme structure.,,,,,standard_sonnets,eligible_pending_v7_and_poem_attribution,standard_sonnet_materialized_pending_v7,data/processed/project_gutenberg_resolved_v1/standard_sonnets/part-0001.txt,53429,53997,562,568,14,66391019c2e89e54f468a341f46a913b4d3dc5e6cb61c525c99ae7a654841699
pg35799:char145880-146480,35799,Caos del Triperuno: Opere Italiane Vol. 1,"Folengo, Teofilo",,pending_candidate_level_attribution_audit,origins_through_1800,Project Gutenberg,https://www.gutenberg.org/ebooks/35799,structural_14_line,14,14,"Voi che soavi accenti, alte parole,",poter tant'alto porger uman stile.,145880,146480,4af246e6ce7391f616c1998900181b892f54b2a04c4e864fe550886cc059d571,b536c6fc3a22f443a0324be38cec02fcd5799ad78f13a562a42d84080ca05caf,eligible_standard_sonnet_pending_processed_build,accept_structurally_verified_standard_sonnet,Bounded fourteen-line Italian poem has a coherent sonnet octave-and-sestet or quatrain-and-tercet rhyme structure.,,,,,standard_sonnets,eligible_pending_v7_and_poem_attribution,standard_sonnet_materialized_pending_v7,data/processed/project_gutenberg_resolved_v1/standard_sonnets/part-0001.txt,53998,54540,536,542,14,b536c6fc3a22f443a0324be38cec02fcd5799ad78f13a562a42d84080ca05caf
pg35799:char156529-157212,35799,Caos del Triperuno: Opere Italiane Vol. 1,"Folengo, Teofilo",,pending_candidate_level_attribution_audit,origins_through_1800,Project Gutenberg,https://www.gutenberg.org/ebooks/35799,structural_14_line,14,14,"O mihi Pieriis liceat demergier undis,",Utraque quos caedens iam caret ungue manus!,156529,157212,9382ec6d2fe9ac03cb438f7d2e63e1fd11d781c5257a7f91777e87128dc7b971,3e165fedbfd8ab0a1616fddb6e61feb3c40152d1fb36c01cd910b3db96312e11,exclude_manual_not_sonnet,exclude_not_sonnet,Latin elegiac passage is not an Italian sonnet.,,,,,not_standard_sonnet_artifact,excluded_from_sonnet_corpus,not_materialized_exclude_manual_not_sonnet,,,,0,0,0,e3b0c44298fc1c149afbf4c8996fb92427ae41e4649b934ca495991b7852b855
pg35799:char170535-171150,35799,Caos del Triperuno: Opere Italiane Vol. 1,"Folengo, Teofilo",,pending_candidate_level_attribution_audit,origins_through_1800,Project Gutenberg,https://www.gutenberg.org/ebooks/35799,structural_14_line,14,14,"Or non piú fama, or non piú 'l sparso grido",--Costei sola del ciel le grazie impetra!,170535,171150,9867a2cd9f66ebe295bf02338b337d39462c383f06488277d2997aaed99a3577,866e4a26801f0199a0dcd2a8aa2c98ae1f5dadbb226b6028b1370eaa29ea351c,eligible_standard_sonnet_pending_processed_build,accept_structurally_verified_standard_sonnet,Bounded fourteen-line Italian poem has a coherent sonnet octave-and-sestet or quatrain-and-tercet rhyme structure.,,,,,standard_sonnets,eligible_pending_v7_and_poem_attribution,standard_sonnet_materialized_pending_v7,data/processed/project_gutenberg_resolved_v1/standard_sonnets/part-0001.txt,54541,55102,551,561,14,866e4a26801f0199a0dcd2a8aa2c98ae1f5dadbb226b6028b1370eaa29ea351c
pg35799:char172153-172757,35799,Caos del Triperuno: Opere Italiane Vol. 1,"Folengo, Teofilo",,pending_candidate_level_attribution_audit,origins_through_1800,Project Gutenberg,https://www.gutenberg.org/ebooks/35799,structural_14_line,14,14,"Questa madonna, che sí dolce, altiera,","bella, nudrisce al dolce suo veleno.",172153,172757,44de80c2602f2de0813a2e33e74c40c774b74e222118adacb99f231be2292f77,c7d3c6d4e1abd17270937b87c8c564f6ca7843f107f332db828b3a6e2f9a10f0,eligible_standard_sonnet_pending_processed_build,accept_structurally_verified_standard_sonnet,Bounded fourteen-line Italian poem has a coherent sonnet octave-and-sestet or quatrain-and-tercet rhyme structure.,,,,,standard_sonnets,eligible_pending_v7_and_poem_attribution,standard_sonnet_materialized_pending_v7,data/processed/project_gutenberg_resolved_v1/standard_sonnets/part-0001.txt,55103,55651,540,548,14,c7d3c6d4e1abd17270937b87c8c564f6ca7843f107f332db828b3a6e2f9a10f0
pg35799:char172836-173444,35799,Caos del Triperuno: Opere Italiane Vol. 1,"Folengo, Teofilo",,pending_candidate_level_attribution_audit,origins_through_1800,Project Gutenberg,https://www.gutenberg.org/ebooks/35799,structural_14_line,14,14,"Quando l'alma gentile, per cui sola","nel carro stesso, in noi l'arco si tese.",172836,173444,b43e733d710aea1d2b46d4bdd3d16d4ba25ad888136f08f275b1464d53711a29,9e286139ea4c455e0b9950076cab35244054cde6fb193483be399eebb2ccf639,eligible_standard_sonnet_pending_processed_build,accept_structurally_verified_standard_sonnet,Bounded fourteen-line Italian poem has a coherent sonnet octave-and-sestet or quatrain-and-tercet rhyme structure.,,,,,standard_sonnets,eligible_pending_v7_and_poem_attribution,standard_sonnet_materialized_pending_v7,data/processed/project_gutenberg_resolved_v1/standard_sonnets/part-0001.txt,55652,56201,544,549,14,9e286139ea4c455e0b9950076cab35244054cde6fb193483be399eebb2ccf639
pg35799:char173454-174087,35799,Caos del Triperuno: Opere Italiane Vol. 1,"Folengo, Teofilo",,pending_candidate_level_attribution_audit,origins_through_1800,Project Gutenberg,https://www.gutenberg.org/ebooks/35799,structural_14_line,14,14,"Alluntanato è 'l sole, e noi qui manchi",va solacciando e noi qui giú non prezza.,173454,174087,9a7e6b4e28b81839645f5d419755ed628770db3b54a8c60609bd6f34f5f0af69,51e007b2a4056572eb4b5ed018121ce06bdfd850adb96cca65a9c975e2965873,eligible_standard_sonnet_pending_processed_build,accept_structurally_verified_standard_sonnet,Bounded fourteen-line Italian poem has a coherent sonnet octave-and-sestet or quatrain-and-tercet rhyme structure.,,,,,standard_sonnets,eligible_pending_v7_and_poem_attribution,standard_sonnet_materialized_pending_v7,data/processed/project_gutenberg_resolved_v1/standard_sonnets/part-0001.txt,56202,56778,569,576,14,51e007b2a4056572eb4b5ed018121ce06bdfd850adb96cca65a9c975e2965873
pg35799:char174171-174783,35799,Caos del Triperuno: Opere Italiane Vol. 1,"Folengo, Teofilo",,pending_candidate_level_attribution_audit,origins_through_1800,Project Gutenberg,https://www.gutenberg.org/ebooks/35799,structural_14_line,14,14,"In quelle parti, ove di poggio in valle,",ch'Amor sul marmo di sua man poi scrisse.,174171,174783,ee6741794aa38d3e1432631d765d92edf38343e007dbb891512fe9a8c3a27ff0,b8acb0946d3879a510d7121d0857abdaaf61223a3e62e02e70344fa305af45a7,eligible_standard_sonnet_pending_processed_build,accept_structurally_verified_standard_sonnet,Bounded fourteen-line Italian poem has a coherent sonnet octave-and-sestet or quatrain-and-tercet rhyme structure.,,,,,standard_sonnets,eligible_pending_v7_and_poem_attribution,standard_sonnet_materialized_pending_v7,data/processed/project_gutenberg_resolved_v1/standard_sonnets/part-0001.txt,56779,57333,548,554,14,b8acb0946d3879a510d7121d0857abdaaf61223a3e62e02e70344fa305af45a7
pg35799:char174839-175435,35799,Caos del Triperuno: Opere Italiane Vol. 1,"Folengo, Teofilo",,pending_candidate_level_attribution_audit,origins_through_1800,Project Gutenberg,https://www.gutenberg.org/ebooks/35799,structural_14_line,14,14,"Quando 'l tempo, madonna, a noi sí parco,",non giá d'invidia ma d'amor si dole.,174839,175435,c03548464e181be5a7b6dd893201e7463730620e0df5d81e72168edce22203e0,4e9239e216be8dd7db5e67a02dcb61d1874b098b8dad2567a426916fc2159e65,eligible_standard_sonnet_pending_processed_build,accept_structurally_verified_standard_sonnet,Bounded fourteen-line Italian poem has a coherent sonnet octave-and-sestet or quatrain-and-tercet rhyme structure.,,,,,standard_sonnets,eligible_pending_v7_and_poem_attribution,standard_sonnet_materialized_pending_v7,data/processed/project_gutenberg_resolved_v1/standard_sonnets/part-0001.txt,57334,57872,532,538,14,4e9239e216be8dd7db5e67a02dcb61d1874b098b8dad2567a426916fc2159e65
pg35799:char175510-176147,35799,Caos del Triperuno: Opere Italiane Vol. 1,"Folengo, Teofilo",,pending_candidate_level_attribution_audit,origins_through_1800,Project Gutenberg,https://www.gutenberg.org/ebooks/35799,structural_14_line,14,14,Invido ciel che tante stelle e tante,e 'n su le cime tue vòi ch'egli monti.,175510,176147,1c0db77e7de06553c913c81d5024322209568ef0709efef2606b0008cde35f3a,975021e4129cb538be960f0e5e97675f7a648d638957d34f78f579c7d7d979df,eligible_standard_sonnet_pending_processed_build,accept_structurally_verified_standard_sonnet,Bounded fourteen-line Italian poem has a coherent sonnet octave-and-sestet or quatrain-and-tercet rhyme structure.,,,,,standard_sonnets,eligible_pending_v7_and_poem_attribution,standard_sonnet_materialized_pending_v7,data/processed/project_gutenberg_resolved_v1/standard_sonnets/part-0001.txt,57873,58452,573,579,14,975021e4129cb538be960f0e5e97675f7a648d638957d34f78f579c7d7d979df
pg35799:char178549-179132,35799,Caos del Triperuno: Opere Italiane Vol. 1,"Folengo, Teofilo",,pending_candidate_level_attribution_audit,origins_through_1800,Project Gutenberg,https://www.gutenberg.org/ebooks/35799,structural_14_line,14,14,Qual gode in carne perché in carne viva,che mai del ciel non sa trovar le scale.,178549,179132,ed37f8b570749a12889dc2ecb111aabaa0ff59f5d5c0b8e5d9d33ed95fac3af3,ddfe9f9e2c582b0442d4476e5a984c368693d5b4e82b1063aab5d5a546dcf9f1,exclude_manual_not_sonnet,exclude_not_sonnet,Fourteen-line block has an irregular moral-stanza rhyme structure and is not a sonnet.,,,,,not_standard_sonnet_artifact,excluded_from_sonnet_corpus,not_materialized_exclude_manual_not_sonnet,,,,0,0,0,e3b0c44298fc1c149afbf4c8996fb92427ae41e4649b934ca495991b7852b855
pg35799:char179218-179780,35799,Caos del Triperuno: Opere Italiane Vol. 1,"Folengo, Teofilo",,pending_candidate_level_attribution_audit,origins_through_1800,Project Gutenberg,https://www.gutenberg.org/ebooks/35799,structural_14_line,14,14,Se mi deggia pensar o in terra dentro,cui sempre a morte in grembo un'alma dorme.,179218,179780,7ede86db2d593a835a6591aeaf6503c323acc8ed5db44b5a4d34073ff294447d,0e088b67560e74f30f04605cdeed2e0884cb8d6efb84932b037094080683e275,exclude_manual_not_sonnet,exclude_not_sonnet,Fourteen-line block has an irregular moral-stanza rhyme structure and is not a sonnet.,,,,,not_standard_sonnet_artifact,excluded_from_sonnet_corpus,not_materialized_exclude_manual_not_sonnet,,,,0,0,0,e3b0c44298fc1c149afbf4c8996fb92427ae41e4649b934ca495991b7852b855
pg35799:char185882-186510,35799,Caos del Triperuno: Opere Italiane Vol. 1,"Folengo, Teofilo",,pending_candidate_level_attribution_audit,origins_through_1800,Project Gutenberg,https://www.gutenberg.org/ebooks/35799,structural_14_line,14,14,"Sléguati in polve, fulminando Giove,","tolgasi 'l quarto, acciò che «larva» resti.[245]",185882,186510,3550fe7dfb3eee9d905770218ea1e66cd4293061bfba443daa0180edffe70044,503e876c7725d0b3c4285b881f8d6ac391b7399c8c15ec372dee7ebd6f96a0d6,eligible_standard_sonnet_pending_processed_build,accept_structurally_verified_standard_sonnet,Bounded fourteen-line Italian poem has a coherent sonnet octave-and-sestet or quatrain-and-tercet rhyme structure.,,,,,standard_sonnets,eligible_pending_v7_and_poem_attribution,standard_sonnet_materialized_pending_v7,data/processed/project_gutenberg_resolved_v1/standard_sonnets/part-0001.txt,58453,59026,564,573,14,503e876c7725d0b3c4285b881f8d6ac391b7399c8c15ec372dee7ebd6f96a0d6
pg35799:char186610-187210,35799,Caos del Triperuno: Opere Italiane Vol. 1,"Folengo, Teofilo",,pending_candidate_level_attribution_audit,origins_through_1800,Project Gutenberg,https://www.gutenberg.org/ebooks/35799,structural_14_line,14,14,Io canto sotto l'ombra del bel lauro,"ché piú di me, so bene, altrui non l'ama.",186610,187210,f721af159c6cfb4f7ecca903a1ce525c0ed99d10cc07c2d50a41e5cb40379151,98f669f23fee7efa0e2f54fdce140a8cd4d84b3283d8afdaec9385ad39d65eb9,eligible_standard_sonnet_pending_processed_build,accept_structurally_verified_standard_sonnet,Bounded fourteen-line Italian poem has a coherent sonnet octave-and-sestet or quatrain-and-tercet rhyme structure.,,,,,standard_sonnets,eligible_pending_v7_and_poem_attribution,standard_sonnet_materialized_pending_v7,data/processed/project_gutenberg_resolved_v1/standard_sonnets/part-0001.txt,59027,59569,536,542,14,98f669f23fee7efa0e2f54fdce140a8cd4d84b3283d8afdaec9385ad39d65eb9
pg35799:char197998-198616,35799,Caos del Triperuno: Opere Italiane Vol. 1,"Folengo, Teofilo",,pending_candidate_level_attribution_audit,origins_through_1800,Project Gutenberg,https://www.gutenberg.org/ebooks/35799,structural_14_line,14,14,"Quando 'l Foco d'Amor, che m'arde ognora,",per cui Satán Angiol di luce appare.,197998,198616,04f95a4a627557420b74e1b0d52b96477c49df3cccc40a6aea9139765b1561d8,0c165c5bdc757908d46fb176384b750c622d44ad357bfa83e1c3724b06bb9600,eligible_standard_sonnet_pending_processed_build,accept_structurally_verified_standard_sonnet,Bounded fourteen-line Italian poem has a coherent sonnet octave-and-sestet or quatrain-and-tercet rhyme structure.,,,,,standard_sonnets,eligible_pending_v7_and_poem_attribution,standard_sonnet_materialized_pending_v7,data/processed/project_gutenberg_resolved_v1/standard_sonnets/part-0001.txt,59570,60133,554,563,14,0c165c5bdc757908d46fb176384b750c622d44ad357bfa83e1c3724b06bb9600
pg35799:char199126-199743,35799,Caos del Triperuno: Opere Italiane Vol. 1,"Folengo, Teofilo",,pending_candidate_level_attribution_audit,origins_through_1800,Project Gutenberg,https://www.gutenberg.org/ebooks/35799,structural_14_line,14,14,"Questa fortuna al mondo è 'n Bagattella,",chi sa temprarsi lei col Mondo affrena.,199126,199743,a76022f4c5e582d7af90b9c0497395751886281072610dd3c9c5f6143dbb0180,5b1432aa11fc8916229a3ff3f150de3b2a8b53bcbfba66b7cc40a18386af1354,eligible_standard_sonnet_pending_processed_build,accept_structurally_verified_standard_sonnet,Bounded fourteen-line Italian poem has a coherent sonnet octave-and-sestet or quatrain-and-tercet rhyme structure.,,,,,standard_sonnets,eligible_pending_v7_and_poem_attribution,standard_sonnet_materialized_pending_v7,data/processed/project_gutenberg_resolved_v1/standard_sonnets/part-0001.txt,60134,60692,553,558,14,5b1432aa11fc8916229a3ff3f150de3b2a8b53bcbfba66b7cc40a18386af1354
pg35799:char200571-201186,35799,Caos del Triperuno: Opere Italiane Vol. 1,"Folengo, Teofilo",,pending_candidate_level_attribution_audit,origins_through_1800,Project Gutenberg,https://www.gutenberg.org/ebooks/35799,structural_14_line,14,14,"Europa mia, quando fia mai che l'una","la Luna, e vo' appiccarmi da me stessa[252].",200571,201186,0ab98351f9bae714a42630cc1b34e31490b49c19891f931bd98def4c68459fc7,e0913b7b21c003675a38cb3d565a53d2577e931a7b0cdda9a1f442726589450f,eligible_standard_sonnet_pending_processed_build,accept_structurally_verified_standard_sonnet,Bounded fourteen-line Italian poem has a coherent sonnet octave-and-sestet or quatrain-and-tercet rhyme structure.,,,,pg35799:char201350-201966,standard_sonnets,eligible_pending_v7_and_poem_attribution,standard_sonnet_materialized_pending_v7,data/processed/project_gutenberg_resolved_v1/standard_sonnets/part-0001.txt,60693,61249,551,556,14,e0913b7b21c003675a38cb3d565a53d2577e931a7b0cdda9a1f442726589450f
pg35799:char201350-201966,35799,Caos del Triperuno: Opere Italiane Vol. 1,"Folengo, Teofilo",,pending_candidate_level_attribution_audit,origins_through_1800,Project Gutenberg,https://www.gutenberg.org/ebooks/35799,structural_14_line,14,14,"Europa mia, quando fia mai che l'una","la Luna, e vo' appiccarmi da me stessa.",201350,201966,4dca26a30bd243e5a8a945bf0f98a6d46d80c06b666de2407d8d442827caf562,6b772a06091fbb688ef9587a8b251d6673d7181e4be8edfec2b44f85eb6e9920,exclude_intra_gutenberg_sonnet_duplicate,accept_structurally_verified_standard_sonnet,Bounded fourteen-line Italian poem has a coherent sonnet octave-and-sestet or quatrain-and-tercet rhyme structure.,,,,pg35799:char200571-201186,not_standard_sonnet_artifact,excluded_from_sonnet_corpus,not_materialized_exclude_intra_gutenberg_sonnet_duplicate,,,,0,0,0,e3b0c44298fc1c149afbf4c8996fb92427ae41e4649b934ca495991b7852b855
pg35799:char202567-203177,35799,Caos del Triperuno: Opere Italiane Vol. 1,"Folengo, Teofilo",,pending_candidate_level_attribution_audit,origins_through_1800,Project Gutenberg,https://www.gutenberg.org/ebooks/35799,structural_14_line,14,14,"Simil pazzia non trovo sotto 'l Sole,",la nera Imperatrice empir s'abbella.,202567,203177,6e68445f95b05ec75056903f8794e0df1db1e247bd5df7581e27514b983be390,93aeb24d1200ea1a8d89285c591a5185a086bdb6bc5743392fc35962087d0c2d,eligible_standard_sonnet_pending_processed_build,accept_structurally_verified_standard_sonnet,Bounded fourteen-line Italian poem has a coherent sonnet octave-and-sestet or quatrain-and-tercet rhyme structure.,,,,,standard_sonnets,eligible_pending_v7_and_poem_attribution,standard_sonnet_materialized_pending_v7,data/processed/project_gutenberg_resolved_v1/standard_sonnets/part-0001.txt,61250,61799,546,549,14,93aeb24d1200ea1a8d89285c591a5185a086bdb6bc5743392fc35962087d0c2d
pg35799:char203801-204417,35799,Caos del Triperuno: Opere Italiane Vol. 1,"Folengo, Teofilo",,pending_candidate_level_attribution_audit,origins_through_1800,Project Gutenberg,https://www.gutenberg.org/ebooks/35799,structural_14_line,14,14,"Amor, sotto 'l cui impero molte imprese",sol d'alta Fama tienti un Bagattella.,203801,204417,0b409b911f91bf0469af1c0a88ff78ce2b54e768e972158d72363facc2b29450,5f39ff7a7d3f44be995d9b2554ee9aedefedd2a2b2e29d6c2cc69cc1789832db,eligible_standard_sonnet_pending_processed_build,accept_structurally_verified_standard_sonnet,Bounded fourteen-line Italian poem has a coherent sonnet octave-and-sestet or quatrain-and-tercet rhyme structure.,,,,,standard_sonnets,eligible_pending_v7_and_poem_attribution,standard_sonnet_materialized_pending_v7,data/processed/project_gutenberg_resolved_v1/standard_sonnets/part-0001.txt,61800,62357,552,557,14,5f39ff7a7d3f44be995d9b2554ee9aedefedd2a2b2e29d6c2cc69cc1789832db
pg35799:char226286-226914,35799,Caos del Triperuno: Opere Italiane Vol. 1,"Folengo, Teofilo",,pending_candidate_level_attribution_audit,origins_through_1800,Project Gutenberg,https://www.gutenberg.org/ebooks/35799,structural_14_line,14,14,"«Bruggia la terra il lino col suo seme»,[260]","in voi, o di mia vita ferma chiave!",226286,226914,626b7aa2835e7a0397703087670dc87ac99895344be5354b163b1db5c7621b23,54e6014948d692dd4ed2707aa10130cf159b5d808c36c91bf242dfed63218d76,eligible_standard_sonnet_pending_processed_build,accept_structurally_verified_standard_sonnet,Bounded fourteen-line Italian poem has a coherent sonnet octave-and-sestet or quatrain-and-tercet rhyme structure.,,,,,standard_sonnets,eligible_pending_v7_and_poem_attribution,standard_sonnet_materialized_pending_v7,data/processed/project_gutenberg_resolved_v1/standard_sonnets/part-0001.txt,62358,62932,564,574,14,54e6014948d692dd4ed2707aa10130cf159b5d808c36c91bf242dfed63218d76
pg35799:char227250-227837,35799,Caos del Triperuno: Opere Italiane Vol. 1,"Folengo, Teofilo",,pending_candidate_level_attribution_audit,origins_through_1800,Project Gutenberg,https://www.gutenberg.org/ebooks/35799,structural_14_line,14,14,Pensarsi non sapea piú agevolmente,"al foco molle cera, al vento polve!",227250,227837,c0c94937b4e7567127bcc0398899d36025956d94858100133df6598c363fc41a,f7fb810befa8fdaa4f204a42802cf4f71265667b7297318235ae6413e70d5066,eligible_standard_sonnet_pending_processed_build,accept_structurally_verified_standard_sonnet,Bounded fourteen-line Italian poem has a coherent sonnet octave-and-sestet or quatrain-and-tercet rhyme structure.,,,,,standard_sonnets,eligible_pending_v7_and_poem_attribution,standard_sonnet_materialized_pending_v7,data/processed/project_gutenberg_resolved_v1/standard_sonnets/part-0001.txt,62933,63458,523,525,14,f7fb810befa8fdaa4f204a42802cf4f71265667b7297318235ae6413e70d5066
pg35799:char228303-228920,35799,Caos del Triperuno: Opere Italiane Vol. 1,"Folengo, Teofilo",,pending_candidate_level_attribution_audit,origins_through_1800,Project Gutenberg,https://www.gutenberg.org/ebooks/35799,structural_14_line,14,14,"Nacque di fiera in luogo alpestro ed ermo,",non cape amor né alcun pietoso affetto.,228303,228920,3b3bfcd711125911ffcbf34730f9f84a6ccc26f8e3158550e12a2f5e7abbf4e9,6f542a1aba4853ae9fb8e41704b8584a5c45ad1d883cbaa296f6f220aa4c7a3a,eligible_standard_sonnet_pending_processed_build,accept_structurally_verified_standard_sonnet,Bounded fourteen-line Italian poem has a coherent sonnet octave-and-sestet or quatrain-and-tercet rhyme structure.,,,,,standard_sonnets,eligible_pending_v7_and_poem_attribution,standard_sonnet_materialized_pending_v7,data/processed/project_gutenberg_resolved_v1/standard_sonnets/part-0001.txt,63459,64019,553,560,14,6f542a1aba4853ae9fb8e41704b8584a5c45ad1d883cbaa296f6f220aa4c7a3a
pg35799:char246230-246841,35799,Caos del Triperuno: Opere Italiane Vol. 1,"Folengo, Teofilo",,pending_candidate_level_attribution_audit,origins_through_1800,Project Gutenberg,https://www.gutenberg.org/ebooks/35799,structural_14_line,14,14,"Or sbuco giá qual nottula di tomba,",si turba entro lo 'nferno e ride il cielo.,246230,246841,63b16266b3d853e16018a3d8ecaa5d6aa3f44ea0f222975435ff4951b9aa1444,5463762a4e0eb3829711e77abecad0f53e9f702df76d2f2d7e5daa5ab2a3ef18,eligible_standard_sonnet_pending_processed_build,accept_structurally_verified_standard_sonnet,Bounded fourteen-line Italian poem has a coherent sonnet octave-and-sestet or quatrain-and-tercet rhyme structure.,,,,,standard_sonnets,eligible_pending_v7_and_poem_attribution,standard_sonnet_materialized_pending_v7,data/processed/project_gutenberg_resolved_v1/standard_sonnets/part-0001.txt,64020,64572,547,552,14,5463762a4e0eb3829711e77abecad0f53e9f702df76d2f2d7e5daa5ab2a3ef18
pg35799:char267865-268472,35799,Caos del Triperuno: Opere Italiane Vol. 1,"Folengo, Teofilo",,pending_candidate_level_attribution_audit,origins_through_1800,Project Gutenberg,https://www.gutenberg.org/ebooks/35799,structural_14_line,14,14,"Com'esser può ch'un arbore, ch'un fiume",sen porti altrove il cor su l'aurea punta.,267865,268472,717a605d146b0b174182b518a9212e3c2a8b65242fd0a798b916dadd59dbc078,25e6405b07419489a2b7b9a0ebae907adaf52076766be6a76a8aa9e9e3f6334d,eligible_standard_sonnet_pending_processed_build,accept_structurally_verified_standard_sonnet,Bounded fourteen-line Italian poem has a coherent sonnet octave-and-sestet or quatrain-and-tercet rhyme structure.,,,,,standard_sonnets,eligible_pending_v7_and_poem_attribution,standard_sonnet_materialized_pending_v7,data/processed/project_gutenberg_resolved_v1/standard_sonnets/part-0001.txt,64573,65123,543,550,14,25e6405b07419489a2b7b9a0ebae907adaf52076766be6a76a8aa9e9e3f6334d
pg35799:char279550-280152,35799,Caos del Triperuno: Opere Italiane Vol. 1,"Folengo, Teofilo",,pending_candidate_level_attribution_audit,origins_through_1800,Project Gutenberg,https://www.gutenberg.org/ebooks/35799,structural_14_line,14,14,"Quell'inclito animale d'alto pregio,",che al fine mi trasportan qual saetta.,279550,280152,b903dbf5b564e4fa7045d0c183397ea3d5fecda597c7de8ea70d0f585d53d5a7,e5437b503ca5fb452e903a3db256f487ec4e89b25074013c32311aaa272ba1e5,eligible_standard_sonnet_pending_processed_build,accept_structurally_verified_standard_sonnet,Bounded fourteen-line Italian poem has a coherent sonnet octave-and-sestet or quatrain-and-tercet rhyme structure.,,,,,standard_sonnets,eligible_pending_v7_and_poem_attribution,standard_sonnet_materialized_pending_v7,data/processed/project_gutenberg_resolved_v1/standard_sonnets/part-0001.txt,65124,65668,538,544,14,e5437b503ca5fb452e903a3db256f487ec4e89b25074013c32311aaa272ba1e5
pg35799:char299909-300485,35799,Caos del Triperuno: Opere Italiane Vol. 1,"Folengo, Teofilo",,pending_candidate_level_attribution_audit,origins_through_1800,Project Gutenberg,https://www.gutenberg.org/ebooks/35799,structural_14_line,14,14,"«Uomo, che vedi a quanto onor ti degna[325]",e un legno per sua croce Dio non sdegna!».,299909,300485,e1014c732832fee8cef28ea277920d3785bf45d7445fec3daac6104ac6f89c32,7a8cd16b34e687e5e7447baa5f3b7d93522ace153f6126096cea967fe9fb0b0a,exclude_manual_not_sonnet,exclude_not_sonnet,Fourteen-line block has an irregular canzone-like stanza and is not a sonnet.,,,,,not_standard_sonnet_artifact,excluded_from_sonnet_corpus,not_materialized_exclude_manual_not_sonnet,,,,0,0,0,e3b0c44298fc1c149afbf4c8996fb92427ae41e4649b934ca495991b7852b855
pg35799:char308473-309067,35799,Caos del Triperuno: Opere Italiane Vol. 1,"Folengo, Teofilo",,pending_candidate_level_attribution_audit,origins_through_1800,Project Gutenberg,https://www.gutenberg.org/ebooks/35799,structural_14_line,14,14,"Signore mio, l'altissima cui fama",di lui cantar un desioso fuogo.,308473,309067,a3a2aba3e1433ad8174e5cd7cac46343e6aaf93bfeedc2c0cf1f8d42ae8ed067,8f7966a459d9dd096a1c310518ff1fa6e7ace2bb5e29274e3623553729aeb0c1,eligible_standard_sonnet_pending_processed_build,accept_structurally_verified_standard_sonnet,Bounded fourteen-line Italian poem has a coherent sonnet octave-and-sestet or quatrain-and-tercet rhyme structure.,,,,,standard_sonnets,eligible_pending_v7_and_poem_attribution,standard_sonnet_materialized_pending_v7,data/processed/project_gutenberg_resolved_v1/standard_sonnets/part-0001.txt,65669,66202,530,533,14,8f7966a459d9dd096a1c310518ff1fa6e7ace2bb5e29274e3623553729aeb0c1
pg36239:char55921-56510,36239,Fatalità,"Negri, Ada",,pending_candidate_level_attribution_audit,nineteenth_century_bridge,Project Gutenberg,https://www.gutenberg.org/ebooks/36239,structural_14_line,4-4-3-3,14,"L'uno ha vent'anni--è bello, innamorato,","Tutto a' miei piè depone, e pur.... non l'amo!...",55921,56510,4694b665173699c891857e1aeba9213d14626ed8398286777586edaf9a5ec54a,534fff61bf462839413a0aa3f52dd91dc816e786edec30d4d9f098f7df4da32f,eligible_standard_sonnet_pending_processed_build,accept_structurally_verified_standard_sonnet,Bounded fourteen-line Italian poem has a coherent sonnet octave-and-sestet or quatrain-and-tercet rhyme structure.,,,,,standard_sonnets,eligible_pending_v7_and_poem_attribution,standard_sonnet_materialized_pending_v7,data/processed/project_gutenberg_resolved_v1/standard_sonnets/part-0001.txt,66203,66738,530,535,14,534fff61bf462839413a0aa3f52dd91dc816e786edec30d4d9f098f7df4da32f
pg36239:char56552-57139,36239,Fatalità,"Negri, Ada",,pending_candidate_level_attribution_audit,nineteenth_century_bridge,Project Gutenberg,https://www.gutenberg.org/ebooks/36239,structural_14_line,4-4-3-3,14,L'altro drizza la fronte imperiosa,Come trepido augello al suo richiamo.,56552,57139,94096753695551edcf4dd3dcf8ea700ba4dc958dfe86d619fd60b864efa4cbef,4984b0c337eb109b3d0375378f0fd182f67aac7b7d6d345633293688a0a56f7f,eligible_standard_sonnet_pending_processed_build,accept_structurally_verified_standard_sonnet,Bounded fourteen-line Italian poem has a coherent sonnet octave-and-sestet or quatrain-and-tercet rhyme structure.,,,,,standard_sonnets,eligible_pending_v7_and_poem_attribution,standard_sonnet_materialized_pending_v7,data/processed/project_gutenberg_resolved_v1/standard_sonnets/part-0001.txt,66739,67269,528,530,14,4984b0c337eb109b3d0375378f0fd182f67aac7b7d6d345633293688a0a56f7f
pg37719:char429736-430337,37719,"La vita in Palermo cento e più anni fa, Volume 1","Pitrè, Giuseppe",,pending_candidate_level_attribution_audit,nineteenth_century_bridge,Project Gutenberg,https://www.gutenberg.org/ebooks/37719,explicit_sonetto_heading,14,14,"Marte, cui deve il primo onor la spada,",Or ceda a te l'onor lo stesso Marte»[359].,429736,430337,96baa15f5566c9a506a9465c10e91322d57633bcfdd571ac5c7917c96f83a23c,a28495353f8cd88d86d9b281a7c066b5dd9ad26a096af34ad38a1fd7a3792a5b,eligible_standard_sonnet_pending_processed_build,,,,,,,standard_sonnets,eligible_pending_v7_and_poem_attribution,standard_sonnet_materialized_pending_v7,data/processed/project_gutenberg_resolved_v1/standard_sonnets/part-0001.txt,67270,67810,537,540,14,a28495353f8cd88d86d9b281a7c066b5dd9ad26a096af34ad38a1fd7a3792a5b
pg39239:char9624-10190,39239,Rimatori siculo-toscani del dugento. Serie prima - Pistoiesi-Lucchesi-Pisani,,,pending_candidate_level_attribution_audit,origins_through_1800,Project Gutenberg,https://www.gutenberg.org/ebooks/39239,explicit_sonetti_section,14,14,Se 'l filosofo dice: — È necessaro,non astenendo il bere ed il mangiare.,9624,10190,c53d98b08041e687103998ff157217f21885c26146273f4e0a26c011bb0ce20f,a3129f351dd7ad8e92240a259c67e42c5faaec0ebc26d36f91635818cd8e9b80,eligible_standard_sonnet_pending_processed_build,,,,,,,standard_sonnets,eligible_pending_v7_and_poem_attribution,standard_sonnet_materialized_pending_v7,data/processed/project_gutenberg_resolved_v1/standard_sonnets/part-0001.txt,67811,68326,502,515,14,a3129f351dd7ad8e92240a259c67e42c5faaec0ebc26d36f91635818cd8e9b80
pg39239:char10253-10822,39239,Rimatori siculo-toscani del dugento. Serie prima - Pistoiesi-Lucchesi-Pisani,,,pending_candidate_level_attribution_audit,origins_through_1800,Project Gutenberg,https://www.gutenberg.org/ebooks/39239,explicit_sonetti_section,14,14,"Vacche né tora piò neente bado,",e di quello che vòl mia vista croia.,10253,10822,0f207c15ae12be3e5e5a26c8b8d1b121aa966e9c8d7de5dc926e1f0b6148abfe,a1e3231b4b21eadc0f4860d105b838bf055cd8eb6b126961f92253da57db7e94,eligible_standard_sonnet_pending_processed_build,,,,,,,standard_sonnets,eligible_pending_v7_and_poem_attribution,standard_sonnet_materialized_pending_v7,data/processed/project_gutenberg_resolved_v1/standard_sonnets/part-0001.txt,68327,68841,505,514,14,a1e3231b4b21eadc0f4860d105b838bf055cd8eb6b126961f92253da57db7e94
pg39239:char11646-12217,39239,Rimatori siculo-toscani del dugento. Serie prima - Pistoiesi-Lucchesi-Pisani,,,pending_candidate_level_attribution_audit,origins_through_1800,Project Gutenberg,https://www.gutenberg.org/ebooks/39239,explicit_sonetti_section,14,14,"Poi sento ch'ogni tutto da Dio tegno,",assettata ciascuna e 'n sé piacente.,11646,12217,52e813ce26e4de224bca9695f2db1aa7a93e2bc950b4eb91e55bf02599357bf5,df7abe6eae980e305ac07c6fa2e31382d9ed39edf9d1742949b4e28e47eb974e,eligible_standard_sonnet_pending_processed_build,,,,,,,standard_sonnets,eligible_pending_v7_and_poem_attribution,standard_sonnet_materialized_pending_v7,data/processed/project_gutenberg_resolved_v1/standard_sonnets/part-0001.txt,68842,69358,507,516,14,df7abe6eae980e305ac07c6fa2e31382d9ed39edf9d1742949b4e28e47eb974e
pg39239:char13153-13731,39239,Rimatori siculo-toscani del dugento. Serie prima - Pistoiesi-Lucchesi-Pisani,,,pending_candidate_level_attribution_audit,origins_through_1800,Project Gutenberg,https://www.gutenberg.org/ebooks/39239,explicit_sonetti_section,14,14,"Pensando ch'ogni cosa aggio da Dio,","dal Signor nostro, ch'è tutto vertute.",13153,13731,645ff19d3c9b1e7944415f7731cd9b888d5a46b096b2c8e30040e89e38634409,c04a2b836eb147c2b4177a096041b42ec523d0c7b1ceceea3808ad3a733116a1,eligible_standard_sonnet_pending_processed_build,,,,,,,standard_sonnets,eligible_pending_v7_and_poem_attribution,standard_sonnet_materialized_pending_v7,data/processed/project_gutenberg_resolved_v1/standard_sonnets/part-0001.txt,69359,69886,514,527,14,c04a2b836eb147c2b4177a096041b42ec523d0c7b1ceceea3808ad3a733116a1
pg39239:char15287-15836,39239,Rimatori siculo-toscani del dugento. Serie prima - Pistoiesi-Lucchesi-Pisani,,,pending_candidate_level_attribution_audit,origins_through_1800,Project Gutenberg,https://www.gutenberg.org/ebooks/39239,explicit_sonetti_section,14,14,"Non volontá, ma omo fa ragione,","non vorrai, credo, poi vita bestiale.",15287,15836,71305f45fac759029c8ee081010796a97ed2f134a34d6e862329df8c41bd8aaf,22058b35d6fe9e7e05a15796d6944cdb6e4727efb8f6b909ae53a7d41dc97849,eligible_standard_sonnet_pending_processed_build,,,,,,,standard_sonnets,eligible_pending_v7_and_poem_attribution,standard_sonnet_materialized_pending_v7,data/processed/project_gutenberg_resolved_v1/standard_sonnets/part-0001.txt,69887,70379,485,492,14,22058b35d6fe9e7e05a15796d6944cdb6e4727efb8f6b909ae53a7d41dc97849
pg39239:char15941-16512,39239,Rimatori siculo-toscani del dugento. Serie prima - Pistoiesi-Lucchesi-Pisani,,,pending_candidate_level_attribution_audit,origins_through_1800,Project Gutenberg,https://www.gutenberg.org/ebooks/39239,explicit_sonetti_section,14,14,"A scuro loco conven lume clero,",da che sua vita — posa 'n altrui cura?,15941,16512,f1b28a70ccbcef999ba7365fda186a957183b50be5c20d9b6ad5375536c7fb13,65abba5ca402ec937c7fab47ecfa8b07deec213e9b8fdd5e548c455832c58fc5,eligible_standard_sonnet_pending_processed_build,,,,,,,standard_sonnets,eligible_pending_v7_and_poem_attribution,standard_sonnet_materialized_pending_v7,data/processed/project_gutenberg_resolved_v1/standard_sonnets/part-0001.txt,70380,70937,507,557,14,65abba5ca402ec937c7fab47ecfa8b07deec213e9b8fdd5e548c455832c58fc5
pg39239:char18008-18556,39239,Rimatori siculo-toscani del dugento. Serie prima - Pistoiesi-Lucchesi-Pisani,,,pending_candidate_level_attribution_audit,origins_through_1800,Project Gutenberg,https://www.gutenberg.org/ebooks/39239,explicit_sonetti_section,14,14,"Parlare scuro, dimandando, dove",che 'l primo e 'l mezo di lod'agi'altura.,18008,18556,a54e595d5c9aca1311b5e27d521fac36b967e2328b770aa571846e7c4f1dac45,73a8e897a0958ca097824d3d81d5412928dc9979b2f023935f7f477fa3522ad8,eligible_standard_sonnet_pending_processed_build,,,,,,,standard_sonnets,eligible_pending_v7_and_poem_attribution,standard_sonnet_materialized_pending_v7,data/processed/project_gutenberg_resolved_v1/standard_sonnets/part-0001.txt,70938,71426,484,488,14,73a8e897a0958ca097824d3d81d5412928dc9979b2f023935f7f477fa3522ad8
pg39239:char18621-19168,39239,Rimatori siculo-toscani del dugento. Serie prima - Pistoiesi-Lucchesi-Pisani,,,pending_candidate_level_attribution_audit,origins_through_1800,Project Gutenberg,https://www.gutenberg.org/ebooks/39239,explicit_sonetti_section,14,14,"Vita noiosa pena soffrir láne,","cavalieri, baron, conte, né reo.",18621,19168,0e0c4406592494a13ce0d77275e960144abea354ecb2ccbb5534cff06e08142b,f03e817875d443721e3aa7effb475c677dcbc1e9dfc34fc53bfea9361afdde25,eligible_standard_sonnet_pending_processed_build,,,,,,,standard_sonnets,eligible_pending_v7_and_poem_attribution,standard_sonnet_materialized_pending_v7,data/processed/project_gutenberg_resolved_v1/standard_sonnets/part-0001.txt,71427,71927,483,500,14,f03e817875d443721e3aa7effb475c677dcbc1e9dfc34fc53bfea9361afdde25
pg39239:char19217-19890,39239,Rimatori siculo-toscani del dugento. Serie prima - Pistoiesi-Lucchesi-Pisani,,,pending_candidate_level_attribution_audit,origins_through_1800,Project Gutenberg,https://www.gutenberg.org/ebooks/39239,explicit_sonetti_section,14,14,"POETA.   Amore amaro, a morte m'hai feruto:",dara'li cura: giá non vi sie lento.,19217,19890,4f69b61d577d6ba5c5ee302363e372e998022c58c5c89e4feb854098b8fdca6a,2a0c1b095156be59466c73d8d7ca361e51f75b345415e14f469be037b6041e98,eligible_standard_sonnet_pending_processed_build,,,,,,,standard_sonnets,eligible_pending_v7_and_poem_attribution,standard_sonnet_materialized_pending_v7,data/processed/project_gutenberg_resolved_v1/standard_sonnets/part-0001.txt,71928,72472,536,544,14,2a0c1b095156be59466c73d8d7ca361e51f75b345415e14f469be037b6041e98
pg39239:char19996-20609,39239,Rimatori siculo-toscani del dugento. Serie prima - Pistoiesi-Lucchesi-Pisani,,,pending_candidate_level_attribution_audit,origins_through_1800,Project Gutenberg,https://www.gutenberg.org/ebooks/39239,explicit_sonetti_section,14,14,"Tanto saggio e bon poi me somegli,",fresch'e veglia fra noi sia con bon' ésca.,19996,20609,1837f5bca7da7e6fdb69b0005764ce85c15b3e803d9be1a8320566e60577f378,090ce366baf56db26e6b02d77e4b76ef3afd52f76e46e8985ffcef5075b0c81c,eligible_standard_sonnet_pending_processed_build,,,,,,,standard_sonnets,eligible_pending_v7_and_poem_attribution,standard_sonnet_materialized_pending_v7,data/processed/project_gutenberg_resolved_v1/standard_sonnets/part-0001.txt,72473,73030,551,557,14,090ce366baf56db26e6b02d77e4b76ef3afd52f76e46e8985ffcef5075b0c81c
pg39239:char20666-21265,39239,Rimatori siculo-toscani del dugento. Serie prima - Pistoiesi-Lucchesi-Pisani,,,pending_candidate_level_attribution_audit,origins_through_1800,Project Gutenberg,https://www.gutenberg.org/ebooks/39239,explicit_sonetti_section,14,14,"Del dolor tant'è 'l soverchio fero,","Padre pietoso, di pena lo spoglia.",20666,21265,b5e0ec727eb735ef3f1d785321eb04d3ffc479c32d1b77a7e0129d451109dc74,8d4cb1cc60c932280b531022fc50c854bbd4f58a54059ea30a9f4ac1af9ade73,eligible_standard_sonnet_pending_processed_build,,,,,,,standard_sonnets,eligible_pending_v7_and_poem_attribution,standard_sonnet_materialized_pending_v7,data/processed/project_gutenberg_resolved_v1/standard_sonnets/part-0001.txt,73031,73580,537,549,14,8d4cb1cc60c932280b531022fc50c854bbd4f58a54059ea30a9f4ac1af9ade73
pg39239:char27424-28001,39239,Rimatori siculo-toscani del dugento. Serie prima - Pistoiesi-Lucchesi-Pisani,,,pending_candidate_level_attribution_audit,origins_through_1800,Project Gutenberg,https://www.gutenberg.org/ebooks/39239,structural_14_line,14,14,"Valenz senher, rei dels Aragones,","ne varran mais, sei vorres ajudar.",27424,28001,3240ee9399e75fe5c9a94b622d8c38e13c547f9a3e9173a3b1aaa90f8336bb9b,e6f13549382d337e7e740b50c5f1f0f54c983baf5748d3f266061500f48fc212,conditioned_sonnet_candidate_not_activated,exclude_nonstandard_language_sonnet,Verified fourteen-line Occitan sonnet; retained only as conditioned evidence and not authorized for standard-Italian activation.,,,,,conditioned_sonnet_variants,inactive_conditioned_experiment_not_authorized,conditioned_sonnet_materialized_inactive,data/processed/project_gutenberg_resolved_v1/conditioned_sonnet_variants/part-0001.txt,0,513,513,513,14,e6f13549382d337e7e740b50c5f1f0f54c983baf5748d3f266061500f48fc212
pg39239:char28085-28648,39239,Rimatori siculo-toscani del dugento. Serie prima - Pistoiesi-Lucchesi-Pisani,,,pending_candidate_level_attribution_audit,origins_through_1800,Project Gutenberg,https://www.gutenberg.org/ebooks/39239,structural_14_line,14,14,"De la rota son posti esempli assai,",che piú che vita desira morire.,28085,28648,dc9dacbbc577286fe3154e2c7e452e7714cb76f6a8029435514342e10de8deb7,bc03c55a64f5e16d4d2fc23a6792775eb6f46f0de7ac797aeb4579daa8d6913a,eligible_standard_sonnet_pending_processed_build,accept_structurally_verified_standard_sonnet,Bounded fourteen-line Italian poem has a coherent sonnet octave-and-sestet or quatrain-and-tercet rhyme structure.,,,,,standard_sonnets,eligible_pending_v7_and_poem_attribution,standard_sonnet_materialized_pending_v7,data/processed/project_gutenberg_resolved_v1/standard_sonnets/part-0001.txt,73581,74088,499,507,14,bc03c55a64f5e16d4d2fc23a6792775eb6f46f0de7ac797aeb4579daa8d6913a
pg39239:char28676-29231,39239,Rimatori siculo-toscani del dugento. Serie prima - Pistoiesi-Lucchesi-Pisani,,,pending_candidate_level_attribution_audit,origins_through_1800,Project Gutenberg,https://www.gutenberg.org/ebooks/39239,structural_14_line,14,14,Un nobel e gentil imaginare,venme voglia deventar patarino.,28676,29231,b1bdc88e23f53097af0ffd53c42df2e3f97c851958e0d96f640303063ae4b413,0e46780faff2746d502c64105c1f1903bd3ff86cf9eb2596bd97d981477fabdf,eligible_standard_sonnet_pending_processed_build,accept_structurally_verified_standard_sonnet,Bounded fourteen-line Italian poem has a coherent sonnet octave-and-sestet or quatrain-and-tercet rhyme structure.,,,,,standard_sonnets,eligible_pending_v7_and_poem_attribution,standard_sonnet_materialized_pending_v7,data/processed/project_gutenberg_resolved_v1/standard_sonnets/part-0001.txt,74089,74597,491,508,14,0e46780faff2746d502c64105c1f1903bd3ff86cf9eb2596bd97d981477fabdf
pg39239:char29288-29865,39239,Rimatori siculo-toscani del dugento. Serie prima - Pistoiesi-Lucchesi-Pisani,,,pending_candidate_level_attribution_audit,origins_through_1800,Project Gutenberg,https://www.gutenberg.org/ebooks/39239,structural_14_line,14,14,"L'altrier, dormendo, a me se venne Amore,",parvemi quasi spirito sottile.,29288,29865,488bc91403cbce80228158bbbd57c4a7455c0e36f58e9001f7307a5d192a3f13,b43aae66ab8c6509a4cbec00bed8c3e07755adbb58db7271cca1a7dc53cdfb0b,eligible_standard_sonnet_pending_processed_build,accept_structurally_verified_standard_sonnet,Bounded fourteen-line Italian poem has a coherent sonnet octave-and-sestet or quatrain-and-tercet rhyme structure.,,,,,standard_sonnets,eligible_pending_v7_and_poem_attribution,standard_sonnet_materialized_pending_v7,data/processed/project_gutenberg_resolved_v1/standard_sonnets/part-0001.txt,74598,75138,513,540,14,b43aae66ab8c6509a4cbec00bed8c3e07755adbb58db7271cca1a7dc53cdfb0b
pg39239:char29915-30557,39239,Rimatori siculo-toscani del dugento. Serie prima - Pistoiesi-Lucchesi-Pisani,,,pending_candidate_level_attribution_audit,origins_through_1800,Project Gutenberg,https://www.gutenberg.org/ebooks/39239,structural_14_line,14,14,"POETA.   Dimme, Amore; vorestù tornare","e 'l cor non pò durar, se no' la vede.",29915,30557,a0ecccc1f5f155cdd584a9d147610128bd1947baec2beaca3804b626524e2681,63b085152a91fe58b23b8aaf21588b2181fdc28d67ef2924f6163248929a5f4d,eligible_standard_sonnet_pending_processed_build,accept_structurally_verified_standard_sonnet,Bounded fourteen-line Italian poem has a coherent sonnet octave-and-sestet or quatrain-and-tercet rhyme structure.,,,,,standard_sonnets,eligible_pending_v7_and_poem_attribution,standard_sonnet_materialized_pending_v7,data/processed/project_gutenberg_resolved_v1/standard_sonnets/part-0001.txt,75139,75672,519,533,14,63b085152a91fe58b23b8aaf21588b2181fdc28d67ef2924f6163248929a5f4d
pg39239:char30581-31138,39239,Rimatori siculo-toscani del dugento. Serie prima - Pistoiesi-Lucchesi-Pisani,,,pending_candidate_level_attribution_audit,origins_through_1800,Project Gutenberg,https://www.gutenberg.org/ebooks/39239,structural_14_line,14,14,L'altrier pensando mi emaginai,Parveme allor che l'alma se partisse.,30581,31138,2da3758777e1d3ccee11cbc0f71447fdb42f148caa2259917fc25d3f1ad2bb48,4c0754098f26b67cab192b0ca48e4dbf3db70aa56ee10d8fe69094e1d34c09a7,eligible_standard_sonnet_pending_processed_build,accept_structurally_verified_standard_sonnet,Bounded fourteen-line Italian poem has a coherent sonnet octave-and-sestet or quatrain-and-tercet rhyme structure.,,,,,standard_sonnets,eligible_pending_v7_and_poem_attribution,standard_sonnet_materialized_pending_v7,data/processed/project_gutenberg_resolved_v1/standard_sonnets/part-0001.txt,75673,76182,493,509,14,4c0754098f26b67cab192b0ca48e4dbf3db70aa56ee10d8fe69094e1d34c09a7
pg39239:char31230-31806,39239,Rimatori siculo-toscani del dugento. Serie prima - Pistoiesi-Lucchesi-Pisani,,,pending_candidate_level_attribution_audit,origins_through_1800,Project Gutenberg,https://www.gutenberg.org/ebooks/39239,structural_14_line,14,14,"Ogni meo fatto per contrario faccio,",giammai no' l'averanno en suo reparo.,31230,31806,d616bddb4fc2bcfd0eae27466e71032e22567aa60fb4484d9bac76e7dba1e6d4,10a6d2fec7f54a61a9e38f9f8c8b22cca3506f388c631e0cf8fee7fbe1a3c44f,eligible_standard_sonnet_pending_processed_build,accept_structurally_verified_standard_sonnet,Bounded fourteen-line Italian poem has a coherent sonnet octave-and-sestet or quatrain-and-tercet rhyme structure.,,,,,standard_sonnets,eligible_pending_v7_and_poem_attribution,standard_sonnet_materialized_pending_v7,data/processed/project_gutenberg_resolved_v1/standard_sonnets/part-0001.txt,76183,76703,512,520,14,10a6d2fec7f54a61a9e38f9f8c8b22cca3506f388c631e0cf8fee7fbe1a3c44f
pg39239:char31835-32384,39239,Rimatori siculo-toscani del dugento. Serie prima - Pistoiesi-Lucchesi-Pisani,,,pending_candidate_level_attribution_audit,origins_through_1800,Project Gutenberg,https://www.gutenberg.org/ebooks/39239,structural_14_line,14,14,Quattr'omin son dipinti ne la rota,nel finimento de la mia giornata.,31835,32384,d07e325e8a22fd2870a1e736e2aabbbae881e03e93ad8910a990504edbf7af2c,decf18aaca969d8eaf2d98ab7628a0977bd1f333a6bc8ca435862f1f82083d1c,eligible_standard_sonnet_pending_processed_build,accept_structurally_verified_standard_sonnet,Bounded fourteen-line Italian poem has a coherent sonnet octave-and-sestet or quatrain-and-tercet rhyme structure.,,,,,standard_sonnets,eligible_pending_v7_and_poem_attribution,standard_sonnet_materialized_pending_v7,data/processed/project_gutenberg_resolved_v1/standard_sonnets/part-0001.txt,76704,77193,485,489,14,decf18aaca969d8eaf2d98ab7628a0977bd1f333a6bc8ca435862f1f82083d1c
pg39239:char32453-33033,39239,Rimatori siculo-toscani del dugento. Serie prima - Pistoiesi-Lucchesi-Pisani,,,pending_candidate_level_attribution_audit,origins_through_1800,Project Gutenberg,https://www.gutenberg.org/ebooks/39239,structural_14_line,14,14,"Tutto el tempo del mondo m'è avenuto,",e non curar ferneticar di gente.,32453,33033,decea3eca651e3f355962a9c1c3d3d50af83ea3eca4cd168bcccf40533156deb,3d91c14d47d82e1fecba6fc84ff0c3e482a6ad51b49f28b264d703178e99bf0a,eligible_standard_sonnet_pending_processed_build,accept_structurally_verified_standard_sonnet,Bounded fourteen-line Italian poem has a coherent sonnet octave-and-sestet or quatrain-and-tercet rhyme structure.,,,,,standard_sonnets,eligible_pending_v7_and_poem_attribution,standard_sonnet_materialized_pending_v7,data/processed/project_gutenberg_resolved_v1/standard_sonnets/part-0001.txt,77194,77719,516,525,14,3d91c14d47d82e1fecba6fc84ff0c3e482a6ad51b49f28b264d703178e99bf0a
pg39239:char89335-89885,39239,Rimatori siculo-toscani del dugento. Serie prima - Pistoiesi-Lucchesi-Pisani,,,pending_candidate_level_attribution_audit,origins_through_1800,Project Gutenberg,https://www.gutenberg.org/ebooks/39239,explicit_sonetti_section,14,14,"Voi, ch'avete mutata la mainera",traier canson per forsa di scrittura.,89335,89885,a03acb1f8a0dd744a9d1c420431524175191fd57b5b0b1cdd1b3545e218561bf,007fe3562c2ab89d1a2ddb2ed865fe9c3b1a3af1ca4c6bf370d6d5fceda2446c,eligible_standard_sonnet_pending_processed_build,,,,,,,standard_sonnets,eligible_pending_v7_and_poem_attribution,standard_sonnet_materialized_pending_v7,data/processed/project_gutenberg_resolved_v1/standard_sonnets/part-0001.txt,77720,78210,486,490,14,007fe3562c2ab89d1a2ddb2ed865fe9c3b1a3af1ca4c6bf370d6d5fceda2446c
pg39239:char89946-90517,39239,Rimatori siculo-toscani del dugento. Serie prima - Pistoiesi-Lucchesi-Pisani,,,pending_candidate_level_attribution_audit,origins_through_1800,Project Gutenberg,https://www.gutenberg.org/ebooks/39239,explicit_sonetti_section,14,14,Dev'omo a la fortuna con coragio,che tute le mie pene in gioi' rifresca.,89946,90517,f0df75a4adf46f89988277e71ae18f1f0b4bd694e20b9bdd2156d97a9dc589fb,b9a707d90396b439c594ce79ca2dc7d5955457c607d4311e9eabeaee7432ac48,eligible_standard_sonnet_pending_processed_build,,,,,,,standard_sonnets,eligible_pending_v7_and_poem_attribution,standard_sonnet_materialized_pending_v7,data/processed/project_gutenberg_resolved_v1/standard_sonnets/part-0001.txt,78211,78725,507,514,14,b9a707d90396b439c594ce79ca2dc7d5955457c607d4311e9eabeaee7432ac48
pg39239:char90606-91176,39239,Rimatori siculo-toscani del dugento. Serie prima - Pistoiesi-Lucchesi-Pisani,,,pending_candidate_level_attribution_audit,origins_through_1800,Project Gutenberg,https://www.gutenberg.org/ebooks/39239,explicit_sonetti_section,14,14,Feruto sono e chi di me è ferente,per lunga pena 'l mi' cor non si muta.,90606,91176,addffa9701492f8df8f5d4eeebfc57b9b9bb15b43070da47912053df2465a44d,b2d1b9e82db8f63474aadcfb151184efd62d10474bf9a7716ab13ab516ec4ce1,eligible_standard_sonnet_pending_processed_build,,,,,,,standard_sonnets,eligible_pending_v7_and_poem_attribution,standard_sonnet_materialized_pending_v7,data/processed/project_gutenberg_resolved_v1/standard_sonnets/part-0001.txt,78726,79239,506,513,14,b2d1b9e82db8f63474aadcfb151184efd62d10474bf9a7716ab13ab516ec4ce1
pg39239:char91236-91800,39239,Rimatori siculo-toscani del dugento. Serie prima - Pistoiesi-Lucchesi-Pisani,,,pending_candidate_level_attribution_audit,origins_through_1800,Project Gutenberg,https://www.gutenberg.org/ebooks/39239,explicit_sonetti_section,14,14,Qual omo è su la rota per ventura,ché ogna monte a valle dé' venire.,91236,91800,0736566e940df4e4de2f19c7bc58fe9d054107844957b4cc67ce38859b015a25,8215da92f87d9f137b0c5cdad7981bc2b164014a6f2534ba4468e225504f30f1,eligible_standard_sonnet_pending_processed_build,,,,,,,standard_sonnets,eligible_pending_v7_and_poem_attribution,standard_sonnet_materialized_pending_v7,data/processed/project_gutenberg_resolved_v1/standard_sonnets/part-0001.txt,79240,79753,500,513,14,8215da92f87d9f137b0c5cdad7981bc2b164014a6f2534ba4468e225504f30f1
pg39239:char91854-92391,39239,Rimatori siculo-toscani del dugento. Serie prima - Pistoiesi-Lucchesi-Pisani,,,pending_candidate_level_attribution_audit,origins_through_1800,Project Gutenberg,https://www.gutenberg.org/ebooks/39239,explicit_sonetti_section,14,14,"Omo, ch'è sagio ne lo cominciare,",e atenenza di bon senno e fino.,91854,92391,945c04256e92a2152c8d31f49fc03296f5a5ce048147d9bf7a151508aeb795db,eff9cb7e4d2a9430cd954991bfb76e84d85c3a5ccc6585dde5e49eaa052b32b2,eligible_standard_sonnet_pending_processed_build,,,,,,,standard_sonnets,eligible_pending_v7_and_poem_attribution,standard_sonnet_materialized_pending_v7,data/processed/project_gutenberg_resolved_v1/standard_sonnets/part-0001.txt,79754,80235,473,481,14,eff9cb7e4d2a9430cd954991bfb76e84d85c3a5ccc6585dde5e49eaa052b32b2
pg39239:char92456-93013,39239,Rimatori siculo-toscani del dugento. Serie prima - Pistoiesi-Lucchesi-Pisani,,,pending_candidate_level_attribution_audit,origins_through_1800,Project Gutenberg,https://www.gutenberg.org/ebooks/39239,explicit_sonetti_section,14,14,"A me adovene com'a lo zitello,",arde e incende e non si pò amortare.,92456,93013,53e029105863f95705d577effe20c514f6ddfa24ce5a3e6a96c8bbb7bc10585d,e8a5bf68a23c1ca41cf174819cca8268063e8f400182ea2e4de79910231a2f29,eligible_standard_sonnet_pending_processed_build,,,,,,,standard_sonnets,eligible_pending_v7_and_poem_attribution,standard_sonnet_materialized_pending_v7,data/processed/project_gutenberg_resolved_v1/standard_sonnets/part-0001.txt,80236,80734,493,498,14,e8a5bf68a23c1ca41cf174819cca8268063e8f400182ea2e4de79910231a2f29
pg39239:char93057-93628,39239,Rimatori siculo-toscani del dugento. Serie prima - Pistoiesi-Lucchesi-Pisani,,,pending_candidate_level_attribution_audit,origins_through_1800,Project Gutenberg,https://www.gutenberg.org/ebooks/39239,explicit_sonetti_section,14,14,Tutto lo mondo si mantien per fiore:,"vostra mercé, madonna, fior aulente.",93057,93628,f6be6282d9ed0e955dc055d60b7d6c57708787bb1b1a2106b8ad85053c71350f,a6b2ac4ecafb34925c9ddb1ab55bf85804680528a4c223c682ac112790f967d7,eligible_standard_sonnet_pending_processed_build,,,,,,,standard_sonnets,eligible_pending_v7_and_poem_attribution,standard_sonnet_materialized_pending_v7,data/processed/project_gutenberg_resolved_v1/standard_sonnets/part-0001.txt,80735,81253,507,518,14,a6b2ac4ecafb34925c9ddb1ab55bf85804680528a4c223c682ac112790f967d7
pg39239:char93669-94210,39239,Rimatori siculo-toscani del dugento. Serie prima - Pistoiesi-Lucchesi-Pisani,,,pending_candidate_level_attribution_audit,origins_through_1800,Project Gutenberg,https://www.gutenberg.org/ebooks/39239,explicit_sonetti_section,14,14,"Dentro da la nieve esce lo foco,",amar convene la dolce criatora.,93669,94210,b801f66d746f7cd08922ed5df9566ecfb452d5139927bbb6568d7e9eb76f6331,251cb38c631f2ea0b82ed9b6586317f87997ef607139f31f36bea3510f383265,eligible_standard_sonnet_pending_processed_build,,,,,,,standard_sonnets,eligible_pending_v7_and_poem_attribution,standard_sonnet_materialized_pending_v7,data/processed/project_gutenberg_resolved_v1/standard_sonnets/part-0001.txt,81254,81736,477,482,14,251cb38c631f2ea0b82ed9b6586317f87997ef607139f31f36bea3510f383265
pg39239:char94270-94855,39239,Rimatori siculo-toscani del dugento. Serie prima - Pistoiesi-Lucchesi-Pisani,,,pending_candidate_level_attribution_audit,origins_through_1800,Project Gutenberg,https://www.gutenberg.org/ebooks/39239,explicit_sonetti_section,14,14,"Saver, che sente un piciolo fantino,",catel battuto fa leon temente.,94270,94855,27417f5b4ec370f053d389a69e3c404eeb173e0debeb2158d71d2833caba2383,ecdf8cf96daa0f4b3c994de50e1fd642448b671cd1bb92e64d63a73fdc7b6937,eligible_standard_sonnet_pending_processed_build,,,,,,,standard_sonnets,eligible_pending_v7_and_poem_attribution,standard_sonnet_materialized_pending_v7,data/processed/project_gutenberg_resolved_v1/standard_sonnets/part-0001.txt,81737,82270,521,533,14,ecdf8cf96daa0f4b3c994de50e1fd642448b671cd1bb92e64d63a73fdc7b6937
pg39239:char94925-95480,39239,Rimatori siculo-toscani del dugento. Serie prima - Pistoiesi-Lucchesi-Pisani,,,pending_candidate_level_attribution_audit,origins_through_1800,Project Gutenberg,https://www.gutenberg.org/ebooks/39239,explicit_sonetti_section,14,14,Vostra piacenza — tien piú di piacere,che piú risprende che del sol li rai.,94925,95480,8e1054ec0e9055742d5a3201c62f6ee96e0640b3fda63cf6157de1c82a96f711,a0dda093b23891cee8dc7cfe44b23d80ea5feab74f87e4d87db37f3a2b558683,eligible_standard_sonnet_pending_processed_build,,,,,,,standard_sonnets,eligible_pending_v7_and_poem_attribution,standard_sonnet_materialized_pending_v7,data/processed/project_gutenberg_resolved_v1/standard_sonnets/part-0001.txt,82271,82791,491,520,14,a0dda093b23891cee8dc7cfe44b23d80ea5feab74f87e4d87db37f3a2b558683
pg39239:char95615-96178,39239,Rimatori siculo-toscani del dugento. Serie prima - Pistoiesi-Lucchesi-Pisani,,,pending_candidate_level_attribution_audit,origins_through_1800,Project Gutenberg,https://www.gutenberg.org/ebooks/39239,explicit_sonetti_section,14,14,Ne l'amoroso foco molti stanno,fosse incarnato — sí com'è 'n figura.,95615,96178,32fb7748e05c6dad4dd30f4eb53d4da5374b366a1083971ca992acdbb0dd0b88,f2eab381014b680f802291cc1fb310f0933f39d2fcdb7832cdf34df0adc01d8d,eligible_standard_sonnet_pending_processed_build,,,,,,,standard_sonnets,eligible_pending_v7_and_poem_attribution,standard_sonnet_materialized_pending_v7,data/processed/project_gutenberg_resolved_v1/standard_sonnets/part-0001.txt,82792,83329,499,537,14,f2eab381014b680f802291cc1fb310f0933f39d2fcdb7832cdf34df0adc01d8d
pg39239:char96269-96926,39239,Rimatori siculo-toscani del dugento. Serie prima - Pistoiesi-Lucchesi-Pisani,,,pending_candidate_level_attribution_audit,origins_through_1800,Project Gutenberg,https://www.gutenberg.org/ebooks/39239,explicit_sonetti_section,14,14,Per fino amore — lo fiore — del fiore — avragio,Chi vive a 'ngegna — pèra — di cordoglio!,96269,96926,29c6ad49d75a1f42bf2911a1d5808a10935e08cffe5583869b12d65904e5d8c1,1746dbbfa8c838d74909ea833f84dd3b2e06ed07207424390240b4177dc9f926,eligible_standard_sonnet_pending_processed_build,,,,,,,standard_sonnets,eligible_pending_v7_and_poem_attribution,standard_sonnet_materialized_pending_v7,data/processed/project_gutenberg_resolved_v1/standard_sonnets/part-0001.txt,83330,84057,593,727,14,1746dbbfa8c838d74909ea833f84dd3b2e06ed07207424390240b4177dc9f926
pg39239:char97002-97565,39239,Rimatori siculo-toscani del dugento. Serie prima - Pistoiesi-Lucchesi-Pisani,,,pending_candidate_level_attribution_audit,origins_through_1800,Project Gutenberg,https://www.gutenberg.org/ebooks/39239,explicit_sonetti_section,14,14,Eo so ben ch'om non poría trovar sagio,ta' motti ch'ella torni a me amare.,97002,97565,2cec67199d23f4c635217a95c48400e324e6fd2e8b31b518b3f97426a23bafb6,4f72ed52d8b7fe400b71c898c601e78df0dab3f5d06a689f4e652e1b4fd58606,eligible_standard_sonnet_pending_processed_build,,,,,,,standard_sonnets,eligible_pending_v7_and_poem_attribution,standard_sonnet_materialized_pending_v7,data/processed/project_gutenberg_resolved_v1/standard_sonnets/part-0001.txt,84058,84563,499,505,14,4f72ed52d8b7fe400b71c898c601e78df0dab3f5d06a689f4e652e1b4fd58606
pg39239:char97669-98229,39239,Rimatori siculo-toscani del dugento. Serie prima - Pistoiesi-Lucchesi-Pisani,,,pending_candidate_level_attribution_audit,origins_through_1800,Project Gutenberg,https://www.gutenberg.org/ebooks/39239,explicit_sonetti_section,14,14,Però che sète paragon di sagio,"ma serve e tace, e quindi cresce amare.",97669,98229,0d553bf2b5abd7199b6a9de4127996f82dfbb4608ab68ef7dfd6f745b7147250,c4259400374d50d5909ea5091e7362ae33ef8d00f973231e7391b07fc8350678,eligible_standard_sonnet_pending_processed_build,,,,,,,standard_sonnets,eligible_pending_v7_and_poem_attribution,standard_sonnet_materialized_pending_v7,data/processed/project_gutenberg_resolved_v1/standard_sonnets/part-0001.txt,84564,85064,496,500,14,c4259400374d50d5909ea5091e7362ae33ef8d00f973231e7391b07fc8350678
pg39239:char98327-98912,39239,Rimatori siculo-toscani del dugento. Serie prima - Pistoiesi-Lucchesi-Pisani,,,pending_candidate_level_attribution_audit,origins_through_1800,Project Gutenberg,https://www.gutenberg.org/ebooks/39239,explicit_sonetti_section,14,14,Poi di tutte bontá ben se' dispári,si le 'l dirò or no? ch'anco non sallo.,98327,98912,ae8244abe0fc71a802a238410242fdd7cadcbe02325782a57bdfd75b6aee4481,86f6eb007689c35472953b70fe6bcb896c086d4cfe176674eca4bf7bda14e947,eligible_standard_sonnet_pending_processed_build,,,,,,,standard_sonnets,eligible_pending_v7_and_poem_attribution,standard_sonnet_materialized_pending_v7,data/processed/project_gutenberg_resolved_v1/standard_sonnets/part-0001.txt,85065,85596,521,531,14,86f6eb007689c35472953b70fe6bcb896c086d4cfe176674eca4bf7bda14e947
pg39239:char99006-99607,39239,Rimatori siculo-toscani del dugento. Serie prima - Pistoiesi-Lucchesi-Pisani,,,pending_candidate_level_attribution_audit,origins_through_1800,Project Gutenberg,https://www.gutenberg.org/ebooks/39239,explicit_sonetti_section,14,14,"Lo gran presgio di voi sí vola pari,",ch'amor non è s'ambur parti non sallo.,99006,99607,ac6dfbdb100386be1196d87e50ede32dcac2d73cfa4d91d14d191548b6aa6a91,3f0bad11163b6661fbaa44eaf9ca5ab3a168203f52d9ab13efc3f1bc3dec8364,eligible_standard_sonnet_pending_processed_build,,,,,,,standard_sonnets,eligible_pending_v7_and_poem_attribution,standard_sonnet_materialized_pending_v7,data/processed/project_gutenberg_resolved_v1/standard_sonnets/part-0001.txt,85597,86162,537,565,14,3f0bad11163b6661fbaa44eaf9ca5ab3a168203f52d9ab13efc3f1bc3dec8364
pg39239:char99654-100218,39239,Rimatori siculo-toscani del dugento. Serie prima - Pistoiesi-Lucchesi-Pisani,,,pending_candidate_level_attribution_audit,origins_through_1800,Project Gutenberg,https://www.gutenberg.org/ebooks/39239,explicit_sonetti_section,14,14,"Chi va cherendo guerra e lassa pace,","se non volete udir, non dite altrui.",99654,100218,3cc689aedb76ab65babce836eee87a402da6d21e42581ed455bf10b6abe27d1b,22246d3c6b1cadcbc317897f361d807ef1edd32217d2f14a9245ce1389fa0db8,eligible_standard_sonnet_pending_processed_build,,,,,,,standard_sonnets,eligible_pending_v7_and_poem_attribution,standard_sonnet_materialized_pending_v7,data/processed/project_gutenberg_resolved_v1/standard_sonnets/part-0001.txt,86163,86666,500,503,14,22246d3c6b1cadcbc317897f361d807ef1edd32217d2f14a9245ce1389fa0db8
pg39239:char100271-100802,39239,Rimatori siculo-toscani del dugento. Serie prima - Pistoiesi-Lucchesi-Pisani,,,pending_candidate_level_attribution_audit,origins_through_1800,Project Gutenberg,https://www.gutenberg.org/ebooks/39239,explicit_sonetti_section,14,14,"Movo di basso e vogli'alto montare,",ch'aggio tutto lo mondo in balía.,100271,100802,8796992b9a31c594a1f2103c7bcf93a02b3f6f0d52c34d95f1c0e5e264d97201,c96a010b29f3a234628edfff4b5bb71a309526cf40034b3701c9ec31877461f8,eligible_standard_sonnet_pending_processed_build,,,,,,,standard_sonnets,eligible_pending_v7_and_poem_attribution,standard_sonnet_materialized_pending_v7,data/processed/project_gutenberg_resolved_v1/standard_sonnets/part-0001.txt,86667,87138,467,471,14,c96a010b29f3a234628edfff4b5bb71a309526cf40034b3701c9ec31877461f8
pg39239:char100836-101403,39239,Rimatori siculo-toscani del dugento. Serie prima - Pistoiesi-Lucchesi-Pisani,,,pending_candidate_level_attribution_audit,origins_through_1800,Project Gutenberg,https://www.gutenberg.org/ebooks/39239,explicit_sonetti_section,14,14,Gli vostri occhi ch'e' m'hanno divisi,"ciascuna gente, c'ha in sé nobiltate.",100836,101403,081fa596915085404edea473dca0fc6475e2f732f9d2c738955c88fbbc15b540,240ce353d80d2d61ff0d6fe6270caff6c99fc12d198e1e0fa5404b8d7dc607a1,eligible_standard_sonnet_pending_processed_build,,,,,,,standard_sonnets,eligible_pending_v7_and_poem_attribution,standard_sonnet_materialized_pending_v7,data/processed/project_gutenberg_resolved_v1/standard_sonnets/part-0001.txt,87139,87650,503,511,14,240ce353d80d2d61ff0d6fe6270caff6c99fc12d198e1e0fa5404b8d7dc607a1
pg39239:char101509-102079,39239,Rimatori siculo-toscani del dugento. Serie prima - Pistoiesi-Lucchesi-Pisani,,,pending_candidate_level_attribution_audit,origins_through_1800,Project Gutenberg,https://www.gutenberg.org/ebooks/39239,explicit_sonetti_section,14,14,"Con sicurtá dirò, po' ch'i' son vosso,",che li facciate il segno della croce.,101509,102079,426834fd79e100bc98544ac00a9d70ca413d81993f49625696ba124110abc786,ec081049e5ae5239d44e4787754ef754bdd3bcf0531b5547e1f5544abea87523,eligible_standard_sonnet_pending_processed_build,,,,,,,standard_sonnets,eligible_pending_v7_and_poem_attribution,standard_sonnet_materialized_pending_v7,data/processed/project_gutenberg_resolved_v1/standard_sonnets/part-0001.txt,87651,88166,506,515,14,ec081049e5ae5239d44e4787754ef754bdd3bcf0531b5547e1f5544abea87523
pg39239:char102138-102707,39239,Rimatori siculo-toscani del dugento. Serie prima - Pistoiesi-Lucchesi-Pisani,,,pending_candidate_level_attribution_audit,origins_through_1800,Project Gutenberg,https://www.gutenberg.org/ebooks/39239,explicit_sonetti_section,14,14,Nel tempo averso om dé' prender conforto,su' sfogliamento omai dé' renverdire.,102138,102707,56a6acae6a3cf6b5cf4b3d0f08353afd131c0fda00d36698cebd21fa437fad52,110ac5a3c91bcaf794ca5f123408fcb6a01f8a50e35f7908a19149be20ffef79,exclude_existing_corpus_sonnet_duplicate,,,,bibit_sonnet:bibit001319:structural_0101,,,not_standard_sonnet_artifact,excluded_from_sonnet_corpus,not_materialized_exclude_existing_corpus_sonnet_duplicate,,,,0,0,0,e3b0c44298fc1c149afbf4c8996fb92427ae41e4649b934ca495991b7852b855
pg39239:char102846-103415,39239,Rimatori siculo-toscani del dugento. Serie prima - Pistoiesi-Lucchesi-Pisani,,,pending_candidate_level_attribution_audit,origins_through_1800,Project Gutenberg,https://www.gutenberg.org/ebooks/39239,explicit_sonetti_section,14,14,"Una rason, qual eo non sacio, chero:",non trae per senno al foco la farfalla.,102846,103415,3219eceab97e31a17ef324de89014dd71873c63716b1a162fdf76110bf38d575,8af0b8e313f79b705b96a2dec9b0f85cfef170cbd4b69b10be15639d40750d45,eligible_standard_sonnet_pending_processed_build,,,,,,,standard_sonnets,eligible_pending_v7_and_poem_attribution,standard_sonnet_materialized_pending_v7,data/processed/project_gutenberg_resolved_v1/standard_sonnets/part-0001.txt,88167,88681,505,514,14,8af0b8e313f79b705b96a2dec9b0f85cfef170cbd4b69b10be15639d40750d45
pg39239:char103505-104086,39239,Rimatori siculo-toscani del dugento. Serie prima - Pistoiesi-Lucchesi-Pisani,,,pending_candidate_level_attribution_audit,origins_through_1800,Project Gutenberg,https://www.gutenberg.org/ebooks/39239,explicit_sonetti_section,14,14,"De la rason, che non savete vero,","se no m'amollo, tal voler m'avalla.",103505,104086,46db113e80aa6843663f904ff10fc1be06d455ef8e04a4ee0e23e0f59edaf7ec,5a00ce52ececb5acf533e8269d6d9e125d6c3e23218622f0d39815855d3a72e0,eligible_standard_sonnet_pending_processed_build,,,,,,,standard_sonnets,eligible_pending_v7_and_poem_attribution,standard_sonnet_materialized_pending_v7,data/processed/project_gutenberg_resolved_v1/standard_sonnets/part-0001.txt,88682,89205,517,523,14,5a00ce52ececb5acf533e8269d6d9e125d6c3e23218622f0d39815855d3a72e0
pg39239:char104167-104711,39239,Rimatori siculo-toscani del dugento. Serie prima - Pistoiesi-Lucchesi-Pisani,,,pending_candidate_level_attribution_audit,origins_through_1800,Project Gutenberg,https://www.gutenberg.org/ebooks/39239,explicit_sonetti_section,14,14,"Non so rasion, ma dico per pensero:",per allumar lo parpaglion si calla.,104167,104711,1e40d84ba5e11ee1086be7d7ff08f5348d7a2487ac7e5271a27975a502de9095,f930f5d631f1d00eaf6ce9b7b6b66f63274a4d13fcb4251e21b56082eabda216,eligible_standard_sonnet_pending_processed_build,,,,,,,standard_sonnets,eligible_pending_v7_and_poem_attribution,standard_sonnet_materialized_pending_v7,data/processed/project_gutenberg_resolved_v1/standard_sonnets/part-0001.txt,89206,89693,480,487,14,f930f5d631f1d00eaf6ce9b7b6b66f63274a4d13fcb4251e21b56082eabda216
pg39239:char104790-105355,39239,Rimatori siculo-toscani del dugento. Serie prima - Pistoiesi-Lucchesi-Pisani,,,pending_candidate_level_attribution_audit,origins_through_1800,Project Gutenberg,https://www.gutenberg.org/ebooks/39239,explicit_sonetti_section,14,14,"Pensávati non fare indivinero,",Acel di monte pelle equo di stalla.,104790,105355,945e50facd66a84547df4f1c274ea46ae806d1621b44651f4509bba72b88ef74,95a7c69eb28905f14a9e4ded230f9458e7efb041f9c6586e71097e9a6d79c4c6,eligible_standard_sonnet_pending_processed_build,,,,,,,standard_sonnets,eligible_pending_v7_and_poem_attribution,standard_sonnet_materialized_pending_v7,data/processed/project_gutenberg_resolved_v1/standard_sonnets/part-0001.txt,89694,90204,501,510,14,95a7c69eb28905f14a9e4ded230f9458e7efb041f9c6586e71097e9a6d79c4c6
pg39239:char105475-106026,39239,Rimatori siculo-toscani del dugento. Serie prima - Pistoiesi-Lucchesi-Pisani,,,pending_candidate_level_attribution_audit,origins_through_1800,Project Gutenberg,https://www.gutenberg.org/ebooks/39239,explicit_sonetti_section,14,14,"Naturalmente falla lo pensero,",ché non è frutto se non è di talla.,105475,106026,7613188c00f63a51795af523e8cb1a0759938ed119e796c5088100449210a0f7,b361ea572a6c0d0353863143fabdae1eea37a9f11a4eae2f72c06f816625cf29,eligible_standard_sonnet_pending_processed_build,,,,,,,standard_sonnets,eligible_pending_v7_and_poem_attribution,standard_sonnet_materialized_pending_v7,data/processed/project_gutenberg_resolved_v1/standard_sonnets/part-0001.txt,90205,90707,487,502,14,b361ea572a6c0d0353863143fabdae1eea37a9f11a4eae2f72c06f816625cf29
pg39239:char106167-106732,39239,Rimatori siculo-toscani del dugento. Serie prima - Pistoiesi-Lucchesi-Pisani,,,pending_candidate_level_attribution_audit,origins_through_1800,Project Gutenberg,https://www.gutenberg.org/ebooks/39239,explicit_sonetti_section,14,14,"Vostro saver provato m'è mistieri,",scrivendomi di ciò la veritate.,106167,106732,568ff33751700fee8021ffa2a310012a98903502bc5142d235514a9b0c046702,5f5658a6853929415bd51815efbb49d271660776fe1ccc112ae1a1c41c9230cc,eligible_standard_sonnet_pending_processed_build,,,,,,,standard_sonnets,eligible_pending_v7_and_poem_attribution,standard_sonnet_materialized_pending_v7,data/processed/project_gutenberg_resolved_v1/standard_sonnets/part-0001.txt,90708,91218,501,510,14,5f5658a6853929415bd51815efbb49d271660776fe1ccc112ae1a1c41c9230cc
pg39239:char106811-107399,39239,Rimatori siculo-toscani del dugento. Serie prima - Pistoiesi-Lucchesi-Pisani,,,pending_candidate_level_attribution_audit,origins_through_1800,Project Gutenberg,https://www.gutenberg.org/ebooks/39239,explicit_sonetti_section,14,14,Giá non sète di senno sí legieri,"s'eo vi discrivo fallo, voi mendate.",106811,107399,670016de0d47e441848666886cf5ae67c7f33a0ec695203092e40b3a73709a38,b0d76552718e0c53a2f1b5fa807a04c5c486413598ab7d249c8d824432a525bd,eligible_standard_sonnet_pending_processed_build,,,,,,,standard_sonnets,eligible_pending_v7_and_poem_attribution,standard_sonnet_materialized_pending_v7,data/processed/project_gutenberg_resolved_v1/standard_sonnets/part-0001.txt,91219,91751,524,532,14,b0d76552718e0c53a2f1b5fa807a04c5c486413598ab7d249c8d824432a525bd
pg39239:char113453-114013,39239,Rimatori siculo-toscani del dugento. Serie prima - Pistoiesi-Lucchesi-Pisani,,,pending_candidate_level_attribution_audit,origins_through_1800,Project Gutenberg,https://www.gutenberg.org/ebooks/39239,explicit_sonetti_section,4-4-3-3,14,Similimente canoscensa move,per sé manda per compier la figura.,113453,114013,5cdbc5b88f744f395958b532846b347fa436e1930f77c547f663c836a0ef4721,fe5a088c1c07eef3e6748b813fd8b0d7ceffe707a96ec1a8309281030fc69d76,eligible_standard_sonnet_pending_processed_build,,,,,,,standard_sonnets,eligible_pending_v7_and_poem_attribution,standard_sonnet_materialized_pending_v7,data/processed/project_gutenberg_resolved_v1/standard_sonnets/part-0001.txt,91752,92253,493,501,14,fe5a088c1c07eef3e6748b813fd8b0d7ceffe707a96ec1a8309281030fc69d76
pg39239:char114106-114674,39239,Rimatori siculo-toscani del dugento. Serie prima - Pistoiesi-Lucchesi-Pisani,,,pending_candidate_level_attribution_audit,origins_through_1800,Project Gutenberg,https://www.gutenberg.org/ebooks/39239,explicit_sonetti_section,4-4-3-3,14,A piò voler mostrar che porti vero,ancor ch'aita — sia d'altra fattura.,114106,114674,4149ca0d05b0c005c4f8306830ee2c77877b82bb98c8901a59219857efdec9bd,7a989cbc2adacf181566f5696dfb98a868cac3bd04df61dc96d503619075f12a,eligible_standard_sonnet_pending_processed_build,,,,,,,standard_sonnets,eligible_pending_v7_and_poem_attribution,standard_sonnet_materialized_pending_v7,data/processed/project_gutenberg_resolved_v1/standard_sonnets/part-0001.txt,92254,92803,501,549,14,7a989cbc2adacf181566f5696dfb98a868cac3bd04df61dc96d503619075f12a
pg39239:char213754-214368,39239,Rimatori siculo-toscani del dugento. Serie prima - Pistoiesi-Lucchesi-Pisani,,,pending_candidate_level_attribution_audit,origins_through_1800,Project Gutenberg,https://www.gutenberg.org/ebooks/39239,structural_14_line,14,14,"Lasso, sovente — sent'e' — che natura","sor mev'impero: — pero, — se non pento!",213754,214368,f072565287a94047f18e61b98a716cdb7a6d36f0b083128de73e31f9df2b99b9,7097889ec96c6c45188f3ab6887e522fcb4ab3be8189235fa29a1c17faf29bfc,eligible_standard_sonnet_pending_processed_build,accept_structurally_verified_standard_sonnet,Bounded fourteen-line Italian poem has a coherent sonnet octave-and-sestet or quatrain-and-tercet rhyme structure.,,,,,standard_sonnets,eligible_pending_v7_and_poem_attribution,standard_sonnet_materialized_pending_v7,data/processed/project_gutenberg_resolved_v1/standard_sonnets/part-0001.txt,92804,93474,550,670,14,7097889ec96c6c45188f3ab6887e522fcb4ab3be8189235fa29a1c17faf29bfc
pg39239:char215328-215907,39239,Rimatori siculo-toscani del dugento. Serie prima - Pistoiesi-Lucchesi-Pisani,,,pending_candidate_level_attribution_audit,origins_through_1800,Project Gutenberg,https://www.gutenberg.org/ebooks/39239,structural_14_line,14,14,"Dolendo, amico, di gravosa pena",ov'ogn'om cade: tal'è pregio bene.,215328,215907,383c77f9d9770bd09876d90ddc413490cc599bfb7eae5653d9bb87303363554b,e5a27e67b7db32dbd1b1402a6bee3d786a4d516d3108fac2e91695afb4db6d7b,eligible_standard_sonnet_pending_processed_build,accept_structurally_verified_standard_sonnet,Bounded fourteen-line Italian poem has a coherent sonnet octave-and-sestet or quatrain-and-tercet rhyme structure.,,,,,standard_sonnets,eligible_pending_v7_and_poem_attribution,standard_sonnet_materialized_pending_v7,data/processed/project_gutenberg_resolved_v1/standard_sonnets/part-0001.txt,93475,94003,515,528,14,e5a27e67b7db32dbd1b1402a6bee3d786a4d516d3108fac2e91695afb4db6d7b
pg39239:char215997-216588,39239,Rimatori siculo-toscani del dugento. Serie prima - Pistoiesi-Lucchesi-Pisani,,,pending_candidate_level_attribution_audit,origins_through_1800,Project Gutenberg,https://www.gutenberg.org/ebooks/39239,structural_14_line,14,14,Rapresentando a canoscenza vostra,"somettendo mi' arbitro, ann'è ben terso.",215997,216588,6c96252e2dbbc379577886699505397ee8b63fc4e6693fdd48a91e7b01408de2,873444ce1f298f973fb0474fc448e348a3c072f1c627d275b1c1037749cf5b43,eligible_standard_sonnet_pending_processed_build,accept_structurally_verified_standard_sonnet,Bounded fourteen-line Italian poem has a coherent sonnet octave-and-sestet or quatrain-and-tercet rhyme structure.,,,,,standard_sonnets,eligible_pending_v7_and_poem_attribution,standard_sonnet_materialized_pending_v7,data/processed/project_gutenberg_resolved_v1/standard_sonnets/part-0001.txt,94004,94536,527,532,14,873444ce1f298f973fb0474fc448e348a3c072f1c627d275b1c1037749cf5b43
pg39239:char219350-219933,39239,Rimatori siculo-toscani del dugento. Serie prima - Pistoiesi-Lucchesi-Pisani,,,pending_candidate_level_attribution_audit,origins_through_1800,Project Gutenberg,https://www.gutenberg.org/ebooks/39239,structural_14_line,14,14,Sovrapiagente mia gioia gioiosa,ch'io altro non ho piú che 'l tuo volere.,219350,219933,6e7a44c64ab45c92642c634a1919d5f8bfc5f3c7fec2c78ec9731ec950f8713e,b84f71f178f4043520079dce0806913b645ecd3c3360fcabf0c597e8bd282688,eligible_standard_sonnet_pending_processed_build,accept_structurally_verified_standard_sonnet,Bounded fourteen-line Italian poem has a coherent sonnet octave-and-sestet or quatrain-and-tercet rhyme structure.,,,,,standard_sonnets,eligible_pending_v7_and_poem_attribution,standard_sonnet_materialized_pending_v7,data/processed/project_gutenberg_resolved_v1/standard_sonnets/part-0001.txt,94537,95061,519,524,14,b84f71f178f4043520079dce0806913b645ecd3c3360fcabf0c597e8bd282688
pg39239:char220004-220612,39239,Rimatori siculo-toscani del dugento. Serie prima - Pistoiesi-Lucchesi-Pisani,,,pending_candidate_level_attribution_audit,origins_through_1800,Project Gutenberg,https://www.gutenberg.org/ebooks/39239,structural_14_line,14,14,Amor s'ha il mio voler miso di sovra;,parte — di ben di sé vero in cui regna.,220004,220612,d8b7fe86e8f27bf4bfaa4827ad63bcb636d9fcfdd7401cdc67016b317f9cd4bb,b1bb027f1c9c240e6146c26125bd998c979e74111ea7ff78006b071e80f1609d,eligible_standard_sonnet_pending_processed_build,accept_structurally_verified_standard_sonnet,Bounded fourteen-line Italian poem has a coherent sonnet octave-and-sestet or quatrain-and-tercet rhyme structure.,,,,,standard_sonnets,eligible_pending_v7_and_poem_attribution,standard_sonnet_materialized_pending_v7,data/processed/project_gutenberg_resolved_v1/standard_sonnets/part-0001.txt,95062,95646,544,584,14,b1bb027f1c9c240e6146c26125bd998c979e74111ea7ff78006b071e80f1609d
pg39239:char220679-221277,39239,Rimatori siculo-toscani del dugento. Serie prima - Pistoiesi-Lucchesi-Pisani,,,pending_candidate_level_attribution_audit,origins_through_1800,Project Gutenberg,https://www.gutenberg.org/ebooks/39239,structural_14_line,14,14,Non posso proferir quant'ho voglienza,"dentro al mio core, ove io te porto e guardo.",220679,221277,31b1ff8093b6c1d3e99c955af4c386aa91481a24896bdf853b99899051306483,a83ea9f6fad849d8822cd62af27379f3aaef005392f8f1b0d71bed5f733fda15,eligible_standard_sonnet_pending_processed_build,accept_structurally_verified_standard_sonnet,Bounded fourteen-line Italian poem has a coherent sonnet octave-and-sestet or quatrain-and-tercet rhyme structure.,,,,,standard_sonnets,eligible_pending_v7_and_poem_attribution,standard_sonnet_materialized_pending_v7,data/processed/project_gutenberg_resolved_v1/standard_sonnets/part-0001.txt,95647,96192,534,545,14,a83ea9f6fad849d8822cd62af27379f3aaef005392f8f1b0d71bed5f733fda15
pg39239:char235957-236544,39239,Rimatori siculo-toscani del dugento. Serie prima - Pistoiesi-Lucchesi-Pisani,,,pending_candidate_level_attribution_audit,origins_through_1800,Project Gutenberg,https://www.gutenberg.org/ebooks/39239,structural_14_line,14,14,"Similemente, — gente — criatura,",in sua sentenza — ben sa — onorata.,235957,236544,301073de9edc2db823f196daa28a23675a3a74756a86fa254e334c254c125028,81fd1d2e306dc324e6bd78e72c4e4422a7b29ad8c0afd75c97969cabe51c5f2a,eligible_standard_sonnet_pending_processed_build,accept_structurally_verified_standard_sonnet,Bounded fourteen-line Italian poem has a coherent sonnet octave-and-sestet or quatrain-and-tercet rhyme structure.,,,,,standard_sonnets,eligible_pending_v7_and_poem_attribution,standard_sonnet_materialized_pending_v7,data/processed/project_gutenberg_resolved_v1/standard_sonnets/part-0001.txt,96193,96833,523,640,14,81fd1d2e306dc324e6bd78e72c4e4422a7b29ad8c0afd75c97969cabe51c5f2a
pg39239:char250847-251432,39239,Rimatori siculo-toscani del dugento. Serie prima - Pistoiesi-Lucchesi-Pisani,,,pending_candidate_level_attribution_audit,origins_through_1800,Project Gutenberg,https://www.gutenberg.org/ebooks/39239,structural_14_line,14,14,Magna ferendo me tuba 'n oregli,"veglia tuttor la mantegnamo, u fresca.",250847,251432,84d6daf5c198549911360f4c49463f761f2e33a115f64e6d411df165229a136b,ae8f3fd514590e65d67df14b9cc4e3e9b089650c5410774c1dad842715bee1bf,eligible_standard_sonnet_pending_processed_build,accept_structurally_verified_standard_sonnet,Bounded fourteen-line Italian poem has a coherent sonnet octave-and-sestet or quatrain-and-tercet rhyme structure.,,,,,standard_sonnets,eligible_pending_v7_and_poem_attribution,standard_sonnet_materialized_pending_v7,data/processed/project_gutenberg_resolved_v1/standard_sonnets/part-0001.txt,96834,97358,521,524,14,ae8f3fd514590e65d67df14b9cc4e3e9b089650c5410774c1dad842715bee1bf
pg39239:char251608-252199,39239,Rimatori siculo-toscani del dugento. Serie prima - Pistoiesi-Lucchesi-Pisani,,,pending_candidate_level_attribution_audit,origins_through_1800,Project Gutenberg,https://www.gutenberg.org/ebooks/39239,structural_14_line,14,14,A cui prudenza porge alta lumera,"se da ciò poi si parte, e' va a perdenza.",251608,252199,3916017d8761aecec161ac123891c0bbf5fd41f3772fd8a70d24a4060be0aac0,874ee7e043ee04d881bc8d51de28241677ceeb60e905eb21d07becd44ee771c4,eligible_standard_sonnet_pending_processed_build,accept_structurally_verified_standard_sonnet,Bounded fourteen-line Italian poem has a coherent sonnet octave-and-sestet or quatrain-and-tercet rhyme structure.,,,,,standard_sonnets,eligible_pending_v7_and_poem_attribution,standard_sonnet_materialized_pending_v7,data/processed/project_gutenberg_resolved_v1/standard_sonnets/part-0001.txt,97359,97896,527,537,14,874ee7e043ee04d881bc8d51de28241677ceeb60e905eb21d07becd44ee771c4
pg39239:char252318-252890,39239,Rimatori siculo-toscani del dugento. Serie prima - Pistoiesi-Lucchesi-Pisani,,,pending_candidate_level_attribution_audit,origins_through_1800,Project Gutenberg,https://www.gutenberg.org/ebooks/39239,structural_14_line,14,14,"Chi nel dolore ha bona sofferenza,",la lor mainera — contrar'è di bene.,252318,252890,b047153820c4b3753199eecd727a85cdf7c09d3db88c5fa0474c7ee82b51439b,dadb38b415032ab10ac52265eecb75746239b8acaf289ccce2e5bc46543aa30e,eligible_standard_sonnet_pending_processed_build,accept_structurally_verified_standard_sonnet,Bounded fourteen-line Italian poem has a coherent sonnet octave-and-sestet or quatrain-and-tercet rhyme structure.,,,,,standard_sonnets,eligible_pending_v7_and_poem_attribution,standard_sonnet_materialized_pending_v7,data/processed/project_gutenberg_resolved_v1/standard_sonnets/part-0001.txt,97897,98446,508,549,14,dadb38b415032ab10ac52265eecb75746239b8acaf289ccce2e5bc46543aa30e
pg39239:char252989-253560,39239,Rimatori siculo-toscani del dugento. Serie prima - Pistoiesi-Lucchesi-Pisani,,,pending_candidate_level_attribution_audit,origins_through_1800,Project Gutenberg,https://www.gutenberg.org/ebooks/39239,structural_14_line,14,14,"Aldendo dire l'altèro valore,",par ch'obbriato — aggia 'l sommo Sire.,252989,253560,bf9a139b0c121f35f12048f0575f2391716c1095309ba3e0e2cea29687de3f1d,83becbcd828c8c01e9597655cf6692d1ab4ab339ee42127e9465489cc166643e,eligible_standard_sonnet_pending_processed_build,accept_structurally_verified_standard_sonnet,Bounded fourteen-line Italian poem has a coherent sonnet octave-and-sestet or quatrain-and-tercet rhyme structure.,,,,,standard_sonnets,eligible_pending_v7_and_poem_attribution,standard_sonnet_materialized_pending_v7,data/processed/project_gutenberg_resolved_v1/standard_sonnets/part-0001.txt,98447,99004,507,557,14,83becbcd828c8c01e9597655cf6692d1ab4ab339ee42127e9465489cc166643e
pg39239:char253693-254269,39239,Rimatori siculo-toscani del dugento. Serie prima - Pistoiesi-Lucchesi-Pisani,,,pending_candidate_level_attribution_audit,origins_through_1800,Project Gutenberg,https://www.gutenberg.org/ebooks/39239,structural_14_line,14,14,Tua scritta intesi bene lo tinore:,'om ordinato — pur a ben seguire. —,253693,254269,cf587902165796f451106810a3d69a897f55a17fca447796d72fd8f08ed6fe98,a14e2076479635093b581695ab10b1cf1686046126caa33404e66f37c8b903c6,eligible_standard_sonnet_pending_processed_build,accept_structurally_verified_standard_sonnet,Bounded fourteen-line Italian poem has a coherent sonnet octave-and-sestet or quatrain-and-tercet rhyme structure.,,,,,standard_sonnets,eligible_pending_v7_and_poem_attribution,standard_sonnet_materialized_pending_v7,data/processed/project_gutenberg_resolved_v1/standard_sonnets/part-0001.txt,99005,99560,512,555,14,a14e2076479635093b581695ab10b1cf1686046126caa33404e66f37c8b903c6
pg39239:char277601-278211,39239,Rimatori siculo-toscani del dugento. Serie prima - Pistoiesi-Lucchesi-Pisani,,,pending_candidate_level_attribution_audit,origins_through_1800,Project Gutenberg,https://www.gutenberg.org/ebooks/39239,structural_14_line,14,14,Encara vuoill qe sapchatz,"«Marseylla», «Jenova», «Plajensa».",277601,278211,3f4962c3d71217789b76d91bc8654eb75699139562f7c3f9f412e066904eb2e8,e5dc0eba3f4e2ba159364cfb9444f18c1239a00522d1f16ddd5ef986e1e99b23,exclude_manual_not_sonnet,exclude_not_sonnet,"Fourteen-line detector window is Occitan grammar exposition and examples, not a sonnet.",,,,,not_standard_sonnet_artifact,excluded_from_sonnet_corpus,not_materialized_exclude_manual_not_sonnet,,,,0,0,0,e3b0c44298fc1c149afbf4c8996fb92427ae41e4649b934ca495991b7852b855
pg39239:char283633-284220,39239,Rimatori siculo-toscani del dugento. Serie prima - Pistoiesi-Lucchesi-Pisani,,,pending_candidate_level_attribution_audit,origins_through_1800,Project Gutenberg,https://www.gutenberg.org/ebooks/39239,structural_14_line,14,14,"Encar', amic, devetz saber","ieu vari «seygnor», so sabchatz:",283633,284220,ba6192aff265d0c7f59fc4bcbde4f211c2e2b1e756457b1d1866650606df6c61,f2d0fe4e954607b5665c89be9123585bcdf4577fc3114931044f1bcc34b83c91,exclude_manual_not_sonnet,exclude_not_sonnet,"Fourteen-line detector window is Occitan grammar exposition and examples, not a sonnet.",,,,,not_standard_sonnet_artifact,excluded_from_sonnet_corpus,not_materialized_exclude_manual_not_sonnet,,,,0,0,0,e3b0c44298fc1c149afbf4c8996fb92427ae41e4649b934ca495991b7852b855
pg39239:char285431-285952,39239,Rimatori siculo-toscani del dugento. Serie prima - Pistoiesi-Lucchesi-Pisani,,,pending_candidate_level_attribution_audit,origins_through_1800,Project Gutenberg,https://www.gutenberg.org/ebooks/39239,structural_14_line,14,14,"De los comuns ajectius,",parladura ysis declina:,285431,285952,09775499b114d3b00c47d98a15e25204fe0a3070c1df95774ad480f45365b6d4,bae81b611a9182e538b75c53b5a39251bfe8f06f2dd60aabbd95373a02d351a8,exclude_manual_not_sonnet,exclude_not_sonnet,"Fourteen-line detector window is Occitan grammar exposition and examples, not a sonnet.",,,,,not_standard_sonnet_artifact,excluded_from_sonnet_corpus,not_materialized_exclude_manual_not_sonnet,,,,0,0,0,e3b0c44298fc1c149afbf4c8996fb92427ae41e4649b934ca495991b7852b855
pg39239:char384389-385271,39239,Rimatori siculo-toscani del dugento. Serie prima - Pistoiesi-Lucchesi-Pisani,,,pending_candidate_level_attribution_audit,origins_through_1800,Project Gutenberg,https://www.gutenberg.org/ebooks/39239,structural_14_line,14,14,"De la fera infertá e angosciosa,                         215","Donna, vostre bellezze,                                   73",384389,385271,291e694f08b109af4c487448d821833665440277dfc4fb4aa8b1e60b5eae3502,7181098a8a05f54040802bd689d26914bd3533aaf1a8cf1e81769b2a62887790,exclude_manual_not_sonnet,exclude_not_sonnet,"Fourteen-line detector window is index material, not a sonnet.",,,,,not_standard_sonnet_artifact,excluded_from_sonnet_corpus,not_materialized_exclude_manual_not_sonnet,,,,0,0,0,e3b0c44298fc1c149afbf4c8996fb92427ae41e4649b934ca495991b7852b855
pg40328:char22865-23788,40328,Ahasvero nell'Isola del Diavolo: versi: preceduti da uno studio su l'Ebraismo e la rivoluzione francese,"Levi, David",,pending_candidate_level_attribution_audit,nineteenth_century_bridge,Project Gutenberg,https://www.gutenberg.org/ebooks/40328,structural_14_line,8-6,14,"[5] Israel, diceva il padre Giacinto in una sua predica, è il primo",poema Nazionale Italico.,22865,23788,697289231a8c2f21e88971740a59fc3c28281a3a9790975c5040ffe79b8d4805,2cf264f439c5fbea5d8279fa9c32212842c54cbec020fa1a4056dfd64ea7b6da,exclude_manual_not_sonnet,exclude_not_sonnet,"Detector window is prose or continuous blank-verse narrative, not a bounded sonnet.",,,,,not_standard_sonnet_artifact,excluded_from_sonnet_corpus,not_materialized_exclude_manual_not_sonnet,,,,0,0,0,e3b0c44298fc1c149afbf4c8996fb92427ae41e4649b934ca495991b7852b855
pg40328:char91246-91834,40328,Ahasvero nell'Isola del Diavolo: versi: preceduti da uno studio su l'Ebraismo e la rivoluzione francese,"Levi, David",,pending_candidate_level_attribution_audit,nineteenth_century_bridge,Project Gutenberg,https://www.gutenberg.org/ebooks/40328,structural_14_line,14,14,E l'età rea[17] non tramontata è ancora!,"A miei tiranni rabbia, a me vendetta.",91246,91834,ee3d43dd724474b94065639f5c4a15e33e4320033b9c4a007235ca6ba4293907,5114a733273398d335b3eb4b4246090927f5a57324858c60f7ad0c1b1f6f3120,exclude_manual_not_sonnet,exclude_not_sonnet,"Detector window is prose or continuous blank-verse narrative, not a bounded sonnet.",,,,,not_standard_sonnet_artifact,excluded_from_sonnet_corpus,not_materialized_exclude_manual_not_sonnet,,,,0,0,0,e3b0c44298fc1c149afbf4c8996fb92427ae41e4649b934ca495991b7852b855
pg40328:char105774-106699,40328,Ahasvero nell'Isola del Diavolo: versi: preceduti da uno studio su l'Ebraismo e la rivoluzione francese,"Levi, David",,pending_candidate_level_attribution_audit,nineteenth_century_bridge,Project Gutenberg,https://www.gutenberg.org/ebooks/40328,structural_14_line,14,14,"Due croci, due olocausti. Gli Ebrei, per la loro origine, la loro",d'amore.,105774,106699,34b6db23d9423e63fefc8be511095952bdc7ef6e539877a7828a4539addec2f8,02bfed75c88a7b5c7264ed9bb6aa74b2e256fe415072dccb735492a3540488e4,exclude_manual_not_sonnet,exclude_not_sonnet,"Detector window is prose or continuous blank-verse narrative, not a bounded sonnet.",,,,,not_standard_sonnet_artifact,excluded_from_sonnet_corpus,not_materialized_exclude_manual_not_sonnet,,,,0,0,0,e3b0c44298fc1c149afbf4c8996fb92427ae41e4649b934ca495991b7852b855
pg43244:char34227-34845,43244,Dante e gli Ebrei: Studio,"Servi, Flaminio",,pending_candidate_level_attribution_audit,nineteenth_century_bridge,Project Gutenberg,https://www.gutenberg.org/ebooks/43244,explicit_sonetti_section,4-4-3-3,14,Due lumi son di nuovi spenti al mondo [20],Dante abbia posto in glorioso scanno.,34227,34845,dffb6dc394fc7d75bccf07eaa88cbcc123b17c08bc90195f2e2aefb4d8eb4657,42642d540988846c06fe7d9f6c26001f8a7bd5b34856fa117723c6566a405b04,eligible_standard_sonnet_pending_processed_build,,,,,,,standard_sonnets,eligible_pending_v7_and_poem_attribution,standard_sonnet_materialized_pending_v7,data/processed/project_gutenberg_resolved_v1/standard_sonnets/part-0001.txt,99561,100084,519,523,14,42642d540988846c06fe7d9f6c26001f8a7bd5b34856fa117723c6566a405b04
pg43244:char35031-35664,43244,Dante e gli Ebrei: Studio,"Servi, Flaminio",,pending_candidate_level_attribution_audit,nineteenth_century_bridge,Project Gutenberg,https://www.gutenberg.org/ebooks/43244,explicit_sonetti_section,4-4-3-3,14,Io che trassi le lagrime dal fondo,Per invidia del ben fece quel danno.,35031,35664,fd70a94df8c5520dc43d17a0a215c0d9570bcb67edb23e9726ee416eb62a67d2,edd491fbffc82ee10d3e918881f34c9338246fbceea552114cd784e3e2142226,eligible_standard_sonnet_pending_processed_build,,,,,,,standard_sonnets,eligible_pending_v7_and_poem_attribution,standard_sonnet_materialized_pending_v7,data/processed/project_gutenberg_resolved_v1/standard_sonnets/part-0001.txt,100085,100624,534,539,14,edd491fbffc82ee10d3e918881f34c9338246fbceea552114cd784e3e2142226
pg48624:char520145-520766,48624,"Della guerra nazionale d'insurrezione per bande, applicata all'Italia: Trattato dedicato ai buoni Italiani da un amico del Paese","Bianco, Carlo",,pending_candidate_level_attribution_audit,nineteenth_century_bridge,Project Gutenberg,https://www.gutenberg.org/ebooks/48624,explicit_sonetto_heading,4-4-3-3,14,"Egra, gemente, frà gli affanni e l'onte,",Italia è serva! ed amerem la vita?,520145,520766,05d91751cfec7fdd7e5452c95ec62ae04ff6b6311037d9e2fa735e947461684e,eb1554426c5f63ef0cd57522e15ddc446a06d003c6690975651ce136cd0de830,eligible_standard_sonnet_pending_processed_build,,,,,,,standard_sonnets,eligible_pending_v7_and_poem_attribution,standard_sonnet_materialized_pending_v7,data/processed/project_gutenberg_resolved_v1/standard_sonnets/part-0001.txt,100625,101188,554,563,14,eb1554426c5f63ef0cd57522e15ddc446a06d003c6690975651ce136cd0de830
pg49346:char15833-16328,49346,"Nerone: commedia in cinque atti ed in versi, con prologo e note storiche","Cossa, Pietro",,pending_candidate_level_attribution_audit,nineteenth_century_bridge,Project Gutenberg,https://www.gutenberg.org/ebooks/49346,structural_14_line,14,14,Amo l’odio patrizio perchè figlio,È per noi quanta gente abita il mondo.—,15833,16328,8ec1649848d0c474a6d258b604324a601b0eb9d3e8fcf90b47549284ede25366,aa63b7f76b8d184edb84e113c3db625fc14cb08ed7916575b49226f918bfe11b,exclude_manual_not_sonnet,exclude_not_sonnet,"Fourteen-line detector window is continuous comedy dialogue, not a bounded sonnet.",,,,,not_standard_sonnet_artifact,excluded_from_sonnet_corpus,not_materialized_exclude_manual_not_sonnet,,,,0,0,0,e3b0c44298fc1c149afbf4c8996fb92427ae41e4649b934ca495991b7852b855
pg49346:char16458-16955,49346,"Nerone: commedia in cinque atti ed in versi, con prologo e note storiche","Cossa, Pietro",,pending_candidate_level_attribution_audit,nineteenth_century_bridge,Project Gutenberg,https://www.gutenberg.org/ebooks/49346,structural_14_line,14,14,È a te ben noto,Legioni v’è tumulto.,16458,16955,4c5af4bc79860bb4fb39951e97fa8e5a6c3290d40e91161203c3b95c4a0664de,e70c4c92911336f41366182480a80aa6e4bad76cd18156bcf165e83e7971d6f4,exclude_manual_not_sonnet,exclude_not_sonnet,"Fourteen-line detector window is continuous comedy dialogue, not a bounded sonnet.",,,,,not_standard_sonnet_artifact,excluded_from_sonnet_corpus,not_materialized_exclude_manual_not_sonnet,,,,0,0,0,e3b0c44298fc1c149afbf4c8996fb92427ae41e4649b934ca495991b7852b855
pg49346:char24717-25226,49346,"Nerone: commedia in cinque atti ed in versi, con prologo e note storiche","Cossa, Pietro",,pending_candidate_level_attribution_audit,nineteenth_century_bridge,Project Gutenberg,https://www.gutenberg.org/ebooks/49346,structural_14_line,14,14,"Più che libera, tu sei",Fati del figlio di Giocasta.,24717,25226,fcfe646462468f8b210a22b4d8c5c5ca836894b040d19b0d3b4ff4c5c6c672b1,6109e972cc1ce1e220a296506448124f39f75c5cef6ca4d727e2581d8510ae5c,exclude_manual_not_sonnet,exclude_not_sonnet,"Fourteen-line detector window is continuous comedy dialogue, not a bounded sonnet.",,,,,not_standard_sonnet_artifact,excluded_from_sonnet_corpus,not_materialized_exclude_manual_not_sonnet,,,,0,0,0,e3b0c44298fc1c149afbf4c8996fb92427ae41e4649b934ca495991b7852b855
pg49346:char26870-27408,49346,"Nerone: commedia in cinque atti ed in versi, con prologo e note storiche","Cossa, Pietro",,pending_candidate_level_attribution_audit,nineteenth_century_bridge,Project Gutenberg,https://www.gutenberg.org/ebooks/49346,structural_14_line,14,14,"Ritraggi il piede, o folle giovinetta,",Non tiene imperio che una donna sola.,26870,27408,1f856d16e715f9d116041550e1d78b3c30a80190f0b3fd81c9b0c8ebae59b342,8dd3026a18878fe3f8e7a634917d9f7671a80f2eba5224bd9f301c291317e930,exclude_manual_not_sonnet,exclude_not_sonnet,"Fourteen-line detector window is continuous comedy dialogue, not a bounded sonnet.",,,,,not_standard_sonnet_artifact,excluded_from_sonnet_corpus,not_materialized_exclude_manual_not_sonnet,,,,0,0,0,e3b0c44298fc1c149afbf4c8996fb92427ae41e4649b934ca495991b7852b855
pg49346:char40881-41429,49346,"Nerone: commedia in cinque atti ed in versi, con prologo e note storiche","Cossa, Pietro",,pending_candidate_level_attribution_audit,nineteenth_century_bridge,Project Gutenberg,https://www.gutenberg.org/ebooks/49346,structural_14_line,14,14,Ed io la prendo intera,Uomini veri e non roba da merce?,40881,41429,20fcab636f6ada50ad1c36633222cf9145edc20e7b62af2d2a5d8f547c6a7ea9,aa4c0cead5ad702d6c94063846a5d0fbd34decf582b92ed7ab482c7a2a5db86c,exclude_manual_not_sonnet,exclude_not_sonnet,"Fourteen-line detector window is continuous comedy dialogue, not a bounded sonnet.",,,,,not_standard_sonnet_artifact,excluded_from_sonnet_corpus,not_materialized_exclude_manual_not_sonnet,,,,0,0,0,e3b0c44298fc1c149afbf4c8996fb92427ae41e4649b934ca495991b7852b855
pg57565:char120725-121295,57565,"Le tragedie, gl'inni sacri e le odi di Alessandro Manzoni","Manzoni, Alessandro",,pending_candidate_level_attribution_audit,nineteenth_century_bridge,Project Gutenberg,https://www.gutenberg.org/ebooks/57565,structural_14_line,14,14,"Paracar che scappée de Lombardia,",Sulla scerna del boja che ne scanna.,120725,121295,0613745fd6f11bc8826c906a71c1f6bf01baa39d489556a6ad2af2c32ee19026,6ab4556a41dd31275d3e4c2af3ae2bd4783f0925bd6e16a8d9b9570de54b2610,conditioned_sonnet_candidate_not_activated,exclude_nonstandard_language_sonnet,Verified Milanese sonnet by Carlo Porta; retained only as conditioned evidence and not authorized for standard-Italian activation.,,,,,conditioned_sonnet_variants,inactive_conditioned_experiment_not_authorized,conditioned_sonnet_materialized_inactive,data/processed/project_gutenberg_resolved_v1/conditioned_sonnet_variants/part-0001.txt,514,1055,522,541,14,6ab4556a41dd31275d3e4c2af3ae2bd4783f0925bd6e16a8d9b9570de54b2610
pg57565:char216751-217443,57565,"Le tragedie, gl'inni sacri e le odi di Alessandro Manzoni","Manzoni, Alessandro",,pending_candidate_level_attribution_audit,nineteenth_century_bridge,Project Gutenberg,https://www.gutenberg.org/ebooks/57565,structural_14_line,8-6,14,. . . . Oh dolce madre!,"condotta col marito prigioniera in Francia, dove morì».",216751,217443,0a111f62877bb4634e0dde7cd34603398733191fa23846771a8853fe97b19ca5,fd51f5feebe346db8d642d83b2ee8ba28180be1fa6b5867acf04024e7dc12b15,exclude_manual_not_sonnet,exclude_not_sonnet,"Window combines a dramatic quotation with surrounding prose commentary, not a bounded sonnet.",,,,,not_standard_sonnet_artifact,excluded_from_sonnet_corpus,not_materialized_exclude_manual_not_sonnet,,,,0,0,0,e3b0c44298fc1c149afbf4c8996fb92427ae41e4649b934ca495991b7852b855
pg57565:char257698-258286,57565,"Le tragedie, gl'inni sacri e le odi di Alessandro Manzoni","Manzoni, Alessandro",,pending_candidate_level_attribution_audit,nineteenth_century_bridge,Project Gutenberg,https://www.gutenberg.org/ebooks/57565,structural_14_line,14,14,"Ben fu degno d’honor l’atto gentile,",Quella che già ti spinse a l’ultime hore.,257698,258286,43eb3febee8bb5ab04d27a67bf982c8713c93cf6b02f574a99a933ca3e94ffdd,70a122bf5b9d4e4d8cd5615a76f69006671364ec2fe9ef7780bb6b13363b3409,eligible_standard_sonnet_pending_processed_build,accept_structurally_verified_standard_sonnet,Bounded fourteen-line Italian poem has a coherent sonnet octave-and-sestet or quatrain-and-tercet rhyme structure.,,,,,standard_sonnets,eligible_pending_v7_and_poem_attribution,standard_sonnet_materialized_pending_v7,data/processed/project_gutenberg_resolved_v1/standard_sonnets/part-0001.txt,101189,101761,540,572,14,70a122bf5b9d4e4d8cd5615a76f69006671364ec2fe9ef7780bb6b13363b3409
pg57565:char506590-507146,57565,"Le tragedie, gl'inni sacri e le odi di Alessandro Manzoni","Manzoni, Alessandro",,pending_candidate_level_attribution_audit,nineteenth_century_bridge,Project Gutenberg,https://www.gutenberg.org/ebooks/57565,structural_14_line,14,14,Come pesante,Certo a punir. Se ancora....,506590,507146,d3852fbc5edc235e4801fbaaf5235c6a657e81cfeda13cc323383e87e90809dc,1fe6461e4d7170533f309b0f6479dc06ac88a00b18ef620ccc86bab37e01bd6b,exclude_manual_not_sonnet,exclude_not_sonnet,"Fourteen-line window is continuous Adelchi dramatic verse, not a bounded sonnet.",,,,,not_standard_sonnet_artifact,excluded_from_sonnet_corpus,not_materialized_exclude_manual_not_sonnet,,,,0,0,0,e3b0c44298fc1c149afbf4c8996fb92427ae41e4649b934ca495991b7852b855
pg57565:char710792-711635,57565,"Le tragedie, gl'inni sacri e le odi di Alessandro Manzoni","Manzoni, Alessandro",,pending_candidate_level_attribution_audit,nineteenth_century_bridge,Project Gutenberg,https://www.gutenberg.org/ebooks/57565,structural_14_line,14,14,«J’ai honte de vous parler encore de mon fameux coup de lance,énumération».[1029],710792,711635,b7f8f6aae28e1f9a51b9a125d332085d617ba4208c022a4fce71073c08d93beb,0c6c7145f08def909f5e23290243377e51c888984c6071f0418f9de599c5bd8a,exclude_manual_not_sonnet,exclude_not_sonnet,"Fourteen-line detector window is a French prose letter, not a sonnet.",,,,,not_standard_sonnet_artifact,excluded_from_sonnet_corpus,not_materialized_exclude_manual_not_sonnet,,,,0,0,0,e3b0c44298fc1c149afbf4c8996fb92427ae41e4649b934ca495991b7852b855
pg57565:char730708-731620,57565,"Le tragedie, gl'inni sacri e le odi di Alessandro Manzoni","Manzoni, Alessandro",,pending_candidate_level_attribution_audit,nineteenth_century_bridge,Project Gutenberg,https://www.gutenberg.org/ebooks/57565,structural_14_line,14,14,«Je ne crois pas vous avoir dit que M. Chauvet se proposait de,bientôt ou vous en dire ou vous en écrive davantage à ce sujet».,730708,731620,7cff03fc5b0fb3f49c2bcbc386df4a04538a5f3551c9b70ad531d0a89e4cc6b7,bc156e16a9dad28546feed6b9167f1daf86af93e30342903e694350ec6567759,exclude_manual_not_sonnet,exclude_not_sonnet,"Fourteen-line detector window is a French prose letter, not a sonnet.",,,,,not_standard_sonnet_artifact,excluded_from_sonnet_corpus,not_materialized_exclude_manual_not_sonnet,,,,0,0,0,e3b0c44298fc1c149afbf4c8996fb92427ae41e4649b934ca495991b7852b855
pg57565:char1089525-1090136,57565,"Le tragedie, gl'inni sacri e le odi di Alessandro Manzoni","Manzoni, Alessandro",,pending_candidate_level_attribution_audit,nineteenth_century_bridge,Project Gutenberg,https://www.gutenberg.org/ebooks/57565,explicit_sonetto_heading,4-4-3-3,14,"Capel bruno, alta fronte, occhio loquace,",Gli uomini e gli anni mi diran chi sono.,1089525,1090136,a0be50901120e986d60bd4cebd8b60716740c38e788a824576680579ce163612,eaca571a31dc3e5abc37ad517defd8d4c44bd383093f7fef62bd53014e09476d,exclude_existing_corpus_sonnet_duplicate,,,,bibit_sonnet:bibit000266:sonnet_0001,,,not_standard_sonnet_artifact,excluded_from_sonnet_corpus,not_materialized_exclude_existing_corpus_sonnet_duplicate,,,,0,0,0,e3b0c44298fc1c149afbf4c8996fb92427ae41e4649b934ca495991b7852b855
pg57565:char1090229-1090805,57565,"Le tragedie, gl'inni sacri e le odi di Alessandro Manzoni","Manzoni, Alessandro",,pending_candidate_level_attribution_audit,nineteenth_century_bridge,Project Gutenberg,https://www.gutenberg.org/ebooks/57565,structural_14_line,4-4-3-3,14,Come il divo Alighier l’ingrata Flora,"Pentita sempre, e non cangiata mai.",1090229,1090805,3acad58cbbddff636005d27c7440a0dc4442d98d90e932f65528edbeff32a8c7,98dd950ff0a2a18ef902a2fb476e735cb50ce18b1aa0fc1ede63705304133c54,exclude_existing_corpus_sonnet_duplicate,accept_structurally_verified_standard_sonnet,Bounded fourteen-line Italian poem has a coherent sonnet octave-and-sestet or quatrain-and-tercet rhyme structure.,bibit_sonnet:bibit000266:sonnet_0002,,,,not_standard_sonnet_artifact,excluded_from_sonnet_corpus,not_materialized_exclude_existing_corpus_sonnet_duplicate,,,,0,0,0,e3b0c44298fc1c149afbf4c8996fb92427ae41e4649b934ca495991b7852b855
pg58615:char20423-20969,58615,Lirica,"Vivanti, Annie",,pending_candidate_level_attribution_audit,nineteenth_century_bridge,Project Gutenberg,https://www.gutenberg.org/ebooks/58615,structural_14_line,4-4-3-3,14,"Egli era per lo più timido e muto,",Per l'amor suo — se quell'amor son io!,20423,20969,136a3a1b1eaf9bbcfea87621b322790f8520b031860bf3e8d02ddb3823dc7e3a,6d26c7629d37921c85b5556489cbf43b4a2cfced78c12ab392d6d3a0bec37bd7,eligible_standard_sonnet_pending_processed_build,accept_structurally_verified_standard_sonnet,Bounded fourteen-line Italian poem has a coherent sonnet octave-and-sestet or quatrain-and-tercet rhyme structure.,,,,,standard_sonnets,eligible_pending_v7_and_poem_attribution,standard_sonnet_materialized_pending_v7,data/processed/project_gutenberg_resolved_v1/standard_sonnets/part-0001.txt,101762,102256,487,494,14,6d26c7629d37921c85b5556489cbf43b4a2cfced78c12ab392d6d3a0bec37bd7
pg58615:char22418-22958,58615,Lirica,"Vivanti, Annie",,pending_candidate_level_attribution_audit,nineteenth_century_bridge,Project Gutenberg,https://www.gutenberg.org/ebooks/58615,structural_14_line,14,14,L'ho riveduto!,"Poichè, senza parlar, stese le braccia.",22418,22958,67f9e5573650f4f9dbd865a5233ccc70d3a21a95f965ba61c9600b5227877e4b,66f574fd2dfd91ad7ccb9591bdd5b9c43e20ae5b76ab9b543b899dd782f29c19,exclude_manual_not_sonnet,exclude_not_sonnet,"Fourteen-line lyric uses a refrain and irregular stanza/rhyme form, not a standard sonnet.",,,,,not_standard_sonnet_artifact,excluded_from_sonnet_corpus,not_materialized_exclude_manual_not_sonnet,,,,0,0,0,e3b0c44298fc1c149afbf4c8996fb92427ae41e4649b934ca495991b7852b855
pg59568:char26169-26806,59568,"Il Ricciardetto, vol. I","Forteguerri, Niccolò",,pending_candidate_level_attribution_audit,origins_through_1800,Project Gutenberg,https://www.gutenberg.org/ebooks/59568,structural_14_line,4-4-3-3,14,_La rocca del mio cor non è più forte_,_Pianger la persa signorìa primiera.[35]_,26169,26806,cc2d25f2d8d1481d4adad3d06bba7e44bd7a15161415240de26801ee118d9617,859b72e16ecacf85f054482ceababa074fe0559e2ddf35aee26d1121f41c9794,eligible_standard_sonnet_pending_processed_build,accept_structurally_verified_standard_sonnet,"Bounded fourteen-line poem has two quatrains and two tercets with coherent sonnet rhyme, including when quoted in critical narrative.",,,,,standard_sonnets,eligible_pending_v7_and_poem_attribution,standard_sonnet_materialized_pending_v7,data/processed/project_gutenberg_resolved_v1/standard_sonnets/part-0001.txt,102257,102835,570,578,14,859b72e16ecacf85f054482ceababa074fe0559e2ddf35aee26d1121f41c9794
pg59568:char37230-37869,59568,"Il Ricciardetto, vol. I","Forteguerri, Niccolò",,pending_candidate_level_attribution_audit,origins_through_1800,Project Gutenberg,https://www.gutenberg.org/ebooks/59568,structural_14_line,4-4-3-3,14,_L'argento e l'or che ognun desira e chiede_,_Gli rispondea dagli antri: Oh gran c..._,37230,37869,f326c38736e6e999e62ba1b814585695da74b314d9566e1f0a8590b3c2f56ff7,f5ed028187788fc81fd325085cda238b8d7025bd80bee298f369b840cdbcf36a,eligible_standard_sonnet_pending_processed_build,accept_structurally_verified_standard_sonnet,"Bounded fourteen-line poem has two quatrains and two tercets with coherent sonnet rhyme, including when quoted in critical narrative.",,,,,standard_sonnets,eligible_pending_v7_and_poem_attribution,standard_sonnet_materialized_pending_v7,data/processed/project_gutenberg_resolved_v1/standard_sonnets/part-0001.txt,102836,103419,572,583,14,f5ed028187788fc81fd325085cda238b8d7025bd80bee298f369b840cdbcf36a
pg59568:char37907-38547,59568,"Il Ricciardetto, vol. I","Forteguerri, Niccolò",,pending_candidate_level_attribution_audit,origins_through_1800,Project Gutenberg,https://www.gutenberg.org/ebooks/59568,structural_14_line,4-4-3-3,14,_Ad un vecchio di salcio arido stelo_,_Si ruppe il salcio e diè del c... in terra._,37907,38547,fd62bc24b29d2935e59acc0ecca3b85659022bc0d18074e7e06e8eec149e8216,b7711bd9c92ca0d863fe6f2c23943a51cda2e14f9e1d9bd8606b60213dd121b7,eligible_standard_sonnet_pending_processed_build,accept_structurally_verified_standard_sonnet,"Bounded fourteen-line poem has two quatrains and two tercets with coherent sonnet rhyme, including when quoted in critical narrative.",,,,,standard_sonnets,eligible_pending_v7_and_poem_attribution,standard_sonnet_materialized_pending_v7,data/processed/project_gutenberg_resolved_v1/standard_sonnets/part-0001.txt,103420,104000,573,580,14,b7711bd9c92ca0d863fe6f2c23943a51cda2e14f9e1d9bd8606b60213dd121b7
pg59568:char46921-47557,59568,"Il Ricciardetto, vol. I","Forteguerri, Niccolò",,pending_candidate_level_attribution_audit,origins_through_1800,Project Gutenberg,https://www.gutenberg.org/ebooks/59568,structural_14_line,4-4-3-3,14,"_Uh! che gentacce, Vergine Maria!_",_A far le spese voi gli avete a fare?[60]_,46921,47557,2b6b0e80883dd7e27c1fee01a79cbae71f2601bf4b40424e3dba2c026bc97485,4f8c46f9f7c81999986cd130695b7e5fa7a25e27510796c0a656224a8a56d5a9,eligible_standard_sonnet_pending_processed_build,accept_structurally_verified_standard_sonnet,"Bounded fourteen-line poem has two quatrains and two tercets with coherent sonnet rhyme, including when quoted in critical narrative.",,,,,standard_sonnets,eligible_pending_v7_and_poem_attribution,standard_sonnet_materialized_pending_v7,data/processed/project_gutenberg_resolved_v1/standard_sonnets/part-0001.txt,104001,104573,569,572,14,4f8c46f9f7c81999986cd130695b7e5fa7a25e27510796c0a656224a8a56d5a9
pg59568:char47895-48512,59568,"Il Ricciardetto, vol. I","Forteguerri, Niccolò",,pending_candidate_level_attribution_audit,origins_through_1800,Project Gutenberg,https://www.gutenberg.org/ebooks/59568,structural_14_line,4-4-3-3,14,"_Non ha tant'agli Prato e Siena matti,_",_Bietolon pedagogo da Buggiano._,47895,48512,0ccd5fbd3759044d7625d9eedbf4bdcd8eb2dc316f26afe0224d484fe9b69426,eb35b024e951fbc34714e4173bfc05cc5b31a7d8d4fe61cde15b00c0405c265e,eligible_standard_sonnet_pending_processed_build,accept_structurally_verified_standard_sonnet,"Bounded fourteen-line poem has two quatrains and two tercets with coherent sonnet rhyme, including when quoted in critical narrative.",,,,,standard_sonnets,eligible_pending_v7_and_poem_attribution,standard_sonnet_materialized_pending_v7,data/processed/project_gutenberg_resolved_v1/standard_sonnets/part-0001.txt,104574,105127,550,553,14,eb35b024e951fbc34714e4173bfc05cc5b31a7d8d4fe61cde15b00c0405c265e
pg59568:char663740-664349,59568,"Il Ricciardetto, vol. I","Forteguerri, Niccolò",,pending_candidate_level_attribution_audit,origins_through_1800,Project Gutenberg,https://www.gutenberg.org/ebooks/59568,structural_14_line,4-4-3-3,14,"Pallido, emunto, ma sereno il volto",E di prete non ha che il sacramento.,663740,664349,10458beedf64a25bcaf6c55cc728a11dd79a90e610021f31bdf31b4eee26dbc4,f761a68a1b77089e6e9ba9428f86fc283f11854f7271bb4f25a48fef74c5f126,eligible_standard_sonnet_pending_processed_build,accept_structurally_verified_standard_sonnet,"Bounded fourteen-line poem has two quatrains and two tercets with coherent sonnet rhyme, including when quoted in critical narrative.",,,,,standard_sonnets,eligible_pending_v7_and_poem_attribution,standard_sonnet_materialized_pending_v7,data/processed/project_gutenberg_resolved_v1/standard_sonnets/part-0001.txt,105128,105671,540,543,14,f761a68a1b77089e6e9ba9428f86fc283f11854f7271bb4f25a48fef74c5f126
pg59568:char666441-667058,59568,"Il Ricciardetto, vol. I","Forteguerri, Niccolò",,pending_candidate_level_attribution_audit,origins_through_1800,Project Gutenberg,https://www.gutenberg.org/ebooks/59568,explicit_sonetto_heading,4-4-3-3,14,Si discorrea l'altr'ier fra più persone,"Cristo per uno, e poi trovollo trino.",666441,667058,d09d84e7045e5a03aa7f5edb1ab52a7757ff597506b5e8122dd9eda72bd92da5,bd637853d910c52267a591417fc0ce8338aec58a71aa8803f6b321130cbf3eef,eligible_standard_sonnet_pending_processed_build,,,,,,,standard_sonnets,eligible_pending_v7_and_poem_attribution,standard_sonnet_materialized_pending_v7,data/processed/project_gutenberg_resolved_v1/standard_sonnets/part-0001.txt,105672,106224,538,552,14,bd637853d910c52267a591417fc0ce8338aec58a71aa8803f6b321130cbf3eef
pg60092:char175603-176177,60092,La donna nella vita e nelle opere di Giacomo Leopardi,"Boghen Conigliani, Emma",,pending_candidate_level_attribution_audit,nineteenth_century_bridge,Project Gutenberg,https://www.gutenberg.org/ebooks/60092,structural_14_line,14,14,Signor Conte..... le vuo' dire,"Ma circa amor, non ne facciamo niente.",175603,176177,ed6c1b6ac06e54a690c21252d124abbc06e7ea0c72d363a7224d76c8c7ed9c4e,d085f14fd00e71fe3dd3bc65eaea8544927ad77d72ca3df440c2e88f2e9b3cf8,eligible_standard_sonnet_pending_processed_build,accept_structurally_verified_standard_sonnet,Bounded fourteen-line Italian poem has a coherent sonnet octave-and-sestet or quatrain-and-tercet rhyme structure.,,,,,standard_sonnets,eligible_pending_v7_and_poem_attribution,standard_sonnet_materialized_pending_v7,data/processed/project_gutenberg_resolved_v1/standard_sonnets/part-0001.txt,106225,106737,510,512,14,d085f14fd00e71fe3dd3bc65eaea8544927ad77d72ca3df440c2e88f2e9b3cf8
pg60092:char176644-177201,60092,La donna nella vita e nelle opere di Giacomo Leopardi,"Boghen Conigliani, Emma",,pending_candidate_level_attribution_audit,nineteenth_century_bridge,Project Gutenberg,https://www.gutenberg.org/ebooks/60092,structural_14_line,14,14,Alma gentil che colassù n'andasti,Possa mertar delle belle alme il pianto.,176644,177201,1ed27a81a41ae61410dc022b2a0f9ea3c43217f53cf29d373ebe3a90d8a5756d,4ff6a2e49f84f511b3abf704b0345cd7d0930de67ca66be34be8507f4cf74e82,exclude_manual_not_sonnet,exclude_not_sonnet,"Fourteen-line invocation is continuous blank verse with omitted lines, not a sonnet.",,,,,not_standard_sonnet_artifact,excluded_from_sonnet_corpus,not_materialized_exclude_manual_not_sonnet,,,,0,0,0,e3b0c44298fc1c149afbf4c8996fb92427ae41e4649b934ca495991b7852b855
pg60092:char178969-179560,60092,La donna nella vita e nelle opere di Giacomo Leopardi,"Boghen Conigliani, Emma",,pending_candidate_level_attribution_audit,nineteenth_century_bridge,Project Gutenberg,https://www.gutenberg.org/ebooks/60092,structural_14_line,14,14,Altre sentii gli armonici concenti,Sì che all'onor d'Italia Eco risponda.,178969,179560,ce664b2e47e1215d7d4e443f3dd87c08274516327aa70f57a1dbb2eb5ac19801,f545416f7c16fbcb8ba555e597ee4b78d3bc5af4c827ede8a358620eb9f2fae2,eligible_standard_sonnet_pending_processed_build,accept_structurally_verified_standard_sonnet,Bounded fourteen-line Italian poem has a coherent sonnet octave-and-sestet or quatrain-and-tercet rhyme structure.,,,,,standard_sonnets,eligible_pending_v7_and_poem_attribution,standard_sonnet_materialized_pending_v7,data/processed/project_gutenberg_resolved_v1/standard_sonnets/part-0001.txt,106738,107266,527,528,14,f545416f7c16fbcb8ba555e597ee4b78d3bc5af4c827ede8a358620eb9f2fae2
pg60092:char226855-227442,60092,La donna nella vita e nelle opere di Giacomo Leopardi,"Boghen Conigliani, Emma",,pending_candidate_level_attribution_audit,nineteenth_century_bridge,Project Gutenberg,https://www.gutenberg.org/ebooks/60092,structural_14_line,14,14,"Salve stella d'Amor, salve o Fanciullo,",Che doni son d'Amor grazia e beltate.,226855,227442,37d3f03dfbca0c9172dfc1217b5bc6cf7a6736596b27503c527abf872f3fa94b,71b8a55f35e89295dff240c5219967327caca627d639bcfbcad23e0fa22e97de,exclude_manual_not_sonnet,exclude_not_sonnet,"Fourteen-line invocation fragment is continuous blank verse, not a sonnet.",,,,,not_standard_sonnet_artifact,excluded_from_sonnet_corpus,not_materialized_exclude_manual_not_sonnet,,,,0,0,0,e3b0c44298fc1c149afbf4c8996fb92427ae41e4649b934ca495991b7852b855
pg60160:char21763-22450,60160,Lea: dramma in tre atti in prosa con un prologo in versi,"Cavallotti, Felice",,pending_candidate_level_attribution_audit,nineteenth_century_bridge,Project Gutenberg,https://www.gutenberg.org/ebooks/60160,structural_14_line,14,14,"Trenta libretti, vedi, tengo nel mio cassetto",E i drammi nel cassetto...,21763,22450,4b1e47bb9bfb4f4deb34f25ac8b582427519b934c4d076b3fca51bd9e5fb31b4,11df73738472d416975b07a76a7f3e28c9a2af84d0e47196cb5ab888bca0bfd6,exclude_manual_not_sonnet,exclude_not_sonnet,"Fourteen-line detector window is continuous dramatic dialogue, not a bounded sonnet.",,,,,not_standard_sonnet_artifact,excluded_from_sonnet_corpus,not_materialized_exclude_manual_not_sonnet,,,,0,0,0,e3b0c44298fc1c149afbf4c8996fb92427ae41e4649b934ca495991b7852b855
pg60549:char4689-5278,60549,Liriche,"Montanelli, Giuseppe",,pending_candidate_level_attribution_audit,nineteenth_century_bridge,Project Gutenberg,https://www.gutenberg.org/ebooks/60549,structural_14_line,14,14,Come usignolo che soave canti,Sospirando ripete il bel desiro.,4689,5278,009b667c46c80ba003e2f28b9c0426b05fd6ca1228a53943e7dba5ef5f24a139,912ab1547efc32586276615568afd01cd238138b07db0231d7d25295f9e4abcb,eligible_standard_sonnet_pending_processed_build,accept_structurally_verified_standard_sonnet,Bounded fourteen-line Italian poem has a coherent sonnet octave-and-sestet or quatrain-and-tercet rhyme structure.,,,,,standard_sonnets,eligible_pending_v7_and_poem_attribution,standard_sonnet_materialized_pending_v7,data/processed/project_gutenberg_resolved_v1/standard_sonnets/part-0001.txt,107267,107786,513,519,14,912ab1547efc32586276615568afd01cd238138b07db0231d7d25295f9e4abcb
pg60549:char47224-47809,60549,Liriche,"Montanelli, Giuseppe",,pending_candidate_level_attribution_audit,nineteenth_century_bridge,Project Gutenberg,https://www.gutenberg.org/ebooks/60549,structural_14_line,14,14,La giovin rigogliosa età serena,"VERGOGNE antiche, SCELLERANZE e GLORIE.",47224,47809,c709f48e34e036bd5b02ce7a330e78b512ce44cb219f018160ab7e81abdbbc0d,88cfadd0b73e231ab2e64c89f38c651901fe103de504dea785bb4c98afbadfbe,eligible_standard_sonnet_pending_processed_build,accept_structurally_verified_standard_sonnet,Bounded fourteen-line Italian poem has a coherent sonnet octave-and-sestet or quatrain-and-tercet rhyme structure.,,,,,standard_sonnets,eligible_pending_v7_and_poem_attribution,standard_sonnet_materialized_pending_v7,data/processed/project_gutenberg_resolved_v1/standard_sonnets/part-0001.txt,107787,108301,509,514,14,88cfadd0b73e231ab2e64c89f38c651901fe103de504dea785bb4c98afbadfbe
pg61548:char59591-60176,61548,Le seduzioni - Le vergini folli,"Guglielminetti, Amalia",,pending_candidate_level_attribution_audit,nineteenth_century_bridge,Project Gutenberg,https://www.gutenberg.org/ebooks/61548,explicit_sonetti_section,4-4-3-3,14,Sillaba sola che vibrando scocchi,era più dolce sospirarti: — Sì.,59591,60176,1600cc6c27664de216f969667a591829a3ba2c7fa979300900787e5ca4e3f19b,dfea0e3babaa5d814c182f8f3e5bc3fbd9c813f832cd755812fc8c43ff206357,eligible_standard_sonnet_pending_processed_build,,,,,,,standard_sonnets,eligible_pending_v7_and_poem_attribution,standard_sonnet_materialized_pending_v7,data/processed/project_gutenberg_resolved_v1/standard_sonnets/part-0001.txt,108302,108832,518,530,14,dfea0e3babaa5d814c182f8f3e5bc3fbd9c813f832cd755812fc8c43ff206357
pg61548:char60194-60784,61548,Le seduzioni - Le vergini folli,"Guglielminetti, Amalia",,pending_candidate_level_attribution_audit,nineteenth_century_bridge,Project Gutenberg,https://www.gutenberg.org/ebooks/61548,explicit_sonetti_section,4-4-3-3,14,"Se voi moriste, io non verrei con mani",quella inconscia di sè maschera tragica.,60194,60784,6915d3a02df6a332d8f8e451669461b70415fadedb0bbb4fea5e8a51c559eb5e,21ed7310f631833d5c45523cb0f2c6d7619bf1961be34c21cdadd1f50d3ff690,eligible_standard_sonnet_pending_processed_build,,,,,,,standard_sonnets,eligible_pending_v7_and_poem_attribution,standard_sonnet_materialized_pending_v7,data/processed/project_gutenberg_resolved_v1/standard_sonnets/part-0001.txt,108833,109359,523,526,14,21ed7310f631833d5c45523cb0f2c6d7619bf1961be34c21cdadd1f50d3ff690
pg61548:char60796-61378,61548,Le seduzioni - Le vergini folli,"Guglielminetti, Amalia",,pending_candidate_level_attribution_audit,nineteenth_century_bridge,Project Gutenberg,https://www.gutenberg.org/ebooks/61548,explicit_sonetti_section,4-4-3-3,14,Tutte le donne che attrarrà la fresca,per trastullarti con il suo soffrire.,60796,61378,638314253f99d9499edbcd026d06105fd9d6950299d399089d0d7f32a18599d6,1d14def0a25e8340f9e3b67de39be1265a25e77c9c3283a62b8bd4e4efbcea1c,eligible_standard_sonnet_pending_processed_build,,,,,,,standard_sonnets,eligible_pending_v7_and_poem_attribution,standard_sonnet_materialized_pending_v7,data/processed/project_gutenberg_resolved_v1/standard_sonnets/part-0001.txt,109360,109882,515,522,14,1d14def0a25e8340f9e3b67de39be1265a25e77c9c3283a62b8bd4e4efbcea1c
pg61548:char61391-61971,61548,Le seduzioni - Le vergini folli,"Guglielminetti, Amalia",,pending_candidate_level_attribution_audit,nineteenth_century_bridge,Project Gutenberg,https://www.gutenberg.org/ebooks/61548,explicit_sonetti_section,4-4-3-3,14,Tu m'osservi: — È sì dolce quando tace,sentirmi chiusa in te come in un'urna.,61391,61971,f3b2f1465da113965f8ad3de25d825f08b7e47fa27440215901ce69d301c42fb,5f37b079f8f7c01cbd12b1b7c3475dc99a8b071b2c0756856766806bd7ed463e,eligible_standard_sonnet_pending_processed_build,,,,,,,standard_sonnets,eligible_pending_v7_and_poem_attribution,standard_sonnet_materialized_pending_v7,data/processed/project_gutenberg_resolved_v1/standard_sonnets/part-0001.txt,109883,110409,513,526,14,5f37b079f8f7c01cbd12b1b7c3475dc99a8b071b2c0756856766806bd7ed463e
pg61548:char61985-62599,61548,Le seduzioni - Le vergini folli,"Guglielminetti, Amalia",,pending_candidate_level_attribution_audit,nineteenth_century_bridge,Project Gutenberg,https://www.gutenberg.org/ebooks/61548,explicit_sonetti_section,4-4-3-3,14,"La donna, con il volto fra le mani,",a un filo tenue come un suo capello.,61985,62599,4829583c5d6256a65098c2f13744ff2c44ffe48f4e04d2ea53a00ac2d52f8bc3,f7d4e7cbc18e4dcdba7bed8a1731f123f3bb1090a050a35bfb85af83867db121,eligible_standard_sonnet_pending_processed_build,,,,,,,standard_sonnets,eligible_pending_v7_and_poem_attribution,standard_sonnet_materialized_pending_v7,data/processed/project_gutenberg_resolved_v1/standard_sonnets/part-0001.txt,110410,110965,547,555,14,f7d4e7cbc18e4dcdba7bed8a1731f123f3bb1090a050a35bfb85af83867db121
pg61548:char62620-63202,61548,Le seduzioni - Le vergini folli,"Guglielminetti, Amalia",,pending_candidate_level_attribution_audit,nineteenth_century_bridge,Project Gutenberg,https://www.gutenberg.org/ebooks/61548,explicit_sonetti_section,4-4-3-3,14,"Simili a sonaglietti aspri, dal vento",per soffocarvi un disperato: — No!,62620,63202,43423ca90092624e74ab70eae0973d1de65f66f350e8b1e74d26977923f51a18,e75daf1d50418008434c9dc889721deaa9b9e7e54a73008da40111155997854e,eligible_standard_sonnet_pending_processed_build,,,,,,,standard_sonnets,eligible_pending_v7_and_poem_attribution,standard_sonnet_materialized_pending_v7,data/processed/project_gutenberg_resolved_v1/standard_sonnets/part-0001.txt,110966,111485,515,519,14,e75daf1d50418008434c9dc889721deaa9b9e7e54a73008da40111155997854e
pg61548:char63209-63816,61548,Le seduzioni - Le vergini folli,"Guglielminetti, Amalia",,pending_candidate_level_attribution_audit,nineteenth_century_bridge,Project Gutenberg,https://www.gutenberg.org/ebooks/61548,explicit_sonetti_section,4-4-3-3,14,"Rispondere non so, tanto son stanca,",— Da tanto aspetto. Non tornavi più!,63209,63816,9d14ef81a5cdb5a4912cd9eeb68ca0d0c98860c66709631b8a8699eb66150d4f,fed33f918fa8acc1976beae43ce6d3593bc6b3f75f7ca0781433a3168271dbb6,eligible_standard_sonnet_pending_processed_build,,,,,,,standard_sonnets,eligible_pending_v7_and_poem_attribution,standard_sonnet_materialized_pending_v7,data/processed/project_gutenberg_resolved_v1/standard_sonnets/part-0001.txt,111486,112040,540,554,14,fed33f918fa8acc1976beae43ce6d3593bc6b3f75f7ca0781433a3168271dbb6
pg61548:char63824-64391,61548,Le seduzioni - Le vergini folli,"Guglielminetti, Amalia",,pending_candidate_level_attribution_audit,nineteenth_century_bridge,Project Gutenberg,https://www.gutenberg.org/ebooks/61548,explicit_sonetti_section,4-4-3-3,14,Da tanto aspetto! E dimmi ora: — Dov'eri?,per la gioia che ancora ti sfuggì.,63824,64391,b7c7b8c6c9bfeaeac2ca3a3b9d10ff5626fe28534f642c20400dd3c5c1d0186b,b05ba3b66a24b262ddd1250cc59db3272f1dfe1c2d8ea99a320f1eed656e099e,eligible_standard_sonnet_pending_processed_build,,,,,,,standard_sonnets,eligible_pending_v7_and_poem_attribution,standard_sonnet_materialized_pending_v7,data/processed/project_gutenberg_resolved_v1/standard_sonnets/part-0001.txt,112041,112549,500,508,14,b05ba3b66a24b262ddd1250cc59db3272f1dfe1c2d8ea99a320f1eed656e099e
pg61548:char64398-64970,61548,Le seduzioni - Le vergini folli,"Guglielminetti, Amalia",,pending_candidate_level_attribution_audit,nineteenth_century_bridge,Project Gutenberg,https://www.gutenberg.org/ebooks/61548,explicit_sonetti_section,4-4-3-3,14,"Ed io mi seggo sopra i suoi gradini,",e quella breve del tuo cuor non sai?,64398,64970,937e58987ae12510a07c431d00ae5bde03af7fb81e3ebf62aef9414932521227,8703da1628fe8cc4b7c9e3b366a8098c8af9578d5262a2218df611ccff06cc09,eligible_standard_sonnet_pending_processed_build,,,,,,,standard_sonnets,eligible_pending_v7_and_poem_attribution,standard_sonnet_materialized_pending_v7,data/processed/project_gutenberg_resolved_v1/standard_sonnets/part-0001.txt,112550,113065,505,515,14,8703da1628fe8cc4b7c9e3b366a8098c8af9578d5262a2218df611ccff06cc09
pg61548:char64976-65530,61548,Le seduzioni - Le vergini folli,"Guglielminetti, Amalia",,pending_candidate_level_attribution_audit,nineteenth_century_bridge,Project Gutenberg,https://www.gutenberg.org/ebooks/61548,explicit_sonetti_section,4-4-3-3,14,E all'orizzonte s'indugiavan vele,a smarrirsi in sua fredda libertà.,64976,65530,809b2071e087760ba24fe260d48083734d3b42afc10ab30d2edea533f0616886,31d4a6b778acd15ebb39f007594804abf6b4ea1359190c4f9d3a570f481018d9,eligible_standard_sonnet_pending_processed_build,,,,,,,standard_sonnets,eligible_pending_v7_and_poem_attribution,standard_sonnet_materialized_pending_v7,data/processed/project_gutenberg_resolved_v1/standard_sonnets/part-0001.txt,113066,113556,487,490,14,31d4a6b778acd15ebb39f007594804abf6b4ea1359190c4f9d3a570f481018d9
pg61548:char65558-66144,61548,Le seduzioni - Le vergini folli,"Guglielminetti, Amalia",,pending_candidate_level_attribution_audit,nineteenth_century_bridge,Project Gutenberg,https://www.gutenberg.org/ebooks/61548,explicit_sonetti_section,4-4-3-3,14,Poi ch'io concessi un'ora alle tue braccia,gioisti senza sospettar l'inganno.,65558,66144,2576fa1b347766258ed2eafdb0af51b47e7d9eaaa0ff29a703501087d8d34b05,9c0ee7a9432acf8e36b817526db0432c296fca52c3496f939304f8ab61ce80ae,eligible_standard_sonnet_pending_processed_build,,,,,,,standard_sonnets,eligible_pending_v7_and_poem_attribution,standard_sonnet_materialized_pending_v7,data/processed/project_gutenberg_resolved_v1/standard_sonnets/part-0001.txt,113557,114077,519,520,14,9c0ee7a9432acf8e36b817526db0432c296fca52c3496f939304f8ab61ce80ae
pg61548:char66161-66750,61548,Le seduzioni - Le vergini folli,"Guglielminetti, Amalia",,pending_candidate_level_attribution_audit,nineteenth_century_bridge,Project Gutenberg,https://www.gutenberg.org/ebooks/61548,explicit_sonetti_section,4-4-3-3,14,Cómpiasi dunque ciò ch'è ne' tuoi voti.,"fuggi, e il tuo volto ed il tuo nome io oblii.",66161,66750,82815f8c00cbfbb98193087e06dbd8224c9a23d117d9fdcff3e0df92517e7e79,8b3c24c3a4e981abfd2ee6f46b3ac2640b31aa7acb6169cd6b51065e6f3febf0,eligible_standard_sonnet_pending_processed_build,,,,,,,standard_sonnets,eligible_pending_v7_and_poem_attribution,standard_sonnet_materialized_pending_v7,data/processed/project_gutenberg_resolved_v1/standard_sonnets/part-0001.txt,114078,114609,522,531,14,8b3c24c3a4e981abfd2ee6f46b3ac2640b31aa7acb6169cd6b51065e6f3febf0
pg61548:char66761-67329,61548,Le seduzioni - Le vergini folli,"Guglielminetti, Amalia",,pending_candidate_level_attribution_audit,nineteenth_century_bridge,Project Gutenberg,https://www.gutenberg.org/ebooks/61548,explicit_sonetti_section,4-4-3-3,14,È tardi ormai. In troppo lunga attesa,Ti sazïasti di menzogne. È tardi.,66761,67329,43dd166b4246201fde46ac1bc3714778bd64777cfe3dedcc4623b71ee4a10cfd,06ec63d1ea956b3be1d2cd07bc4f0d6777310c226ef0195c93dbdc0e4e9babc1,eligible_standard_sonnet_pending_processed_build,,,,,,,standard_sonnets,eligible_pending_v7_and_poem_attribution,standard_sonnet_materialized_pending_v7,data/processed/project_gutenberg_resolved_v1/standard_sonnets/part-0001.txt,114610,115120,501,510,14,06ec63d1ea956b3be1d2cd07bc4f0d6777310c226ef0195c93dbdc0e4e9babc1
pg61548:char67359-67942,61548,Le seduzioni - Le vergini folli,"Guglielminetti, Amalia",,pending_candidate_level_attribution_audit,nineteenth_century_bridge,Project Gutenberg,https://www.gutenberg.org/ebooks/61548,explicit_sonetti_section,4-4-3-3,14,"Vagar pel mondo, sole, ove ci spinga",non vede. Guarda d'una stella il lume.,67359,67942,8f4f864fb5e5b85be76259a58ed184b2ce00b5d4a87301eccc2ab937602cb649,23515558c0756deaf0aca8b2ac70691759d99be46f4c58bdcbc04d8e2bbf0f68,eligible_standard_sonnet_pending_processed_build,,,,,,,standard_sonnets,eligible_pending_v7_and_poem_attribution,standard_sonnet_materialized_pending_v7,data/processed/project_gutenberg_resolved_v1/standard_sonnets/part-0001.txt,115121,115641,516,520,14,23515558c0756deaf0aca8b2ac70691759d99be46f4c58bdcbc04d8e2bbf0f68
pg61548:char67959-68567,61548,Le seduzioni - Le vergini folli,"Guglielminetti, Amalia",,pending_candidate_level_attribution_audit,nineteenth_century_bridge,Project Gutenberg,https://www.gutenberg.org/ebooks/61548,explicit_sonetti_section,4-4-3-3,14,Oltre lo schermo d'una lastra tersa,ch'io ti chiedo: — Chi sei? Qual'è il tuo male?,67959,68567,dd7f4985e595b1abc3c17534a1efd22554b98013c664c538063387dbbe76bf99,512b6cd92b201b67443b49b4da75880a2836b283d4672e85f668a159eb1c3a99,eligible_standard_sonnet_pending_processed_build,,,,,,,standard_sonnets,eligible_pending_v7_and_poem_attribution,standard_sonnet_materialized_pending_v7,data/processed/project_gutenberg_resolved_v1/standard_sonnets/part-0001.txt,115642,116186,541,544,14,512b6cd92b201b67443b49b4da75880a2836b283d4672e85f668a159eb1c3a99
pg61548:char68583-69138,61548,Le seduzioni - Le vergini folli,"Guglielminetti, Amalia",,pending_candidate_level_attribution_audit,nineteenth_century_bridge,Project Gutenberg,https://www.gutenberg.org/ebooks/61548,explicit_sonetti_section,4-4-3-3,14,"S'ama talor per folle passïone,","e dolce l'imparar, vi s'abbandona.",68583,69138,6de0bc9a3bff7945aaea59978c8a26ff660403fb47ce5c5f81ae56e38ec64093,132eca97f357aaaf53b4096e1b96393dc6a37f4a968e66d13230117902294cf5,eligible_standard_sonnet_pending_processed_build,,,,,,,standard_sonnets,eligible_pending_v7_and_poem_attribution,standard_sonnet_materialized_pending_v7,data/processed/project_gutenberg_resolved_v1/standard_sonnets/part-0001.txt,116187,116686,488,499,14,132eca97f357aaaf53b4096e1b96393dc6a37f4a968e66d13230117902294cf5
pg61548:char69166-69731,61548,Le seduzioni - Le vergini folli,"Guglielminetti, Amalia",,pending_candidate_level_attribution_audit,nineteenth_century_bridge,Project Gutenberg,https://www.gutenberg.org/ebooks/61548,explicit_sonetti_section,4-4-3-3,14,La mia voce non ha rombo di mare,e si ha paura ch'ella ne sorrida.,69166,69731,9cb87497e6bc15459dc763643ad976d3cbd5daa6104f19f5ce518f2de2f1b109,af18b0f6291edf22bf2782f0ab3ac83a9f69d7e6d19bd0f92f18e14414017a26,eligible_standard_sonnet_pending_processed_build,,,,,,,standard_sonnets,eligible_pending_v7_and_poem_attribution,standard_sonnet_materialized_pending_v7,data/processed/project_gutenberg_resolved_v1/standard_sonnets/part-0001.txt,116687,117188,498,501,14,af18b0f6291edf22bf2782f0ab3ac83a9f69d7e6d19bd0f92f18e14414017a26
pg61548:char69776-70379,61548,Le seduzioni - Le vergini folli,"Guglielminetti, Amalia",,pending_candidate_level_attribution_audit,nineteenth_century_bridge,Project Gutenberg,https://www.gutenberg.org/ebooks/61548,explicit_sonetti_section,4-4-3-3,14,"Sorelle, io errava taciti sentieri,",ch'io ven sappia foggiar degna ghirlanda.,69776,70379,9308c358518a976ea7bdd99efffb933d5cfcb958ad0435c7313f2d8098aced35,c6e5f6694bbf09cc8158ccd35ad3556804f31e5cf617d7e68bd97a1e4f408a00,eligible_standard_sonnet_pending_processed_build,,,,,,,standard_sonnets,eligible_pending_v7_and_poem_attribution,standard_sonnet_materialized_pending_v7,data/processed/project_gutenberg_resolved_v1/standard_sonnets/part-0001.txt,117189,117733,536,544,14,c6e5f6694bbf09cc8158ccd35ad3556804f31e5cf617d7e68bd97a1e4f408a00
pg61548:char70396-70982,61548,Le seduzioni - Le vergini folli,"Guglielminetti, Amalia",,pending_candidate_level_attribution_audit,nineteenth_century_bridge,Project Gutenberg,https://www.gutenberg.org/ebooks/61548,explicit_sonetti_section,4-4-3-3,14,"E le esaltai: — Lodate voi, Sorelle,","sola, nell'ombra del suo duolo muto.",70396,70982,a033303363f3315b8515a5fb507f0fc23d83dc9266bbec9992c73dd2c6274d64,c2b271d15c70bf76f20575b258422c2a1e931764558966c7c541ce03747e1a41,eligible_standard_sonnet_pending_processed_build,,,,,,,standard_sonnets,eligible_pending_v7_and_poem_attribution,standard_sonnet_materialized_pending_v7,data/processed/project_gutenberg_resolved_v1/standard_sonnets/part-0001.txt,117734,118260,519,526,14,c2b271d15c70bf76f20575b258422c2a1e931764558966c7c541ce03747e1a41
pg61548:char71000-71620,61548,Le seduzioni - Le vergini folli,"Guglielminetti, Amalia",,pending_candidate_level_attribution_audit,nineteenth_century_bridge,Project Gutenberg,https://www.gutenberg.org/ebooks/61548,explicit_sonetti_section,4-4-3-3,14,Allora io vidi alcuna alzare il dito,"ma tu, per quel ch'io tacqui e piansi, parla.",71000,71620,988682be02b6d95695f9449adea0c2c5cc769d865d7a61eb4e5100556cb9fd93,8894be98b84984109f2ab00e7010b53e30862684411313a487f0513f86404569,eligible_standard_sonnet_pending_processed_build,,,,,,,standard_sonnets,eligible_pending_v7_and_poem_attribution,standard_sonnet_materialized_pending_v7,data/processed/project_gutenberg_resolved_v1/standard_sonnets/part-0001.txt,118261,118829,553,568,14,8894be98b84984109f2ab00e7010b53e30862684411313a487f0513f86404569
pg61548:char71641-72228,61548,Le seduzioni - Le vergini folli,"Guglielminetti, Amalia",,pending_candidate_level_attribution_audit,nineteenth_century_bridge,Project Gutenberg,https://www.gutenberg.org/ebooks/61548,explicit_sonetti_section,4-4-3-3,14,E parve un'altra uscir da un suo stupore,"di un gorgo nero, in sua capigliatura.",71641,72228,aaf4b920774de550072a4fe7a9ec69d3e1d856bd445f555e6ba0a6594a7749cb,3de746782b618b4633e28e136e4535b4b971a966517be7234dc08eece4b4829f,eligible_standard_sonnet_pending_processed_build,,,,,,,standard_sonnets,eligible_pending_v7_and_poem_attribution,standard_sonnet_materialized_pending_v7,data/processed/project_gutenberg_resolved_v1/standard_sonnets/part-0001.txt,118830,119362,520,532,14,3de746782b618b4633e28e136e4535b4b971a966517be7234dc08eece4b4829f
pg61548:char72247-72816,61548,Le seduzioni - Le vergini folli,"Guglielminetti, Amalia",,pending_candidate_level_attribution_audit,nineteenth_century_bridge,Project Gutenberg,https://www.gutenberg.org/ebooks/61548,explicit_sonetti_section,4-4-3-3,14,Ma bionde treccie fulsero nel sole,Non eran gli occhi miei tanto sereni.,72247,72816,5d2fb7b6e06f27942de2b1109752f32278c525997a4894a86beb27adeb87ef52,dd39531e5a37d664207214af369c35f70f47fa8b03b194443f95e01a8cf23674,eligible_standard_sonnet_pending_processed_build,,,,,,,standard_sonnets,eligible_pending_v7_and_poem_attribution,standard_sonnet_materialized_pending_v7,data/processed/project_gutenberg_resolved_v1/standard_sonnets/part-0001.txt,119363,119872,502,509,14,dd39531e5a37d664207214af369c35f70f47fa8b03b194443f95e01a8cf23674
pg61548:char72826-73430,61548,Le seduzioni - Le vergini folli,"Guglielminetti, Amalia",,pending_candidate_level_attribution_audit,nineteenth_century_bridge,Project Gutenberg,https://www.gutenberg.org/ebooks/61548,explicit_sonetti_section,4-4-3-3,14,Io mi ritrassi all'ombra d'un abete,gridando: — Ah taci! È bello anche se inganna!,72826,73430,0776ab4d3f09feec95a339bb069de2e149a7e7f2ea57e54a44bed305e3f3d06b,9a77b969fedc2ecd09cde3ecba44bc422b703b90fd40e13cee75a1f18c3f0294,eligible_standard_sonnet_pending_processed_build,,,,,,,standard_sonnets,eligible_pending_v7_and_poem_attribution,standard_sonnet_materialized_pending_v7,data/processed/project_gutenberg_resolved_v1/standard_sonnets/part-0001.txt,119873,120423,537,550,14,9a77b969fedc2ecd09cde3ecba44bc422b703b90fd40e13cee75a1f18c3f0294
pg61548:char73445-74049,61548,Le seduzioni - Le vergini folli,"Guglielminetti, Amalia",,pending_candidate_level_attribution_audit,nineteenth_century_bridge,Project Gutenberg,https://www.gutenberg.org/ebooks/61548,explicit_sonetti_section,4-4-3-3,14,Ma quelle che già dissero pensose,Non è più vita e non è ancora morte.,73445,74049,9a4f6037bbf088b13178b369d0485e68f724ce3c5c6db2fad0a15a2e279c8ccc,b4e140498dcae25f552d7841678c3e3ffef16585f6e93e2283f0faaf5c0ddb53,eligible_standard_sonnet_pending_processed_build,,,,,,,standard_sonnets,eligible_pending_v7_and_poem_attribution,standard_sonnet_materialized_pending_v7,data/processed/project_gutenberg_resolved_v1/standard_sonnets/part-0001.txt,120424,120979,537,555,14,b4e140498dcae25f552d7841678c3e3ffef16585f6e93e2283f0faaf5c0ddb53
pg61548:char74063-74633,61548,Le seduzioni - Le vergini folli,"Guglielminetti, Amalia",,pending_candidate_level_attribution_audit,nineteenth_century_bridge,Project Gutenberg,https://www.gutenberg.org/ebooks/61548,explicit_sonetti_section,4-4-3-3,14,"— La nostra è morte in vita, — allor sommesso",goccia a goccia gustando l'agonia.,74063,74633,0668fb2186ac2168726c7b06efe01f5c338c8c180b112e7b736e2065c92071ce,a822ac59bdab23c0c0d3d898516453b00a6412e0d65a4fe0e9cdd9e14ad451dd,eligible_standard_sonnet_pending_processed_build,,,,,,,standard_sonnets,eligible_pending_v7_and_poem_attribution,standard_sonnet_materialized_pending_v7,data/processed/project_gutenberg_resolved_v1/standard_sonnets/part-0001.txt,120980,121491,503,511,14,a822ac59bdab23c0c0d3d898516453b00a6412e0d65a4fe0e9cdd9e14ad451dd
pg61548:char74646-75245,61548,Le seduzioni - Le vergini folli,"Guglielminetti, Amalia",,pending_candidate_level_attribution_audit,nineteenth_century_bridge,Project Gutenberg,https://www.gutenberg.org/ebooks/61548,explicit_sonetti_section,4-4-3-3,14,"Tanto più gaudiose innanzi agli occhi,",a celebrar con voi i suoi sponsali.,74646,75245,8b907a39236e0d6952d2cf31234c1c5dfe6d49178dcce9a8fb1a8c4c282f357b,ce81dd41441205a7514ed01407c9f7b3b1d37f5c5c9ad35d29cde6016ff21ca4,eligible_standard_sonnet_pending_processed_build,,,,,,,standard_sonnets,eligible_pending_v7_and_poem_attribution,standard_sonnet_materialized_pending_v7,data/processed/project_gutenberg_resolved_v1/standard_sonnets/part-0001.txt,121492,122038,532,546,14,ce81dd41441205a7514ed01407c9f7b3b1d37f5c5c9ad35d29cde6016ff21ca4
pg61548:char75257-75840,61548,Le seduzioni - Le vergini folli,"Guglielminetti, Amalia",,pending_candidate_level_attribution_audit,nineteenth_century_bridge,Project Gutenberg,https://www.gutenberg.org/ebooks/61548,explicit_sonetti_section,4-4-3-3,14,Allor s'udì concorde tintinnare,"ebro di libertà, ilare canta.",75257,75840,b9317c93e1ccf34c4247365f008aa1a7190970ebe3f35a1fb3dca3154ac95c15,1de9909d4ecb4d127d7271bc58623eb76b953aef95bed5ed4f4a0147b35dd106,eligible_standard_sonnet_pending_processed_build,,,,,,,standard_sonnets,eligible_pending_v7_and_poem_attribution,standard_sonnet_materialized_pending_v7,data/processed/project_gutenberg_resolved_v1/standard_sonnets/part-0001.txt,122039,122563,516,524,14,1de9909d4ecb4d127d7271bc58623eb76b953aef95bed5ed4f4a0147b35dd106
pg61548:char75852-76430,61548,Le seduzioni - Le vergini folli,"Guglielminetti, Amalia",,pending_candidate_level_attribution_audit,nineteenth_century_bridge,Project Gutenberg,https://www.gutenberg.org/ebooks/61548,explicit_sonetti_section,4-4-3-3,14,"Simili a gru, migranti ad oriente,",dirà a ciascuna: — Veni Sponsa mea.,75852,76430,d9fafbf0bcf0d88245962a7851f485bec12c0374a0e65e9a363055489fb77a0f,434d055cc008111bdf39a589a85649ed6f3dab737c8f2ced38ef2e3afb05a489,eligible_standard_sonnet_pending_processed_build,,,,,,,standard_sonnets,eligible_pending_v7_and_poem_attribution,standard_sonnet_materialized_pending_v7,data/processed/project_gutenberg_resolved_v1/standard_sonnets/part-0001.txt,122564,123085,511,521,14,434d055cc008111bdf39a589a85649ed6f3dab737c8f2ced38ef2e3afb05a489
pg61548:char76444-77043,61548,Le seduzioni - Le vergini folli,"Guglielminetti, Amalia",,pending_candidate_level_attribution_audit,nineteenth_century_bridge,Project Gutenberg,https://www.gutenberg.org/ebooks/61548,explicit_sonetti_section,4-4-3-3,14,"Come romei rivolti a' luoghi santi,","Lungo è il cammin, ma vigile la scorta.",76444,77043,dfc15eeb927f9744f8b0c44d12b622eaea90da932c4184324ceefb93d6de7966,ea73b7923f2970a31a43481cee6150b9d5d72bcdc3e8d32c33c91237742bb380,eligible_standard_sonnet_pending_processed_build,,,,,,,standard_sonnets,eligible_pending_v7_and_poem_attribution,standard_sonnet_materialized_pending_v7,data/processed/project_gutenberg_resolved_v1/standard_sonnets/part-0001.txt,123086,123629,532,543,14,ea73b7923f2970a31a43481cee6150b9d5d72bcdc3e8d32c33c91237742bb380
pg61548:char77060-77645,61548,Le seduzioni - Le vergini folli,"Guglielminetti, Amalia",,pending_candidate_level_attribution_audit,nineteenth_century_bridge,Project Gutenberg,https://www.gutenberg.org/ebooks/61548,explicit_sonetti_section,4-4-3-3,14,"— O bianche pellegrine, m'accogliete",il mio fior d'oro tra un fiorir di stelle.,77060,77645,4cbad5bdc4be5803af93ad89b8441c255a46286e61c9d3fcc13dd32e4470a645,ef2e656f756c16bafcfaa8a8cb62cec9e42b170ab54066c4ecdb619547bb5e27,eligible_standard_sonnet_pending_processed_build,,,,,,,standard_sonnets,eligible_pending_v7_and_poem_attribution,standard_sonnet_materialized_pending_v7,data/processed/project_gutenberg_resolved_v1/standard_sonnets/part-0001.txt,123630,124151,518,521,14,ef2e656f756c16bafcfaa8a8cb62cec9e42b170ab54066c4ecdb619547bb5e27
pg61548:char77673-78230,61548,Le seduzioni - Le vergini folli,"Guglielminetti, Amalia",,pending_candidate_level_attribution_audit,nineteenth_century_bridge,Project Gutenberg,https://www.gutenberg.org/ebooks/61548,explicit_sonetti_section,4-4-3-3,14,Accoccolato a' piè della collina,tesseansi ori o fiori di corone.,77673,78230,23a7de9d9c16eb9b07dc294044f4dcbee97920090dcb1211b9ed461768be9225,3215115b8ae007eabb604be17230a0f9d4f0a7f237650d0b9869d0d40c3b9538,eligible_standard_sonnet_pending_processed_build,,,,,,,standard_sonnets,eligible_pending_v7_and_poem_attribution,standard_sonnet_materialized_pending_v7,data/processed/project_gutenberg_resolved_v1/standard_sonnets/part-0001.txt,124152,124646,490,494,14,3215115b8ae007eabb604be17230a0f9d4f0a7f237650d0b9869d0d40c3b9538
pg61548:char78246-78827,61548,Le seduzioni - Le vergini folli,"Guglielminetti, Amalia",,pending_candidate_level_attribution_audit,nineteenth_century_bridge,Project Gutenberg,https://www.gutenberg.org/ebooks/61548,explicit_sonetti_section,4-4-3-3,14,Gli occhi tu apristi in una buia sera,raccolse l'ali e al sogno umano rise.,78246,78827,271576e9c7bf4d7e2897b7ab8d3cc56070ad38717a230c16837e022419d9f107,a4c01e10a71b8f75a31c4aa358577331de4ff1084329c6b28a753366bbd69f93,eligible_standard_sonnet_pending_processed_build,,,,,,,standard_sonnets,eligible_pending_v7_and_poem_attribution,standard_sonnet_materialized_pending_v7,data/processed/project_gutenberg_resolved_v1/standard_sonnets/part-0001.txt,124647,125161,514,514,14,a4c01e10a71b8f75a31c4aa358577331de4ff1084329c6b28a753366bbd69f93
pg61548:char78841-79399,61548,Le seduzioni - Le vergini folli,"Guglielminetti, Amalia",,pending_candidate_level_attribution_audit,nineteenth_century_bridge,Project Gutenberg,https://www.gutenberg.org/ebooks/61548,explicit_sonetti_section,4-4-3-3,14,Al suo convento la novella sposa,lo stupore confuso d'un mistero.,78841,79399,e7a191eff3037f115ab0dabf4fa01e98e48c813e9bdfe7e50f987f69f26135e4,4a9cba970d82014ef6d6b8ac0dd061fea2a586a113bd7152cae7bb7324c8c8d7,eligible_standard_sonnet_pending_processed_build,,,,,,,standard_sonnets,eligible_pending_v7_and_poem_attribution,standard_sonnet_materialized_pending_v7,data/processed/project_gutenberg_resolved_v1/standard_sonnets/part-0001.txt,125162,125655,491,493,14,4a9cba970d82014ef6d6b8ac0dd061fea2a586a113bd7152cae7bb7324c8c8d7
pg61548:char79411-80018,61548,Le seduzioni - Le vergini folli,"Guglielminetti, Amalia",,pending_candidate_level_attribution_audit,nineteenth_century_bridge,Project Gutenberg,https://www.gutenberg.org/ebooks/61548,explicit_sonetti_section,4-4-3-3,14,"Ma tu non odi un timido picchiare,","Ah! tu non apri, e la notte è sì nera...",79411,80018,2a357766880022199b1f6dab8f622911df0db3b926e632405ddb35883113dc15,ffceb0c1e52e1cd875cbbe58dae25832b02ec221cdbcad0f6eef1dc7c0395220,eligible_standard_sonnet_pending_processed_build,,,,,,,standard_sonnets,eligible_pending_v7_and_poem_attribution,standard_sonnet_materialized_pending_v7,data/processed/project_gutenberg_resolved_v1/standard_sonnets/part-0001.txt,125656,126203,540,547,14,ffceb0c1e52e1cd875cbbe58dae25832b02ec221cdbcad0f6eef1dc7c0395220
pg61548:char80031-80610,61548,Le seduzioni - Le vergini folli,"Guglielminetti, Amalia",,pending_candidate_level_attribution_audit,nineteenth_century_bridge,Project Gutenberg,https://www.gutenberg.org/ebooks/61548,explicit_sonetti_section,4-4-3-3,14,Il pianto è la benefica rugiada,daranno un fior d'amore o un fior di duolo.,80031,80610,330601599d95d7b5f7375e3e37e6f0dae27c0c7bf79505418fe36dddb612163d,a0b8987068fa77048ed65ef62ff81877c641b82d97bac8118d258cf8f5429632,eligible_standard_sonnet_pending_processed_build,,,,,,,standard_sonnets,eligible_pending_v7_and_poem_attribution,standard_sonnet_materialized_pending_v7,data/processed/project_gutenberg_resolved_v1/standard_sonnets/part-0001.txt,126204,126720,512,516,14,a0b8987068fa77048ed65ef62ff81877c641b82d97bac8118d258cf8f5429632
pg61548:char80621-81227,61548,Le seduzioni - Le vergini folli,"Guglielminetti, Amalia",,pending_candidate_level_attribution_audit,nineteenth_century_bridge,Project Gutenberg,https://www.gutenberg.org/ebooks/61548,explicit_sonetti_section,4-4-3-3,14,"L'ombra furtiva, quasi in sè rattratta,",il fido cuor su cui poggiar la testa.,80621,81227,7a2b3c0a88c56bab93824a3434f2ba06e39890b7ecacdb68dc9a83b2a75f61ae,42c37bcf22e5d6a350a14977ef6828d90cc31c52a31fffc90e429190adb7110a,eligible_standard_sonnet_pending_processed_build,,,,,,,standard_sonnets,eligible_pending_v7_and_poem_attribution,standard_sonnet_materialized_pending_v7,data/processed/project_gutenberg_resolved_v1/standard_sonnets/part-0001.txt,126721,127267,539,546,14,42c37bcf22e5d6a350a14977ef6828d90cc31c52a31fffc90e429190adb7110a
pg61548:char81238-81819,61548,Le seduzioni - Le vergini folli,"Guglielminetti, Amalia",,pending_candidate_level_attribution_audit,nineteenth_century_bridge,Project Gutenberg,https://www.gutenberg.org/ebooks/61548,explicit_sonetti_section,4-4-3-3,14,"Grava su te, o insonne cuore, l'arco",t'offra la vita in suo supremo frutto.,81238,81819,76915c07b328b0d97dfc451c7a24189e81ea45d7e6fa2f41564ffae7672e13a0,fb5428950af12b738507a6461125e94d9ad1350417bcfccde083026ac5db4f2d,eligible_standard_sonnet_pending_processed_build,,,,,,,standard_sonnets,eligible_pending_v7_and_poem_attribution,standard_sonnet_materialized_pending_v7,data/processed/project_gutenberg_resolved_v1/standard_sonnets/part-0001.txt,127268,127783,514,515,14,fb5428950af12b738507a6461125e94d9ad1350417bcfccde083026ac5db4f2d
pg61548:char81834-82404,61548,Le seduzioni - Le vergini folli,"Guglielminetti, Amalia",,pending_candidate_level_attribution_audit,nineteenth_century_bridge,Project Gutenberg,https://www.gutenberg.org/ebooks/61548,explicit_sonetti_section,4-4-3-3,14,Ogni pensosa vergine si cinge,gemere sangue dalla sua ferita.,81834,82404,b4627a6c0e08288b205791d9e43bc9eceb4b5c228abe69e19fbfdfadf8ef0acb,8d50de3ada899726c4e3490e21c79921dc935b9cb8073fb5eccb709c0ea31aaf,eligible_standard_sonnet_pending_processed_build,,,,,,,standard_sonnets,eligible_pending_v7_and_poem_attribution,standard_sonnet_materialized_pending_v7,data/processed/project_gutenberg_resolved_v1/standard_sonnets/part-0001.txt,127784,128290,503,506,14,8d50de3ada899726c4e3490e21c79921dc935b9cb8073fb5eccb709c0ea31aaf
pg61548:char82421-82998,61548,Le seduzioni - Le vergini folli,"Guglielminetti, Amalia",,pending_candidate_level_attribution_audit,nineteenth_century_bridge,Project Gutenberg,https://www.gutenberg.org/ebooks/61548,explicit_sonetti_section,4-4-3-3,14,"Dolce salire nella chiara sera,",d'altra menzogna bella di lusinga.,82421,82998,fe62a076c25dfc3ab8f88d69a7c0bef1dca1e6445f02d7ee4f54d614ea2e672f,bf93f64849030ea1b7de3be8a3ebbbf07f55993f916e8cc426d558136e2c079d,eligible_standard_sonnet_pending_processed_build,,,,,,,standard_sonnets,eligible_pending_v7_and_poem_attribution,standard_sonnet_materialized_pending_v7,data/processed/project_gutenberg_resolved_v1/standard_sonnets/part-0001.txt,128291,128804,510,513,14,bf93f64849030ea1b7de3be8a3ebbbf07f55993f916e8cc426d558136e2c079d
pg61548:char83013-83583,61548,Le seduzioni - Le vergini folli,"Guglielminetti, Amalia",,pending_candidate_level_attribution_audit,nineteenth_century_bridge,Project Gutenberg,https://www.gutenberg.org/ebooks/61548,explicit_sonetti_section,4-4-3-3,14,Quell'amarezza fu senza parola:,che stride in bocca e l'anima divora.,83013,83583,2800a7047b026b6dd84cc70882e6f543a2cd3edd5171669090dfc303e88002c1,5822e269f69646e0ea4cccc029722c92e2e70a18018b45143d451427db95e1bd,eligible_standard_sonnet_pending_processed_build,,,,,,,standard_sonnets,eligible_pending_v7_and_poem_attribution,standard_sonnet_materialized_pending_v7,data/processed/project_gutenberg_resolved_v1/standard_sonnets/part-0001.txt,128805,129313,503,508,14,5822e269f69646e0ea4cccc029722c92e2e70a18018b45143d451427db95e1bd
pg61548:char83600-84168,61548,Le seduzioni - Le vergini folli,"Guglielminetti, Amalia",,pending_candidate_level_attribution_audit,nineteenth_century_bridge,Project Gutenberg,https://www.gutenberg.org/ebooks/61548,explicit_sonetti_section,4-4-3-3,14,Dentro le vene la malinconia,dallo spasimo oscuro d'esser vive.,83600,84168,9e157c88b4132ba4a9a737f0faa11224a01000a8ecfc290c56d08f2396719141,a76be2cd9a7497a5546088ae09dd94b8b2e17df1b884ba94fdc281b419752d45,eligible_standard_sonnet_pending_processed_build,,,,,,,standard_sonnets,eligible_pending_v7_and_poem_attribution,standard_sonnet_materialized_pending_v7,data/processed/project_gutenberg_resolved_v1/standard_sonnets/part-0001.txt,129314,129822,501,508,14,a76be2cd9a7497a5546088ae09dd94b8b2e17df1b884ba94fdc281b419752d45
pg61548:char84180-84772,61548,Le seduzioni - Le vergini folli,"Guglielminetti, Amalia",,pending_candidate_level_attribution_audit,nineteenth_century_bridge,Project Gutenberg,https://www.gutenberg.org/ebooks/61548,explicit_sonetti_section,4-4-3-3,14,"Sonno soave, il tuo suggello nero",al mio orecchio: — È l'aurora. Alzati e vieni!,84180,84772,64836cace7ef8cb27d75f40d7d7767b582c08a97482496208e467df5c5b2b929,f5afd21ca2253ab308b4dc9a5fbe1babd6a56844c0efff5a827d81078e5ea199,eligible_standard_sonnet_pending_processed_build,,,,,,,standard_sonnets,eligible_pending_v7_and_poem_attribution,standard_sonnet_materialized_pending_v7,data/processed/project_gutenberg_resolved_v1/standard_sonnets/part-0001.txt,129823,130352,525,529,14,f5afd21ca2253ab308b4dc9a5fbe1babd6a56844c0efff5a827d81078e5ea199
pg61548:char84790-85367,61548,Le seduzioni - Le vergini folli,"Guglielminetti, Amalia",,pending_candidate_level_attribution_audit,nineteenth_century_bridge,Project Gutenberg,https://www.gutenberg.org/ebooks/61548,explicit_sonetti_section,4-4-3-3,14,Mi foggiò la natura in una creta,ed inerme a difendersi s'ostina.,84790,85367,002ca76272ab3a16e782f43f355933b190abbb4b4d627d981b47a64a30d2da6d,f8b2eed60fb63b785298073f47a3e5dfbb49e1e582ebd3b1f7d57e67dba0cc62,eligible_standard_sonnet_pending_processed_build,,,,,,,standard_sonnets,eligible_pending_v7_and_poem_attribution,standard_sonnet_materialized_pending_v7,data/processed/project_gutenberg_resolved_v1/standard_sonnets/part-0001.txt,130353,130867,510,514,14,f8b2eed60fb63b785298073f47a3e5dfbb49e1e582ebd3b1f7d57e67dba0cc62
pg61548:char85392-85977,61548,Le seduzioni - Le vergini folli,"Guglielminetti, Amalia",,pending_candidate_level_attribution_audit,nineteenth_century_bridge,Project Gutenberg,https://www.gutenberg.org/ebooks/61548,explicit_sonetti_section,4-4-3-3,14,"Signore, tu venisti con catene",di sue catene i miei febbrili polsi.,85392,85977,b2c7ed96e114202f045a732e2dff35dedf1fd660cf33ae0f2aa9c04ab3483798,4ed0b7eb64178ffffc10a0092f2c3824f14a3f21dbd0c1726f91cef279f54934,eligible_standard_sonnet_pending_processed_build,,,,,,,standard_sonnets,eligible_pending_v7_and_poem_attribution,standard_sonnet_materialized_pending_v7,data/processed/project_gutenberg_resolved_v1/standard_sonnets/part-0001.txt,130868,131397,518,529,14,4ed0b7eb64178ffffc10a0092f2c3824f14a3f21dbd0c1726f91cef279f54934
pg61548:char85988-86555,61548,Le seduzioni - Le vergini folli,"Guglielminetti, Amalia",,pending_candidate_level_attribution_audit,nineteenth_century_bridge,Project Gutenberg,https://www.gutenberg.org/ebooks/61548,explicit_sonetti_section,4-4-3-3,14,"S'appiatta, a guisa d'aspide che dorme,",perchè il mal violento non lo uccida.,85988,86555,585db7f552cbbe52aa5fc85663f5daa0b3f7e0271ea955ff369e512f14ff7ab4,a32b90a6385a5f9bde5ceefaf6c5dc3fe0d0ac50cc79b963a1bb53e4d76f6d27,eligible_standard_sonnet_pending_processed_build,,,,,,,standard_sonnets,eligible_pending_v7_and_poem_attribution,standard_sonnet_materialized_pending_v7,data/processed/project_gutenberg_resolved_v1/standard_sonnets/part-0001.txt,131398,131901,500,503,14,a32b90a6385a5f9bde5ceefaf6c5dc3fe0d0ac50cc79b963a1bb53e4d76f6d27
pg61548:char86573-87159,61548,Le seduzioni - Le vergini folli,"Guglielminetti, Amalia",,pending_candidate_level_attribution_audit,nineteenth_century_bridge,Project Gutenberg,https://www.gutenberg.org/ebooks/61548,explicit_sonetti_section,4-4-3-3,14,Io vi parlai con l'orgogliosa asprezza,ma urtò nel marmo d'una chiusa fronte.,86573,87159,78c6b4d6109400b1f4241c604710137cb270f74f48af7eb7aded7bf81f995ece,79dc1e7676a56d0ae17b07757c74c7992e41e48d54cb6cabf529cd6598c312ca,eligible_standard_sonnet_pending_processed_build,,,,,,,standard_sonnets,eligible_pending_v7_and_poem_attribution,standard_sonnet_materialized_pending_v7,data/processed/project_gutenberg_resolved_v1/standard_sonnets/part-0001.txt,131902,132425,519,523,14,79dc1e7676a56d0ae17b07757c74c7992e41e48d54cb6cabf529cd6598c312ca
pg61548:char87170-87750,61548,Le seduzioni - Le vergini folli,"Guglielminetti, Amalia",,pending_candidate_level_attribution_audit,nineteenth_century_bridge,Project Gutenberg,https://www.gutenberg.org/ebooks/61548,explicit_sonetti_section,4-4-3-3,14,"Tenace cuor, le tue forze non dome,",a chi ti strazia mai non giungeranno.,87170,87750,728ae1823d6950f92bc06bc8117cb388c61e36abad7984679987e12dda34305a,de035f415283c2cdab50b01c19218c36728c767d3a82cdfdf6064a1bab95682a,eligible_standard_sonnet_pending_processed_build,,,,,,,standard_sonnets,eligible_pending_v7_and_poem_attribution,standard_sonnet_materialized_pending_v7,data/processed/project_gutenberg_resolved_v1/standard_sonnets/part-0001.txt,132426,132944,513,518,14,de035f415283c2cdab50b01c19218c36728c767d3a82cdfdf6064a1bab95682a
pg61548:char87764-88360,61548,Le seduzioni - Le vergini folli,"Guglielminetti, Amalia",,pending_candidate_level_attribution_audit,nineteenth_century_bridge,Project Gutenberg,https://www.gutenberg.org/ebooks/61548,explicit_sonetti_section,4-4-3-3,14,"Io seguo il mio cammin, cieca, a tentone,",di passione impallidire a morte.,87764,88360,dcc45820f5eeee3398868bf3a3b72a1db449863045cf3e8d87b1483f63e90059,fdb08e8f7814bd02f6ae107246d4769fe2c3c62a11d063d997f202b4c5b0a35b,eligible_standard_sonnet_pending_processed_build,,,,,,,standard_sonnets,eligible_pending_v7_and_poem_attribution,standard_sonnet_materialized_pending_v7,data/processed/project_gutenberg_resolved_v1/standard_sonnets/part-0001.txt,132945,133480,529,535,14,fdb08e8f7814bd02f6ae107246d4769fe2c3c62a11d063d997f202b4c5b0a35b
pg61548:char88373-88951,61548,Le seduzioni - Le vergini folli,"Guglielminetti, Amalia",,pending_candidate_level_attribution_audit,nineteenth_century_bridge,Project Gutenberg,https://www.gutenberg.org/ebooks/61548,explicit_sonetti_section,4-4-3-3,14,"Il rammarico oscuro che m'accascia,",ch'altro destar non seppe che pietà.,88373,88951,0564a800723f5d471626d87abf92718d19650cca15f226dfc8b1a71a3d477f05,aed68952159b5675b33e376718b4a7e1c71f73c18945c5606b759b7ea7043fdd,eligible_standard_sonnet_pending_processed_build,,,,,,,standard_sonnets,eligible_pending_v7_and_poem_attribution,standard_sonnet_materialized_pending_v7,data/processed/project_gutenberg_resolved_v1/standard_sonnets/part-0001.txt,133481,133998,511,517,14,aed68952159b5675b33e376718b4a7e1c71f73c18945c5606b759b7ea7043fdd
pg61548:char88971-89536,61548,Le seduzioni - Le vergini folli,"Guglielminetti, Amalia",,pending_candidate_level_attribution_audit,nineteenth_century_bridge,Project Gutenberg,https://www.gutenberg.org/ebooks/61548,explicit_sonetti_section,4-4-3-3,14,Gioco di sguardi è cosa tanto vaga,"un solo nome, il suo nome tornare.",88971,89536,855b143613c6b544df4e8f7b4bb2543fa8c235a8504927b442027b99f599407e,d023e8eb9c40b100b7dad43968e2908047107fb2132f58410c467b515e1aebeb,eligible_standard_sonnet_pending_processed_build,,,,,,,standard_sonnets,eligible_pending_v7_and_poem_attribution,standard_sonnet_materialized_pending_v7,data/processed/project_gutenberg_resolved_v1/standard_sonnets/part-0001.txt,133999,134498,498,499,14,d023e8eb9c40b100b7dad43968e2908047107fb2132f58410c467b515e1aebeb
pg61548:char89549-90132,61548,Le seduzioni - Le vergini folli,"Guglielminetti, Amalia",,pending_candidate_level_attribution_audit,nineteenth_century_bridge,Project Gutenberg,https://www.gutenberg.org/ebooks/61548,explicit_sonetti_section,4-4-3-3,14,Come perisce preziosa istoria,e più non trovo il dileguato volto.,89549,90132,6db8a27dea24a153b38b8b5c9893d16ff7134c0a29510d6675a7abb37bbda864,8e8fcb91a6c71013ba80d949c11e1ecc42e08d37b0405eac584329bf4acf0c78,eligible_standard_sonnet_pending_processed_build,,,,,,,standard_sonnets,eligible_pending_v7_and_poem_attribution,standard_sonnet_materialized_pending_v7,data/processed/project_gutenberg_resolved_v1/standard_sonnets/part-0001.txt,134499,135021,516,522,14,8e8fcb91a6c71013ba80d949c11e1ecc42e08d37b0405eac584329bf4acf0c78
pg61548:char90149-90747,61548,Le seduzioni - Le vergini folli,"Guglielminetti, Amalia",,pending_candidate_level_attribution_audit,nineteenth_century_bridge,Project Gutenberg,https://www.gutenberg.org/ebooks/61548,explicit_sonetti_section,4-4-3-3,14,Se il mio signore segue la sua via,che persegue il suo sogno ed il suo amore.,90149,90747,524a4b6a7fc50e559aa6481048e41f988f780fecb6bfd4873caa43636c073622,4a28c1004977349ea20232593d3aebbc0a95dc414441aa19eee8e2041e9afd61,eligible_standard_sonnet_pending_processed_build,,,,,,,standard_sonnets,eligible_pending_v7_and_poem_attribution,standard_sonnet_materialized_pending_v7,data/processed/project_gutenberg_resolved_v1/standard_sonnets/part-0001.txt,135022,135559,531,537,14,4a28c1004977349ea20232593d3aebbc0a95dc414441aa19eee8e2041e9afd61
pg61548:char90763-91334,61548,Le seduzioni - Le vergini folli,"Guglielminetti, Amalia",,pending_candidate_level_attribution_audit,nineteenth_century_bridge,Project Gutenberg,https://www.gutenberg.org/ebooks/61548,explicit_sonetti_section,4-4-3-3,14,"Piccolo cuore folle, a che ti lagni?",suo sangue la tua sete aspra di vita.,90763,91334,ff1e2468856bf5888011c006cb33b1cd46b09a5b057b4b608c7eee060d81855c,e28e2354589ae8bb5cb18001e8a3d4578daa62b537f61b69f83a4c0ed75e3d37,eligible_standard_sonnet_pending_processed_build,,,,,,,standard_sonnets,eligible_pending_v7_and_poem_attribution,standard_sonnet_materialized_pending_v7,data/processed/project_gutenberg_resolved_v1/standard_sonnets/part-0001.txt,135560,136066,504,506,14,e28e2354589ae8bb5cb18001e8a3d4578daa62b537f61b69f83a4c0ed75e3d37
pg61548:char91350-91939,61548,Le seduzioni - Le vergini folli,"Guglielminetti, Amalia",,pending_candidate_level_attribution_audit,nineteenth_century_bridge,Project Gutenberg,https://www.gutenberg.org/ebooks/61548,explicit_sonetti_section,4-4-3-3,14,"Piangere piano piano, con la faccia","rialzarmi e fuggir, squillando un riso.",91350,91939,de3851f527066095e50c3be56a1e26c63146b01af5aed612ed6fba518857d51f,1c219ddba7f8fb453ba57ae7f0957a29355207bd88fa02ac3339205bce74d9c4,eligible_standard_sonnet_pending_processed_build,,,,,,,standard_sonnets,eligible_pending_v7_and_poem_attribution,standard_sonnet_materialized_pending_v7,data/processed/project_gutenberg_resolved_v1/standard_sonnets/part-0001.txt,136067,136593,522,526,14,1c219ddba7f8fb453ba57ae7f0957a29355207bd88fa02ac3339205bce74d9c4
pg61548:char91956-92532,61548,Le seduzioni - Le vergini folli,"Guglielminetti, Amalia",,pending_candidate_level_attribution_audit,nineteenth_century_bridge,Project Gutenberg,https://www.gutenberg.org/ebooks/61548,explicit_sonetti_section,4-4-3-3,14,"La pietà del silenzio io solo imploro,","tanto come chi amò, chi amar non volle.",91956,92532,f7fdec6a3e69837f10e6092150b93bc27ee9cbdd70e3ca32157ccc8fcd628815,1e03c5d5c505eebc1d1cecdc14f7bfe4c332661917e689d2c923f4cfd2e99239,eligible_standard_sonnet_pending_processed_build,,,,,,,standard_sonnets,eligible_pending_v7_and_poem_attribution,standard_sonnet_materialized_pending_v7,data/processed/project_gutenberg_resolved_v1/standard_sonnets/part-0001.txt,136594,137110,509,516,14,1e03c5d5c505eebc1d1cecdc14f7bfe4c332661917e689d2c923f4cfd2e99239
pg61548:char92551-93145,61548,Le seduzioni - Le vergini folli,"Guglielminetti, Amalia",,pending_candidate_level_attribution_audit,nineteenth_century_bridge,Project Gutenberg,https://www.gutenberg.org/ebooks/61548,explicit_sonetti_section,4-4-3-3,14,"Chiusa è la casa dov'io giungo alfine,","Non tremare così, anima stolta.",92551,93145,9e1bdc0e05a46f5b420e2a6c40b1b55934ddf95a8330eb8ecff74498305b9758,55933b26bf566c22902d11f9d326ed27b50fd78bf737809dab38fceda889624a,eligible_standard_sonnet_pending_processed_build,,,,,,,standard_sonnets,eligible_pending_v7_and_poem_attribution,standard_sonnet_materialized_pending_v7,data/processed/project_gutenberg_resolved_v1/standard_sonnets/part-0001.txt,137111,137643,527,532,14,55933b26bf566c22902d11f9d326ed27b50fd78bf737809dab38fceda889624a
pg61548:char93170-93734,61548,Le seduzioni - Le vergini folli,"Guglielminetti, Amalia",,pending_candidate_level_attribution_audit,nineteenth_century_bridge,Project Gutenberg,https://www.gutenberg.org/ebooks/61548,explicit_sonetti_section,4-4-3-3,14,Negli angoli discreti degli altari,a un dileggio sottil che la persegua.,93170,93734,2d20369ea762e76ca25a533cc31bebc1f42ccbacdc05eb69ab6705f6f08c2ab1,6a217a2bbb75da5a5b368671e89033e22d82c5128a349544b84f7a123526e7e5,eligible_standard_sonnet_pending_processed_build,,,,,,,standard_sonnets,eligible_pending_v7_and_poem_attribution,standard_sonnet_materialized_pending_v7,data/processed/project_gutenberg_resolved_v1/standard_sonnets/part-0001.txt,137644,138143,497,499,14,6a217a2bbb75da5a5b368671e89033e22d82c5128a349544b84f7a123526e7e5
pg61548:char93753-94316,61548,Le seduzioni - Le vergini folli,"Guglielminetti, Amalia",,pending_candidate_level_attribution_audit,nineteenth_century_bridge,Project Gutenberg,https://www.gutenberg.org/ebooks/61548,explicit_sonetti_section,4-4-3-3,14,Come avvisaron suora Benedetta,"— Ora l'aspetto, tornerà domani.",93753,94316,dfa046fb980ee5edc55aae9bdd0ae01b48145d2eb5c8bbb9b4bab1f7f8d03912,2bd02436acf785a93b68a21587eb3c41d0954c61177779017fcf3943295047e7,eligible_standard_sonnet_pending_processed_build,,,,,,,standard_sonnets,eligible_pending_v7_and_poem_attribution,standard_sonnet_materialized_pending_v7,data/processed/project_gutenberg_resolved_v1/standard_sonnets/part-0001.txt,138144,138649,496,505,14,2bd02436acf785a93b68a21587eb3c41d0954c61177779017fcf3943295047e7
pg61548:char94327-94911,61548,Le seduzioni - Le vergini folli,"Guglielminetti, Amalia",,pending_candidate_level_attribution_audit,nineteenth_century_bridge,Project Gutenberg,https://www.gutenberg.org/ebooks/61548,explicit_sonetti_section,4-4-3-3,14,Per noi l'amico sconosciuto vive,"vede, effimero amore, dileguare.",94327,94911,583a5d40c21e9fd86d6359e72945c9762fb032d79f079aa26e7f71ca482111b4,127c45b2dc8ee5db43e2827d023e29dc8fe7af2c6c79540ee411aec5c1ee233d,eligible_standard_sonnet_pending_processed_build,,,,,,,standard_sonnets,eligible_pending_v7_and_poem_attribution,standard_sonnet_materialized_pending_v7,data/processed/project_gutenberg_resolved_v1/standard_sonnets/part-0001.txt,138650,139171,517,521,14,127c45b2dc8ee5db43e2827d023e29dc8fe7af2c6c79540ee411aec5c1ee233d
pg61548:char94928-95518,61548,Le seduzioni - Le vergini folli,"Guglielminetti, Amalia",,pending_candidate_level_attribution_audit,nineteenth_century_bridge,Project Gutenberg,https://www.gutenberg.org/ebooks/61548,explicit_sonetti_section,4-4-3-3,14,"Suora Rosaria, bionda in velo nero,","chiuso nel saio, il suo perduto amore.",94928,95518,36401cd6bd94bb5a9c47a2833a90b7ae988851371c43922d8c49151002ec3fb1,1795dc5209f7b65be6582c6706ed761a4b5054d10b130ed36eb48754034beb4a,eligible_standard_sonnet_pending_processed_build,,,,,,,standard_sonnets,eligible_pending_v7_and_poem_attribution,standard_sonnet_materialized_pending_v7,data/processed/project_gutenberg_resolved_v1/standard_sonnets/part-0001.txt,139172,139697,523,525,14,1795dc5209f7b65be6582c6706ed761a4b5054d10b130ed36eb48754034beb4a
pg61548:char95531-96095,61548,Le seduzioni - Le vergini folli,"Guglielminetti, Amalia",,pending_candidate_level_attribution_audit,nineteenth_century_bridge,Project Gutenberg,https://www.gutenberg.org/ebooks/61548,explicit_sonetti_section,4-4-3-3,14,Il pensier più sagace invano indaga,t'atteggi a sfinge impenetrata e muta.,95531,96095,9856dbad7905b1f7dfd36ddd636ef140a857857f78a6d8a8b24d1e6fde569d2e,8d98622eb60b223b48515dc0511c89addc3786015bb36d4c8f075f1b37cce0c9,eligible_standard_sonnet_pending_processed_build,,,,,,,standard_sonnets,eligible_pending_v7_and_poem_attribution,standard_sonnet_materialized_pending_v7,data/processed/project_gutenberg_resolved_v1/standard_sonnets/part-0001.txt,139698,140199,497,501,14,8d98622eb60b223b48515dc0511c89addc3786015bb36d4c8f075f1b37cce0c9
pg61548:char96113-96695,61548,Le seduzioni - Le vergini folli,"Guglielminetti, Amalia",,pending_candidate_level_attribution_audit,nineteenth_century_bridge,Project Gutenberg,https://www.gutenberg.org/ebooks/61548,explicit_sonetti_section,4-4-3-3,14,Un languor di stanchezza io riconosco,sol quando per amare s'annienti.,96113,96695,f820a3dc2e9c16c22eac64162eebe8407b000fd978ee1773c1899f42cc4c8cea,b692a11491faf5093acbf9758404386aa0d7a3c5c8d1be417a8748ef5175eb04,eligible_standard_sonnet_pending_processed_build,,,,,,,standard_sonnets,eligible_pending_v7_and_poem_attribution,standard_sonnet_materialized_pending_v7,data/processed/project_gutenberg_resolved_v1/standard_sonnets/part-0001.txt,140200,140720,515,520,14,b692a11491faf5093acbf9758404386aa0d7a3c5c8d1be417a8748ef5175eb04
pg61548:char96706-97259,61548,Le seduzioni - Le vergini folli,"Guglielminetti, Amalia",,pending_candidate_level_attribution_audit,nineteenth_century_bridge,Project Gutenberg,https://www.gutenberg.org/ebooks/61548,explicit_sonetti_section,4-4-3-3,14,"Tu t'abbandoni, o pallida indolente,",ti lasceresti pur suggere il cuore.,96706,97259,445e7a08e852f12288f7ab58581f526a48c979e32fe7f0dea9a242ea3cb705c8,a98b7cdc30cf310600ee8883a1f7baad1c81887478e2e4d0d4db9cdca8867443,eligible_standard_sonnet_pending_processed_build,,,,,,,standard_sonnets,eligible_pending_v7_and_poem_attribution,standard_sonnet_materialized_pending_v7,data/processed/project_gutenberg_resolved_v1/standard_sonnets/part-0001.txt,140721,141208,486,487,14,a98b7cdc30cf310600ee8883a1f7baad1c81887478e2e4d0d4db9cdca8867443
pg61548:char97276-97873,61548,Le seduzioni - Le vergini folli,"Guglielminetti, Amalia",,pending_candidate_level_attribution_audit,nineteenth_century_bridge,Project Gutenberg,https://www.gutenberg.org/ebooks/61548,explicit_sonetti_section,4-4-3-3,14,Venne al frutteto l'anima superba,ella sentì cadere anche il suo cuore.,97276,97873,8fc86612aa50888347040e470b97d74053c47b8fe2f16286446712b6aef0fb93,66a8ff4a14158e7f95d991c2645820bda8bfe186d4a10b424d546655654662e4,eligible_standard_sonnet_pending_processed_build,,,,,,,standard_sonnets,eligible_pending_v7_and_poem_attribution,standard_sonnet_materialized_pending_v7,data/processed/project_gutenberg_resolved_v1/standard_sonnets/part-0001.txt,141209,141742,530,533,14,66a8ff4a14158e7f95d991c2645820bda8bfe186d4a10b424d546655654662e4
pg61548:char97889-98455,61548,Le seduzioni - Le vergini folli,"Guglielminetti, Amalia",,pending_candidate_level_attribution_audit,nineteenth_century_bridge,Project Gutenberg,https://www.gutenberg.org/ebooks/61548,explicit_sonetti_section,4-4-3-3,14,Nessuno mai passò ne' tuoi capelli,"la gioia nuziale, o bianca Sposa!",97889,98455,4d61fa6f9cf7a5af1363fd8c05f75d403e5dee65368d9f66621478720568036a,128e219216ed94887370db4bea69f8ee581e7cef3feb036ade28a75e3f68c1cc,eligible_standard_sonnet_pending_processed_build,,,,,,,standard_sonnets,eligible_pending_v7_and_poem_attribution,standard_sonnet_materialized_pending_v7,data/processed/project_gutenberg_resolved_v1/standard_sonnets/part-0001.txt,141743,142251,499,508,14,128e219216ed94887370db4bea69f8ee581e7cef3feb036ade28a75e3f68c1cc
pg61548:char98471-99081,61548,Le seduzioni - Le vergini folli,"Guglielminetti, Amalia",,pending_candidate_level_attribution_audit,nineteenth_century_bridge,Project Gutenberg,https://www.gutenberg.org/ebooks/61548,explicit_sonetti_section,4-4-3-3,14,Tu che inasprisci di superbi scherni,"per suo trastullo perfido, incatena.",98471,99081,9a648416ed849fd0d5781edb44303d53e09be6a93c2b028c73526668037ae875,60746ff198df6e1078e20c1eb32da976c0e0b446c6adacf09ecdd9e8d00c6618,eligible_standard_sonnet_pending_processed_build,,,,,,,standard_sonnets,eligible_pending_v7_and_poem_attribution,standard_sonnet_materialized_pending_v7,data/processed/project_gutenberg_resolved_v1/standard_sonnets/part-0001.txt,142252,142800,543,548,14,60746ff198df6e1078e20c1eb32da976c0e0b446c6adacf09ecdd9e8d00c6618
pg61548:char99094-99666,61548,Le seduzioni - Le vergini folli,"Guglielminetti, Amalia",,pending_candidate_level_attribution_audit,nineteenth_century_bridge,Project Gutenberg,https://www.gutenberg.org/ebooks/61548,explicit_sonetti_section,4-4-3-3,14,Io vidi queste tendere le braccia,rider l'acque e non trovano la fonte.,99094,99666,86668d797b7f378a24fb5a12df5ae2c83bf0fc78bb5f2b1d7a25945ec4e032e1,dae9361e4dfe102211745d1b8f29e7d8f13419aa444c5676a44b1b86242160ff,eligible_standard_sonnet_pending_processed_build,,,,,,,standard_sonnets,eligible_pending_v7_and_poem_attribution,standard_sonnet_materialized_pending_v7,data/processed/project_gutenberg_resolved_v1/standard_sonnets/part-0001.txt,142801,143311,505,510,14,dae9361e4dfe102211745d1b8f29e7d8f13419aa444c5676a44b1b86242160ff
pg61548:char99681-100253,61548,Le seduzioni - Le vergini folli,"Guglielminetti, Amalia",,pending_candidate_level_attribution_audit,nineteenth_century_bridge,Project Gutenberg,https://www.gutenberg.org/ebooks/61548,explicit_sonetti_section,4-4-3-3,14,In te fu sospettata la nemica,Come ride la tua bocca convulsa!,99681,100253,f2b555d79e2a2584952cfbb22a24af7fd060bd39507d044f07570cbaef0100ec,a53abda50f315e0f45ff043fae43885165a510080ba1a80bbb3aef8ce524dff8,eligible_standard_sonnet_pending_processed_build,,,,,,,standard_sonnets,eligible_pending_v7_and_poem_attribution,standard_sonnet_materialized_pending_v7,data/processed/project_gutenberg_resolved_v1/standard_sonnets/part-0001.txt,143312,143821,505,509,14,a53abda50f315e0f45ff043fae43885165a510080ba1a80bbb3aef8ce524dff8
pg61548:char100263-100825,61548,Le seduzioni - Le vergini folli,"Guglielminetti, Amalia",,pending_candidate_level_attribution_audit,nineteenth_century_bridge,Project Gutenberg,https://www.gutenberg.org/ebooks/61548,explicit_sonetti_section,4-4-3-3,14,Male s'umiliò la tua serena,morsa e bruciata dal suo stesso fuoco.,100263,100825,cedb98bbd7d8404042fbc9208296af270177d25ad2f9fc23fbe1609e8bd6f5d7,a5f5e03c5dffcf28153910a2b81cc491f009264630543fc27546f9ac1c1264a0,eligible_standard_sonnet_pending_processed_build,,,,,,,standard_sonnets,eligible_pending_v7_and_poem_attribution,standard_sonnet_materialized_pending_v7,data/processed/project_gutenberg_resolved_v1/standard_sonnets/part-0001.txt,143822,144320,495,498,14,a5f5e03c5dffcf28153910a2b81cc491f009264630543fc27546f9ac1c1264a0
pg61548:char100855-101447,61548,Le seduzioni - Le vergini folli,"Guglielminetti, Amalia",,pending_candidate_level_attribution_audit,nineteenth_century_bridge,Project Gutenberg,https://www.gutenberg.org/ebooks/61548,explicit_sonetti_section,4-4-3-3,14,"Peregrinando pe' sentieri umani,",ch'io la trovi e con gioia l'assapori.,100855,101447,21dd69dd4f7f92e3fad7f9d846aa522f83b7cd250839b86ee60b33ed0a9c4f87,128b97b008cc697a3a69dc1214ca5f9efd107c7c2d84f37a6e104eeb1862c8be,eligible_standard_sonnet_pending_processed_build,,,,,,,standard_sonnets,eligible_pending_v7_and_poem_attribution,standard_sonnet_materialized_pending_v7,data/processed/project_gutenberg_resolved_v1/standard_sonnets/part-0001.txt,144321,144857,525,536,14,128b97b008cc697a3a69dc1214ca5f9efd107c7c2d84f37a6e104eeb1862c8be
pg61548:char101462-102035,61548,Le seduzioni - Le vergini folli,"Guglielminetti, Amalia",,pending_candidate_level_attribution_audit,nineteenth_century_bridge,Project Gutenberg,https://www.gutenberg.org/ebooks/61548,explicit_sonetti_section,4-4-3-3,14,"Sorelle, presto dileguò il miraggio",Ma non dàn frutto steli di rosai.,101462,102035,9220f7794c2c192ca9f1bc6902f4ca15c9a051bcfd1f6109eec54034905f2fcc,1eac4eacdb49e89108b8959dd78dc2d50664a67b17faae83eb666fefad49257b,eligible_standard_sonnet_pending_processed_build,,,,,,,standard_sonnets,eligible_pending_v7_and_poem_attribution,standard_sonnet_materialized_pending_v7,data/processed/project_gutenberg_resolved_v1/standard_sonnets/part-0001.txt,144858,145371,506,513,14,1eac4eacdb49e89108b8959dd78dc2d50664a67b17faae83eb666fefad49257b
pg61548:char102050-102649,61548,Le seduzioni - Le vergini folli,"Guglielminetti, Amalia",,pending_candidate_level_attribution_audit,nineteenth_century_bridge,Project Gutenberg,https://www.gutenberg.org/ebooks/61548,explicit_sonetti_section,4-4-3-3,14,D'inganni ha sete la natura nostra,"che agonizzare, e non saper morire.",102050,102649,16bdfd903aa661c167ee12e3d6cb1079dd48fd2afc50fef4bc7f08f044722dab,22236c1cdad56a72efcede7b7491917d00b2bd3a97d9a5cd52acb50220bb8b47,eligible_standard_sonnet_pending_processed_build,,,,,,,standard_sonnets,eligible_pending_v7_and_poem_attribution,standard_sonnet_materialized_pending_v7,data/processed/project_gutenberg_resolved_v1/standard_sonnets/part-0001.txt,145372,145905,532,533,14,22236c1cdad56a72efcede7b7491917d00b2bd3a97d9a5cd52acb50220bb8b47
pg61548:char102666-103246,61548,Le seduzioni - Le vergini folli,"Guglielminetti, Amalia",,pending_candidate_level_attribution_audit,nineteenth_century_bridge,Project Gutenberg,https://www.gutenberg.org/ebooks/61548,explicit_sonetti_section,4-4-3-3,14,"Noi ci affidiamo incautamente, forse,",— Tutto o nulla per te. Giammai o sempre.,102666,103246,9a4b14d0854035650245502e3e82d3ce4f787459e703282f58085234e90cd366,0847510d1a3367eeb12e37905ab6acbc6a56af4536cd344b680460210dc93ce1,eligible_standard_sonnet_pending_processed_build,,,,,,,standard_sonnets,eligible_pending_v7_and_poem_attribution,standard_sonnet_materialized_pending_v7,data/processed/project_gutenberg_resolved_v1/standard_sonnets/part-0001.txt,145906,146428,513,522,14,0847510d1a3367eeb12e37905ab6acbc6a56af4536cd344b680460210dc93ce1
pg61548:char103263-103860,61548,Le seduzioni - Le vergini folli,"Guglielminetti, Amalia",,pending_candidate_level_attribution_audit,nineteenth_century_bridge,Project Gutenberg,https://www.gutenberg.org/ebooks/61548,explicit_sonetti_section,4-4-3-3,14,"Questa, o Sorelle, è della nostra vita","aspetta il sole, il donatore, il re.",103263,103860,c59c193a053ed27815d7576aadb97781dc5f66b008e80fce83b8011162b7f833,8b35d15a6472ed0a212e5c31fdf96314d0b577b34987039129236025432ffcb7,eligible_standard_sonnet_pending_processed_build,,,,,,,standard_sonnets,eligible_pending_v7_and_poem_attribution,standard_sonnet_materialized_pending_v7,data/processed/project_gutenberg_resolved_v1/standard_sonnets/part-0001.txt,146429,146969,530,540,14,8b35d15a6472ed0a212e5c31fdf96314d0b577b34987039129236025432ffcb7
pg61548:char103875-104475,61548,Le seduzioni - Le vergini folli,"Guglielminetti, Amalia",,pending_candidate_level_attribution_audit,nineteenth_century_bridge,Project Gutenberg,https://www.gutenberg.org/ebooks/61548,explicit_sonetti_section,4-4-3-3,14,"Un'ora di rivolta mi flagella,",e nel mio lungo strazio m'inabissa.,103875,104475,527c950f5fe3dd429a6b00bc957536d1f06f4496207b95c2986c67029573d46e,464a0f7694cc84ef89d56320c53e4ccf5f123017fa068f3ec82bf8333ec42b74,eligible_standard_sonnet_pending_processed_build,,,,,,,standard_sonnets,eligible_pending_v7_and_poem_attribution,standard_sonnet_materialized_pending_v7,data/processed/project_gutenberg_resolved_v1/standard_sonnets/part-0001.txt,146970,147509,533,539,14,464a0f7694cc84ef89d56320c53e4ccf5f123017fa068f3ec82bf8333ec42b74
pg61548:char104487-105085,61548,Le seduzioni - Le vergini folli,"Guglielminetti, Amalia",,pending_candidate_level_attribution_audit,nineteenth_century_bridge,Project Gutenberg,https://www.gutenberg.org/ebooks/61548,explicit_sonetti_section,4-4-3-3,14,Enigma oscuro della vita questo:,"nuocendo a sè, come nemica acerba.",104487,105085,cc3a070b564befadb557a39c8de052bb408f5381a4668b1730d900e1136041b7,64101f6dbac03653b8f17b81df4376ecd7f896e49094f0999e124dab9ddb1b6d,eligible_standard_sonnet_pending_processed_build,,,,,,,standard_sonnets,eligible_pending_v7_and_poem_attribution,standard_sonnet_materialized_pending_v7,data/processed/project_gutenberg_resolved_v1/standard_sonnets/part-0001.txt,147510,148054,531,544,14,64101f6dbac03653b8f17b81df4376ecd7f896e49094f0999e124dab9ddb1b6d
pg61548:char105095-105688,61548,Le seduzioni - Le vergini folli,"Guglielminetti, Amalia",,pending_candidate_level_attribution_audit,nineteenth_century_bridge,Project Gutenberg,https://www.gutenberg.org/ebooks/61548,explicit_sonetti_section,4-4-3-3,14,Quando amor vuole imporre aspra catena,E l'ironia ci ride allegra in faccia.,105095,105688,f9484a08d2d0f79a34bebf1d1e9f901325d6605bfcc54b2ecd874aedadcfc30c,da96fbe216f6e08bd527791cc19652ba2901e031e84a2691be14a04ef1dcf7ae,eligible_standard_sonnet_pending_processed_build,,,,,,,standard_sonnets,eligible_pending_v7_and_poem_attribution,standard_sonnet_materialized_pending_v7,data/processed/project_gutenberg_resolved_v1/standard_sonnets/part-0001.txt,148055,148586,526,531,14,da96fbe216f6e08bd527791cc19652ba2901e031e84a2691be14a04ef1dcf7ae
pg61548:char105708-106287,61548,Le seduzioni - Le vergini folli,"Guglielminetti, Amalia",,pending_candidate_level_attribution_audit,nineteenth_century_bridge,Project Gutenberg,https://www.gutenberg.org/ebooks/61548,explicit_sonetti_section,4-4-3-3,14,Dove un dolente amore si nasconde,L'altra avventarle un morso disumano.,105708,106287,971f46ef47c5a72a3aacc80fe104a715d6fc36d9b3623f38a1e9582a8d00af00,da94835169967d9e9d2d4541df930d3605f07fc9b49c19185ba8bf881cdcdaad,eligible_standard_sonnet_pending_processed_build,,,,,,,standard_sonnets,eligible_pending_v7_and_poem_attribution,standard_sonnet_materialized_pending_v7,data/processed/project_gutenberg_resolved_v1/standard_sonnets/part-0001.txt,148587,149101,512,514,14,da94835169967d9e9d2d4541df930d3605f07fc9b49c19185ba8bf881cdcdaad
pg61548:char106297-106885,61548,Le seduzioni - Le vergini folli,"Guglielminetti, Amalia",,pending_candidate_level_attribution_audit,nineteenth_century_bridge,Project Gutenberg,https://www.gutenberg.org/ebooks/61548,explicit_sonetti_section,4-4-3-3,14,"Più che tremor di pianti trattenuti,","Facile è l'arte, dove amor non morse.",106297,106885,7a0d85ca05a73032cf7a9b87c41c53950990b1ea87719486808826aff2a55680,b3d22c69e7d30539dc7e4a1fc659385c0b4ea7cace703ebbf3229ba0fe77b517,eligible_standard_sonnet_pending_processed_build,,,,,,,standard_sonnets,eligible_pending_v7_and_poem_attribution,standard_sonnet_materialized_pending_v7,data/processed/project_gutenberg_resolved_v1/standard_sonnets/part-0001.txt,149102,149631,521,529,14,b3d22c69e7d30539dc7e4a1fc659385c0b4ea7cace703ebbf3229ba0fe77b517
pg61548:char106908-107494,61548,Le seduzioni - Le vergini folli,"Guglielminetti, Amalia",,pending_candidate_level_attribution_audit,nineteenth_century_bridge,Project Gutenberg,https://www.gutenberg.org/ebooks/61548,explicit_sonetti_section,4-4-3-3,14,"Bellezza della vita, io non ti trovo.",d'antiche norme fra leggiadri schermi.,106908,107494,69702ebccb7ddf7aa21ec3eb8a325fe06ec23a0bd813b9e3bb16bc2b4d0058e6,836383fd50bd49c38e4235ebab3729660a3c465658c425406d1fa87e5414f867,eligible_standard_sonnet_pending_processed_build,,,,,,,standard_sonnets,eligible_pending_v7_and_poem_attribution,standard_sonnet_materialized_pending_v7,data/processed/project_gutenberg_resolved_v1/standard_sonnets/part-0001.txt,149632,150151,519,519,14,836383fd50bd49c38e4235ebab3729660a3c465658c425406d1fa87e5414f867
pg61548:char107506-108117,61548,Le seduzioni - Le vergini folli,"Guglielminetti, Amalia",,pending_candidate_level_attribution_audit,nineteenth_century_bridge,Project Gutenberg,https://www.gutenberg.org/ebooks/61548,explicit_sonetti_section,4-4-3-3,14,Di questa lunga attesa che vi snerva,"Noi non mancammo, a noi mancò il Destino",107506,108117,3d0eefad8438966ba08c03d2020eca9edc55f2e881bf66f94c4c4006b8d46c63,8eb32e995a3158ba3d508413e55426e2972f8946437d27658834bbebd3e6adfd,eligible_standard_sonnet_pending_processed_build,,,,,,,standard_sonnets,eligible_pending_v7_and_poem_attribution,standard_sonnet_materialized_pending_v7,data/processed/project_gutenberg_resolved_v1/standard_sonnets/part-0001.txt,150152,150700,544,548,14,8eb32e995a3158ba3d508413e55426e2972f8946437d27658834bbebd3e6adfd
pg61548:char108129-108694,61548,Le seduzioni - Le vergini folli,"Guglielminetti, Amalia",,pending_candidate_level_attribution_audit,nineteenth_century_bridge,Project Gutenberg,https://www.gutenberg.org/ebooks/61548,explicit_sonetti_section,4-4-3-3,14,Del suo primo esitar non va disciolta,possa il suo ardire umiliar me sola.,108129,108694,20c644a8a8d28d96b33bfe63eec6c9bb2adff0487f3acb5bf32cbafc3e0d5b49,a31b90745b09239fd5876ceba6190b0edc17549e3d042d79d4ef7dfb1ab09f3d,eligible_standard_sonnet_pending_processed_build,,,,,,,standard_sonnets,eligible_pending_v7_and_poem_attribution,standard_sonnet_materialized_pending_v7,data/processed/project_gutenberg_resolved_v1/standard_sonnets/part-0001.txt,150701,151201,498,500,14,a31b90745b09239fd5876ceba6190b0edc17549e3d042d79d4ef7dfb1ab09f3d
pg62892:char12758-13317,62892,I Tre Giulj: o sieno Sonetti di Niceste Abideno sopra l'Importunità di; un Creditor di Tre Giulj,"Casti, Giovanni Battista",,pending_candidate_level_attribution_audit,nineteenth_century_bridge,Project Gutenberg,https://www.gutenberg.org/ebooks/62892,explicit_sonetto_heading,4-4-3-3,14,"Altri canti il valore, e la pietà,",In varie guise descrivendo vo.,12758,13317,8a0a65ae9065c4db25d282228c62bec9559966383aec8d2105096ed6c4228bec,2bc6efac473fd2eec5bf1dca93fbc30290e937baa71fd42619193559fe4daf3e,eligible_standard_sonnet_pending_processed_build,,,,,,,standard_sonnets,eligible_pending_v7_and_poem_attribution,standard_sonnet_materialized_pending_v7,data/processed/project_gutenberg_resolved_v1/standard_sonnets/part-0001.txt,151202,151692,480,490,14,2bc6efac473fd2eec5bf1dca93fbc30290e937baa71fd42619193559fe4daf3e
pg62892:char13328-13923,62892,I Tre Giulj: o sieno Sonetti di Niceste Abideno sopra l'Importunità di; un Creditor di Tre Giulj,"Casti, Giovanni Battista",,pending_candidate_level_attribution_audit,nineteenth_century_bridge,Project Gutenberg,https://www.gutenberg.org/ebooks/62892,explicit_sonetto_heading,4-4-3-3,14,"Se già negli anni di mia gioventù,","De' Sorci, e delle Rane alfin cantò.",13328,13923,96d020824fa94d38a21a40d05b676e960bb37f60999c45e7544c3818de42d20b,f8d9ce46a6d3a024eab06131b25e91f2b9325f2828399d49800d76e201ab5c31,eligible_standard_sonnet_pending_processed_build,,,,,,,standard_sonnets,eligible_pending_v7_and_poem_attribution,standard_sonnet_materialized_pending_v7,data/processed/project_gutenberg_resolved_v1/standard_sonnets/part-0001.txt,151693,152227,516,534,14,f8d9ce46a6d3a024eab06131b25e91f2b9325f2828399d49800d76e201ab5c31
pg62892:char13934-14515,62892,I Tre Giulj: o sieno Sonetti di Niceste Abideno sopra l'Importunità di; un Creditor di Tre Giulj,"Casti, Giovanni Battista",,pending_candidate_level_attribution_audit,nineteenth_century_bridge,Project Gutenberg,https://www.gutenberg.org/ebooks/62892,explicit_sonetto_heading,4-4-3-3,14,"Lungi o favole, o sogni: altri già fu,",La vera Istoria delli Giulj tre.,13934,14515,3362c0bc29c910d3fcde39c61b1b5c64b2fc8e77ca51b11e515be9031a4c2ddf,1e66c1aa32be352b4dda7629784d279803c25952bb4b86af0d4950c2858275c1,eligible_standard_sonnet_pending_processed_build,,,,,,,standard_sonnets,eligible_pending_v7_and_poem_attribution,standard_sonnet_materialized_pending_v7,data/processed/project_gutenberg_resolved_v1/standard_sonnets/part-0001.txt,152228,152740,502,512,14,1e66c1aa32be352b4dda7629784d279803c25952bb4b86af0d4950c2858275c1
pg62892:char14526-15081,62892,I Tre Giulj: o sieno Sonetti di Niceste Abideno sopra l'Importunità di; un Creditor di Tre Giulj,"Casti, Giovanni Battista",,pending_candidate_level_attribution_audit,nineteenth_century_bridge,Project Gutenberg,https://www.gutenberg.org/ebooks/62892,explicit_sonetto_heading,4-4-3-3,14,"Chi crederia, che arida selce, e che",Moccoletti poetici allumò.,14526,15081,eb0d685c4e5fd19eb788af68b811c22b5cac0e161484619cf1f4eb4f8078df42,68597ff28933c533c56ce833cff74a1c50fbdded85f0f4901f927b226b9197c3,eligible_standard_sonnet_pending_processed_build,,,,,,,standard_sonnets,eligible_pending_v7_and_poem_attribution,standard_sonnet_materialized_pending_v7,data/processed/project_gutenberg_resolved_v1/standard_sonnets/part-0001.txt,152741,153225,476,484,14,68597ff28933c533c56ce833cff74a1c50fbdded85f0f4901f927b226b9197c3
pg62892:char15092-15683,62892,I Tre Giulj: o sieno Sonetti di Niceste Abideno sopra l'Importunità di; un Creditor di Tre Giulj,"Casti, Giovanni Battista",,pending_candidate_level_attribution_audit,nineteenth_century_bridge,Project Gutenberg,https://www.gutenberg.org/ebooks/62892,explicit_sonetto_heading,4-4-3-3,14,Di bella lode ardente avidità,E girando la ruota un Orcio uscì.,15092,15683,bd6d65d062e2152ce78078da7f2230266ae316d09115fffb8049e1705367604c,e23c55b44464bd38e5858b96286a60f75b9a3e37fb92557159097da3d65c4cb4,eligible_standard_sonnet_pending_processed_build,,,,,,,standard_sonnets,eligible_pending_v7_and_poem_attribution,standard_sonnet_materialized_pending_v7,data/processed/project_gutenberg_resolved_v1/standard_sonnets/part-0001.txt,153226,153748,512,522,14,e23c55b44464bd38e5858b96286a60f75b9a3e37fb92557159097da3d65c4cb4
pg62892:char15694-16275,62892,I Tre Giulj: o sieno Sonetti di Niceste Abideno sopra l'Importunità di; un Creditor di Tre Giulj,"Casti, Giovanni Battista",,pending_candidate_level_attribution_audit,nineteenth_century_bridge,Project Gutenberg,https://www.gutenberg.org/ebooks/62892,explicit_sonetto_heading,4-4-3-3,14,"Senza quella sublime alma virtù,",Potria forse piacer la novità.,15694,16275,af87ae27baba1cf0240a775a01275e6ae18c31649167334402b566b89d68e42d,7e66862cb46a061f673c491f7e46c687909e9e9f5a8e9e1e1fa8875f53d078fc,eligible_standard_sonnet_pending_processed_build,,,,,,,standard_sonnets,eligible_pending_v7_and_poem_attribution,standard_sonnet_materialized_pending_v7,data/processed/project_gutenberg_resolved_v1/standard_sonnets/part-0001.txt,153749,154265,502,516,14,7e66862cb46a061f673c491f7e46c687909e9e9f5a8e9e1e1fa8875f53d078fc
pg62892:char16286-16849,62892,I Tre Giulj: o sieno Sonetti di Niceste Abideno sopra l'Importunità di; un Creditor di Tre Giulj,"Casti, Giovanni Battista",,pending_candidate_level_attribution_audit,nineteenth_century_bridge,Project Gutenberg,https://www.gutenberg.org/ebooks/62892,explicit_sonetto_heading,4-4-3-3,14,"Voi, che udite le mie calamità,",Non avrete mai più di pace un di.,16286,16849,c81fec734dcf31252cd1c27eaf7fb46850b2790b8cb6dc414015d86ca668de4a,ec6a11e5b09746a8ea0505bd3f2a66de338fd2be601910b64bce831f49d79095,eligible_standard_sonnet_pending_processed_build,,,,,,,standard_sonnets,eligible_pending_v7_and_poem_attribution,standard_sonnet_materialized_pending_v7,data/processed/project_gutenberg_resolved_v1/standard_sonnets/part-0001.txt,154266,154765,484,499,14,ec6a11e5b09746a8ea0505bd3f2a66de338fd2be601910b64bce831f49d79095
pg62892:char16860-17420,62892,I Tre Giulj: o sieno Sonetti di Niceste Abideno sopra l'Importunità di; un Creditor di Tre Giulj,"Casti, Giovanni Battista",,pending_candidate_level_attribution_audit,nineteenth_century_bridge,Project Gutenberg,https://www.gutenberg.org/ebooks/62892,explicit_sonetto_heading,4-4-3-3,14,"Finchè guai non mi afflissero, finchè","In guisa tal, che strepitar la fa.",16860,17420,7dccf5468c529c6cf8aa2126a606b0c9854e097dbf8c7e93de58f46ef4af6bb2,d6e0dd7fcd419b968f9fa3ff039d3e9646324a92e6df45bd882f855e2ad736ed,eligible_standard_sonnet_pending_processed_build,,,,,,,standard_sonnets,eligible_pending_v7_and_poem_attribution,standard_sonnet_materialized_pending_v7,data/processed/project_gutenberg_resolved_v1/standard_sonnets/part-0001.txt,154766,155262,481,496,14,d6e0dd7fcd419b968f9fa3ff039d3e9646324a92e6df45bd882f855e2ad736ed
pg62892:char17431-17986,62892,I Tre Giulj: o sieno Sonetti di Niceste Abideno sopra l'Importunità di; un Creditor di Tre Giulj,"Casti, Giovanni Battista",,pending_candidate_level_attribution_audit,nineteenth_century_bridge,Project Gutenberg,https://www.gutenberg.org/ebooks/62892,explicit_sonetto_heading,4-4-3-3,14,"Io, che folle vantava un tempo fa",Che trarsi l'importuno indi non può.,17431,17986,bdbe9350ffaacc9205160b03c618243e5b0237802940d373b5d818dad1e1fdbe,97c4508e0fb3562573134cedf340ae73babd99be6b2adafb40426d24bc57b838,eligible_standard_sonnet_pending_processed_build,,,,,,,standard_sonnets,eligible_pending_v7_and_poem_attribution,standard_sonnet_materialized_pending_v7,data/processed/project_gutenberg_resolved_v1/standard_sonnets/part-0001.txt,155263,155753,476,490,14,97c4508e0fb3562573134cedf340ae73babd99be6b2adafb40426d24bc57b838
pg62892:char17997-18577,62892,I Tre Giulj: o sieno Sonetti di Niceste Abideno sopra l'Importunità di; un Creditor di Tre Giulj,"Casti, Giovanni Battista",,pending_candidate_level_attribution_audit,nineteenth_century_bridge,Project Gutenberg,https://www.gutenberg.org/ebooks/62892,explicit_sonetto_heading,4-4-3-3,14,"Che sia il debito un mal, dubio non v'ha,","Di te lagnando, o Creditor mi vo.",17997,18577,7e1f31aefb4df9d6d8d407939516fe253c1366e2f9eab60a30feb05b67c1660b,1896b3a5d08aa04266ac75a3bec420a69f0aed3890a3f7cb94226dbc3502be96,eligible_standard_sonnet_pending_processed_build,,,,,,,standard_sonnets,eligible_pending_v7_and_poem_attribution,standard_sonnet_materialized_pending_v7,data/processed/project_gutenberg_resolved_v1/standard_sonnets/part-0001.txt,155754,156265,501,511,14,1896b3a5d08aa04266ac75a3bec420a69f0aed3890a3f7cb94226dbc3502be96
pg62892:char18588-19135,62892,I Tre Giulj: o sieno Sonetti di Niceste Abideno sopra l'Importunità di; un Creditor di Tre Giulj,"Casti, Giovanni Battista",,pending_candidate_level_attribution_audit,nineteenth_century_bridge,Project Gutenberg,https://www.gutenberg.org/ebooks/62892,explicit_sonetto_heading,4-4-3-3,14,Quando un atto spessissimo si fa,E per abito anch'io dico: non gli ho.,18588,19135,fe6115115db1fae0abf136c56a8f4b29fedfb20f19b02da59bf3e8fcc410526f,7a5a7ab8753995770df7ed20654e43cba5ab51b183c1fdadaec0d46b913f9c16,eligible_standard_sonnet_pending_processed_build,,,,,,,standard_sonnets,eligible_pending_v7_and_poem_attribution,standard_sonnet_materialized_pending_v7,data/processed/project_gutenberg_resolved_v1/standard_sonnets/part-0001.txt,156266,156744,468,478,14,7a5a7ab8753995770df7ed20654e43cba5ab51b183c1fdadaec0d46b913f9c16
pg62892:char19146-19715,62892,I Tre Giulj: o sieno Sonetti di Niceste Abideno sopra l'Importunità di; un Creditor di Tre Giulj,"Casti, Giovanni Battista",,pending_candidate_level_attribution_audit,nineteenth_century_bridge,Project Gutenberg,https://www.gutenberg.org/ebooks/62892,explicit_sonetto_heading,4-4-3-3,14,"Dunque mentre mi chiedi i Giulj tre,",Che qual macchina sol operi tu.,19146,19715,f8997cf72a64fdd1a5cdc655bc4004bad444c4956b7f1beb619827754e48bd06,e9d3e7ad3d2d2a9b52273402cd4f9cb465a06f0106e2391081f755411305d566,eligible_standard_sonnet_pending_processed_build,,,,,,,standard_sonnets,eligible_pending_v7_and_poem_attribution,standard_sonnet_materialized_pending_v7,data/processed/project_gutenberg_resolved_v1/standard_sonnets/part-0001.txt,156745,157243,490,498,14,e9d3e7ad3d2d2a9b52273402cd4f9cb465a06f0106e2391081f755411305d566
pg62892:char19726-20291,62892,I Tre Giulj: o sieno Sonetti di Niceste Abideno sopra l'Importunità di; un Creditor di Tre Giulj,"Casti, Giovanni Battista",,pending_candidate_level_attribution_audit,nineteenth_century_bridge,Project Gutenberg,https://www.gutenberg.org/ebooks/62892,explicit_sonetto_heading,4-4-3-3,14,Io non potrò dimenticar mai più,L'epoca de' miei guai fin da quel dì.,19726,20291,bc4af1d430a817041129980d6f6bf7daec001601e9286b48d5bc4c6e3d7927ca,e2dcfe147bc51d06a7eb648bc42385b76e6576ad5c843d572163d5e89c8973f7,eligible_standard_sonnet_pending_processed_build,,,,,,,standard_sonnets,eligible_pending_v7_and_poem_attribution,standard_sonnet_materialized_pending_v7,data/processed/project_gutenberg_resolved_v1/standard_sonnets/part-0001.txt,157244,157741,486,497,14,e2dcfe147bc51d06a7eb648bc42385b76e6576ad5c843d572163d5e89c8973f7
pg62892:char20302-20865,62892,I Tre Giulj: o sieno Sonetti di Niceste Abideno sopra l'Importunità di; un Creditor di Tre Giulj,"Casti, Giovanni Battista",,pending_candidate_level_attribution_audit,nineteenth_century_bridge,Project Gutenberg,https://www.gutenberg.org/ebooks/62892,explicit_sonetto_heading,4-4-3-3,14,"Vaghe colline, ombrose amenità,",Che quasi necessario omai si fe.,20302,20865,edbcc17af783159998409cc9ad5a024a3a1b721db6dab2aad931d1460358dce7,2e9567a880389a990681a2c45fbb7d4d562c8b1d370aecd3cc6b7c4d2ce99864,eligible_standard_sonnet_pending_processed_build,,,,,,,standard_sonnets,eligible_pending_v7_and_poem_attribution,standard_sonnet_materialized_pending_v7,data/processed/project_gutenberg_resolved_v1/standard_sonnets/part-0001.txt,157742,158235,484,493,14,2e9567a880389a990681a2c45fbb7d4d562c8b1d370aecd3cc6b7c4d2ce99864
pg62892:char20876-21452,62892,I Tre Giulj: o sieno Sonetti di Niceste Abideno sopra l'Importunità di; un Creditor di Tre Giulj,"Casti, Giovanni Battista",,pending_candidate_level_attribution_audit,nineteenth_century_bridge,Project Gutenberg,https://www.gutenberg.org/ebooks/62892,explicit_sonetto_heading,4-4-3-3,14,"Mai l'Uom felice in vita sua non fu,",Solennemente il compimento diè.,20876,21452,3c8c0f7fad67f7b7234f87252caf96fec8b71668ac5636e26b83db033a180adf,3defa385a91fa03f38ef0a35b3ff8a346f039b27fc75a95cd58f9690bd9b27f5,eligible_standard_sonnet_pending_processed_build,,,,,,,standard_sonnets,eligible_pending_v7_and_poem_attribution,standard_sonnet_materialized_pending_v7,data/processed/project_gutenberg_resolved_v1/standard_sonnets/part-0001.txt,158236,158746,497,510,14,3defa385a91fa03f38ef0a35b3ff8a346f039b27fc75a95cd58f9690bd9b27f5
pg62892:char21463-22044,62892,I Tre Giulj: o sieno Sonetti di Niceste Abideno sopra l'Importunità di; un Creditor di Tre Giulj,"Casti, Giovanni Battista",,pending_candidate_level_attribution_audit,nineteenth_century_bridge,Project Gutenberg,https://www.gutenberg.org/ebooks/62892,explicit_sonetto_heading,4-4-3-3,14,"O Bambolin, che nella prima età",Chi ti tormenti ognor per Giulj tre.,21463,22044,7138bf07f859b7fa8b6236cbd86bb563e6d9e888e2c45b59087724fcf45f30f6,9815d52ed4d915704188d560ddce3f0e5e596ae570a99aed64b86e119cc5786a,eligible_standard_sonnet_pending_processed_build,,,,,,,standard_sonnets,eligible_pending_v7_and_poem_attribution,standard_sonnet_materialized_pending_v7,data/processed/project_gutenberg_resolved_v1/standard_sonnets/part-0001.txt,158747,159265,502,518,14,9815d52ed4d915704188d560ddce3f0e5e596ae570a99aed64b86e119cc5786a
pg62892:char22055-22630,62892,I Tre Giulj: o sieno Sonetti di Niceste Abideno sopra l'Importunità di; un Creditor di Tre Giulj,"Casti, Giovanni Battista",,pending_candidate_level_attribution_audit,nineteenth_century_bridge,Project Gutenberg,https://www.gutenberg.org/ebooks/62892,explicit_sonetto_heading,4-4-3-3,14,"Canta lo stanco Passaggier, che a piè","Giacch'è tutt'un, ch'io me ne affligga, o nò.",22055,22630,fa936db5ba328cd0a4cc0875e945f0e53d1df039e62560b14f1f30a076f9cadd,33bb49edf02bc1fc7fa7b6bff52901eb21d9cdf570f0d2d335b5fcf607edb082,eligible_standard_sonnet_pending_processed_build,,,,,,,standard_sonnets,eligible_pending_v7_and_poem_attribution,standard_sonnet_materialized_pending_v7,data/processed/project_gutenberg_resolved_v1/standard_sonnets/part-0001.txt,159266,159775,496,509,14,33bb49edf02bc1fc7fa7b6bff52901eb21d9cdf570f0d2d335b5fcf607edb082
pg62892:char22641-23225,62892,I Tre Giulj: o sieno Sonetti di Niceste Abideno sopra l'Importunità di; un Creditor di Tre Giulj,"Casti, Giovanni Battista",,pending_candidate_level_attribution_audit,nineteenth_century_bridge,Project Gutenberg,https://www.gutenberg.org/ebooks/62892,explicit_sonetto_heading,4-4-3-3,14,"Se a rimirar qualche augelletto sto,",Ho attorno il Creditor de' Giulj tre.,22641,23225,30c399f38f3bcaa3ffc728703c4d4cd1563732cb0db8f9def1f3ffc8c88407db,06e75de99e6d6473bdd5d38ec407b856471cf471ed3609347522872b2fe55ea1,eligible_standard_sonnet_pending_processed_build,,,,,,,standard_sonnets,eligible_pending_v7_and_poem_attribution,standard_sonnet_materialized_pending_v7,data/processed/project_gutenberg_resolved_v1/standard_sonnets/part-0001.txt,159776,160295,505,519,14,06e75de99e6d6473bdd5d38ec407b856471cf471ed3609347522872b2fe55ea1
pg62892:char23236-23811,62892,I Tre Giulj: o sieno Sonetti di Niceste Abideno sopra l'Importunità di; un Creditor di Tre Giulj,"Casti, Giovanni Battista",,pending_candidate_level_attribution_audit,nineteenth_century_bridge,Project Gutenberg,https://www.gutenberg.org/ebooks/62892,explicit_sonetto_heading,4-4-3-3,14,"Tu mi chiedi danari, ed io non gli ho,[2]","Hai tempo a dir: quel, che non c'è, non c'è.",23236,23811,677cabd4270babdfb002cb0c56a529aafcfff8485850df1be91c1081c1bc41f5,12c1d3281defd980ca76855c450642c537dc062de7e51aa3bc3d7579a41c68a6,eligible_standard_sonnet_pending_processed_build,,,,,,,standard_sonnets,eligible_pending_v7_and_poem_attribution,standard_sonnet_materialized_pending_v7,data/processed/project_gutenberg_resolved_v1/standard_sonnets/part-0001.txt,160296,160808,496,512,14,12c1d3281defd980ca76855c450642c537dc062de7e51aa3bc3d7579a41c68a6
pg62892:char23822-24378,62892,I Tre Giulj: o sieno Sonetti di Niceste Abideno sopra l'Importunità di; un Creditor di Tre Giulj,"Casti, Giovanni Battista",,pending_candidate_level_attribution_audit,nineteenth_century_bridge,Project Gutenberg,https://www.gutenberg.org/ebooks/62892,explicit_sonetto_heading,4-4-3-3,14,Mentre la greggia pascolava un dì[3],Il Creditor non mi trovasse più.,23822,24378,d0f0ba89c98023e00a9ef173134ab6fd7b8dd3b8af3c573b1fffe5135bd4f76f,692ff2127a0c3a6600fe491fcd33543dc822d334e07ed1f7dc3da7877b76f9e6,eligible_standard_sonnet_pending_processed_build,,,,,,,standard_sonnets,eligible_pending_v7_and_poem_attribution,standard_sonnet_materialized_pending_v7,data/processed/project_gutenberg_resolved_v1/standard_sonnets/part-0001.txt,160809,161302,477,493,14,692ff2127a0c3a6600fe491fcd33543dc822d334e07ed1f7dc3da7877b76f9e6
pg62892:char24389-24935,62892,I Tre Giulj: o sieno Sonetti di Niceste Abideno sopra l'Importunità di; un Creditor di Tre Giulj,"Casti, Giovanni Battista",,pending_candidate_level_attribution_audit,nineteenth_century_bridge,Project Gutenberg,https://www.gutenberg.org/ebooks/62892,explicit_sonetto_heading,4-4-3-3,14,"Se colla produttrice alma virtù,",Che pregievoli rende i Giulj tre.,24389,24935,985be3d7561311b216993126f38987d8a8691ae5ff391f66c9dbbf2b673335cc,2e7239c762a748b29a1c6fb7c587298df62ce58710431278f9c6b118ed8df64a,eligible_standard_sonnet_pending_processed_build,,,,,,,standard_sonnets,eligible_pending_v7_and_poem_attribution,standard_sonnet_materialized_pending_v7,data/processed/project_gutenberg_resolved_v1/standard_sonnets/part-0001.txt,161303,161780,467,477,14,2e7239c762a748b29a1c6fb7c587298df62ce58710431278f9c6b118ed8df64a
pg62892:char24946-25526,62892,I Tre Giulj: o sieno Sonetti di Niceste Abideno sopra l'Importunità di; un Creditor di Tre Giulj,"Casti, Giovanni Battista",,pending_candidate_level_attribution_audit,nineteenth_century_bridge,Project Gutenberg,https://www.gutenberg.org/ebooks/62892,explicit_sonetto_heading,4-4-3-3,14,Or che Europa tra fiere ostilità,Sol mi occupa l'affar de' Giulj tre.,24946,25526,552d3bcf75a510b250260b7cf597a922837706e18790cab05ef8421b416e2604,674ed1a21b981e45726a8d220447b79e430281061e99383f7bd9a09fd898461a,eligible_standard_sonnet_pending_processed_build,,,,,,,standard_sonnets,eligible_pending_v7_and_poem_attribution,standard_sonnet_materialized_pending_v7,data/processed/project_gutenberg_resolved_v1/standard_sonnets/part-0001.txt,161781,162295,501,514,14,674ed1a21b981e45726a8d220447b79e430281061e99383f7bd9a09fd898461a
pg62892:char25537-26083,62892,I Tre Giulj: o sieno Sonetti di Niceste Abideno sopra l'Importunità di; un Creditor di Tre Giulj,"Casti, Giovanni Battista",,pending_candidate_level_attribution_audit,nineteenth_century_bridge,Project Gutenberg,https://www.gutenberg.org/ebooks/62892,explicit_sonetto_heading,4-4-3-3,14,Oppressa dai gran debiti allorchè[4],Se del debito mio non parli più.,25537,26083,66244d782ceb253a788dcc1d4b2f128c457d879741a7b228b2113104fc40d4ef,d1b0a6beafa900edc457719843f6afe7dd863a63c495c400ee388afd28d9dc8c,eligible_standard_sonnet_pending_processed_build,,,,,,,standard_sonnets,eligible_pending_v7_and_poem_attribution,standard_sonnet_materialized_pending_v7,data/processed/project_gutenberg_resolved_v1/standard_sonnets/part-0001.txt,162296,162776,467,480,14,d1b0a6beafa900edc457719843f6afe7dd863a63c495c400ee388afd28d9dc8c
pg62892:char26094-26644,62892,I Tre Giulj: o sieno Sonetti di Niceste Abideno sopra l'Importunità di; un Creditor di Tre Giulj,"Casti, Giovanni Battista",,pending_candidate_level_attribution_audit,nineteenth_century_bridge,Project Gutenberg,https://www.gutenberg.org/ebooks/62892,explicit_sonetto_heading,4-4-3-3,14,Vincolo conjugal non mi legò,Tanti Creditorelli intorno a me.,26094,26644,dec839fea541a647bd9d8225cbb1824705f286343fb69a9753587f720d39baca,acfac629bd2253c9a2ab20398c2489ffd8711feed798ce1e35556f980ec1672e,eligible_standard_sonnet_pending_processed_build,,,,,,,standard_sonnets,eligible_pending_v7_and_poem_attribution,standard_sonnet_materialized_pending_v7,data/processed/project_gutenberg_resolved_v1/standard_sonnets/part-0001.txt,162777,163260,471,483,14,acfac629bd2253c9a2ab20398c2489ffd8711feed798ce1e35556f980ec1672e
pg62892:char26655-27229,62892,I Tre Giulj: o sieno Sonetti di Niceste Abideno sopra l'Importunità di; un Creditor di Tre Giulj,"Casti, Giovanni Battista",,pending_candidate_level_attribution_audit,nineteenth_century_bridge,Project Gutenberg,https://www.gutenberg.org/ebooks/62892,explicit_sonetto_heading,4-4-3-3,14,"Io mi sognai, saran due notti, o tre,",Sempre Costui m'inquieterà così?,26655,27229,56d6d1bee7715f254378dae89debe1d8f19c440fe6644dc16f519f8ebb91f69b,8196efe7c913ef5261f889ee2eb4fee6c82399885f9f06382a71d67bd228b4af,eligible_standard_sonnet_pending_processed_build,,,,,,,standard_sonnets,eligible_pending_v7_and_poem_attribution,standard_sonnet_materialized_pending_v7,data/processed/project_gutenberg_resolved_v1/standard_sonnets/part-0001.txt,163261,163767,495,506,14,8196efe7c913ef5261f889ee2eb4fee6c82399885f9f06382a71d67bd228b4af
pg62892:char27240-27833,62892,I Tre Giulj: o sieno Sonetti di Niceste Abideno sopra l'Importunità di; un Creditor di Tre Giulj,"Casti, Giovanni Battista",,pending_candidate_level_attribution_audit,nineteenth_century_bridge,Project Gutenberg,https://www.gutenberg.org/ebooks/62892,explicit_sonetto_heading,4-4-3-3,14,"Dimmi, che giova, o Creditor, che tu","Che danari io ti dia, quando non gli ho.",27240,27833,439f0e7a9f5cba2be6d494129db873cc4b40559691479f615b2f12868f266453,766bbeece9cab2f5c494e2d90cc98fd2d023b1aee4e4d30b08b325883a3e66df,eligible_standard_sonnet_pending_processed_build,,,,,,,standard_sonnets,eligible_pending_v7_and_poem_attribution,standard_sonnet_materialized_pending_v7,data/processed/project_gutenberg_resolved_v1/standard_sonnets/part-0001.txt,163768,164294,514,526,14,766bbeece9cab2f5c494e2d90cc98fd2d023b1aee4e4d30b08b325883a3e66df
pg62892:char27844-28401,62892,I Tre Giulj: o sieno Sonetti di Niceste Abideno sopra l'Importunità di; un Creditor di Tre Giulj,"Casti, Giovanni Battista",,pending_candidate_level_attribution_audit,nineteenth_century_bridge,Project Gutenberg,https://www.gutenberg.org/ebooks/62892,explicit_sonetto_heading,4-4-3-3,14,"Mi ricordo aver letto in un Rabbì,",Terminasse l'affar de' Giulj tre.,27844,28401,28a496949d155587f8731f6d5ddca1eb88bff5200aa5cc97738c5aec3592192b,918c2f38d29a35a12dcb8deab05267a99301ebe33ed0214fe7ceacfa32de5c46,eligible_standard_sonnet_pending_processed_build,,,,,,,standard_sonnets,eligible_pending_v7_and_poem_attribution,standard_sonnet_materialized_pending_v7,data/processed/project_gutenberg_resolved_v1/standard_sonnets/part-0001.txt,164295,164786,478,491,14,918c2f38d29a35a12dcb8deab05267a99301ebe33ed0214fe7ceacfa32de5c46
pg62892:char28412-28990,62892,I Tre Giulj: o sieno Sonetti di Niceste Abideno sopra l'Importunità di; un Creditor di Tre Giulj,"Casti, Giovanni Battista",,pending_candidate_level_attribution_audit,nineteenth_century_bridge,Project Gutenberg,https://www.gutenberg.org/ebooks/62892,explicit_sonetto_heading,4-4-3-3,14,Non è il debito un mal che abbia con se,"Se un Creditor non ha, come sei tu.",28412,28990,d6777ec6381033a8a6c91cf2921bf211b9c40d84739e9d31068c01a7bf795faf,253cb3189a93246685c44a0d1977d82c25c9956be2bee47ef3329bb256873155,eligible_standard_sonnet_pending_processed_build,,,,,,,standard_sonnets,eligible_pending_v7_and_poem_attribution,standard_sonnet_materialized_pending_v7,data/processed/project_gutenberg_resolved_v1/standard_sonnets/part-0001.txt,164787,165299,499,512,14,253cb3189a93246685c44a0d1977d82c25c9956be2bee47ef3329bb256873155
pg62892:char29001-29569,62892,I Tre Giulj: o sieno Sonetti di Niceste Abideno sopra l'Importunità di; un Creditor di Tre Giulj,"Casti, Giovanni Battista",,pending_candidate_level_attribution_audit,nineteenth_century_bridge,Project Gutenberg,https://www.gutenberg.org/ebooks/62892,explicit_sonetto_heading,4-4-3-3,14,L'uso scema il piacer: Cosa non v'ha,Nè di chieder mai cessi i Giulj tre.,29001,29569,7476fca493163fdd9c9fcf170a054c99365b453fb6620e043540387d45d300eb,6c2e15e5bf093802d44f37187b5e997687b85c19cb7bc9525bbf9ced341d2876,eligible_standard_sonnet_pending_processed_build,,,,,,,standard_sonnets,eligible_pending_v7_and_poem_attribution,standard_sonnet_materialized_pending_v7,data/processed/project_gutenberg_resolved_v1/standard_sonnets/part-0001.txt,165300,165802,489,502,14,6c2e15e5bf093802d44f37187b5e997687b85c19cb7bc9525bbf9ced341d2876
pg62892:char29580-30156,62892,I Tre Giulj: o sieno Sonetti di Niceste Abideno sopra l'Importunità di; un Creditor di Tre Giulj,"Casti, Giovanni Battista",,pending_candidate_level_attribution_audit,nineteenth_century_bridge,Project Gutenberg,https://www.gutenberg.org/ebooks/62892,explicit_sonetto_heading,4-4-3-3,14,"O sia qualche diabolica virtù,","Par, che l'Eco mi chieda i Giulj tre.",29580,30156,8dc31c55f1eb6188d6b8c7b1d9e46b081f85d4b47b650ff4e75e5e507f1c3cb4,4f656b22e4067f17145e51e31e014f0ce479676cacf904825e8e845cec7fcd00,eligible_standard_sonnet_pending_processed_build,,,,,,,standard_sonnets,eligible_pending_v7_and_poem_attribution,standard_sonnet_materialized_pending_v7,data/processed/project_gutenberg_resolved_v1/standard_sonnets/part-0001.txt,165803,166309,497,506,14,4f656b22e4067f17145e51e31e014f0ce479676cacf904825e8e845cec7fcd00
pg62892:char30167-30736,62892,I Tre Giulj: o sieno Sonetti di Niceste Abideno sopra l'Importunità di; un Creditor di Tre Giulj,"Casti, Giovanni Battista",,pending_candidate_level_attribution_audit,nineteenth_century_bridge,Project Gutenberg,https://www.gutenberg.org/ebooks/62892,explicit_sonetto_heading,4-4-3-3,14,"Mentre l'Eco mi chiede i Giulj tre,",Il mio cordoglio alimentando vo.,30167,30736,783d57d39c00fd0222fec38557da8ae3da7d48be2a867a38438958805fb6f7e2,9290fe2b12dcf3f9a0ffe57ae846e2600398e52b21412e2a76bae84cfd6cef67,eligible_standard_sonnet_pending_processed_build,,,,,,,standard_sonnets,eligible_pending_v7_and_poem_attribution,standard_sonnet_materialized_pending_v7,data/processed/project_gutenberg_resolved_v1/standard_sonnets/part-0001.txt,166310,166810,490,500,14,9290fe2b12dcf3f9a0ffe57ae846e2600398e52b21412e2a76bae84cfd6cef67
pg62892:char30747-31332,62892,I Tre Giulj: o sieno Sonetti di Niceste Abideno sopra l'Importunità di; un Creditor di Tre Giulj,"Casti, Giovanni Battista",,pending_candidate_level_attribution_audit,nineteenth_century_bridge,Project Gutenberg,https://www.gutenberg.org/ebooks/62892,explicit_sonetto_heading,4-4-3-3,14,Se un natural perpetuo moto egli è,E dal cerebro al cor torna così.,30747,31332,ab68b9b9f9f34ac19d46333e24f6ca8320c58e2d7dc9b1e4cf426062c363b7c9,c19e46f7cf64e1c9af4b381f190967d088bf4c7be60ad3b308702fd015943a60,eligible_standard_sonnet_pending_processed_build,,,,,,,standard_sonnets,eligible_pending_v7_and_poem_attribution,standard_sonnet_materialized_pending_v7,data/processed/project_gutenberg_resolved_v1/standard_sonnets/part-0001.txt,166811,167327,506,516,14,c19e46f7cf64e1c9af4b381f190967d088bf4c7be60ad3b308702fd015943a60
pg62892:char31343-31900,62892,I Tre Giulj: o sieno Sonetti di Niceste Abideno sopra l'Importunità di; un Creditor di Tre Giulj,"Casti, Giovanni Battista",,pending_candidate_level_attribution_audit,nineteenth_century_bridge,Project Gutenberg,https://www.gutenberg.org/ebooks/62892,explicit_sonetto_heading,4-4-3-3,14,"È fola ciò, che dicesi dei dì",Fu giorno climaterico per me.,31343,31900,643db9f311e929ba2f837f6796aac425bba2c4c525c8c8b0245f5cd1ffe5f1e4,6e75abc39ed651d6146315788a017ac33155c1e6b2b4a3b886dd14eae74cf1d8,eligible_standard_sonnet_pending_processed_build,,,,,,,standard_sonnets,eligible_pending_v7_and_poem_attribution,standard_sonnet_materialized_pending_v7,data/processed/project_gutenberg_resolved_v1/standard_sonnets/part-0001.txt,167328,167819,478,491,14,6e75abc39ed651d6146315788a017ac33155c1e6b2b4a3b886dd14eae74cf1d8
pg62892:char31911-32464,62892,I Tre Giulj: o sieno Sonetti di Niceste Abideno sopra l'Importunità di; un Creditor di Tre Giulj,"Casti, Giovanni Battista",,pending_candidate_level_attribution_audit,nineteenth_century_bridge,Project Gutenberg,https://www.gutenberg.org/ebooks/62892,explicit_sonetto_heading,4-4-3-3,14,"Or che il lucido Sol da noi partì,",Colla memoria delli Giulj trè.,31911,32464,6a0792247d2bf19ef8d68da9b6cc106fb9e215e847ca15c447c2e99a491bf5dd,1b2f06100a8e486e9aeb73fa368e6cc8e36fa0c72fe1e0b6a1caf5a0100b7b35,eligible_standard_sonnet_pending_processed_build,,,,,,,standard_sonnets,eligible_pending_v7_and_poem_attribution,standard_sonnet_materialized_pending_v7,data/processed/project_gutenberg_resolved_v1/standard_sonnets/part-0001.txt,167820,168309,474,489,14,1b2f06100a8e486e9aeb73fa368e6cc8e36fa0c72fe1e0b6a1caf5a0100b7b35
pg62892:char32475-33024,62892,I Tre Giulj: o sieno Sonetti di Niceste Abideno sopra l'Importunità di; un Creditor di Tre Giulj,"Casti, Giovanni Battista",,pending_candidate_level_attribution_audit,nineteenth_century_bridge,Project Gutenberg,https://www.gutenberg.org/ebooks/62892,explicit_sonetto_heading,4-4-3-3,14,"O Sonno placidissimo, che se'","Io n'ho pur tante, ah non ne vò di più.",32475,33024,dce4c85074f7549708bf26fa7465a7213ddeeb1e8be7eb1044d5ffc15c92917b,953e14faae42152f5ea22245adea95ef38c0d73a8b4e77387ad1067615c48a93,eligible_standard_sonnet_pending_processed_build,,,,,,,standard_sonnets,eligible_pending_v7_and_poem_attribution,standard_sonnet_materialized_pending_v7,data/processed/project_gutenberg_resolved_v1/standard_sonnets/part-0001.txt,168310,168792,470,482,14,953e14faae42152f5ea22245adea95ef38c0d73a8b4e77387ad1067615c48a93
pg62892:char33035-33621,62892,I Tre Giulj: o sieno Sonetti di Niceste Abideno sopra l'Importunità di; un Creditor di Tre Giulj,"Casti, Giovanni Battista",,pending_candidate_level_attribution_audit,nineteenth_century_bridge,Project Gutenberg,https://www.gutenberg.org/ebooks/62892,explicit_sonetto_heading,4-4-3-3,14,"Nocchier, che lungamente s'avvezzò",In sogno ancor mi chiedi i Giulj tre.,33035,33621,1afb1935140c80bacafd160e103efab024646d70ae81017d107bcc2ec63e44e6,d922a1b40fab5c7bd3e98532d9d9962b828d75292ffcd1f39ae892fdd7cd9207,eligible_standard_sonnet_pending_processed_build,,,,,,,standard_sonnets,eligible_pending_v7_and_poem_attribution,standard_sonnet_materialized_pending_v7,data/processed/project_gutenberg_resolved_v1/standard_sonnets/part-0001.txt,168793,169310,507,517,14,d922a1b40fab5c7bd3e98532d9d9962b828d75292ffcd1f39ae892fdd7cd9207
pg62892:char33632-34232,62892,I Tre Giulj: o sieno Sonetti di Niceste Abideno sopra l'Importunità di; un Creditor di Tre Giulj,"Casti, Giovanni Battista",,pending_candidate_level_attribution_audit,nineteenth_century_bridge,Project Gutenberg,https://www.gutenberg.org/ebooks/62892,explicit_sonetto_heading,4-4-3-3,14,"È cosa natural, ch'io sogni ciò,",Sempre chieder mi sento i Giulj tre.,33632,34232,9691fb41370540b5d8535dd1d48567c69dbbefdf15003c2aa6d8bf25d8891bf7,f14b623c80c087a3a153af37acf0154de06d9277c523f5ae0a946000a00fde0e,eligible_standard_sonnet_pending_processed_build,,,,,,,standard_sonnets,eligible_pending_v7_and_poem_attribution,standard_sonnet_materialized_pending_v7,data/processed/project_gutenberg_resolved_v1/standard_sonnets/part-0001.txt,169311,169846,521,535,14,f14b623c80c087a3a153af37acf0154de06d9277c523f5ae0a946000a00fde0e
pg62892:char34243-34825,62892,I Tre Giulj: o sieno Sonetti di Niceste Abideno sopra l'Importunità di; un Creditor di Tre Giulj,"Casti, Giovanni Battista",,pending_candidate_level_attribution_audit,nineteenth_century_bridge,Project Gutenberg,https://www.gutenberg.org/ebooks/62892,explicit_sonetto_heading,4-4-3-3,14,"Quel, che ha più di vigore, e attività",Che l'intero cervel quasi ingombrò.,34243,34825,da72e49de125548d2bb13f504c0844f95cea1990abf1d0650bc60211767b7cda,1a658767ce1f5cfebbce66891e6b3cd38bd04d7833dfd1e650c95385b6633fba,eligible_standard_sonnet_pending_processed_build,,,,,,,standard_sonnets,eligible_pending_v7_and_poem_attribution,standard_sonnet_materialized_pending_v7,data/processed/project_gutenberg_resolved_v1/standard_sonnets/part-0001.txt,169847,170362,503,515,14,1a658767ce1f5cfebbce66891e6b3cd38bd04d7833dfd1e650c95385b6633fba
pg62892:char34836-35443,62892,I Tre Giulj: o sieno Sonetti di Niceste Abideno sopra l'Importunità di; un Creditor di Tre Giulj,"Casti, Giovanni Battista",,pending_candidate_level_attribution_audit,nineteenth_century_bridge,Project Gutenberg,https://www.gutenberg.org/ebooks/62892,explicit_sonetto_heading,4-4-3-3,14,"Quindi è, che ognor rammento il luogo, il dì","Se non altrove, io lo ritrovo in me.",34836,35443,c0376677a8375480c4272d7e60a082a4d19576bab2e9188e1dca14aba163b232,1942d4e7736aa6443150c9d2adfe44975ae0b3056dce3f85d9ed4dfcdf3a90a1,eligible_standard_sonnet_pending_processed_build,,,,,,,standard_sonnets,eligible_pending_v7_and_poem_attribution,standard_sonnet_materialized_pending_v7,data/processed/project_gutenberg_resolved_v1/standard_sonnets/part-0001.txt,170363,170902,528,539,14,1942d4e7736aa6443150c9d2adfe44975ae0b3056dce3f85d9ed4dfcdf3a90a1
pg62892:char35454-36006,62892,I Tre Giulj: o sieno Sonetti di Niceste Abideno sopra l'Importunità di; un Creditor di Tre Giulj,"Casti, Giovanni Battista",,pending_candidate_level_attribution_audit,nineteenth_century_bridge,Project Gutenberg,https://www.gutenberg.org/ebooks/62892,explicit_sonetto_heading,4-4-3-3,14,Placido scorre un fiumicel laggiù,Obliassi una volta i Giulj tre.,35454,36006,90ef035a659fbdc2fe0a34e694a0b21242d3bf8195307cce58f6756828919d37,81ec3b5a5c2906a948a99ce3f715ff586fbf9fd1ed5dce28902fb36e40570f95,eligible_standard_sonnet_pending_processed_build,,,,,,,standard_sonnets,eligible_pending_v7_and_poem_attribution,standard_sonnet_materialized_pending_v7,data/processed/project_gutenberg_resolved_v1/standard_sonnets/part-0001.txt,170903,171391,473,488,14,81ec3b5a5c2906a948a99ce3f715ff586fbf9fd1ed5dce28902fb36e40570f95
pg62892:char36017-36568,62892,I Tre Giulj: o sieno Sonetti di Niceste Abideno sopra l'Importunità di; un Creditor di Tre Giulj,"Casti, Giovanni Battista",,pending_candidate_level_attribution_audit,nineteenth_century_bridge,Project Gutenberg,https://www.gutenberg.org/ebooks/62892,explicit_sonetto_heading,4-4-3-3,14,"Felici tempi, in cui Berta filò,",Siccome appunto ora tu fai con me.,36017,36568,6bd98b814897a6aaba9c67f42e7f25bc4a3ad5bf171a923f4ad145cfb37144b6,dbe670650dc081521e6854b48e7b312356e10ae7de98c796fa26d73a1d4cb5e4,eligible_standard_sonnet_pending_processed_build,,,,,,,standard_sonnets,eligible_pending_v7_and_poem_attribution,standard_sonnet_materialized_pending_v7,data/processed/project_gutenberg_resolved_v1/standard_sonnets/part-0001.txt,171392,171882,472,490,14,dbe670650dc081521e6854b48e7b312356e10ae7de98c796fa26d73a1d4cb5e4
pg62892:char36579-37156,62892,I Tre Giulj: o sieno Sonetti di Niceste Abideno sopra l'Importunità di; un Creditor di Tre Giulj,"Casti, Giovanni Battista",,pending_candidate_level_attribution_audit,nineteenth_century_bridge,Project Gutenberg,https://www.gutenberg.org/ebooks/62892,explicit_sonetto_heading,4-4-3-3,14,"Propizio il Ciel m'assista, e di lassù",Più volte rinfrescandola ogni dì.,36579,37156,44dde308c1ab3c7ef06811fd17076f4ba0b201998fc93d34f11548604340e8b3,64ad745fa1d1882ddabfa3404bb61328b39541b21fbaf9ccd81412b20e9b3d29,eligible_standard_sonnet_pending_processed_build,,,,,,,standard_sonnets,eligible_pending_v7_and_poem_attribution,standard_sonnet_materialized_pending_v7,data/processed/project_gutenberg_resolved_v1/standard_sonnets/part-0001.txt,171883,172396,498,513,14,64ad745fa1d1882ddabfa3404bb61328b39541b21fbaf9ccd81412b20e9b3d29
pg62892:char37167-37718,62892,I Tre Giulj: o sieno Sonetti di Niceste Abideno sopra l'Importunità di; un Creditor di Tre Giulj,"Casti, Giovanni Battista",,pending_candidate_level_attribution_audit,nineteenth_century_bridge,Project Gutenberg,https://www.gutenberg.org/ebooks/62892,explicit_sonetto_heading,4-4-3-3,14,Se morte un brutto scherzo non mi fa,"Il mio malanno, e non finì mai più.",37167,37718,ba2c45d4c0b787157d08f21045cf3b626223f0fced980e31de2aca2c256d3ed4,491ba0d2b4689abd7156161b7ec3a15ce5f97c5d0dc48e08a618a2038197fd9e,eligible_standard_sonnet_pending_processed_build,,,,,,,standard_sonnets,eligible_pending_v7_and_poem_attribution,standard_sonnet_materialized_pending_v7,data/processed/project_gutenberg_resolved_v1/standard_sonnets/part-0001.txt,172397,172885,472,488,14,491ba0d2b4689abd7156161b7ec3a15ce5f97c5d0dc48e08a618a2038197fd9e
pg62892:char37729-38301,62892,I Tre Giulj: o sieno Sonetti di Niceste Abideno sopra l'Importunità di; un Creditor di Tre Giulj,"Casti, Giovanni Battista",,pending_candidate_level_attribution_audit,nineteenth_century_bridge,Project Gutenberg,https://www.gutenberg.org/ebooks/62892,explicit_sonetto_heading,4-4-3-3,14,"A un Pittor, dissi un giorno: Io vò da te,",La più brutta figura eccola quì.,37729,38301,b834ff22cb6951fce777b0f3adffb8d28c3dd59047bc129db1a308175aef5706,3f693358c94c896dcbfa5e5bd0407b8250e7909e9890040d23c5de8898e59a80,eligible_standard_sonnet_pending_processed_build,,,,,,,standard_sonnets,eligible_pending_v7_and_poem_attribution,standard_sonnet_materialized_pending_v7,data/processed/project_gutenberg_resolved_v1/standard_sonnets/part-0001.txt,172886,173393,493,507,14,3f693358c94c896dcbfa5e5bd0407b8250e7909e9890040d23c5de8898e59a80
pg62892:char38312-38862,62892,I Tre Giulj: o sieno Sonetti di Niceste Abideno sopra l'Importunità di; un Creditor di Tre Giulj,"Casti, Giovanni Battista",,pending_candidate_level_attribution_audit,nineteenth_century_bridge,Project Gutenberg,https://www.gutenberg.org/ebooks/62892,explicit_sonetto_heading,4-4-3-3,14,"Fiera Gente vid'io, che non ha Fè,",Come paura il Creditor mi fa.,38312,38862,083fa5bcd5195f7309581d723d0b26126a3e8e10604e38472f172218b14c68f0,ded7ca098778c15a397906e78846e0d40812435503086d9dca6e88d44f694b33,eligible_standard_sonnet_pending_processed_build,,,,,,,standard_sonnets,eligible_pending_v7_and_poem_attribution,standard_sonnet_materialized_pending_v7,data/processed/project_gutenberg_resolved_v1/standard_sonnets/part-0001.txt,173394,173878,471,484,14,ded7ca098778c15a397906e78846e0d40812435503086d9dca6e88d44f694b33
pg62892:char38873-39459,62892,I Tre Giulj: o sieno Sonetti di Niceste Abideno sopra l'Importunità di; un Creditor di Tre Giulj,"Casti, Giovanni Battista",,pending_candidate_level_attribution_audit,nineteenth_century_bridge,Project Gutenberg,https://www.gutenberg.org/ebooks/62892,explicit_sonetto_heading,4-4-3-3,14,"Tunisi, Algeri, Tripoli, e Salè,","Vuole il danar, quando danar non ho.",38873,39459,d0b112a2091a52234ac4b7e501546d340869a04d353f96b40e946b0749d2ca7d,33d52c7c16a6c21aee5f5c988320d1a484a4cf19f1dda62791815453610b06cf,eligible_standard_sonnet_pending_processed_build,,,,,,,standard_sonnets,eligible_pending_v7_and_poem_attribution,standard_sonnet_materialized_pending_v7,data/processed/project_gutenberg_resolved_v1/standard_sonnets/part-0001.txt,173879,174402,507,523,14,33d52c7c16a6c21aee5f5c988320d1a484a4cf19f1dda62791815453610b06cf
pg62892:char39470-40015,62892,I Tre Giulj: o sieno Sonetti di Niceste Abideno sopra l'Importunità di; un Creditor di Tre Giulj,"Casti, Giovanni Battista",,pending_candidate_level_attribution_audit,nineteenth_century_bridge,Project Gutenberg,https://www.gutenberg.org/ebooks/62892,explicit_sonetto_heading,4-4-3-3,14,"Quel, che sì fieramente imperversò,","E sempre duri, e non finisci più.",39470,40015,60e34fb0f71e4ddb079091a37488e266426c94bcc8ae6f2dfe6b9c561682ff1c,28b6d95e72009f3d69b98d078fdf6a95ea173a62b3354088c3ca935686b0b5e8,eligible_standard_sonnet_pending_processed_build,,,,,,,standard_sonnets,eligible_pending_v7_and_poem_attribution,standard_sonnet_materialized_pending_v7,data/processed/project_gutenberg_resolved_v1/standard_sonnets/part-0001.txt,174403,174883,466,480,14,28b6d95e72009f3d69b98d078fdf6a95ea173a62b3354088c3ca935686b0b5e8
pg62892:char40026-40585,62892,I Tre Giulj: o sieno Sonetti di Niceste Abideno sopra l'Importunità di; un Creditor di Tre Giulj,"Casti, Giovanni Battista",,pending_candidate_level_attribution_audit,nineteenth_century_bridge,Project Gutenberg,https://www.gutenberg.org/ebooks/62892,explicit_sonetto_heading,4-4-3-3,14,"Se tu avessi la verga di Mosè,","C'inquieteremo invano ed io, e tu.",40026,40585,0e515d83c81339f6e70820332eb1aac9caa48a44b553428c97017622f08020e3,64a671a6bf1ab8ec2968cc414ea3737171540dbb8a4602f99ee31bbcc5a286b3,eligible_standard_sonnet_pending_processed_build,,,,,,,standard_sonnets,eligible_pending_v7_and_poem_attribution,standard_sonnet_materialized_pending_v7,data/processed/project_gutenberg_resolved_v1/standard_sonnets/part-0001.txt,174884,175374,480,490,14,64a671a6bf1ab8ec2968cc414ea3737171540dbb8a4602f99ee31bbcc5a286b3
pg62892:char40596-41170,62892,I Tre Giulj: o sieno Sonetti di Niceste Abideno sopra l'Importunità di; un Creditor di Tre Giulj,"Casti, Giovanni Battista",,pending_candidate_level_attribution_audit,nineteenth_century_bridge,Project Gutenberg,https://www.gutenberg.org/ebooks/62892,explicit_sonetto_heading,4-4-3-3,14,"Menzogna filosofica non è,","E mi fiuti da lungi un miglio, e più.",40596,41170,3f295c608c8f2bbc9f3f4a0ab18c45a3024b408a3e7c5bfa3d6f16719b012c66,2ace2176e057bec736436369f80bb5a409702cfbe95ad3ee6be148fa9bb4b6e2,eligible_standard_sonnet_pending_processed_build,,,,,,,standard_sonnets,eligible_pending_v7_and_poem_attribution,standard_sonnet_materialized_pending_v7,data/processed/project_gutenberg_resolved_v1/standard_sonnets/part-0001.txt,175375,175884,495,509,14,2ace2176e057bec736436369f80bb5a409702cfbe95ad3ee6be148fa9bb4b6e2
pg62892:char41181-41741,62892,I Tre Giulj: o sieno Sonetti di Niceste Abideno sopra l'Importunità di; un Creditor di Tre Giulj,"Casti, Giovanni Battista",,pending_candidate_level_attribution_audit,nineteenth_century_bridge,Project Gutenberg,https://www.gutenberg.org/ebooks/62892,explicit_sonetto_heading,4-4-3-3,14,O Crisofilo mio da un tempo in quà,Hai cor di domandarmi i Giulj tre?,41181,41741,39d60eaccaedeb19118abe933a0673cab5cdbf9108e5fa29442df6e840c03811,20dae49447762f6dcf583d88079008fa80f8cb32458c9d2b82e034bb4ea4a026,eligible_standard_sonnet_pending_processed_build,,,,,,,standard_sonnets,eligible_pending_v7_and_poem_attribution,standard_sonnet_materialized_pending_v7,data/processed/project_gutenberg_resolved_v1/standard_sonnets/part-0001.txt,175885,176377,481,492,14,20dae49447762f6dcf583d88079008fa80f8cb32458c9d2b82e034bb4ea4a026
pg62892:char41752-42325,62892,I Tre Giulj: o sieno Sonetti di Niceste Abideno sopra l'Importunità di; un Creditor di Tre Giulj,"Casti, Giovanni Battista",,pending_candidate_level_attribution_audit,nineteenth_century_bridge,Project Gutenberg,https://www.gutenberg.org/ebooks/62892,explicit_sonetto_heading,4-4-3-3,14,Per legge di natura ciascun de,"Che meglio è assai, che non ci pensi più.",41752,42325,4b921e60ef912d98767ef9217f28e1d3b815a210c9587c271f2b519fb94a6e66,8887d89363696b2f65f1206b31c6788ac38c2430d812b2c87bc3eccdf3849e10,eligible_standard_sonnet_pending_processed_build,,,,,,,standard_sonnets,eligible_pending_v7_and_poem_attribution,standard_sonnet_materialized_pending_v7,data/processed/project_gutenberg_resolved_v1/standard_sonnets/part-0001.txt,176378,176885,494,507,14,8887d89363696b2f65f1206b31c6788ac38c2430d812b2c87bc3eccdf3849e10
pg62892:char42336-42884,62892,I Tre Giulj: o sieno Sonetti di Niceste Abideno sopra l'Importunità di; un Creditor di Tre Giulj,"Casti, Giovanni Battista",,pending_candidate_level_attribution_audit,nineteenth_century_bridge,Project Gutenberg,https://www.gutenberg.org/ebooks/62892,explicit_sonetto_heading,4-4-3-3,14,"Se su le gambe, su la faccia, o su",Considerabilissimo lo fe.,42336,42884,83b3f9af80f1fce5d78f1021f4077ae9f0ad8259f96b6dc0d72dfe0411bb88c3,f5991effacafc6ede62ce31c3511270d4013a147e47288d9cd1d431e9d38c16e,eligible_standard_sonnet_pending_processed_build,,,,,,,standard_sonnets,eligible_pending_v7_and_poem_attribution,standard_sonnet_materialized_pending_v7,data/processed/project_gutenberg_resolved_v1/standard_sonnets/part-0001.txt,176886,177365,469,479,14,f5991effacafc6ede62ce31c3511270d4013a147e47288d9cd1d431e9d38c16e
pg62892:char42895-43464,62892,I Tre Giulj: o sieno Sonetti di Niceste Abideno sopra l'Importunità di; un Creditor di Tre Giulj,"Casti, Giovanni Battista",,pending_candidate_level_attribution_audit,nineteenth_century_bridge,Project Gutenberg,https://www.gutenberg.org/ebooks/62892,explicit_sonetto_heading,4-4-3-3,14,"Augel, che lo sparvier lungi mirò,",E schivarlo possibile non è.,42895,43464,6bde202235b32ed7070ab155762d6ce8489271a4426d8a728d9b22118ac2c614,cc685b44919388b89a23b41cfa019b295b3b12585702a199cebdcb3a3590d372,eligible_standard_sonnet_pending_processed_build,,,,,,,standard_sonnets,eligible_pending_v7_and_poem_attribution,standard_sonnet_materialized_pending_v7,data/processed/project_gutenberg_resolved_v1/standard_sonnets/part-0001.txt,177366,177868,490,502,14,cc685b44919388b89a23b41cfa019b295b3b12585702a199cebdcb3a3590d372
pg62892:char43475-44063,62892,I Tre Giulj: o sieno Sonetti di Niceste Abideno sopra l'Importunità di; un Creditor di Tre Giulj,"Casti, Giovanni Battista",,pending_candidate_level_attribution_audit,nineteenth_century_bridge,Project Gutenberg,https://www.gutenberg.org/ebooks/62892,explicit_sonetto_heading,4-4-3-3,14,"Il caro foglio, Ergasto mio, che tu","Se non quel, che il tuo foglio ora mi diè.",43475,44063,32d2089fad46b13581a69b8258332834c22dca4fcf43d61848730953a3ce0ffc,4f0154e8e6bc569afa067c00b8bef02f65ea9b9183887d4a1f1722cba568fe33,eligible_standard_sonnet_pending_processed_build,,,,,,,standard_sonnets,eligible_pending_v7_and_poem_attribution,standard_sonnet_materialized_pending_v7,data/processed/project_gutenberg_resolved_v1/standard_sonnets/part-0001.txt,177869,178386,509,517,14,4f0154e8e6bc569afa067c00b8bef02f65ea9b9183887d4a1f1722cba568fe33
pg62892:char44074-44664,62892,I Tre Giulj: o sieno Sonetti di Niceste Abideno sopra l'Importunità di; un Creditor di Tre Giulj,"Casti, Giovanni Battista",,pending_candidate_level_attribution_audit,nineteenth_century_bridge,Project Gutenberg,https://www.gutenberg.org/ebooks/62892,explicit_sonetto_heading,4-4-3-3,14,"L'Amor sincero, che ravviso in te,",Equivale a una grossa infermità.,44074,44664,cfea7c42e4321fc8e62554b9dfd28e14203bbbd41a6f0c39c7bd96ee8dafcb6b,fa3c2ee9a0fe03ccc9da679d3ba13733dae309b46578a7c2fbc5d2b80cccddc6,eligible_standard_sonnet_pending_processed_build,,,,,,,standard_sonnets,eligible_pending_v7_and_poem_attribution,standard_sonnet_materialized_pending_v7,data/processed/project_gutenberg_resolved_v1/standard_sonnets/part-0001.txt,178387,178909,511,522,14,fa3c2ee9a0fe03ccc9da679d3ba13733dae309b46578a7c2fbc5d2b80cccddc6
pg62892:char44675-45237,62892,I Tre Giulj: o sieno Sonetti di Niceste Abideno sopra l'Importunità di; un Creditor di Tre Giulj,"Casti, Giovanni Battista",,pending_candidate_level_attribution_audit,nineteenth_century_bridge,Project Gutenberg,https://www.gutenberg.org/ebooks/62892,explicit_sonetto_heading,4-4-3-3,14,"Or dunque, Ergasto mio, sappi ch'io vò","Che Dio ne scampi, il Creditor, che ho quì.",44675,45237,455d6b656697adc34c1c168b16d5a746db29c36162dbc1c84f7596c137c93a94,ea8e16c35bbfbfab4e5ba067037fb1186f908669bab3346593bb131647a7a4fe,eligible_standard_sonnet_pending_processed_build,,,,,,,standard_sonnets,eligible_pending_v7_and_poem_attribution,standard_sonnet_materialized_pending_v7,data/processed/project_gutenberg_resolved_v1/standard_sonnets/part-0001.txt,178910,179408,483,498,14,ea8e16c35bbfbfab4e5ba067037fb1186f908669bab3346593bb131647a7a4fe
pg62892:char45248-45800,62892,I Tre Giulj: o sieno Sonetti di Niceste Abideno sopra l'Importunità di; un Creditor di Tre Giulj,"Casti, Giovanni Battista",,pending_candidate_level_attribution_audit,nineteenth_century_bridge,Project Gutenberg,https://www.gutenberg.org/ebooks/62892,explicit_sonetto_heading,4-4-3-3,14,"Che tengo certa indubitata fè,","I Creditori, che nascono quì.",45248,45800,779773c0355e104b5d5b02e38afc7b596428b8b2dff7ed4d832d6c6fa05c9c70,ba04c194edb359526ee67302ed5e49b8c4984cc9a3aeb3425f835603657e8747,eligible_standard_sonnet_pending_processed_build,,,,,,,standard_sonnets,eligible_pending_v7_and_poem_attribution,standard_sonnet_materialized_pending_v7,data/processed/project_gutenberg_resolved_v1/standard_sonnets/part-0001.txt,179409,179896,473,487,14,ba04c194edb359526ee67302ed5e49b8c4984cc9a3aeb3425f835603657e8747
pg62892:char45811-46389,62892,I Tre Giulj: o sieno Sonetti di Niceste Abideno sopra l'Importunità di; un Creditor di Tre Giulj,"Casti, Giovanni Battista",,pending_candidate_level_attribution_audit,nineteenth_century_bridge,Project Gutenberg,https://www.gutenberg.org/ebooks/62892,explicit_sonetto_heading,4-4-3-3,14,Ma il Creditore mio de' Giulj tre,"Nè intender vuol ragion, nè verità.",45811,46389,5591a8cb4aa2d5375eb3c1706f9dab7cea384466e74644bfeae4191c6a90d9a4,ae767c09eb2ef8214c33bdaadd2b9c29f4cb5012a71f59d83b215a4610e175b1,eligible_standard_sonnet_pending_processed_build,,,,,,,standard_sonnets,eligible_pending_v7_and_poem_attribution,standard_sonnet_materialized_pending_v7,data/processed/project_gutenberg_resolved_v1/standard_sonnets/part-0001.txt,179897,180411,499,514,14,ae767c09eb2ef8214c33bdaadd2b9c29f4cb5012a71f59d83b215a4610e175b1
pg62892:char46400-46947,62892,I Tre Giulj: o sieno Sonetti di Niceste Abideno sopra l'Importunità di; un Creditor di Tre Giulj,"Casti, Giovanni Battista",,pending_candidate_level_attribution_audit,nineteenth_century_bridge,Project Gutenberg,https://www.gutenberg.org/ebooks/62892,explicit_sonetto_heading,4-4-3-3,14,"Tu, che sai ben di Logica, che fa","S'accheti alfin, nè me li chieda più.",46400,46947,49fcd803392eb97dbf5684f19ede14f22559f0f176da8da00b692f4e898d1e64,02a4585a76b29c00127ab10e7f81f73c205f5eea0c56f89ec1e0bc0bba332a29,eligible_standard_sonnet_pending_processed_build,,,,,,,standard_sonnets,eligible_pending_v7_and_poem_attribution,standard_sonnet_materialized_pending_v7,data/processed/project_gutenberg_resolved_v1/standard_sonnets/part-0001.txt,180412,180892,468,480,14,02a4585a76b29c00127ab10e7f81f73c205f5eea0c56f89ec1e0bc0bba332a29
pg62892:char46958-47507,62892,I Tre Giulj: o sieno Sonetti di Niceste Abideno sopra l'Importunità di; un Creditor di Tre Giulj,"Casti, Giovanni Battista",,pending_candidate_level_attribution_audit,nineteenth_century_bridge,Project Gutenberg,https://www.gutenberg.org/ebooks/62892,explicit_sonetto_heading,4-4-3-3,14,"Ma quand'Egli si ostina a dir di no,",Un favor compitissimo per me.,46958,47507,71a9c1618431e5f55a51ab9f5bff46fb88876e3b730e2604a21023d431f64771,d9ac36e867e7c53e37692f8117aedcbf9fec42eda96af302f2457a9d67688458,eligible_standard_sonnet_pending_processed_build,,,,,,,standard_sonnets,eligible_pending_v7_and_poem_attribution,standard_sonnet_materialized_pending_v7,data/processed/project_gutenberg_resolved_v1/standard_sonnets/part-0001.txt,180893,181375,470,482,14,d9ac36e867e7c53e37692f8117aedcbf9fec42eda96af302f2457a9d67688458
pg62892:char47518-48083,62892,I Tre Giulj: o sieno Sonetti di Niceste Abideno sopra l'Importunità di; un Creditor di Tre Giulj,"Casti, Giovanni Battista",,pending_candidate_level_attribution_audit,nineteenth_century_bridge,Project Gutenberg,https://www.gutenberg.org/ebooks/62892,explicit_sonetto_heading,4-4-3-3,14,"Chi agli affamati il voto ventre empì,",Mi togliessi il pensier de' Giulj tre.,47518,48083,f12223e789c6a07647bdde054b42f4c4ca9546311eee45c324bfefc25eb6d5c0,be8178514b0542aa43327870e09bc9ee5b610db4cf3e161a5c872df034f16f85,eligible_standard_sonnet_pending_processed_build,,,,,,,standard_sonnets,eligible_pending_v7_and_poem_attribution,standard_sonnet_materialized_pending_v7,data/processed/project_gutenberg_resolved_v1/standard_sonnets/part-0001.txt,181376,181873,486,497,14,be8178514b0542aa43327870e09bc9ee5b610db4cf3e161a5c872df034f16f85
pg62892:char48094-48653,62892,I Tre Giulj: o sieno Sonetti di Niceste Abideno sopra l'Importunità di; un Creditor di Tre Giulj,"Casti, Giovanni Battista",,pending_candidate_level_attribution_audit,nineteenth_century_bridge,Project Gutenberg,https://www.gutenberg.org/ebooks/62892,explicit_sonetto_heading,4-4-3-3,14,"Amici rallegratevi con me,","Svanì la speme, e il debito restò.",48094,48653,4b3d21f5f9287d8e8c06463e9293b1c34e79621a236f4d272915da6d04d44274,71bd1b8c3a7118bd2fd5fb9d050a4cff65abda15084b23a753c999e322f1bd7c,eligible_standard_sonnet_pending_processed_build,,,,,,,standard_sonnets,eligible_pending_v7_and_poem_attribution,standard_sonnet_materialized_pending_v7,data/processed/project_gutenberg_resolved_v1/standard_sonnets/part-0001.txt,181874,182372,480,498,14,71bd1b8c3a7118bd2fd5fb9d050a4cff65abda15084b23a753c999e322f1bd7c
pg62892:char48664-49232,62892,I Tre Giulj: o sieno Sonetti di Niceste Abideno sopra l'Importunità di; un Creditor di Tre Giulj,"Casti, Giovanni Battista",,pending_candidate_level_attribution_audit,nineteenth_century_bridge,Project Gutenberg,https://www.gutenberg.org/ebooks/62892,explicit_sonetto_heading,4-4-3-3,14,Non ci perdiamo d'animo però:,"Or se non pago, colpa mia non è.",48664,49232,c14e350b80922a6f000cd79ad5fb334619033582e5a40a33ab2d4efac1f82eef,9c5db9e35ed8961710b8b532e484a28dcc56eb629b138ebc2b4cb65a53e87898,eligible_standard_sonnet_pending_processed_build,,,,,,,standard_sonnets,eligible_pending_v7_and_poem_attribution,standard_sonnet_materialized_pending_v7,data/processed/project_gutenberg_resolved_v1/standard_sonnets/part-0001.txt,182373,182873,489,500,14,9c5db9e35ed8961710b8b532e484a28dcc56eb629b138ebc2b4cb65a53e87898
pg62892:char49243-49783,62892,I Tre Giulj: o sieno Sonetti di Niceste Abideno sopra l'Importunità di; un Creditor di Tre Giulj,"Casti, Giovanni Battista",,pending_candidate_level_attribution_audit,nineteenth_century_bridge,Project Gutenberg,https://www.gutenberg.org/ebooks/62892,explicit_sonetto_heading,4-4-3-3,14,"Vano desio, folle pensier nutrì,",La partita saldar de' Giulj tre.,49243,49783,e3ab63dc79c8451c251317587231084191e067b02539921e8561a5d9cf751d58,b737c982190d7ea8ff65cf7a026dcf3efe7acea9fde81287f511b688e1f5a8ef,eligible_standard_sonnet_pending_processed_build,,,,,,,standard_sonnets,eligible_pending_v7_and_poem_attribution,standard_sonnet_materialized_pending_v7,data/processed/project_gutenberg_resolved_v1/standard_sonnets/part-0001.txt,182874,183350,461,476,14,b737c982190d7ea8ff65cf7a026dcf3efe7acea9fde81287f511b688e1f5a8ef
pg62892:char49794-50368,62892,I Tre Giulj: o sieno Sonetti di Niceste Abideno sopra l'Importunità di; un Creditor di Tre Giulj,"Casti, Giovanni Battista",,pending_candidate_level_attribution_audit,nineteenth_century_bridge,Project Gutenberg,https://www.gutenberg.org/ebooks/62892,explicit_sonetto_heading,4-4-3-3,14,"Dica chi vuol, l'Attrazzion si da,",Attraggo il Creditor de' Giulj tre.,49794,50368,7e5688c3bb5d018fdf78966ea8b4eb1836035348f3d4bfd0f2ece1331751fa22,5364fea35b347165d1bb26254d8d17d6c8671a6ad43233d237975421c20df969,eligible_standard_sonnet_pending_processed_build,,,,,,,standard_sonnets,eligible_pending_v7_and_poem_attribution,standard_sonnet_materialized_pending_v7,data/processed/project_gutenberg_resolved_v1/standard_sonnets/part-0001.txt,183351,183854,495,503,14,5364fea35b347165d1bb26254d8d17d6c8671a6ad43233d237975421c20df969
pg62892:char50379-50942,62892,I Tre Giulj: o sieno Sonetti di Niceste Abideno sopra l'Importunità di; un Creditor di Tre Giulj,"Casti, Giovanni Battista",,pending_candidate_level_attribution_audit,nineteenth_century_bridge,Project Gutenberg,https://www.gutenberg.org/ebooks/62892,explicit_sonetto_heading,4-4-3-3,14,"Vero è, che questa incognita virtù",Voi ditelo Filosofi per me.,50379,50942,7865759de857910e156c0008a3a54838df2364ff72f1e7133ab1fe983b6bf63f,eb39c54b25b00cb79439b94a9e2ee9a6d241571a053c647557a2cefdd793692d,eligible_standard_sonnet_pending_processed_build,,,,,,,standard_sonnets,eligible_pending_v7_and_poem_attribution,standard_sonnet_materialized_pending_v7,data/processed/project_gutenberg_resolved_v1/standard_sonnets/part-0001.txt,183855,184348,484,493,14,eb39c54b25b00cb79439b94a9e2ee9a6d241571a053c647557a2cefdd793692d
pg62892:char50953-51515,62892,I Tre Giulj: o sieno Sonetti di Niceste Abideno sopra l'Importunità di; un Creditor di Tre Giulj,"Casti, Giovanni Battista",,pending_candidate_level_attribution_audit,nineteenth_century_bridge,Project Gutenberg,https://www.gutenberg.org/ebooks/62892,explicit_sonetto_heading,4-4-3-3,14,"Se interrogasse alcun quelli, che già",Chi cercando la va ne' Giulj tre.,50953,51515,2cac9d69549171395ae81c309410eb4ca84f4991c91094f260c0094de09dd959,f62294af7055f30910d1429f9be14da85fb7609623720a87420be5c149deb03d,eligible_standard_sonnet_pending_processed_build,,,,,,,standard_sonnets,eligible_pending_v7_and_poem_attribution,standard_sonnet_materialized_pending_v7,data/processed/project_gutenberg_resolved_v1/standard_sonnets/part-0001.txt,184349,184845,483,496,14,f62294af7055f30910d1429f9be14da85fb7609623720a87420be5c149deb03d
pg62892:char51526-52128,62892,I Tre Giulj: o sieno Sonetti di Niceste Abideno sopra l'Importunità di; un Creditor di Tre Giulj,"Casti, Giovanni Battista",,pending_candidate_level_attribution_audit,nineteenth_century_bridge,Project Gutenberg,https://www.gutenberg.org/ebooks/62892,explicit_sonetto_heading,4-4-3-3,14,"Timida Lepre, o Cavriol, poichè",Che il Diavol dica a te: passa di quì.,51526,52128,c0c9c618a76871e1974d0550e637ef0d55725e87bcaa980c9793ee4e8bf35114,cc3c18ac55647e6a6c708f95a722afe18417181ebb553264b3048d79c218b288,eligible_standard_sonnet_pending_processed_build,,,,,,,standard_sonnets,eligible_pending_v7_and_poem_attribution,standard_sonnet_materialized_pending_v7,data/processed/project_gutenberg_resolved_v1/standard_sonnets/part-0001.txt,184846,185385,523,539,14,cc3c18ac55647e6a6c708f95a722afe18417181ebb553264b3048d79c218b288
pg62892:char52139-52714,62892,I Tre Giulj: o sieno Sonetti di Niceste Abideno sopra l'Importunità di; un Creditor di Tre Giulj,"Casti, Giovanni Battista",,pending_candidate_level_attribution_audit,nineteenth_century_bridge,Project Gutenberg,https://www.gutenberg.org/ebooks/62892,explicit_sonetto_heading,4-4-3-3,14,"Insegnano i Filosofi, che se","Come diavol ti faccia, io non lo so.",52139,52714,d95138269a73450323012a256e1a2c816f5f9db7a86c7c51a13b6af190e5cd38,72263335f0e4e11ece6c3b0415613c7c78270a5e70ff5d6ee284532d93c7cb7a,eligible_standard_sonnet_pending_processed_build,,,,,,,standard_sonnets,eligible_pending_v7_and_poem_attribution,standard_sonnet_materialized_pending_v7,data/processed/project_gutenberg_resolved_v1/standard_sonnets/part-0001.txt,185386,185899,496,513,14,72263335f0e4e11ece6c3b0415613c7c78270a5e70ff5d6ee284532d93c7cb7a
pg62892:char52725-53290,62892,I Tre Giulj: o sieno Sonetti di Niceste Abideno sopra l'Importunità di; un Creditor di Tre Giulj,"Casti, Giovanni Battista",,pending_candidate_level_attribution_audit,nineteenth_century_bridge,Project Gutenberg,https://www.gutenberg.org/ebooks/62892,explicit_sonetto_heading,4-4-3-3,14,"Impallidisce il misero Bassà,",E il Carnefice mio ravviso in te.,52725,53290,21e42e98f2aa96dd730faa106017c761ff21ddd8f1bddb4c0ba580c6625d94ef,cffdfb0430b671323d51198a1a755a8e0851d0ff4a135fa8253c48b00952556e,eligible_standard_sonnet_pending_processed_build,,,,,,,standard_sonnets,eligible_pending_v7_and_poem_attribution,standard_sonnet_materialized_pending_v7,data/processed/project_gutenberg_resolved_v1/standard_sonnets/part-0001.txt,185900,186396,486,496,14,cffdfb0430b671323d51198a1a755a8e0851d0ff4a135fa8253c48b00952556e
pg62892:char53301-53862,62892,I Tre Giulj: o sieno Sonetti di Niceste Abideno sopra l'Importunità di; un Creditor di Tre Giulj,"Casti, Giovanni Battista",,pending_candidate_level_attribution_audit,nineteenth_century_bridge,Project Gutenberg,https://www.gutenberg.org/ebooks/62892,explicit_sonetto_heading,4-4-3-3,14,"Quando il Sol più cocenti, e dritti in giù",E non ancora il Creditor crepò.,53301,53862,13d1b69f77d0852279fbe7832778678f9b8380067c608cd9af3985cc7cab6fc1,4721b14e9764995445f8fd9f0a0bc29923dc6479b813c5d3db7abd1f40bf6e7e,eligible_standard_sonnet_pending_processed_build,,,,,,,standard_sonnets,eligible_pending_v7_and_poem_attribution,standard_sonnet_materialized_pending_v7,data/processed/project_gutenberg_resolved_v1/standard_sonnets/part-0001.txt,186397,186892,482,495,14,4721b14e9764995445f8fd9f0a0bc29923dc6479b813c5d3db7abd1f40bf6e7e
pg62892:char53873-54426,62892,I Tre Giulj: o sieno Sonetti di Niceste Abideno sopra l'Importunità di; un Creditor di Tre Giulj,"Casti, Giovanni Battista",,pending_candidate_level_attribution_audit,nineteenth_century_bridge,Project Gutenberg,https://www.gutenberg.org/ebooks/62892,explicit_sonetto_heading,4-4-3-3,14,"Finchè ti splenderan sereni i dì,",O cara fedeltà mi secchi un po'.,53873,54426,28096ac3935738387f094b8308f65476b2dca513a809884817b18928395be8e5,7eeb34163b204251edd32932ce1039ba885dd0037678a13590e51d9f10159247,eligible_standard_sonnet_pending_processed_build,,,,,,,standard_sonnets,eligible_pending_v7_and_poem_attribution,standard_sonnet_materialized_pending_v7,data/processed/project_gutenberg_resolved_v1/standard_sonnets/part-0001.txt,186893,187381,474,488,14,7eeb34163b204251edd32932ce1039ba885dd0037678a13590e51d9f10159247
pg62892:char54437-55012,62892,I Tre Giulj: o sieno Sonetti di Niceste Abideno sopra l'Importunità di; un Creditor di Tre Giulj,"Casti, Giovanni Battista",,pending_candidate_level_attribution_audit,nineteenth_century_bridge,Project Gutenberg,https://www.gutenberg.org/ebooks/62892,explicit_sonetto_heading,4-4-3-3,14,"Qualor tetra mestizia m'assalì,",Che possa provenir da Giulj trè.,54437,55012,de24b5f4fd094c842021242da644f048869f4a1cd016f254b91c22c177855469,6b5e8511642fcf533e0e578666f1e4ead7a7d5b2d66d57cf1955d906f3c55f2a,eligible_standard_sonnet_pending_processed_build,,,,,,,standard_sonnets,eligible_pending_v7_and_poem_attribution,standard_sonnet_materialized_pending_v7,data/processed/project_gutenberg_resolved_v1/standard_sonnets/part-0001.txt,187382,187887,496,505,14,6b5e8511642fcf533e0e578666f1e4ead7a7d5b2d66d57cf1955d906f3c55f2a
pg62892:char55023-55595,62892,I Tre Giulj: o sieno Sonetti di Niceste Abideno sopra l'Importunità di; un Creditor di Tre Giulj,"Casti, Giovanni Battista",,pending_candidate_level_attribution_audit,nineteenth_century_bridge,Project Gutenberg,https://www.gutenberg.org/ebooks/62892,explicit_sonetto_heading,4-4-3-3,14,"Per occultarmi al Creditor, poichè","Lo specchio degli amici, eccolo quì.",55023,55595,750418a3f5dbc71fcf4f5cf3a7217deb712c5cd1b019c7b2eb643c8d409c8e3b,33869f7ac9f43d35b5db34306fcd24ca243687469f915465b1d17749e0cbaabd,eligible_standard_sonnet_pending_processed_build,,,,,,,standard_sonnets,eligible_pending_v7_and_poem_attribution,standard_sonnet_materialized_pending_v7,data/processed/project_gutenberg_resolved_v1/standard_sonnets/part-0001.txt,187888,188392,493,504,14,33869f7ac9f43d35b5db34306fcd24ca243687469f915465b1d17749e0cbaabd
pg62892:char55606-56142,62892,I Tre Giulj: o sieno Sonetti di Niceste Abideno sopra l'Importunità di; un Creditor di Tre Giulj,"Casti, Giovanni Battista",,pending_candidate_level_attribution_audit,nineteenth_century_bridge,Project Gutenberg,https://www.gutenberg.org/ebooks/62892,explicit_sonetto_heading,4-4-3-3,14,"Il bel costume di operar così,",E sol fra Greci uso sì bel restò.,55606,56142,75986e79e6e0bf035e028a5f08f34c9089c6cf4008f04d451876af1e2ca34204,65f5c0cb01a973e9ed93edca5117d5bfac31c6d2ec42f7c33ce43712c913fcb5,eligible_standard_sonnet_pending_processed_build,,,,,,,standard_sonnets,eligible_pending_v7_and_poem_attribution,standard_sonnet_materialized_pending_v7,data/processed/project_gutenberg_resolved_v1/standard_sonnets/part-0001.txt,188393,188865,457,472,14,65f5c0cb01a973e9ed93edca5117d5bfac31c6d2ec42f7c33ce43712c913fcb5
pg62892:char56153-56726,62892,I Tre Giulj: o sieno Sonetti di Niceste Abideno sopra l'Importunità di; un Creditor di Tre Giulj,"Casti, Giovanni Battista",,pending_candidate_level_attribution_audit,nineteenth_century_bridge,Project Gutenberg,https://www.gutenberg.org/ebooks/62892,explicit_sonetto_heading,4-4-3-3,14,Spesso al mio Creditor vien volontà,Del rimanente poi non ne so più.,56153,56726,55920c3bf496515a8669370adeb7015f13fff15352ae5f5f8870904504c08614,b4a1ae4245d610b89c91cf188a31800e01934bd79a7b4d4e022b84d1150aef1f,eligible_standard_sonnet_pending_processed_build,,,,,,,standard_sonnets,eligible_pending_v7_and_poem_attribution,standard_sonnet_materialized_pending_v7,data/processed/project_gutenberg_resolved_v1/standard_sonnets/part-0001.txt,188866,189371,494,505,14,b4a1ae4245d610b89c91cf188a31800e01934bd79a7b4d4e022b84d1150aef1f
pg62892:char56737-57285,62892,I Tre Giulj: o sieno Sonetti di Niceste Abideno sopra l'Importunità di; un Creditor di Tre Giulj,"Casti, Giovanni Battista",,pending_candidate_level_attribution_audit,nineteenth_century_bridge,Project Gutenberg,https://www.gutenberg.org/ebooks/62892,explicit_sonetto_heading,4-4-3-3,14,Inusitata generosità,E si mantenne in credito così.,56737,57285,cad93375c60b5a042fe0396892a3f4694d6e71a8415092f4c786a8f9a73b95a6,700d917acf6803c4df2ffafc406fb7a24e153db8d8cabda3cf205899bd70a566,eligible_standard_sonnet_pending_processed_build,,,,,,,standard_sonnets,eligible_pending_v7_and_poem_attribution,standard_sonnet_materialized_pending_v7,data/processed/project_gutenberg_resolved_v1/standard_sonnets/part-0001.txt,189372,189856,469,484,14,700d917acf6803c4df2ffafc406fb7a24e153db8d8cabda3cf205899bd70a566
pg62892:char57296-57875,62892,I Tre Giulj: o sieno Sonetti di Niceste Abideno sopra l'Importunità di; un Creditor di Tre Giulj,"Casti, Giovanni Battista",,pending_candidate_level_attribution_audit,nineteenth_century_bridge,Project Gutenberg,https://www.gutenberg.org/ebooks/62892,explicit_sonetto_heading,4-4-3-3,14,"Non poche volte ho inteso dir, da chi",Ch'ha col sangue una qualche affinità.,57296,57875,10e1aba3d08c8cd84d4d1e7eec9c407fa0a00050b993bcc4336950a96f7ff178,4767ae5f255777965c00256f44e3edf71bf85fa0127597ae7aecddf1adb31e9d,eligible_standard_sonnet_pending_processed_build,,,,,,,standard_sonnets,eligible_pending_v7_and_poem_attribution,standard_sonnet_materialized_pending_v7,data/processed/project_gutenberg_resolved_v1/standard_sonnets/part-0001.txt,189857,190367,500,510,14,4767ae5f255777965c00256f44e3edf71bf85fa0127597ae7aecddf1adb31e9d
pg62892:char57886-58458,62892,I Tre Giulj: o sieno Sonetti di Niceste Abideno sopra l'Importunità di; un Creditor di Tre Giulj,"Casti, Giovanni Battista",,pending_candidate_level_attribution_audit,nineteenth_century_bridge,Project Gutenberg,https://www.gutenberg.org/ebooks/62892,explicit_sonetto_heading,4-4-3-3,14,"Se un risalto febbril si desta in me,",Un Collegio di Medici non può.,57886,58458,911336320f77c60f4f29bbd96bf66077afd0e05b82c1c8b6f28adca0e4ee9527,5af14c3174a90237bcb934b30470398e1a02051b81d0c87176abfd94628bec77,eligible_standard_sonnet_pending_processed_build,,,,,,,standard_sonnets,eligible_pending_v7_and_poem_attribution,standard_sonnet_materialized_pending_v7,data/processed/project_gutenberg_resolved_v1/standard_sonnets/part-0001.txt,190368,190870,493,502,14,5af14c3174a90237bcb934b30470398e1a02051b81d0c87176abfd94628bec77
pg62892:char58469-59047,62892,I Tre Giulj: o sieno Sonetti di Niceste Abideno sopra l'Importunità di; un Creditor di Tre Giulj,"Casti, Giovanni Battista",,pending_candidate_level_attribution_audit,nineteenth_century_bridge,Project Gutenberg,https://www.gutenberg.org/ebooks/62892,explicit_sonetto_heading,4-4-3-3,14,"Qual Uom, che lunga prigionia soffrì",D'appresso aver Colui de' Giulj tre.,58469,59047,aa242ae67a4c5e7e439791b6aa0dc11afa5ac5e3a0a72ae10d54e1c7f369c650,15ae070eb1bd71d0de33dc9bbecf3d277f69b94297d3cacdc5149387995b2feb,eligible_standard_sonnet_pending_processed_build,,,,,,,standard_sonnets,eligible_pending_v7_and_poem_attribution,standard_sonnet_materialized_pending_v7,data/processed/project_gutenberg_resolved_v1/standard_sonnets/part-0001.txt,190871,191381,499,510,14,15ae070eb1bd71d0de33dc9bbecf3d277f69b94297d3cacdc5149387995b2feb
pg62892:char59058-59656,62892,I Tre Giulj: o sieno Sonetti di Niceste Abideno sopra l'Importunità di; un Creditor di Tre Giulj,"Casti, Giovanni Battista",,pending_candidate_level_attribution_audit,nineteenth_century_bridge,Project Gutenberg,https://www.gutenberg.org/ebooks/62892,explicit_sonetto_heading,4-4-3-3,14,"Là presso il Polo, nei più corti dì,","Voce, che chiederebbe i Giulj tre.",59058,59656,b6affb8a4f7eae3ec5440c6b91b92271905f934ed548ac388b44ebfc9360dc75,c2e567ccec384b436a970a99ecd8e256fc1bcb9c3fff9129d59e28cd6ce4579e,eligible_standard_sonnet_pending_processed_build,,,,,,,standard_sonnets,eligible_pending_v7_and_poem_attribution,standard_sonnet_materialized_pending_v7,data/processed/project_gutenberg_resolved_v1/standard_sonnets/part-0001.txt,191382,191918,519,536,14,c2e567ccec384b436a970a99ecd8e256fc1bcb9c3fff9129d59e28cd6ce4579e
pg62892:char59667-60236,62892,I Tre Giulj: o sieno Sonetti di Niceste Abideno sopra l'Importunità di; un Creditor di Tre Giulj,"Casti, Giovanni Battista",,pending_candidate_level_attribution_audit,nineteenth_century_bridge,Project Gutenberg,https://www.gutenberg.org/ebooks/62892,explicit_sonetto_heading,4-4-3-3,14,"Chiunque a' rai del giorno i lumi aprì,",A un crudele esattor di Giulj tre.,59667,60236,4dfad3986919d7c6c6569df3284f0b36aa6c9f59b622f6fb7eca6aa1fbd26999,5ed45b4ebec67d7ca6248ea9e2a98740e76f154c808d8e118b72abc09f6875e6,eligible_standard_sonnet_pending_processed_build,,,,,,,standard_sonnets,eligible_pending_v7_and_poem_attribution,standard_sonnet_materialized_pending_v7,data/processed/project_gutenberg_resolved_v1/standard_sonnets/part-0001.txt,191919,192421,490,502,14,5ed45b4ebec67d7ca6248ea9e2a98740e76f154c808d8e118b72abc09f6875e6
pg62892:char60247-60806,62892,I Tre Giulj: o sieno Sonetti di Niceste Abideno sopra l'Importunità di; un Creditor di Tre Giulj,"Casti, Giovanni Battista",,pending_candidate_level_attribution_audit,nineteenth_century_bridge,Project Gutenberg,https://www.gutenberg.org/ebooks/62892,explicit_sonetto_heading,4-4-3-3,14,"Prima i rapidi fiumi andranno in su,",Dal nulla ricavare i Giulj tre.,60247,60806,6ce3bf3a18960d5571031647165ff6254e97a7a07c23d0d91f2f5dbe5cf33518,57400bd4cb567f82b824c4652b8f5255e85f1bbb5616dcea0cc9a578038b297e,eligible_standard_sonnet_pending_processed_build,,,,,,,standard_sonnets,eligible_pending_v7_and_poem_attribution,standard_sonnet_materialized_pending_v7,data/processed/project_gutenberg_resolved_v1/standard_sonnets/part-0001.txt,192422,192909,480,487,14,57400bd4cb567f82b824c4652b8f5255e85f1bbb5616dcea0cc9a578038b297e
pg62892:char60817-61393,62892,I Tre Giulj: o sieno Sonetti di Niceste Abideno sopra l'Importunità di; un Creditor di Tre Giulj,"Casti, Giovanni Battista",,pending_candidate_level_attribution_audit,nineteenth_century_bridge,Project Gutenberg,https://www.gutenberg.org/ebooks/62892,explicit_sonetto_heading,4-4-3-3,14,Se Dedalo ingegnoso ai fianchi unì,A chiedermi per aria i Giulj tre.,60817,61393,bb2ebba6ef53b785fadb2d19f656aefd59fcf1e479d3544548aa988493ded1ff,9702809d4fe05e44068a0db8f6c1cf4fa69b6cbb92a5f6e6033569c75a7a4ee5,eligible_standard_sonnet_pending_processed_build,,,,,,,standard_sonnets,eligible_pending_v7_and_poem_attribution,standard_sonnet_materialized_pending_v7,data/processed/project_gutenberg_resolved_v1/standard_sonnets/part-0001.txt,192910,193420,497,510,14,9702809d4fe05e44068a0db8f6c1cf4fa69b6cbb92a5f6e6033569c75a7a4ee5
pg62892:char61404-61983,62892,I Tre Giulj: o sieno Sonetti di Niceste Abideno sopra l'Importunità di; un Creditor di Tre Giulj,"Casti, Giovanni Battista",,pending_candidate_level_attribution_audit,nineteenth_century_bridge,Project Gutenberg,https://www.gutenberg.org/ebooks/62892,explicit_sonetto_heading,4-4-3-3,14,"Passeggier, che soletto inerme e a piè","Quando ti giuro, che danar non ho.",61404,61983,59f41faafa6c77e88e31233c6cf669b8dfb5334680c07698554467f0a2f1cb3c,778837c1dd6dc4256cf9cb18cf6cf4b33b7da926d20e54b7eb3fd79263324389,eligible_standard_sonnet_pending_processed_build,,,,,,,standard_sonnets,eligible_pending_v7_and_poem_attribution,standard_sonnet_materialized_pending_v7,data/processed/project_gutenberg_resolved_v1/standard_sonnets/part-0001.txt,193421,193930,500,509,14,778837c1dd6dc4256cf9cb18cf6cf4b33b7da926d20e54b7eb3fd79263324389
pg62892:char61994-62570,62892,I Tre Giulj: o sieno Sonetti di Niceste Abideno sopra l'Importunità di; un Creditor di Tre Giulj,"Casti, Giovanni Battista",,pending_candidate_level_attribution_audit,nineteenth_century_bridge,Project Gutenberg,https://www.gutenberg.org/ebooks/62892,explicit_sonetto_heading,4-4-3-3,14,"Come il dono di Paride, che un dì,",Ora per quei guerra crudel mi fa.,61994,62570,d2303e2f00a885901c1b3f0aabe3feb43f6e00a0cb6a89fa35cdb3275c87a5fb,e93dfcaa796558ef812fd95253771b2f75721e0293044ee15ea0866b1ab93f5f,eligible_standard_sonnet_pending_processed_build,,,,,,,standard_sonnets,eligible_pending_v7_and_poem_attribution,standard_sonnet_materialized_pending_v7,data/processed/project_gutenberg_resolved_v1/standard_sonnets/part-0001.txt,193931,194440,497,509,14,e93dfcaa796558ef812fd95253771b2f75721e0293044ee15ea0866b1ab93f5f
pg62892:char62581-63150,62892,I Tre Giulj: o sieno Sonetti di Niceste Abideno sopra l'Importunità di; un Creditor di Tre Giulj,"Casti, Giovanni Battista",,pending_candidate_level_attribution_audit,nineteenth_century_bridge,Project Gutenberg,https://www.gutenberg.org/ebooks/62892,explicit_sonetto_heading,4-4-3-3,14,"Sempre per infallibile terrò,","O faccia tosta, allor vali un Perù.",62581,63150,82b4614e0884ae6fb91e1574af07c816327a08471fbc352ec7657f21df7fcf94,fdc427602b03a1a8df5bf24757b80e554ed4ba60a671ed7fa31a75006499f62b,eligible_standard_sonnet_pending_processed_build,,,,,,,standard_sonnets,eligible_pending_v7_and_poem_attribution,standard_sonnet_materialized_pending_v7,data/processed/project_gutenberg_resolved_v1/standard_sonnets/part-0001.txt,194441,194940,490,499,14,fdc427602b03a1a8df5bf24757b80e554ed4ba60a671ed7fa31a75006499f62b
pg62892:char63161-63755,62892,I Tre Giulj: o sieno Sonetti di Niceste Abideno sopra l'Importunità di; un Creditor di Tre Giulj,"Casti, Giovanni Battista",,pending_candidate_level_attribution_audit,nineteenth_century_bridge,Project Gutenberg,https://www.gutenberg.org/ebooks/62892,explicit_sonetto_heading,4-4-3-3,14,"Lo stupido Barbier, che a Mida un dì",Anch'essi a domandarmi i Giulj tre.,63161,63755,2ed4bc19492d1926dffcde5def379c4f10e782735e0311aa5cc6577720d54f82,90adab5ce077fd9c8c89297edb1ba28059047a4e05ee2fb929deca6b6891d654,eligible_standard_sonnet_pending_processed_build,,,,,,,standard_sonnets,eligible_pending_v7_and_poem_attribution,standard_sonnet_materialized_pending_v7,data/processed/project_gutenberg_resolved_v1/standard_sonnets/part-0001.txt,194941,195469,515,528,14,90adab5ce077fd9c8c89297edb1ba28059047a4e05ee2fb929deca6b6891d654
pg62892:char63766-64352,62892,I Tre Giulj: o sieno Sonetti di Niceste Abideno sopra l'Importunità di; un Creditor di Tre Giulj,"Casti, Giovanni Battista",,pending_candidate_level_attribution_audit,nineteenth_century_bridge,Project Gutenberg,https://www.gutenberg.org/ebooks/62892,explicit_sonetto_heading,4-4-3-3,14,"Alza la greve mazza il Fabro, e dà","Colle molestie, che tutt'or mi diè.",63766,64352,ac50f308aa82b78d7de7a16596ec940cd836024f3eeedfaf3614963b1f214027,e1c90c053a39afa28df357fc79410d788a256498e8be89fb23c8850b259b1bf3,eligible_standard_sonnet_pending_processed_build,,,,,,,standard_sonnets,eligible_pending_v7_and_poem_attribution,standard_sonnet_materialized_pending_v7,data/processed/project_gutenberg_resolved_v1/standard_sonnets/part-0001.txt,195470,195989,507,519,14,e1c90c053a39afa28df357fc79410d788a256498e8be89fb23c8850b259b1bf3
pg62892:char64363-64908,62892,I Tre Giulj: o sieno Sonetti di Niceste Abideno sopra l'Importunità di; un Creditor di Tre Giulj,"Casti, Giovanni Battista",,pending_candidate_level_attribution_audit,nineteenth_century_bridge,Project Gutenberg,https://www.gutenberg.org/ebooks/62892,explicit_sonetto_heading,4-4-3-3,14,"Cometa, che pel Ciel cinta sen va","Che spesso avviene, e regolar non è.",64363,64908,b6c2614e0382830e7cea5d773e7aabe50ab0a0eb19608a9f8457f58557f97947,0ddc20002bd52f038fb857a52fcd04bd92256c79f3db01f37727d0d3d2430b79,eligible_standard_sonnet_pending_processed_build,,,,,,,standard_sonnets,eligible_pending_v7_and_poem_attribution,standard_sonnet_materialized_pending_v7,data/processed/project_gutenberg_resolved_v1/standard_sonnets/part-0001.txt,195990,196464,466,474,14,0ddc20002bd52f038fb857a52fcd04bd92256c79f3db01f37727d0d3d2430b79
pg62892:char64919-65478,62892,I Tre Giulj: o sieno Sonetti di Niceste Abideno sopra l'Importunità di; un Creditor di Tre Giulj,"Casti, Giovanni Battista",,pending_candidate_level_attribution_audit,nineteenth_century_bridge,Project Gutenberg,https://www.gutenberg.org/ebooks/62892,explicit_sonetto_heading,4-4-3-3,14,Spesso in mezzo alle mie calamità[10],Mi tormentassi men per Giulj tre.,64919,65478,a4361a9654af316721c35289d27d9686585c049d0cd1a686624ce1330275bdb7,5ed25201754c2b59660c2242a0d69c70a694ef9c5e10f2049f28edc74efe811b,eligible_standard_sonnet_pending_processed_build,,,,,,,standard_sonnets,eligible_pending_v7_and_poem_attribution,standard_sonnet_materialized_pending_v7,data/processed/project_gutenberg_resolved_v1/standard_sonnets/part-0001.txt,196465,196954,480,489,14,5ed25201754c2b59660c2242a0d69c70a694ef9c5e10f2049f28edc74efe811b
pg62892:char65489-66082,62892,I Tre Giulj: o sieno Sonetti di Niceste Abideno sopra l'Importunità di; un Creditor di Tre Giulj,"Casti, Giovanni Battista",,pending_candidate_level_attribution_audit,nineteenth_century_bridge,Project Gutenberg,https://www.gutenberg.org/ebooks/62892,explicit_sonetto_heading,4-4-3-3,14,"Ronzin, che i sproni al fianco ognor soffrì","Siegua il mio Creditor, nol prezzo più.",65489,66082,feda2b77b37140bce1f1675f2be8783e62eb97f38ff1051f0abc024bb23f2d19,aad294da26b7c05d1623f60ea4f0376fca2043ee6805c96ecc3fdff789e18359,eligible_standard_sonnet_pending_processed_build,,,,,,,standard_sonnets,eligible_pending_v7_and_poem_attribution,standard_sonnet_materialized_pending_v7,data/processed/project_gutenberg_resolved_v1/standard_sonnets/part-0001.txt,196955,197481,514,526,14,aad294da26b7c05d1623f60ea4f0376fca2043ee6805c96ecc3fdff789e18359
pg62892:char66093-66668,62892,I Tre Giulj: o sieno Sonetti di Niceste Abideno sopra l'Importunità di; un Creditor di Tre Giulj,"Casti, Giovanni Battista",,pending_candidate_level_attribution_audit,nineteenth_century_bridge,Project Gutenberg,https://www.gutenberg.org/ebooks/62892,explicit_sonetto_heading,4-4-3-3,14,Si mostra il Creditor spesso con me,E la fatal graffiata alfin gli dà.,66093,66668,9e47b74ad106bbd692b800219cfd85f977f602fc4e5110ba0e359f881f4c22f4,56ba2e12fef85f41d7e6197d12e82343c18effb2e96888b4847c034f7ea050a9,eligible_standard_sonnet_pending_processed_build,,,,,,,standard_sonnets,eligible_pending_v7_and_poem_attribution,standard_sonnet_materialized_pending_v7,data/processed/project_gutenberg_resolved_v1/standard_sonnets/part-0001.txt,197482,197990,496,508,14,56ba2e12fef85f41d7e6197d12e82343c18effb2e96888b4847c034f7ea050a9
pg62892:char66679-67240,62892,I Tre Giulj: o sieno Sonetti di Niceste Abideno sopra l'Importunità di; un Creditor di Tre Giulj,"Casti, Giovanni Battista",,pending_candidate_level_attribution_audit,nineteenth_century_bridge,Project Gutenberg,https://www.gutenberg.org/ebooks/62892,explicit_sonetto_heading,4-4-3-3,14,"Nocchier, che 'l vasto mar solcando va",E da crudeli traversìe campò.,66679,67240,9e4018bef554948e7087f9e37e75df68def3a7fddf0ce6d67d64c6aa4c1f1a2e,34c0e8e1fb26a58844e5db3a79e7981d17d43d617d7b083e418ac6065f7c0472,eligible_standard_sonnet_pending_processed_build,,,,,,,standard_sonnets,eligible_pending_v7_and_poem_attribution,standard_sonnet_materialized_pending_v7,data/processed/project_gutenberg_resolved_v1/standard_sonnets/part-0001.txt,197991,198487,482,496,14,34c0e8e1fb26a58844e5db3a79e7981d17d43d617d7b083e418ac6065f7c0472
pg62892:char67251-67810,62892,I Tre Giulj: o sieno Sonetti di Niceste Abideno sopra l'Importunità di; un Creditor di Tre Giulj,"Casti, Giovanni Battista",,pending_candidate_level_attribution_audit,nineteenth_century_bridge,Project Gutenberg,https://www.gutenberg.org/ebooks/62892,explicit_sonetto_heading,4-4-3-3,14,Antichissimamente costumò,E non sodisfo al debito così.,67251,67810,8b676fcaf3eaa7028f33b72c741433ba14a4961eb761a1d1dbe8e65dac7341d4,1f1c8aa570da88fd060b974bef855a3a3d422fa4864863ce66293315f56d0ce3,eligible_standard_sonnet_pending_processed_build,,,,,,,standard_sonnets,eligible_pending_v7_and_poem_attribution,standard_sonnet_materialized_pending_v7,data/processed/project_gutenberg_resolved_v1/standard_sonnets/part-0001.txt,198488,198982,480,494,14,1f1c8aa570da88fd060b974bef855a3a3d422fa4864863ce66293315f56d0ce3
pg62892:char67821-68389,62892,I Tre Giulj: o sieno Sonetti di Niceste Abideno sopra l'Importunità di; un Creditor di Tre Giulj,"Casti, Giovanni Battista",,pending_candidate_level_attribution_audit,nineteenth_century_bridge,Project Gutenberg,https://www.gutenberg.org/ebooks/62892,explicit_sonetto_heading,4-4-3-3,14,"Qual'armonia dal Ciel fra noi calò,[11]",Per fin dimenticarmi i Giulj tre.,67821,68389,f55c6d46fb5a0bc972ac31c4893fff78da00c23285dcdc7e0fecb3efdff5c87a,b5a4512075932d3283cc1b9cdcfe3b8740ea6f8302c079c590e1099d04331803,eligible_standard_sonnet_pending_processed_build,,,,,,,standard_sonnets,eligible_pending_v7_and_poem_attribution,standard_sonnet_materialized_pending_v7,data/processed/project_gutenberg_resolved_v1/standard_sonnets/part-0001.txt,198983,199487,489,504,14,b5a4512075932d3283cc1b9cdcfe3b8740ea6f8302c079c590e1099d04331803
pg62892:char68400-68984,62892,I Tre Giulj: o sieno Sonetti di Niceste Abideno sopra l'Importunità di; un Creditor di Tre Giulj,"Casti, Giovanni Battista",,pending_candidate_level_attribution_audit,nineteenth_century_bridge,Project Gutenberg,https://www.gutenberg.org/ebooks/62892,explicit_sonetto_heading,4-4-3-3,14,"Pellegrin, che smarrissi, e s'internò",Vieni per domandarmi i Giulj tre.,68400,68984,eb4826dfce28a0b85d9119e6550774c298f86fc385a094394e4100248cb1e328,ecf358d99e4ff546f93be532ac6fb83244548a78a19bba9f312dcb40d0471f39,eligible_standard_sonnet_pending_processed_build,,,,,,,standard_sonnets,eligible_pending_v7_and_poem_attribution,standard_sonnet_materialized_pending_v7,data/processed/project_gutenberg_resolved_v1/standard_sonnets/part-0001.txt,199488,200007,505,519,14,ecf358d99e4ff546f93be532ac6fb83244548a78a19bba9f312dcb40d0471f39
pg62892:char68995-69563,62892,I Tre Giulj: o sieno Sonetti di Niceste Abideno sopra l'Importunità di; un Creditor di Tre Giulj,"Casti, Giovanni Battista",,pending_candidate_level_attribution_audit,nineteenth_century_bridge,Project Gutenberg,https://www.gutenberg.org/ebooks/62892,explicit_sonetto_heading,4-4-3-3,14,"Crisofilo, che sempre amor provò",Ma pel secondo fin de' Giulj tre.,68995,69563,3db7da76b2ff923ad9579b24fb56c5064c3cbe3ed04649f155d46db5d0046707,f89aadf7803723a6c211863d6b4b39df5e5017580b8156a1bccf39d476d86dac,eligible_standard_sonnet_pending_processed_build,,,,,,,standard_sonnets,eligible_pending_v7_and_poem_attribution,standard_sonnet_materialized_pending_v7,data/processed/project_gutenberg_resolved_v1/standard_sonnets/part-0001.txt,200008,200509,489,501,14,f89aadf7803723a6c211863d6b4b39df5e5017580b8156a1bccf39d476d86dac
pg62892:char69574-70122,62892,I Tre Giulj: o sieno Sonetti di Niceste Abideno sopra l'Importunità di; un Creditor di Tre Giulj,"Casti, Giovanni Battista",,pending_candidate_level_attribution_audit,nineteenth_century_bridge,Project Gutenberg,https://www.gutenberg.org/ebooks/62892,explicit_sonetto_heading,4-4-3-3,14,"Crisofilo mio caro, io so, che tu","Difficil, ch'io ti renda i Giulj tre.",69574,70122,65286069d7e0ef9db8077d3ccb033e68d299d2810d6b5055696c43b1ad5f94d8,ce34518094e63c853af39066f346652137b52879b0138912706b47d02ef5b43a,eligible_standard_sonnet_pending_processed_build,,,,,,,standard_sonnets,eligible_pending_v7_and_poem_attribution,standard_sonnet_materialized_pending_v7,data/processed/project_gutenberg_resolved_v1/standard_sonnets/part-0001.txt,200510,200991,469,481,14,ce34518094e63c853af39066f346652137b52879b0138912706b47d02ef5b43a
pg62892:char70133-70686,62892,I Tre Giulj: o sieno Sonetti di Niceste Abideno sopra l'Importunità di; un Creditor di Tre Giulj,"Casti, Giovanni Battista",,pending_candidate_level_attribution_audit,nineteenth_century_bridge,Project Gutenberg,https://www.gutenberg.org/ebooks/62892,explicit_sonetto_heading,4-4-3-3,14,"Soffrir d'aspro Padron la senettù,",Come d'un Creditor simile a te.,70133,70686,8faa23075ee6c730fa74ad49e288deeda81b7b96a3cd3c47da5006faece960fe,4b9dee77c74fd0117fd1e787c70a050e41bcb512fb0323b87c69457352e344dd,eligible_standard_sonnet_pending_processed_build,,,,,,,standard_sonnets,eligible_pending_v7_and_poem_attribution,standard_sonnet_materialized_pending_v7,data/processed/project_gutenberg_resolved_v1/standard_sonnets/part-0001.txt,200992,201476,474,484,14,4b9dee77c74fd0117fd1e787c70a050e41bcb512fb0323b87c69457352e344dd
pg62892:char70697-71270,62892,I Tre Giulj: o sieno Sonetti di Niceste Abideno sopra l'Importunità di; un Creditor di Tre Giulj,"Casti, Giovanni Battista",,pending_candidate_level_attribution_audit,nineteenth_century_bridge,Project Gutenberg,https://www.gutenberg.org/ebooks/62892,explicit_sonetto_heading,4-4-3-3,14,"Io non bramo il Tesor d'Attalo Re,","Io ne son stanco, e non ne posso più.",70697,71270,8fa3ca6cae9d2fd69a00d3ea3cf98896a007c01c7d5eb0f4759667bab76b0c12,fa73beb12170f04fa5b61f7a3355eeb5cd4ed3f76eb3bb5e0179fbd6329043bc,eligible_standard_sonnet_pending_processed_build,,,,,,,standard_sonnets,eligible_pending_v7_and_poem_attribution,standard_sonnet_materialized_pending_v7,data/processed/project_gutenberg_resolved_v1/standard_sonnets/part-0001.txt,201477,201986,494,509,14,fa73beb12170f04fa5b61f7a3355eeb5cd4ed3f76eb3bb5e0179fbd6329043bc
pg62892:char71281-71846,62892,I Tre Giulj: o sieno Sonetti di Niceste Abideno sopra l'Importunità di; un Creditor di Tre Giulj,"Casti, Giovanni Battista",,pending_candidate_level_attribution_audit,nineteenth_century_bridge,Project Gutenberg,https://www.gutenberg.org/ebooks/62892,explicit_sonetto_heading,4-4-3-3,14,"Oh quanto scioccamente vaneggiò,","Rompere il vaso, e non pensarvi più.",71281,71846,b9179a94d86434ec1d536f668343e53b592a0279ed0e11c44aa97397b47ee0fa,1dbb7674011aa896a9b0ab4c2123cf09bb2acd95849cebf41ca3e6d8c192a47b,eligible_standard_sonnet_pending_processed_build,,,,,,,standard_sonnets,eligible_pending_v7_and_poem_attribution,standard_sonnet_materialized_pending_v7,data/processed/project_gutenberg_resolved_v1/standard_sonnets/part-0001.txt,201987,202490,486,503,14,1dbb7674011aa896a9b0ab4c2123cf09bb2acd95849cebf41ca3e6d8c192a47b
pg62892:char71857-72416,62892,I Tre Giulj: o sieno Sonetti di Niceste Abideno sopra l'Importunità di; un Creditor di Tre Giulj,"Casti, Giovanni Battista",,pending_candidate_level_attribution_audit,nineteenth_century_bridge,Project Gutenberg,https://www.gutenberg.org/ebooks/62892,explicit_sonetto_heading,4-4-3-3,14,"Come caldaja, o pentola, che sta",E la Poetica effusion causò.,71857,72416,33a6f6a8784de2725738a7756ce2a52b5526070f40148d022140e9a653c5353a,60ecf4732ff22684bd8bb439b07f1d0d55fc1fd98eb21c3a6ccddbf328b11825,eligible_standard_sonnet_pending_processed_build,,,,,,,standard_sonnets,eligible_pending_v7_and_poem_attribution,standard_sonnet_materialized_pending_v7,data/processed/project_gutenberg_resolved_v1/standard_sonnets/part-0001.txt,202491,202981,480,490,14,60ecf4732ff22684bd8bb439b07f1d0d55fc1fd98eb21c3a6ccddbf328b11825
pg62892:char72427-72987,62892,I Tre Giulj: o sieno Sonetti di Niceste Abideno sopra l'Importunità di; un Creditor di Tre Giulj,"Casti, Giovanni Battista",,pending_candidate_level_attribution_audit,nineteenth_century_bridge,Project Gutenberg,https://www.gutenberg.org/ebooks/62892,explicit_sonetto_heading,4-4-3-3,14,"Forse al tempo, che Davide regnò,",Che Creditor divenir possa a te.,72427,72987,880d0f04ae69ca0c661a88f04ef104f40ea44a27b85803e492d2ef3e5d45c21c,3960d2b41c586a0ceb5c9d3fb77848a358ec201a060db04508f277d52ed05479,eligible_standard_sonnet_pending_processed_build,,,,,,,standard_sonnets,eligible_pending_v7_and_poem_attribution,standard_sonnet_materialized_pending_v7,data/processed/project_gutenberg_resolved_v1/standard_sonnets/part-0001.txt,202982,203475,481,493,14,3960d2b41c586a0ceb5c9d3fb77848a358ec201a060db04508f277d52ed05479
pg62892:char72998-73554,62892,I Tre Giulj: o sieno Sonetti di Niceste Abideno sopra l'Importunità di; un Creditor di Tre Giulj,"Casti, Giovanni Battista",,pending_candidate_level_attribution_audit,nineteenth_century_bridge,Project Gutenberg,https://www.gutenberg.org/ebooks/62892,explicit_sonetto_heading,4-4-3-3,14,Guardami il Ciel! che brutto sogno oimè,E le veci del Diavolo farà.,72998,73554,e21259cfec21f3c3ae9cf7847a0faf228e3c113f8ae5fcd02f86135b54d94971,e03c9bb07484cdbc023975f5856eebe9eda44ea6b00b6959c068e9efd7cbfce8,eligible_standard_sonnet_pending_processed_build,,,,,,,standard_sonnets,eligible_pending_v7_and_poem_attribution,standard_sonnet_materialized_pending_v7,data/processed/project_gutenberg_resolved_v1/standard_sonnets/part-0001.txt,203476,203968,477,492,14,e03c9bb07484cdbc023975f5856eebe9eda44ea6b00b6959c068e9efd7cbfce8
pg62892:char73565-74109,62892,I Tre Giulj: o sieno Sonetti di Niceste Abideno sopra l'Importunità di; un Creditor di Tre Giulj,"Casti, Giovanni Battista",,pending_candidate_level_attribution_audit,nineteenth_century_bridge,Project Gutenberg,https://www.gutenberg.org/ebooks/62892,explicit_sonetto_heading,4-4-3-3,14,"Di tanto orrore un sogno tal mi fu,",Gli farò dir dal Portinar: non v'è.,73565,74109,b60130d1c1e95c2aa22a0fbb7b6f53a2562d078dc61c77f9d0cc85dc5ce4bba9,ad0c6f0d27c3c1bf29626466295a3ef3eeef3966b7c213eca8277591cd26ea96,eligible_standard_sonnet_pending_processed_build,,,,,,,standard_sonnets,eligible_pending_v7_and_poem_attribution,standard_sonnet_materialized_pending_v7,data/processed/project_gutenberg_resolved_v1/standard_sonnets/part-0001.txt,203969,204454,465,485,14,ad0c6f0d27c3c1bf29626466295a3ef3eeef3966b7c213eca8277591cd26ea96
pg62892:char74120-74684,62892,I Tre Giulj: o sieno Sonetti di Niceste Abideno sopra l'Importunità di; un Creditor di Tre Giulj,"Casti, Giovanni Battista",,pending_candidate_level_attribution_audit,nineteenth_century_bridge,Project Gutenberg,https://www.gutenberg.org/ebooks/62892,explicit_sonetto_heading,4-4-3-3,14,"Non già per impugnar la verità,","E duri ancor, nè la finisci più?",74120,74684,aac6e1a453faad4e2de200170e9cf8f98257648d645150ae363e730ac87c2c19,f996f763691c5880e83441828f4c6865c6e3ca00f8f795e99ff245e795de8251,eligible_standard_sonnet_pending_processed_build,,,,,,,standard_sonnets,eligible_pending_v7_and_poem_attribution,standard_sonnet_materialized_pending_v7,data/processed/project_gutenberg_resolved_v1/standard_sonnets/part-0001.txt,204455,204953,485,498,14,f996f763691c5880e83441828f4c6865c6e3ca00f8f795e99ff245e795de8251
pg62892:char74695-75292,62892,I Tre Giulj: o sieno Sonetti di Niceste Abideno sopra l'Importunità di; un Creditor di Tre Giulj,"Casti, Giovanni Battista",,pending_candidate_level_attribution_audit,nineteenth_century_bridge,Project Gutenberg,https://www.gutenberg.org/ebooks/62892,explicit_sonetto_heading,4-4-3-3,14,"La Lingua d'_oc_, dett'anch'oggi così,",Che per me si può dir Lingua del _no_.,74695,75292,29fb47e608bc9cab06ae542b64f66b811f44f57a1af9ebd742c5b864392dd310,3aeb6964350031d258cf74ee7fee25586cb9d86e3910d805013ace07be0d5a74,eligible_standard_sonnet_pending_processed_build,,,,,,,standard_sonnets,eligible_pending_v7_and_poem_attribution,standard_sonnet_materialized_pending_v7,data/processed/project_gutenberg_resolved_v1/standard_sonnets/part-0001.txt,204954,205488,518,534,14,3aeb6964350031d258cf74ee7fee25586cb9d86e3910d805013ace07be0d5a74
pg62892:char75303-75864,62892,I Tre Giulj: o sieno Sonetti di Niceste Abideno sopra l'Importunità di; un Creditor di Tre Giulj,"Casti, Giovanni Battista",,pending_candidate_level_attribution_audit,nineteenth_century_bridge,Project Gutenberg,https://www.gutenberg.org/ebooks/62892,explicit_sonetto_heading,4-4-3-3,14,"Saggio Guerrier, che forza ed arte usò,",Pertinace mi chiedi i Giulj tre.,75303,75864,8eae46993d177dcd0fe30ab8e4b58189bec49e9cbbdfdaffa3858c05d7e1183a,ccb01d94e8fe1888ff83e5e3c5a7564fbee3a39d8a8d1e792a80a87d8a968506,eligible_standard_sonnet_pending_processed_build,,,,,,,standard_sonnets,eligible_pending_v7_and_poem_attribution,standard_sonnet_materialized_pending_v7,data/processed/project_gutenberg_resolved_v1/standard_sonnets/part-0001.txt,205489,205984,482,495,14,ccb01d94e8fe1888ff83e5e3c5a7564fbee3a39d8a8d1e792a80a87d8a968506
pg62892:char75875-76440,62892,I Tre Giulj: o sieno Sonetti di Niceste Abideno sopra l'Importunità di; un Creditor di Tre Giulj,"Casti, Giovanni Battista",,pending_candidate_level_attribution_audit,nineteenth_century_bridge,Project Gutenberg,https://www.gutenberg.org/ebooks/62892,explicit_sonetto_heading,4-4-3-3,14,"Dicon, ch'era una volta in Frigia un Re",Che i Giulj tre non mi chiedessi più.,75875,76440,80d8cffc82843ab29496cf6eaea416c3a2c35ca63512915afc896ed08458f00a,33a5f1680460d48bb51e3bca51552aee2c331429786304c3f7a41bb4444bf432,eligible_standard_sonnet_pending_processed_build,,,,,,,standard_sonnets,eligible_pending_v7_and_poem_attribution,standard_sonnet_materialized_pending_v7,data/processed/project_gutenberg_resolved_v1/standard_sonnets/part-0001.txt,205985,206483,486,498,14,33a5f1680460d48bb51e3bca51552aee2c331429786304c3f7a41bb4444bf432
pg62892:char76451-77014,62892,I Tre Giulj: o sieno Sonetti di Niceste Abideno sopra l'Importunità di; un Creditor di Tre Giulj,"Casti, Giovanni Battista",,pending_candidate_level_attribution_audit,nineteenth_century_bridge,Project Gutenberg,https://www.gutenberg.org/ebooks/62892,explicit_sonetto_heading,4-4-3-3,14,"Tu dici, che niun mai trovar potrà,","Se i tre Giulj non ho, trovarli in me.",76451,77014,3c941e620ec0f27325ccff744ca78615af1e64419a146970dabf885c75ee98e0,e0191ff309bf1f7b5ae6aba2d1666257a54d071c51c5a766f5c76e2d207c87ae,eligible_standard_sonnet_pending_processed_build,,,,,,,standard_sonnets,eligible_pending_v7_and_poem_attribution,standard_sonnet_materialized_pending_v7,data/processed/project_gutenberg_resolved_v1/standard_sonnets/part-0001.txt,206484,206979,484,495,14,e0191ff309bf1f7b5ae6aba2d1666257a54d071c51c5a766f5c76e2d207c87ae
pg62892:char77025-77613,62892,I Tre Giulj: o sieno Sonetti di Niceste Abideno sopra l'Importunità di; un Creditor di Tre Giulj,"Casti, Giovanni Battista",,pending_candidate_level_attribution_audit,nineteenth_century_bridge,Project Gutenberg,https://www.gutenberg.org/ebooks/62892,explicit_sonetto_heading,4-4-3-3,14,"Avanti il Creditor viemmi ogni dì,","Lo spaventoso suon, ch'altri fugò.",77025,77613,4adcfe391686534023c6138a25d88ac96accd2fbe917f93629a41c356f01861c,df93a8062a9de28468be7c8f517b2d2a0c864653aaaf3f95f609467d75bf246b,eligible_standard_sonnet_pending_processed_build,,,,,,,standard_sonnets,eligible_pending_v7_and_poem_attribution,standard_sonnet_materialized_pending_v7,data/processed/project_gutenberg_resolved_v1/standard_sonnets/part-0001.txt,206980,207503,509,523,14,df93a8062a9de28468be7c8f517b2d2a0c864653aaaf3f95f609467d75bf246b
pg62892:char77624-78206,62892,I Tre Giulj: o sieno Sonetti di Niceste Abideno sopra l'Importunità di; un Creditor di Tre Giulj,"Casti, Giovanni Battista",,pending_candidate_level_attribution_audit,nineteenth_century_bridge,Project Gutenberg,https://www.gutenberg.org/ebooks/62892,explicit_sonetto_heading,4-4-3-3,14,"O inutile travaglio, o vanità",Darteli alfine; e non sentirti più.,77624,78206,634be78c828dd89ec2e2a4b70e4edb08cafdae8814ca81b7e814afae702cfbfa,73560127c54428f493f85a5273cd15b414f2d1841fbf6fa1899b9364a048dbbb,eligible_standard_sonnet_pending_processed_build,,,,,,,standard_sonnets,eligible_pending_v7_and_poem_attribution,standard_sonnet_materialized_pending_v7,data/processed/project_gutenberg_resolved_v1/standard_sonnets/part-0001.txt,207504,208016,503,512,14,73560127c54428f493f85a5273cd15b414f2d1841fbf6fa1899b9364a048dbbb
pg62892:char78217-78771,62892,I Tre Giulj: o sieno Sonetti di Niceste Abideno sopra l'Importunità di; un Creditor di Tre Giulj,"Casti, Giovanni Battista",,pending_candidate_level_attribution_audit,nineteenth_century_bridge,Project Gutenberg,https://www.gutenberg.org/ebooks/62892,explicit_sonetto_heading,4-4-3-3,14,Crisofilo impegnossi in pochi dì,Domandarmi in Francese i Giulj tre.,78217,78771,4ba57f73fd5a7b1d4aaeb7b97acf25c9a9b668ef7003cc49bc7c6756221d0a7c,8223596d072b67afc959b182658f9cc0124a7dd45fd9e346d26f4fb84f618c9e,eligible_standard_sonnet_pending_processed_build,,,,,,,standard_sonnets,eligible_pending_v7_and_poem_attribution,standard_sonnet_materialized_pending_v7,data/processed/project_gutenberg_resolved_v1/standard_sonnets/part-0001.txt,208017,208504,475,487,14,8223596d072b67afc959b182658f9cc0124a7dd45fd9e346d26f4fb84f618c9e
pg62892:char78782-79341,62892,I Tre Giulj: o sieno Sonetti di Niceste Abideno sopra l'Importunità di; un Creditor di Tre Giulj,"Casti, Giovanni Battista",,pending_candidate_level_attribution_audit,nineteenth_century_bridge,Project Gutenberg,https://www.gutenberg.org/ebooks/62892,explicit_sonetto_heading,4-4-3-3,14,"Tu crederai, che irato io sia con te,",Ed un'avaro cor mai non s'empì.,78782,79341,f36c49e8f9e2e92fdcd952d0744cfc683f036bab1562d9a3b3b603de03c7dd6a,cb5761efa7ec1e344bb9f2bf6b34c32a6e1627c37d461a14d17d387d0d78d641,eligible_standard_sonnet_pending_processed_build,,,,,,,standard_sonnets,eligible_pending_v7_and_poem_attribution,standard_sonnet_materialized_pending_v7,data/processed/project_gutenberg_resolved_v1/standard_sonnets/part-0001.txt,208505,208994,480,489,14,cb5761efa7ec1e344bb9f2bf6b34c32a6e1627c37d461a14d17d387d0d78d641
pg62892:char79352-79912,62892,I Tre Giulj: o sieno Sonetti di Niceste Abideno sopra l'Importunità di; un Creditor di Tre Giulj,"Casti, Giovanni Battista",,pending_candidate_level_attribution_audit,nineteenth_century_bridge,Project Gutenberg,https://www.gutenberg.org/ebooks/62892,explicit_sonetto_heading,4-4-3-3,14,"Pallon, che la parete a colpir va,","Riporta il colpo, che portava a me.",79352,79912,cca19c0340eddee5790cccc43ddd8d694dd7dadbab48d6bbe9aaa16063e3f756,f0c63230228a28062b5ff4c2b6d1fffa49c371edfac98698979cbdd2941b62ac,eligible_standard_sonnet_pending_processed_build,,,,,,,standard_sonnets,eligible_pending_v7_and_poem_attribution,standard_sonnet_materialized_pending_v7,data/processed/project_gutenberg_resolved_v1/standard_sonnets/part-0001.txt,208995,209483,481,488,14,f0c63230228a28062b5ff4c2b6d1fffa49c371edfac98698979cbdd2941b62ac
pg62892:char79923-80504,62892,I Tre Giulj: o sieno Sonetti di Niceste Abideno sopra l'Importunità di; un Creditor di Tre Giulj,"Casti, Giovanni Battista",,pending_candidate_level_attribution_audit,nineteenth_century_bridge,Project Gutenberg,https://www.gutenberg.org/ebooks/62892,explicit_sonetto_heading,4-4-3-3,14,"Tra l'affanno, e il calor smaniando sta","Tanto il mal più s'accrebbe, e peggiorò.",79923,80504,393a215ce49670a7f27dff9e57bed9c2916a361cf7fd95e0b6e0a2009c5e3ed2,2ed765cfa48529aee185ee59c27e97cff76478d8689050978a709204d02984ec,eligible_standard_sonnet_pending_processed_build,,,,,,,standard_sonnets,eligible_pending_v7_and_poem_attribution,standard_sonnet_materialized_pending_v7,data/processed/project_gutenberg_resolved_v1/standard_sonnets/part-0001.txt,209484,209995,502,511,14,2ed765cfa48529aee185ee59c27e97cff76478d8689050978a709204d02984ec
pg62892:char80515-81063,62892,I Tre Giulj: o sieno Sonetti di Niceste Abideno sopra l'Importunità di; un Creditor di Tre Giulj,"Casti, Giovanni Battista",,pending_candidate_level_attribution_audit,nineteenth_century_bridge,Project Gutenberg,https://www.gutenberg.org/ebooks/62892,explicit_sonetto_heading,4-4-3-3,14,Secondo la diversa qualità,Onde chiedi sì spesso i Giulj tre.,80515,81063,c631d46bdefb16f95fac7ec6abb3bc876162832516aabcbc0d25b24086f644ed,ad9cb546288a870b8beefa54bdae405f28393289a432a868ee8e99f8b211d727,eligible_standard_sonnet_pending_processed_build,,,,,,,standard_sonnets,eligible_pending_v7_and_poem_attribution,standard_sonnet_materialized_pending_v7,data/processed/project_gutenberg_resolved_v1/standard_sonnets/part-0001.txt,209996,210479,469,483,14,ad9cb546288a870b8beefa54bdae405f28393289a432a868ee8e99f8b211d727
pg62892:char81074-81634,62892,I Tre Giulj: o sieno Sonetti di Niceste Abideno sopra l'Importunità di; un Creditor di Tre Giulj,"Casti, Giovanni Battista",,pending_candidate_level_attribution_audit,nineteenth_century_bridge,Project Gutenberg,https://www.gutenberg.org/ebooks/62892,explicit_sonetto_heading,4-4-3-3,14,"Pera colui, che primo a noi portò",Ma prigion non si va per Giulj tre.,81074,81634,432a069ace8899ea30a6d739e8f8803bd3eb2f02dc4db4ca9ef3bb8328d72bfb,6216993f06c1fc1f7df069d7f5dd87a1a056c6c79f7eed116a6b9153ed935b12,eligible_standard_sonnet_pending_processed_build,,,,,,,standard_sonnets,eligible_pending_v7_and_poem_attribution,standard_sonnet_materialized_pending_v7,data/processed/project_gutenberg_resolved_v1/standard_sonnets/part-0001.txt,210480,210973,481,493,14,6216993f06c1fc1f7df069d7f5dd87a1a056c6c79f7eed116a6b9153ed935b12
pg62892:char81645-82237,62892,I Tre Giulj: o sieno Sonetti di Niceste Abideno sopra l'Importunità di; un Creditor di Tre Giulj,"Casti, Giovanni Battista",,pending_candidate_level_attribution_audit,nineteenth_century_bridge,Project Gutenberg,https://www.gutenberg.org/ebooks/62892,explicit_sonetto_heading,4-4-3-3,14,"Che pensi o Creditor, che stai così",Esser felice in avvenir non può.,81645,82237,94817b3c9d792a5e00066a9c1aeb7c8482298d33e3d6284f03d246b4ebd0c23d,ca893c85b8923ba82aac9dc3dc82388038ce88405de61b6032ab33285c893d59,eligible_standard_sonnet_pending_processed_build,,,,,,,standard_sonnets,eligible_pending_v7_and_poem_attribution,standard_sonnet_materialized_pending_v7,data/processed/project_gutenberg_resolved_v1/standard_sonnets/part-0001.txt,210974,211497,513,523,14,ca893c85b8923ba82aac9dc3dc82388038ce88405de61b6032ab33285c893d59
pg62892:char82248-82830,62892,I Tre Giulj: o sieno Sonetti di Niceste Abideno sopra l'Importunità di; un Creditor di Tre Giulj,"Casti, Giovanni Battista",,pending_candidate_level_attribution_audit,nineteenth_century_bridge,Project Gutenberg,https://www.gutenberg.org/ebooks/62892,explicit_sonetto_heading,4-4-3-3,14,Armato tutto il Creditor non già,E vincitor la fuga sol mi fe.,82248,82830,40af7410d6273b001719088ae84a4a19a4340183204becde39bc0be29367e1bb,31d614867ba7b22c991821dda2e82d711f64066499b0e259ad80db393d99c315,eligible_standard_sonnet_pending_processed_build,,,,,,,standard_sonnets,eligible_pending_v7_and_poem_attribution,standard_sonnet_materialized_pending_v7,data/processed/project_gutenberg_resolved_v1/standard_sonnets/part-0001.txt,211498,212012,503,514,14,31d614867ba7b22c991821dda2e82d711f64066499b0e259ad80db393d99c315
pg62892:char82841-83415,62892,I Tre Giulj: o sieno Sonetti di Niceste Abideno sopra l'Importunità di; un Creditor di Tre Giulj,"Casti, Giovanni Battista",,pending_candidate_level_attribution_audit,nineteenth_century_bridge,Project Gutenberg,https://www.gutenberg.org/ebooks/62892,explicit_sonetto_heading,4-4-3-3,14,"La prima volta, che il Nocchiero udì",E di quel fiotto al suon cantando vo.,82841,83415,b024673296cc47c35a2b915240705cb8291f9a67351750835213b72f8f4bb94d,312d9eba018a7a75ade68877af04622d3b81bb6f6e258b465f9d01c3f2032ae1,eligible_standard_sonnet_pending_processed_build,,,,,,,standard_sonnets,eligible_pending_v7_and_poem_attribution,standard_sonnet_materialized_pending_v7,data/processed/project_gutenberg_resolved_v1/standard_sonnets/part-0001.txt,212013,212516,495,503,14,312d9eba018a7a75ade68877af04622d3b81bb6f6e258b465f9d01c3f2032ae1
pg62892:char83426-83978,62892,I Tre Giulj: o sieno Sonetti di Niceste Abideno sopra l'Importunità di; un Creditor di Tre Giulj,"Casti, Giovanni Battista",,pending_candidate_level_attribution_audit,nineteenth_century_bridge,Project Gutenberg,https://www.gutenberg.org/ebooks/62892,explicit_sonetto_heading,4-4-3-3,14,Tra i Filosofi dell'Antichità,Con quel mio Creditor di Giulj tre.,83426,83978,a77f399d3e891b5b798735bc6702f2bad5452f842615437c5abb7ed4ab90d660,5c79e9048eb9f779b3558ed40d9799863da85030bb96def420f51c6902b808fc,eligible_standard_sonnet_pending_processed_build,,,,,,,standard_sonnets,eligible_pending_v7_and_poem_attribution,standard_sonnet_materialized_pending_v7,data/processed/project_gutenberg_resolved_v1/standard_sonnets/part-0001.txt,212517,212999,473,482,14,5c79e9048eb9f779b3558ed40d9799863da85030bb96def420f51c6902b808fc
pg62892:char83989-84550,62892,I Tre Giulj: o sieno Sonetti di Niceste Abideno sopra l'Importunità di; un Creditor di Tre Giulj,"Casti, Giovanni Battista",,pending_candidate_level_attribution_audit,nineteenth_century_bridge,Project Gutenberg,https://www.gutenberg.org/ebooks/62892,explicit_sonetto_heading,4-4-3-3,14,"Ho inteso dir di Ciceron, che fu",Il debito imbrogliar de' Giulj tre.,83989,84550,d2c38cb70567c01182c23d3d58dbc5adb90ef3140f67a0073f76ae8d61204386,3cfdab21e2d9654e396b1042ac316debc96125a26ca3b41b9161ceff797f76ed,eligible_standard_sonnet_pending_processed_build,,,,,,,standard_sonnets,eligible_pending_v7_and_poem_attribution,standard_sonnet_materialized_pending_v7,data/processed/project_gutenberg_resolved_v1/standard_sonnets/part-0001.txt,213000,213498,482,498,14,3cfdab21e2d9654e396b1042ac316debc96125a26ca3b41b9161ceff797f76ed
pg62892:char84561-85103,62892,I Tre Giulj: o sieno Sonetti di Niceste Abideno sopra l'Importunità di; un Creditor di Tre Giulj,"Casti, Giovanni Battista",,pending_candidate_level_attribution_audit,nineteenth_century_bridge,Project Gutenberg,https://www.gutenberg.org/ebooks/62892,explicit_sonetto_heading,4-4-3-3,14,"Stansi i bitumi oziosi, e i solfi giù",Eruzzion Poetica scoppiò.,84561,85103,b072cecd551add1103d4dabc7968bc28b8f2c990b9e00ea0a1e7140f872f89b8,0efc8001e201d1acafbb5bd37b9b1886ba40adb63dbc7b87b9b9a1d3563ddaa1,eligible_standard_sonnet_pending_processed_build,,,,,,,standard_sonnets,eligible_pending_v7_and_poem_attribution,standard_sonnet_materialized_pending_v7,data/processed/project_gutenberg_resolved_v1/standard_sonnets/part-0001.txt,213499,213971,463,472,14,0efc8001e201d1acafbb5bd37b9b1886ba40adb63dbc7b87b9b9a1d3563ddaa1
pg62892:char85114-85671,62892,I Tre Giulj: o sieno Sonetti di Niceste Abideno sopra l'Importunità di; un Creditor di Tre Giulj,"Casti, Giovanni Battista",,pending_candidate_level_attribution_audit,nineteenth_century_bridge,Project Gutenberg,https://www.gutenberg.org/ebooks/62892,explicit_sonetto_heading,4-4-3-3,14,Forse viver non puoi senza di me?,E che sente l'odor dove passò.,85114,85671,04042b7d7d1e93d2e08860431e8eb5e74132a268b6bb9d1b34e87ef066dcebf4,bb591b5aac6625694087a5235c310a20db98430a8f00155b85baf489731c504e,eligible_standard_sonnet_pending_processed_build,,,,,,,standard_sonnets,eligible_pending_v7_and_poem_attribution,standard_sonnet_materialized_pending_v7,data/processed/project_gutenberg_resolved_v1/standard_sonnets/part-0001.txt,213972,214464,478,492,14,bb591b5aac6625694087a5235c310a20db98430a8f00155b85baf489731c504e
pg62892:char85682-86251,62892,I Tre Giulj: o sieno Sonetti di Niceste Abideno sopra l'Importunità di; un Creditor di Tre Giulj,"Casti, Giovanni Battista",,pending_candidate_level_attribution_audit,nineteenth_century_bridge,Project Gutenberg,https://www.gutenberg.org/ebooks/62892,explicit_sonetto_heading,4-4-3-3,14,"Felice il Mercatante, che non sta",Or come Diavol mai schivar si può?,85682,86251,f239b3eecbb5ec5b83a2c07665a43cdcb31a979722766a92939d7c71fcc4c952,31791af76a17af38173e658bf2498f3a6230c505ca411656b40843906f2d2183,eligible_standard_sonnet_pending_processed_build,,,,,,,standard_sonnets,eligible_pending_v7_and_poem_attribution,standard_sonnet_materialized_pending_v7,data/processed/project_gutenberg_resolved_v1/standard_sonnets/part-0001.txt,214465,214965,490,500,14,31791af76a17af38173e658bf2498f3a6230c505ca411656b40843906f2d2183
pg62892:char86262-86811,62892,I Tre Giulj: o sieno Sonetti di Niceste Abideno sopra l'Importunità di; un Creditor di Tre Giulj,"Casti, Giovanni Battista",,pending_candidate_level_attribution_audit,nineteenth_century_bridge,Project Gutenberg,https://www.gutenberg.org/ebooks/62892,explicit_sonetto_heading,4-4-3-3,14,Un certo Ammirator d'antichità,"E fin ch'io vivo, non vi torno più.",86262,86811,0ee4d7943db2301952c74f7085dbbf2874acc1d722d0a78c29f6b687862a2ce1,b3d59902186d01fe28ce93c2eaa9fed14e13374509c2dc8a9a983d73a4db780a,eligible_standard_sonnet_pending_processed_build,,,,,,,standard_sonnets,eligible_pending_v7_and_poem_attribution,standard_sonnet_materialized_pending_v7,data/processed/project_gutenberg_resolved_v1/standard_sonnets/part-0001.txt,214966,215447,470,481,14,b3d59902186d01fe28ce93c2eaa9fed14e13374509c2dc8a9a983d73a4db780a
pg62892:char86822-87393,62892,I Tre Giulj: o sieno Sonetti di Niceste Abideno sopra l'Importunità di; un Creditor di Tre Giulj,"Casti, Giovanni Battista",,pending_candidate_level_attribution_audit,nineteenth_century_bridge,Project Gutenberg,https://www.gutenberg.org/ebooks/62892,explicit_sonetto_heading,4-4-3-3,14,"Opra da discret'Uom giammai non fu,",Onde a pagar più stimolo non ho.,86822,87393,c75955d7032dda7f170442cf328fd89502a8eb38cad87b61d18df15af2d1aa1d,53b735fc1a8142be7afe2040a72420bd5a15b221274f8805daf224bbb2576dfd,eligible_standard_sonnet_pending_processed_build,,,,,,,standard_sonnets,eligible_pending_v7_and_poem_attribution,standard_sonnet_materialized_pending_v7,data/processed/project_gutenberg_resolved_v1/standard_sonnets/part-0001.txt,215448,215954,492,506,14,53b735fc1a8142be7afe2040a72420bd5a15b221274f8805daf224bbb2576dfd
pg62892:char87404-87965,62892,I Tre Giulj: o sieno Sonetti di Niceste Abideno sopra l'Importunità di; un Creditor di Tre Giulj,"Casti, Giovanni Battista",,pending_candidate_level_attribution_audit,nineteenth_century_bridge,Project Gutenberg,https://www.gutenberg.org/ebooks/62892,explicit_sonetto_heading,4-4-3-3,14,"Mentre il mio Creditor dei Giulj tre,","Poich'ella è coccia, e non necessità.",87404,87965,bcaa091fdc6c23a14e55ab5e80c83af2944d26938c2d49c3274e2c0d2397c300,8fb904928c444764be59ea30f8a935eb1e71e9e319d1469ed662a30df17c2360,eligible_standard_sonnet_pending_processed_build,,,,,,,standard_sonnets,eligible_pending_v7_and_poem_attribution,standard_sonnet_materialized_pending_v7,data/processed/project_gutenberg_resolved_v1/standard_sonnets/part-0001.txt,215955,216452,482,497,14,8fb904928c444764be59ea30f8a935eb1e71e9e319d1469ed662a30df17c2360
pg62892:char87976-88554,62892,I Tre Giulj: o sieno Sonetti di Niceste Abideno sopra l'Importunità di; un Creditor di Tre Giulj,"Casti, Giovanni Battista",,pending_candidate_level_attribution_audit,nineteenth_century_bridge,Project Gutenberg,https://www.gutenberg.org/ebooks/62892,explicit_sonetto_heading,4-4-3-3,14,"S'armi fortuna pur contro di me,",Colle sventure mie scherzando vo.,87976,88554,57ffe267ca41112d938e262dccdd07cceb04876c9d798fdbe49317371c3c098e,6545338357261db8caefc05b8c616c158e79dd15a7a06df4eca04087f7614940,eligible_standard_sonnet_pending_processed_build,,,,,,,standard_sonnets,eligible_pending_v7_and_poem_attribution,standard_sonnet_materialized_pending_v7,data/processed/project_gutenberg_resolved_v1/standard_sonnets/part-0001.txt,216453,216966,499,513,14,6545338357261db8caefc05b8c616c158e79dd15a7a06df4eca04087f7614940
pg62892:char88565-89148,62892,I Tre Giulj: o sieno Sonetti di Niceste Abideno sopra l'Importunità di; un Creditor di Tre Giulj,"Casti, Giovanni Battista",,pending_candidate_level_attribution_audit,nineteenth_century_bridge,Project Gutenberg,https://www.gutenberg.org/ebooks/62892,explicit_sonetto_heading,4-4-3-3,14,Vieni: mi disse il mio Destino un dì,In man d'un Creditor di Giulj tre.,88565,89148,5f8be45c663ea024209374e59057ecccf4143e33346f10715fbbc13cf77273dc,90c061666b72939ef1a090f22296fbf3cb40902880ffc843d1c4dc828313f0a5,eligible_standard_sonnet_pending_processed_build,,,,,,,standard_sonnets,eligible_pending_v7_and_poem_attribution,standard_sonnet_materialized_pending_v7,data/processed/project_gutenberg_resolved_v1/standard_sonnets/part-0001.txt,216967,217485,504,518,14,90c061666b72939ef1a090f22296fbf3cb40902880ffc843d1c4dc828313f0a5
pg62892:char89159-89757,62892,I Tre Giulj: o sieno Sonetti di Niceste Abideno sopra l'Importunità di; un Creditor di Tre Giulj,"Casti, Giovanni Battista",,pending_candidate_level_attribution_audit,nineteenth_century_bridge,Project Gutenberg,https://www.gutenberg.org/ebooks/62892,explicit_sonetto_heading,4-4-3-3,14,"Se là, dove il Pastor recinto fe","Se più docile è un Can, che non sei tu.",89159,89757,4df25ce36eccaa2f99144b16daae65de14f47121138b05e1a8da6adaf5470d9d,7fcbae2ab1e6f799c9880430fd7a2dc513ad7b93c607704b9a56e93dcc9cab7e,eligible_standard_sonnet_pending_processed_build,,,,,,,standard_sonnets,eligible_pending_v7_and_poem_attribution,standard_sonnet_materialized_pending_v7,data/processed/project_gutenberg_resolved_v1/standard_sonnets/part-0001.txt,217486,218019,519,533,14,7fcbae2ab1e6f799c9880430fd7a2dc513ad7b93c607704b9a56e93dcc9cab7e
pg62892:char89768-90354,62892,I Tre Giulj: o sieno Sonetti di Niceste Abideno sopra l'Importunità di; un Creditor di Tre Giulj,"Casti, Giovanni Battista",,pending_candidate_level_attribution_audit,nineteenth_century_bridge,Project Gutenberg,https://www.gutenberg.org/ebooks/62892,explicit_sonetto_heading,4-4-3-3,14,"Ascolta i bei ricordi, che ti dò:",Onde un tal ben miglior del mal non è.,89768,90354,82d078abf0b5af4c666d43a7c4062a39ba1752ff5c292e07d3d92255c2e55517,54e20575d52fdef35a41c656636b0cecbcca7fb1460bd61e041f90b5910ef315,eligible_standard_sonnet_pending_processed_build,,,,,,,standard_sonnets,eligible_pending_v7_and_poem_attribution,standard_sonnet_materialized_pending_v7,data/processed/project_gutenberg_resolved_v1/standard_sonnets/part-0001.txt,218020,218538,507,518,14,54e20575d52fdef35a41c656636b0cecbcca7fb1460bd61e041f90b5910ef315
pg62892:char90365-90939,62892,I Tre Giulj: o sieno Sonetti di Niceste Abideno sopra l'Importunità di; un Creditor di Tre Giulj,"Casti, Giovanni Battista",,pending_candidate_level_attribution_audit,nineteenth_century_bridge,Project Gutenberg,https://www.gutenberg.org/ebooks/62892,explicit_sonetto_heading,4-4-3-3,14,"Un Bando rigoroso affisso fu,",Finchè di nuovo in uso tornerà.,90365,90939,2bd0dbbaa854c3579455a346ede922a6f0c5596822225ab8fa4088db6c5cfbe4,aa45bbee2c6d64a93b750f61d7d935e96f6fcb04fdc34a8e311d37aed4f73a24,eligible_standard_sonnet_pending_processed_build,,,,,,,standard_sonnets,eligible_pending_v7_and_poem_attribution,standard_sonnet_materialized_pending_v7,data/processed/project_gutenberg_resolved_v1/standard_sonnets/part-0001.txt,218539,219044,495,505,14,aa45bbee2c6d64a93b750f61d7d935e96f6fcb04fdc34a8e311d37aed4f73a24
pg62892:char90950-91521,62892,I Tre Giulj: o sieno Sonetti di Niceste Abideno sopra l'Importunità di; un Creditor di Tre Giulj,"Casti, Giovanni Battista",,pending_candidate_level_attribution_audit,nineteenth_century_bridge,Project Gutenberg,https://www.gutenberg.org/ebooks/62892,explicit_sonetto_heading,4-4-3-3,14,Crisofilo fra le altre sue virtù,Uom di lui più sollecito non v'è.,90950,91521,c0d6e077fd456bdbb709d514c4184ebda36e246b3d168477401e3fa22fb94af9,bc7324eb9a38913105e43e1fce07edd2da1ef7758ecf1ec05ad9b1571eec4df6,eligible_standard_sonnet_pending_processed_build,,,,,,,standard_sonnets,eligible_pending_v7_and_poem_attribution,standard_sonnet_materialized_pending_v7,data/processed/project_gutenberg_resolved_v1/standard_sonnets/part-0001.txt,219045,219550,492,505,14,bc7324eb9a38913105e43e1fce07edd2da1ef7758ecf1ec05ad9b1571eec4df6
pg62892:char91532-92095,62892,I Tre Giulj: o sieno Sonetti di Niceste Abideno sopra l'Importunità di; un Creditor di Tre Giulj,"Casti, Giovanni Battista",,pending_candidate_level_attribution_audit,nineteenth_century_bridge,Project Gutenberg,https://www.gutenberg.org/ebooks/62892,explicit_sonetto_heading,4-4-3-3,14,Il numero ternario un non so che,Funesto geroglifico mi fu.,91532,92095,e696c8220b38bdbde3f0c5c7e1340f2b1e5b80e9ed639001c268f694992843a9,c66dc8907922fc4f59cce3145473422f1e46569d788a48c0447fff82be42f268,eligible_standard_sonnet_pending_processed_build,,,,,,,standard_sonnets,eligible_pending_v7_and_poem_attribution,standard_sonnet_materialized_pending_v7,data/processed/project_gutenberg_resolved_v1/standard_sonnets/part-0001.txt,219551,220044,484,493,14,c66dc8907922fc4f59cce3145473422f1e46569d788a48c0447fff82be42f268
pg62892:char92106-92685,62892,I Tre Giulj: o sieno Sonetti di Niceste Abideno sopra l'Importunità di; un Creditor di Tre Giulj,"Casti, Giovanni Battista",,pending_candidate_level_attribution_audit,nineteenth_century_bridge,Project Gutenberg,https://www.gutenberg.org/ebooks/62892,explicit_sonetto_heading,4-4-3-3,14,"Valoroso guerrier colui non è,","Pria paga gli altri, e poi ti pagherò.",92106,92685,238dc64374ad4243059630c023d135ddc808f1fe44e35bf2d3c9b87d4caae365,3fce7d8ff88149d7a31b062d5da5539d566f004eefba6a1982d3f2b614656599,eligible_standard_sonnet_pending_processed_build,,,,,,,standard_sonnets,eligible_pending_v7_and_poem_attribution,standard_sonnet_materialized_pending_v7,data/processed/project_gutenberg_resolved_v1/standard_sonnets/part-0001.txt,220045,220556,500,511,14,3fce7d8ff88149d7a31b062d5da5539d566f004eefba6a1982d3f2b614656599
pg62892:char92696-93271,62892,I Tre Giulj: o sieno Sonetti di Niceste Abideno sopra l'Importunità di; un Creditor di Tre Giulj,"Casti, Giovanni Battista",,pending_candidate_level_attribution_audit,nineteenth_century_bridge,Project Gutenberg,https://www.gutenberg.org/ebooks/62892,explicit_sonetto_heading,4-4-3-3,14,"Meco t'adiri, e vuoi saper perchè","Vuol spremerne il danar, quando non l'ha.",92696,93271,efbf0c72c7f596a9d49dcafc3d777a8e13b682c28d2523e34de3e3bcfc1c2687,8c088e80797236939ccaa0b8651e3aa81e6520dabc1c378177d1601abe9205b6,eligible_standard_sonnet_pending_processed_build,,,,,,,standard_sonnets,eligible_pending_v7_and_poem_attribution,standard_sonnet_materialized_pending_v7,data/processed/project_gutenberg_resolved_v1/standard_sonnets/part-0001.txt,220557,221063,496,506,14,8c088e80797236939ccaa0b8651e3aa81e6520dabc1c378177d1601abe9205b6
pg62892:char93282-93827,62892,I Tre Giulj: o sieno Sonetti di Niceste Abideno sopra l'Importunità di; un Creditor di Tre Giulj,"Casti, Giovanni Battista",,pending_candidate_level_attribution_audit,nineteenth_century_bridge,Project Gutenberg,https://www.gutenberg.org/ebooks/62892,explicit_sonetto_heading,4-4-3-3,14,"Se pur così non m'interpelli, acciò","O Crisofilo mio, consiste quì.",93282,93827,246271b8e68cdf0437ecb3044348076e49affa3cd98db54682c5b4f41c0bd11a,49713535273a334251543fbcb18dbc39ae9669a982f556ac89ef3cae883e2ff2,eligible_standard_sonnet_pending_processed_build,,,,,,,standard_sonnets,eligible_pending_v7_and_poem_attribution,standard_sonnet_materialized_pending_v7,data/processed/project_gutenberg_resolved_v1/standard_sonnets/part-0001.txt,221064,221544,466,480,14,49713535273a334251543fbcb18dbc39ae9669a982f556ac89ef3cae883e2ff2
pg62892:char93838-94417,62892,I Tre Giulj: o sieno Sonetti di Niceste Abideno sopra l'Importunità di; un Creditor di Tre Giulj,"Casti, Giovanni Battista",,pending_candidate_level_attribution_audit,nineteenth_century_bridge,Project Gutenberg,https://www.gutenberg.org/ebooks/62892,explicit_sonetto_heading,4-4-3-3,14,"Uom che sempre tranquillo il tutto, udì",E in dubbio la question lasciar dovrà.,93838,94417,7ce4559bb7094a1e979affabbe69487d817dd67a99b98a04e164888721a226dc,8fd1418968703f377d01070df784d798b4ef0232b39d7cb02a8fc8ab2a77a7a8,eligible_standard_sonnet_pending_processed_build,,,,,,,standard_sonnets,eligible_pending_v7_and_poem_attribution,standard_sonnet_materialized_pending_v7,data/processed/project_gutenberg_resolved_v1/standard_sonnets/part-0001.txt,221545,222060,500,515,14,8fd1418968703f377d01070df784d798b4ef0232b39d7cb02a8fc8ab2a77a7a8
pg62892:char94428-94999,62892,I Tre Giulj: o sieno Sonetti di Niceste Abideno sopra l'Importunità di; un Creditor di Tre Giulj,"Casti, Giovanni Battista",,pending_candidate_level_attribution_audit,nineteenth_century_bridge,Project Gutenberg,https://www.gutenberg.org/ebooks/62892,explicit_sonetto_heading,4-4-3-3,14,"Ma per ragion di fatto io sosterrò,","Cedetti il campo, e la vincesti tu.",94428,94999,5c69c59258c8f98216c4816add54e755dbd4a854a2369f03b4792bad45f1642b,ad46830ee51ebb252cc5b5f534298f0e85b1b057afb8aa16b5349565ac1d4ee4,eligible_standard_sonnet_pending_processed_build,,,,,,,standard_sonnets,eligible_pending_v7_and_poem_attribution,standard_sonnet_materialized_pending_v7,data/processed/project_gutenberg_resolved_v1/standard_sonnets/part-0001.txt,222061,222565,492,504,14,ad46830ee51ebb252cc5b5f534298f0e85b1b057afb8aa16b5349565ac1d4ee4
pg62892:char95010-95566,62892,I Tre Giulj: o sieno Sonetti di Niceste Abideno sopra l'Importunità di; un Creditor di Tre Giulj,"Casti, Giovanni Battista",,pending_candidate_level_attribution_audit,nineteenth_century_bridge,Project Gutenberg,https://www.gutenberg.org/ebooks/62892,explicit_sonetto_heading,4-4-3-3,14,"Ascolta, o Creditor de' Giulj tre,","Non lo tormenti, se pagar non può.",95010,95566,77a65ee889e9a2741ddef7d65a93667a45788d74bb2dce24313067fbe02742b9,2264ac70073c4a3c17acc1652e6187097146945a4755d869a17b2f5372f2b091,eligible_standard_sonnet_pending_processed_build,,,,,,,standard_sonnets,eligible_pending_v7_and_poem_attribution,standard_sonnet_materialized_pending_v7,data/processed/project_gutenberg_resolved_v1/standard_sonnets/part-0001.txt,222566,223055,477,489,14,2264ac70073c4a3c17acc1652e6187097146945a4755d869a17b2f5372f2b091
pg62892:char95577-96147,62892,I Tre Giulj: o sieno Sonetti di Niceste Abideno sopra l'Importunità di; un Creditor di Tre Giulj,"Casti, Giovanni Battista",,pending_candidate_level_attribution_audit,nineteenth_century_bridge,Project Gutenberg,https://www.gutenberg.org/ebooks/62892,explicit_sonetto_heading,4-4-3-3,14,Dal frigido Lappon vanne fin là,Trovare un seccator simile a te.,95577,96147,ec62af613d76686c445b4c63db905ae2ab1fc8cb8bedfd1038eea56a165e0a76,89e2732310f58425eaaea073a1b5bba7b6d3293e011e060098e67d9b3b76637a,eligible_standard_sonnet_pending_processed_build,,,,,,,standard_sonnets,eligible_pending_v7_and_poem_attribution,standard_sonnet_materialized_pending_v7,data/processed/project_gutenberg_resolved_v1/standard_sonnets/part-0001.txt,223056,223557,491,501,14,89e2732310f58425eaaea073a1b5bba7b6d3293e011e060098e67d9b3b76637a
pg62892:char96158-96698,62892,I Tre Giulj: o sieno Sonetti di Niceste Abideno sopra l'Importunità di; un Creditor di Tre Giulj,"Casti, Giovanni Battista",,pending_candidate_level_attribution_audit,nineteenth_century_bridge,Project Gutenberg,https://www.gutenberg.org/ebooks/62892,explicit_sonetto_heading,4-4-3-3,14,Di che stupirsi il Creditor non ha,Cento volte udirìa l'istesso no.,96158,96698,46bd80c296af14a77872f5d488c0bb2ce21e04cde308155fbb627a6fbc6bf362,dcd79e53c84dfb4e2bfcca9ff355b8570fd23b1431c4e5b1847b3b02a64b9c8f,eligible_standard_sonnet_pending_processed_build,,,,,,,standard_sonnets,eligible_pending_v7_and_poem_attribution,standard_sonnet_materialized_pending_v7,data/processed/project_gutenberg_resolved_v1/standard_sonnets/part-0001.txt,223558,224028,461,470,14,dcd79e53c84dfb4e2bfcca9ff355b8570fd23b1431c4e5b1847b3b02a64b9c8f
pg62892:char96709-97260,62892,I Tre Giulj: o sieno Sonetti di Niceste Abideno sopra l'Importunità di; un Creditor di Tre Giulj,"Casti, Giovanni Battista",,pending_candidate_level_attribution_audit,nineteenth_century_bridge,Project Gutenberg,https://www.gutenberg.org/ebooks/62892,explicit_sonetto_heading,4-4-3-3,14,Importuno il tafan così non è,"A me tendi, o Crisofilo, anche tu.",96709,97260,6a5014889972f4ddd37431e8e811e8c4eefc5479201946016841b0414afd56de,086394a83dc1d348f5f5ee3a725a474b8548add7e92485696dd6d2676c1ec2a6,eligible_standard_sonnet_pending_processed_build,,,,,,,standard_sonnets,eligible_pending_v7_and_poem_attribution,standard_sonnet_materialized_pending_v7,data/processed/project_gutenberg_resolved_v1/standard_sonnets/part-0001.txt,224029,224518,472,489,14,086394a83dc1d348f5f5ee3a725a474b8548add7e92485696dd6d2676c1ec2a6
pg62892:char97271-97835,62892,I Tre Giulj: o sieno Sonetti di Niceste Abideno sopra l'Importunità di; un Creditor di Tre Giulj,"Casti, Giovanni Battista",,pending_candidate_level_attribution_audit,nineteenth_century_bridge,Project Gutenberg,https://www.gutenberg.org/ebooks/62892,explicit_sonetto_heading,4-4-3-3,14,Se il Ciel tutte versasse addosso a me,"L'Asino cadde, non ci cade più.",97271,97835,57c75f91342ae46f7f256a21db0969b939971419ad24ba66030d77f94b42b696,e26b8b6b8a0bdce1e223e2e3eb6485c2dbe7f23ba78c6d5d4765150a1899697f,eligible_standard_sonnet_pending_processed_build,,,,,,,standard_sonnets,eligible_pending_v7_and_poem_attribution,standard_sonnet_materialized_pending_v7,data/processed/project_gutenberg_resolved_v1/standard_sonnets/part-0001.txt,224519,225016,485,497,14,e26b8b6b8a0bdce1e223e2e3eb6485c2dbe7f23ba78c6d5d4765150a1899697f
pg62892:char97846-98407,62892,I Tre Giulj: o sieno Sonetti di Niceste Abideno sopra l'Importunità di; un Creditor di Tre Giulj,"Casti, Giovanni Battista",,pending_candidate_level_attribution_audit,nineteenth_century_bridge,Project Gutenberg,https://www.gutenberg.org/ebooks/62892,explicit_sonetto_heading,4-4-3-3,14,Ben cento volte ho replicato a te,"E vò piuttosto, che ti appicchi tu.",97846,98407,cb8d1b4503432781447e31b7858dc4f1ba7656655a8f9c94554b4e689259ea82,2002caf2ee8a6dc0b8dfe1a263d7dc19c9664d03d0728a48aaa4b3bccbaab45f,eligible_standard_sonnet_pending_processed_build,,,,,,,standard_sonnets,eligible_pending_v7_and_poem_attribution,standard_sonnet_materialized_pending_v7,data/processed/project_gutenberg_resolved_v1/standard_sonnets/part-0001.txt,225017,225508,482,491,14,2002caf2ee8a6dc0b8dfe1a263d7dc19c9664d03d0728a48aaa4b3bccbaab45f
pg62892:char98418-98993,62892,I Tre Giulj: o sieno Sonetti di Niceste Abideno sopra l'Importunità di; un Creditor di Tre Giulj,"Casti, Giovanni Battista",,pending_candidate_level_attribution_audit,nineteenth_century_bridge,Project Gutenberg,https://www.gutenberg.org/ebooks/62892,explicit_sonetto_heading,4-4-3-3,14,"Se in compagnìa di vaghe Ninfe io sto,","Che se fosse Asmodeo, o Belzebù.",98418,98993,2d8a31d2923ce19dd3c1424606e6e81a86563d1139b2ab8eb66753dcaebd8abc,8e83d3f3b03845143d9bf4ae7f2b0fdfaf8c8e28e2b1c997406df6c1755b2465,eligible_standard_sonnet_pending_processed_build,,,,,,,standard_sonnets,eligible_pending_v7_and_poem_attribution,standard_sonnet_materialized_pending_v7,data/processed/project_gutenberg_resolved_v1/standard_sonnets/part-0001.txt,225509,226014,496,505,14,8e83d3f3b03845143d9bf4ae7f2b0fdfaf8c8e28e2b1c997406df6c1755b2465
pg62892:char99004-99584,62892,I Tre Giulj: o sieno Sonetti di Niceste Abideno sopra l'Importunità di; un Creditor di Tre Giulj,"Casti, Giovanni Battista",,pending_candidate_level_attribution_audit,nineteenth_century_bridge,Project Gutenberg,https://www.gutenberg.org/ebooks/62892,explicit_sonetto_heading,4-4-3-3,14,"Dica pur, chi dir vuole: eccolo quì",Con quei tuoi maledetti Giulj tre.,99004,99584,ee342f44325c3dd9dfbfa8845923b9fe7293ae1020d7a7d51b4a1e1dc8aac873,6e888c9eef844ba657571d4354a9ece3b382323527fe165d4c3395052338286d,eligible_standard_sonnet_pending_processed_build,,,,,,,standard_sonnets,eligible_pending_v7_and_poem_attribution,standard_sonnet_materialized_pending_v7,data/processed/project_gutenberg_resolved_v1/standard_sonnets/part-0001.txt,226015,226526,501,511,14,6e888c9eef844ba657571d4354a9ece3b382323527fe165d4c3395052338286d
pg62892:char99595-100154,62892,I Tre Giulj: o sieno Sonetti di Niceste Abideno sopra l'Importunità di; un Creditor di Tre Giulj,"Casti, Giovanni Battista",,pending_candidate_level_attribution_audit,nineteenth_century_bridge,Project Gutenberg,https://www.gutenberg.org/ebooks/62892,explicit_sonetto_heading,4-4-3-3,14,"Io mi protesto, che non so ciocchè",Venir potessi a ritrovarmi lì.,99595,100154,acbcd8270c8475aab4858f4640be5315943a8321ce7fba1d5ab52d6e2f6b740a,7e119e1a397bd4fb82ba927d230ab8df6598a2372e276f2c3fa84f7f81038595,eligible_standard_sonnet_pending_processed_build,,,,,,,standard_sonnets,eligible_pending_v7_and_poem_attribution,standard_sonnet_materialized_pending_v7,data/processed/project_gutenberg_resolved_v1/standard_sonnets/part-0001.txt,226527,227020,480,493,14,7e119e1a397bd4fb82ba927d230ab8df6598a2372e276f2c3fa84f7f81038595
pg62892:char100165-100751,62892,I Tre Giulj: o sieno Sonetti di Niceste Abideno sopra l'Importunità di; un Creditor di Tre Giulj,"Casti, Giovanni Battista",,pending_candidate_level_attribution_audit,nineteenth_century_bridge,Project Gutenberg,https://www.gutenberg.org/ebooks/62892,explicit_sonetto_heading,4-4-3-3,14,"Giacchè quest'aere, che spirando vo,","Prende le poste, e se ne vien da me.",100165,100751,23cc2751f8e138cc9794a9db956b781a0fc74aa89299cb8ce01b24ac8dbcc67a,b493b18de22886d3c82977fe196bd89af2f90c9b33cb3c9f30fbb08880e5ca65,eligible_standard_sonnet_pending_processed_build,,,,,,,standard_sonnets,eligible_pending_v7_and_poem_attribution,standard_sonnet_materialized_pending_v7,data/processed/project_gutenberg_resolved_v1/standard_sonnets/part-0001.txt,227021,227539,507,518,14,b493b18de22886d3c82977fe196bd89af2f90c9b33cb3c9f30fbb08880e5ca65
pg62892:char100762-101335,62892,I Tre Giulj: o sieno Sonetti di Niceste Abideno sopra l'Importunità di; un Creditor di Tre Giulj,"Casti, Giovanni Battista",,pending_candidate_level_attribution_audit,nineteenth_century_bridge,Project Gutenberg,https://www.gutenberg.org/ebooks/62892,explicit_sonetto_heading,4-4-3-3,14,"Ma come un tempo Oreste, il qual poichè",Onde i tre Giulj non m'affligan più?,100762,101335,bedcdbcdcb33dc4a2c3596021a6745a8dc445a03fbb6be3e2a693bd2bb694bde,01c75df48f0bfecc3b9640d22b85925f7af6ba4da574f38fce166a23d8a14ccf,eligible_standard_sonnet_pending_processed_build,,,,,,,standard_sonnets,eligible_pending_v7_and_poem_attribution,standard_sonnet_materialized_pending_v7,data/processed/project_gutenberg_resolved_v1/standard_sonnets/part-0001.txt,227540,228046,494,506,14,01c75df48f0bfecc3b9640d22b85925f7af6ba4da574f38fce166a23d8a14ccf
pg62892:char101346-101909,62892,I Tre Giulj: o sieno Sonetti di Niceste Abideno sopra l'Importunità di; un Creditor di Tre Giulj,"Casti, Giovanni Battista",,pending_candidate_level_attribution_audit,nineteenth_century_bridge,Project Gutenberg,https://www.gutenberg.org/ebooks/62892,explicit_sonetto_heading,4-4-3-3,14,Allorchè questi il padre Tebro udì,Vi mancava il Cantor de' Giulj tre.,101346,101909,77be5f257fecc7c8ae7c548bed4fd0692316d2f513a1d44344a703356044667d,d59d1dbfdb61157501d97224d15dd411dbd8ad29889cfa023ee3c2c72be47d43,eligible_standard_sonnet_pending_processed_build,,,,,,,standard_sonnets,eligible_pending_v7_and_poem_attribution,standard_sonnet_materialized_pending_v7,data/processed/project_gutenberg_resolved_v1/standard_sonnets/part-0001.txt,228047,228543,484,496,14,d59d1dbfdb61157501d97224d15dd411dbd8ad29889cfa023ee3c2c72be47d43
pg62892:char101920-102482,62892,I Tre Giulj: o sieno Sonetti di Niceste Abideno sopra l'Importunità di; un Creditor di Tre Giulj,"Casti, Giovanni Battista",,pending_candidate_level_attribution_audit,nineteenth_century_bridge,Project Gutenberg,https://www.gutenberg.org/ebooks/62892,explicit_sonetto_heading,4-4-3-3,14,"Or dunque, amici, un caro addio vi do,",Che fuggir da costui non possa più?,101920,102482,05d71b18c76c5135e3e543f3e84db3587e7f7dba5002766f8ef2384d716233ac,b91e5d48008d05da4eb2ac99eb3c31b5aafc3f74b40824e684c1bac5fddc71d8,eligible_standard_sonnet_pending_processed_build,,,,,,,standard_sonnets,eligible_pending_v7_and_poem_attribution,standard_sonnet_materialized_pending_v7,data/processed/project_gutenberg_resolved_v1/standard_sonnets/part-0001.txt,228544,229040,483,496,14,b91e5d48008d05da4eb2ac99eb3c31b5aafc3f74b40824e684c1bac5fddc71d8
pg62892:char102493-103054,62892,I Tre Giulj: o sieno Sonetti di Niceste Abideno sopra l'Importunità di; un Creditor di Tre Giulj,"Casti, Giovanni Battista",,pending_candidate_level_attribution_audit,nineteenth_century_bridge,Project Gutenberg,https://www.gutenberg.org/ebooks/62892,explicit_sonetto_heading,4-4-3-3,14,"O Felice avventura, o novità,","Sparir le nubi, e il turbine cessò.",102493,103054,e77541b700f700310cd7b1e4bcc122dddcdc71f5b429239e4a6b9fb134f2d4bc,2e62ff71b70e6c821a6617ac78e52e7f3ee08c994b9abddb22a5dee725128abc,eligible_standard_sonnet_pending_processed_build,,,,,,,standard_sonnets,eligible_pending_v7_and_poem_attribution,standard_sonnet_materialized_pending_v7,data/processed/project_gutenberg_resolved_v1/standard_sonnets/part-0001.txt,229041,229539,482,498,14,2e62ff71b70e6c821a6617ac78e52e7f3ee08c994b9abddb22a5dee725128abc
pg62892:char103065-103626,62892,I Tre Giulj: o sieno Sonetti di Niceste Abideno sopra l'Importunità di; un Creditor di Tre Giulj,"Casti, Giovanni Battista",,pending_candidate_level_attribution_audit,nineteenth_century_bridge,Project Gutenberg,https://www.gutenberg.org/ebooks/62892,explicit_sonetto_heading,4-4-3-3,14,"Cessate, o fieri venti, or che di quà","Che andò a mal'ora, e non si vide più.",103065,103626,2f14613cd4032297cb259577387fb3d69689e9f3972cc6104912bd60b11e73d8,614a7119bc1773aad1695ff6165ec118af427dce59ce885208597c7cfa6fe59a,eligible_standard_sonnet_pending_processed_build,,,,,,,standard_sonnets,eligible_pending_v7_and_poem_attribution,standard_sonnet_materialized_pending_v7,data/processed/project_gutenberg_resolved_v1/standard_sonnets/part-0001.txt,229540,230038,482,498,14,614a7119bc1773aad1695ff6165ec118af427dce59ce885208597c7cfa6fe59a
pg62892:char103637-104214,62892,I Tre Giulj: o sieno Sonetti di Niceste Abideno sopra l'Importunità di; un Creditor di Tre Giulj,"Casti, Giovanni Battista",,pending_candidate_level_attribution_audit,nineteenth_century_bridge,Project Gutenberg,https://www.gutenberg.org/ebooks/62892,explicit_sonetto_heading,4-4-3-3,14,"Dacchè partì Crisofilo di quà,","Lo faccino Visirre, o ver Muftì.",103637,104214,2cb1af96196d21c39ec95b5ee9eb9cffc9df780f756009ec547480b0a52ba833,5ecdf0f33714bef3acc0fc10ebc7421a63d38a5caab02172d0d6b01aa02087bf,eligible_standard_sonnet_pending_processed_build,,,,,,,standard_sonnets,eligible_pending_v7_and_poem_attribution,standard_sonnet_materialized_pending_v7,data/processed/project_gutenberg_resolved_v1/standard_sonnets/part-0001.txt,230039,230555,498,516,14,5ecdf0f33714bef3acc0fc10ebc7421a63d38a5caab02172d0d6b01aa02087bf
pg62892:char104225-104792,62892,I Tre Giulj: o sieno Sonetti di Niceste Abideno sopra l'Importunità di; un Creditor di Tre Giulj,"Casti, Giovanni Battista",,pending_candidate_level_attribution_audit,nineteenth_century_bridge,Project Gutenberg,https://www.gutenberg.org/ebooks/62892,explicit_sonetto_heading,4-4-3-3,14,"Qual geme afflitta, e misera Città,","Il mio piacer, la gioja mia tal'è.",104225,104792,a128924ef45b936ed8799dbcbfc137218f3967a932871c2946f7c5e4e4c353d9,9b3a319565c883ec3670c0c51c0e57ee1554caa1fedd86c24654df02459e4ab5,eligible_standard_sonnet_pending_processed_build,,,,,,,standard_sonnets,eligible_pending_v7_and_poem_attribution,standard_sonnet_materialized_pending_v7,data/processed/project_gutenberg_resolved_v1/standard_sonnets/part-0001.txt,230556,231058,488,502,14,9b3a319565c883ec3670c0c51c0e57ee1554caa1fedd86c24654df02459e4ab5
pg62892:char104803-105376,62892,I Tre Giulj: o sieno Sonetti di Niceste Abideno sopra l'Importunità di; un Creditor di Tre Giulj,"Casti, Giovanni Battista",,pending_candidate_level_attribution_audit,nineteenth_century_bridge,Project Gutenberg,https://www.gutenberg.org/ebooks/62892,explicit_sonetto_heading,4-4-3-3,14,Postier vi sono lettere per me?,Pagarne i frutti in guisa tal mi fa.,104803,105376,dc997e3de67d65b6e4ac2096642c640200c295673c1b42d0f73c6866845362fa,bdab4f146d4bc1a4a179e63dba7933ef28c6db10e5b3a9f2375da3399a2510f9,eligible_standard_sonnet_pending_processed_build,,,,,,,standard_sonnets,eligible_pending_v7_and_poem_attribution,standard_sonnet_materialized_pending_v7,data/processed/project_gutenberg_resolved_v1/standard_sonnets/part-0001.txt,231059,231567,494,508,14,bdab4f146d4bc1a4a179e63dba7933ef28c6db10e5b3a9f2375da3399a2510f9
pg62892:char105387-105934,62892,I Tre Giulj: o sieno Sonetti di Niceste Abideno sopra l'Importunità di; un Creditor di Tre Giulj,"Casti, Giovanni Battista",,pending_candidate_level_attribution_audit,nineteenth_century_bridge,Project Gutenberg,https://www.gutenberg.org/ebooks/62892,explicit_sonetto_heading,4-4-3-3,14,"Dicesi, che taluno adoperò",Il veleno per Lettera mi dà.,105387,105934,561cb88aa85d1cc26773de9b907d390c56767cc28881b136e31f79a215dbf0eb,f4eb468cafb26f225d336813609b5c027ea8cde4282a8e2cc8505bd8c192e30a,eligible_standard_sonnet_pending_processed_build,,,,,,,standard_sonnets,eligible_pending_v7_and_poem_attribution,standard_sonnet_materialized_pending_v7,data/processed/project_gutenberg_resolved_v1/standard_sonnets/part-0001.txt,231568,232049,468,481,14,f4eb468cafb26f225d336813609b5c027ea8cde4282a8e2cc8505bd8c192e30a
pg62892:char105945-106493,62892,I Tre Giulj: o sieno Sonetti di Niceste Abideno sopra l'Importunità di; un Creditor di Tre Giulj,"Casti, Giovanni Battista",,pending_candidate_level_attribution_audit,nineteenth_century_bridge,Project Gutenberg,https://www.gutenberg.org/ebooks/62892,explicit_sonetto_heading,4-4-3-3,14,"Vedesti mai, se il Genitor partì,",Timido ascoso e cheto me ne stò.,105945,106493,f605dc37e6c359548325f630dc4b8e1994b9d37c6edc8be512b5e3ddcc105853,946c345dc2f86fbe10705dac3914a989f82e3a73082fb182f65750ff9b94d479,eligible_standard_sonnet_pending_processed_build,,,,,,,standard_sonnets,eligible_pending_v7_and_poem_attribution,standard_sonnet_materialized_pending_v7,data/processed/project_gutenberg_resolved_v1/standard_sonnets/part-0001.txt,232050,232530,469,480,14,946c345dc2f86fbe10705dac3914a989f82e3a73082fb182f65750ff9b94d479
pg62892:char106504-107078,62892,I Tre Giulj: o sieno Sonetti di Niceste Abideno sopra l'Importunità di; un Creditor di Tre Giulj,"Casti, Giovanni Battista",,pending_candidate_level_attribution_audit,nineteenth_century_bridge,Project Gutenberg,https://www.gutenberg.org/ebooks/62892,explicit_sonetto_heading,4-4-3-3,14,"Non di tanto piacer Priamo esultò,",A chiedermi di nuovo i Giulj tre.,106504,107078,23cf859866e8bb650b5b1849fbbe169e4b4bf8dd5a56a6685b148f6ca2548ffd,6109eefa16b19a7896bbdf0d1083e2745bcfc0a62f6d49bc54dd229c3623fe8b,eligible_standard_sonnet_pending_processed_build,,,,,,,standard_sonnets,eligible_pending_v7_and_poem_attribution,standard_sonnet_materialized_pending_v7,data/processed/project_gutenberg_resolved_v1/standard_sonnets/part-0001.txt,232531,233041,495,510,14,6109eefa16b19a7896bbdf0d1083e2745bcfc0a62f6d49bc54dd229c3623fe8b
pg62892:char107089-107661,62892,I Tre Giulj: o sieno Sonetti di Niceste Abideno sopra l'Importunità di; un Creditor di Tre Giulj,"Casti, Giovanni Battista",,pending_candidate_level_attribution_audit,nineteenth_century_bridge,Project Gutenberg,https://www.gutenberg.org/ebooks/62892,explicit_sonetto_heading,4-4-3-3,14,"Certa antica moneta in un burò,","Vò dar di quel, che di ragion ti va.",107089,107661,24794d064a4d585793d5e79dc717db941b21b9d77a3f03b7f9691cb2c8bddc87,d7db8b1a23a322aea3cb3f650097bfcc817c38a92e5290bededa4ae50be2813a,eligible_standard_sonnet_pending_processed_build,,,,,,,standard_sonnets,eligible_pending_v7_and_poem_attribution,standard_sonnet_materialized_pending_v7,data/processed/project_gutenberg_resolved_v1/standard_sonnets/part-0001.txt,233042,233547,493,505,14,d7db8b1a23a322aea3cb3f650097bfcc817c38a92e5290bededa4ae50be2813a
pg62892:char107672-108250,62892,I Tre Giulj: o sieno Sonetti di Niceste Abideno sopra l'Importunità di; un Creditor di Tre Giulj,"Casti, Giovanni Battista",,pending_candidate_level_attribution_audit,nineteenth_century_bridge,Project Gutenberg,https://www.gutenberg.org/ebooks/62892,explicit_sonetto_heading,4-4-3-3,14,"Io t'assicuro, o Creditor, che se","Straluni gli occhi, e par che dichi: oibò.",107672,108250,e321f49d572bb676aca706fd0f3ac943b4dcc8280faa9294c11acb41d52fc960,d3425d2b27c1450f8b155cd9bd34b9cf5fd8e9a4d8ef60f80d0286ed69ff3083,eligible_standard_sonnet_pending_processed_build,,,,,,,standard_sonnets,eligible_pending_v7_and_poem_attribution,standard_sonnet_materialized_pending_v7,data/processed/project_gutenberg_resolved_v1/standard_sonnets/part-0001.txt,233548,234056,499,508,14,d3425d2b27c1450f8b155cd9bd34b9cf5fd8e9a4d8ef60f80d0286ed69ff3083
pg62892:char108261-108805,62892,I Tre Giulj: o sieno Sonetti di Niceste Abideno sopra l'Importunità di; un Creditor di Tre Giulj,"Casti, Giovanni Battista",,pending_candidate_level_attribution_audit,nineteenth_century_bridge,Project Gutenberg,https://www.gutenberg.org/ebooks/62892,explicit_sonetto_heading,4-4-3-3,14,Di sbrigarmi oramai speme non v'è,"E vivo, e morto mi tormenterà.",108261,108805,b6fd479a0a657363f8ab03090afac05ef0481cfc73b44f63e5bd37438937463e,e60db8fec925ef316b61adaeece3df798d737c1528fe3a037cc5e5faf16728c6,eligible_standard_sonnet_pending_processed_build,,,,,,,standard_sonnets,eligible_pending_v7_and_poem_attribution,standard_sonnet_materialized_pending_v7,data/processed/project_gutenberg_resolved_v1/standard_sonnets/part-0001.txt,234057,234535,465,478,14,e60db8fec925ef316b61adaeece3df798d737c1528fe3a037cc5e5faf16728c6
pg62892:char108816-109375,62892,I Tre Giulj: o sieno Sonetti di Niceste Abideno sopra l'Importunità di; un Creditor di Tre Giulj,"Casti, Giovanni Battista",,pending_candidate_level_attribution_audit,nineteenth_century_bridge,Project Gutenberg,https://www.gutenberg.org/ebooks/62892,explicit_sonetto_heading,4-4-3-3,14,"Non isdegnarti, se la tua beltà,",E un Diavolo così l'altro cacciò.,108816,109375,c2e8218d7ca66f4452f47694d08a396e097de566d420fa0da41e4249e8f2fca9,0ff443ab7436416f24580044344703ccfcf39c5102c6f796aae67f87e63690ee,eligible_standard_sonnet_pending_processed_build,,,,,,,standard_sonnets,eligible_pending_v7_and_poem_attribution,standard_sonnet_materialized_pending_v7,data/processed/project_gutenberg_resolved_v1/standard_sonnets/part-0001.txt,234536,235030,480,494,14,0ff443ab7436416f24580044344703ccfcf39c5102c6f796aae67f87e63690ee
pg62892:char109386-109951,62892,I Tre Giulj: o sieno Sonetti di Niceste Abideno sopra l'Importunità di; un Creditor di Tre Giulj,"Casti, Giovanni Battista",,pending_candidate_level_attribution_audit,nineteenth_century_bridge,Project Gutenberg,https://www.gutenberg.org/ebooks/62892,explicit_sonetto_heading,4-4-3-3,14,"O Nisa mia, non ti piccar però,",Che l'amante conservasi così.,109386,109951,97206b02205b75479039261f42284e06704f6483958887406a4913c6624dc099,031cf59ca673f7ed5ef7f8b1934e1244ff65dc799aa3222150ff26c72a74a1c6,eligible_standard_sonnet_pending_processed_build,,,,,,,standard_sonnets,eligible_pending_v7_and_poem_attribution,standard_sonnet_materialized_pending_v7,data/processed/project_gutenberg_resolved_v1/standard_sonnets/part-0001.txt,235031,235531,486,500,14,031cf59ca673f7ed5ef7f8b1934e1244ff65dc799aa3222150ff26c72a74a1c6
pg62892:char109962-110550,62892,I Tre Giulj: o sieno Sonetti di Niceste Abideno sopra l'Importunità di; un Creditor di Tre Giulj,"Casti, Giovanni Battista",,pending_candidate_level_attribution_audit,nineteenth_century_bridge,Project Gutenberg,https://www.gutenberg.org/ebooks/62892,explicit_sonetto_heading,4-4-3-3,14,"Nisa, quell'orsacchin, che l'altro dì","Un, che pagar non puote Giulj tre?",109962,110550,21d36a1a0771b89edbbb76502f02573fc9d01762cdbd0345afd0a74c0d3cabe6,11505d2ea0785973a8d018bfd400a682fe90024612cdae79fa837d5f566cec51,eligible_standard_sonnet_pending_processed_build,,,,,,,standard_sonnets,eligible_pending_v7_and_poem_attribution,standard_sonnet_materialized_pending_v7,data/processed/project_gutenberg_resolved_v1/standard_sonnets/part-0001.txt,235532,236055,509,523,14,11505d2ea0785973a8d018bfd400a682fe90024612cdae79fa837d5f566cec51
pg62892:char110561-111137,62892,I Tre Giulj: o sieno Sonetti di Niceste Abideno sopra l'Importunità di; un Creditor di Tre Giulj,"Casti, Giovanni Battista",,pending_candidate_level_attribution_audit,nineteenth_century_bridge,Project Gutenberg,https://www.gutenberg.org/ebooks/62892,explicit_sonetto_heading,4-4-3-3,14,"Omai sei volte il Sol dal Gange uscì,",Ei per l'opposto ognor mi seguirà?,110561,111137,a31a19646e161459f989f6d8329b61542f682e722b09d5c604ecacf6ede656e4,2d1fea4a70454b61dada1c82868132da7bef6267b1d41b2a81275a9d6c08dc0d,eligible_standard_sonnet_pending_processed_build,,,,,,,standard_sonnets,eligible_pending_v7_and_poem_attribution,standard_sonnet_materialized_pending_v7,data/processed/project_gutenberg_resolved_v1/standard_sonnets/part-0001.txt,236056,236565,497,509,14,2d1fea4a70454b61dada1c82868132da7bef6267b1d41b2a81275a9d6c08dc0d
pg62892:char111148-111743,62892,I Tre Giulj: o sieno Sonetti di Niceste Abideno sopra l'Importunità di; un Creditor di Tre Giulj,"Casti, Giovanni Battista",,pending_candidate_level_attribution_audit,nineteenth_century_bridge,Project Gutenberg,https://www.gutenberg.org/ebooks/62892,explicit_sonetto_heading,4-4-3-3,14,"Se mai d'un rio sul verde margo, o appiè","Se più mi affligga il Creditore, o Tu.",111148,111743,57b2e8639e34367d17f848f72a546ce21a59f32dcdb274038c6b2be1ed63b21a,3755bbd1242c912c54b370d8fe729434fec4dfac68f5d75037118ccc36b1f7fd,eligible_standard_sonnet_pending_processed_build,,,,,,,standard_sonnets,eligible_pending_v7_and_poem_attribution,standard_sonnet_materialized_pending_v7,data/processed/project_gutenberg_resolved_v1/standard_sonnets/part-0001.txt,236566,237088,516,522,14,3755bbd1242c912c54b370d8fe729434fec4dfac68f5d75037118ccc36b1f7fd
pg62892:char111754-112375,62892,I Tre Giulj: o sieno Sonetti di Niceste Abideno sopra l'Importunità di; un Creditor di Tre Giulj,"Casti, Giovanni Battista",,pending_candidate_level_attribution_audit,nineteenth_century_bridge,Project Gutenberg,https://www.gutenberg.org/ebooks/62892,explicit_sonetto_heading,4-4-3-3,14,"Ve' quel gruppo di fior, che comparì","Che mille onte sostiene, e mille no.",111754,112375,d8fb9a567bd258688b00c560478e0dc07d757ce7b6b6b795de670ac55cabfbd0,568084d68260ad421d8a90ffa4e2db37aef2af2dae953e60da889e7c96a4ae5f,eligible_standard_sonnet_pending_processed_build,,,,,,,standard_sonnets,eligible_pending_v7_and_poem_attribution,standard_sonnet_materialized_pending_v7,data/processed/project_gutenberg_resolved_v1/standard_sonnets/part-0001.txt,237089,237643,542,554,14,568084d68260ad421d8a90ffa4e2db37aef2af2dae953e60da889e7c96a4ae5f
pg62892:char112386-112940,62892,I Tre Giulj: o sieno Sonetti di Niceste Abideno sopra l'Importunità di; un Creditor di Tre Giulj,"Casti, Giovanni Battista",,pending_candidate_level_attribution_audit,nineteenth_century_bridge,Project Gutenberg,https://www.gutenberg.org/ebooks/62892,explicit_sonetto_heading,4-4-3-3,14,L'Imagine di Nisa un tempo fa,La bella figlia d'Inaco sparì.,112386,112940,f179e907647919a7d083bb2b57aa73d88aaf77717f4fb094cae85213da11a765,5a64faca141f3f72f9aeb80b6379f49414a08bf3b3fdaf5411f98aecb8845dc2,eligible_standard_sonnet_pending_processed_build,,,,,,,standard_sonnets,eligible_pending_v7_and_poem_attribution,standard_sonnet_materialized_pending_v7,data/processed/project_gutenberg_resolved_v1/standard_sonnets/part-0001.txt,237644,238127,475,483,14,5a64faca141f3f72f9aeb80b6379f49414a08bf3b3fdaf5411f98aecb8845dc2
pg62892:char112951-113540,62892,I Tre Giulj: o sieno Sonetti di Niceste Abideno sopra l'Importunità di; un Creditor di Tre Giulj,"Casti, Giovanni Battista",,pending_candidate_level_attribution_audit,nineteenth_century_bridge,Project Gutenberg,https://www.gutenberg.org/ebooks/62892,explicit_sonetto_heading,4-4-3-3,14,Amor nascosto entro il mio cor così,Ah si torni a cantar de' Giulj tre.,112951,113540,82c58fb0ea093ee0a8b7d5419b519fa56fcc33bdb8a0b629b67a2cc0ab2ba0f9,e7a6d3fa44d145b1c0fd13bd1000bf95bc85d7bf62eabc12621d4e3739a6904c,eligible_standard_sonnet_pending_processed_build,,,,,,,standard_sonnets,eligible_pending_v7_and_poem_attribution,standard_sonnet_materialized_pending_v7,data/processed/project_gutenberg_resolved_v1/standard_sonnets/part-0001.txt,238128,238644,510,516,14,e7a6d3fa44d145b1c0fd13bd1000bf95bc85d7bf62eabc12621d4e3739a6904c
pg62892:char113551-114153,62892,I Tre Giulj: o sieno Sonetti di Niceste Abideno sopra l'Importunità di; un Creditor di Tre Giulj,"Casti, Giovanni Battista",,pending_candidate_level_attribution_audit,nineteenth_century_bridge,Project Gutenberg,https://www.gutenberg.org/ebooks/62892,explicit_sonetto_heading,4-4-3-3,14,Dacchè l'imagin della tua beltà,Toltone il Creditor de' Giulj tre.,113551,114153,fe40b86d8c3e189e2a454015d08404adfc7eff2acdd54083b0b417438e2ab936,5bb8f7401996c9ea26d21ab62f93625b035aa2d07c233d835ab17d5e630c7e8c,eligible_standard_sonnet_pending_processed_build,,,,,,,standard_sonnets,eligible_pending_v7_and_poem_attribution,standard_sonnet_materialized_pending_v7,data/processed/project_gutenberg_resolved_v1/standard_sonnets/part-0001.txt,238645,239173,523,528,14,5bb8f7401996c9ea26d21ab62f93625b035aa2d07c233d835ab17d5e630c7e8c
pg62892:char114164-114746,62892,I Tre Giulj: o sieno Sonetti di Niceste Abideno sopra l'Importunità di; un Creditor di Tre Giulj,"Casti, Giovanni Battista",,pending_candidate_level_attribution_audit,nineteenth_century_bridge,Project Gutenberg,https://www.gutenberg.org/ebooks/62892,explicit_sonetto_heading,4-4-3-3,14,Se d'altre Ninfe in compagnia sen va,Mi lascia in cor l'imagine di se.,114164,114746,d6bcf50b8e9497b1c0ea830215ba85f2f0b983a6b755a3df87aaf036bc7ca755,19319bcb7f2b756c7e8379b3c141cb9cb5814e6a448073698ffe00ea6949fb7d,eligible_standard_sonnet_pending_processed_build,,,,,,,standard_sonnets,eligible_pending_v7_and_poem_attribution,standard_sonnet_materialized_pending_v7,data/processed/project_gutenberg_resolved_v1/standard_sonnets/part-0001.txt,239174,239688,503,514,14,19319bcb7f2b756c7e8379b3c141cb9cb5814e6a448073698ffe00ea6949fb7d
pg62892:char114757-115302,62892,I Tre Giulj: o sieno Sonetti di Niceste Abideno sopra l'Importunità di; un Creditor di Tre Giulj,"Casti, Giovanni Battista",,pending_candidate_level_attribution_audit,nineteenth_century_bridge,Project Gutenberg,https://www.gutenberg.org/ebooks/62892,explicit_sonetto_heading,4-4-3-3,14,"Nisa, se mai ricuperar potrò",La persecuzion de' Giulj tre.,114757,115302,1e3f16bce05315ee436b55149e53fac7448f913d5221d6f07ca8b6a6caf77ca7,095659ff81a84a031265798e74d096b392f90372d95ef2b76e9c79a9b60fd712,eligible_standard_sonnet_pending_processed_build,,,,,,,standard_sonnets,eligible_pending_v7_and_poem_attribution,standard_sonnet_materialized_pending_v7,data/processed/project_gutenberg_resolved_v1/standard_sonnets/part-0001.txt,239689,240171,466,482,14,095659ff81a84a031265798e74d096b392f90372d95ef2b76e9c79a9b60fd712
pg62892:char115313-115885,62892,I Tre Giulj: o sieno Sonetti di Niceste Abideno sopra l'Importunità di; un Creditor di Tre Giulj,"Casti, Giovanni Battista",,pending_candidate_level_attribution_audit,nineteenth_century_bridge,Project Gutenberg,https://www.gutenberg.org/ebooks/62892,explicit_sonetto_heading,4-4-3-3,14,"Balenar veggio spesso a mezzodì,",L'importuno Esattor de' Giulj tre.,115313,115885,c231ae0c85e82fc7b242dd67ae790a271cc017db78c2fd0fafc9a2cac6cc3b38,4eae063ce58be67691023f4b689a30cd636303a055b5964afeff6229e57585e8,eligible_standard_sonnet_pending_processed_build,,,,,,,standard_sonnets,eligible_pending_v7_and_poem_attribution,standard_sonnet_materialized_pending_v7,data/processed/project_gutenberg_resolved_v1/standard_sonnets/part-0001.txt,240172,240680,493,508,14,4eae063ce58be67691023f4b689a30cd636303a055b5964afeff6229e57585e8
pg62892:char115896-116490,62892,I Tre Giulj: o sieno Sonetti di Niceste Abideno sopra l'Importunità di; un Creditor di Tre Giulj,"Casti, Giovanni Battista",,pending_candidate_level_attribution_audit,nineteenth_century_bridge,Project Gutenberg,https://www.gutenberg.org/ebooks/62892,explicit_sonetto_heading,4-4-3-3,14,"Sorgi omai dalle piume, Elpin, che già",Qualche cosetta sopra i Giulj tre.,115896,116490,807ee55787b3ff832542eb63a1a45e2500ad53c7b52b5f48b1bffe3f106d5903,b8526a55318021a4c9bb31562d809fc544dcce3eb600669376835a98ac1f6260,eligible_standard_sonnet_pending_processed_build,,,,,,,standard_sonnets,eligible_pending_v7_and_poem_attribution,standard_sonnet_materialized_pending_v7,data/processed/project_gutenberg_resolved_v1/standard_sonnets/part-0001.txt,240681,241209,515,528,14,b8526a55318021a4c9bb31562d809fc544dcce3eb600669376835a98ac1f6260
pg62892:char116501-117042,62892,I Tre Giulj: o sieno Sonetti di Niceste Abideno sopra l'Importunità di; un Creditor di Tre Giulj,"Casti, Giovanni Battista",,pending_candidate_level_attribution_audit,nineteenth_century_bridge,Project Gutenberg,https://www.gutenberg.org/ebooks/62892,explicit_sonetto_heading,4-4-3-3,14,Dunque pieni di dolce ilarità,Rimembranza crudel de' Giulj tre.,116501,117042,03917848bbebf45291d9b0906ef1c2a4b4e95c19fd91310086273417f8a2fbbf,cbbf667d05a07f1c58c46cb14b8fb18a1dcb02b4207640b3630038489f80a699,eligible_standard_sonnet_pending_processed_build,,,,,,,standard_sonnets,eligible_pending_v7_and_poem_attribution,standard_sonnet_materialized_pending_v7,data/processed/project_gutenberg_resolved_v1/standard_sonnets/part-0001.txt,241210,241685,462,475,14,cbbf667d05a07f1c58c46cb14b8fb18a1dcb02b4207640b3630038489f80a699
pg62892:char117053-117637,62892,I Tre Giulj: o sieno Sonetti di Niceste Abideno sopra l'Importunità di; un Creditor di Tre Giulj,"Casti, Giovanni Battista",,pending_candidate_level_attribution_audit,nineteenth_century_bridge,Project Gutenberg,https://www.gutenberg.org/ebooks/62892,explicit_sonetto_heading,4-4-3-3,14,"O Nisa bella, or che vicin ti sto,",Contro il mio Creditor de' Giulj tre.,117053,117637,856ccd19f55b1e77c188008ce78b19e103f1df2092be66ef77bb8243e928f989,b30c1074e4d58e4f53fa596e251defb8db80f5640aac1aaf8a2a7e2afc98a0b7,eligible_standard_sonnet_pending_processed_build,,,,,,,standard_sonnets,eligible_pending_v7_and_poem_attribution,standard_sonnet_materialized_pending_v7,data/processed/project_gutenberg_resolved_v1/standard_sonnets/part-0001.txt,241686,242203,505,517,14,b30c1074e4d58e4f53fa596e251defb8db80f5640aac1aaf8a2a7e2afc98a0b7
pg62892:char117648-118196,62892,I Tre Giulj: o sieno Sonetti di Niceste Abideno sopra l'Importunità di; un Creditor di Tre Giulj,"Casti, Giovanni Battista",,pending_candidate_level_attribution_audit,nineteenth_century_bridge,Project Gutenberg,https://www.gutenberg.org/ebooks/62892,explicit_sonetto_heading,4-4-3-3,14,"Possente Bacco, almo piacer sei tu,",In faccia al Creditor de' Giulj tre.,117648,118196,f2eb11e19a4d7ebe2d79cb69a9faa2d68abcb2e73677a267509d3eba00bbdd68,de8779f922f9d4921dc07bb20dabc6461e3aefa97732d4f65610f5e523642efe,eligible_standard_sonnet_pending_processed_build,,,,,,,standard_sonnets,eligible_pending_v7_and_poem_attribution,standard_sonnet_materialized_pending_v7,data/processed/project_gutenberg_resolved_v1/standard_sonnets/part-0001.txt,242204,242684,469,480,14,de8779f922f9d4921dc07bb20dabc6461e3aefa97732d4f65610f5e523642efe
pg62892:char118207-118762,62892,I Tre Giulj: o sieno Sonetti di Niceste Abideno sopra l'Importunità di; un Creditor di Tre Giulj,"Casti, Giovanni Battista",,pending_candidate_level_attribution_audit,nineteenth_century_bridge,Project Gutenberg,https://www.gutenberg.org/ebooks/62892,explicit_sonetto_heading,4-4-3-3,14,"Or qual m'ingombra insolita virtù,","Tormenta i debitor, com'Egli fa.",118207,118762,b4150a73a64ecda2c08ff09d26df7a387051de08a8bfaab75ed903e5a2b833af,385ccd76bae1878b69cca9eadc859f35f05b8fd9f4ef84ba872f70eea28a0803,eligible_standard_sonnet_pending_processed_build,,,,,,,standard_sonnets,eligible_pending_v7_and_poem_attribution,standard_sonnet_materialized_pending_v7,data/processed/project_gutenberg_resolved_v1/standard_sonnets/part-0001.txt,242685,243174,476,489,14,385ccd76bae1878b69cca9eadc859f35f05b8fd9f4ef84ba872f70eea28a0803
pg62892:char118773-119355,62892,I Tre Giulj: o sieno Sonetti di Niceste Abideno sopra l'Importunità di; un Creditor di Tre Giulj,"Casti, Giovanni Battista",,pending_candidate_level_attribution_audit,nineteenth_century_bridge,Project Gutenberg,https://www.gutenberg.org/ebooks/62892,explicit_sonetto_heading,4-4-3-3,14,"Odimi Osmino: Come pria tu puo',",De' Seccatori incoronarlo Re.,118773,119355,6dd9f37ae9efa44b8900bb9caf5e05e79d10b0c48a106381ff97f70b5e8fbac6,bf5efd95afa2d1df269443fa3a008203d4ec9fde5952465166fa0d3af6fb79c7,eligible_standard_sonnet_pending_processed_build,,,,,,,standard_sonnets,eligible_pending_v7_and_poem_attribution,standard_sonnet_materialized_pending_v7,data/processed/project_gutenberg_resolved_v1/standard_sonnets/part-0001.txt,243175,243685,503,510,14,bf5efd95afa2d1df269443fa3a008203d4ec9fde5952465166fa0d3af6fb79c7
pg62892:char119366-119961,62892,I Tre Giulj: o sieno Sonetti di Niceste Abideno sopra l'Importunità di; un Creditor di Tre Giulj,"Casti, Giovanni Battista",,pending_candidate_level_attribution_audit,nineteenth_century_bridge,Project Gutenberg,https://www.gutenberg.org/ebooks/62892,explicit_sonetto_heading,4-4-3-3,14,"Questo è il luogo fatal, Tirsi, ove un dì","Grida: Genio maligno, esci di quà.",119366,119961,9ed91541f8ee2211917953471b493736daac1119e61cb904422e6a0db72fc2d9,6fe5e8c83d9c47bdbb3877a08d6aadd5444d0147df76b3f1fc804e14caf4f507,eligible_standard_sonnet_pending_processed_build,,,,,,,standard_sonnets,eligible_pending_v7_and_poem_attribution,standard_sonnet_materialized_pending_v7,data/processed/project_gutenberg_resolved_v1/standard_sonnets/part-0001.txt,243686,244217,516,531,14,6fe5e8c83d9c47bdbb3877a08d6aadd5444d0147df76b3f1fc804e14caf4f507
pg62892:char119972-120530,62892,I Tre Giulj: o sieno Sonetti di Niceste Abideno sopra l'Importunità di; un Creditor di Tre Giulj,"Casti, Giovanni Battista",,pending_candidate_level_attribution_audit,nineteenth_century_bridge,Project Gutenberg,https://www.gutenberg.org/ebooks/62892,explicit_sonetto_heading,4-4-3-3,14,"Ve', che alla riva il marinar di già",Il gran Persecutor de' Giulj tre.,119972,120530,b5a0e6d64c0659850f85cf8cec3a67cc7b1dab42d193d9e54d0613fbdae1b8de,2cbc04a31c70538ceae6e7ee8c19d2cc97524a68fee3bc0339767a9809487ea2,eligible_standard_sonnet_pending_processed_build,,,,,,,standard_sonnets,eligible_pending_v7_and_poem_attribution,standard_sonnet_materialized_pending_v7,data/processed/project_gutenberg_resolved_v1/standard_sonnets/part-0001.txt,244218,244709,479,491,14,2cbc04a31c70538ceae6e7ee8c19d2cc97524a68fee3bc0339767a9809487ea2
pg62892:char120541-121105,62892,I Tre Giulj: o sieno Sonetti di Niceste Abideno sopra l'Importunità di; un Creditor di Tre Giulj,"Casti, Giovanni Battista",,pending_candidate_level_attribution_audit,nineteenth_century_bridge,Project Gutenberg,https://www.gutenberg.org/ebooks/62892,explicit_sonetto_heading,4-4-3-3,14,"Soffia aquilon, e il Ciel s'irrigidì,",Venirmi a domandare i Giulj tre.,120541,121105,41b8ad13ad008edfd4bdd594e9ba287da3bd76140ac67152db52dfbfa548397b,14c701139f36e48c6248f2c5adf01a5b2823286ea78a7b3a35b7134868dd0fe1,eligible_standard_sonnet_pending_processed_build,,,,,,,standard_sonnets,eligible_pending_v7_and_poem_attribution,standard_sonnet_materialized_pending_v7,data/processed/project_gutenberg_resolved_v1/standard_sonnets/part-0001.txt,244710,245212,485,502,14,14c701139f36e48c6248f2c5adf01a5b2823286ea78a7b3a35b7134868dd0fe1
pg62892:char121116-121667,62892,I Tre Giulj: o sieno Sonetti di Niceste Abideno sopra l'Importunità di; un Creditor di Tre Giulj,"Casti, Giovanni Battista",,pending_candidate_level_attribution_audit,nineteenth_century_bridge,Project Gutenberg,https://www.gutenberg.org/ebooks/62892,explicit_sonetto_heading,4-4-3-3,14,"La rigida stagione omai partì,",L'ostinato Esattor de' Giulj tre.,121116,121667,9c08daca024b3bd55f749b12e59bfdfad24c287e2bb02de526e6b2a547e995e9,fa563d9911a672629fddb7eb3bdd7bfeeb8f7d2cd186fe0ddb16af5bd6e9f350,eligible_standard_sonnet_pending_processed_build,,,,,,,standard_sonnets,eligible_pending_v7_and_poem_attribution,standard_sonnet_materialized_pending_v7,data/processed/project_gutenberg_resolved_v1/standard_sonnets/part-0001.txt,245213,245700,472,487,14,fa563d9911a672629fddb7eb3bdd7bfeeb8f7d2cd186fe0ddb16af5bd6e9f350
pg62892:char121678-122232,62892,I Tre Giulj: o sieno Sonetti di Niceste Abideno sopra l'Importunità di; un Creditor di Tre Giulj,"Casti, Giovanni Battista",,pending_candidate_level_attribution_audit,nineteenth_century_bridge,Project Gutenberg,https://www.gutenberg.org/ebooks/62892,explicit_sonetto_heading,4-4-3-3,14,Quando del Mondo nella prima età,Parte soffersi anch'io per Giulj tre.,121678,122232,cb88a738c77763d07b38a7608655b203851718cc9336fca2693388f5f1c89063,92d95739e12a233b05cf6825839891ffed08d79741aa5b967a499713c8faca4c,eligible_standard_sonnet_pending_processed_build,,,,,,,standard_sonnets,eligible_pending_v7_and_poem_attribution,standard_sonnet_materialized_pending_v7,data/processed/project_gutenberg_resolved_v1/standard_sonnets/part-0001.txt,245701,246189,475,488,14,92d95739e12a233b05cf6825839891ffed08d79741aa5b967a499713c8faca4c
pg62892:char122243-122805,62892,I Tre Giulj: o sieno Sonetti di Niceste Abideno sopra l'Importunità di; un Creditor di Tre Giulj,"Casti, Giovanni Battista",,pending_candidate_level_attribution_audit,nineteenth_century_bridge,Project Gutenberg,https://www.gutenberg.org/ebooks/62892,explicit_sonetto_heading,4-4-3-3,14,"La soverchia in parlar prolissità,",Scorgi da questo un cuor sincero in me.,122243,122805,d82075520e801cb939630c89cb30001e7c628028d692b06abaf1526a5b5ea3f2,cf6d62ce1b12462b253581c0e1b5e70300e7f901f4d35fd673c8340cefc53ac2,eligible_standard_sonnet_pending_processed_build,,,,,,,standard_sonnets,eligible_pending_v7_and_poem_attribution,standard_sonnet_materialized_pending_v7,data/processed/project_gutenberg_resolved_v1/standard_sonnets/part-0001.txt,246190,246685,483,495,14,cf6d62ce1b12462b253581c0e1b5e70300e7f901f4d35fd673c8340cefc53ac2
pg62892:char122816-123419,62892,I Tre Giulj: o sieno Sonetti di Niceste Abideno sopra l'Importunità di; un Creditor di Tre Giulj,"Casti, Giovanni Battista",,pending_candidate_level_attribution_audit,nineteenth_century_bridge,Project Gutenberg,https://www.gutenberg.org/ebooks/62892,explicit_sonetto_heading,4-4-3-3,14,"Tigre, a cui i figli il cacciator rapì,",Sottraendo pian pian da Lui mi vo.,122816,123419,1067ab775330ecabf6e76f71c19f1f393c1f1bd0e680cca2c9682cecb86645c2,43de107bb3be35d39dd3c025322dd26c07b8dcaf1f30089859f5411c64e1a4bb,eligible_standard_sonnet_pending_processed_build,,,,,,,standard_sonnets,eligible_pending_v7_and_poem_attribution,standard_sonnet_materialized_pending_v7,data/processed/project_gutenberg_resolved_v1/standard_sonnets/part-0001.txt,246686,247218,524,532,14,43de107bb3be35d39dd3c025322dd26c07b8dcaf1f30089859f5411c64e1a4bb
pg62892:char123430-124007,62892,I Tre Giulj: o sieno Sonetti di Niceste Abideno sopra l'Importunità di; un Creditor di Tre Giulj,"Casti, Giovanni Battista",,pending_candidate_level_attribution_audit,nineteenth_century_bridge,Project Gutenberg,https://www.gutenberg.org/ebooks/62892,explicit_sonetto_heading,4-4-3-3,14,"Che mai l'ambizioso Uom non tentò,",Che sempre domandarmi i Giulj tre.,123430,124007,72843bfd70346cb11cc66b13379cb4ac2a89a62a725d9cf99bd72a1e9920d2bf,1e35037af9154f7f6d3ce23c59422d82b726baedfa3b8fd63c98a756964fbeb1,eligible_standard_sonnet_pending_processed_build,,,,,,,standard_sonnets,eligible_pending_v7_and_poem_attribution,standard_sonnet_materialized_pending_v7,data/processed/project_gutenberg_resolved_v1/standard_sonnets/part-0001.txt,247219,247730,498,511,14,1e35037af9154f7f6d3ce23c59422d82b726baedfa3b8fd63c98a756964fbeb1
pg62892:char124018-124551,62892,I Tre Giulj: o sieno Sonetti di Niceste Abideno sopra l'Importunità di; un Creditor di Tre Giulj,"Casti, Giovanni Battista",,pending_candidate_level_attribution_audit,nineteenth_century_bridge,Project Gutenberg,https://www.gutenberg.org/ebooks/62892,explicit_sonetto_heading,4-4-3-3,14,"Se facessi più prove, che non fe",Nei secoli de' secoli sarà.,124018,124551,3850a72894068b1a734dd81fde1720377f15f8a1b67c453432a87ceb2f684748,9af929603c0a993e1dc090647786a12dd9dd8422b6a9303a6b9b015c67ab3e4f,eligible_standard_sonnet_pending_processed_build,,,,,,,standard_sonnets,eligible_pending_v7_and_poem_attribution,standard_sonnet_materialized_pending_v7,data/processed/project_gutenberg_resolved_v1/standard_sonnets/part-0001.txt,247731,248200,454,469,14,9af929603c0a993e1dc090647786a12dd9dd8422b6a9303a6b9b015c67ab3e4f
pg62892:char124562-125132,62892,I Tre Giulj: o sieno Sonetti di Niceste Abideno sopra l'Importunità di; un Creditor di Tre Giulj,"Casti, Giovanni Battista",,pending_candidate_level_attribution_audit,nineteenth_century_bridge,Project Gutenberg,https://www.gutenberg.org/ebooks/62892,explicit_sonetto_heading,4-4-3-3,14,"Forse talun si sdegnerà con me,","Che dove il dente duol, la lingua dà.",124562,125132,9c3b6357ec0e0a1f7a14cb1565f40c4883eaec54edf4ae4790ad003c86ff5fae,e7602d0227a690b61020c1f379598280e5944abdadb1fb75811ee9c7abb6c1b5,eligible_standard_sonnet_pending_processed_build,,,,,,,standard_sonnets,eligible_pending_v7_and_poem_attribution,standard_sonnet_materialized_pending_v7,data/processed/project_gutenberg_resolved_v1/standard_sonnets/part-0001.txt,248201,248704,491,503,14,e7602d0227a690b61020c1f379598280e5944abdadb1fb75811ee9c7abb6c1b5
pg62892:char125143-125696,62892,I Tre Giulj: o sieno Sonetti di Niceste Abideno sopra l'Importunità di; un Creditor di Tre Giulj,"Casti, Giovanni Battista",,pending_candidate_level_attribution_audit,nineteenth_century_bridge,Project Gutenberg,https://www.gutenberg.org/ebooks/62892,explicit_sonetto_heading,4-4-3-3,14,"Poichè la pioggia Autunnal cadè,",Il gran martel de' debitori fu.,125143,125696,34a4763dfdbe8eceb3d56dd5f283f512aadf2d00e09d58dead59c5e032e1fbfb,81ab055e756d71e57d9f29cd4af4b4a1e297ec6ffc3d4a0181c98571665366e5,eligible_standard_sonnet_pending_processed_build,,,,,,,standard_sonnets,eligible_pending_v7_and_poem_attribution,standard_sonnet_materialized_pending_v7,data/processed/project_gutenberg_resolved_v1/standard_sonnets/part-0001.txt,248705,249190,474,485,14,81ab055e756d71e57d9f29cd4af4b4a1e297ec6ffc3d4a0181c98571665366e5
pg62892:char125707-126280,62892,I Tre Giulj: o sieno Sonetti di Niceste Abideno sopra l'Importunità di; un Creditor di Tre Giulj,"Casti, Giovanni Battista",,pending_candidate_level_attribution_audit,nineteenth_century_bridge,Project Gutenberg,https://www.gutenberg.org/ebooks/62892,explicit_sonetto_heading,4-4-3-3,14,"Questi, che al vento in van spargendo vo,","Io ci pensai finor, pensaci or tu.",125707,126280,24ec5f65d57a7877cd9e1c22873de6b0f94c286f1bab7a100c57b02c10d0ff8f,5f5d93918532d02408035e3dfe22c653dbabdb34f2b60a597ff980b11f170a61,eligible_standard_sonnet_pending_processed_build,,,,,,,standard_sonnets,eligible_pending_v7_and_poem_attribution,standard_sonnet_materialized_pending_v7,data/processed/project_gutenberg_resolved_v1/standard_sonnets/part-0001.txt,249191,249695,494,504,14,5f5d93918532d02408035e3dfe22c653dbabdb34f2b60a597ff980b11f170a61
pg62892:char126291-126849,62892,I Tre Giulj: o sieno Sonetti di Niceste Abideno sopra l'Importunità di; un Creditor di Tre Giulj,"Casti, Giovanni Battista",,pending_candidate_level_attribution_audit,nineteenth_century_bridge,Project Gutenberg,https://www.gutenberg.org/ebooks/62892,explicit_sonetto_heading,4-4-3-3,14,"Folle colui, che ne' più lieti dì",Non le apprezza il valor di Giulj tre.,126291,126849,55334bd9d9494e31827646c28f143d6874b904224332543dde05166eaa21fdf1,917c25a8a94d13a004278b888b612b90395de089344ef3075de0f519743bb680,eligible_standard_sonnet_pending_processed_build,,,,,,,standard_sonnets,eligible_pending_v7_and_poem_attribution,standard_sonnet_materialized_pending_v7,data/processed/project_gutenberg_resolved_v1/standard_sonnets/part-0001.txt,249696,250189,479,493,14,917c25a8a94d13a004278b888b612b90395de089344ef3075de0f519743bb680
pg62892:char126860-127422,62892,I Tre Giulj: o sieno Sonetti di Niceste Abideno sopra l'Importunità di; un Creditor di Tre Giulj,"Casti, Giovanni Battista",,pending_candidate_level_attribution_audit,nineteenth_century_bridge,Project Gutenberg,https://www.gutenberg.org/ebooks/62892,explicit_sonetto_heading,4-4-3-3,14,"Uom di voce sottil, di mezza età,",È questi il Creditor de' Giulj tre.,126860,127422,678c53ff07d9941ef597443cefdecc8d6a85819ae14649b3ba80bf02013f9278,db4dcea5d39403621906ba6b83545f0b0c6b67e692b8d33485044f5756ddab21,eligible_standard_sonnet_pending_processed_build,,,,,,,standard_sonnets,eligible_pending_v7_and_poem_attribution,standard_sonnet_materialized_pending_v7,data/processed/project_gutenberg_resolved_v1/standard_sonnets/part-0001.txt,250190,250687,483,497,14,db4dcea5d39403621906ba6b83545f0b0c6b67e692b8d33485044f5756ddab21
pg62892:char127433-128025,62892,I Tre Giulj: o sieno Sonetti di Niceste Abideno sopra l'Importunità di; un Creditor di Tre Giulj,"Casti, Giovanni Battista",,pending_candidate_level_attribution_audit,nineteenth_century_bridge,Project Gutenberg,https://www.gutenberg.org/ebooks/62892,explicit_sonetto_heading,4-4-3-3,14,"Chiunque il suon de' miei lamenti udì,",Sotto il pretesto delli Giulj tre?,127433,128025,db85cce46affe10057c6ab14a2823e136c1be86eaaa12b9d6f0a576cb9c4b0d0,0ec72728a4de48feda837bf613be3d0a049ec796b34097d6aae99eca97cd7fe1,eligible_standard_sonnet_pending_processed_build,,,,,,,standard_sonnets,eligible_pending_v7_and_poem_attribution,standard_sonnet_materialized_pending_v7,data/processed/project_gutenberg_resolved_v1/standard_sonnets/part-0001.txt,250688,251213,513,525,14,0ec72728a4de48feda837bf613be3d0a049ec796b34097d6aae99eca97cd7fe1
pg62892:char128036-128615,62892,I Tre Giulj: o sieno Sonetti di Niceste Abideno sopra l'Importunità di; un Creditor di Tre Giulj,"Casti, Giovanni Battista",,pending_candidate_level_attribution_audit,nineteenth_century_bridge,Project Gutenberg,https://www.gutenberg.org/ebooks/62892,explicit_sonetto_heading,4-4-3-3,14,"Stando jernotte in cameretta, e lì","Al Creditor per sempre, e a' Giulj tre.",128036,128615,ccf36d2b4de7f0a8ee4329772ef327b49cf65068729ae69b7cc96c33a63498a8,3a3868dd85884b498e60f9af18b08fb1662cff8a2c1257cfc513a5438eecdb10,eligible_standard_sonnet_pending_processed_build,,,,,,,standard_sonnets,eligible_pending_v7_and_poem_attribution,standard_sonnet_materialized_pending_v7,data/processed/project_gutenberg_resolved_v1/standard_sonnets/part-0001.txt,251214,251726,500,512,14,3a3868dd85884b498e60f9af18b08fb1662cff8a2c1257cfc513a5438eecdb10
pg62892:char130661-131529,62892,I Tre Giulj: o sieno Sonetti di Niceste Abideno sopra l'Importunità di; un Creditor di Tre Giulj,"Casti, Giovanni Battista",,pending_candidate_level_attribution_audit,nineteenth_century_bridge,Project Gutenberg,https://www.gutenberg.org/ebooks/62892,explicit_sonetti_section,14,14,_Di bella lode ardente avidità_                          5.,_Dunque pieni di dolce ilarità_                        180.,130661,131529,e0a85dadc9cc5c7c222fb45b1d9d403a7c99e45c3cbb5b637a85bc02a703c992,77021e9044dd5bf85ca8cb5f83c87d3912cab7e7b7ea28d261a7f2e6b4064657,eligible_standard_sonnet_pending_processed_build,,,,,,,standard_sonnets,eligible_pending_v7_and_poem_attribution,standard_sonnet_materialized_pending_v7,data/processed/project_gutenberg_resolved_v1/standard_sonnets/part-0001.txt,251727,252579,840,852,14,77021e9044dd5bf85ca8cb5f83c87d3912cab7e7b7ea28d261a7f2e6b4064657
pg62892:char140299-141167,62892,I Tre Giulj: o sieno Sonetti di Niceste Abideno sopra l'Importunità di; un Creditor di Tre Giulj,"Casti, Giovanni Battista",,pending_candidate_level_attribution_audit,nineteenth_century_bridge,Project Gutenberg,https://www.gutenberg.org/ebooks/62892,explicit_sonetti_section,14,14,_Voi che udite le mie calamità_                          7.,"_Vom di voce sottil, di mezza età_                     198.",140299,141167,54193e7b6ad34cd05999cd38806aac15854e02015542e7518b23d806ac085cb1,d475cf38766174ccf9e68cbc424b19744d02b18e5cacb2b0218924a32313797e,eligible_standard_sonnet_pending_processed_build,,,,,,,standard_sonnets,eligible_pending_v7_and_poem_attribution,standard_sonnet_materialized_pending_v7,data/processed/project_gutenberg_resolved_v1/standard_sonnets/part-0001.txt,252580,253434,840,854,14,d475cf38766174ccf9e68cbc424b19744d02b18e5cacb2b0218924a32313797e
pg63082:char20550-21330,63082,Pataffio - Tesoretto,"Latini, Brunetto",,pending_candidate_level_attribution_audit,origins_through_1800,Project Gutenberg,https://www.gutenberg.org/ebooks/63082,structural_14_line,4-4-3-3,14,=Ne hai ne hai:= s'intende de' denari secondo il prov. =Chi non ha,una non men grossa dell'altra.,20550,21330,bed2be0eaa5a3ecb1a2acddc82b5d0f79a1b67fff8c00e5763416651bfd99406,0ad2c121befc44ed5748c3413a0d953643b4a055bdc10b7d3bc1519710200b66,exclude_manual_not_sonnet,exclude_not_sonnet,"Window combines a Pataffio tercet with prose glossary commentary, not a sonnet.",,,,,not_standard_sonnet_artifact,excluded_from_sonnet_corpus,not_materialized_exclude_manual_not_sonnet,,,,0,0,0,e3b0c44298fc1c149afbf4c8996fb92427ae41e4649b934ca495991b7852b855
pg63082:char73975-74724,63082,Pataffio - Tesoretto,"Latini, Brunetto",,pending_candidate_level_attribution_audit,origins_through_1800,Project Gutenberg,https://www.gutenberg.org/ebooks/63082,structural_14_line,4-4-3-3,14,=Penna muda:= È quel cambiar di penne che fan gli uccelli; cosa,Tra ugiole e barugiole con giardo.,73975,74724,c07aff29fdde03e7368753b7325f7e258b8be1891509a97e651e32bcff01be86,0cf66fde632fcf4cd58470880a6a1261ede48c61d50bb9f3bd440206039a2674,exclude_manual_not_sonnet,exclude_not_sonnet,"Window combines a Pataffio tercet with prose glossary commentary, not a sonnet.",,,,,not_standard_sonnet_artifact,excluded_from_sonnet_corpus,not_materialized_exclude_manual_not_sonnet,,,,0,0,0,e3b0c44298fc1c149afbf4c8996fb92427ae41e4649b934ca495991b7852b855
pg63082:char82305-83090,63082,Pataffio - Tesoretto,"Latini, Brunetto",,pending_candidate_level_attribution_audit,origins_through_1800,Project Gutenberg,https://www.gutenberg.org/ebooks/63082,structural_14_line,4-4-3-3,14,"=Fatt'è il becco all'oca:= il negozio è finito, la cosa è fatta.",e penosi taccoli.,82305,83090,9b78c50738534162c2711befc50e02591edde9629695fde421ed65d2b8bf82dc,1fe4d6bd49a8e1caad03c4812bce9f04e7b6e41f64868c731f0a410b0a270681,exclude_manual_not_sonnet,exclude_not_sonnet,"Window combines a Pataffio tercet with prose glossary commentary, not a sonnet.",,,,,not_standard_sonnet_artifact,excluded_from_sonnet_corpus,not_materialized_exclude_manual_not_sonnet,,,,0,0,0,e3b0c44298fc1c149afbf4c8996fb92427ae41e4649b934ca495991b7852b855
pg63082:char85582-86368,63082,Pataffio - Tesoretto,"Latini, Brunetto",,pending_candidate_level_attribution_audit,origins_through_1800,Project Gutenberg,https://www.gutenberg.org/ebooks/63082,structural_14_line,4-4-3-3,14,=Le traveggole:= allucinamento. =Malemme:= mal uomo. =Chi nel viso,"questa lettera, e dir per esempio: =Pane nostru=. Rid.",85582,86368,53966d1dc95f555e72c136125873b1276322f88c924c144f687ab19eea35d127,f0f8aa5d8b6569ce17f08f97c5c79f9ac0770f243058125a73f39ab02bd505ea,exclude_manual_not_sonnet,exclude_not_sonnet,"Window combines a Pataffio tercet with prose glossary commentary, not a sonnet.",,,,,not_standard_sonnet_artifact,excluded_from_sonnet_corpus,not_materialized_exclude_manual_not_sonnet,,,,0,0,0,e3b0c44298fc1c149afbf4c8996fb92427ae41e4649b934ca495991b7852b855
pg63082:char99879-100682,63082,Pataffio - Tesoretto,"Latini, Brunetto",,pending_candidate_level_attribution_audit,origins_through_1800,Project Gutenberg,https://www.gutenberg.org/ebooks/63082,structural_14_line,4-4-3-3,14,"=Cusoffiole:= voce d'ammirazione e di sorpresa, come =capperi!=","Cardando, perchè teme nol ghermisce.",99879,100682,7ffc988edaf7f37a535dd0c3e52778d7a419df27c5deec523dbcdd7ea049f93b,690fe8d354bec450eeb53ae3ff4d717f614be7e942f848d827c7ebcd757a71c9,exclude_manual_not_sonnet,exclude_not_sonnet,"Window combines a Pataffio tercet with prose glossary commentary, not a sonnet.",,,,,not_standard_sonnet_artifact,excluded_from_sonnet_corpus,not_materialized_exclude_manual_not_sonnet,,,,0,0,0,e3b0c44298fc1c149afbf4c8996fb92427ae41e4649b934ca495991b7852b855
pg63082:char144959-145680,63082,Pataffio - Tesoretto,"Latini, Brunetto",,pending_candidate_level_attribution_audit,origins_through_1800,Project Gutenberg,https://www.gutenberg.org/ebooks/63082,structural_14_line,4-4-3-3,14,"=Siri ec.= mentre ora badano alle baje, e non pensano a te.",sozzi equivoci.,144959,145680,f55eee6f1335dc0635539a2270ec3b16141b96faaada8284ccecd559a6795a4e,d2a161871c640e5134149046841c070720eb6651c1e6fa36971e6734a3ade824,exclude_manual_not_sonnet,exclude_not_sonnet,"Window combines a Pataffio tercet with prose glossary commentary, not a sonnet.",,,,,not_standard_sonnet_artifact,excluded_from_sonnet_corpus,not_materialized_exclude_manual_not_sonnet,,,,0,0,0,e3b0c44298fc1c149afbf4c8996fb92427ae41e4649b934ca495991b7852b855
pg63082:char186624-187357,63082,Pataffio - Tesoretto,"Latini, Brunetto",,pending_candidate_level_attribution_audit,origins_through_1800,Project Gutenberg,https://www.gutenberg.org/ebooks/63082,structural_14_line,4-4-3-3,14,"=Mala sciarda:= la cattiva pelle, uomo d'iniqua razza; dal Franc.",Poi rose 'l pretesemol dentecchiando.,186624,187357,0f850629cad447eef8ba539cfbbb1775730d4a1060a376f34099cbc6f8f7a518,62353cbaf88b9cbafbfb412e988a658fa24e4936eba9741e4d90bdfaa46d405e,exclude_manual_not_sonnet,exclude_not_sonnet,"Window combines a Pataffio tercet with prose glossary commentary, not a sonnet.",,,,,not_standard_sonnet_artifact,excluded_from_sonnet_corpus,not_materialized_exclude_manual_not_sonnet,,,,0,0,0,e3b0c44298fc1c149afbf4c8996fb92427ae41e4649b934ca495991b7852b855
pg63082:char249960-250766,63082,Pataffio - Tesoretto,"Latini, Brunetto",,pending_candidate_level_attribution_audit,origins_through_1800,Project Gutenberg,https://www.gutenberg.org/ebooks/63082,structural_14_line,4-4-3-3,14,=Non posso ec.= dicesi dagli scapigliati di chi ha contratto certo,"Senza travagli dietro, o pur con pene.",249960,250766,2127240ca84d5d77b6391f83aec7f5657615d55c4b8b970e5bac7bd07fd7850c,20a7a59ec220882ae1c83c5164a7dc8b72fbacf0733ace0d4c3ef8e88c1dc699,exclude_manual_not_sonnet,exclude_not_sonnet,"Window combines a Pataffio tercet with prose glossary commentary, not a sonnet.",,,,,not_standard_sonnet_artifact,excluded_from_sonnet_corpus,not_materialized_exclude_manual_not_sonnet,,,,0,0,0,e3b0c44298fc1c149afbf4c8996fb92427ae41e4649b934ca495991b7852b855
pg63082:char343761-344343,63082,Pataffio - Tesoretto,"Latini, Brunetto",,pending_candidate_level_attribution_audit,origins_through_1800,Project Gutenberg,https://www.gutenberg.org/ebooks/63082,structural_14_line,4-4-3-3,14,Ritengo più che posso mio coraggio,"Pianger la sera, la notte, e 'l mattino.",343761,344343,8af31758fdf823dcac0c6a7b434bd6cdd106c9222b7404e8b73e031139961e0d,6bf4883e168aa7d3f7e9ba707622182c13f443bde17f35e7e6ba288affe5b895,eligible_standard_sonnet_pending_processed_build,accept_structurally_verified_standard_sonnet,Bounded fourteen-line Italian poem has a coherent sonnet octave-and-sestet or quatrain-and-tercet rhyme structure.,,,,,standard_sonnets,eligible_pending_v7_and_poem_attribution,standard_sonnet_materialized_pending_v7,data/processed/project_gutenberg_resolved_v1/standard_sonnets/part-0001.txt,253435,253942,503,507,14,6bf4883e168aa7d3f7e9ba707622182c13f443bde17f35e7e6ba288affe5b895
pg72323:char491138-491741,72323,"Pompei e le sue rovine, Vol. 3 (of 3)","Curti, Pier Ambrogio",,pending_candidate_level_attribution_audit,nineteenth_century_bridge,Project Gutenberg,https://www.gutenberg.org/ebooks/72323,explicit_sonetto_heading,4-4-3-3,14,Lascia ch’io teco ammiri a parte a parte,Teco son fatto cittadin di Roma.,491138,491741,82e6bce3fbd41852d18e72b7a54b7c1e36e70eef1c700cd8bcde10476b907859,0fbf2332bc4141a4e01608a78c950050e0aa7e8253c07ad6da0a5c237ddf744f,eligible_standard_sonnet_pending_processed_build,,,,,,,standard_sonnets,eligible_pending_v7_and_poem_attribution,standard_sonnet_materialized_pending_v7,data/processed/project_gutenberg_resolved_v1/standard_sonnets/part-0001.txt,253943,254483,524,540,14,0fbf2332bc4141a4e01608a78c950050e0aa7e8253c07ad6da0a5c237ddf744f
pg77167:char151403-151978,77167,L'Acerba,"Cecco, d'Ascoli",,pending_candidate_level_attribution_audit,origins_through_1800,Project Gutenberg,https://www.gutenberg.org/ebooks/77167,structural_14_line,14,14,"Poi che morte le penne ha plombino,",Chiuderà giurno ne l’umano regno.,151403,151978,df7ec1d4f9611a0b03bd180b016eda9d4edc292cf530923d40eeb829de63064a,2f4fe2a052d7c19029a3cf9d8a8ba53d1ffa922ba9923da5e9ff879bfb59196d,exclude_manual_not_sonnet,exclude_not_sonnet,"Window is an arbitrary fourteen-line slice of a longer Acerba capitolo, not a bounded sonnet.",,,,,not_standard_sonnet_artifact,excluded_from_sonnet_corpus,not_materialized_exclude_manual_not_sonnet,,,,0,0,0,e3b0c44298fc1c149afbf4c8996fb92427ae41e4649b934ca495991b7852b855
pg77167:char155094-155657,77167,L'Acerba,"Cecco, d'Ascoli",,pending_candidate_level_attribution_audit,origins_through_1800,Project Gutenberg,https://www.gutenberg.org/ebooks/77167,structural_14_line,14,14,"Nocticora, querendo el cibo, grida;","Non vede, chè vivendo ella se more.",155094,155657,a2e7a375dab9e2706b0287ed167a80a9023d5d76e466c006401a261551b19819,2ceda5ac73de4d5621e8b4b1a25400e1a8f5e8339f977b29ba7e727a04385eda,exclude_manual_not_sonnet,exclude_not_sonnet,"Window is an arbitrary fourteen-line slice of a longer Acerba capitolo, not a bounded sonnet.",,,,,not_standard_sonnet_artifact,excluded_from_sonnet_corpus,not_materialized_exclude_manual_not_sonnet,,,,0,0,0,e3b0c44298fc1c149afbf4c8996fb92427ae41e4649b934ca495991b7852b855
pg77167:char155678-156247,77167,L'Acerba,"Cecco, d'Ascoli",,pending_candidate_level_attribution_audit,origins_through_1800,Project Gutenberg,https://www.gutenberg.org/ebooks/77167,structural_14_line,14,14,In femina lo maschio transfigura [L. c. 39],Tu vidi trapassar in tempo curto.,155678,156247,7b4b68e317ad88ce6e03c5d0638e6d20713a1dee76ebdef8a42d4532b13ef3d0,e55ef066d21d8c067eefd85dabe2201309ec5bfba85df88f3bbe056db7d2db34,exclude_manual_not_sonnet,exclude_not_sonnet,"Window is an arbitrary fourteen-line slice of a longer Acerba capitolo, not a bounded sonnet.",,,,,not_standard_sonnet_artifact,excluded_from_sonnet_corpus,not_materialized_exclude_manual_not_sonnet,,,,0,0,0,e3b0c44298fc1c149afbf4c8996fb92427ae41e4649b934ca495991b7852b855
pg77167:char156267-156842,77167,L'Acerba,"Cecco, d'Ascoli",,pending_candidate_level_attribution_audit,origins_through_1800,Project Gutenberg,https://www.gutenberg.org/ebooks/77167,structural_14_line,14,14,La rondene doie petre preziose[110],Chè propria natura è lo peccare.,156267,156842,3e8364cc256408d414104136884886382dd13dd00183ae34e129ebfe85026b08,882f106afa01750a6eecfe0d1c8c9d4017b08536849c9e2ff6ad283506477538,exclude_manual_not_sonnet,exclude_not_sonnet,"Window is an arbitrary fourteen-line slice of a longer Acerba capitolo, not a bounded sonnet.",,,,,not_standard_sonnet_artifact,excluded_from_sonnet_corpus,not_materialized_exclude_manual_not_sonnet,,,,0,0,0,e3b0c44298fc1c149afbf4c8996fb92427ae41e4649b934ca495991b7852b855
pg77167:char157949-158535,77167,L'Acerba,"Cecco, d'Ascoli",,pending_candidate_level_attribution_audit,origins_through_1800,Project Gutenberg,https://www.gutenberg.org/ebooks/77167,structural_14_line,14,14,"El calandrello, qual’è tutto bianco,","Chè, astrimando, la morte gli è intorno.",157949,158535,9bf7c07e93792025bdcdebfb955225bdaa75db84ec48bf24e8e7e69c9ff7ddf0,eb0157fd2fccd4ca5402c9d254d8dcf837297060c4d09126ecfb3dde46f8c91e,exclude_manual_not_sonnet,exclude_not_sonnet,"Window is an arbitrary fourteen-line slice of a longer Acerba capitolo, not a bounded sonnet.",,,,,not_standard_sonnet_artifact,excluded_from_sonnet_corpus,not_materialized_exclude_manual_not_sonnet,,,,0,0,0,e3b0c44298fc1c149afbf4c8996fb92427ae41e4649b934ca495991b7852b855
pg77167:char160984-161561,77167,L'Acerba,"Cecco, d'Ascoli",,pending_candidate_level_attribution_audit,origins_through_1800,Project Gutenberg,https://www.gutenberg.org/ebooks/77167,structural_14_line,14,14,"El grifo assai è forte, ma pur teme [L. c. 41 t.]",Già mai de soa salute non s’arietra.,160984,161561,f5c821b34b4252468d4260a082297f9504cfe941cabbef381cb918cebb757abc,7183c807d9e3c32f643180a4569f3c20edc636e0ee2368110ef204ab213a734e,exclude_manual_not_sonnet,exclude_not_sonnet,"Window is an arbitrary fourteen-line slice of a longer Acerba capitolo, not a bounded sonnet.",,,,,not_standard_sonnet_artifact,excluded_from_sonnet_corpus,not_materialized_exclude_manual_not_sonnet,,,,0,0,0,e3b0c44298fc1c149afbf4c8996fb92427ae41e4649b934ca495991b7852b855
pg77167:char164079-164660,77167,L'Acerba,"Cecco, d'Ascoli",,pending_candidate_level_attribution_audit,origins_through_1800,Project Gutenberg,https://www.gutenberg.org/ebooks/77167,structural_14_line,14,14,"La tortora pur sè sola plangendo,","Ov’è la gloria, che sempre è infinita.",164079,164660,ada22b6e680840dba56f5b4e755a6c3aa7761e6f87930173eb49258691c25f7d,bc9800a061338595190882c6a5d2dd4ab25ff1a937d262a1066dc2f11f6eef6b,exclude_manual_not_sonnet,exclude_not_sonnet,"Window is an arbitrary fourteen-line slice of a longer Acerba capitolo, not a bounded sonnet.",,,,,not_standard_sonnet_artifact,excluded_from_sonnet_corpus,not_materialized_exclude_manual_not_sonnet,,,,0,0,0,e3b0c44298fc1c149afbf4c8996fb92427ae41e4649b934ca495991b7852b855
pg77167:char164682-165254,77167,L'Acerba,"Cecco, d'Ascoli",,pending_candidate_level_attribution_audit,origins_through_1800,Project Gutenberg,https://www.gutenberg.org/ebooks/77167,structural_14_line,14,14,"Nasce onne corvo, per natura, bianco,",Sospir traendo de dolorosi guai.,164682,165254,3bf1cc3e4a988de524cf5ee82dccc1176fc4a7584fac82ff9f31873d4a1eb3f3,2953cda0e642180f38ed9b5e1d6164001d63c36c5d57ea2f27b6696c59cc1f21,exclude_manual_not_sonnet,exclude_not_sonnet,"Window is an arbitrary fourteen-line slice of a longer Acerba capitolo, not a bounded sonnet.",,,,,not_standard_sonnet_artifact,excluded_from_sonnet_corpus,not_materialized_exclude_manual_not_sonnet,,,,0,0,0,e3b0c44298fc1c149afbf4c8996fb92427ae41e4649b934ca495991b7852b855
pg77167:char165275-165877,77167,L'Acerba,"Cecco, d'Ascoli",,pending_candidate_level_attribution_audit,origins_through_1800,Project Gutenberg,https://www.gutenberg.org/ebooks/77167,structural_14_line,14,14,"Canta sì dolcemente la serena, [L. c. 43 t.]",El senno fa gran pena pe lo[125] danno.,165275,165877,a36b1cf0b334602ba2688fa5e8ee770de6e9f0c780be9ea091be8ab9b2a5d4b8,36da6be90d92c8c54c25d001c5276b5004b9becc59efcfdae9cd6dc17b77ad26,exclude_manual_not_sonnet,exclude_not_sonnet,"Window is an arbitrary fourteen-line slice of a longer Acerba capitolo, not a bounded sonnet.",,,,,not_standard_sonnet_artifact,excluded_from_sonnet_corpus,not_materialized_exclude_manual_not_sonnet,,,,0,0,0,e3b0c44298fc1c149afbf4c8996fb92427ae41e4649b934ca495991b7852b855
pg77167:char165899-166482,77167,L'Acerba,"Cecco, d'Ascoli",,pending_candidate_level_attribution_audit,origins_through_1800,Project Gutenberg,https://www.gutenberg.org/ebooks/77167,structural_14_line,14,14,"Gronco, che dentro a le caverne nasce",A ciò che preso non sia da questo amo.,165899,166482,e0d90ef53a2caea6fc7c56052825c7c2a618b292dbe70a8925f2124bdb6f4155,cb11264fb1acb11dd49f7627bb90f762d1043d6241a9910837791051e910ef13,exclude_manual_not_sonnet,exclude_not_sonnet,"Window is an arbitrary fourteen-line slice of a longer Acerba capitolo, not a bounded sonnet.",,,,,not_standard_sonnet_artifact,excluded_from_sonnet_corpus,not_materialized_exclude_manual_not_sonnet,,,,0,0,0,e3b0c44298fc1c149afbf4c8996fb92427ae41e4649b934ca495991b7852b855
pg77167:char166858-167457,77167,L'Acerba,"Cecco, d'Ascoli",,pending_candidate_level_attribution_audit,origins_through_1800,Project Gutenberg,https://www.gutenberg.org/ebooks/77167,structural_14_line,14,14,"L’ostrega, quand’è la luna plena,",Nè damno fè già mai lo bel tacere.,166858,167457,3d7e16a5b79aa5bd426cf7cb4e624d0be529eee862d66762f45cc9ca3b67e06b,daf0ea8c2d86b362dc84d4aa84fa716fd678905c34e846095159930c953c5d2b,exclude_manual_not_sonnet,exclude_not_sonnet,"Window is an arbitrary fourteen-line slice of a longer Acerba capitolo, not a bounded sonnet.",,,,,not_standard_sonnet_artifact,excluded_from_sonnet_corpus,not_materialized_exclude_manual_not_sonnet,,,,0,0,0,e3b0c44298fc1c149afbf4c8996fb92427ae41e4649b934ca495991b7852b855
pg77167:char168297-168892,77167,L'Acerba,"Cecco, d'Ascoli",,pending_candidate_level_attribution_audit,origins_through_1800,Project Gutenberg,https://www.gutenberg.org/ebooks/77167,structural_14_line,14,14,"Signor è ’l basalisco de’ serpenti, [L. c. 45]",Sì che lo nimico finalmente abbatte.,168297,168892,addede4df75d4d3059c2960b67e86dbc0b8d0fc4167bad705244f49309c33138,38136624a5b89f47c66fa1d6e86c76fcf7f996bf20a7b1884db37386814b7993,exclude_manual_not_sonnet,exclude_not_sonnet,"Window is an arbitrary fourteen-line slice of a longer Acerba capitolo, not a bounded sonnet.",,,,,not_standard_sonnet_artifact,excluded_from_sonnet_corpus,not_materialized_exclude_manual_not_sonnet,,,,0,0,0,e3b0c44298fc1c149afbf4c8996fb92427ae41e4649b934ca495991b7852b855
pg77167:char168914-169488,77167,L'Acerba,"Cecco, d'Ascoli",,pending_candidate_level_attribution_audit,origins_through_1800,Project Gutenberg,https://www.gutenberg.org/ebooks/77167,structural_14_line,14,14,"L’aspido, ch’è aspro de veneno,",Chi tutto move iudica e discerne.,168914,169488,0e0de8fee1ca173d1b70859abe4aa34d1721c079aaf67bf94a6502e1d5e4e803,c88753a69ab62050904b893382ea2e61c2f51baa60775a29d2a7997675390d8e,exclude_manual_not_sonnet,exclude_not_sonnet,"Window is an arbitrary fourteen-line slice of a longer Acerba capitolo, not a bounded sonnet.",,,,,not_standard_sonnet_artifact,excluded_from_sonnet_corpus,not_materialized_exclude_manual_not_sonnet,,,,0,0,0,e3b0c44298fc1c149afbf4c8996fb92427ae41e4649b934ca495991b7852b855
pg77167:char172575-173133,77167,L'Acerba,"Cecco, d'Ascoli",,pending_candidate_level_attribution_audit,origins_through_1800,Project Gutenberg,https://www.gutenberg.org/ebooks/77167,structural_14_line,14,14,"Quando la Luna illuma ’l Scorpione,[137]",Che l’omo plù non cura d’altro onore.,172575,173133,34a3b354a238c1de33e213a5a00d37afbe46bb2da3e46d992fd141a0f4bb18cc,4a092756947d770e5fc342c6ef3717aded16225b20d3c0cf8e0cf37cf37f91e4,exclude_manual_not_sonnet,exclude_not_sonnet,"Window is an arbitrary fourteen-line slice of a longer Acerba capitolo, not a bounded sonnet.",,,,,not_standard_sonnet_artifact,excluded_from_sonnet_corpus,not_materialized_exclude_manual_not_sonnet,,,,0,0,0,e3b0c44298fc1c149afbf4c8996fb92427ae41e4649b934ca495991b7852b855
pg77167:char179136-179695,77167,L'Acerba,"Cecco, d'Ascoli",,pending_candidate_level_attribution_audit,origins_through_1800,Project Gutenberg,https://www.gutenberg.org/ebooks/77167,structural_14_line,14,14,Cava li morti de le sepolture [L. c. 50],Se de resuscitar non semo accorti.,179136,179695,c019b1185c2fdfde204be235507403b217ea6a208c72795a4376af2d2eb48bff,73ee3a6ec69f32207a58219ec15a34f12713091756f8894d60c3cde13e36d4f5,exclude_manual_not_sonnet,exclude_not_sonnet,"Window is an arbitrary fourteen-line slice of a longer Acerba capitolo, not a bounded sonnet.",,,,,not_standard_sonnet_artifact,excluded_from_sonnet_corpus,not_materialized_exclude_manual_not_sonnet,,,,0,0,0,e3b0c44298fc1c149afbf4c8996fb92427ae41e4649b934ca495991b7852b855
pg77167:char181432-182003,77167,L'Acerba,"Cecco, d'Ascoli",,pending_candidate_level_attribution_audit,origins_through_1800,Project Gutenberg,https://www.gutenberg.org/ebooks/77167,structural_14_line,14,14,Per terra va castoro con l’animali.,Pensa che de dolcezza pena nasce.,181432,182003,0f1a0d5df56840f460c3983b675683211cf9394ac1d53d66c129edcaabfe09c0,e18bd7c815c239351efc6d76b10741417f48fbc9afd75ec1bab1223cf103052c,exclude_manual_not_sonnet,exclude_not_sonnet,"Window is an arbitrary fourteen-line slice of a longer Acerba capitolo, not a bounded sonnet.",,,,,not_standard_sonnet_artifact,excluded_from_sonnet_corpus,not_materialized_exclude_manual_not_sonnet,,,,0,0,0,e3b0c44298fc1c149afbf4c8996fb92427ae41e4649b934ca495991b7852b855
pg77167:char183247-183833,77167,L'Acerba,"Cecco, d'Ascoli",,pending_candidate_level_attribution_audit,origins_through_1800,Project Gutenberg,https://www.gutenberg.org/ebooks/77167,structural_14_line,14,14,"El cervo in melodia se delecta,[153] [C. c. 48]",Che siano lor vertù qui ben aperte.,183247,183833,47082c87323ddcc3da3823e0df27bd4a02b3f6601305c0ee2ea781a6c6a1752e,6c224d79aa77e518c2a6b3d752f1888b4176d118fe24b80ca02a939d531e3d1b,exclude_manual_not_sonnet,exclude_not_sonnet,"Window is an arbitrary fourteen-line slice of a longer Acerba capitolo, not a bounded sonnet.",,,,,not_standard_sonnet_artifact,excluded_from_sonnet_corpus,not_materialized_exclude_manual_not_sonnet,,,,0,0,0,e3b0c44298fc1c149afbf4c8996fb92427ae41e4649b934ca495991b7852b855
pg77167:char188279-188816,77167,L'Acerba,"Cecco, d'Ascoli",,pending_candidate_level_attribution_audit,origins_through_1800,Project Gutenberg,https://www.gutenberg.org/ebooks/77167,structural_14_line,14,14,"In graziosi raggi de lo sole,",In ciò non aggi la memoria molle.[157],188279,188816,541b9435e02812ee20739382cbef9aba203f041978fd6548abfedfe713a11a83,030fe9949a66558266e30f1b4c8498a06e5369ba4449fec919e62057a99f46e0,exclude_manual_not_sonnet,exclude_not_sonnet,"Window is an arbitrary fourteen-line slice of a longer Acerba capitolo, not a bounded sonnet.",,,,,not_standard_sonnet_artifact,excluded_from_sonnet_corpus,not_materialized_exclude_manual_not_sonnet,,,,0,0,0,e3b0c44298fc1c149afbf4c8996fb92427ae41e4649b934ca495991b7852b855
pg77167:char261316-261893,77167,L'Acerba,"Cecco, d'Ascoli",,pending_candidate_level_attribution_audit,origins_through_1800,Project Gutenberg,https://www.gutenberg.org/ebooks/77167,explicit_sonetti_section,4-4-3-3,14,"Chi solvere non sa nè assottigliare,",Che ’n sulla ’ncudin batte lo martello.,261316,261893,014869b4a3e454b7157f2b2e7e02499e6952324039f73594904c1397f296d6b9,41b510619defd81155caae3056ca16eacc93e3b5ca325bc800a8492bb243555a,eligible_standard_sonnet_pending_processed_build,,,,,,,standard_sonnets,eligible_pending_v7_and_poem_attribution,standard_sonnet_materialized_pending_v7,data/processed/project_gutenberg_resolved_v1/standard_sonnets/part-0001.txt,254484,255011,510,527,14,41b510619defd81155caae3056ca16eacc93e3b5ca325bc800a8492bb243555a
pg77167:char261930-262515,77167,L'Acerba,"Cecco, d'Ascoli",,pending_candidate_level_attribution_audit,origins_through_1800,Project Gutenberg,https://www.gutenberg.org/ebooks/77167,explicit_sonetti_section,4-4-3-3,14,Di ciascheduna mi mostra la guida,Dico se la pietà ciò non rimove.,261930,262515,d939fc9af482fecfc02a8a75222369b8610118b19db7766b84720909e72aea78,5884131cd2d22e6d68afdb88708b31ec6fa7a9f30fbab3c72ecd80ba576c372e,eligible_standard_sonnet_pending_processed_build,,,,,,,standard_sonnets,eligible_pending_v7_and_poem_attribution,standard_sonnet_materialized_pending_v7,data/processed/project_gutenberg_resolved_v1/standard_sonnets/part-0001.txt,255012,255544,518,532,14,5884131cd2d22e6d68afdb88708b31ec6fa7a9f30fbab3c72ecd80ba576c372e
pg77167:char262553-263148,77167,L'Acerba,"Cecco, d'Ascoli",,pending_candidate_level_attribution_audit,origins_through_1800,Project Gutenberg,https://www.gutenberg.org/ebooks/77167,explicit_sonetti_section,4-4-3-3,14,"La ’nvidia a me à dato sì de morso,","Nell’alma, guerra, e, nella bocca, pace.",262553,263148,161518da2c2602842f880da1a0eb727edbd69c221a8f614fc4fdee3e6e93d475,3d7461c751f3baf45382e30c1a7de2a53c7c1b68be809c3070b3ce20ae5d9676,eligible_standard_sonnet_pending_processed_build,,,,,,,standard_sonnets,eligible_pending_v7_and_poem_attribution,standard_sonnet_materialized_pending_v7,data/processed/project_gutenberg_resolved_v1/standard_sonnets/part-0001.txt,255545,256094,528,549,14,3d7461c751f3baf45382e30c1a7de2a53c7c1b68be809c3070b3ce20ae5d9676
pg77167:char263168-263777,77167,L'Acerba,"Cecco, d'Ascoli",,pending_candidate_level_attribution_audit,origins_through_1800,Project Gutenberg,https://www.gutenberg.org/ebooks/77167,explicit_sonetti_section,4-4-3-3,14,"Tu vien da lunge con rima balbatica,",Più chiaro assai che la preta sardonica.,263168,263777,432c9453cc0a1a21a34c9caeabf718b02e3823e569df777d23e5f84c7ddbd00a,f27e50ac1451e892092c083cef9e167e74b58d7ac003eee6249736935b92ed6d,eligible_standard_sonnet_pending_processed_build,,,,,,,standard_sonnets,eligible_pending_v7_and_poem_attribution,standard_sonnet_materialized_pending_v7,data/processed/project_gutenberg_resolved_v1/standard_sonnets/part-0001.txt,256095,256651,542,556,14,f27e50ac1451e892092c083cef9e167e74b58d7ac003eee6249736935b92ed6d
pg77167:char263891-264467,77167,L'Acerba,"Cecco, d'Ascoli",,pending_candidate_level_attribution_audit,origins_through_1800,Project Gutenberg,https://www.gutenberg.org/ebooks/77167,explicit_sonetti_section,4-4-3-3,14,Io solo sono in tempestati fiumi,Avvenga che somigli lui in aspetto.,263891,264467,56ff8b61e014176fb58c21fc32474f803503739bc30048e1552bdb57b0e716d7,44206e98235dc817b3bd3b074b9ab81ef1dd7c974e8a63734c5fc8558f7ecd78,eligible_standard_sonnet_pending_processed_build,,,,,,,standard_sonnets,eligible_pending_v7_and_poem_attribution,standard_sonnet_materialized_pending_v7,data/processed/project_gutenberg_resolved_v1/standard_sonnets/part-0001.txt,256652,257176,509,524,14,44206e98235dc817b3bd3b074b9ab81ef1dd7c974e8a63734c5fc8558f7ecd78
pg77167:char264500-265109,77167,L'Acerba,"Cecco, d'Ascoli",,pending_candidate_level_attribution_audit,origins_through_1800,Project Gutenberg,https://www.gutenberg.org/ebooks/77167,explicit_sonetti_section,4-4-3-3,14,"I’ non so ch’io mi dica, s’io non taccio;",Che per mia pena la produsse il cielo.,264500,265109,c83150866bdd6ae78914e8db197715088892ba3fad7856df61ea07866269144e,458e762e3cf42b58da4a865f76a6ef4bda4c67e145c12333bae7263a7c1a706e,eligible_standard_sonnet_pending_processed_build,,,,,,,standard_sonnets,eligible_pending_v7_and_poem_attribution,standard_sonnet_materialized_pending_v7,data/processed/project_gutenberg_resolved_v1/standard_sonnets/part-0001.txt,257177,257747,542,570,14,458e762e3cf42b58da4a865f76a6ef4bda4c67e145c12333bae7263a7c1a706e
