object_id,title,authors,source_archive,source_url,final_role,cleaning_policy,tei_sha256,artifact_status,shard_path,byte_start,byte_end,cleaned_character_count,cleaned_byte_count,cleaned_sha256
bibit000001,Tragedia di Antigone,"Alamanni, Luigi",Biblioteca Italiana,http://www.bibliotecaitaliana.it/scheda/bibit000001,historical_general,preserve_rendered_tei_text,f8abb8a372e3a485d9dcfeb8c2a15953869bdf6b437a43e323ea2408d2df1453,text_materialized,data/processed/bibit_resolved_v1/historical_general/part-0001.txt,0,65068,64483,65068,2f84d19395a2fa9b74f10168bf6a2406f8cdf486036356c87e298d53dbf58805
bibit000002,Rime,"Alberti, Leon Battista",Biblioteca Italiana,http://www.bibliotecaitaliana.it/scheda/bibit000002,historical_non_sonnet_poetry,strip_editorial_square_delimiters_and_labels,7becd2d354c2c50525234be4cf8c6d4484d5963a99fe8bdff8d1282c800c70da,text_materialized,data/processed/bibit_resolved_v1/historical_non_sonnet_poetry/part-0001.txt,0,40047,39582,40047,5053a23956b1a6b4e5b4712a85e0fc5564c870dd191d8454481d579e45a85bca
bibit000003,Cena familiaris,"Alberti, Leon Battista",Biblioteca Italiana,http://www.bibliotecaitaliana.it/scheda/bibit000003,historical_general,preserve_rendered_tei_text,6ab5f9431bdfa176b89c37cd73cb2cd56ee9491bd062303136c4ba53f2ff5400,text_materialized,data/processed/bibit_resolved_v1/historical_general/part-0001.txt,65069,89652,24016,24583,01bfb4a42ecb027278e2670d3dfd4c683eed4beb255cae24447447c0675a1a76
bibit000005,De pictura [Redazione volgare],"Alberti, Leon Battista",Biblioteca Italiana,http://www.bibliotecaitaliana.it/scheda/bibit000005,historical_general,preserve_rendered_tei_text,2c4a74bc837ad3f50c61696f6a497e3dd9b3a6b76e36b1d1ca29825e1ba43242,text_materialized,data/processed/bibit_resolved_v1/historical_general/part-0001.txt,89653,187265,96849,97612,bc198a0dcc23229cfa7484661c0413bef9e855443baf35d40bc3822538b25c3c
bibit000006,Epistola consolatoria,"Alberti, Leon Battista",Biblioteca Italiana,http://www.bibliotecaitaliana.it/scheda/bibit000006,historical_general,preserve_rendered_tei_text,29ae77318ae014c57b8e19f70225e1557d9cf3165030af6970b196a99428fd65,text_materialized,data/processed/bibit_resolved_v1/historical_general/part-0001.txt,187266,201758,14317,14492,1a8e6969a0c3ac13a106b29165cb0a262f0434408f001ce2da2f689e4e1ba65a
bibit000008,Naufragus,"Alberti, Leon Battista",Biblioteca Italiana,http://www.bibliotecaitaliana.it/scheda/bibit000008,historical_general,preserve_rendered_tei_text,287b1b9dcae0e36ead9b8b3f4a213725217f7e983ab76b9ca1b7307c69094b7d,text_materialized,data/processed/bibit_resolved_v1/historical_general/part-0001.txt,201759,217315,15412,15556,ffa99ff6f7af0100ff0d1a59a78d611806634a7401d4f2508ea6eda519b28579
bibit000009,Sentenze pitagoriche,"Alberti, Leon Battista",Biblioteca Italiana,http://www.bibliotecaitaliana.it/scheda/bibit000009,historical_general,preserve_rendered_tei_text,eefd6bf189ebef9b6f5a17e3b241668a165853d86bba2384e921617883a042ee,text_materialized,data/processed/bibit_resolved_v1/historical_general/part-0001.txt,217316,220422,3080,3106,4a8d96d93ecbd4ac0aa7c3b5a726fa57a1e70820cbc8e6b461ebe75840c9345c
bibit000010,I libri della famiglia,"Alberti, Leon Battista",Biblioteca Italiana,http://www.bibliotecaitaliana.it/scheda/bibit000010,historical_general,preserve_rendered_tei_text,fdabe612e8d2198f06a7c5d5d9e61ef730b19512e225b78850b00690aa888490,text_materialized,data/processed/bibit_resolved_v1/historical_general/part-0001.txt,220423,929955,702142,709532,35415e61d06e44d3c6fb5da2871ad75db2c1dfb890649089af09e69c923c24e6
bibit000012,Vita,"Alfieri, Vittorio",Biblioteca Italiana,http://www.bibliotecaitaliana.it/scheda/bibit000012,historical_general,preserve_rendered_tei_text,1fa5f6c32e79f8e09484e58b25b850c7f849e8a02b9b25404fbbf4aca39bb869,text_materialized,data/processed/bibit_resolved_v1/historical_general/part-0001.txt,929956,1012205,81499,82249,4431bab9c32a7d1982ba80ca7678274b7f832daec8e3ce5b65818c89dcd96718
bibit000013,Antigone,"Alfieri, Vittorio",Biblioteca Italiana,http://www.bibliotecaitaliana.it/scheda/bibit000013,historical_general,preserve_rendered_tei_text,78ce4703e1cbe47cca6f3e47bba5842bc45b7e01ad7382a326f84c4d066269f3,text_materialized,data/processed/bibit_resolved_v1/historical_general/part-0001.txt,1012206,1069538,56595,57332,ee9d4c7b46273114cd330429dbbaaa604f3fa3daae0553cd1295b9a54870c01f
bibit000014,Agide,"Alfieri, Vittorio",Biblioteca Italiana,http://www.bibliotecaitaliana.it/scheda/bibit000014,historical_non_sonnet_poetry,preserve_rendered_tei_text,1da2588e3eae82fb060b23b6bc82010e5836e0190395ad5a52b86f79605891dd,text_materialized,data/processed/bibit_resolved_v1/historical_non_sonnet_poetry/part-0001.txt,40048,102735,62077,62687,4cbe5e8205f8f13d99c44fea90a37c312555957b5fd8cacf37eda965c96c0261
bibit000015,Bruto primo,"Alfieri, Vittorio",Biblioteca Italiana,http://www.bibliotecaitaliana.it/scheda/bibit000015,historical_general,preserve_rendered_tei_text,158f700844f5062473c25582ab9beec624db9848daf2fc307328360ff2e3cb05,text_materialized,data/processed/bibit_resolved_v1/historical_general/part-0001.txt,1069539,1128284,58094,58745,86968d05c5efbdbce049aed69e1c233e48656eafcb7f8e13fca8dcba74ea5e3d
bibit000016,Bruto secondo,"Alfieri, Vittorio",Biblioteca Italiana,http://www.bibliotecaitaliana.it/scheda/bibit000016,historical_general,preserve_rendered_tei_text,c097f538b34f3c6dcc204db8413760be99683a29445692f5aebac1c4443f3afd,text_materialized,data/processed/bibit_resolved_v1/historical_general/part-0001.txt,1128285,1190553,61593,62268,3fb0cd897b1f509c9793f190da7a62eb228f52627dc732f1e384a4e356a4a1ae
bibit000017,Agamennone,"Alfieri, Vittorio",Biblioteca Italiana,http://www.bibliotecaitaliana.it/scheda/bibit000017,historical_general,preserve_rendered_tei_text,3ae22e8da6910b81767b58fb9705ce7d1c62ca0ba461a0b703da7a0535ae16a2,text_materialized,data/processed/bibit_resolved_v1/historical_general/part-0001.txt,1190554,1250537,59371,59983,7813241c57faf154e82210b039ef7b3ca9579cfbd9d8656d185e6b22486bb6ba
bibit000018,De vulgari eloquentia,"Alighieri, Dante",Biblioteca Italiana,http://www.bibliotecaitaliana.it/scheda/bibit000018,historical_general,preserve_rendered_tei_text,8841670222906fa31ec8addaa62258bfa2f8b9f1db5cfefa12f8a243c99a51f9,text_materialized,data/processed/bibit_resolved_v1/historical_general/part-0001.txt,1250538,1331287,80554,80749,f4811c8e701bcae9a7630982dc0fa3789a2c13ba3ec03e216fef9ccc5784cfc1
bibit000019,Commedia,"Alighieri, Dante",Biblioteca Italiana,http://www.bibliotecaitaliana.it/scheda/bibit000019,historical_non_sonnet_poetry,preserve_rendered_tei_text,511d5f93944ab91e4c9bccfc7236aa135456a5a71f7ad6a38ad9deb46b21f9de,text_materialized,data/processed/bibit_resolved_v1/historical_non_sonnet_poetry/part-0001.txt,102736,638852,529428,536116,c7dc08388fa5b8ca9f8c056e75b38de4af961f12b01d63f742cb87c7d14b1ce5
bibit000020,Il dedalione o ver del poeta,"Ammirato, Scipione",Biblioteca Italiana,http://www.bibliotecaitaliana.it/scheda/bibit000020,historical_general,preserve_rendered_tei_text,24566dcbbe00aacd96325e6f9010b9a901ffede43419ad0c7dce3b6aa43b4226,text_materialized,data/processed/bibit_resolved_v1/historical_general/part-0001.txt,1331288,1399979,67941,68691,dcf80db3a06028c09ab402b32c09cfee48335357095d958535aa6a8a8c9c66db
bibit000021,Cronica,Anonimo romano,Biblioteca Italiana,http://www.bibliotecaitaliana.it/scheda/bibit000021,historical_general,strip_editorial_square_delimiters_and_labels,b51408aec2f5b6f6a4c6b5f82896f3a0fb8eaa2967fe3ffb32e9b6d2bb5cea16,text_materialized,data/processed/bibit_resolved_v1/historical_general/part-0001.txt,1399980,1769214,366364,369234,ff0e101aada3124ee5aabddac187f3a28603cce898102059ba691a7ea3a6d3c8
bibit000022,Lettere sull'arte,"Aretino, Pietro",Biblioteca Italiana,http://www.bibliotecaitaliana.it/scheda/bibit000022,historical_general,preserve_rendered_tei_text,b72f18eac305669744b50cab4da40892a7889bf1ff69101ec6575823bf30e439,text_materialized,data/processed/bibit_resolved_v1/historical_general/part-0001.txt,1769215,2900573,1119313,1131358,623c5eae7047c7fb8890cc3f068d6c5569f5839317ea7e4b8c868abfbefbbb85
bibit000023,I suppositi,"Ariosto, Ludovico",Biblioteca Italiana,http://www.bibliotecaitaliana.it/scheda/bibit000023,historical_general,preserve_rendered_tei_text,f173c5b78f72d1464b9a7f381660933e25da02062448f7d18cf921d12cf93e0f,text_materialized,data/processed/bibit_resolved_v1/historical_general/part-0001.txt,2900574,2990399,88924,89825,b5f8446729dce597bbcd29aabc23bd5b73a6840851250c037c02dd16d631068e
bibit000024,Rime,"Ariosto, Ludovico",Biblioteca Italiana,http://www.bibliotecaitaliana.it/scheda/bibit000024,historical_non_sonnet_poetry,preserve_rendered_tei_text,1d8fe022b6df2a35974c6135dbbf7ed1b0c42e9802adffeb6b78229bb97a1ba0,text_materialized,data/processed/bibit_resolved_v1/historical_non_sonnet_poetry/part-0001.txt,638853,746213,106116,107360,5601331537cdd78c46adb7c105dd883bcf1909bb879b3e41f2e9a62bc67075cc
bibit000025,Satire,"Ariosto, Ludovico",Biblioteca Italiana,http://www.bibliotecaitaliana.it/scheda/bibit000025,historical_non_sonnet_poetry,preserve_rendered_tei_text,0c84a0afbbcf9f38f59489ab0d3cb5cfe19520ec9e85c6c1657f1cb7966ce3bc,text_materialized,data/processed/bibit_resolved_v1/historical_non_sonnet_poetry/part-0001.txt,746214,820349,72056,74135,516137a685144bb0c45961e208ee6fb2fa156dd040d50199be94af8cc2e4e6b4
bibit000026,Cinque canti,"Ariosto, Ludovico",Biblioteca Italiana,http://www.bibliotecaitaliana.it/scheda/bibit000026,historical_non_sonnet_poetry,preserve_rendered_tei_text,702cfd7b9be1997ab14e864a3d640c7cfde661f541b1021ba800eefadd1917bc,text_materialized,data/processed/bibit_resolved_v1/historical_non_sonnet_poetry/part-0001.txt,820350,992766,170753,172416,0ffca05a7177765de0f5d1625f7ca8f60804ecf5ef9289790b447ee7e53c14da
bibit000027,Cassaria,"Ariosto, Ludovico",Biblioteca Italiana,http://www.bibliotecaitaliana.it/scheda/bibit000027,historical_general,preserve_rendered_tei_text,7aab3e7974b5463d65f5a871ad6ae6ee423e8aa10bfb225960ffb5963525b82a,text_materialized,data/processed/bibit_resolved_v1/historical_general/part-0001.txt,2990400,3083672,92251,93272,2cf71f135a665f85e03697ea258e7100cc5cb8cb1f6900cb06420faa391296e8
bibit000028,Iscrizioni obituarie della cattedrale,Non definito,Biblioteca Italiana,http://www.bibliotecaitaliana.it/scheda/bibit000028,historical_general,preserve_rendered_tei_text,b2a13a77ee91ab677a884923f7e7a2202fc1ac7b8467ced95d96b058eb168edb,text_materialized,data/processed/bibit_resolved_v1/historical_general/part-0001.txt,3083673,3092575,8854,8902,8434e2fa421e626f50fb826649a719decf8ef1eb2df45b5b8f58d8849bd5f3c0
bibit000030,Novella del grasso legnaiuolo,Non definito,Biblioteca Italiana,http://www.bibliotecaitaliana.it/scheda/bibit000030,historical_general,preserve_rendered_tei_text,1b3b8cd903924e3586358cb05a75fcb3ca3d88b70090cf12976bb59e4b675c2d,text_materialized,data/processed/bibit_resolved_v1/historical_general/part-0001.txt,3092576,3169174,75448,76598,01d4d04f45cc3b61e4cccddd6265e03da17a554a45eb3d5543221786bc29bdfc
bibit000031,Della Eloquenza,"Barbaro, Daniele Matteo Alvise",Biblioteca Italiana,http://www.bibliotecaitaliana.it/scheda/bibit000031,historical_general,preserve_rendered_tei_text,ab7c0ff477a59c441084ea45d2b367ea08fb952b81ec9389fcf4c1164e2f45cb,text_materialized,data/processed/bibit_resolved_v1/historical_general/part-0001.txt,3169175,3400486,228209,231311,0ebdc87c53f44ba80b80532d5891d4ec00e369105202ec956d47a5376a3b3b2c
bibit000032,Dei delitti e delle pene,"Beccaria, Cesare",Biblioteca Italiana,http://www.bibliotecaitaliana.it/scheda/bibit000032,nineteenth_century_bridge,preserve_rendered_tei_text,1d7040328bce5ba89710b0bc6cbb52bc1e5f2050231bd38db7035f3100b3e2a7,text_materialized,data/processed/bibit_resolved_v1/nineteenth_century_bridge/part-0001.txt,0,166031,163322,166031,a22ea0d095aa2ef97203670c7c45c6a54775011de4e5167ac36a036e1b6ac225
bibit000034,Prose della volgar lingua,"Bembo, Pietro",Biblioteca Italiana,http://www.bibliotecaitaliana.it/scheda/bibit000034,historical_general,preserve_rendered_tei_text,d7f6b440529be618cc749920197d96848d3d40d6ebbe51d581360d978cc86275,text_materialized,data/processed/bibit_resolved_v1/historical_general/part-0001.txt,3400487,3776252,371303,375765,8e9694115e0f1c6a66bab089f3a140884db9cd388f5f401ae5f8daaca43583bf
bibit000035,Asolani,"Bembo, Pietro",Biblioteca Italiana,http://www.bibliotecaitaliana.it/scheda/bibit000035,historical_general,preserve_rendered_tei_text,5c436d4d966a0ad355b4a399fc2c8d7b0b34c46e02226e057e0147059945cfa0,text_materialized,data/processed/bibit_resolved_v1/historical_general/part-0001.txt,3776253,4113756,333730,337503,c8821d520d4b5ea98cc0e4ab2c5290602fa2b5316151c66d23b7d140723df680
bibit000036,Poesie politiche e romanze,"Berchet, Giovanni",Biblioteca Italiana,http://www.bibliotecaitaliana.it/scheda/bibit000036,historical_non_sonnet_poetry,preserve_rendered_tei_text,0ee30f23f68b392ab26f4c8d26d65d27e59922972c87232419e879176692e490,text_materialized,data/processed/bibit_resolved_v1/historical_non_sonnet_poetry/part-0001.txt,992767,1101523,106433,108756,1db81bef8e5cdf4f73b7e505592222bb87f625aecb0d883d05f1a3e3935ce815
bibit000037,Breve considerazione intorno al componimento de la comedia de' nostri tempi,"Pino, Bernardino",Biblioteca Italiana,http://www.bibliotecaitaliana.it/scheda/bibit000037,historical_general,preserve_rendered_tei_text,ead98c3bfd714e964e839604e4356791460d65b872797f8e7f8456aac8e067bf,text_materialized,data/processed/bibit_resolved_v1/historical_general/part-0001.txt,4113757,4156147,41752,42390,9203e7fede5c6433b03794d256c83f264fcc51690b23914ade2a2ac8bf6d4a7a
bibit000038,Rime,"Berni, Francesco",Biblioteca Italiana,http://www.bibliotecaitaliana.it/scheda/bibit000038,historical_non_sonnet_poetry,strip_editorial_square_delimiters_and_labels,ff7af7279e4e41fdb847d876db403ac6a685f45028e27f241777b0b43b3506ca,text_materialized,data/processed/bibit_resolved_v1/historical_non_sonnet_poetry/part-0001.txt,1101524,1229432,126493,127908,b37c9c525c9bbd374123c3b645c81cdef61f995d5c2850a3cf792601f7e489ff
bibit000039,Corbaccio,"Boccaccio, Giovanni",Biblioteca Italiana,http://www.bibliotecaitaliana.it/scheda/bibit000039,historical_general,preserve_rendered_tei_text,44874361adeacf25638bf3de53ac4acbb536718fe2f2c5ef2f61e13b8b2033ac,text_materialized,data/processed/bibit_resolved_v1/historical_general/part-0001.txt,4156148,4327478,169428,171330,92ca044c313cb37db38f8b3b3e89ec17af4175616d5dcfdb05186a987c317b54
bibit000040,Rime,"Boccaccio, Giovanni",Biblioteca Italiana,http://www.bibliotecaitaliana.it/scheda/bibit000040,historical_non_sonnet_poetry,preserve_rendered_tei_text,9071b990e776b38942a170b3d3e9e8e0b6025949792fa08e36ef3d5dabb310c8,text_materialized,data/processed/bibit_resolved_v1/historical_non_sonnet_poetry/part-0001.txt,1229433,1274159,44332,44726,fe1d5974c61fc6f3953ea323a29278a11fed522b1a0f5a3ce189f700ccf789ed
bibit000041,Teseida,"Boccaccio, Giovanni",Biblioteca Italiana,http://www.bibliotecaitaliana.it/scheda/bibit000041,historical_non_sonnet_poetry,preserve_rendered_tei_text,b2486845d5c6498434b154fdc52317ac184ca27d1bf197c2487dde2bedd938a1,text_materialized,data/processed/bibit_resolved_v1/historical_non_sonnet_poetry/part-0001.txt,1274160,1642703,364731,368543,2384e9ef565a84ed2a43b3374ea2645159a162e9978ad7fd964c95c62b9f2b8b
bibit000042,Filocolo,"Boccaccio, Giovanni",Biblioteca Italiana,http://www.bibliotecaitaliana.it/scheda/bibit000042,historical_general,strip_editorial_square_delimiters_and_labels,784180a28348b18537eaa31e18f5f28a4ea0468bc3324e25d9f99f8b5c8052d1,text_materialized,data/processed/bibit_resolved_v1/historical_general/part-0001.txt,4327479,5553360,1210068,1225881,c8a58dcd3a1f9cf03b35d3f67397b387ade2db38abc1423d9bc1951026bb22c5
bibit000043,Elegia di Madonna Fiammetta,"Boccaccio, Giovanni",Biblioteca Italiana,http://www.bibliotecaitaliana.it/scheda/bibit000043,historical_general,strip_editorial_square_delimiters_and_labels,45f2dca7368a0a4564581d11a60994b02f211ff4fea8448eaa7bc536991a5543,text_materialized,data/processed/bibit_resolved_v1/historical_general/part-0001.txt,5553361,5890888,333739,337527,dd4d3d9780f47ae17db262e83dcb562882de0c8211c356a3965d1a7e7cd18d91
bibit000044,Caccia di Diana,"Boccaccio, Giovanni",Biblioteca Italiana,http://www.bibliotecaitaliana.it/scheda/bibit000044,historical_non_sonnet_poetry,preserve_rendered_tei_text,a0f645b2657388241c03f0c47472c1ed6587ce67aef84f763d70984915fd7d23,text_materialized,data/processed/bibit_resolved_v1/historical_non_sonnet_poetry/part-0001.txt,1642704,1680997,37900,38293,19e95fc2b0a2dcabab8adbf97c8a5d6b46a080a964378472d41dba56d44dadee
bibit000045,Amorosa visione,"Boccaccio, Giovanni",Biblioteca Italiana,http://www.bibliotecaitaliana.it/scheda/bibit000045,historical_non_sonnet_poetry,preserve_rendered_tei_text,e7c6433eed5ac5c412428a48082b1d52b62ec2d58e550eaef4372956f1736443,text_materialized,data/processed/bibit_resolved_v1/historical_non_sonnet_poetry/part-0001.txt,1680998,1840947,158117,159949,aa7307ebd61d87f8c3bfdd63d664d54da0e518ee63cbb8f0987fa781f3561794
bibit000046,Filostrato,"Boccaccio, Giovanni",Biblioteca Italiana,http://www.bibliotecaitaliana.it/scheda/bibit000046,historical_non_sonnet_poetry,preserve_rendered_tei_text,2bdf30c22c6410afcad1c17661a6557c35cb9fa6f5fb25972d96c80f4a2558ef,text_materialized,data/processed/bibit_resolved_v1/historical_non_sonnet_poetry/part-0001.txt,1840948,2053760,209881,212812,e13df871fae4dc31943e54a00bc714848685591e73933707d95fbb0c9696a7ba
bibit000047,Ninfale fiesolano,"Boccaccio, Giovanni",Biblioteca Italiana,http://www.bibliotecaitaliana.it/scheda/bibit000047,historical_non_sonnet_poetry,preserve_rendered_tei_text,37b5270dea75c61af1f88715678be4bde5045d890962b09dc3ca253187ad5934,text_materialized,data/processed/bibit_resolved_v1/historical_non_sonnet_poetry/part-0001.txt,2053761,2201678,143975,147917,c70b988fc066321af453b03088403ad30653fb39fca13d0574a69fdc841def58
bibit000048,Amorum libri,"Boiardo, Matteo Maria",Biblioteca Italiana,http://www.bibliotecaitaliana.it/scheda/bibit000048,historical_non_sonnet_poetry,preserve_rendered_tei_text,b7635b8d45b1cc6874282b98dd0769b506932cc12a941c21af025c1cd27f6ea8,text_materialized,data/processed/bibit_resolved_v1/historical_non_sonnet_poetry/part-0001.txt,2201679,2251093,48898,49414,d5d436ed7f9849cd33995c878971128d9236f375c444fb7f9bc81a1b2c1e64b1
bibit000049,Orlando innamorato,"Boiardo, Matteo Maria",Biblioteca Italiana,http://www.bibliotecaitaliana.it/scheda/bibit000049,historical_non_sonnet_poetry,preserve_rendered_tei_text,1b986b30ad2f41a76b9d9e1686c18a54dcdcac8e2d04ace7b6475d73695a0d2f,text_materialized,data/processed/bibit_resolved_v1/historical_non_sonnet_poetry/part-0001.txt,2251094,3612861,1349040,1361767,137f65aeb0f5116bd99bb83be6147f46860c5bb219c5d17f3343660eca827d3c
bibit000050,Candelaio,"Bruno, Giordano",Biblioteca Italiana,http://www.bibliotecaitaliana.it/scheda/bibit000050,historical_general,preserve_rendered_tei_text,f9b773c5cfe6de9d250e65a93678146e0fbaea9aa4a69861cd7241a9e15e7821,text_materialized,data/processed/bibit_resolved_v1/historical_general/part-0001.txt,5890889,6109640,213850,218751,f02a39a2bd9ce3befe31194f7beb2335dd7fa38be209cc1f7c6fda67cb16cd2a
bibit000051,Prologhi,"Tasso, Torquato",Biblioteca Italiana,http://www.bibliotecaitaliana.it/scheda/bibit000051,historical_general,preserve_rendered_tei_text,bc547fd3be8bcbbf97692e6b3469ee8206b8f2cdc131f906c0f18f169b6b08c8,text_materialized,data/processed/bibit_resolved_v1/historical_general/part-0001.txt,6109641,6121413,11660,11772,ca7fe86a9381c907ff9f1ad282de4775d2f844da4273933140d9578bef3e0d71
bibit000052,Caio Gracco,"Monti, Vincenzo",Biblioteca Italiana,http://www.bibliotecaitaliana.it/scheda/bibit000052,historical_general,preserve_rendered_tei_text,880b0eb8d1d05e77adeec8072e98b602512ffd78662e8c3872fff47982b3941f,text_materialized,data/processed/bibit_resolved_v1/historical_general/part-0001.txt,6121414,6208176,86108,86762,0671576fd850bf92dcee1941c044c21dcf6a9f3e7ad5a4a02fa881044eaa72af
bibit000053,Poesie,"Corsellini, Pietro (detto Canterino)",Biblioteca Italiana,http://www.bibliotecaitaliana.it/scheda/bibit000053,historical_non_sonnet_poetry,preserve_rendered_tei_text,537a4635c364f959042967883e6b0bcf84304460bdee45ec21355d129cc7d3b1,text_materialized,data/processed/bibit_resolved_v1/historical_non_sonnet_poetry/part-0001.txt,3612862,3616492,3583,3630,fc5bcf5dc78080d9c1fe37be24b1ddfd3d7fabe380a5ad818a647fe75de0746d
bibit000055,Novellino,Non definito,Biblioteca Italiana,http://www.bibliotecaitaliana.it/scheda/bibit000055,historical_general,preserve_rendered_tei_text,0093e6752b81c62a1b0ce5bfd6d570e6f7ffd78c92ad3e20c091da18b45dfae5,text_materialized,data/processed/bibit_resolved_v1/historical_general/part-0001.txt,6208177,6357132,146361,148955,761b0f4189dab1a82ecc727b63a6d9e573fa4de3cda63b5baa198cf6c4f57ca8
bibit000056,Relazione di Marino Cavalli (1551),"Cavalli, Marino",Biblioteca Italiana,http://www.bibliotecaitaliana.it/scheda/bibit000056,historical_general,preserve_rendered_tei_text,eb8549e3a353211d9f8e624586053359312356dfe335a0fb1469b7a20dd5ec45,text_materialized,data/processed/bibit_resolved_v1/historical_general/part-0001.txt,6357133,6403632,46091,46499,cb26a2a3270d175ec9db596e95908f8f9901f0a16e66c4b6d93fdb2020465e76
bibit000057,Re Torrismondo,"Tasso, Torquato",Biblioteca Italiana,http://www.bibliotecaitaliana.it/scheda/bibit000057,historical_general,strip_editorial_square_delimiters_and_labels,8326adb8f2e95164df3d67015dfc1e405dd3a6662d6ca3796942eec2087c3226,text_materialized,data/processed/bibit_resolved_v1/historical_general/part-0001.txt,6403633,6533697,128960,130064,cf2db19062fd52a08f4884255c285f74d0849e222e218d733a9f73a86711ba01
bibit000058,Operette morali d'Isocrate,"Leopardi, Giacomo",Biblioteca Italiana,http://www.bibliotecaitaliana.it/scheda/bibit000058,nineteenth_century_bridge,preserve_rendered_tei_text,45e81d7a40ddc75b0d7ee5b43fac5f4ffdf97d4ea731864b9c537ff13b61859e,text_materialized,data/processed/bibit_resolved_v1/nineteenth_century_bridge/part-0001.txt,166032,294826,127588,128794,f9f97074302ce48579fff2d6150f32af90bb05ab363f609e16160b9213d78f42
bibit000059,Polissena,"Carmignani, Giovanni",Biblioteca Italiana,http://www.bibliotecaitaliana.it/scheda/bibit000059,historical_general,preserve_rendered_tei_text,96e7d06f291489c55d60313e8b8d5029f3bfb75b710d3dd572981597931c084b,text_materialized,data/processed/bibit_resolved_v1/historical_general/part-0001.txt,6533698,6620820,85700,87122,83a9616ec77c56b8b49d36e1f47ef396f89cec4cce68990898b50c43fb5b06bb
bibit000060,Discorsi sopra gli uomini illustri di Plutarco,"Foscolo, Ugo",Biblioteca Italiana,http://www.bibliotecaitaliana.it/scheda/bibit000060,nineteenth_century_bridge,preserve_rendered_tei_text,7376322417324eec0987e368edb99b9070b7cc902c9b597622614b1587754bef,text_materialized,data/processed/bibit_resolved_v1/nineteenth_century_bridge/part-0001.txt,294827,296641,1789,1814,c1241095bea2a7cfd3bdcfb585c1d49f925da54cc4cda04edb14aa05f15f7afc
bibit000062,Così fan tutte,"Da Ponte, Lorenzo",Biblioteca Italiana,http://www.bibliotecaitaliana.it/scheda/bibit000062,historical_general,preserve_rendered_tei_text,6dacf4c2625fb4acfd1ceda3610097ba9e4d49b72335911126b404d947140b71,text_materialized,data/processed/bibit_resolved_v1/historical_general/part-0001.txt,6620821,6686478,64282,65657,9a424d94ee49026eeaf9e5b7580cf98ab3dc0293ceb8f97ac66e54f6329b58cf
bibit000064,Studii di bibliografia analitica,"Manzoni, Giacomo",Biblioteca Italiana,http://www.bibliotecaitaliana.it/scheda/bibit000064,nineteenth_century_bridge,preserve_rendered_tei_text,2e3fee0f4109a9f81eba06b225fe56335db60cbde54aefddd2550afa0ce196ea,text_materialized,data/processed/bibit_resolved_v1/nineteenth_century_bridge/part-0001.txt,296642,350460,53509,53818,0696c1ee58de6e87ee0d6489e6cdbeda7836c439cdd029afcf80e103622b481d
bibit000065,Rime,"Di Tarsia, Galeazzo",Biblioteca Italiana,http://www.bibliotecaitaliana.it/scheda/bibit000065,historical_non_sonnet_poetry,preserve_rendered_tei_text,3ea023f1202cfd98c3e7fcb6c40cf04dc47bf4d8c6f19a7bc3a7446b86104108,text_materialized,data/processed/bibit_resolved_v1/historical_non_sonnet_poetry/part-0001.txt,3616493,3629010,12405,12517,aa08a0aa733557d70a16c0b164f54d33e60a73896fa80455f004ab421bf1111b
bibit000066,Notizie istoriche e geografiche sulla città e chiesa arcivescovile di Damiata,"Leopardi, Giacomo",Biblioteca Italiana,http://www.bibliotecaitaliana.it/scheda/bibit000066,nineteenth_century_bridge,preserve_rendered_tei_text,985dd719f1bd9b05084e8734e0374c5c94dab01bbd3ffc6249eae19f41df508d,text_materialized,data/processed/bibit_resolved_v1/nineteenth_century_bridge/part-0001.txt,350461,359855,9309,9394,d3a26d86a0cf96d4887a42406890c3df0a0efd468c0e403ebeddfb5f3aedb2a3
bibit000067,Carteggio,"Giraldi Cinzio, Giambattista",Biblioteca Italiana,http://www.bibliotecaitaliana.it/scheda/bibit000067,historical_general,strip_editorial_square_delimiters_and_labels,95748b3963a8fa9150c881e162e33cfbd90d5252b9001bf9861a3a83572bcd57,text_materialized,data/processed/bibit_resolved_v1/historical_general/part-0001.txt,6686479,7324968,634489,638489,4b9f77252293e3e5aa75fc96511fc9766597d15b7b84634968513665d632287a
bibit000068,Rime,"Firenzuola, Agnolo",Biblioteca Italiana,http://www.bibliotecaitaliana.it/scheda/bibit000068,historical_non_sonnet_poetry,preserve_rendered_tei_text,a8df67cdb37d99aa2103a8eed31eb7f7b4e77525edf9f5acab7a019fdbda987a,text_materialized,data/processed/bibit_resolved_v1/historical_non_sonnet_poetry/part-0001.txt,3629011,3855155,223935,226144,e0992dd757be3e0be345efac6346abeb8725d5b011b100e6f8bf3636f339899b
bibit000069,Rocta facta per Duca die ferrara ala bastia,Non definito,Biblioteca Italiana,http://www.bibliotecaitaliana.it/scheda/bibit000069,historical_non_sonnet_poetry,preserve_rendered_tei_text,c8c955bad3f72b862d3f8f49653a4a83b0f7682e9640f099c58e65a2d23af54d,text_materialized,data/processed/bibit_resolved_v1/historical_non_sonnet_poetry/part-0001.txt,3855156,3873356,18094,18200,04b64ddbe6eb7a946803bd3d77e83fa86a372c3e0e53c89e9ab4b229c5ac66a3
bibit000070,Endimione,"Guidi, Alessandro",Biblioteca Italiana,http://www.bibliotecaitaliana.it/scheda/bibit000070,historical_general,preserve_rendered_tei_text,23e18558259719fdf3da84847b9aff4bc2c76a03084dd471876dd8824ae60750,text_materialized,data/processed/bibit_resolved_v1/historical_general/part-0001.txt,7324969,7360648,35420,35679,cce2b958d3d8f67136d5a58edf6eb8e8b9acc4ce8a519b08f27c1345d1a33bb5
bibit000072,Frammenti autobiografici,"Leopardi, Giacomo",Biblioteca Italiana,http://www.bibliotecaitaliana.it/scheda/bibit000072,nineteenth_century_bridge,preserve_rendered_tei_text,f0cbead6886d1989de55397bb6297e4d699f6ec7429755e55e9d1e8709df26b8,text_materialized,data/processed/bibit_resolved_v1/nineteenth_century_bridge/part-0001.txt,359856,390126,29912,30270,b03c392309fcf6b2265f63048f65641f84bd2ef511e35c05bd488176a59fa1e6
bibit000073,Relazione d'Austria,"Soranzo, Giacomo",Biblioteca Italiana,http://www.bibliotecaitaliana.it/scheda/bibit000073,historical_general,preserve_rendered_tei_text,9cfa99fb3ac557dec3ca27d39f98d0d28754d295682e1f8618228ed3ea48b913,text_materialized,data/processed/bibit_resolved_v1/historical_general/part-0001.txt,7360649,7469842,108074,109193,878e894f12da12ad8c73eb2d21af43bc69ef594281f35f54f1194cfee5486a12
bibit000076,Relazione di Francia,"Grimani, Alvise",Biblioteca Italiana,http://www.bibliotecaitaliana.it/scheda/bibit000076,historical_general,preserve_rendered_tei_text,9fad37dc8d95f8c9c940defbf98c4f6d7787088e19672e73db37778e506974a6,text_materialized,data/processed/bibit_resolved_v1/historical_general/part-0001.txt,7469843,7573431,102625,103588,7171a9c30f1e79536cde9b265de541b85a874c18a3892f213fcd3008910baf5c
bibit000077,Orazioni,"Tasso, Torquato",Biblioteca Italiana,http://www.bibliotecaitaliana.it/scheda/bibit000077,historical_general,preserve_rendered_tei_text,30ee33ef7b8b32f417eaa6541c9f3d9f4256ed57cb6cf9583d3cb8bdcc1f7130,text_materialized,data/processed/bibit_resolved_v1/historical_general/part-0001.txt,7573432,7669136,93024,95704,0e70a9779c4c5010f3f7406f2776d4e2b44ddcd6969f7c66a6b2acd8b06b1eff
bibit000079,La rappresentazione di Moisè e Faraone re d'Egitto,Non definito,Biblioteca Italiana,http://www.bibliotecaitaliana.it/scheda/bibit000079,historical_general,preserve_rendered_tei_text,6a5ef20508514863ad73a7fef3137499ffb3e833e4b54a2e8755c38582104cc4,text_materialized,data/processed/bibit_resolved_v1/historical_general/part-0001.txt,7669137,7688187,18863,19050,66d90481f66b9946fc1b05470afdc0f0b24acc06e75add01755355c5b5fa8075
bibit000080,Le avventure di Saffo,"Verri, Alessandro",Biblioteca Italiana,http://www.bibliotecaitaliana.it/scheda/bibit000080,historical_general,preserve_rendered_tei_text,c9817163029de9c0b6d12e785285288aa1451ad5f91bcfbb63864347dc764031,text_materialized,data/processed/bibit_resolved_v1/historical_general/part-0001.txt,7688188,7958515,267027,270327,cc9aef09d675e72503b12011e6db8525ec52be8cfff46549822e059b197da1b2
bibit000081,Alcuni documenti che testimoniano i rapporti tra Pisa e l'Oriente tra la fine del XIII e l'inizio del XIV secolo,Non definito,Biblioteca Italiana,http://www.bibliotecaitaliana.it/scheda/bibit000081,historical_general,preserve_rendered_tei_text,28392ef2762fafaa8a3ea8e96b80222431b6c1c2fb7eb3b2fb5bb6367ef4cf7e,text_materialized,data/processed/bibit_resolved_v1/historical_general/part-0001.txt,7958516,7985456,26929,26940,c4f90d0b1b3d3252164cab2b1404df72e477bfb23adef714d85847cfb3b537eb
bibit000082,Poesie,"Petroni, Ludovico",Biblioteca Italiana,http://www.bibliotecaitaliana.it/scheda/bibit000082,historical_non_sonnet_poetry,preserve_rendered_tei_text,481f5220590611856ec9f3dd3738ae4b0ec7e5369520f80b2584800a12140474,text_materialized,data/processed/bibit_resolved_v1/historical_non_sonnet_poetry/part-0001.txt,3873357,3873415,58,58,8ad5e4c8521003b1289a6d12f7bac7ac72752382de065fe43fcdfb5d046584f8
bibit000083,Poesie,"Martini, Giovanni",Biblioteca Italiana,http://www.bibliotecaitaliana.it/scheda/bibit000083,historical_non_sonnet_poetry,preserve_rendered_tei_text,302616d070504b83cd045583d2d50e20382bc2cdc9e108afad935e479b2be7fb,text_materialized,data/processed/bibit_resolved_v1/historical_non_sonnet_poetry/part-0001.txt,3873416,3877501,4042,4085,a1a4cd3b6ed80b95e679373bac54c66f0fa883dec38aa893afae3ceff8458fd2
bibit000084,Rime,"Pignatelli, Ascanio",Biblioteca Italiana,http://www.bibliotecaitaliana.it/scheda/bibit000084,historical_non_sonnet_poetry,preserve_rendered_tei_text,e4f7aedc30f88179a5b665ec75dd241c4102c0685a5939852700a5bdcfaca8d2,text_materialized,data/processed/bibit_resolved_v1/historical_non_sonnet_poetry/part-0001.txt,3877502,3893121,15515,15619,80ce64aecb33cb0b3fd01457dda7cbeaf6b42bfbb5175aaf2079447a0b4ec601
bibit000085,Relazione di Francia di Alvise Mocenigo,Non definito,Biblioteca Italiana,http://www.bibliotecaitaliana.it/scheda/bibit000085,historical_general,preserve_rendered_tei_text,795beec5c3340c24d0f9b0b480fcbe09fc464eeb86444fc9b1d6fa2f1ecf70c5,text_materialized,data/processed/bibit_resolved_v1/historical_general/part-0001.txt,7985457,8027441,41694,41984,ce11a1a9cac8657c241c314f697d60d71ea7b85779487bbedaf43202dee8bcd8
bibit000086,Discorso sopra la Batracomiomachia,"Leopardi, Giacomo",Biblioteca Italiana,http://www.bibliotecaitaliana.it/scheda/bibit000086,nineteenth_century_bridge,preserve_rendered_tei_text,8a954ba694ab4efc3cc185fb2cba3774c6814501a8a590b4f7ff1e7736ead931,text_materialized,data/processed/bibit_resolved_v1/nineteenth_century_bridge/part-0001.txt,390127,417188,26721,27061,92e89e6f6615652ea3ec760fbffdec5fcedd89af64e7eedd21e6a7f99fb369c3
bibit000088,Saggio sopra gli errori popolari degli antichi,"Leopardi, Giacomo",Biblioteca Italiana,http://www.bibliotecaitaliana.it/scheda/bibit000088,nineteenth_century_bridge,preserve_rendered_tei_text,d5c07468947e70694331ead3a328f57a1f17a2d4e839cc1ff1a12470531a8f1c,text_materialized,data/processed/bibit_resolved_v1/nineteenth_century_bridge/part-0001.txt,417189,752155,331921,334966,1c4ec5528a0a7ad5327efcf7480e768e40e1eb3932917fdb816c497ebe247b59
bibit000089,La città felice,"Patrizi, Francesco",Biblioteca Italiana,http://www.bibliotecaitaliana.it/scheda/bibit000089,historical_general,preserve_rendered_tei_text,1d0b59166cf679a3d9f4081a8c88226d252e0907ee1535a178b2a29bbf8cd5b2,text_materialized,data/processed/bibit_resolved_v1/historical_general/part-0001.txt,8027442,8074355,46426,46913,cd28afe64e28d07c05ffff4446b8dd8963574535a9971de0105144c38dfb44dd
bibit000092,Vita dei campi,"Verga, Giovanni",Biblioteca Italiana,http://www.bibliotecaitaliana.it/scheda/bibit000092,nineteenth_century_bridge,preserve_rendered_tei_text,99098ac023269852dc3eaa694f94d35acd4c0252daba394e4a4f0a59de57cb2f,text_materialized,data/processed/bibit_resolved_v1/nineteenth_century_bridge/part-0001.txt,752156,927482,174121,175326,e11189e84f4f75db78e205a00b3531ea84b1281e1a789155c7126560df68be88
bibit000094,Expositione sopra l'«Inferno» di Dante Alligieri,"Maramauro, Guglielmo",Biblioteca Italiana,http://www.bibliotecaitaliana.it/scheda/bibit000094,historical_general,strip_editorial_square_delimiters_and_labels,428a936a8f07238016c6e7141ab971087b57c52b2c34e2020004297122762b71,text_materialized,data/processed/bibit_resolved_v1/historical_general/part-0001.txt,8074356,8715422,631459,641066,3c1f1c93387ef92417354efee8f650527af02c7537b9cda800433127b6e64caf
bibit000095,Relazione di Spagna (1559),"Suriano, Michele",Biblioteca Italiana,http://www.bibliotecaitaliana.it/scheda/bibit000095,historical_general,preserve_rendered_tei_text,85c1abfa9a5af3dff6773c312a904ed35628c89b2ff74dde26edc7c7a36bb3a1,text_materialized,data/processed/bibit_resolved_v1/historical_general/part-0001.txt,8715423,8822107,105439,106684,ff639a115dcc5b6df9d9d9c2702c4b9d341a45dcc5c6cd1495c742299aeb477d
bibit000096,Dialogo del reggimento di Firenze,"Guicciardini, Francesco",Biblioteca Italiana,http://www.bibliotecaitaliana.it/scheda/bibit000096,historical_general,preserve_rendered_tei_text,e42b628a29658c3674cf89a5bac9660a01a43882d3e601458193229755dc010d,text_materialized,data/processed/bibit_resolved_v1/historical_general/part-0001.txt,8822108,9177428,350885,355320,e3f76f380f69162c7b3c52f487d6120d235b6f52ec286ff4ab37038920509666
bibit000098,Epistolario,"Leopardi, Giacomo",Biblioteca Italiana,http://www.bibliotecaitaliana.it/scheda/bibit000098,nineteenth_century_bridge,strip_editorial_square_delimiters_and_labels,0295a2075cb77c1054e5d73e0f6faa6d45c6ea18416664512a84ef34f4816739,text_materialized,data/processed/bibit_resolved_v1/nineteenth_century_bridge/part-0001.txt,927483,5046956,4081214,4119473,717d493ddc4a6cd6eec7d937970924e2b13dab0e7018ab9962c5469012a6e352
bibit000099,Rime,"Tasso, Torquato",Biblioteca Italiana,http://www.bibliotecaitaliana.it/scheda/bibit000099,historical_non_sonnet_poetry,preserve_rendered_tei_text,d5eea9a4215e10efa2cfb20b79dd081be2e79e43065f552d93b8a083034447ce,text_materialized,data/processed/bibit_resolved_v1/historical_non_sonnet_poetry/part-0001.txt,3893122,4335610,438847,442488,7b28240622f8cc9c62215352c881a75a99126d9752949d501a6c1ebb5c820bf0
bibit000100,Gride fatte pubblicare da Lodovico Ariosto ducale commissario generale in Garfagnana,"Ariosto, Ludovico",Biblioteca Italiana,http://www.bibliotecaitaliana.it/scheda/bibit000100,historical_general,preserve_rendered_tei_text,7df8d401f5557cd02151dd3662a5c8f1f4f1c79b71ac1275df5bae426ee1f30e,text_materialized,data/processed/bibit_resolved_v1/historical_general/part-0001.txt,9177429,9179303,1836,1874,2085f71433d4e2dea25180f7a47bb2ca89e1f95ad3244c26172ae1c09a909f9d
bibit000101,Trattatello in laude di Dante,"Boccaccio, Giovanni",Biblioteca Italiana,http://www.bibliotecaitaliana.it/scheda/bibit000101,historical_general,preserve_rendered_tei_text,748f0d98843c91fcd566f63b6b0c2ebeaa623ef2eb8041c352400a266159f8b2,text_materialized,data/processed/bibit_resolved_v1/historical_general/part-0001.txt,9179304,9302021,121523,122717,6ede91f7056f78998586f1072d4ed65315c3c7b3cf03cb1d813830d31787cb7a
bibit000102,Alcune poesie di Ripano Eupilino,"Parini, Giuseppe",Biblioteca Italiana,http://www.bibliotecaitaliana.it/scheda/bibit000102,historical_non_sonnet_poetry,preserve_rendered_tei_text,e769785ad5a445cc72723d10e304d9a776a07f0c3c22f2a22b5d1a61999466ab,text_materialized,data/processed/bibit_resolved_v1/historical_non_sonnet_poetry/part-0001.txt,4335611,4389312,53190,53701,f94fedc81d36663f4fb8f04ed51a2f8da01613761068093ef9adbb96cd206d17
bibit000104,Manifesti e annuncio bibliografico di un'edizione delle opere di Cicerone,"Leopardi, Giacomo",Biblioteca Italiana,http://www.bibliotecaitaliana.it/scheda/bibit000104,nineteenth_century_bridge,preserve_rendered_tei_text,c865230ee58b2109bb657eaa82fac15881efa6ae8a6d79a965dc58ce7f7a2eba,text_materialized,data/processed/bibit_resolved_v1/nineteenth_century_bridge/part-0001.txt,5046957,5063051,16004,16094,c3c34e289f4909f0c41861e723f8049ea32b11b91b55e1a2645b983273e22576
bibit000105,Scritti vari,"Leopardi, Giacomo",Biblioteca Italiana,http://www.bibliotecaitaliana.it/scheda/bibit000105,nineteenth_century_bridge,preserve_rendered_tei_text,7dcda3b1b1e2edb23e93d7bf011f55f64f5ec6f5ad8909eeb367db198b874d3f,text_materialized,data/processed/bibit_resolved_v1/nineteenth_century_bridge/part-0001.txt,5063052,5078090,14923,15038,d7920538efa0a7586b62be01c8cec4274e7b1b4bbca72891ddb60d83f923e6cf
bibit000107,Descrizione di Pisa fatta da Vincenzo Pitti l'anno 1616,"Pitti, Vincenzo",Biblioteca Italiana,http://www.bibliotecaitaliana.it/scheda/bibit000107,historical_general,preserve_rendered_tei_text,e36d8e9a10c82d221fc40732cab0be18d3f4d20fb6f04ad622f4e9de3d2c35a4,text_materialized,data/processed/bibit_resolved_v1/historical_general/part-0001.txt,9302022,9356923,54558,54901,a3e7360ec14b2320a029d901f11f6c8a6c78a7321fb4a5222f5e317d183c6869
bibit000111,Alcuni documenti relativi ai rapporti economici tra la Sardegna e Pisa nel Medioevo,Non definito,Biblioteca Italiana,http://www.bibliotecaitaliana.it/scheda/bibit000111,historical_general,preserve_rendered_tei_text,ba326701936222e2cd0bdac2e9da335021590e1c00769198f33e20f4c9325067,text_materialized,data/processed/bibit_resolved_v1/historical_general/part-0001.txt,9356924,9419615,62660,62691,7719d7fefc4145b63cf54c67cfd1414ea54d6aac087a399a636ae966f8423963
bibit000113,Volgarizzamento del De viribus herbarum di Macer Floridus,Non definito,Biblioteca Italiana,http://www.bibliotecaitaliana.it/scheda/bibit000113,historical_general,preserve_rendered_tei_text,eebd24626ba389be1038d5ca4e1edbce38cba8e906ec7becdd6cbaeabd20c88f,text_materialized,data/processed/bibit_resolved_v1/historical_general/part-0001.txt,9419616,9557624,135267,138008,b40ffb4cb08ba72d71224127865b8c70ed7247676f9f7884f7bab8e56f8eddb7
bibit000114,La palingenesi politica,"Monti, Vincenzo",Biblioteca Italiana,http://www.bibliotecaitaliana.it/scheda/bibit000114,nineteenth_century_bridge,preserve_rendered_tei_text,c99814ee96f6e64af48a5dccb85a0fb656fbb3e4da4faa0bca0c18bf1311089d,text_materialized,data/processed/bibit_resolved_v1/nineteenth_century_bridge/part-0001.txt,5078091,5096776,18521,18685,27d5258169cbfff0eec544ca978ff6ea80c0ac32077204be10da43516b78699e
bibit000116,Il Costante overo de la Clemenza,"Tasso, Torquato",Biblioteca Italiana,http://www.bibliotecaitaliana.it/scheda/bibit000116,historical_general,preserve_rendered_tei_text,fc8f8711597af613e0546bc86c974c1df79343eafe7bf45e21f6e17fc9002fbc,text_materialized,data/processed/bibit_resolved_v1/historical_general/part-0001.txt,9557625,9602231,44060,44606,b9265f370872420ffa23e3bdee25c1227a80a2186f716142c00625a731a68627
bibit000118,Crestomazia italiana (Poesia),"Leopardi, Giacomo",Biblioteca Italiana,http://www.bibliotecaitaliana.it/scheda/bibit000118,nineteenth_century_bridge,preserve_rendered_tei_text,2a8a3051f1111fc3fb978a53de8c5af0b8d1fee20fea10bc85dd1b0a669051a9,text_materialized,data/processed/bibit_resolved_v1/nineteenth_century_bridge/part-0001.txt,5096777,5662606,561231,565829,21178049f009d4d51396ba504253293b136fc72b574d5e67f7954a730f1afced
bibit000119,Cabala del cavallo pegaseo,"Bruno, Giordano",Biblioteca Italiana,http://www.bibliotecaitaliana.it/scheda/bibit000119,historical_general,preserve_rendered_tei_text,1ec2668dc737e22064a21c0cdaace36306593376d417f6e5a392d0b3928f2ed4,text_materialized,data/processed/bibit_resolved_v1/historical_general/part-0001.txt,9602232,9717893,113983,115661,880f57e13c2d9a29b5c8716a0ce25dc90f2a2f12ecc15023ee8e0d360736d302
bibit000120,Relatione de S. Alvise Contarini Kr. (1650),"Contarini, Alvise",Biblioteca Italiana,http://www.bibliotecaitaliana.it/scheda/bibit000120,historical_general,preserve_rendered_tei_text,88904c28d37880a147741768ac90fe8be8084c005bc6fe2d91967c67b62a3a3b,text_materialized,data/processed/bibit_resolved_v1/historical_general/part-0001.txt,9717894,9901182,182061,183288,b1778c5419bb03f5b069aa83634697bf3425211b02c203878cda438c07194f70
bibit000121,Poesie,"Rossi, Roberto de'",Biblioteca Italiana,http://www.bibliotecaitaliana.it/scheda/bibit000121,historical_non_sonnet_poetry,preserve_rendered_tei_text,6b050e68a0be2d271effd6245ecba78dbd13da3a2dcc6116d5f89390fdac9d87,text_materialized,data/processed/bibit_resolved_v1/historical_non_sonnet_poetry/part-0001.txt,4389313,4389417,104,104,acf31c61726de52a1861e98a35aafee5dd57693cd3ab235dc479712907cc84ae
bibit000122,Poesie di Ossian,"Cesarotti, Melchiorre",Biblioteca Italiana,http://www.bibliotecaitaliana.it/scheda/bibit000122,historical_non_sonnet_poetry,preserve_rendered_tei_text,21df05db2403190bc6ebb7eed0b22e82d8d292fdd2b2d6f24bea698dbdc0a6b2,text_materialized,data/processed/bibit_resolved_v1/historical_non_sonnet_poetry/part-0001.txt,4389418,4966799,573708,577381,2eefe5978880eb2288e768bb7dd4ce52049e2486147bfb74905773efd365e3d6
bibit000123,Una vita,"Svevo, Italo",Biblioteca Italiana,http://www.bibliotecaitaliana.it/scheda/bibit000123,nineteenth_century_bridge,preserve_rendered_tei_text,51ec31b5120e766a350ff04f13f300e11f03e7647d08729935866f5af6dd8538,text_materialized,data/processed/bibit_resolved_v1/nineteenth_century_bridge/part-0001.txt,5662607,6376052,701828,713445,d6e76cb2b9aeba18359b9ef19fe92896414e88e17d34d0dd4114441a020dd1eb
bibit000124,Timone,"Boiardo, Matteo Maria",Biblioteca Italiana,http://www.bibliotecaitaliana.it/scheda/bibit000124,historical_general,preserve_rendered_tei_text,adddebfa551083f0725ef4fc514b0f0ea8e795aa1e421e787a4d13bd1d9cfa9d,text_materialized,data/processed/bibit_resolved_v1/historical_general/part-0001.txt,9901183,9978306,76257,77123,c63ee4bb9d8950e5992825cea6a5ecfc60ed367150cbcacc2e32a72535a0525c
bibit000126,Genealogia della Serenissima casa Gonzaga,"Tasso, Torquato",Biblioteca Italiana,http://www.bibliotecaitaliana.it/scheda/bibit000126,historical_non_sonnet_poetry,preserve_rendered_tei_text,f5ced710cc91726c07677b1c19b9f30fe73412ee194c848a2bd9ed17e0582941,text_materialized,data/processed/bibit_resolved_v1/historical_non_sonnet_poetry/part-0001.txt,4966800,5005287,38156,38487,c295995fceab109fbfa4a390789256a59a41bbd7e0a75e3a25713093abd98296
bibit000127,Cleopatra e Marc'Antonio Tragedia,Non definito,Biblioteca Italiana,http://www.bibliotecaitaliana.it/scheda/bibit000127,historical_general,strip_editorial_square_delimiters_and_labels,99638f727f6f841fa757430772b5b9153b861d04319e623fbef98404a36280d6,text_materialized,data/processed/bibit_resolved_v1/historical_general/part-0001.txt,9978307,10111418,131798,133111,599528061ea1d0c267c86a4b607e78dd54cf2e6234a2efd3af63caebdcc9866e
bibit000128,Tre lezioni sulla poetica,"Neroni, Baccio",Biblioteca Italiana,http://www.bibliotecaitaliana.it/scheda/bibit000128,historical_general,preserve_rendered_tei_text,185e79084d420a3f88b471a0734e6c2ad9d05bc98331db0a6bc6c6a42b9b5628,text_materialized,data/processed/bibit_resolved_v1/historical_general/part-0001.txt,10111419,10141663,29903,30244,5540df035783968ad014f6afae4390c76d106b9769a84db0f605a40d02b3019a
bibit000129,Rime,"Buonarroti, Michelangelo",Biblioteca Italiana,http://www.bibliotecaitaliana.it/scheda/bibit000129,historical_non_sonnet_poetry,preserve_rendered_tei_text,5e299128dbaeb139846e9f089c729aa3e7aa15081aac8e6b35cf717a4ecaa532,text_materialized,data/processed/bibit_resolved_v1/historical_non_sonnet_poetry/part-0001.txt,5005288,5093569,87283,88281,6298f33801d7af8763f534d1902f3e26e45e2338804384e77ff5f79f0aca0bbc
bibit000130,Della vera poetica,"Capriano, Giovan Pietro",Biblioteca Italiana,http://www.bibliotecaitaliana.it/scheda/bibit000130,historical_general,preserve_rendered_tei_text,f965ce2555fb168f2e4e7508d2f2f91af34749407be1c12919bf76d5ccf2a138,text_materialized,data/processed/bibit_resolved_v1/historical_general/part-0001.txt,10141664,10229596,87163,87932,c4d5160a5842283621bad3fa43945ff37a17935181d7d9ca9e79a20b25b8c580
bibit000131,Odi barbare,"Carducci, Giosue",Biblioteca Italiana,http://www.bibliotecaitaliana.it/scheda/bibit000131,nineteenth_century_bridge,preserve_rendered_tei_text,41d96c1de07fa670b8be9d98b2509f1e277b017520c76c54274f7fac69a735e3,text_materialized,data/processed/bibit_resolved_v1/nineteenth_century_bridge/part-0001.txt,6376053,6453390,76876,77337,398c22ef5d035e09b0942a3ecdbc180a6fbc76335d57ab6722c0b90ceb6d08f5
bibit000132,Giambi ed Epodi,"Carducci, Giosue",Biblioteca Italiana,http://www.bibliotecaitaliana.it/scheda/bibit000132,nineteenth_century_bridge,preserve_rendered_tei_text,f71d38787c32e4c55e567cc98f7557416a1f9c0d289f133bba820e23e591987a,text_materialized,data/processed/bibit_resolved_v1/nineteenth_century_bridge/part-0001.txt,6453391,6517037,63079,63646,2c85424bb1907fb166487b81db8e7d59682fdf1cf02fb3f1bd771e6d2a33157e
bibit000133,Breve et ingenioso discorso sopra l'opera di Dante,"Carriero, Alessandro",Biblioteca Italiana,http://www.bibliotecaitaliana.it/scheda/bibit000133,historical_general,preserve_rendered_tei_text,50520399e4578ad9ec9ddc2444a9ef19c1fb9b2b688945c77243cd9657cd762d,text_materialized,data/processed/bibit_resolved_v1/historical_general/part-0001.txt,10229597,10288552,58419,58955,c7caa8fa7baa5a4784a9849cb2268e7709a8b8d1225d813757f55bf3dbb12631
bibit000134,Historie dell'antichissima città di Pisa,"Setaioli, Giuseppe",Biblioteca Italiana,http://www.bibliotecaitaliana.it/scheda/bibit000134,historical_general,preserve_rendered_tei_text,5a549b5ec448bcc4a8e5a43a428396706aa7f90170eed9dc54905384e823df6b,text_materialized,data/processed/bibit_resolved_v1/historical_general/part-0001.txt,10288553,10461389,171610,172836,f91e8815f22219db969e7a063c52d07234045a71dbe916c260b920be2a85a08a
bibit000135,Il libro del Cortegiano,"Castiglione, Baldassarre",Biblioteca Italiana,http://www.bibliotecaitaliana.it/scheda/bibit000135,historical_general,preserve_rendered_tei_text,af8a8818a7dbce1232d30ae5b8ebdafcb269da06db6060af7017ff044fbbd3c4,text_materialized,data/processed/bibit_resolved_v1/historical_general/part-0001.txt,10461390,11127546,659572,666156,fd464f1dffaeb07ccb56e2d482ef4f92a3cc97d0e699116094a95ce53fff2cc2
bibit000136,Storia d'Italia,"Guicciardini, Francesco",Biblioteca Italiana,http://www.bibliotecaitaliana.it/scheda/bibit000136,historical_general,strip_editorial_square_delimiters_and_labels,75c7429bbb12c2f49b895bc18788ff35c699664b16aa9b036b0d44b17513b258,text_materialized,data/processed/bibit_resolved_v1/historical_general/part-0001.txt,11127547,14916855,3721523,3789308,be7cfba51aae24c6e1b311218765c0864d00074891b0793f7982ad399018d368
bibit000137,Vita,"Cellini, Benvenuto",Biblioteca Italiana,http://www.bibliotecaitaliana.it/scheda/bibit000137,historical_general,preserve_rendered_tei_text,dff49d1ab839afbbb6d6c69925b5a6587a6bcc9dca69771071f33e294665f903,text_materialized,data/processed/bibit_resolved_v1/historical_general/part-0001.txt,14916856,15844954,917968,928098,3581e1be5250ce8e77e10876a65085f4dd34512734c44a895d63729a6f44e087
bibit000139,Le avventure di Pinocchio,"Collodi, Carlo",Biblioteca Italiana,http://www.bibliotecaitaliana.it/scheda/bibit000139,nineteenth_century_bridge,preserve_rendered_tei_text,b0b6456ca5074f0d66f0035046ce4dcb56c371d1b1adb6d8932782dfe692c22e,text_materialized,data/processed/bibit_resolved_v1/nineteenth_century_bridge/part-0001.txt,6517038,6762322,239854,245284,a4de79a4bdfd24f95c968e80a3f1d2e0e7d79a645bdd36b527ce857b0a12c4ea
bibit000140,Cronica,"Compagni, Dino",Biblioteca Italiana,http://www.bibliotecaitaliana.it/scheda/bibit000140,historical_general,preserve_rendered_tei_text,ca6f32c720241fb5a36e3c0a84f2d9e4a77de788d7336c3556a1fe5ee83ab7e5,text_materialized,data/processed/bibit_resolved_v1/historical_general/part-0001.txt,15844955,16052735,206024,207780,5798300b87418a9b1a6823ba784545a6ba3c82b771367eece391e6675ce9c922
bibit000141,Tutte le poesie,"Corazzini, Sergio",Biblioteca Italiana,http://www.bibliotecaitaliana.it/scheda/bibit000141,historical_non_sonnet_poetry,preserve_rendered_tei_text,45fb13c0adbc55c2ca8be5355cb6b122a32fdb0904d6eb3eb7fe140db1802d5f,text_materialized,data/processed/bibit_resolved_v1/historical_non_sonnet_poetry/part-0001.txt,5093570,5163698,69428,70128,573ff31767b6a994bb918bc1e59bd355a1532c58f084019a74978fe4091b96fc
bibit000142,Della oratoria e poetica facoltà,"Fuscano, Giovanni Berardino",Biblioteca Italiana,http://www.bibliotecaitaliana.it/scheda/bibit000142,historical_general,preserve_rendered_tei_text,5ea49ff575bb66516d8ea679820025425277de1ab814cd5fb9d1bfca85fe56b5,text_materialized,data/processed/bibit_resolved_v1/historical_general/part-0001.txt,16052736,16067985,15063,15249,56a65c977a48d061ddce9cc045a70cd639a3e05002afcb154d5b2ee708693bd8
bibit000143,Le piacevoli e ridicolose simplicità di Bertoldino,"Croce, Giulio Cesare",Biblioteca Italiana,http://www.bibliotecaitaliana.it/scheda/bibit000143,historical_general,preserve_rendered_tei_text,880fe8a4ab6dfdaa4d0d61ebc2f0d735366af5611750b0669d3218ebdab23c3f,text_materialized,data/processed/bibit_resolved_v1/historical_general/part-0001.txt,16067986,16187520,118327,119534,ff92a1d6e855130cd9820f211829748019730c98c78571e912f55f7f1608d5e6
bibit000145,Il viandante,"Zinano, Gabriele",Biblioteca Italiana,http://www.bibliotecaitaliana.it/scheda/bibit000145,historical_general,preserve_rendered_tei_text,f3c9ca81b0714dd6373ac0e8745eac997550ffb4e9450fc0eee12e47e32ee306,text_materialized,data/processed/bibit_resolved_v1/historical_general/part-0001.txt,16187521,16236544,48463,49023,68a07531900531e46b797b5cae5afebea04e7a34586398cf13d1898cfc5cb173
bibit000146,La flagellazione,"Leopardi, Giacomo",Biblioteca Italiana,http://www.bibliotecaitaliana.it/scheda/bibit000146,nineteenth_century_bridge,preserve_rendered_tei_text,ae1f95ea85a80007d9606a06c803e6f28bdc5f4b895838b5d134daeee696beb5,text_materialized,data/processed/bibit_resolved_v1/nineteenth_century_bridge/part-0001.txt,6762323,6774874,12446,12551,d3b8ffc2394d7ea5f3360eb2b13cd3999df15a80c300b4874aeb303e319bc0eb
bibit000147,Parere su l'ufficio degl'Ispettori degli studi,"Foscolo, Ugo",Biblioteca Italiana,http://www.bibliotecaitaliana.it/scheda/bibit000147,nineteenth_century_bridge,preserve_rendered_tei_text,ab7bb0052a53e685f53119a802bed70ed837fa24c59ee1dddcbd2ba3240125f1,text_materialized,data/processed/bibit_resolved_v1/nineteenth_century_bridge/part-0001.txt,6774875,6787095,12050,12220,751a58a3b4e97253717f3669a29d30b84ad1fa42325f3201e5f07f4967c7cc30
bibit000149,Due Discorsi,"Del Bene, Giulio",Biblioteca Italiana,http://www.bibliotecaitaliana.it/scheda/bibit000149,historical_general,preserve_rendered_tei_text,1494c13555b6cfae37e64f77d068fa663e7ce223b846cbb8b0109ccaa7e42074,text_materialized,data/processed/bibit_resolved_v1/historical_general/part-0001.txt,16236545,16298275,61152,61730,f67b9b1c01bebac859c28fdb06bc167c21eb968d88d7cabb3d12b80d5cf14cfc
bibit000150,Rime,"Della Casa, Giovanni",Biblioteca Italiana,http://www.bibliotecaitaliana.it/scheda/bibit000150,historical_non_sonnet_poetry,preserve_rendered_tei_text,3a081946a4b06796f65f3c38348aed3e7f1999d2e6886299360b73638ad1bc0c,text_materialized,data/processed/bibit_resolved_v1/historical_non_sonnet_poetry/part-0001.txt,5163699,5180065,16204,16366,abd2fbf7c622d39ecb9706724182ff64679ebcea950c0f3824876be252407051
bibit000151,Le sottilissime astuzie di Bertoldo,"Croce, Giulio Cesare",Biblioteca Italiana,http://www.bibliotecaitaliana.it/scheda/bibit000151,historical_general,preserve_rendered_tei_text,80495d9f547d4f274f0a021229343c29584ae949c2d0acd2b0ae33575fee88c6,text_materialized,data/processed/bibit_resolved_v1/historical_general/part-0001.txt,16298276,16404782,105434,106506,7b971647da3e2f2dd6cd668a84047d8f034a69f07c88376b6a6ece936461247d
bibit000152,Relazione di Germania (1564),"Michiel, Zuan",Biblioteca Italiana,http://www.bibliotecaitaliana.it/scheda/bibit000152,historical_general,preserve_rendered_tei_text,a30905d52e217ed46a1fa457e4797d01a80b6fc4a3f366893a8dba863e04d3f4,text_materialized,data/processed/bibit_resolved_v1/historical_general/part-0001.txt,16404783,16515648,109640,110865,4be1f35a68e665daa8cbe08e21a726980709eaea8451079da5c4f97fa5b225dd
bibit000154,Il canto della fanciulla,"Leopardi, Giacomo",Biblioteca Italiana,http://www.bibliotecaitaliana.it/scheda/bibit000154,nineteenth_century_bridge,preserve_rendered_tei_text,9486bf55a24f0530f7c1eeeeb508e3039961afe50d76776d0ce6307ed4c4cd84,text_materialized,data/processed/bibit_resolved_v1/nineteenth_century_bridge/part-0001.txt,6787096,6787569,468,473,68584c8e3f0a609b7533efb1475c95fd83da5bedc08a81dc43ed21149311f9bc
bibit000155,Pisa illustrata nelle arti del disegno,"Da Morrona, Alessandro",Biblioteca Italiana,http://www.bibliotecaitaliana.it/scheda/bibit000155,historical_general,preserve_rendered_tei_text,804c1a65870db921a76bd7e54afd2e7f72d4003d9be099e3d302274909ab4f2a,text_materialized,data/processed/bibit_resolved_v1/historical_general/part-0001.txt,16515649,17119587,600471,603938,d9e7602243ab5c083c0bf87ded275a84fe4654723991dbf5990f0b66d2608191
bibit000156,Capitoli,"Della Casa, Giovanni",Biblioteca Italiana,http://www.bibliotecaitaliana.it/scheda/bibit000156,historical_general,preserve_rendered_tei_text,c32e92f534d44bcb54f8589f074f5fe627f91e6f6e6ff2d671f5c7af7caecac7,text_materialized,data/processed/bibit_resolved_v1/historical_general/part-0001.txt,17119588,17141649,21853,22061,9edbf64d9aee746017f7a20f45fc6b4d12d0c50a2f29e4d844390c3c0ed9746b
bibit000157,Poesie,"Lapaccini, Filippo",Biblioteca Italiana,http://www.bibliotecaitaliana.it/scheda/bibit000157,historical_non_sonnet_poetry,preserve_rendered_tei_text,7393a4076f788598799bda966c49ee1cd80d17979149a83af6d774e2ec3a83b5,text_materialized,data/processed/bibit_resolved_v1/historical_non_sonnet_poetry/part-0001.txt,5180066,5210063,29574,29997,8c4819d936ae664abe07cf859d8f5b3f6e5b2f66079fec32e6a371efb43b3fde
bibit000158,Rime,"Beccuti, Francesco (detto il Coppetta)",Biblioteca Italiana,http://www.bibliotecaitaliana.it/scheda/bibit000158,historical_non_sonnet_poetry,preserve_rendered_tei_text,d484ac70382554522064b0a64d829a3cf4fca0659cfd71d7d44b3993e48cb85e,text_materialized,data/processed/bibit_resolved_v1/historical_non_sonnet_poetry/part-0001.txt,5210064,5392040,180013,181976,842238df375857fdaedd2aca4970a13401c45fa7ac18c3021191bfdaed213e19
bibit000159,Rime rifiutate,"Rota, Berardino",Biblioteca Italiana,http://www.bibliotecaitaliana.it/scheda/bibit000159,historical_non_sonnet_poetry,preserve_rendered_tei_text,2dd8fd604988c6d08bd2228b1eac896fc6d49512ec60f5adcea288ff6514d28d,text_materialized,data/processed/bibit_resolved_v1/historical_non_sonnet_poetry/part-0001.txt,5392041,5393843,1755,1802,64cadb5a647340725795b5193d6d07f79e3898948169cf9711f92c875c1c43c4
bibit000161,Il Trecentonovelle,"Sacchetti, Franco",Biblioteca Italiana,http://www.bibliotecaitaliana.it/scheda/bibit000161,historical_general,strip_editorial_square_delimiters_and_labels,5c33f54280d1e2454244047f3eaa1b9453804b270b26509259f1b7136bba80b5,text_materialized,data/processed/bibit_resolved_v1/historical_general/part-0001.txt,17141650,18159853,1002604,1018203,008aa25d4bbac3ee66aed882df17c5e1449bc46fdb1b341bb0d2056f4b186fb2
bibit000162,Rime,Buonaccorso da Montemagno il Giovane,Biblioteca Italiana,http://www.bibliotecaitaliana.it/scheda/bibit000162,historical_non_sonnet_poetry,preserve_rendered_tei_text,64dbd08a9b19d7a6cdc0e94873817b0af3d8d32546dd0d3b1d1a7415844a3e93,text_materialized,data/processed/bibit_resolved_v1/historical_non_sonnet_poetry/part-0001.txt,5393844,5394913,1059,1069,d47e48a4bb692d3c3efe8fada677166b26b0c0375150fea9d05e798859946779
bibit000163,Una delle ultime sere di carnovale,"Goldoni, Carlo",Biblioteca Italiana,http://www.bibliotecaitaliana.it/scheda/bibit000163,historical_general,preserve_rendered_tei_text,e9d83df81eb1c3ac0da6c4fa5e129d430521d2336834d5234f73498d772583ec,text_materialized,data/processed/bibit_resolved_v1/historical_general/part-0001.txt,18159854,18280282,118629,120428,7add089b67f5286cc3eae0768def0fc951a420093a271da2962960ef80aa6636
bibit000164,Dissertazione sopra le virtù intellettuali,"Leopardi, Giacomo",Biblioteca Italiana,http://www.bibliotecaitaliana.it/scheda/bibit000164,nineteenth_century_bridge,preserve_rendered_tei_text,b1d81f58bad164d221e5e4b07a82484e2f05fa8e88a87bd834de2385d53696ba,text_materialized,data/processed/bibit_resolved_v1/nineteenth_century_bridge/part-0001.txt,6787570,6800500,12730,12930,a9424e711f8222ca5d13930e40ffcbe226c0d701746b9f9cf9f753761deff2f1
bibit000165,Scritti sul Boccaccio,"Foscolo, Ugo",Biblioteca Italiana,http://www.bibliotecaitaliana.it/scheda/bibit000165,nineteenth_century_bridge,preserve_rendered_tei_text,2456e47bd9438c4fa86f210427e5269a76f6a2788cf7e2c56540ce2c4998be40,text_materialized,data/processed/bibit_resolved_v1/nineteenth_century_bridge/part-0001.txt,6800501,6973657,171600,173156,519f132fca30bce512db2fc560c916aa0639bb20bc9a8dca81888dd462dbe44d
bibit000166,Poesie,"Calzaiuolo, Antonio",Biblioteca Italiana,http://www.bibliotecaitaliana.it/scheda/bibit000166,historical_non_sonnet_poetry,preserve_rendered_tei_text,d4f9820bbfc87e8bbc5b4718d0528a88a6597679c48d2ae5f9db61ace266de64,text_materialized,data/processed/bibit_resolved_v1/historical_non_sonnet_poetry/part-0001.txt,5394914,5395527,601,613,944fbedb86de453060639479c9bdafd89af27ca41ae5dcae560b7de064ad5ec5
bibit000168,Poesie,"Belcari, Feo",Biblioteca Italiana,http://www.bibliotecaitaliana.it/scheda/bibit000168,historical_non_sonnet_poetry,preserve_rendered_tei_text,334051b7b344395ca186a9764c85531ef1a0a3e4108af9aecc3f7935deda6777,text_materialized,data/processed/bibit_resolved_v1/historical_non_sonnet_poetry/part-0001.txt,5395528,5399173,3615,3645,902ba54bcb14966edd0cc8aa3f5383c373b59e436c8a118fdc94da020ec318f4
bibit000169,Il Gierusalemme,"Tasso, Torquato",Biblioteca Italiana,http://www.bibliotecaitaliana.it/scheda/bibit000169,historical_non_sonnet_poetry,preserve_rendered_tei_text,827e38a887a3cfc5a983250e55e1f164dbbfcaf8c06236a771049bbfb7e63632,text_materialized,data/processed/bibit_resolved_v1/historical_non_sonnet_poetry/part-0001.txt,5399174,5436993,37552,37819,d41d91a64ad8135d304de9f5d1c2068dee4dd19eb9b532ab0485dc9f660a2062
bibit000170,L'asino,"Machiavelli, Niccolò",Biblioteca Italiana,http://www.bibliotecaitaliana.it/scheda/bibit000170,historical_general,preserve_rendered_tei_text,d56b932b0dfac6e013fa2502fa64d5a060adfad4426718686bd453b37d7d4655,text_materialized,data/processed/bibit_resolved_v1/historical_general/part-0001.txt,18280283,18321735,41042,41452,39abd322b0ae1c848fe171a9fd1b2b0d3e4fad34df24c7dbb00ce574ad7aa81b
bibit000171,La Navigazione di San Brandano,Non definito,Biblioteca Italiana,http://www.bibliotecaitaliana.it/scheda/bibit000171,historical_general,strip_editorial_square_delimiters_and_labels,dc92a67aee3bf50ec892bf85fb6c2de767c0b0b8c695b5c727f0ca07bc72c160,text_materialized,data/processed/bibit_resolved_v1/historical_general/part-0001.txt,18321736,18465911,141952,144175,b5b0241fd46574ce83b5550d7a73492dc6b8ac0eb4a3ce74dee3f497ae85685f
bibit000172,"Presentazione delle Canzoni (Nuovo Ricoglitore, 1825)","Leopardi, Giacomo",Biblioteca Italiana,http://www.bibliotecaitaliana.it/scheda/bibit000172,nineteenth_century_bridge,preserve_rendered_tei_text,6a72cf553956b1c030a16725e368ff6bde0f07c590e0f60abe3875a96a7cab7a,text_materialized,data/processed/bibit_resolved_v1/nineteenth_century_bridge/part-0001.txt,6973658,6980278,6541,6620,2723373c6e5413795b9cc4e13d254bbd2d307654dba1836b60e8dbfccb9c4e88
bibit000173,Canzoni (ed. Roma 1818),"Leopardi, Giacomo",Biblioteca Italiana,http://www.bibliotecaitaliana.it/scheda/bibit000173,nineteenth_century_bridge,preserve_rendered_tei_text,3c65eba48a67ffa8748773b2302d2628cad3a1ba2fcaa93935a754185b3c528c,text_materialized,data/processed/bibit_resolved_v1/nineteenth_century_bridge/part-0001.txt,6980279,6995386,14993,15107,1bb77885173a7d59e7f5ae9f784a45d2644d54b4ef1c743f52b50b5126adec45
bibit000174,Componimenti poetici (1810),"Leopardi, Giacomo",Biblioteca Italiana,http://www.bibliotecaitaliana.it/scheda/bibit000174,nineteenth_century_bridge,preserve_rendered_tei_text,5ed9d58c1dd0fab90d7279cf307ffbf413da7885d160da9544dfc7f964103ff5,text_materialized,data/processed/bibit_resolved_v1/nineteenth_century_bridge/part-0001.txt,6995387,7030294,34621,34907,c917019b9d1d980aee2c2aff9ef296da2062f0f3de5a06da254a742baddc41c7
bibit000175,I partiti anarchici in Italia,"Bonghi, Ruggero",Biblioteca Italiana,http://www.bibliotecaitaliana.it/scheda/bibit000175,nineteenth_century_bridge,preserve_rendered_tei_text,719ab561fd3564a2d346aedb63367e99059aeb49479618a00eb1fb6f0442461d,text_materialized,data/processed/bibit_resolved_v1/nineteenth_century_bridge/part-0001.txt,7030295,7171363,139725,141068,0fa8626246f23b5a3f6b42b1dc591040935083bb888c8fc8a870b139573112fe
bibit000177,"Discorso intorno a que' principii, cause et accrescimenti che la comedia, la tragedia et il poema eroico ricevono dalla filosofia morale e civile e da'governatori delle republiche","Denores, Giason",Biblioteca Italiana,http://www.bibliotecaitaliana.it/scheda/bibit000177,historical_general,preserve_rendered_tei_text,c0b2a72f7062399db60bbbf9a902f7714ce35fe3b4470bc3a31ffc9057fd9746,text_materialized,data/processed/bibit_resolved_v1/historical_general/part-0001.txt,18465912,18568316,101534,102404,14e23e30b1a3560e26186767aca3bf90f3e3fb11ecfca2324991ecab802b326c
bibit000178,Breve trattato dell'oratore,"Denores, Giason",Biblioteca Italiana,http://www.bibliotecaitaliana.it/scheda/bibit000178,historical_general,preserve_rendered_tei_text,569ad064a38c616c77507c3db3c446303f8307a58fe2884a6505ea522f9d402a,text_materialized,data/processed/bibit_resolved_v1/historical_general/part-0001.txt,18568317,18637628,68483,69311,b89934530d6423d54429e215b7281a0ca0c90977b6c389fffcc7d090ff7405a4
bibit000179,Poesie italiane,"Epicuro, Marc'Antonio",Biblioteca Italiana,http://www.bibliotecaitaliana.it/scheda/bibit000179,historical_non_sonnet_poetry,preserve_rendered_tei_text,1db6420cd20798ae30ac62e7db9393dd54a7a5721e463d9189da9a39af12100a,text_materialized,data/processed/bibit_resolved_v1/historical_non_sonnet_poetry/part-0001.txt,5436994,5455511,18304,18517,4b2b438a114629c97e201e982eb2a685e9aacfd433da08327ccc41f885b80b6d
bibit000180,Mirzia,"Epicuro, Marc'Antonio",Biblioteca Italiana,http://www.bibliotecaitaliana.it/scheda/bibit000180,historical_general,preserve_rendered_tei_text,68ed33f5708e5e38aa59c7e2d1bd0468580153fb54d37f1d235eb0a990aed2e5,text_materialized,data/processed/bibit_resolved_v1/historical_general/part-0001.txt,18637629,18705534,67276,67905,582b4e02058c8498d8a5574a78e1c5433ce9b267819e57554baef5391de1d81d
bibit000181,Clizia,"Machiavelli, Niccolò",Biblioteca Italiana,http://www.bibliotecaitaliana.it/scheda/bibit000181,historical_general,strip_editorial_square_delimiters_and_labels,ee4e5287603b1259a876a2baf9f20c241bf1792118f59129150b95dfe91fa42f,text_materialized,data/processed/bibit_resolved_v1/historical_general/part-0001.txt,18705535,18775013,68814,69478,871bb96eb3053ebfd1a5d31e840bc84bf69925985ef54de9f30cbfc0a0ca2771
bibit000182,El libro dell'amore,"Ficino, Marsilio",Biblioteca Italiana,http://www.bibliotecaitaliana.it/scheda/bibit000182,historical_general,preserve_rendered_tei_text,e8aa69c39d7ab525d87ae9ec40b0c0a971e19c04272caf70f3e2209633ef3d52,text_materialized,data/processed/bibit_resolved_v1/historical_general/part-0001.txt,18775014,19039713,261541,264699,3c345bc7ecf903e746d4062a595333c54095568047b64bc51c9be02cc4c7c836
bibit000183,Ragionamenti,"Firenzuola, Agnolo",Biblioteca Italiana,http://www.bibliotecaitaliana.it/scheda/bibit000183,historical_general,preserve_rendered_tei_text,11be20c3e58af49a1038c5ba23acaf34d85961f0726f1b3769c6d8bf0d9f83b0,text_materialized,data/processed/bibit_resolved_v1/historical_general/part-0001.txt,19039714,19297236,252975,257522,de18d20bf6a7cb73bc5eb858253eb73b1209ee412274cc8d283e0eaa02605e00
bibit000184,Piccolo mondo moderno,"Fogazzaro, Antonio",Biblioteca Italiana,http://www.bibliotecaitaliana.it/scheda/bibit000184,nineteenth_century_bridge,preserve_rendered_tei_text,2e5672b0d7436173abac1c2d0d1a90c9a9e93c17eab0f13a9df6c635c073d804,text_materialized,data/processed/bibit_resolved_v1/nineteenth_century_bridge/part-0001.txt,7171364,7732361,556618,560997,ce0a72386645f37d828ded0d730ace50c07b9a26afbbc12ff671eaeb9f767a5a
bibit000185,Tieste,"Foscolo, Ugo",Biblioteca Italiana,http://www.bibliotecaitaliana.it/scheda/bibit000185,historical_general,preserve_rendered_tei_text,786cb534bb15be01c9369b8e7ed7da958213c70bfe5c00b59e657b71249c488e,text_materialized,data/processed/bibit_resolved_v1/historical_general/part-0001.txt,19297237,19357196,59194,59959,3b7262336032e03bf3095dcdda08d0e9d5f6754fe4798cc633d9940a1ef6c112
bibit000186,Dei Sepolcri,"Foscolo, Ugo",Biblioteca Italiana,http://www.bibliotecaitaliana.it/scheda/bibit000186,nineteenth_century_bridge,preserve_rendered_tei_text,76aeb32d76e653eb2bde0528ec8a161a129ce9f73942da238eb25d383fa77ebf,text_materialized,data/processed/bibit_resolved_v1/nineteenth_century_bridge/part-0001.txt,7732362,7743239,10786,10877,9a0c86329318c99a42bc64217c1204f296f34ba5bdd093f62dd868306be44e78
bibit000187,Le Grazie,"Foscolo, Ugo",Biblioteca Italiana,http://www.bibliotecaitaliana.it/scheda/bibit000187,nineteenth_century_bridge,strip_editorial_square_delimiters_and_labels,a107ef7f1596d03010da5e4f679b76332038e86bd286447065c9f47d3893e221,text_materialized,data/processed/bibit_resolved_v1/nineteenth_century_bridge/part-0001.txt,7743240,7794531,50949,51291,45d90e11436b2e7a2a519a93835c573bd8bc497d486c35f96ca672fee312921a
bibit000188,Dialogo sopra i due massimi sistemi,"Galilei, Galileo",Biblioteca Italiana,http://www.bibliotecaitaliana.it/scheda/bibit000188,historical_general,strip_editorial_square_delimiters_and_labels,69e70d9ebddebc33c7aecb820eead6d3992f6e47a5e79ef3adde076e45d69387,text_materialized,data/processed/bibit_resolved_v1/historical_general/part-0001.txt,19357197,20418367,1051412,1061170,fc755b1ff3aceb720cffb8cfe580ebe44e599e2235d631fd8140aebb7a1d3862
bibit000189,Poesie,"Cieco, Niccolò",Biblioteca Italiana,http://www.bibliotecaitaliana.it/scheda/bibit000189,historical_non_sonnet_poetry,preserve_rendered_tei_text,968e0c87a54ebd606c7dfdfccdaeb05ce7de513f114ed1895d900460f2e914b1,text_materialized,data/processed/bibit_resolved_v1/historical_non_sonnet_poetry/part-0001.txt,5455512,5515857,59535,60345,c05d1874a17daca4953c6594f8597de5dc6df1b337f46498827a6ce0d555a0c6
bibit000190,Del furor poetico,"Giacomini, Lorenzo",Biblioteca Italiana,http://www.bibliotecaitaliana.it/scheda/bibit000190,historical_general,preserve_rendered_tei_text,64372317b659b8139a329f053f91e3cc72dd7b49de54de4ad1766f14a0131165,text_materialized,data/processed/bibit_resolved_v1/historical_general/part-0001.txt,20418368,20467083,48172,48715,5ed998d317258cdc9ff652b44e222dee2d42be7a792b8a4a9d37ea085b64b370
bibit000191,Dissertazione sopra la logica universalmente considerata,"Leopardi, Giacomo",Biblioteca Italiana,http://www.bibliotecaitaliana.it/scheda/bibit000191,nineteenth_century_bridge,preserve_rendered_tei_text,1550b2c37c54435378cfde8e5507e2b2ae2194620e2be9d57b7220988dcd1962,text_materialized,data/processed/bibit_resolved_v1/nineteenth_century_bridge/part-0001.txt,7794532,7805043,10402,10511,c9f2cfeb7659fc6d4229ce2cf9cf61de13ae6ccc32a32f2978f4257dcdbd5a51
bibit000192,Poesie,"Gherardi, Giovanni",Biblioteca Italiana,http://www.bibliotecaitaliana.it/scheda/bibit000192,historical_non_sonnet_poetry,preserve_rendered_tei_text,067d73a384c1455f99aef371cb938e543da7eec8a1037728004f50b6f3c09973,text_materialized,data/processed/bibit_resolved_v1/historical_non_sonnet_poetry/part-0001.txt,5515858,5572909,56100,57051,3096f6b8a34f001aea54545a84a6c4a63d9976b397b5d3432f755a9ca7143e12
bibit000193,Difesa della lingua italiana,"De Luca, Giambattista",Biblioteca Italiana,http://www.bibliotecaitaliana.it/scheda/bibit000193,historical_general,preserve_rendered_tei_text,1b6df77289c3268d751ed565e6f186aa22d6bdc376bd9448145825e7d35ef408,text_materialized,data/processed/bibit_resolved_v1/historical_general/part-0001.txt,20467084,20544578,76906,77494,1aabb73ff2b91ec9597c92109fc8b370e930f15b1e84cf2e52338f23d1a09744
bibit000194,"De principiis rerum, elementis et causis","Bruno, Giordano",Biblioteca Italiana,http://www.bibliotecaitaliana.it/scheda/bibit000194,historical_general,preserve_rendered_tei_text,58ceb2ff41a3381c400be97688a6a2ec9ad5e2208d7fe04d9cec6697907b1f84,text_materialized,data/processed/bibit_resolved_v1/historical_general/part-0001.txt,20544579,20623436,78855,78857,12c890f78ff895c67915b492517f2d7d8570d6ef8a61b4f02156a35586fcf6f5
bibit000195,De la purgatione della tragedia,"Giacomini, Lorenzo",Biblioteca Italiana,http://www.bibliotecaitaliana.it/scheda/bibit000195,historical_general,preserve_rendered_tei_text,d6adbc6da24f26c600fcd9c8a1cee3ce337eb95ede8ba1877e77a659ec1b53a2,text_materialized,data/processed/bibit_resolved_v1/historical_general/part-0001.txt,20623437,20678085,54028,54648,358a37cf3100c8e69b56dd9234684890b48b5190a465504213bdabfa006dc114
bibit000196,Epistolario (1816-1818),"Foscolo, Ugo",Biblioteca Italiana,http://www.bibliotecaitaliana.it/scheda/bibit000196,nineteenth_century_bridge,strip_editorial_square_delimiters_and_labels,727a56d77f2df68f2ce513c4277fbe1cc8a1fd779e91dfec81ae7d156bef0cf7,text_materialized,data/processed/bibit_resolved_v1/nineteenth_century_bridge/part-0001.txt,7805044,8577614,756998,772570,03038b1341db46432751b65dbf2bcb463d00acd9f7707f87728ba311845924bc
bibit000197,Poesie,"Scarlatti, Filippo",Biblioteca Italiana,http://www.bibliotecaitaliana.it/scheda/bibit000197,historical_non_sonnet_poetry,preserve_rendered_tei_text,55ed1283ace7697846197d15253620e63325af6ae5462b412a09ba6970a116e3,text_materialized,data/processed/bibit_resolved_v1/historical_non_sonnet_poetry/part-0001.txt,5572910,5762383,187314,189473,335f253ab8c29d0244f34d1ea25d77ccd9623e977382f6917e9bb601bbf03ac5
bibit000198,Diario del primo amore,"Leopardi, Giacomo",Biblioteca Italiana,http://www.bibliotecaitaliana.it/scheda/bibit000198,nineteenth_century_bridge,preserve_rendered_tei_text,e1c2d17304cc985c47bc5f28f3eb450c4ae12bfe27822b9fb85d82c62d199dc9,text_materialized,data/processed/bibit_resolved_v1/nineteenth_century_bridge/part-0001.txt,8577615,8610282,32374,32667,63ed70b341fcf0f17c2ce22c8b7ed4f127e02fdda6bded35c73547a1399b18e5
bibit000199,Relazione della China,"Magalotti, Lorenzo",Biblioteca Italiana,http://www.bibliotecaitaliana.it/scheda/bibit000199,historical_general,preserve_rendered_tei_text,4ce508841f717bdb804c7e338e4d3835df76b4232b40c67d6f27b6995d2a9acc,text_materialized,data/processed/bibit_resolved_v1/historical_general/part-0001.txt,20678086,20754897,76017,76811,4e2da8b6ebdbca954c4023dba6a6256540407dee99557d669caef0fa253a4c96
bibit000200,Volgarizzamento della Dissuasio Valerii,"Alberti, Leon Battista",Biblioteca Italiana,http://www.bibliotecaitaliana.it/scheda/bibit000200,historical_general,preserve_rendered_tei_text,1163a4a131c188e4e35b4b199bf1c6c717f2b5996168e57baa847ca0f3bbc697,text_materialized,data/processed/bibit_resolved_v1/historical_general/part-0001.txt,20754898,20767169,12143,12271,03652e3983b8d9598b35772064be64f52f8f863415f52bdc81e1036dcc04e47d
bibit000201,Poesie,Giacomo da Lentini,Biblioteca Italiana,http://www.bibliotecaitaliana.it/scheda/bibit000201,historical_non_sonnet_poetry,strip_editorial_square_delimiters_and_labels,f4f01903e6dc44f945c61cc1185696e4b1b922ad534661c1284d30ef30ca9b56,text_materialized,data/processed/bibit_resolved_v1/historical_non_sonnet_poetry/part-0001.txt,5762384,5783793,20950,21409,44b8ff0a9158b2e213940967c65a27fe9ba44703f64800963ed70311668b976a
bibit000202,Vita scritta da lui medesimo,"Giannone, Pietro",Biblioteca Italiana,http://www.bibliotecaitaliana.it/scheda/bibit000202,historical_general,strip_editorial_square_delimiters_and_labels,3956fdd5983b8bced0ae132f5c4255927546d984c6ded736349035efcf4023ce,text_materialized,data/processed/bibit_resolved_v1/historical_general/part-0001.txt,20767170,21430946,658918,663776,c5f580503e061060a39514d05d00fcf7690e9cb7be88d52d4d149e8113d56b4f
bibit000203,Dello scopo di Gregorio VII,"Foscolo, Ugo",Biblioteca Italiana,http://www.bibliotecaitaliana.it/scheda/bibit000203,nineteenth_century_bridge,preserve_rendered_tei_text,dca4bc81017d3c0725be446c5364f1cb7e2a786082b7879dd1181e665b684f89,text_materialized,data/processed/bibit_resolved_v1/nineteenth_century_bridge/part-0001.txt,8610283,8653312,42078,43029,e5aa1fcb1e1ecc40f86d992d43be8ae60c972c5ead419bfb13d0a4eccf88b133
bibit000204,Dell'imitazione,"Camillo, Giulio (detto Delminio)",Biblioteca Italiana,http://www.bibliotecaitaliana.it/scheda/bibit000204,historical_general,preserve_rendered_tei_text,629fae21394c9db541a859ff847a163d163a83c281690275dcd28e61102db61f,text_materialized,data/processed/bibit_resolved_v1/historical_general/part-0001.txt,21430947,21488107,56504,57160,f89b172be704ef97371a81bd1640c9925b8c75c167772682d8f940c969011b2d
bibit000205,Risposta alle opposizioni d'incerto fatte al sonetto in morte di Pietro Spino,"Tasso, Torquato",Biblioteca Italiana,http://www.bibliotecaitaliana.it/scheda/bibit000205,historical_general,preserve_rendered_tei_text,03774e93cdc8bea837c7ef24ecde6cdbebb84db5be1aebbae4ed0c7d1fc46a08,text_materialized,data/processed/bibit_resolved_v1/historical_general/part-0001.txt,21488108,21505632,17364,17524,44be58fa2323c4e0c2c342c05b2d23cfd9b3ccac677a0351e0b752332c0f5ce9
bibit000206,Relazione di Francia di Francesco II Morosini (1752),Non definito,Biblioteca Italiana,http://www.bibliotecaitaliana.it/scheda/bibit000206,historical_general,preserve_rendered_tei_text,9f3d0b2eea99e37b31aed175cf893e7585cbe19c39ba0f215b704a4e49576b5d,text_materialized,data/processed/bibit_resolved_v1/historical_general/part-0001.txt,21505633,21536099,30235,30466,3f9d7ccce9d6ac43ad141fb5d493d262f876faafe8c3884dab92f29e5be85c44
bibit000208,Don Giovanni,"Da Ponte, Lorenzo",Biblioteca Italiana,http://www.bibliotecaitaliana.it/scheda/bibit000208,historical_general,preserve_rendered_tei_text,75825fff0d95331ae3c12a9732f29c075957712f4ca1417d59224d6db808beb9,text_materialized,data/processed/bibit_resolved_v1/historical_general/part-0001.txt,21536100,21593845,57283,57745,172d4ea7bcf333686d387eeb2344099a89ff71a3551c2e4144776618b9e1493f
bibit000209,Relazione di Germania,"Corraro, Giovanni",Biblioteca Italiana,http://www.bibliotecaitaliana.it/scheda/bibit000209,historical_general,preserve_rendered_tei_text,59557d80b8c725e82ac32d174c130369e8f4b25a17b094c9585380665b7d67cc,text_materialized,data/processed/bibit_resolved_v1/historical_general/part-0001.txt,21593846,21687910,93036,94064,3e8c9980dab8c5a465288a30df088d2bac59b1dd7ff9818fc8488c303881c824
bibit000210,Lo Inferno della Commedia di Dante Alighieri col comento di Guiniforto delli Bargigi,"Barzizza, Guiniforte",Biblioteca Italiana,http://www.bibliotecaitaliana.it/scheda/bibit000210,historical_general,strip_editorial_square_delimiters_and_labels,8b939af1896a77c068dfa4887c7ed4b1e7816e89568c47fa4d9b3aec7d086596,text_materialized,data/processed/bibit_resolved_v1/historical_general/part-0001.txt,21687911,22940303,1242130,1252392,2111c85ec935bda7f4626c10cf3bb7ff0a20b7101a72ba7e1d25284512c22add
bibit000212,Rosmunda,"Rucellai, Giovanni",Biblioteca Italiana,http://www.bibliotecaitaliana.it/scheda/bibit000212,historical_general,preserve_rendered_tei_text,8e894c2c033d8172886f95d290a9ae4da3e5276a7867edf4600c6f1da9133f42,text_materialized,data/processed/bibit_resolved_v1/historical_general/part-0001.txt,22940304,22985500,44778,45196,1d70f94e988592c4e55d5dba30662a79fe65d5e2c80960ae28c982a07a1eddb4
bibit000213,Il Fiore,"Alighieri, Dante",Biblioteca Italiana,http://www.bibliotecaitaliana.it/scheda/bibit000213,historical_non_sonnet_poetry,strip_editorial_square_delimiters_and_labels,27c0280e03ad1de4d8d96ce801e9df5fcd8a37478cf3425030978a89feceac5b,text_materialized,data/processed/bibit_resolved_v1/historical_non_sonnet_poetry/part-0001.txt,5783794,5788486,4665,4692,756ab4c68dbcbab23b8e89e8aea707467a9fc54a21e449b103e1745f105fb2a5
bibit000214,Il Principe,"Machiavelli, Niccolò",Biblioteca Italiana,http://www.bibliotecaitaliana.it/scheda/bibit000214,historical_general,preserve_rendered_tei_text,bd7e1aa4b431142667e9bb842122071ec76df75b616a74fe911a61277848c45a,text_materialized,data/processed/bibit_resolved_v1/historical_general/part-0001.txt,22985501,23150073,162807,164572,4b87cb13e20442844b8d71d8348cc1b724707be844a5a395a7687f7196a256ed
bibit000215,Codice sul volo degli uccelli,Leonardo da Vinci,Biblioteca Italiana,http://www.bibliotecaitaliana.it/scheda/bibit000215,historical_general,preserve_rendered_tei_text,8cde91ff70e98c0e0ceaa636d8270b4efc7020c6770c63c934a2782972131127,text_materialized,data/processed/bibit_resolved_v1/historical_general/part-0001.txt,23150074,23201159,50466,51085,73e38340b8ef63179d4f448f0ad1ac8bcc147c5d0d49945305fb78eb35ecce3c
bibit000217,Don Garzia,"Alfieri, Vittorio",Biblioteca Italiana,http://www.bibliotecaitaliana.it/scheda/bibit000217,historical_general,preserve_rendered_tei_text,be7aaeba50c444b092d6f02a33e765e90203e47f9d6282be93b71c680d20dbd4,text_materialized,data/processed/bibit_resolved_v1/historical_general/part-0001.txt,23201160,23260467,58600,59307,c3e7b7d9292268248a724309b3c4022e9de52d0c91a585e72721c416705b4094
bibit000218,Della Monarchia rappresentativa in Italia,"Balbo, Cesare",Biblioteca Italiana,http://www.bibliotecaitaliana.it/scheda/bibit000218,nineteenth_century_bridge,preserve_rendered_tei_text,c6bbea70dc285b1da821f9b26d8c546b895dde68c766b3f128643d818301af30,text_materialized,data/processed/bibit_resolved_v1/nineteenth_century_bridge/part-0001.txt,8653313,9516277,853440,862964,3feda4b42aeadfa8ebc57dc56bd3325cd446f948fd6a5895ed2ac9d9954f17c8
bibit000219,Poesie,Pellegrino da Castiglion Fiorentino,Biblioteca Italiana,http://www.bibliotecaitaliana.it/scheda/bibit000219,historical_non_sonnet_poetry,preserve_rendered_tei_text,f1afc53461db8609112909bba227d088505d2582e6e925c94dcde80905818a13,text_materialized,data/processed/bibit_resolved_v1/historical_non_sonnet_poetry/part-0001.txt,5788487,5806339,17661,17852,0dd00ed55efa1291b45aabf9c8a07ded6c504cb0ab38dfffccf6d945b223db09
bibit000220,Cinque sentenze emanate dai tribunali di Pisa nel XII secolo,Non definito,Biblioteca Italiana,http://www.bibliotecaitaliana.it/scheda/bibit000220,historical_general,preserve_rendered_tei_text,cc187256e713ac6e411b3e69d30e7ad204e25dec6552cb1c7f485a6517fd4131,text_materialized,data/processed/bibit_resolved_v1/historical_general/part-0001.txt,23260468,23275533,15019,15065,a35b933b6a8496707f8de6c0517e69b4b7432087ae28689f21ffed4bdf79ce54
bibit000221,Chiose all' Inferno,"Alighieri, Jacopo",Biblioteca Italiana,http://www.bibliotecaitaliana.it/scheda/bibit000221,historical_general,preserve_rendered_tei_text,6b4d2b4be4959909d7d3405da24e562532609716cfd591db45da04f2b877b4bd,text_materialized,data/processed/bibit_resolved_v1/historical_general/part-0001.txt,23275534,23447496,169728,171962,c01e4794791bfe9ceb4ab5aaed01fddf5979afae5816aff12dcefa4c25fc77d3
bibit000222,Lettera apologetica,"Foscolo, Ugo",Biblioteca Italiana,http://www.bibliotecaitaliana.it/scheda/bibit000222,nineteenth_century_bridge,preserve_rendered_tei_text,043481adad79d9c696dd7b2c427554cbba2baa383dd70c955f7d3acc2cb77a21,text_materialized,data/processed/bibit_resolved_v1/nineteenth_century_bridge/part-0001.txt,9516278,9745388,226825,229110,49070413f80b15ffd091f32792d8d4e4727d5bbfad80c63d031602c5f5067c54
bibit000224,Dialogo dell'imprese militari e amorose,"Giovio, Paolo",Biblioteca Italiana,http://www.bibliotecaitaliana.it/scheda/bibit000224,historical_general,preserve_rendered_tei_text,1da51d3ec16621d558b34362f04d9f588d93f5ef60051d31a1bd920a09a39067,text_materialized,data/processed/bibit_resolved_v1/historical_general/part-0001.txt,23447497,23585850,137335,138353,eb83a509a776230cd430dfff6c7354ad25aacc684b258ab71d4cac2c4a83f7d8
bibit000225,Lettera a Bernardo Tasso,"Giraldi Cinzio, Giambattista",Biblioteca Italiana,http://www.bibliotecaitaliana.it/scheda/bibit000225,historical_general,preserve_rendered_tei_text,3a0e1f3beb6b1f772e229a0aa8da72a003a55bc4545bf80aae3e4311d52b3d00,text_materialized,data/processed/bibit_resolved_v1/historical_general/part-0001.txt,23585851,23633566,47211,47715,e5b4ece1bc7cfc1d792484ab10f503fbbac64fa311dca167478296f6ecd46fe8
bibit000226,Poesie,"Giusti, Giuseppe",Biblioteca Italiana,http://www.bibliotecaitaliana.it/scheda/bibit000226,historical_non_sonnet_poetry,strip_editorial_square_delimiters_and_labels,0a25cadcdcc66d4c2404fbf4eae7acd60fa88b23d82b499c8ee4183af30f3a63,text_materialized,data/processed/bibit_resolved_v1/historical_non_sonnet_poetry/part-0001.txt,5806340,6091250,282325,284910,acfd7ad514fdf82cf848403aec6a320df75b7f39d8d7c285e14b304dcd143edc
bibit000227,Il Gianluca overo delle Maschere,"Tasso, Torquato",Biblioteca Italiana,http://www.bibliotecaitaliana.it/scheda/bibit000227,historical_general,preserve_rendered_tei_text,d082d18352c70832b2808154d4d19a3989afc0272e45c8ffe28cdab3b3fed525,text_materialized,data/processed/bibit_resolved_v1/historical_general/part-0001.txt,23633567,23646928,13213,13361,181a2a76c8671bd6fee7ab1bb9b96a027a505927433da09e14f879bce6fbdec9
bibit000230,Pisa e le sue adiacenze...,"Grassi, Ranieri",Biblioteca Italiana,http://www.bibliotecaitaliana.it/scheda/bibit000230,nineteenth_century_bridge,preserve_rendered_tei_text,9c50b11f1d5c8fac757dff3bf3252e52d1b9d07c4595b76f65959c159c0383d6,text_materialized,data/processed/bibit_resolved_v1/nineteenth_century_bridge/part-0001.txt,9745389,10327805,577765,582416,cae1962c1c5412070bb664dae4d5ab485850cab4b63122f2622781b79b987f04
bibit000231,Relatione di Germania (1638),"Grimani, Giovanni",Biblioteca Italiana,http://www.bibliotecaitaliana.it/scheda/bibit000231,historical_general,preserve_rendered_tei_text,46859cef459442c2bcfdb5d39af2ae77ad4eb8cfe34c646ba126be40941960a4,text_materialized,data/processed/bibit_resolved_v1/historical_general/part-0001.txt,23646929,23695609,48401,48680,96b0df27da2529ef418eae7b250b073a0704cfc7371d104d3ea50569c3269f66
bibit000232,Maria Stuarda,"Alfieri, Vittorio",Biblioteca Italiana,http://www.bibliotecaitaliana.it/scheda/bibit000232,historical_general,preserve_rendered_tei_text,69ce7ca4375d36e4f7fde05a88e58bdf4254ea897ecbe7a9cc750b9e54164df8,text_materialized,data/processed/bibit_resolved_v1/historical_general/part-0001.txt,23695610,23758211,61997,62601,6cbc3e22232ff343b1e8dd45b00ac85c57dfeea8ec9fa3cd52033e2d2741b3c9
bibit000234,Poesie,"Betti, Giovanni",Biblioteca Italiana,http://www.bibliotecaitaliana.it/scheda/bibit000234,historical_non_sonnet_poetry,preserve_rendered_tei_text,e4adb8c4e6ef09802835e46a31272a48370a441afc493c543a30132c2c7219e8,text_materialized,data/processed/bibit_resolved_v1/historical_non_sonnet_poetry/part-0001.txt,6091251,6092175,911,924,1346e44c93afc45fe83280c71a35b863a7771423be128c7d15c69104b80c5789
bibit000235,La civil conversazione,"Guazzo, Stefano",Biblioteca Italiana,http://www.bibliotecaitaliana.it/scheda/bibit000235,historical_general,preserve_rendered_tei_text,08a67445644c0bccdc994871061c2bda311ca4924c7f430c36f93eacc8e7e81f,text_materialized,data/processed/bibit_resolved_v1/historical_general/part-0001.txt,23758212,24687124,916861,928912,ead9ab52d11ef197e9198bf5a13b85b3dd779af8bca6016ff92476c7828b8dfd
bibit000236,De la condizione di Venezia,"Guidi, Iacopo d'Albizzotto",Biblioteca Italiana,http://www.bibliotecaitaliana.it/scheda/bibit000236,historical_non_sonnet_poetry,strip_editorial_square_delimiters_and_labels,f707781bfd20c2a8f6e24f78ecbc36648384bf0f24f0080edaa5e6a16d90be0d,text_materialized,data/processed/bibit_resolved_v1/historical_non_sonnet_poetry/part-0001.txt,6092176,6269338,174419,177162,e99d4b98307b4b0f6a61ad99d48a685e742dabab8cba62ffefef409924b1bd03
bibit000237,Rime,"Guidiccioni, Giovanni",Biblioteca Italiana,http://www.bibliotecaitaliana.it/scheda/bibit000237,historical_non_sonnet_poetry,preserve_rendered_tei_text,3e591bcb55be373fc5daa09c74211d911402877eace4024daee24b42fb53074a,text_materialized,data/processed/bibit_resolved_v1/historical_non_sonnet_poetry/part-0001.txt,6269339,6294407,24843,25068,168d67111cd7063fcbb06923ff977db53b08f0da244f5668331d1a1c1a25e736
bibit000238,Rime,Guittone d'Arezzo,Biblioteca Italiana,http://www.bibliotecaitaliana.it/scheda/bibit000238,historical_non_sonnet_poetry,preserve_rendered_tei_text,de25533f41a8aebd6634de15270952d8fd17944ecf7896d00295e21b2b966cd3,text_materialized,data/processed/bibit_resolved_v1/historical_non_sonnet_poetry/part-0001.txt,6294408,6417619,121218,123211,d4b91cd18c1f833bfce88eb3e99f3684b826ccd5f2f67fdc2285e9062a87da7f
bibit000240,Dialoghi d'Amore,Leone Ebreo,Biblioteca Italiana,http://www.bibliotecaitaliana.it/scheda/bibit000240,historical_general,preserve_rendered_tei_text,09cedd0d5d0a57ddba0914054229deb1cbcbc81695c10b442d01f76df0429128,text_materialized,data/processed/bibit_resolved_v1/historical_general/part-0001.txt,24687125,25508576,811394,821451,3897f158d9f06a9be054d37ec806be83e4e8165a6c340fdc0e3f9a41a909d341
bibit000241,Discorso dei costumi degli italiani,"Leopardi, Giacomo",Biblioteca Italiana,http://www.bibliotecaitaliana.it/scheda/bibit000241,nineteenth_century_bridge,preserve_rendered_tei_text,b062787dcbe092e4a95654cf052a6644d3098c72c72f852e4029f20e3a0124db,text_materialized,data/processed/bibit_resolved_v1/nineteenth_century_bridge/part-0001.txt,10327806,10396924,68298,69118,84d2deab55190f8e774d743999ac240b217a18386543d2af271c26ae11b493c7
bibit000242,Leporeambi,"Leporeo, Ludovico",Biblioteca Italiana,http://www.bibliotecaitaliana.it/scheda/bibit000242,historical_non_sonnet_poetry,preserve_rendered_tei_text,70edf1ba1576d671012ec35c961b9ffa851574b48d968c040dadbb47164e6c18,text_materialized,data/processed/bibit_resolved_v1/historical_non_sonnet_poetry/part-0001.txt,6417620,6447651,30013,30031,f68f18ffabd8e2075909f8414da3de701ebc36257d2efc134b86813c8424b8a1
bibit000243,Dialoghi dell'invenzione poetica,"Lionardi, Alessandro",Biblioteca Italiana,http://www.bibliotecaitaliana.it/scheda/bibit000243,historical_general,preserve_rendered_tei_text,e4e35f0a86ef2585b190e326c14bed5dfd5b56687a109e5c61d57c0aeaa29df2,text_materialized,data/processed/bibit_resolved_v1/historical_general/part-0001.txt,25508577,25690796,180395,182219,26dfc3361bb535a8f788aea9335a41f87ba9b7c13b25d7111535ebabe0c9efdb
bibit000245,Capitoli,"Machiavelli, Niccolò",Biblioteca Italiana,http://www.bibliotecaitaliana.it/scheda/bibit000245,historical_general,preserve_rendered_tei_text,719f52bd05dd2053591d2a910991e2ef59111d4e528a012cb7ac1ad02163b1c0,text_materialized,data/processed/bibit_resolved_v1/historical_general/part-0001.txt,25690797,25713159,22179,22362,28607abf826db9781a477f4596f15f61358260a40e9ecbb3c9788191a55aa9cf
bibit000246,Per S. A. don Pietro Vigilio,"Monti, Vincenzo",Biblioteca Italiana,http://www.bibliotecaitaliana.it/scheda/bibit000246,historical_non_sonnet_poetry,preserve_rendered_tei_text,531036ab7d7b466c37eb0951853682fbcc938724cc87f6d4dbfd794988d99893,text_materialized,data/processed/bibit_resolved_v1/historical_non_sonnet_poetry/part-0001.txt,6447652,6458436,10704,10784,8498df955480f7cb1671cf2792490aa3f4ae44d1e8682451dec609b705b89cda
bibit000247,Sul Romanticismo. Lettera al marchese Cesare D'Azeglio,"Manzoni, Alessandro",Biblioteca Italiana,http://www.bibliotecaitaliana.it/scheda/bibit000247,nineteenth_century_bridge,preserve_rendered_tei_text,5892c46a02a32884466123f88c551c08f1e9168dc1bd583b1cca0fac13c1bf60,text_materialized,data/processed/bibit_resolved_v1/nineteenth_century_bridge/part-0001.txt,10396925,10512686,114733,115761,ad8c4fb9208e74249bf8075d457e146c98e4d7d133c5c4ce4432cf7c678e1b2b
bibit000248,Libro de M. Ludovico Ariosto commissario in Garfagnana dato a' dì 26 de zenaro 1526,"Ariosto, Ludovico",Biblioteca Italiana,http://www.bibliotecaitaliana.it/scheda/bibit000248,historical_general,preserve_rendered_tei_text,70bdbdf0c77adc3b0ca548bfff99b6a81ee7009307fa877533bd17ad4b68bd4e,text_materialized,data/processed/bibit_resolved_v1/historical_general/part-0001.txt,25713160,25736413,23022,23253,946526a5d9e728521dab3c686e386fac65e248f762801297957af6924a355eb3
bibit000249,Fabula de Cefalo,Niccolò da Correggio,Biblioteca Italiana,http://www.bibliotecaitaliana.it/scheda/bibit000249,historical_general,preserve_rendered_tei_text,9c58aeaa8a073bb824be8495abb3618488f46531dbca4fd6e2e9309637b563db,text_materialized,data/processed/bibit_resolved_v1/historical_general/part-0001.txt,25736414,25782724,45799,46310,7ec132ce1c9ca0067496e951b66713be6a8d4280aa3294df1d86b3d213efa925
bibit000251,Stanze in lode di Angela Serena,"Aretino, Pietro",Biblioteca Italiana,http://www.bibliotecaitaliana.it/scheda/bibit000251,historical_non_sonnet_poetry,preserve_rendered_tei_text,108b8733f0c60a46caa12f12b757593530e4543d8708655debe506ac9d4a1848,text_materialized,data/processed/bibit_resolved_v1/historical_non_sonnet_poetry/part-0001.txt,6458437,6476860,18312,18423,28020c67311aefcc59e1b3f6509b137fbec874f74c428d8e1d6c33d8256ab256
bibit000252,Le iscrizioni celebrative della facciata del Duomo,Non definito,Biblioteca Italiana,http://www.bibliotecaitaliana.it/scheda/bibit000252,historical_general,preserve_rendered_tei_text,98682985ccc7446bdf69f329dd13f52c50ef7394883547f6a49d2755e269d2d0,text_materialized,data/processed/bibit_resolved_v1/historical_general/part-0001.txt,25782725,25786342,3617,3617,d82684fd0f2df7e05d6af0d5c11d52a09394afdf8240f2b1da09537053ea5cda
bibit000253,Intermedi,"Tasso, Torquato",Biblioteca Italiana,http://www.bibliotecaitaliana.it/scheda/bibit000253,historical_general,preserve_rendered_tei_text,295d3afa053849c83ba8ada39cae63d0794890d97a5e2409871d7ddbcd9bdc81,text_materialized,data/processed/bibit_resolved_v1/historical_general/part-0001.txt,25786343,25791376,4997,5033,43b1d54008bc44213f12429603198ac690913ae7cd56ad8c3efe746fbf6c10f3
bibit000254,La riforma cattolica,"Gioberti, Vincenzo",Biblioteca Italiana,http://www.bibliotecaitaliana.it/scheda/bibit000254,nineteenth_century_bridge,strip_editorial_square_delimiters_and_labels,2c28127751f4a00e98ee123886cf644abb3d16db2b93dce87c9f1ff68f58129a,text_materialized,data/processed/bibit_resolved_v1/nineteenth_century_bridge/part-0001.txt,10512687,10940306,421726,427619,6990665e61ce1d5fc323247023f218ea134139729a11b69e87787907ebdcbccb
bibit000256,Rime eteree,"Tasso, Torquato",Biblioteca Italiana,http://www.bibliotecaitaliana.it/scheda/bibit000256,historical_non_sonnet_poetry,preserve_rendered_tei_text,c65c1588f93438274a62bc431f6681848dc3aaa020315fdc8f8d9f5fe04002ec,text_materialized,data/processed/bibit_resolved_v1/historical_non_sonnet_poetry/part-0001.txt,6476861,6478170,1299,1309,dc1881a8e12c813c2d07ab703230fcacfb44f0c7c88718b19f03ab3e5cec95a3
bibit000257,Versi d'amore,"Mantelli di Canobio, Giovanni de",Biblioteca Italiana,http://www.bibliotecaitaliana.it/scheda/bibit000257,historical_non_sonnet_poetry,strip_editorial_square_delimiters_and_labels,3929ce5540085f59e2668bf1201de824f936507e6fdd1d03fdef2e49fbc7d0df,text_materialized,data/processed/bibit_resolved_v1/historical_non_sonnet_poetry/part-0001.txt,6478171,6660427,179823,182256,b290fec0f4ee944a53caf72c5cb1c3556ccfc84ee9574f481e2c94b0f1736426
bibit000259,La rappresentazione della purificazione,Non definito,Biblioteca Italiana,http://www.bibliotecaitaliana.it/scheda/bibit000259,historical_general,preserve_rendered_tei_text,5e7bb763736580ebe18f55cf50029815852149e2fbd6cbb6af55da6ffb05cd70,text_materialized,data/processed/bibit_resolved_v1/historical_general/part-0001.txt,25791377,25812006,20428,20629,061eccfb471726299fef7a16df630f33753ec62e5c5cc4c3fb07bdac820570b1
bibit000260,Gerusalemme conquistata,"Tasso, Torquato",Biblioteca Italiana,http://www.bibliotecaitaliana.it/scheda/bibit000260,historical_non_sonnet_poetry,preserve_rendered_tei_text,c21b4a8e8bca52edaf7de38149ef6bcd7e2140c23bfe6942a2ded431ada9298e,text_materialized,data/processed/bibit_resolved_v1/historical_non_sonnet_poetry/part-0001.txt,6660428,7526949,856262,866521,d99376739355fdb04bd070ea08796274b1e754c89af5fc087d5f81c5ebfdeeda
bibit000262,Se stata fosse a ti toa fama rara,"Pellegrini, Giovanni",Biblioteca Italiana,http://www.bibliotecaitaliana.it/scheda/bibit000262,historical_non_sonnet_poetry,preserve_rendered_tei_text,bb73e5a71d8aa954b05157fe43e115d1e321d301115b4c801b896165a37b0766,text_materialized,data/processed/bibit_resolved_v1/historical_non_sonnet_poetry/part-0001.txt,7526950,7527431,477,481,b4bf4c6d0fb14cb9c7bc716bb677763d2c180520cddb9443a696955c23c4f243
bibit000263,Un memoriale ad Alfonso d'Aragona,Borso e Leonello d'Este,Biblioteca Italiana,http://www.bibliotecaitaliana.it/scheda/bibit000263,historical_general,preserve_rendered_tei_text,afca4edcca52e9265ab2436ac6f2e589aef664d22d51fe0f1257b7261d00b160,text_materialized,data/processed/bibit_resolved_v1/historical_general/part-0001.txt,25812007,25882147,69268,70140,c8e715b8cf7f9ab813a13639e6e12ed4f7f0925412734b6e88aea2853f281fbe
bibit000264,Christus meus,"Vigri, Caterina",Biblioteca Italiana,http://www.bibliotecaitaliana.it/scheda/bibit000264,historical_general,preserve_rendered_tei_text,4addcbdf9d9137f202db6c88760849b37d72c976c402f64edbd5fdb1efb80b76,text_materialized,data/processed/bibit_resolved_v1/historical_general/part-0001.txt,25882148,25882632,481,484,a7b11c669b1ebf8c9cc2bdea0505770cebc05e8bb49f0a13e4dbdbc491377dd5
bibit000266,Poesie giovanili,"Manzoni, Alessandro",Biblioteca Italiana,http://www.bibliotecaitaliana.it/scheda/bibit000266,historical_non_sonnet_poetry,strip_editorial_square_delimiters_and_labels,abe556d3d8cb973f85f623adb7958546db0cedbbb2b7d37c557fff949faf02cb,text_materialized,data/processed/bibit_resolved_v1/historical_non_sonnet_poetry/part-0001.txt,7527432,7655177,126847,127745,08937ba445fc8262c9fd8947f4f813e4699b3a573ea1ff8a2afa1b6d90dab4ee
bibit000267,Decameron,"Boccaccio, Giovanni",Biblioteca Italiana,http://www.bibliotecaitaliana.it/scheda/bibit000267,historical_general,preserve_rendered_tei_text,216451233024d2dfce9b6918c5abe286341f26497c36d91879e4e613f74dc81d,text_materialized,data/processed/bibit_resolved_v1/historical_general/part-0001.txt,25882633,27387592,1483378,1504959,cb4d1e8e3d73ffc7b7b956a22582f37b76015f067d9696beffaa9dd24359cdfb
bibit000268,Relazione di Francia di Nicolò Foscarini e Lorenzo Tiepolo (1723),Non definito,Biblioteca Italiana,http://www.bibliotecaitaliana.it/scheda/bibit000268,historical_general,preserve_rendered_tei_text,49620c7e6ecfec462d0aa80a034b39043836bcabb972c3f4f58c4256f1951342,text_materialized,data/processed/bibit_resolved_v1/historical_general/part-0001.txt,27387593,27481751,93499,94158,af7eadb91e634e4b27207e5bc755eb70d2d5751c353401a690b62756673d9f51
bibit000271,Sulla lingua italiana. Lettera a Giacinto Carena,"Manzoni, Alessandro",Biblioteca Italiana,http://www.bibliotecaitaliana.it/scheda/bibit000271,nineteenth_century_bridge,preserve_rendered_tei_text,504b45ed61af8f4d8b1abffeee2f02de6bc34e93d5918379629beca9eb4dffe8,text_materialized,data/processed/bibit_resolved_v1/nineteenth_century_bridge/part-0001.txt,10940307,11001709,60758,61402,e87bb6f45db82e8651b5d380da3bdf91cf9e59fe15d26264cdcf0f5a16d16721
bibit000272,Ode,"Fontanella, Girolamo",Biblioteca Italiana,http://www.bibliotecaitaliana.it/scheda/bibit000272,historical_non_sonnet_poetry,preserve_rendered_tei_text,f7898e2df4a679886cfcd5d4a371ca208191afedb6952410d89a75808918ee23,text_materialized,data/processed/bibit_resolved_v1/historical_non_sonnet_poetry/part-0001.txt,7655178,7937925,280832,282747,308810b102e8cecb10eb683d9ed71c0c335e6c8946131659c1cdac98a5f9e054
bibit000274,Sulla traduzione dell'Odissea,"Foscolo, Ugo",Biblioteca Italiana,http://www.bibliotecaitaliana.it/scheda/bibit000274,nineteenth_century_bridge,preserve_rendered_tei_text,8c4d5530fc70f69db57723cc8549a2487ce5adee96871ae33745c74e30443cc5,text_materialized,data/processed/bibit_resolved_v1/nineteenth_century_bridge/part-0001.txt,11001710,11071972,69446,70262,6218db249e24331508165e74f58422082a05c0c9c6c02fc45d0f8617b6a78d4c
bibit000277,Lo schiavo liberato,"Baldini, Sebastiano",Biblioteca Italiana,http://www.bibliotecaitaliana.it/scheda/bibit000277,historical_non_sonnet_poetry,preserve_rendered_tei_text,ff798036e5a1cec2f558399bc2949c993d48d56245433752c207bdb8c80bd255,text_materialized,data/processed/bibit_resolved_v1/historical_non_sonnet_poetry/part-0001.txt,7937926,7944251,6260,6325,7b359f7462f32b7aa5dde558a3501d20fbfbe1f8d8ac462744e3ca16ece7efce
bibit000278,Rime,"Sandoval De Castro, Diego",Biblioteca Italiana,http://www.bibliotecaitaliana.it/scheda/bibit000278,historical_non_sonnet_poetry,preserve_rendered_tei_text,5181513ada0f8d2910fe61ed311f3b835f1fe9fbb555ddf770e92c5618bc4cd4,text_materialized,data/processed/bibit_resolved_v1/historical_non_sonnet_poetry/part-0001.txt,7944252,7982960,38338,38708,181957846bdecb0e7fc323a454b6a9a15c860ed91bab49578bfa1fb99f2b9de3
bibit000279,"La rappresentazione di Josef, di Jacob e de' fratelli",Non definito,Biblioteca Italiana,http://www.bibliotecaitaliana.it/scheda/bibit000279,historical_general,preserve_rendered_tei_text,bcb4e7b7f0ecaf6f6f0b03b0c373c54349037f67f53ab13a30cfc4d199decfe7,text_materialized,data/processed/bibit_resolved_v1/historical_general/part-0001.txt,27481752,27515946,33896,34194,634d0c278dfc510259026d4bb25e1e61aeaf9171e513005da5ea4fa360670793
bibit000280,La festa della natività di nostro signore Gesù Cristo,Non definito,Biblioteca Italiana,http://www.bibliotecaitaliana.it/scheda/bibit000280,historical_general,preserve_rendered_tei_text,8f31a35ad7185fdb1f2487684815390561441e9ebba638a596fb7bb17d87d7b5,text_materialized,data/processed/bibit_resolved_v1/historical_general/part-0001.txt,27515947,27525879,9819,9932,5ccfb285d39c6feb1ee1755dab36e240da8ccb3ee507ac6698f35a000273972a
bibit000281,Epistolario (1794-1804),"Foscolo, Ugo",Biblioteca Italiana,http://www.bibliotecaitaliana.it/scheda/bibit000281,nineteenth_century_bridge,preserve_rendered_tei_text,ac60fae4bbe7a51a91f768645a15fc71edec9a0ade32d065efbcdb6208236862,text_materialized,data/processed/bibit_resolved_v1/nineteenth_century_bridge/part-0001.txt,11071973,11590968,512945,518995,46e18d823e76d58bca7cfd8e1e52143120f29657447ac4ded01ffab4a3ab9e37
bibit000282,"Dissertazione sopra l'origine, e i primi progressi dell'astronomia","Leopardi, Giacomo",Biblioteca Italiana,http://www.bibliotecaitaliana.it/scheda/bibit000282,nineteenth_century_bridge,preserve_rendered_tei_text,f246ec75d9b3a2f2c07fb53bf9e592d54030044756e6a91d06254e9bbea37fa5,text_materialized,data/processed/bibit_resolved_v1/nineteenth_century_bridge/part-0001.txt,11590969,11647336,55759,56367,fb7ba6d2ae5c5c6907196937eaa4b85545b8280ba128f0b62746efec57085bc7
bibit000283,Poesie,"Roselli, Bernardo",Biblioteca Italiana,http://www.bibliotecaitaliana.it/scheda/bibit000283,historical_non_sonnet_poetry,preserve_rendered_tei_text,123e3c1ee59b79b466799ed6436bb84f91b68c2cdfeab7eea9f20ef6b3c91f62,text_materialized,data/processed/bibit_resolved_v1/historical_non_sonnet_poetry/part-0001.txt,7982961,7986242,3223,3281,9ebd3d41c2d9454b2be44c1d186124c72e463d49b193fc306fc9c8735384414c
bibit000284,Canzoniere italiano inedito del sec. XIV (Beinecke Phillips 8826),Non definito,Biblioteca Italiana,http://www.bibliotecaitaliana.it/scheda/bibit000284,historical_non_sonnet_poetry,strip_editorial_square_delimiters_and_labels,8cb94b288ff2e5f72be6bf702b0c932e6123bff746545cbea50f10ee6357ae49,text_materialized,data/processed/bibit_resolved_v1/historical_non_sonnet_poetry/part-0001.txt,7986243,8090458,102817,104215,0dc3a03200973ea0f30cf5c91e7085d1b29f6bd5242d1f4223f6b2a9d2b3dd75
bibit000285,Dissertazione sopra l'estensione,"Leopardi, Giacomo",Biblioteca Italiana,http://www.bibliotecaitaliana.it/scheda/bibit000285,nineteenth_century_bridge,preserve_rendered_tei_text,aa09d40512a1b53422abff33399884a5604d65cbbf1ab14c5f9d6423edb7ec74,text_materialized,data/processed/bibit_resolved_v1/nineteenth_century_bridge/part-0001.txt,11647337,11661194,13707,13857,8dcc4f56d6422cfa5e5a9e810bf5f19ed55ba7b88447dfd5e08ec22b9050ec59
bibit000286,Ricordi,"Morelli, Giovanni di Pagolo",Biblioteca Italiana,http://www.bibliotecaitaliana.it/scheda/bibit000286,historical_general,preserve_rendered_tei_text,87db8665eed4a8d52d6100985377b96a6ceb79b60ca0bc6db5f45eb33ae9e7aa,text_materialized,data/processed/bibit_resolved_v1/historical_general/part-0001.txt,27525880,27897177,367664,371297,de717adb637528b515705a974dde06d195d61b366ccb8613360f09809737e6cc
bibit000287,Scritti sulle Isole Ionie,"Foscolo, Ugo",Biblioteca Italiana,http://www.bibliotecaitaliana.it/scheda/bibit000287,nineteenth_century_bridge,preserve_rendered_tei_text,f3dbccbed4991c402c0bbcf979890dcefc069bcee877c056ddfdefa2126c1536,text_materialized,data/processed/bibit_resolved_v1/nineteenth_century_bridge/part-0001.txt,11661195,11775779,113076,114584,51553866e61ee1be6cdc2d268d375a2bfe0f5f87b13571d1b21668894358bf32
bibit000288,Attilio Regolo,"Metastasio, Pietro",Biblioteca Italiana,http://www.bibliotecaitaliana.it/scheda/bibit000288,historical_general,preserve_rendered_tei_text,e96b6fbf36deef2e989dce3b51ce2241e34f625893732419756e2d266185beff,text_materialized,data/processed/bibit_resolved_v1/historical_general/part-0001.txt,27897178,27948931,51250,51753,06bdcb8c345ac8c45a1d129f8891478fba054c6762cff4ba644458bc2181571d
bibit000290,Sopra due voci italiane,"Leopardi, Giacomo",Biblioteca Italiana,http://www.bibliotecaitaliana.it/scheda/bibit000290,nineteenth_century_bridge,preserve_rendered_tei_text,ad25c48128648752db888185ba6af72539859db9baf03c69b22102dc3722e260,text_materialized,data/processed/bibit_resolved_v1/nineteenth_century_bridge/part-0001.txt,11775780,11787638,11728,11858,3b8e84cdb4cd084effc40ed8e62e3d1387e6e498dc82d681bf7b191bceb4e571
bibit000291,A un vincitore nel pallone,"Leopardi, Giacomo",Biblioteca Italiana,http://www.bibliotecaitaliana.it/scheda/bibit000291,nineteenth_century_bridge,preserve_rendered_tei_text,45ca4bca24b6e4346ba1b2684afd971798f540777dd2df435228d724c9456097,text_materialized,data/processed/bibit_resolved_v1/nineteenth_century_bridge/part-0001.txt,11787639,11788704,1055,1065,34bfb3514a564140b33d2330b759c475f04d8588cc994b96b48d881ec77af51d
bibit000292,Didone abbandonata,"Metastasio, Pietro",Biblioteca Italiana,http://www.bibliotecaitaliana.it/scheda/bibit000292,historical_general,preserve_rendered_tei_text,dd9029611ae8986ef6a8823748eb4a451f8026c7dc249f224661bd13524c3aeb,text_materialized,data/processed/bibit_resolved_v1/historical_general/part-0001.txt,27948932,28002164,52771,53232,324a6b69770474f251569c9b477377c61a256777a715eb376f986baf61097ac1
bibit000293,Nuova cronica,"Villani, Giovanni",Biblioteca Italiana,http://www.bibliotecaitaliana.it/scheda/bibit000293,historical_general,strip_editorial_square_delimiters_and_labels,3ccacd7e7ec7705246de5c1a71865e4e8466d729d6dd5eb4137f165d7cb08c27,text_materialized,data/processed/bibit_resolved_v1/historical_general/part-0001.txt,28002165,30258640,2237083,2256475,e1106295723bbb14b24d13c68ad7b41e0ee9bc25db8f5e2953ae216035b8faf9
bibit000294,Dissertazione sopra la gravità,"Leopardi, Giacomo",Biblioteca Italiana,http://www.bibliotecaitaliana.it/scheda/bibit000294,nineteenth_century_bridge,preserve_rendered_tei_text,9b8a4e18c776657081bc1cfc151b5ea446d79ebb7bade7e6b76613ee22e97471,text_materialized,data/processed/bibit_resolved_v1/nineteenth_century_bridge/part-0001.txt,11788705,11800384,11536,11679,9f99d683902e13edd49d40f35a577da29f73c53bcde051efa425c77d8e3dcbac
bibit000295,Giudizio d'una tragedia di Canace e Macareo,"Giraldi Cinzio, Giambattista",Biblioteca Italiana,http://www.bibliotecaitaliana.it/scheda/bibit000295,historical_general,preserve_rendered_tei_text,4743b88fb3c81094cca921d882c790cae002aa95ab7b247c9f3772ea38e0ffc1,text_materialized,data/processed/bibit_resolved_v1/historical_general/part-0001.txt,30258641,30418202,157050,159561,529ee50a4a8f17a945aaa28abaca5b4f8ccf6e12362c08a77f4d1b3ab7056571
bibit000296,Il Cataneo overo de gli idoli,"Tasso, Torquato",Biblioteca Italiana,http://www.bibliotecaitaliana.it/scheda/bibit000296,historical_general,preserve_rendered_tei_text,23078bfee29839508ec797ea76b8cf745be2aca0c4524b5b3e1616259d188f8c,text_materialized,data/processed/bibit_resolved_v1/historical_general/part-0001.txt,30418203,30471429,52726,53226,c4e7fe5b08c4d4689278ba2217f9415e1a35720e1583e11a11ceb9520a71664a
bibit000297,Nel Circolo Costituzionale di Milano,"Foscolo, Ugo",Biblioteca Italiana,http://www.bibliotecaitaliana.it/scheda/bibit000297,nineteenth_century_bridge,preserve_rendered_tei_text,d76f07ad27634d942fb7781f9b361513238bfbe6fd733a309e15dd1f8e405f77,text_materialized,data/processed/bibit_resolved_v1/nineteenth_century_bridge/part-0001.txt,11800385,11804072,3650,3687,c27013757004ddd65bd2798eaf6eef54b2ff345cee51007978458da4bb11cd31
bibit000300,Il gentilhuomo,"Muzio, Girolamo",Biblioteca Italiana,http://www.bibliotecaitaliana.it/scheda/bibit000300,historical_general,preserve_rendered_tei_text,9a44d34ffd060e4d24782a529ab184c4e2e22a05347f292c69133347283e2a9e,text_materialized,data/processed/bibit_resolved_v1/historical_general/part-0001.txt,30471430,30910346,434464,438916,f934060b611c9a6fb35051ace0047e3e3c73614db64a112506f875ec21d24247
bibit000302,Pensieri d'amore,"Monti, Vincenzo",Biblioteca Italiana,http://www.bibliotecaitaliana.it/scheda/bibit000302,historical_non_sonnet_poetry,preserve_rendered_tei_text,ac5a1dc7c4115bb3d3db40b76dd2413c6f38bbabd3644c0d22eff7ac05bf709f,text_materialized,data/processed/bibit_resolved_v1/historical_non_sonnet_poetry/part-0001.txt,8090459,8098358,7844,7899,fe202db14f35c6cd3db6ec7b4e640329cf4a589eb6b2bae34495b898e9be0b10
bibit000303,Epistolario. Lettere dal 1803 al 1832,"Manzoni, Alessandro",Biblioteca Italiana,http://www.bibliotecaitaliana.it/scheda/bibit000303,nineteenth_century_bridge,strip_editorial_square_delimiters_and_labels,e651cc4895e8dad51078974ee22e88355b8c3bc88a16e5d318fcfa355c086966,text_materialized,data/processed/bibit_resolved_v1/nineteenth_century_bridge/part-0001.txt,11804073,13003566,1181661,1199493,2d4f6cda2a9247f92a62141b21329494be1733942efc88e46409b8160d167607
bibit000304,Sonetti dei mesi,Folgore da San Gimignano,Biblioteca Italiana,http://www.bibliotecaitaliana.it/scheda/bibit000304,historical_non_sonnet_poetry,preserve_rendered_tei_text,7307b84801c2cef11b3c751ff8fec19a066b1b7679c846f6c672a2f19634fd34,text_materialized,data/processed/bibit_resolved_v1/historical_non_sonnet_poetry/part-0001.txt,8098359,8098794,434,435,26bd38dc087d39d51bb213d24376bfcabd80e421ab86a9c85fe4f4b67c8779f2
bibit000305,Istorie fiorentine,"Machiavelli, Niccolò",Biblioteca Italiana,http://www.bibliotecaitaliana.it/scheda/bibit000305,historical_general,preserve_rendered_tei_text,c18a91c863d59a2a51a4cf803d81d77d359ca7e2cf6bf6a5d7a1eb9884374d19,text_materialized,data/processed/bibit_resolved_v1/historical_general/part-0001.txt,30910347,31784071,867163,873724,54177000359056dd42e3bba2bccc5380c3ac0b9dc10aeb71cbaf13e6e038abdd
bibit000307,Trattato di architettura,Filarete (Antonio Averlino detto il),Biblioteca Italiana,http://www.bibliotecaitaliana.it/scheda/bibit000307,historical_general,preserve_rendered_tei_text,a299513fb73ff825ab66b694737299669b6505082fee93b9dedc902b81ed7b24,text_materialized,data/processed/bibit_resolved_v1/historical_general/part-0001.txt,31784072,33059395,1254230,1275323,ffb6944e63b05fdc7e82d87270c759e2532c54b8aaae1c48b4e57dacd80efac6
bibit000308,Poesie,"Benino, Francesco del",Biblioteca Italiana,http://www.bibliotecaitaliana.it/scheda/bibit000308,historical_non_sonnet_poetry,preserve_rendered_tei_text,f6a6cfa20ef502ab3e7452531b3efd7848f07208571aab540443a4ab11100490,text_materialized,data/processed/bibit_resolved_v1/historical_non_sonnet_poetry/part-0001.txt,8098795,8100228,1410,1433,ba77108d57edb51b2f23fe6c60f713e8cec797fd7139a66cc66d31b6aeca98d4
bibit000309,Poesie,Jacopo da Bibbiena,Biblioteca Italiana,http://www.bibliotecaitaliana.it/scheda/bibit000309,historical_non_sonnet_poetry,preserve_rendered_tei_text,bc2ac79c3f34b19ac9eba8be32ecfdb26f6d371cb782f15b4c1b8e9937e73089,text_materialized,data/processed/bibit_resolved_v1/historical_non_sonnet_poetry/part-0001.txt,8100229,8100561,328,332,c41dc9f0104d73a3e1ab3ef70c027dd2b1dea0d0ac81f89405ae792b6708721f
bibit000311,La Merope,"Torelli, Pomponio",Biblioteca Italiana,http://www.bibliotecaitaliana.it/scheda/bibit000311,historical_general,preserve_rendered_tei_text,cf755af00b554014cd7263a7b94b9c482fe53f2fb278829ea7782c7403e2b4cc,text_materialized,data/processed/bibit_resolved_v1/historical_general/part-0001.txt,33059396,33157725,97509,98329,91f9f9dc8dd5861f5dccf4d9957a9bb26c5546bcd3b1ca805d7bdb7eb9d075ad
bibit000314,Il palazzo Turchi-Trotti-Di Bagno. Elenco dei quadri presenti nel palazzo al 1572,"Pigna (Giovan Battista Nicolucci, detto il)",Biblioteca Italiana,http://www.bibliotecaitaliana.it/scheda/bibit000314,historical_general,preserve_rendered_tei_text,1c7a6c15ae63f62c1ec807d2e576aed5c6b5a5c0f5f3b77f0da1a088b99a50dd,text_materialized,data/processed/bibit_resolved_v1/historical_general/part-0001.txt,33157726,33158688,961,962,3e933f5a8972c4ced8f90024189f4450243fcb81b35c871e2932506186e5f020
bibit000316,L'Ermenegildo,"Marchese, Annibale",Biblioteca Italiana,http://www.bibliotecaitaliana.it/scheda/bibit000316,historical_general,preserve_rendered_tei_text,3d5a5f55f50de266471d69495fce2892b8a4a2da9549cce6da52076965c5e750,text_materialized,data/processed/bibit_resolved_v1/historical_general/part-0001.txt,33158689,33273181,113008,114492,f4ff1a770cdad161dababfddd62cc6de0c7e7bc2b90a9175eda3d5d3477456dc
bibit000318,Regole della lingua fiorentina,"Giambullari, Pier Francesco",Biblioteca Italiana,http://www.bibliotecaitaliana.it/scheda/bibit000318,historical_general,preserve_rendered_tei_text,cd18cee8ca6baa9bb53635e70824262fe2da02815acfeb4abe30741b7a02e66c,text_materialized,data/processed/bibit_resolved_v1/historical_general/part-0001.txt,33273182,33663118,387205,389936,67321465ab1c2f5d64b32e34e7881b189d51185912dfc5bf63ec26f1d0fbe182
bibit000321,Disegni letterari,"Leopardi, Giacomo",Biblioteca Italiana,http://www.bibliotecaitaliana.it/scheda/bibit000321,nineteenth_century_bridge,preserve_rendered_tei_text,94af513657488d208f938ab34d32953388918ab4e9bcfa35fbbf51755bef27ea,text_materialized,data/processed/bibit_resolved_v1/nineteenth_century_bridge/part-0001.txt,13003567,13032586,28504,29019,0cffa37f9066a4733fa4f87b69c1a15e447f7c0af90fbeb7d342b3f2bada8aff
bibit000322,Lettera ad Alphonse de Lamartine,"Manzoni, Alessandro",Biblioteca Italiana,http://www.bibliotecaitaliana.it/scheda/bibit000322,nineteenth_century_bridge,preserve_rendered_tei_text,3b900adf33cea19fb72bb87979163d5d6004b0732fd84dfca19647c5a14a14e1,text_materialized,data/processed/bibit_resolved_v1/nineteenth_century_bridge/part-0001.txt,13032587,13035400,2749,2813,7325f9a6f95e2605302d42e05b79193cb38deb57a8c3f8fa571f37756a6caddd
bibit000324,Storia di un'anima,"Leopardi, Giacomo",Biblioteca Italiana,http://www.bibliotecaitaliana.it/scheda/bibit000324,nineteenth_century_bridge,preserve_rendered_tei_text,cf7d20bf51c85c3dcbc488d493ba2b568f74ad8103694445120156c7985605ea,text_materialized,data/processed/bibit_resolved_v1/nineteenth_century_bridge/part-0001.txt,13035401,13038134,2705,2733,7637b86a7a734b4235c3aa89b8fd8b16857b26e6a6474bdd3599cfd800d24b18
bibit000325,Rime,"Dondi Dall'Orologio, Giovanni",Biblioteca Italiana,http://www.bibliotecaitaliana.it/scheda/bibit000325,historical_non_sonnet_poetry,preserve_rendered_tei_text,1996c0d73c7694c3cf72c5943f40f3dbab6e99ebf6e5c3ceac0b49518988694f,text_materialized,data/processed/bibit_resolved_v1/historical_non_sonnet_poetry/part-0001.txt,8100562,8103044,2450,2482,b1d9d11453c1debc5a921f96a9bd07aec3225f93d61ee64123ffa220ff4cabb7
bibit000326,Commentario della battaglia di Marengo,"Foscolo, Ugo",Biblioteca Italiana,http://www.bibliotecaitaliana.it/scheda/bibit000326,nineteenth_century_bridge,preserve_rendered_tei_text,91413b44c65ad0511bce9eee2ab1de4254cf1029c3b087698bf720adc5d201e1,text_materialized,data/processed/bibit_resolved_v1/nineteenth_century_bridge/part-0001.txt,13038135,13085777,47383,47642,25af301b49a841fbbcbda13e72924bab4c6c3cb6324bb2ac8954df01078b6576
bibit000327,Relazione di Francia di Alvise Contarini (1634-1637),"Contarini, Alvise",Biblioteca Italiana,http://www.bibliotecaitaliana.it/scheda/bibit000327,historical_general,preserve_rendered_tei_text,dd9c6b42e30e9bba9431b06bc9f6ec2f0593921429c91d86da0436b700723ec6,text_materialized,data/processed/bibit_resolved_v1/historical_general/part-0001.txt,33663119,33683214,19928,20095,45a3747ae40c436d15d16e8fab4d007f74490ad3747eec29d6090af4a4ecfbdd
bibit000328,Ragionamento sulla poesia,"Tasso, Bernardo",Biblioteca Italiana,http://www.bibliotecaitaliana.it/scheda/bibit000328,historical_general,preserve_rendered_tei_text,4b996c6c1a5182b873d054de6381863a722d8d72f6a72e5fbe7b8fb8662ea0e1,text_materialized,data/processed/bibit_resolved_v1/historical_general/part-0001.txt,33683215,33717943,34426,34728,6993d64dfeec13a42ec0ece613018b4abd080780af0dd3ae74bff20713a0c967
bibit000329,Prose varie (1809),"Leopardi, Giacomo",Biblioteca Italiana,http://www.bibliotecaitaliana.it/scheda/bibit000329,nineteenth_century_bridge,preserve_rendered_tei_text,1dd6ab676f7a919a4d63f87d795c8ba9a9f5fc65d24330d1647cf7db71048c8d,text_materialized,data/processed/bibit_resolved_v1/nineteenth_century_bridge/part-0001.txt,13085778,13113687,27670,27909,1765d46d27f33d2a2cbd94e36f78bdbc76f4e6fb769ee6a4fb24615b3a9e593b
bibit000330,Le Chiose Cagliaritane,Non definito,Biblioteca Italiana,http://www.bibliotecaitaliana.it/scheda/bibit000330,historical_general,preserve_rendered_tei_text,f684df602368b13e9020cf2adf3e65f519c77944dc4356536182b02a63a91279,text_materialized,data/processed/bibit_resolved_v1/historical_general/part-0001.txt,33717944,33906963,183327,189019,fa79252593012d64d95636a6ce6611c19b9a0d4ed2e42af0f7fbbd0513230905
bibit000333,Memorie autobiografiche,"Genovesi, Antonio",Biblioteca Italiana,http://www.bibliotecaitaliana.it/scheda/bibit000333,historical_general,preserve_rendered_tei_text,f82a2f0dc25cd41341da3e43fbf0463832f7f70d56b5af628399bba22cf02b84,text_materialized,data/processed/bibit_resolved_v1/historical_general/part-0001.txt,33906964,33972526,65113,65562,50c93c66d66842ce573d6e4d6d089c17c78f00e24f471347e413e0d7c00fe901
bibit000334,Premessa all'ultimo canto di Saffo,"Leopardi, Giacomo",Biblioteca Italiana,http://www.bibliotecaitaliana.it/scheda/bibit000334,nineteenth_century_bridge,preserve_rendered_tei_text,328e9cac6e3cd7b312e5a53fc37ea23279cab137874b994574b9590e1f796db5,text_materialized,data/processed/bibit_resolved_v1/nineteenth_century_bridge/part-0001.txt,13113688,13116456,2738,2768,5923857a406f2704e3899152c02b699f685642d1bb01d25cfc7bf511e1112a9a
bibit000335,Avertimenti nel poetare,"Cortese, Giulio",Biblioteca Italiana,http://www.bibliotecaitaliana.it/scheda/bibit000335,historical_general,preserve_rendered_tei_text,fa7ff096cbbf8f877ca475b1179c682976297eb4b9432c4df70a8b8a176159c4,text_materialized,data/processed/bibit_resolved_v1/historical_general/part-0001.txt,33972527,34000772,27811,28245,f91daa34432e12005d4bc26b3761a97d4209cdc135c16b6c4f31cf457f3fd831
bibit000337,Alcune considerazioni intorno all'allegoria,"Beltrami, Fabrizio",Biblioteca Italiana,http://www.bibliotecaitaliana.it/scheda/bibit000337,historical_general,preserve_rendered_tei_text,0c4aff68742e6a1a681d9b8ae583af8146b7aac28f8b965050916c136d67e3d5,text_materialized,data/processed/bibit_resolved_v1/historical_general/part-0001.txt,34000773,34028008,26895,27235,3b90f454c482797c0241f2a516f79afb195d0e618b84efeebf9fea1ed69e5c71
bibit000338,Polinice,"Alfieri, Vittorio",Biblioteca Italiana,http://www.bibliotecaitaliana.it/scheda/bibit000338,historical_general,preserve_rendered_tei_text,a5b632206227dfd2af40240fa80fa960bfe8cb7cb484d4c069c2c0d7ed836996,text_materialized,data/processed/bibit_resolved_v1/historical_general/part-0001.txt,34028009,34091631,62891,63622,9aa9ebc1757ef2c9496a056ac0e948f0fa042e3c22f0021bd327627006d132f2
bibit000339,Canzoni e altre rime,"Chariteo (Benedetto Gareth, detto il)",Biblioteca Italiana,http://www.bibliotecaitaliana.it/scheda/bibit000339,historical_non_sonnet_poetry,preserve_rendered_tei_text,a428929f7e30f9e45905b6f2231bc0b4713e1cb9f608cb2eb5b627b5da5680bb,text_materialized,data/processed/bibit_resolved_v1/historical_non_sonnet_poetry/part-0001.txt,8103045,8247748,142364,144703,4e96ef171ba325ed6136833e1f1cd0324257fedcc5ae45e3205bd8baf3613b84
bibit000341,La sampogna,"Marino, Giovambattista",Biblioteca Italiana,http://www.bibliotecaitaliana.it/scheda/bibit000341,historical_non_sonnet_poetry,preserve_rendered_tei_text,419eda22311758c05c1edaf045004c927a70f25d066ff5e7912055f1202f8af3,text_materialized,data/processed/bibit_resolved_v1/historical_non_sonnet_poetry/part-0001.txt,8247749,8574476,324213,326727,c769b4667ae991b147b5322244dea2ef4ad8b5c220272f6e91a54bb4a72014bc
bibit000343,Relatione de S. Giovanni Grimani,"Grimani, Giovanni",Biblioteca Italiana,http://www.bibliotecaitaliana.it/scheda/bibit000343,historical_general,preserve_rendered_tei_text,30c98f0a82dbb1fa5ee889cad7a680858b9049a3f0ec556174789d349bebed40,text_materialized,data/processed/bibit_resolved_v1/historical_general/part-0001.txt,34091632,34225356,132864,133724,01f3d309ce116bb3b5e1f41af1770f803e05f77a81f6df345ce2d19033933b75
bibit000345,Aggiunte alla ragion di stato,"Botero, Giovanni",Biblioteca Italiana,http://www.bibliotecaitaliana.it/scheda/bibit000345,historical_general,preserve_rendered_tei_text,9990e5e103a70bb012723834892172d24295e24df513afb7ad051e4dbd6234f5,text_materialized,data/processed/bibit_resolved_v1/historical_general/part-0001.txt,34225357,34478529,250611,253172,219aa27ca98a9cde2130677be4e10eebc9b0348948cb232f1418c8b0e0de3c70
bibit000346,Poesie,"Altoviti, Bernardo",Biblioteca Italiana,http://www.bibliotecaitaliana.it/scheda/bibit000346,historical_non_sonnet_poetry,preserve_rendered_tei_text,8a9f51330cfeede3e6982637a422bcdb1540614d57bd304c34ede1e2cdc82667,text_materialized,data/processed/bibit_resolved_v1/historical_non_sonnet_poetry/part-0001.txt,8574477,8575994,1502,1517,6c9e2b18071fc5b4d2762bc204a157cc44e476d3e5eb84db763c77e72558a8d7
bibit000347,Tirsi,"Castiglione, Baldassarre",Biblioteca Italiana,http://www.bibliotecaitaliana.it/scheda/bibit000347,historical_non_sonnet_poetry,preserve_rendered_tei_text,fff51f47cd2905131bf924190c26a7b11d331eb7d00ae74140f684d330883d0e,text_materialized,data/processed/bibit_resolved_v1/historical_non_sonnet_poetry/part-0001.txt,8575995,8593609,17424,17614,3e2c49a2b012e3fa93591f57314ae99aa68d1c7aef0c241515bb7767bff771e3
bibit000348,Sommario della Relazione di Germania,"Tron, Vincenzo",Biblioteca Italiana,http://www.bibliotecaitaliana.it/scheda/bibit000348,historical_general,preserve_rendered_tei_text,652b4303eee05d5169b84bbc855510b5a967d6e6a8e5820af25fb3cf77ca1633,text_materialized,data/processed/bibit_resolved_v1/historical_general/part-0001.txt,34478530,34497537,18857,19007,1a4f12a877e12b91640f8e12c2c10587dc4b58e9c1efdc7fe0294a8db459676e
bibit000349,Sonetti,Rustico Filippi,Biblioteca Italiana,http://www.bibliotecaitaliana.it/scheda/bibit000349,historical_non_sonnet_poetry,preserve_rendered_tei_text,cfc79e80ca4a306ed259babe9a99e1e7c946d9afbf55410588ac45b02eb5059a,text_materialized,data/processed/bibit_resolved_v1/historical_non_sonnet_poetry/part-0001.txt,8593610,8594034,424,424,28874e5cf1c9dc503590a1cc1307169105ef0bd8961495d72439a756c6b7ed94
bibit000350,Canace,"Speroni, Sperone",Biblioteca Italiana,http://www.bibliotecaitaliana.it/scheda/bibit000350,historical_general,preserve_rendered_tei_text,57a7481c49269db93abf7313ba3516f894a5f6addd46aadec224946172fad184,text_materialized,data/processed/bibit_resolved_v1/historical_general/part-0001.txt,34497538,34555250,57309,57712,45128493cef26f1de90357b4824a164173b9cffc6a15f846d5e5a149481d35ca
bibit000353,Per la istituzione d'un teatro civico,"Foscolo, Ugo",Biblioteca Italiana,http://www.bibliotecaitaliana.it/scheda/bibit000353,nineteenth_century_bridge,preserve_rendered_tei_text,b69272b3f1273265fa94917a1b7f15f179c4ff3b8b3f3409a0264f539ca418cf,text_materialized,data/processed/bibit_resolved_v1/nineteenth_century_bridge/part-0001.txt,13116457,13118699,2228,2242,902f50ba3ea51d4cdae36dd29e97351454f8591e56eea52eba34914110585af6
bibit000354,Cristo raffigurato nel sasso,"Monti, Vincenzo",Biblioteca Italiana,http://www.bibliotecaitaliana.it/scheda/bibit000354,historical_non_sonnet_poetry,preserve_rendered_tei_text,eed3029517cc500292fde81473723c4032c99d8e32c02da7e75ba57b8db6b2b9,text_materialized,data/processed/bibit_resolved_v1/historical_non_sonnet_poetry/part-0001.txt,8594035,8598903,4843,4868,b4226057fef9b84217e1de2436a87df28f9ab1aac807b57047e10fd5fb58f82e
bibit000355,Relazione di Spagna (1570),"Cavalli, Sigismondo",Biblioteca Italiana,http://www.bibliotecaitaliana.it/scheda/bibit000355,historical_general,preserve_rendered_tei_text,df129add272f1c1c4d06d028971bbe81861748cd95109b587f5d253390d0a92c,text_materialized,data/processed/bibit_resolved_v1/historical_general/part-0001.txt,34555251,34619220,63207,63969,6611c6460c5e04a946f66f7fcb126bbe87562ef1358d9179dae6d3b1cfa04669
bibit000356,Agl'Italiani. Orazione in occasione della liberazione del Piceno,"Leopardi, Giacomo",Biblioteca Italiana,http://www.bibliotecaitaliana.it/scheda/bibit000356,nineteenth_century_bridge,preserve_rendered_tei_text,cb96da1476382b556fdb0a5189375d23b3b772c97e15755ea332385a9615d3ea,text_materialized,data/processed/bibit_resolved_v1/nineteenth_century_bridge/part-0001.txt,13118700,13148057,29178,29357,c7f9b8d90504eeb1d81c472102d8d0611476c3a865702a493ad5e82dfb1e1ab6
bibit000359,Rime,"Curti, Lancino",Biblioteca Italiana,http://www.bibliotecaitaliana.it/scheda/bibit000359,historical_non_sonnet_poetry,preserve_rendered_tei_text,e48b2b883dd1d7e8a367fea6b9b104b633a734d352dafbc07a12a8fa22f69068,text_materialized,data/processed/bibit_resolved_v1/historical_non_sonnet_poetry/part-0001.txt,8598904,8599097,193,193,78aa9afd11f0ff63278284010fbd25202ac3bd938c6cc8951f944387d33cfadd
bibit000361,Dialogo della istitutione delle donne,"Dolce, Lodovico",Biblioteca Italiana,http://www.bibliotecaitaliana.it/scheda/bibit000361,historical_general,preserve_rendered_tei_text,8e4f0d3311292d92242b37fba52faade3f9e943efa8fb278fce9ccfce3eb4abf,text_materialized,data/processed/bibit_resolved_v1/historical_general/part-0001.txt,34619221,34854733,232952,235512,cd71df9286dc2d3c26ef3f2ca9875f198f1a226db14235181fccbc910403e9fe
bibit000363,Morgante,"Pulci, Luigi",Biblioteca Italiana,http://www.bibliotecaitaliana.it/scheda/bibit000363,historical_non_sonnet_poetry,preserve_rendered_tei_text,6c90e5a5469a39dffacdca6549ae6331580ba1867865466bcd8966e01baec950,text_materialized,data/processed/bibit_resolved_v1/historical_non_sonnet_poetry/part-0001.txt,8599098,9730009,1119922,1130911,0deca18a29ce180eb7517ac75171cf772cd21cda7301824f2d8d80a0edcfba2c
bibit000364,Poesie,"Preti, Girolamo",Biblioteca Italiana,http://www.bibliotecaitaliana.it/scheda/bibit000364,historical_non_sonnet_poetry,preserve_rendered_tei_text,02b2208dadbf5150e10b5ba10e89b39992dc5a30a028ebe73117f881fe992b08,text_materialized,data/processed/bibit_resolved_v1/historical_non_sonnet_poetry/part-0001.txt,9730010,9844747,113799,114737,96aac2f469e7e50ed73ee8c66c611a4700c6814d18bc67201117f527474c72e4
bibit000366,Il libro degli affari proprii di casa de Lapo di Giovanni Niccolini de'Sirigatti,"Niccolini de' Sirigatti, Lapo",Biblioteca Italiana,http://www.bibliotecaitaliana.it/scheda/bibit000366,historical_general,strip_editorial_square_delimiters_and_labels,fc6c479ab85122b0b177a6d9b28ec3a3f8f2abb11b2aac0eb7269eeefcbbe721,text_materialized,data/processed/bibit_resolved_v1/historical_general/part-0001.txt,34854734,35071008,214216,216274,fc23adaf3178330786a904afcabcf0deaff821ccdeecbbd63fd8a0e34a9f9d6b
bibit000367,Relazione di Germania (1692),"Venier, Girolamo",Biblioteca Italiana,http://www.bibliotecaitaliana.it/scheda/bibit000367,historical_general,preserve_rendered_tei_text,1fa39944bcdc61e9eb86d9da5bf6787924446790fdb9f0096cddbba753f3b071,text_materialized,data/processed/bibit_resolved_v1/historical_general/part-0001.txt,35071009,35156591,84886,85582,e4c01c5c7d89121f834c57f681f6a12f9f5bfd04545558927d44adb5cef02eb9
bibit000368,Proemio al libro III dei Libri della famiglia,"Alberti, Leon Battista",Biblioteca Italiana,http://www.bibliotecaitaliana.it/scheda/bibit000368,historical_general,preserve_rendered_tei_text,e4348d044efef2c591a7458cddead6a5d3093e5be16e934ca1e645384cb17945,text_materialized,data/processed/bibit_resolved_v1/historical_general/part-0001.txt,35156592,35163160,6508,6568,3fa6ce36bf852228b4a1f95bfd1c52e65e57768024c3691ce736c6f6acdc45a9
bibit000369,Idilli e volgarizzamenti di alcuni versi morali dal greco (,"Leopardi, Giacomo",Biblioteca Italiana,http://www.bibliotecaitaliana.it/scheda/bibit000369,nineteenth_century_bridge,preserve_rendered_tei_text,67ec48241ff0666ee3cb4b0ebfbf7b3260fa23db8ceb983247c0891af7d062ab,text_materialized,data/processed/bibit_resolved_v1/nineteenth_century_bridge/part-0001.txt,13148058,13159512,11379,11454,be188a57e93e06adf96b06b0d063cd7d4a18be4a0ff3a2e1e57e3215a27cda54
bibit000370,Rappresentazione di san Giovanni e Paolo,"Medici, Lorenzo de'",Biblioteca Italiana,http://www.bibliotecaitaliana.it/scheda/bibit000370,historical_general,preserve_rendered_tei_text,c487853bdea638648cf648736a07f51f4adabbabb0911d2c0e5faa42b41d445d,text_materialized,data/processed/bibit_resolved_v1/historical_general/part-0001.txt,35163161,35211180,47499,48019,dd76ee5a0132a5a8b8266ff620b677ff4c029f2f89b342bdf660dd20081e2c8a
bibit000371,La Campagna,"Leopardi, Giacomo",Biblioteca Italiana,http://www.bibliotecaitaliana.it/scheda/bibit000371,nineteenth_century_bridge,preserve_rendered_tei_text,44fb1e44dba53fe2b2ebb4f40ac0d6498f5460e4ebccf9f8d892bf218bcfba3a,text_materialized,data/processed/bibit_resolved_v1/nineteenth_century_bridge/part-0001.txt,13159513,13164947,5386,5434,4b81169020740b4d58e0e0a15042c6019aedb8176cc3221bda189e78c57704e0
bibit000372,Sansone (1809),"Leopardi, Giacomo",Biblioteca Italiana,http://www.bibliotecaitaliana.it/scheda/bibit000372,nineteenth_century_bridge,preserve_rendered_tei_text,1f6b1db571b79b0545fa7e3e4ecf09e68a945351803c388f12a38227ccf12b6d,text_materialized,data/processed/bibit_resolved_v1/nineteenth_century_bridge/part-0001.txt,13164948,13167567,2604,2619,81fe7bb4bc23ff5cb862b551ae19637307d2cd295a34fa06ff2d732cfca35361
bibit000373,Bibbia Istoriata Padovana della fine del trecento,Non definito,Biblioteca Italiana,http://www.bibliotecaitaliana.it/scheda/bibit000373,historical_general,strip_editorial_square_delimiters_and_labels,f941da4c7d5a0b23fb63a039cfa2a0019793490828ef1ef625387d4fdd915ace,text_materialized,data/processed/bibit_resolved_v1/historical_general/part-0001.txt,35211181,35595155,373528,383974,34fea2a087516fe284876df889ca10a270e4951b8bb8850bd96fb36c101cf032
bibit000374,Relazione di Francia di Vincenzo Gussoni (1616-1617),"Gussoni, Vincenzo",Biblioteca Italiana,http://www.bibliotecaitaliana.it/scheda/bibit000374,historical_general,preserve_rendered_tei_text,84825266be74c47023056d7959529f8ad1da88d1a0e2402eba7f0ef2a4811da7,text_materialized,data/processed/bibit_resolved_v1/historical_general/part-0001.txt,35595156,35639821,44318,44665,3e45ff844912aa599dd8aa795eeb4aceed9142cf41887ba076dde2b03ae71c07
bibit000375,Della morale letteraria,"Foscolo, Ugo",Biblioteca Italiana,http://www.bibliotecaitaliana.it/scheda/bibit000375,nineteenth_century_bridge,preserve_rendered_tei_text,08a5c80421b8f64cb8a904721f05dad203832c2cd846351853e6cc8ee5848f88,text_materialized,data/processed/bibit_resolved_v1/nineteenth_century_bridge/part-0001.txt,13167568,13304740,135315,137172,086ad527e6d6c70b7c47bbae0271f10e48b6490d1317bf8b52ec1a9efaa700ed
bibit000378,Descrizione del Serraglio del Gransignore,"Bon, Ottaviano",Biblioteca Italiana,http://www.bibliotecaitaliana.it/scheda/bibit000378,historical_general,preserve_rendered_tei_text,a0f190ca1d6c75e192d43b377828b6db81e3476a3300fc0be781e7460fff41c3,text_materialized,data/processed/bibit_resolved_v1/historical_general/part-0001.txt,35639822,35782246,141159,142424,e88e03f3bb73468edefc80a41f5d22aba8f61f74f4595496cb42a9c7c01e8161
bibit000379,Sonetti inediti,"Burchiello (Domenico di Giovanni, detto il)",Biblioteca Italiana,http://www.bibliotecaitaliana.it/scheda/bibit000379,historical_non_sonnet_poetry,preserve_rendered_tei_text,48c53c8b4c97f7e47e96e73c91dbcc6e0f3331bf918da3e1436fc283b2295d54,text_materialized,data/processed/bibit_resolved_v1/historical_non_sonnet_poetry/part-0001.txt,9844748,9844824,76,76,e92d65a1c786596011653d6b4ccb14d5388154f73419291e45c365a4644fdd1c
bibit000380,Pastorale,"Boiardo, Matteo Maria",Biblioteca Italiana,http://www.bibliotecaitaliana.it/scheda/bibit000380,historical_non_sonnet_poetry,preserve_rendered_tei_text,674ad9f21bb00483dcd7c75b824777af9b48279a7f3127ac5aced9351cef79d4,text_materialized,data/processed/bibit_resolved_v1/historical_non_sonnet_poetry/part-0001.txt,9844825,9897561,52060,52736,58f07669d5cb137bf7409c340cea162f1b6eb02a506971eda630a2ba4532b0aa
bibit000382,Un argomento ad personam,"Manzoni, Alessandro",Biblioteca Italiana,http://www.bibliotecaitaliana.it/scheda/bibit000382,nineteenth_century_bridge,preserve_rendered_tei_text,064d76b3443e040d5a7a5976903812dd8da8021f426d0344b6a8d8b81488dbae,text_materialized,data/processed/bibit_resolved_v1/nineteenth_century_bridge/part-0001.txt,13304741,13307293,2543,2552,a2d43d0fda14f7973b0a44f354391dfae1f5eef4c01bed881f6eff6f557b6f81
bibit000384,"Rime degli Arcadi, tomo quinto",Non definito,Biblioteca Italiana,http://www.bibliotecaitaliana.it/scheda/bibit000384,historical_non_sonnet_poetry,preserve_rendered_tei_text,54893335c10667d6e49e2f58e5c1c6e53b0d5a96e902f2767298052b66fc64b6,text_materialized,data/processed/bibit_resolved_v1/historical_non_sonnet_poetry/part-0001.txt,9897562,10011491,113035,113929,9389d723f16599d5377e35523d02c632c881adbe843956c839499ef7db8939cf
bibit000385,Rime,"Grazzini, Anton Francesco",Biblioteca Italiana,http://www.bibliotecaitaliana.it/scheda/bibit000385,historical_non_sonnet_poetry,preserve_rendered_tei_text,68d922a880ebeb92daf6c17d7207a4f777a4bd50ee8bef442212c33f286662d6,text_materialized,data/processed/bibit_resolved_v1/historical_non_sonnet_poetry/part-0001.txt,10011492,10132555,120047,121063,ea054ce74861d854b1c9e16287f5068e8b9661e3239b4ed6de895cd24015b8ba
bibit000386,Il palazzo Turchi-Trotti-Di Bagno.Elenco degli ambienti e dei quadri all'interno del palazzo del 1813,"Finotti, P.G.",Biblioteca Italiana,http://www.bibliotecaitaliana.it/scheda/bibit000386,historical_general,preserve_rendered_tei_text,b42bfbf7647dc5049f6c137461a04dfbf9bf9dbf7c2ec7f5af00724cda3839bc,text_materialized,data/processed/bibit_resolved_v1/historical_general/part-0001.txt,35782247,35788049,5799,5802,007b112fb6d2a7b17e4a56ea7e71d848777c67fbbabb4472341d377444138c95
bibit000388,Siroe,"Metastasio, Pietro",Biblioteca Italiana,http://www.bibliotecaitaliana.it/scheda/bibit000388,historical_general,preserve_rendered_tei_text,66f5a380686a0285b7938c5f748b9abdb730f864ec8d3aec2c7ac0982a5baf5b,text_materialized,data/processed/bibit_resolved_v1/historical_general/part-0001.txt,35788050,35844446,55922,56396,76115c7ee4bb694fadcd66b312fe138514d255d4ef342c2c6b3d0d582666931a
bibit000389,Tullia,"Martelli, Lodovico",Biblioteca Italiana,http://www.bibliotecaitaliana.it/scheda/bibit000389,historical_general,preserve_rendered_tei_text,2b4ca660d419995d604f4170faabd5ece8183633cd0807e11a45293ee7580585,text_materialized,data/processed/bibit_resolved_v1/historical_general/part-0001.txt,35844447,35930551,85437,86104,41ab455aa1f33d4814de693e5305862e1092297c3f397802f320822e3f0a82fd
bibit000391,Risposta di Roma a Plutarco,"Tasso, Torquato",Biblioteca Italiana,http://www.bibliotecaitaliana.it/scheda/bibit000391,historical_general,preserve_rendered_tei_text,8449fc7fbedda8728df0ecfff34f0f60d890e96632eaf1eb7f3c8c063c791972,text_materialized,data/processed/bibit_resolved_v1/historical_general/part-0001.txt,35930552,36048707,117115,118155,7b9296f2225205958749aba78d8cfb1969833da45ab99c24a3d43de775031bc4
bibit000394,L'Isole piu famose del mondo,"Porcacchi, Tommaso",Biblioteca Italiana,http://www.bibliotecaitaliana.it/scheda/bibit000394,historical_general,preserve_rendered_tei_text,48eb29daa5c076e81afd6d11cae58228d936aed5f1c14b32a59f8cccf06d04b8,text_materialized,data/processed/bibit_resolved_v1/historical_general/part-0001.txt,36048708,36449023,398118,400315,4679278e3691bf0ac4472d4a2011515177b96187881e61fd31d436cae69f4bef
bibit000395,Epistole Senili (trad. Fracassetti),"Petrarca, Francesco",Biblioteca Italiana,http://www.bibliotecaitaliana.it/scheda/bibit000395,historical_general,preserve_rendered_tei_text,fb3e20026e2b1a7c9090d968881b8617b39829dcaecb601c003a7a6409996f42,text_materialized,data/processed/bibit_resolved_v1/historical_general/part-0001.txt,36449024,38033756,1570699,1584732,2527d6eb688ba674b7bd0c9cfc31135c85d2f21caf7c7150e1d284f2208c8a23
bibit000396,Rime boscherecce,"Marino, Giovambattista",Biblioteca Italiana,http://www.bibliotecaitaliana.it/scheda/bibit000396,historical_non_sonnet_poetry,preserve_rendered_tei_text,775aeb47cb2050ba56c7e86328af4ba96de1ea1580541fa9eab2976cef4d9abc,text_materialized,data/processed/bibit_resolved_v1/historical_non_sonnet_poetry/part-0001.txt,10132556,10132898,342,342,ce45bea41e16283b720e92762f6c1e828513643f375dd5e90dbe6cb6e197e744
bibit000397,Telesilla,"Leopardi, Giacomo",Biblioteca Italiana,http://www.bibliotecaitaliana.it/scheda/bibit000397,nineteenth_century_bridge,preserve_rendered_tei_text,a072d55696080e95c67b5576b50664c74194b8aecc0d70bd2857d706baa6f067,text_materialized,data/processed/bibit_resolved_v1/nineteenth_century_bridge/part-0001.txt,13307294,13342239,34629,34945,fa5ba1d6b83922432b44c94ba4eb08c98dd0a4fe212802e3e2547b1571685b95
bibit000398,"Considerazioni intorno ai ""Discorsi"" del Machiavelli sopra la Prima Deca di Tito Livio","Guicciardini, Francesco",Biblioteca Italiana,http://www.bibliotecaitaliana.it/scheda/bibit000398,historical_general,preserve_rendered_tei_text,dfd0b4731e8144f964f3f196422bc13ea7bbb55c0d0d67c420cbeaa76d696e18,text_materialized,data/processed/bibit_resolved_v1/historical_general/part-0001.txt,38033757,38145965,110750,112208,b05c3f260904a0f76dd00a34c27827317a7b26474bab4d7d17d30403a57b7911
bibit000399,Epistolario (1819-1821),"Foscolo, Ugo",Biblioteca Italiana,http://www.bibliotecaitaliana.it/scheda/bibit000399,nineteenth_century_bridge,strip_editorial_square_delimiters_and_labels,0689e07b8290005607860bae1381786ed123919b25e7d4f3f882441ea3b013ef,text_materialized,data/processed/bibit_resolved_v1/nineteenth_century_bridge/part-0001.txt,13342240,14050315,695679,708075,6dcbfa7073364a6da4555687af1cfd6483bde2648b6f553bb8e0fd5706d3087b
bibit000400,Dissertazione sopra la felicità,"Leopardi, Giacomo",Biblioteca Italiana,http://www.bibliotecaitaliana.it/scheda/bibit000400,nineteenth_century_bridge,preserve_rendered_tei_text,53a94c9ccda4e95165105bb3ef745b4de9f9a30b80b09c463563a7d5d2ba9ee6,text_materialized,data/processed/bibit_resolved_v1/nineteenth_century_bridge/part-0001.txt,14050316,14064570,14066,14254,ec15af3c626a71ae547c30de7c95730d771dcd2442867abe0dc44d6655d202e1
bibit000402,Eva,"Verga, Giovanni",Biblioteca Italiana,http://www.bibliotecaitaliana.it/scheda/bibit000402,nineteenth_century_bridge,preserve_rendered_tei_text,96c2bf85d9eab5bce45045fa41819bd46dff5d06be467f033c77b2a6bef4a7c7,text_materialized,data/processed/bibit_resolved_v1/nineteenth_century_bridge/part-0001.txt,14064571,14234426,166503,169855,f920389b3a155a9dec91c10a23d02ccc4e627b1976a097ac1af2cb5a4afc71da
bibit000403,L'unità dell'Italia e la quadratura del circolo,"Manzoni, Alessandro",Biblioteca Italiana,http://www.bibliotecaitaliana.it/scheda/bibit000403,nineteenth_century_bridge,preserve_rendered_tei_text,1ff6eda04410f69092fc2a05d5dce214117d6ab4df2c9d97d005ba522c3fe24b,text_materialized,data/processed/bibit_resolved_v1/nineteenth_century_bridge/part-0001.txt,14234427,14237504,3047,3077,98ed0f07f5cc35aa0a19af619e5d4f6fcaf0eb8242cc4ac9c79694aba4594fbf
bibit000404,Relazione di Francia (1676),"Giustinian, Ascanio II",Biblioteca Italiana,http://www.bibliotecaitaliana.it/scheda/bibit000404,historical_general,preserve_rendered_tei_text,d335ce0ababfb096a34a9a2e8b2c6ad7af1fda84777b69ea7b31668a5d2948a8,text_materialized,data/processed/bibit_resolved_v1/historical_general/part-0001.txt,38145966,38192269,46016,46303,a4b2ac7a6ddafad709a82998931a91525d72ec648ba96ddfb1bcb8575db83d76
bibit000405,Relazione di Francia di Nicolo' Erizzo (1695-1699),Non definito,Biblioteca Italiana,http://www.bibliotecaitaliana.it/scheda/bibit000405,historical_general,preserve_rendered_tei_text,c30b8f0a5a8cff1218d93766c4577633067f169928267727ccc88b49d613a739,text_materialized,data/processed/bibit_resolved_v1/historical_general/part-0001.txt,38192270,38236998,44382,44728,10c64679d2d480be2a204fb136ea03591f1db0606d2ee3b60bf598600645271f
bibit000406,Epistole d'Ovidio,"Nannini, Remigio",Biblioteca Italiana,http://www.bibliotecaitaliana.it/scheda/bibit000406,historical_non_sonnet_poetry,preserve_rendered_tei_text,bb106bda8dbb8451fb107f28ef0923d4805dc131f6c8647f9ee041d44f66223b,text_materialized,data/processed/bibit_resolved_v1/historical_non_sonnet_poetry/part-0001.txt,10132899,10460156,324889,327257,65ba39d3980842f8d9c42089e2f7ee2d638e54078c8c1eca95a31bcd54c6be01
bibit000407,Ipermestra,"Metastasio, Pietro",Biblioteca Italiana,http://www.bibliotecaitaliana.it/scheda/bibit000407,historical_general,preserve_rendered_tei_text,8b9fdb4146148db0dceafa4bb9d38a5db4ba6a10573e16f0c200ea6cbd85b7d3,text_materialized,data/processed/bibit_resolved_v1/historical_general/part-0001.txt,38236999,38277624,40287,40625,12b8640d7bfe3b02275db89efc5360ae9dea9176925934478d84f12b17a3d450
bibit000408,Sonetti e canzoni,"Sannazaro, Iacopo",Biblioteca Italiana,http://www.bibliotecaitaliana.it/scheda/bibit000408,historical_non_sonnet_poetry,preserve_rendered_tei_text,e31a635dc90098583b6fe4a95c3a297f43b4bda9af43cd24b2e9b03e3b8f1553,text_materialized,data/processed/bibit_resolved_v1/historical_non_sonnet_poetry/part-0001.txt,10460157,10507951,47189,47794,8303e502364d39c6223b0b2fb7632a459d9b91ba46cfe0b4da746417d0bf241b
bibit000409,La clemenza di Tito,"Metastasio, Pietro",Biblioteca Italiana,http://www.bibliotecaitaliana.it/scheda/bibit000409,historical_non_sonnet_poetry,preserve_rendered_tei_text,af98b45fa1a402e91d736ae0f3cd38b9c3fcb434dacfe528426000695afde3e0,text_materialized,data/processed/bibit_resolved_v1/historical_non_sonnet_poetry/part-0001.txt,10507952,10568126,59545,60174,a666f6a68e899e02af5ee929bad4401369d23c75a76fc35cf461b47b46710855
bibit000410,Della fama di Orazio presso gli antichi,"Leopardi, Giacomo",Biblioteca Italiana,http://www.bibliotecaitaliana.it/scheda/bibit000410,nineteenth_century_bridge,preserve_rendered_tei_text,0c56c510d27ab7f392fce23dc093b0be515981c8e079c7852bb658d1c5b36453,text_materialized,data/processed/bibit_resolved_v1/nineteenth_century_bridge/part-0001.txt,14237505,14257264,19512,19759,79c544c2ae24db0386381d873f2499a8dee8ab16dd9b210b9e3bec0bdecc0f2a
bibit000411,"I dilettevoli dialogi, le vere narrationi, le facete epistole di Luciano filosofo",Nicolò da Lonigo,Biblioteca Italiana,http://www.bibliotecaitaliana.it/scheda/bibit000411,historical_general,preserve_rendered_tei_text,f0fe1ac156584c181ed1c2e41a4a80fdc595ca106e4d39ee8a99391bd4f4e7be,text_materialized,data/processed/bibit_resolved_v1/historical_general/part-0001.txt,38277625,39022939,745219,745314,b652e7aa45f0d524fdfc68111c403011131377b95bb107d35d0111d067d7079a
bibit000412,Poesie minori (versi giovanili e altre poesie),"Foscolo, Ugo",Biblioteca Italiana,http://www.bibliotecaitaliana.it/scheda/bibit000412,historical_non_sonnet_poetry,strip_editorial_square_delimiters_and_labels,6444d2876301d3faada8c6c9a3ad61c0fbc4e7833b6fcc1fd0fd10bc314ef9ef,text_materialized,data/processed/bibit_resolved_v1/historical_non_sonnet_poetry/part-0001.txt,10568127,10726500,156915,158373,9343ab8e1e645f2f88dd6221ebe589cf67ab01dc9d819f752ce609c791da2c55
bibit000413,Relazione di Costantinopoli (1682),"Civran, Pietro",Biblioteca Italiana,http://www.bibliotecaitaliana.it/scheda/bibit000413,historical_general,preserve_rendered_tei_text,97d2e9abaa4322cd5747586af194cd46957828577581b630362408a6023300dd,text_materialized,data/processed/bibit_resolved_v1/historical_general/part-0001.txt,39022940,39094690,71174,71750,118f1213ebb29c13badc74471a996ae8bbebc153f16c2cba98415076618d66ff
bibit000414,In morte di Ugo di Bassville,"Monti, Vincenzo",Biblioteca Italiana,http://www.bibliotecaitaliana.it/scheda/bibit000414,historical_non_sonnet_poetry,preserve_rendered_tei_text,10ccbcc238c02f30d2fe0220fdfc22e118e3a6215da2133191f282b6ce32c3f0,text_materialized,data/processed/bibit_resolved_v1/historical_non_sonnet_poetry/part-0001.txt,10726501,10774027,47236,47526,582619d4520f013595c516e6ad69d827cf44ec71221c4fee3a204b6e799cd609
bibit000415,Regole grammaticali della volgar lingua,"Fortunio, Giovanni Francesco",Biblioteca Italiana,http://www.bibliotecaitaliana.it/scheda/bibit000415,historical_general,preserve_rendered_tei_text,5370e422c0904088849ed54d9f7682ed00347670a826caa409995214979fdc96,text_materialized,data/processed/bibit_resolved_v1/historical_general/part-0001.txt,39094691,39255593,156533,160902,08ea3d14cf7e623557e6c2c2ad03f26127b135b2c0d670b89460d3e2e9deb342
bibit000416,Aristodemo,"Dottori, Carlo de'",Biblioteca Italiana,http://www.bibliotecaitaliana.it/scheda/bibit000416,historical_general,preserve_rendered_tei_text,6f5564ef07cd4c60744d7218141271a41e40bd6770ba3905a4639d09e4b5d5b9,text_materialized,data/processed/bibit_resolved_v1/historical_general/part-0001.txt,39255594,39358116,101506,102522,2f2c8098a7c3402d0000e995848a7f7a7e4b8932880447efd2c21a7da0d30d17
bibit000418,Poesie,"Guazzalotri, Antonio",Biblioteca Italiana,http://www.bibliotecaitaliana.it/scheda/bibit000418,historical_non_sonnet_poetry,preserve_rendered_tei_text,402d76ff600233fb0215f2d94edf69d21cac3ba5e45f6bae0f64875215fd4821,text_materialized,data/processed/bibit_resolved_v1/historical_non_sonnet_poetry/part-0001.txt,10774028,10779003,4916,4975,1e22775101957b881d9dd58527dabbedf5727cb83cd59e6f68c91e90a6efee98
bibit000419,La Divina Commedia di Dante Alighieri postillata da Torquato Tasso,"Tasso, Torquato",Biblioteca Italiana,http://www.bibliotecaitaliana.it/scheda/bibit000419,historical_general,strip_editorial_square_delimiters_and_labels,ddd000e1c530f85c70eba9053ef023865ebd729209b23de8456c3323b6d28004,text_materialized,data/processed/bibit_resolved_v1/historical_general/part-0001.txt,39358117,39531465,171471,173348,a4d1e32e4ab9b6a3eb0e49c0b1f78939102575dbf07dad3db7cd29405ee415af
bibit000420,I rusteghi,"Goldoni, Carlo",Biblioteca Italiana,http://www.bibliotecaitaliana.it/scheda/bibit000420,historical_general,preserve_rendered_tei_text,ee804d7bc9560554fa4a6bb62b09d8e5b589367ec9f5b4cda4d496ef325d9246,text_materialized,data/processed/bibit_resolved_v1/historical_general/part-0001.txt,39531466,39631110,97887,99644,b637913ffb874848f2521687eabdb8ab27888f4158993f596228a165e6047922
bibit000421,Sesto tomo dell'io,"Foscolo, Ugo",Biblioteca Italiana,http://www.bibliotecaitaliana.it/scheda/bibit000421,nineteenth_century_bridge,preserve_rendered_tei_text,75a8c095b487f8a3e79674f3646bdc61c4847cdca7ce1b402984af8d12f4a424,text_materialized,data/processed/bibit_resolved_v1/nineteenth_century_bridge/part-0001.txt,14257265,14273565,16058,16300,299a5542181fbd0153dc487f74d79812b6eab6bc1d3cb76c993930102298796c
bibit000422,"Relazione di Daniele Dolfin, 1793",Non definito,Biblioteca Italiana,http://www.bibliotecaitaliana.it/scheda/bibit000422,historical_general,preserve_rendered_tei_text,5b4f76fc25910d71d144f40ee915a11f1c49a89df603695ea01f88ccff018039,text_materialized,data/processed/bibit_resolved_v1/historical_general/part-0001.txt,39631111,39697893,66323,66782,8b3fddd60680d2d7474296034fc2f8a09492e026f5f85e3364ace2a9842bc8f8
bibit000423,Dei doveri dell'uomo,"Mazzini, Giuseppe",Biblioteca Italiana,http://www.bibliotecaitaliana.it/scheda/bibit000423,nineteenth_century_bridge,preserve_rendered_tei_text,adb1a8991b9859446006f8285696cd1b2aeb191790f8792732b485c3a1d3b532,text_materialized,data/processed/bibit_resolved_v1/nineteenth_century_bridge/part-0001.txt,14273566,14359481,85094,85915,26129fe5651bcc7bd0eae8aebf111e977f5b25983db88e840f8da9cc30160c6a
bibit000424,Erbolato,"Ariosto, Ludovico",Biblioteca Italiana,http://www.bibliotecaitaliana.it/scheda/bibit000424,historical_general,preserve_rendered_tei_text,daafe87983d08572c96aa3e7bea2a1bdd79577ffaf543c12041c423b168f20b3,text_materialized,data/processed/bibit_resolved_v1/historical_general/part-0001.txt,39697894,39723928,25589,26034,3473ed8d27be29164a4202cac7d264a70705f43ce9e0300cf182d2ab2bc14b72
bibit000425,Poesie,"Pitti, Bonaccorso",Biblioteca Italiana,http://www.bibliotecaitaliana.it/scheda/bibit000425,historical_non_sonnet_poetry,preserve_rendered_tei_text,a02d85b4f1c41f3eca8e60e0b99b177f3105a7eb1aa7bcb767995b675755c9c2,text_materialized,data/processed/bibit_resolved_v1/historical_non_sonnet_poetry/part-0001.txt,10779004,10784528,5433,5524,da02f506965cbee5be9d9766a9eeeb3cc0511eb2e3f60001e3fcbedc8d89f062
bibit000426,Discorso dell'arte del dialogo,"Tasso, Torquato",Biblioteca Italiana,http://www.bibliotecaitaliana.it/scheda/bibit000426,historical_general,preserve_rendered_tei_text,c8c2a22675620a5d2a990dea36f84ea0fb1dd43937ad738672bc43c5aeba796a,text_materialized,data/processed/bibit_resolved_v1/historical_general/part-0001.txt,39723929,39746335,22206,22406,137055340d0432e0044c4aec937340539c396eedc13dab0fecec5135e99d7d88
bibit000427,Gli Eudemoni,"Giraldi Cinzio, Giambattista",Biblioteca Italiana,http://www.bibliotecaitaliana.it/scheda/bibit000427,historical_general,preserve_rendered_tei_text,d200ce4b325307bd7a42cc62203932cb572ac6aa34c81e81d3520745c7e4822f,text_materialized,data/processed/bibit_resolved_v1/historical_general/part-0001.txt,39746336,39815532,68516,69196,cedcb03ed6bdff314ff6f89ab3146d9fbb456f86ccc6de859b3036779f11607d
bibit000428,Lettere,"Galilei, Galileo",Biblioteca Italiana,http://www.bibliotecaitaliana.it/scheda/bibit000428,historical_general,preserve_rendered_tei_text,88eab658e88fc08e6a7d2602623f728dea113683c8b078e2399e653ac818822f,text_materialized,data/processed/bibit_resolved_v1/historical_general/part-0001.txt,39815533,40256594,437803,441061,6fd54cb5692e095bbd2e7ea31214f17658d68ab26dc6dfdd48d8a4ada2845960
bibit000429,Linguaccio,"Alessandri, Baldassarre Olimpo degli",Biblioteca Italiana,http://www.bibliotecaitaliana.it/scheda/bibit000429,historical_non_sonnet_poetry,preserve_rendered_tei_text,47683781f00b815a17ed2a3120234309e37614f6c8b5fc473ba5644c523cac17,text_materialized,data/processed/bibit_resolved_v1/historical_non_sonnet_poetry/part-0001.txt,10784529,10839584,54434,55055,7c13e66bd9c95564abb1101fe03593d696130744b934a38cdf106623fe2ff0a6
bibit000430,Poesie,"Monti, Vincenzo",Biblioteca Italiana,http://www.bibliotecaitaliana.it/scheda/bibit000430,historical_non_sonnet_poetry,preserve_rendered_tei_text,d82d8cd9f4be503e32504d2a76bd3d5d082a48507aaf2c1367dc4035584e8dae,text_materialized,data/processed/bibit_resolved_v1/historical_non_sonnet_poetry/part-0001.txt,10839585,10940149,99843,100564,f9f70d3f36fc68e4eefbc0d15ed5719482e1f8f7331d7be277b51416c2298ba8
bibit000431,Fermo e Lucia,"Manzoni, Alessandro",Biblioteca Italiana,http://www.bibliotecaitaliana.it/scheda/bibit000431,nineteenth_century_bridge,preserve_rendered_tei_text,e6a4b4467f1d1143888a296551ddb6e3df32a19893359365185352d2b80cbc6b,text_materialized,data/processed/bibit_resolved_v1/nineteenth_century_bridge/part-0001.txt,14359482,15694047,1318796,1334565,d9238232c27665836b08a97f6ff2979da7f7b5e982591a5a13e954883941f03b
bibit000433,Dialogo sopra la nobiltà,"Parini, Giuseppe",Biblioteca Italiana,http://www.bibliotecaitaliana.it/scheda/bibit000433,historical_general,preserve_rendered_tei_text,2505dbad6b0776b18dc7fd71487153966426fd4156dd12d5adc47046c0bf4bd3,text_materialized,data/processed/bibit_resolved_v1/historical_general/part-0001.txt,40256595,40286615,29720,30020,77c4853f3c8bb514986cbdd8adcf886ef2cbaf350dc996ab4bd07d55b05f3755
bibit000434,Rime,"Morra, Isabella di",Biblioteca Italiana,http://www.bibliotecaitaliana.it/scheda/bibit000434,historical_non_sonnet_poetry,preserve_rendered_tei_text,c5288ea268dad539016a6bbe3eb4562c4991cc2e039c4f28c3daa215f68c6db5,text_materialized,data/processed/bibit_resolved_v1/historical_non_sonnet_poetry/part-0001.txt,10940150,10948888,8678,8738,9ad5051a5206249c9f981d8c3e5cbdd7075d1571eb316485b41df7feeba5a104
bibit000436,Pensieri,"Leopardi, Giacomo",Biblioteca Italiana,http://www.bibliotecaitaliana.it/scheda/bibit000436,nineteenth_century_bridge,preserve_rendered_tei_text,fd30b57df606e7021e937b9f53109740b0dfd09380f4c83a96e094ffa4a85ae4,text_materialized,data/processed/bibit_resolved_v1/nineteenth_century_bridge/part-0001.txt,15694048,15809535,113066,115487,c5c85c6ed50bc3c757a1600d36220e897b09fa1ccedf1eaf91e7bcd853a80d9c
bibit000437,Della moralità delle opere tragiche,"Manzoni, Alessandro",Biblioteca Italiana,http://www.bibliotecaitaliana.it/scheda/bibit000437,nineteenth_century_bridge,preserve_rendered_tei_text,7cece0fa41624e79f1adbdb209946870dfef77a379e7a89fb9fba670afe7655e,text_materialized,data/processed/bibit_resolved_v1/nineteenth_century_bridge/part-0001.txt,15809536,15833102,23239,23566,356ff5839789b3de0ecc63c4b343cf4f4cb727280d1d6e171d4da6fa72cd0779
bibit000438,Relazione di Piamonte,"Botero, Giovanni",Biblioteca Italiana,http://www.bibliotecaitaliana.it/scheda/bibit000438,historical_general,preserve_rendered_tei_text,110098d2dce8fc618b2cef739c44d2855b7c519676a132eb8471948fdb8fad68,text_materialized,data/processed/bibit_resolved_v1/historical_general/part-0001.txt,40286616,40305191,18411,18575,317ff263b920ceec59db055ae96716fead8093a96675c11b0ef663180158c314
bibit000440,De nuptjis Batibecho et Seraboca,"Savonarola, Michele",Biblioteca Italiana,http://www.bibliotecaitaliana.it/scheda/bibit000440,historical_general,preserve_rendered_tei_text,0ebcb64da010603fb54b4da68cb9c79921dc5ad0d69759b6232ba883602f87a3,text_materialized,data/processed/bibit_resolved_v1/historical_general/part-0001.txt,40305192,40398442,92165,93250,e10d2ca07769d76280c2f584446ac35e82e9a60f78c256129324a5f6e431a029
bibit000441,Rime,"Castiglione, Baldassarre",Biblioteca Italiana,http://www.bibliotecaitaliana.it/scheda/bibit000441,historical_non_sonnet_poetry,preserve_rendered_tei_text,c4d0d759c2ad476e5de747080789a6d24043d1db2fcf199503948cd56101ba01,text_materialized,data/processed/bibit_resolved_v1/historical_non_sonnet_poetry/part-0001.txt,10948889,10971682,22587,22793,9e21ccb73fee8124dfe1cc23e922c8b0ba8f5d07601c8e9cc531933785f6c053
bibit000443,Disperata rimembranza,Non definito,Biblioteca Italiana,http://www.bibliotecaitaliana.it/scheda/bibit000443,historical_non_sonnet_poetry,preserve_rendered_tei_text,77f8de25339444cabceb0c7bc3e43d7a7a3d9b36e50bd76b1d7bfa394c11b7c7,text_materialized,data/processed/bibit_resolved_v1/historical_non_sonnet_poetry/part-0001.txt,10971683,10972983,1288,1300,5a42cadd7f562408b9a8a5d0f3eea585b41b1185065a48382f7b2672800c349f
bibit000444,Strambotti,Serafino Aquilano,Biblioteca Italiana,http://www.bibliotecaitaliana.it/scheda/bibit000444,historical_non_sonnet_poetry,preserve_rendered_tei_text,9ce184e34f40503f07aa55596e75cb08f8eacb5443e06199d8d58c02acc13e00,text_materialized,data/processed/bibit_resolved_v1/historical_non_sonnet_poetry/part-0001.txt,10972984,11157677,180973,184693,5ce067f2635d2f1dc34337cea9ffc453755ebb5e64f7767e98e23debac5e361b
bibit000445,Dissertazione sopra l'astronomia,"Leopardi, Giacomo",Biblioteca Italiana,http://www.bibliotecaitaliana.it/scheda/bibit000445,nineteenth_century_bridge,preserve_rendered_tei_text,62c500bf944853db642ef4184127c8222c4faf35077ca5cb5143f1a74e9f9dbe,text_materialized,data/processed/bibit_resolved_v1/nineteenth_century_bridge/part-0001.txt,15833103,15850641,17387,17538,47ac5caab0048d63c9cd33bf464318dac74db32eba39dda24de0a3fe52bd99ce
bibit000446,Poesie,Antonio da San Miniato,Biblioteca Italiana,http://www.bibliotecaitaliana.it/scheda/bibit000446,historical_non_sonnet_poetry,preserve_rendered_tei_text,a84472a45b1e15b86aaf90e55dfef1a7850fc973a621534d62d1b22552c3072b,text_materialized,data/processed/bibit_resolved_v1/historical_non_sonnet_poetry/part-0001.txt,11157678,11163315,5584,5637,2a628c6650aac3fcc1cead469a6e5329711ef77f651092776f48e8f9242e98ed
bibit000447,Da cuspide ferrate,Non definito,Biblioteca Italiana,http://www.bibliotecaitaliana.it/scheda/bibit000447,historical_non_sonnet_poetry,preserve_rendered_tei_text,8a2cc0fac94a3f2d1672e4f940fdbf91d586a754d49efbf547b4994fead55321,text_materialized,data/processed/bibit_resolved_v1/historical_non_sonnet_poetry/part-0001.txt,11163316,11164008,669,692,98fd3f33540641a959015783ab4e147f3714096248a406e625878c848a2198b6
bibit000449,Il giorno (2 redazione),"Parini, Giuseppe",Biblioteca Italiana,http://www.bibliotecaitaliana.it/scheda/bibit000449,historical_non_sonnet_poetry,preserve_rendered_tei_text,b7405ed1a00e801549bfe0b73b3dc2799ae4c00ac14ae76effa451381722c250,text_materialized,data/processed/bibit_resolved_v1/historical_non_sonnet_poetry/part-0001.txt,11164009,11289781,124918,125772,3a5c94d1abb15b2a1f4d9e602f4800ae89c21b318ed2d650b83c7ac766605c8b
bibit000450,Dissertazione sopra le virtù morali in particolare,"Leopardi, Giacomo",Biblioteca Italiana,http://www.bibliotecaitaliana.it/scheda/bibit000450,nineteenth_century_bridge,preserve_rendered_tei_text,02cfe6f071a8b10591c17cfb02a16c4b70889e4ea4bf0041f61c7259df2008fb,text_materialized,data/processed/bibit_resolved_v1/nineteenth_century_bridge/part-0001.txt,15850642,15864761,13965,14119,c0a635bda912ebc6384bf61c44e45a3f5df68302804c4edfaba28a4cc572a8e4
bibit000451,Notizia intorno a Didimo Chierico,"Foscolo, Ugo",Biblioteca Italiana,http://www.bibliotecaitaliana.it/scheda/bibit000451,nineteenth_century_bridge,preserve_rendered_tei_text,24b469a9546025d5857e321b3375e5aaee3e1460a3e1e18db7b1025636f2ac6d,text_materialized,data/processed/bibit_resolved_v1/nineteenth_century_bridge/part-0001.txt,15864762,15884696,19728,19934,4b6f4ed3445f8c42b2ed0144012e9ca06dbf1e0ae4298b4d30b4052542716d56
bibit000453,La Legenda de Sancto Stady,"Grioni, Franceschino",Biblioteca Italiana,http://www.bibliotecaitaliana.it/scheda/bibit000453,historical_non_sonnet_poetry,preserve_rendered_tei_text,7a364fdef89dd84caba2d880233de3a18488147dee6aaa9ac1da301f049624a4,text_materialized,data/processed/bibit_resolved_v1/historical_non_sonnet_poetry/part-0001.txt,11289782,11429939,137742,140157,910435a43d8557523de250c11e46558256a7170f9749e8f5298f78082109fd9d
bibit000454,Opere minori,"Pulci, Luigi",Biblioteca Italiana,http://www.bibliotecaitaliana.it/scheda/bibit000454,historical_non_sonnet_poetry,preserve_rendered_tei_text,76c7ce46de113e30fcb0b6ddcb663b4ec9a145c2261c0e62499c5cc475fe6381,text_materialized,data/processed/bibit_resolved_v1/historical_non_sonnet_poetry/part-0001.txt,11429940,11461178,30845,31238,23e0cf743b211643250bf54fc98206a8759f00119c2572617c222e878ef811e3
bibit000455,Ajace,"Foscolo, Ugo",Biblioteca Italiana,http://www.bibliotecaitaliana.it/scheda/bibit000455,nineteenth_century_bridge,preserve_rendered_tei_text,9003e48896254eb032b2fdb5a439367a9748179af7a9e09fd555c5b2bb7a8a2f,text_materialized,data/processed/bibit_resolved_v1/nineteenth_century_bridge/part-0001.txt,15884697,15964692,79075,79995,9dd747d74729afdd24159b50482c98d8e78ce8c8b72704a41a8ef2a6ba6ac0fa
bibit000456,Poesie,"Vettori, Andrea",Biblioteca Italiana,http://www.bibliotecaitaliana.it/scheda/bibit000456,historical_non_sonnet_poetry,preserve_rendered_tei_text,b6ef6886a7a6778137585f21e7c6f3dc0e718bd95ee936795e9dbd9eebcb4acc,text_materialized,data/processed/bibit_resolved_v1/historical_non_sonnet_poetry/part-0001.txt,11461179,11466096,4871,4917,4eba3ffbba3941345d9a0f499353ead23bbd6e6d4909708ee0c8e4d107b411c2
bibit000457,Epistolario (1815-1816),"Foscolo, Ugo",Biblioteca Italiana,http://www.bibliotecaitaliana.it/scheda/bibit000457,nineteenth_century_bridge,strip_editorial_square_delimiters_and_labels,d2b53ffff70a19b750f0f06a84637119261329deb19a4a2c43f4fd165bebb89c,text_materialized,data/processed/bibit_resolved_v1/nineteenth_century_bridge/part-0001.txt,15964693,16913822,933391,949129,32ba71d9de69eeeabb945d3156413b4c4bd1ee9fa820c4a0b97743244d6e7af7
bibit000458,Massime essenziali dell'Impero Ottomano,"Bon, Ottaviano",Biblioteca Italiana,http://www.bibliotecaitaliana.it/scheda/bibit000458,historical_general,preserve_rendered_tei_text,b1b3f65970281bc1e22c3edd0498472a506e3ab959914ca24046744f76f75da1,text_materialized,data/processed/bibit_resolved_v1/historical_general/part-0001.txt,40398443,40417786,19178,19343,0362c818d5d9af67123dd967632db6c538cd171337ed361f7062b37a5e57b344
bibit000460,Epistolario,"Monti, Vincenzo",Biblioteca Italiana,http://www.bibliotecaitaliana.it/scheda/bibit000460,historical_general,strip_editorial_square_delimiters_and_labels,decbb714d86f53fa5a6e5cabb9b696daa6238746751dae922aee4ddf58f67130,text_materialized,data/processed/bibit_resolved_v1/historical_general/part-0001.txt,40417787,44088177,3639164,3670390,75873974c9d7bde352ecbaef1ded3eeb9f01d320e89045b0dab96faad90b8e59
bibit000461,Il sacrificio (1587),"Beccari, Agostino",Biblioteca Italiana,http://www.bibliotecaitaliana.it/scheda/bibit000461,historical_general,preserve_rendered_tei_text,0168274f838ecf34d27574e0c40a985909015cb0f415be5521cd51b4846cb84f,text_materialized,data/processed/bibit_resolved_v1/historical_general/part-0001.txt,44088178,44205898,116555,117720,c1d15712104c6fe9d326937657ba7a89b37ceb390bee1ebc6ebe5f62620de7e5
bibit000462,Poesie,"Tedaldi, Francesco",Biblioteca Italiana,http://www.bibliotecaitaliana.it/scheda/bibit000462,historical_non_sonnet_poetry,preserve_rendered_tei_text,3adc3e2669456c7b041c415a518bf30723962ec6facfc062b3057d6fe137dc2c,text_materialized,data/processed/bibit_resolved_v1/historical_non_sonnet_poetry/part-0001.txt,11466097,11466135,38,38,7072816875695a1b5e98da34c2c1ddabacca62b0caedacafdf4dbfa51ac0c70d
bibit000463,Poesie,"Pulci, Bernardo",Biblioteca Italiana,http://www.bibliotecaitaliana.it/scheda/bibit000463,historical_non_sonnet_poetry,preserve_rendered_tei_text,f7a30f74b3a2e1cc056b974601dc3aa18c34c3c0a014ae36c4b9bf9c85e8829a,text_materialized,data/processed/bibit_resolved_v1/historical_non_sonnet_poetry/part-0001.txt,11466136,11534790,67860,68654,64e83eda4eac1713307b3af13f3d097aeee257f7cf1424c88834407f31944ca7
bibit000465,Sofonisba,"Trissino, Gian Giorgio",Biblioteca Italiana,http://www.bibliotecaitaliana.it/scheda/bibit000465,historical_general,preserve_rendered_tei_text,e90192d1ad8c16835fa3fdd91bc4975ffe7731fc499aa05ffcf88ba2b9140b1c,text_materialized,data/processed/bibit_resolved_v1/historical_general/part-0001.txt,44205899,44284584,77870,78685,5a2e27a80403322a4b5abac689c1cba9fe9e10709c3b2618ab69427eeacfa0c3
bibit000466,Paralipomeni della Batracomiomachia,"Leopardi, Giacomo",Biblioteca Italiana,http://www.bibliotecaitaliana.it/scheda/bibit000466,nineteenth_century_bridge,preserve_rendered_tei_text,0a3b72a90e367b512abda0d5de392279cf192496bc995fe35ef2c4b382f65b1d,text_materialized,data/processed/bibit_resolved_v1/nineteenth_century_bridge/part-0001.txt,16913823,17027264,112587,113441,121be208259f0090aebe8dfd3569379ad69cf18c97efe2702da569edc1b6587d
bibit000467,I conservatori e l'evoluzione naturale dei partiti politici in Italia,"Jacini, Stefano",Biblioteca Italiana,http://www.bibliotecaitaliana.it/scheda/bibit000467,nineteenth_century_bridge,preserve_rendered_tei_text,80b2eb195fcc61bfe06d2c80f695fc9dee791e0f471946bd8052b41203dab2a8,text_materialized,data/processed/bibit_resolved_v1/nineteenth_century_bridge/part-0001.txt,17027265,17261899,232756,234634,03a24c8dbd5d9804cf6450f0a5beb8bb67571a73724454b6698da9ef0e9d36ca
bibit000468,Rime,"Stampa, Gaspara",Biblioteca Italiana,http://www.bibliotecaitaliana.it/scheda/bibit000468,historical_non_sonnet_poetry,preserve_rendered_tei_text,bf05e868a7678d4d681d4f38aff5f1b873d23b98bdb3af57f27bb0f2ecd0755d,text_materialized,data/processed/bibit_resolved_v1/historical_non_sonnet_poetry/part-0001.txt,11534791,11570268,35128,35477,9fc5998f025560735d1609362160676279a9eadcdaadda70e88b80479c229a82
bibit000469,Canti (ed. Napoli 1835),"Leopardi, Giacomo",Biblioteca Italiana,http://www.bibliotecaitaliana.it/scheda/bibit000469,nineteenth_century_bridge,preserve_rendered_tei_text,6f0a6ca88d6920c1a7813ce26ac9fee47b4ac79f74f39d62a151a7ba1f86289b,text_materialized,data/processed/bibit_resolved_v1/nineteenth_century_bridge/part-0001.txt,17261900,17384924,122175,123024,160d9f35744fa768d42ea6bbca85cc9be77c861a27692ec97a91b3a96f87fa62
bibit000470,Relazione di Germania (1682),"Giustinian, Ascanio",Biblioteca Italiana,http://www.bibliotecaitaliana.it/scheda/bibit000470,historical_general,preserve_rendered_tei_text,2f1a31fb72aaad87a52860e7c14618c99649dcf2ff08b10b5b2c6fa959bd737c,text_materialized,data/processed/bibit_resolved_v1/historical_general/part-0001.txt,44284585,44357773,72646,73188,0a6c039a696613a252fae52b321bf354ff5330aa774fa38b06ad95c6eb77ec77
bibit000471,Relazione di Germania (1678),"Michiel, Francesco",Biblioteca Italiana,http://www.bibliotecaitaliana.it/scheda/bibit000471,historical_general,preserve_rendered_tei_text,b3c520909a603ae239560c520cab93f3d5e71e2b5c9f06b4a25676ef1826727e,text_materialized,data/processed/bibit_resolved_v1/historical_general/part-0001.txt,44357774,44461738,103170,103964,36d7909c7ea8fa02002cab900e50750189d289bbcdcd08d6471519a65ce04ae8
bibit000472,Sonetti in persona di ser Pecora fiorentino beccaio,"Leopardi, Giacomo",Biblioteca Italiana,http://www.bibliotecaitaliana.it/scheda/bibit000472,historical_non_sonnet_poetry,preserve_rendered_tei_text,920f714d34538881a341c8c7115006745073a714484c3bd1076c8ac2c5581b2e,text_materialized,data/processed/bibit_resolved_v1/historical_non_sonnet_poetry/part-0001.txt,11570269,11570981,710,712,91103b4a88af896d18dc3606b1159b5dd7f31743bacf7ef8016573a6addc820a
bibit000474,Per la passione di Nostro Signore,"Monti, Vincenzo",Biblioteca Italiana,http://www.bibliotecaitaliana.it/scheda/bibit000474,historical_non_sonnet_poetry,preserve_rendered_tei_text,be97daa27c3580e54237edcb437af657be09559ca14ce718ec9850168e2f2e29,text_materialized,data/processed/bibit_resolved_v1/historical_non_sonnet_poetry/part-0001.txt,11570982,11575754,4741,4772,18b6417ede99a45cbe78f01a062b49facc6a79907316dd19256973bd56c3d12d
bibit000475,Il Forno overo de la Nobiltà,"Tasso, Torquato",Biblioteca Italiana,http://www.bibliotecaitaliana.it/scheda/bibit000475,historical_general,preserve_rendered_tei_text,53cabbd9b8a956f00c5d7d8ee1a1b9b26bcd367d89776a0024498c4c16c937fd,text_materialized,data/processed/bibit_resolved_v1/historical_general/part-0001.txt,44461739,44615727,152062,153988,be6701e8d6b4d73c6ca8ceebe2ae744c5370b5b1eb42840dc379c4d64f8ddf29
bibit000477,Cronica deli Imperadori,Non definito,Biblioteca Italiana,http://www.bibliotecaitaliana.it/scheda/bibit000477,historical_general,strip_editorial_square_delimiters_and_labels,ba973e2f368e6072139f1c299ecd3f2c75cf7c7ca4dd7ef9ca990697b1b399da,text_materialized,data/processed/bibit_resolved_v1/historical_general/part-0001.txt,44615728,44781583,165854,165855,0586475022fdfd0eb42922022a8e83058101f25c8ed4d1df072cfd5c82da5d86
bibit000479,Mirra,"Alfieri, Vittorio",Biblioteca Italiana,http://www.bibliotecaitaliana.it/scheda/bibit000479,historical_general,preserve_rendered_tei_text,2e30be1c0ea3cdbdc744d656949cf6921db1282556d4177fbbef1f55ae7103c3,text_materialized,data/processed/bibit_resolved_v1/historical_general/part-0001.txt,44781584,44843744,60961,62160,ade5eb74b531b850819da4fb97cd597af13004e486b3b272fc25839cbe1631d8
bibit000480,Poesie,"Damiani, Lorenzo",Biblioteca Italiana,http://www.bibliotecaitaliana.it/scheda/bibit000480,historical_non_sonnet_poetry,preserve_rendered_tei_text,f311bcd5b32bfa4046072e1e71b3c5624ba8f38691d764f38f2e73709464874c,text_materialized,data/processed/bibit_resolved_v1/historical_non_sonnet_poetry/part-0001.txt,11575755,11576458,624,703,b1e8c317cfed185c66c782c12dfcbf62f47c20412bf4a91874f515208b544322
bibit000482,Vita scritta da se medesimo,"Vico, Giambattista",Biblioteca Italiana,http://www.bibliotecaitaliana.it/scheda/bibit000482,historical_general,preserve_rendered_tei_text,ff489ffc8ad64590cc98d227b2c32e6b57361469d98410387fe0b449a179761d,text_materialized,data/processed/bibit_resolved_v1/historical_general/part-0001.txt,44843745,45008021,162612,164276,0a5bf97c83755b7f95ed67bc331213b06877a27cffc990f83d595823b6ab88ba
bibit000485,Issipile,"Metastasio, Pietro",Biblioteca Italiana,http://www.bibliotecaitaliana.it/scheda/bibit000485,historical_general,preserve_rendered_tei_text,6496cd932c81fd362a999809df5ef632e63b612db8f2ced2b6e3c0d9ddcaab90,text_materialized,data/processed/bibit_resolved_v1/historical_general/part-0001.txt,45008022,45054822,46454,46800,5e6bead977dcbe641310ef74288be7c1bc62b266c113040eb085d114f6b01f8f
bibit000486,Argomento di una Canzone sullo stato presente dell'Italia,"Leopardi, Giacomo",Biblioteca Italiana,http://www.bibliotecaitaliana.it/scheda/bibit000486,nineteenth_century_bridge,preserve_rendered_tei_text,e431f5d4110d7230b2ac14f20369e8e3954e1e62848eb3b27cd47d17e661579f,text_materialized,data/processed/bibit_resolved_v1/nineteenth_century_bridge/part-0001.txt,17384925,17390091,5105,5166,0ab54f90a4105523c27e35ec59fe048907e188760c64f08dade1b0abc3efc9b0
bibit000487,Il Cataneo overo de le conclusioni amorose,"Tasso, Torquato",Biblioteca Italiana,http://www.bibliotecaitaliana.it/scheda/bibit000487,historical_general,preserve_rendered_tei_text,ea504d60bd27e54f6c28856e667166a670e5518a602f5ed41aa8462ae5bdb211,text_materialized,data/processed/bibit_resolved_v1/historical_general/part-0001.txt,45054823,45125548,69909,70725,c22baa59144fb28fb9bb4373ec840ccc7855d5482eacadfd0422d6c7edcd648e
bibit000490,Memorie,"Da Ponte, Lorenzo",Biblioteca Italiana,http://www.bibliotecaitaliana.it/scheda/bibit000490,nineteenth_century_bridge,preserve_rendered_tei_text,180ac0612be8aeae99136b2eb381647f2d28697cd44673e3c630da89740b8329,text_materialized,data/processed/bibit_resolved_v1/nineteenth_century_bridge/part-0001.txt,17390092,18208727,809737,818635,725f0dd7facefaadbf7ae4d602f64831997023c936268068ff819ed7dfcd7375
bibit000493,Rime,"Alamanni, Luigi",Biblioteca Italiana,http://www.bibliotecaitaliana.it/scheda/bibit000493,historical_non_sonnet_poetry,preserve_rendered_tei_text,4ce331694334bca6a31de1cfce8c94997e4cc60c5b579ad9e3b0f25bc33f87b8,text_materialized,data/processed/bibit_resolved_v1/historical_non_sonnet_poetry/part-0001.txt,11576459,12351835,767884,775376,b9ee7270b89a878e4bc902942e8c3837815e7f901e75a2ebbd00e8ee12efcce3
bibit000495,Poesie,"Davanzati, Mariotto",Biblioteca Italiana,http://www.bibliotecaitaliana.it/scheda/bibit000495,historical_non_sonnet_poetry,preserve_rendered_tei_text,ef8894879ebb799b0f87688c85e447023a0b8b7d596c8eb640838c0ea5eadff4,text_materialized,data/processed/bibit_resolved_v1/historical_non_sonnet_poetry/part-0001.txt,12351836,12371140,19071,19304,883c223e9783899b22045644ae8e7cb86ec6d0a0adad8c7ab9e62b7987e62bcb
bibit000496,Dissertazione sopra l'esistenza di un ente supremo,"Leopardi, Giacomo",Biblioteca Italiana,http://www.bibliotecaitaliana.it/scheda/bibit000496,nineteenth_century_bridge,preserve_rendered_tei_text,e6d047634162633c46f1c212097eacebccbdad1d9f97905443debf1a6a7bca3a,text_materialized,data/processed/bibit_resolved_v1/nineteenth_century_bridge/part-0001.txt,18208728,18222761,13923,14033,7d2cd8147d464cb7181b3f68d86545cf0dd8eed6369f56ac2f315dba34c6138c
bibit000498,Poesie,"Biffoli, Benedetto",Biblioteca Italiana,http://www.bibliotecaitaliana.it/scheda/bibit000498,historical_non_sonnet_poetry,preserve_rendered_tei_text,e2a64be0e9a222beea77a144535d0b33a1dbf2b07db54b22d61557355cb2a19c,text_materialized,data/processed/bibit_resolved_v1/historical_non_sonnet_poetry/part-0001.txt,12371141,12373942,2776,2801,678a37a29fed07b6a65d3343c3bccbd57df8e26131630192e5de5b9b8b5924c8
bibit000499,Rime,"Di Costanzo, Angelo",Biblioteca Italiana,http://www.bibliotecaitaliana.it/scheda/bibit000499,historical_non_sonnet_poetry,preserve_rendered_tei_text,7b0ff36436820094c7523366e2faabad7f1333e24584e9530208fb97b27714db,text_materialized,data/processed/bibit_resolved_v1/historical_non_sonnet_poetry/part-0001.txt,12373943,12374509,566,566,6585dbcd64e09ad0d791cd389780ed85816bcb6d21da1f13061c862c1504a91c
bibit000502,Viaggio in Terrasanta,Non definito,Biblioteca Italiana,http://www.bibliotecaitaliana.it/scheda/bibit000502,historical_general,preserve_rendered_tei_text,b50644042226daaeeff28bcd121e4a2e4e18d3383621795ccf42243684bc1e5b,text_materialized,data/processed/bibit_resolved_v1/historical_general/part-0001.txt,45125549,45133808,8192,8259,74331b0af7b8bcc65218873d5fae51e171d04c5030d3b3e12617defe80f8ffb8
bibit000503,Dell'unità della favola,"Strozzi, Giovan Battista, il Giovane",Biblioteca Italiana,http://www.bibliotecaitaliana.it/scheda/bibit000503,historical_general,preserve_rendered_tei_text,ff615ef4af8d58b9cee3e49ac64e08ea3760106f1878cc60fc48a5ed63d4bbc4,text_materialized,data/processed/bibit_resolved_v1/historical_general/part-0001.txt,45133809,45153983,19848,20174,8131a28a850745838530532f45bfb06a763902d8671a8bf41c151f271afeb56d
bibit000504,Poesie,Domenico da Prato,Biblioteca Italiana,http://www.bibliotecaitaliana.it/scheda/bibit000504,historical_non_sonnet_poetry,preserve_rendered_tei_text,830a634ce1a5f1953f0be3c9da372c0e81badb4bcddb763a4d8f7472e12de0ac,text_materialized,data/processed/bibit_resolved_v1/historical_non_sonnet_poetry/part-0001.txt,12374510,12555316,178269,180806,8ca827b937629474dec893192b2519ab5aa05628d493d4a3ed6f369a95b981ac
bibit000505,Trattato della poesia lirica,"Torelli, Pomponio",Biblioteca Italiana,http://www.bibliotecaitaliana.it/scheda/bibit000505,historical_general,preserve_rendered_tei_text,093c869f6ae9e16e289107702171d6d57a6905f9515e0c925f96f80572a4d470,text_materialized,data/processed/bibit_resolved_v1/historical_general/part-0001.txt,45153984,45330485,174601,176501,942cb56a425d8ed79d0d4072c0f7e71892453d3f7aad9d1776a5a590451721b9
bibit000506,L'eroe cinese,"Metastasio, Pietro",Biblioteca Italiana,http://www.bibliotecaitaliana.it/scheda/bibit000506,historical_general,preserve_rendered_tei_text,342e65f64909d5893c56982bf051468683d72cf2e2ec3abc695579222e53e958,text_materialized,data/processed/bibit_resolved_v1/historical_general/part-0001.txt,45330486,45369678,38807,39192,44044923e97a114eb11bc7eae462ddbb1fa1cb64d7eb6bab44dfd6390f324cfb
bibit000507,Passion,Niccolò da Verona,Biblioteca Italiana,http://www.bibliotecaitaliana.it/scheda/bibit000507,historical_non_sonnet_poetry,preserve_rendered_tei_text,f628858d51876491d413f15db80200b060dd6bfbc53cc663ebd998cb4cd53f78,text_materialized,data/processed/bibit_resolved_v1/historical_non_sonnet_poetry/part-0001.txt,12555317,12599815,43619,44498,3a29fde2bc2adef5ada67d9f8d2bdeb6c2659455fe86a339a60edc7cb0bb6ede
bibit000509,Rime disperse e attribuite,"Petrarca, Francesco",Biblioteca Italiana,http://www.bibliotecaitaliana.it/scheda/bibit000509,historical_non_sonnet_poetry,preserve_rendered_tei_text,e0fb45c991a856179c20e8e1bc3077c27accb837152c9a0f6bdbaea56e8919fb,text_materialized,data/processed/bibit_resolved_v1/historical_non_sonnet_poetry/part-0001.txt,12599816,12657374,56652,57558,feaa7fe98809155007db8a6efec9ab2e053634aa42fe1fb0e1db142c40958007
bibit000510,L'avete fatta a me,Non definito,Biblioteca Italiana,http://www.bibliotecaitaliana.it/scheda/bibit000510,historical_non_sonnet_poetry,preserve_rendered_tei_text,1bec1861ab8684b853260c94ddd82048746feac087b22e3b8a50f3a73fd0f4a9,text_materialized,data/processed/bibit_resolved_v1/historical_non_sonnet_poetry/part-0001.txt,12657375,12658434,1041,1059,7b78c04679e77e973632b2daef3b7aab8f1e3083eb16f618a2a315ef08dd5a73
bibit000512,Uxoria,"Alberti, Leon Battista",Biblioteca Italiana,http://www.bibliotecaitaliana.it/scheda/bibit000512,historical_general,preserve_rendered_tei_text,78679727b5451a7034ceb19055c5a28465e311ecc64a5052bbf8af81b5194e73,text_materialized,data/processed/bibit_resolved_v1/historical_general/part-0001.txt,45369679,45399197,29271,29518,b6e6cae1736b62f59bca8b96c18e5e2710e14dff18b19ddb5e4788c1dd4b69cd
bibit000513,Rime,"Nannini, Remigio",Biblioteca Italiana,http://www.bibliotecaitaliana.it/scheda/bibit000513,historical_non_sonnet_poetry,preserve_rendered_tei_text,726ae8b266f886fff2a332debce44fff0bdcbd00753ab04855059578872ad054,text_materialized,data/processed/bibit_resolved_v1/historical_non_sonnet_poetry/part-0001.txt,12658435,12686555,27855,28120,a10e6847c128d0a123996be9abe8169021788555323aeb0e1243058eafc610cd
bibit000516,I sistemi e la democrazia. Pensieri,"Mazzini, Giuseppe",Biblioteca Italiana,http://www.bibliotecaitaliana.it/scheda/bibit000516,nineteenth_century_bridge,preserve_rendered_tei_text,d9d87f961544853893345a3b0b8e172edc31569dd0808e6ebab2bdab6589db06,text_materialized,data/processed/bibit_resolved_v1/nineteenth_century_bridge/part-0001.txt,18222762,18357117,132911,134355,1a3ae621769e042c835ce3905bfc221d296b801602568347dda746942d0b02ca
bibit000517,Theogenius,"Alberti, Leon Battista",Biblioteca Italiana,http://www.bibliotecaitaliana.it/scheda/bibit000517,historical_general,preserve_rendered_tei_text,f81c7f392feb4105f569035ff1d492abf9d020fb40f2bcc7423dcb0bcb409ad0,text_materialized,data/processed/bibit_resolved_v1/historical_general/part-0001.txt,45399198,45510397,110225,111199,2ed439e5e4f6b508eda66c30212ac820a83313d1c3211e7dbf38fc02f25a49fd
bibit000520,Vita nuova,"Alighieri, Dante",Biblioteca Italiana,http://www.bibliotecaitaliana.it/scheda/bibit000520,historical_general,preserve_rendered_tei_text,9c53720480cb749e2857603e2f0b793c7d50154955a53aab8d6def89ded2bbde,text_materialized,data/processed/bibit_resolved_v1/historical_general/part-0001.txt,45510398,45594000,82609,83602,c4c40d293ff439ed3abd9a2f907c8db6299a02ddbd6faa63cb79808aae29a83b
bibit000521,Rime e ritmi,"Carducci, Giosue",Biblioteca Italiana,http://www.bibliotecaitaliana.it/scheda/bibit000521,historical_non_sonnet_poetry,preserve_rendered_tei_text,9949e4dc1fe60b0b196e4d2feb5d0803791fbd1b65d16ac307ba8dcf5b1ddb59,text_materialized,data/processed/bibit_resolved_v1/historical_non_sonnet_poetry/part-0001.txt,12686556,12729663,42780,43107,b1693289fe2535c8035eef629c98af982172bd40d65da463279feed6018f5bcb
bibit000523,Sermone sul dì del giudizio,Brancaleone da Faenza,Biblioteca Italiana,http://www.bibliotecaitaliana.it/scheda/bibit000523,historical_non_sonnet_poetry,preserve_rendered_tei_text,a605dde4b63da2f3263560abe48be43693b2e6b8ddecc019dccfa9cde5956b75,text_materialized,data/processed/bibit_resolved_v1/historical_non_sonnet_poetry/part-0001.txt,12729664,12744473,14490,14809,3dc4577e277d5149aa6427c2ebb4cc6b15e35d97116cc41c1e11c211421f6e60
bibit000524,"Rime degli Arcadi, tomo quarto",Non definito,Biblioteca Italiana,http://www.bibliotecaitaliana.it/scheda/bibit000524,historical_non_sonnet_poetry,preserve_rendered_tei_text,590059f4d268ce16af02bf996a2bf12154ec1cb94f9330199ff37cbc36ca833c,text_materialized,data/processed/bibit_resolved_v1/historical_non_sonnet_poetry/part-0001.txt,12744474,12903453,157431,158979,8404fa8e53b954f745bcf09b1964dd64a7e96bd470b59218f082dd106f7c7d50
bibit000525,Relazione di Germania (1658),"Nani, Giovan Battista",Biblioteca Italiana,http://www.bibliotecaitaliana.it/scheda/bibit000525,historical_general,preserve_rendered_tei_text,77368b1c1ad35167d8a6d244a059f938136bec4529956f50f02cd5b628836c88,text_materialized,data/processed/bibit_resolved_v1/historical_general/part-0001.txt,45594001,45664960,70322,70959,3804e5131825de641f634d63d0ed8e7fee0d77a5a7207e33f3a44e7702971351
bibit000526,Istoria del Concilio tridentino,"Sarpi, Paolo",Biblioteca Italiana,http://www.bibliotecaitaliana.it/scheda/bibit000526,historical_general,strip_editorial_square_delimiters_and_labels,f99cefe1820fb32601891f6a8a31bcaa0725bd6522d9ea415be159c9d56e3b27,text_materialized,data/processed/bibit_resolved_v1/historical_general/part-0001.txt,45664961,48448203,2762809,2783242,e3a5fbb73479839fb5f4ebdbea9a56c83f423460ddadda77dc7ec228342bb32f
bibit000528,Le lagrime di Cristo,"Tasso, Torquato",Biblioteca Italiana,http://www.bibliotecaitaliana.it/scheda/bibit000528,historical_non_sonnet_poetry,preserve_rendered_tei_text,707e03812c1e990f53104fd7b801a0e7776a87359cfc744e791d815de8ad7fc3,text_materialized,data/processed/bibit_resolved_v1/historical_non_sonnet_poetry/part-0001.txt,12903454,12909994,6484,6540,d8072ced0d4c0462c4015107622252c496fb723442dfb16fdd3449b6a12c2039
bibit000531,Parere sopra il Salterio ebraico,"Leopardi, Giacomo",Biblioteca Italiana,http://www.bibliotecaitaliana.it/scheda/bibit000531,nineteenth_century_bridge,preserve_rendered_tei_text,4e4fc571f5b4413d6d87b73a35bfe412444db34d5a84de5dcd162bb904799ac9,text_materialized,data/processed/bibit_resolved_v1/nineteenth_century_bridge/part-0001.txt,18357118,18372435,15097,15317,f91ce4dd765dde732b952028add620f9c14567889572a1e2a23d437885a80ab9
bibit000532,"Rime degli Arcadi, tomo terzo",Non definito,Biblioteca Italiana,http://www.bibliotecaitaliana.it/scheda/bibit000532,historical_non_sonnet_poetry,preserve_rendered_tei_text,0af09880891818a7889bf7dd3f8320d49ed278770a969d4a5bc0591c83105e52,text_materialized,data/processed/bibit_resolved_v1/historical_non_sonnet_poetry/part-0001.txt,12909995,13035723,124770,125728,b2e8361611d5a3843e599eb279271abbb3c74a430f4abf0c73495fb2689888f8
bibit000533,La rotta e presa fatta a bresa per li francesi,Non definito,Biblioteca Italiana,http://www.bibliotecaitaliana.it/scheda/bibit000533,historical_non_sonnet_poetry,preserve_rendered_tei_text,a49f11292049f79242655dc89ab94bc689d4677f14a27ed2c01bb0e90e1736bf,text_materialized,data/processed/bibit_resolved_v1/historical_non_sonnet_poetry/part-0001.txt,13035724,13046664,10853,10940,04f09e3a65cd27d711dbce168434c959aa4f237a1e6240b33fa911856cced35a
bibit000534,Dissertazione sopra la luce,"Leopardi, Giacomo",Biblioteca Italiana,http://www.bibliotecaitaliana.it/scheda/bibit000534,nineteenth_century_bridge,preserve_rendered_tei_text,4a70033dc5061b07b0bc89ac8f32fd8b80ab904d72e8415c6227b436709146b4,text_materialized,data/processed/bibit_resolved_v1/nineteenth_century_bridge/part-0001.txt,18372436,18386802,14207,14366,cddf67e9c9cac149bc98792af5508e7d9a7dbf2fe5335423a10b0c42c0ae05f7
bibit000535,Dell'arte della guerra,"Machiavelli, Niccolò",Biblioteca Italiana,http://www.bibliotecaitaliana.it/scheda/bibit000535,historical_general,preserve_rendered_tei_text,13b76abaf0273acab13481e384512f221d5f6d5c984f8e8f55856b7e6fdb9bdb,text_materialized,data/processed/bibit_resolved_v1/historical_general/part-0001.txt,48448204,48812338,361394,364134,9762b6301403de52ef5d31843ed1de6f5f438bc6c23c6af063b169b510142c6b
bibit000536,Profugiorum ab aerumna libri III,"Alberti, Leon Battista",Biblioteca Italiana,http://www.bibliotecaitaliana.it/scheda/bibit000536,historical_general,preserve_rendered_tei_text,6bc106eaafc5e789fa4ef432081800c68ba1038e5d6036a633d07bd81f7812db,text_materialized,data/processed/bibit_resolved_v1/historical_general/part-0001.txt,48812339,48981625,167869,169286,a81cbe407f77032d042e0543733ef9d0dc54712745fc6d7e555d906bdbd58383
bibit000537,Fosca,"Tarchetti, Ugo Iginio",Biblioteca Italiana,http://www.bibliotecaitaliana.it/scheda/bibit000537,nineteenth_century_bridge,preserve_rendered_tei_text,82dbce6049c4a68b305fcc7f3f56a134b7ebb2605843093f2fd4af40511cf545,text_materialized,data/processed/bibit_resolved_v1/nineteenth_century_bridge/part-0001.txt,18386803,18731143,338324,344340,b0670d2b83b9237f20b45043ad339be2064b123967b24fa8d0d215e68755d805
bibit000538,"Varie avvertenze utili, e necessarie agli amatori de' buoni libri","Volpi, Gaetano",Biblioteca Italiana,http://www.bibliotecaitaliana.it/scheda/bibit000538,historical_general,preserve_rendered_tei_text,3ba8c5f68c7bffaa273691cd18741906da451614327f24a3ba0433a84656ca26,text_materialized,data/processed/bibit_resolved_v1/historical_general/part-0001.txt,48981626,49093491,111122,111865,f0b6f3282848b4493cf25a000378d9daac6dc36b8a4a897fbae6125ccb8ee368
bibit000539,Medicina Lulliana,"Bruno, Giordano",Biblioteca Italiana,http://www.bibliotecaitaliana.it/scheda/bibit000539,historical_general,preserve_rendered_tei_text,ae21080f33f8e5c3e9cffd3fc4878be2b3273539075db3e5cf8676b2bbeff1f3,text_materialized,data/processed/bibit_resolved_v1/historical_general/part-0001.txt,49093492,49177004,83512,83512,60084b65c69c5b29570068dfc4305978774e173224fec1705df9cf8068715db1
bibit000540,Varianti della Gerusalemme Liberata,"Tasso, Torquato",Biblioteca Italiana,http://www.bibliotecaitaliana.it/scheda/bibit000540,historical_non_sonnet_poetry,preserve_rendered_tei_text,1ff4f652e63b757462d72c733b4a0bd8432f018fa4bb8f6b9714d926fb438008,text_materialized,data/processed/bibit_resolved_v1/historical_non_sonnet_poetry/part-0001.txt,13046665,13153053,105302,106388,bd83a3327f59ab8aa218db0c0f648acb67939159d5d4650e41eebf5aa2186741
bibit000541,Selva,"Vendramin, Giovanni",Biblioteca Italiana,http://www.bibliotecaitaliana.it/scheda/bibit000541,historical_non_sonnet_poetry,preserve_rendered_tei_text,a57890525f691bfbc67a87a07a89f9658b2a803113ff6c45872d9242f4ecfbd5,text_materialized,data/processed/bibit_resolved_v1/historical_non_sonnet_poetry/part-0001.txt,13153054,13167801,14638,14747,5b3380c19c22779894a23ca245c5cdcaac3df5c9691598d843896918432fda1c
bibit000542,Poesie,"Agli, Antonio degli",Biblioteca Italiana,http://www.bibliotecaitaliana.it/scheda/bibit000542,historical_non_sonnet_poetry,preserve_rendered_tei_text,3d70edceb240c48d508a3f60b993ea66c31ba7521b5e60e00aa6daddb7d9eaf7,text_materialized,data/processed/bibit_resolved_v1/historical_non_sonnet_poetry/part-0001.txt,13167802,13201031,32811,33229,4c35e7fccae8cdae18f05d558ab6b5a36651c581c668ae120cb4d2190872a751
bibit000543,Achille in Sciro,"Metastasio, Pietro",Biblioteca Italiana,http://www.bibliotecaitaliana.it/scheda/bibit000543,historical_general,preserve_rendered_tei_text,61228f35b4e74c217ba138c2be214ed6d48f9c003386387908e835efa17e9281,text_materialized,data/processed/bibit_resolved_v1/historical_general/part-0001.txt,49177005,49231329,53885,54324,507450220c1763edbea58f415f7ec048ced6703c16dcfa2c4dd25b7497e168ab
bibit000545,Il giorno (1 redazione),"Parini, Giuseppe",Biblioteca Italiana,http://www.bibliotecaitaliana.it/scheda/bibit000545,historical_non_sonnet_poetry,preserve_rendered_tei_text,cded67ea7b361c7a9ecb8cd329dc2e2c9e5c2db816d20728ef5a10e32b102c1c,text_materialized,data/processed/bibit_resolved_v1/historical_non_sonnet_poetry/part-0001.txt,13201032,13289897,88266,88865,94c47b37e61529bd91c0e6862d647873b909d152066a537665864fba6e0bcf87
bibit000549,Rime,"Muzzarelli, Giovanni",Biblioteca Italiana,http://www.bibliotecaitaliana.it/scheda/bibit000549,historical_non_sonnet_poetry,preserve_rendered_tei_text,e73887f3d83bd53cd10604604368dad059986be03e07f7c508e6bf3927bdd5a7,text_materialized,data/processed/bibit_resolved_v1/historical_non_sonnet_poetry/part-0001.txt,13289898,13318314,28076,28416,3b729c4ff7302310113303fd50c03214a4e4e0541696a726d5dfa822cc6824cb
bibit000550,Dedica all'Orbecche,"Giraldi Cinzio, Giambattista",Biblioteca Italiana,http://www.bibliotecaitaliana.it/scheda/bibit000550,historical_general,preserve_rendered_tei_text,4360322ecb2a1c8dd51b77b7deac50db79d299099bd7291b205b5cf60aca9dd5,text_materialized,data/processed/bibit_resolved_v1/historical_general/part-0001.txt,49231330,49236270,4896,4940,2fc01cf7bc7e3f36b1aa2a4594c953b68ddfce92551646045043c970e7e31608
bibit000551,Avemaria,Dolcibene de' Tori,Biblioteca Italiana,http://www.bibliotecaitaliana.it/scheda/bibit000551,historical_non_sonnet_poetry,preserve_rendered_tei_text,66a420215ba43d171ad6e79428d8654545e9545e1773ac7a01fa125543eb1cbd,text_materialized,data/processed/bibit_resolved_v1/historical_non_sonnet_poetry/part-0001.txt,13318315,13326645,8215,8330,31139de9ab370fd5389451d335e40a7cf3fb1278d07a657d064eb38bf197e41b
bibit000552,Relazione di Germania,"Tiepolo, Niccolò",Biblioteca Italiana,http://www.bibliotecaitaliana.it/scheda/bibit000552,historical_general,preserve_rendered_tei_text,75a5b9fe8f41abb1dda8622c6334d2b500c6f9dfd95d172d1d307d3d489020f0,text_materialized,data/processed/bibit_resolved_v1/historical_general/part-0001.txt,49236271,49410006,172389,173735,47e699bde944be34038deba6d414b8b363405300653d8ca33f01c0b0304cd96c
bibit000554,Vita di Castruccio Castracani,"Machiavelli, Niccolò",Biblioteca Italiana,http://www.bibliotecaitaliana.it/scheda/bibit000554,historical_general,preserve_rendered_tei_text,de5d187650c26fc19c3eeaa30cddd1424c5c679416bde71b2a103d0ef7124296,text_materialized,data/processed/bibit_resolved_v1/historical_general/part-0001.txt,49410007,49466400,55884,56393,71616b1548394e10e418b9a4ec2f48e1aec074743f1cc8a38105d8d46125d61c
bibit000555,Novella di Belfagor,"Machiavelli, Niccolò",Biblioteca Italiana,http://www.bibliotecaitaliana.it/scheda/bibit000555,historical_general,preserve_rendered_tei_text,e714e29dd9d2e6ed39b3143558eaba1470a006bb47ca5f7c78e70f6be62dddf7,text_materialized,data/processed/bibit_resolved_v1/historical_general/part-0001.txt,49466401,49485994,19410,19593,a0511a6007f470263d62f233c88b9395dac76c514847aeecba637c883f09ce2b
bibit000556,Gl'innamorati,"Goldoni, Carlo",Biblioteca Italiana,http://www.bibliotecaitaliana.it/scheda/bibit000556,historical_general,preserve_rendered_tei_text,7b62e048ff26d44de845a2647bcd011383b3070524694dacd1510e7007680d28,text_materialized,data/processed/bibit_resolved_v1/historical_general/part-0001.txt,49485995,49584604,97681,98609,b0775aa059c9cb7ef87246dafa08818bc8eb8ba752b49e4e738d7ff9b36958b0
bibit000557,Poesie,"Campanella, Tommaso",Biblioteca Italiana,http://www.bibliotecaitaliana.it/scheda/bibit000557,historical_non_sonnet_poetry,preserve_rendered_tei_text,042a0b42abecd793bb8012c225c8a79a8c8485c14f67ffe1e12aab3bd4e8bc52,text_materialized,data/processed/bibit_resolved_v1/historical_non_sonnet_poetry/part-0001.txt,13326646,13495879,167061,169233,b8bd41df197fdc3d15a8b42315edbaf76bfeddcfbf61557188e9eeb28a9128d6
bibit000558,Conclusioni amorose,"Tasso, Torquato",Biblioteca Italiana,http://www.bibliotecaitaliana.it/scheda/bibit000558,historical_non_sonnet_poetry,preserve_rendered_tei_text,3d672254dd95b9d329de0788c0b3ac124a8c4cce2168af1bb2e63b427cd2e9e2,text_materialized,data/processed/bibit_resolved_v1/historical_non_sonnet_poetry/part-0001.txt,13495880,13502491,6549,6611,2c9c7279769ce494a3ae78e1f42879f35fac85a451ddaf8b69b1e5c17d8cd3e4
bibit000559,Sull'indole del piacere e del dolore,"Verri, Pietro",Biblioteca Italiana,http://www.bibliotecaitaliana.it/scheda/bibit000559,historical_general,preserve_rendered_tei_text,9e49d6bf2d400fdae9ed718dc13f7a35d97239ba3baba7aa0c24e118a454b1c3,text_materialized,data/processed/bibit_resolved_v1/historical_general/part-0001.txt,49584605,49712114,126238,127509,55e49ff8459434d38ae0af6542b196580452cef1a2f3c0a9a023ea1a5345ed4e
bibit000561,Relazione di Germania (1725),"Donado, Francesco",Biblioteca Italiana,http://www.bibliotecaitaliana.it/scheda/bibit000561,historical_general,preserve_rendered_tei_text,921dfca0418318b25227eff8479be8efc5a692e7440c34752815e407382d69f6,text_materialized,data/processed/bibit_resolved_v1/historical_general/part-0001.txt,49712115,49752271,39860,40156,aec69661480a1489baaea3e478257a79e2f0f10ebc547d7e37bad396165d071c
bibit000562,Della Politica nella presente civiltà. Abbozzi.,"Balbo, Cesare",Biblioteca Italiana,http://www.bibliotecaitaliana.it/scheda/bibit000562,nineteenth_century_bridge,preserve_rendered_tei_text,83babe958ece70ae48ab72e07db29f6715b4c001245407bd133890efaa13c244,text_materialized,data/processed/bibit_resolved_v1/nineteenth_century_bridge/part-0001.txt,18731144,18946420,213062,215276,cf518113b980f238fc506cedb780d47201886da90ec05d337512c370a9069d2b
bibit000563,Discorso sopra Mosco,"Leopardi, Giacomo",Biblioteca Italiana,http://www.bibliotecaitaliana.it/scheda/bibit000563,nineteenth_century_bridge,preserve_rendered_tei_text,efc08d2b272b6bac1b2331526125780e2e3648c0c18dc6c963b182d42260d9bb,text_materialized,data/processed/bibit_resolved_v1/nineteenth_century_bridge/part-0001.txt,18946421,18977077,30358,30656,d4c2696354690c85b88db5fce55a2678559347383142d3910800bab13657248d
bibit000564,Rime,"Colonna, Vittoria",Biblioteca Italiana,http://www.bibliotecaitaliana.it/scheda/bibit000564,historical_non_sonnet_poetry,preserve_rendered_tei_text,b5beddb602d1458225f8a1b0eeb0ab1e6727e7c3ad6618b37cd4efffd80d5117,text_materialized,data/processed/bibit_resolved_v1/historical_non_sonnet_poetry/part-0001.txt,13502492,13518462,15860,15970,e55c9d82aaa7a3468eec75236d9b400dcffc078e09f5a221fca5077876141ed6
bibit000565,Orbecche,"Giraldi Cinzio, Giambattista",Biblioteca Italiana,http://www.bibliotecaitaliana.it/scheda/bibit000565,historical_general,preserve_rendered_tei_text,5317fd4691385467c6f2e1b456538bbee4f951346f1de2c6264c7a0b48e5a193,text_materialized,data/processed/bibit_resolved_v1/historical_general/part-0001.txt,49752272,49880959,127407,128687,1038e93c00cf82502b0b63b8ef5f4077cc9b7e058279e5917fb56e61621c7a7b
bibit000567,"Spirto gentil, da quel bel grembo sciolto","Malpigli, Nicolò",Biblioteca Italiana,http://www.bibliotecaitaliana.it/scheda/bibit000567,historical_non_sonnet_poetry,preserve_rendered_tei_text,06f94da4ec53bdd74a9c3782dbfeebfd501553d2250f2d9bf8c7296319adbf7d,text_materialized,data/processed/bibit_resolved_v1/historical_non_sonnet_poetry/part-0001.txt,13518463,13524366,5853,5903,0c09fd0376dfd2edbe1a164744fe3bd1adaea0b64ff7e98a3266fe579730c6c3
bibit000568,Poesie in ottava rima,"Giambullari, Bernardo",Biblioteca Italiana,http://www.bibliotecaitaliana.it/scheda/bibit000568,historical_non_sonnet_poetry,preserve_rendered_tei_text,6d80ff050bde7514ba9e3b86d625c220e3456094dbf22876d50e03040c0c7f58,text_materialized,data/processed/bibit_resolved_v1/historical_non_sonnet_poetry/part-0001.txt,13524367,13585119,60222,60752,530affa971c2b0bd206cf66fced5ea923479ecbdf85c456ad6687c496aef8053
bibit000569,Storia di una capinera,"Verga, Giovanni",Biblioteca Italiana,http://www.bibliotecaitaliana.it/scheda/bibit000569,nineteenth_century_bridge,preserve_rendered_tei_text,6b80eba8e6389ec41dadc9a424915465079147d2beb9363772901a5166d048cb,text_materialized,data/processed/bibit_resolved_v1/nineteenth_century_bridge/part-0001.txt,18977078,19161720,182242,184642,81d5e94ca39e75a81be26ac63e41d2444c21bd9e26d9d6ebe32239f04acae76d
bibit000570,Il Negromante,"Ariosto, Ludovico",Biblioteca Italiana,http://www.bibliotecaitaliana.it/scheda/bibit000570,historical_general,preserve_rendered_tei_text,6a1cabc03aaebf989e8d9a75ee5adb458fa589c91c3bdcd1f6cfc5bb3dd74a8f,text_materialized,data/processed/bibit_resolved_v1/historical_general/part-0001.txt,49880960,49975689,93804,94729,e2c415e87a9e200d1fb3cfb005dbb07c6bc05b5dcae3bc4f0553ef0a0d62f0a3
bibit000571,Testi toscani di carattere pratico,Non definito,Biblioteca Italiana,http://www.bibliotecaitaliana.it/scheda/bibit000571,historical_general,strip_editorial_square_delimiters_and_labels,ddf1635e09a3c0c62eea10004d2c9d84923b7ad90e255e127c9d5e1e5ccf3dcd,text_materialized,data/processed/bibit_resolved_v1/historical_general/part-0002.txt,0,598277,593655,598277,34626ebc258a3f2c6a873d5b660b039b30ec15282b148070cc066310270bb2b1
bibit000572,Appunti per Spartaco,"Manzoni, Alessandro",Biblioteca Italiana,http://www.bibliotecaitaliana.it/scheda/bibit000572,nineteenth_century_bridge,preserve_rendered_tei_text,5a989f3a652c12716dd69f5edbc4ebf91e80c8f7b16f8f966874c45170ac5fe8,text_materialized,data/processed/bibit_resolved_v1/nineteenth_century_bridge/part-0001.txt,19161721,19180292,18440,18571,5438c8f41abe4f131126fae16688b3dd2edb94070fb58b55b9ff0205d68db22c
bibit000573,Cantici di Fidenzio,"Scroffa, Camillo",Biblioteca Italiana,http://www.bibliotecaitaliana.it/scheda/bibit000573,historical_non_sonnet_poetry,preserve_rendered_tei_text,d4c86dc8c85f2de5d54ffdf5e1d653d681e8b3ac6964e21b477783bb3f9b0ce0,text_materialized,data/processed/bibit_resolved_v1/historical_non_sonnet_poetry/part-0001.txt,13585120,13602404,17136,17284,415d94b5d9e3fc160e099eb0c3e06b60e854989a0a6d14ed285756eabcb376ac
bibit000575,Quaternuccio e giornale B (1459-1485),"Castellani, Francesco",Biblioteca Italiana,http://www.bibliotecaitaliana.it/scheda/bibit000575,historical_general,strip_editorial_square_delimiters_and_labels,87d200f55d062c764ee96f38cc9cc3ab1eec6c09a48fb68e0f7513092c0993ff,text_materialized,data/processed/bibit_resolved_v1/historical_general/part-0002.txt,598278,936296,333054,338018,c83daffa89e867de95b1de088d059e06274e51b6cbe512a657dd57fd7140704f
bibit000576,Il Beltramo overo de la Cortesia,"Tasso, Torquato",Biblioteca Italiana,http://www.bibliotecaitaliana.it/scheda/bibit000576,historical_general,preserve_rendered_tei_text,d0c7a3f045d69d33ac1c387581d6a51bf042d138a92dac8b5bc970aab28e3152,text_materialized,data/processed/bibit_resolved_v1/historical_general/part-0002.txt,936297,952224,15724,15927,2f3760d9815b8e565a6d55d82c12d72eacb9371a04def70dc8a1d1f02d33ae01
bibit000577,Discorsi dell'arte poetica,"Tasso, Torquato",Biblioteca Italiana,http://www.bibliotecaitaliana.it/scheda/bibit000577,historical_general,preserve_rendered_tei_text,524d5d3ac3b476008544ed2deac6502ca7a82412aec16d41c2f661ebfec5f5ea,text_materialized,data/processed/bibit_resolved_v1/historical_general/part-0002.txt,952225,1063465,109913,111240,3228724ed52f80f8ea9da2a98e7cec3b9b237a81d17a589f3add5db995cccf1b
bibit000578,Del rinnovamento civile d'Italia,"Gioberti, Vincenzo",Biblioteca Italiana,http://www.bibliotecaitaliana.it/scheda/bibit000578,nineteenth_century_bridge,preserve_rendered_tei_text,4a8e867a72818048cad4be13ea99e5773f6f4572fe5ed4cff4615c372069446a,text_materialized,data/processed/bibit_resolved_v1/nineteenth_century_bridge/part-0001.txt,19180293,21290794,2090416,2110501,c9c62b2f4bd7b3037e1fa89a463bce8846c4fd77ab758155cee95e662ae0128b
bibit000579,La congiura de' Pazzi,"Alfieri, Vittorio",Biblioteca Italiana,http://www.bibliotecaitaliana.it/scheda/bibit000579,historical_general,preserve_rendered_tei_text,a4e9a3731ba67494cd32fffb86cd772841f35c35f7d577af94473042cbca9cd3,text_materialized,data/processed/bibit_resolved_v1/historical_general/part-0002.txt,1063466,1127482,63351,64016,d1e5405693af36acada0de5d52714456686b1e7ebec4033fd34d528649c1676b
bibit000580,"Delle differenze poetiche, per risposta al signor Orazio Ariosto","Tasso, Torquato",Biblioteca Italiana,http://www.bibliotecaitaliana.it/scheda/bibit000580,historical_general,preserve_rendered_tei_text,aa0105306104d70091ce4d3070bb7a526b21587f8f4e86f8b734abe14ca91500,text_materialized,data/processed/bibit_resolved_v1/historical_general/part-0002.txt,1127483,1140105,12524,12622,73002c9c09a8e500ca1889d0a56e9a36c41dbc91756b86c1953567f44fa3479f
bibit000581,A una fanciulla,"Leopardi, Giacomo",Biblioteca Italiana,http://www.bibliotecaitaliana.it/scheda/bibit000581,nineteenth_century_bridge,preserve_rendered_tei_text,9cb75b41572aafee66223d6595afbc48163a2594bf1371d52561cbfc76c980f2,text_materialized,data/processed/bibit_resolved_v1/nineteenth_century_bridge/part-0001.txt,21290795,21291680,871,885,24947359cc69ccaf981d8297aef3702711cd99be2b2ff5a9b0a52529b2024bf3
bibit000583,Ragionamento d'Isocrate a Filippo,"Leopardi, Giacomo",Biblioteca Italiana,http://www.bibliotecaitaliana.it/scheda/bibit000583,nineteenth_century_bridge,preserve_rendered_tei_text,348734c87e7d971073655be89deafbf47e62347a8c184806dd1aa8d39458fe7e,text_materialized,data/processed/bibit_resolved_v1/nineteenth_century_bridge/part-0001.txt,21291681,21299592,7843,7911,02d0ed206433bff448dcf443b88af4f4cd0b282e698144cbc2b87674354abdbf
bibit000587,Relazione di Germania (1557),"Tiepolo, Paolo",Biblioteca Italiana,http://www.bibliotecaitaliana.it/scheda/bibit000587,historical_general,preserve_rendered_tei_text,b12d1b68064cbc5c6cd34c0b6958ae5fe7de161a7f74fb85abcb35b56d93d777,text_materialized,data/processed/bibit_resolved_v1/historical_general/part-0002.txt,1140106,1193503,52890,53397,e3af38780165d8248827dc283da9e96db7affdba75d489f29bfeb4fbd76242d4
bibit000588,Poesie,"Dati, Leonardo",Biblioteca Italiana,http://www.bibliotecaitaliana.it/scheda/bibit000588,historical_non_sonnet_poetry,preserve_rendered_tei_text,de8775ebf788de75c1dbb4974862fbf2cd21b3d0f36b95f663ed50dd807bf147,text_materialized,data/processed/bibit_resolved_v1/historical_non_sonnet_poetry/part-0001.txt,13602405,13620142,17540,17737,048b324953051f7a8461c6e8c524d6ff1f72ad1ac74581c43a27127836567911
bibit000590,Discorso intorno allo Stato della Chiesa,"Botero, Giovanni",Biblioteca Italiana,http://www.bibliotecaitaliana.it/scheda/bibit000590,historical_general,preserve_rendered_tei_text,8889894240f6773ab4ffa6c931aa0c553af7416b9c0da86d619b6a4dbcd2c1c0,text_materialized,data/processed/bibit_resolved_v1/historical_general/part-0002.txt,1193504,1237464,43516,43960,5dd4ed00656ed765ee198d7431fee6d4033e08482ce7488db890dc9da9d33691
bibit000591,Il N. overo de la Pietà,"Tasso, Torquato",Biblioteca Italiana,http://www.bibliotecaitaliana.it/scheda/bibit000591,historical_general,preserve_rendered_tei_text,083e565cb00e3fb1a1793d2fb52f8a2b2a560fdb0742ff480d808d7dc9844996,text_materialized,data/processed/bibit_resolved_v1/historical_general/part-0002.txt,1237465,1251726,14108,14261,424bb260d49eb08506aed3f49ce6d5ead6c7960aefc94e0a86ff49c8c7eb738d
bibit000592,Rime,"Gallo, Filenio",Biblioteca Italiana,http://www.bibliotecaitaliana.it/scheda/bibit000592,historical_non_sonnet_poetry,preserve_rendered_tei_text,142fd2e49f73370421c78d732bf2ac15374ed326824954a4444f1d8e40b6f3d1,text_materialized,data/processed/bibit_resolved_v1/historical_non_sonnet_poetry/part-0001.txt,13620143,13802049,179811,181906,e42f0e57eb2041cbb1feda3b1ca8ae3c8019b68e6f59e6608713908d1cd7c955
bibit000594,Il Malpiglio overo de la Corte,"Tasso, Torquato",Biblioteca Italiana,http://www.bibliotecaitaliana.it/scheda/bibit000594,historical_general,preserve_rendered_tei_text,f94d5e2442c149b7721300fcbdf5575bc7c41e767a2878a9803be62fe8255c23,text_materialized,data/processed/bibit_resolved_v1/historical_general/part-0002.txt,1251727,1283274,31216,31547,aa5d1b121bc0dcb546943053a010c87a891a0ba6d2b46fabfd84cb5035e773a4
bibit000596,Saggio di una nomenclatura botanica,"Manzoni, Alessandro",Biblioteca Italiana,http://www.bibliotecaitaliana.it/scheda/bibit000596,nineteenth_century_bridge,preserve_rendered_tei_text,42a35a4f25700e5b9bac706a0265bfc51e46646fb4a9f7128b3100442c12f299,text_materialized,data/processed/bibit_resolved_v1/nineteenth_century_bridge/part-0001.txt,21299593,21323609,23747,24016,bd807e1ad9e67b1f94733c98e397e2ca65dc2f4cd846618ff268ac3f8b0128b2
bibit000597,Esperimento sopra i principi della letteratura,"Foscolo, Ugo",Biblioteca Italiana,http://www.bibliotecaitaliana.it/scheda/bibit000597,nineteenth_century_bridge,preserve_rendered_tei_text,09b0e2d7a39a0d19a1a941890dba4159b888f3ce21317a38eef90b0c2e0b6d01,text_materialized,data/processed/bibit_resolved_v1/nineteenth_century_bridge/part-0001.txt,21323610,21332120,8375,8510,a297d26895e2c366be4d25ecc317c54b9489f43a8322f5f064850c6815228aed
bibit000598,Frammenti di un libro d'avanzo,"Manzoni, Alessandro",Biblioteca Italiana,http://www.bibliotecaitaliana.it/scheda/bibit000598,nineteenth_century_bridge,preserve_rendered_tei_text,d18a7157dbd0227d20da7e0a40e0205d01914f603a710be66972fc3a3bd546ec,text_materialized,data/processed/bibit_resolved_v1/nineteenth_century_bridge/part-0001.txt,21332121,21336375,4228,4254,bad29c9fc58f485300a13ea634db1821ee0ac2a39c138e2664e6dfc87869a37b
bibit000599,Rime,"Meglio, Giovan Matteo di",Biblioteca Italiana,http://www.bibliotecaitaliana.it/scheda/bibit000599,historical_non_sonnet_poetry,preserve_rendered_tei_text,27fa6dba2f7dbfc57e5788cfb8e77233f187b7f9b567f135f7331fc96672e648,text_materialized,data/processed/bibit_resolved_v1/historical_non_sonnet_poetry/part-0001.txt,13802050,13835425,32873,33375,751bee74b01da8997f418de90477a08a4b600fa1f11dd75b6379e6fcfea500bc
bibit000600,Epistolario. Lettere dal 1833 al 1853,"Manzoni, Alessandro",Biblioteca Italiana,http://www.bibliotecaitaliana.it/scheda/bibit000600,nineteenth_century_bridge,strip_editorial_square_delimiters_and_labels,bcbe17dccfe01a976cf15609894f7deaf2a78ba7ddbedbf1821e1c9b5bd37ee7,text_materialized,data/processed/bibit_resolved_v1/nineteenth_century_bridge/part-0001.txt,21336376,22417242,1066882,1080866,3ef34fe62b318410cd425b34ccb4833a3e7c172e84917e3fd0e2b839fc6b836d
bibit000601,Gesta Triumphalia per Pisanos Facta,Non definito,Biblioteca Italiana,http://www.bibliotecaitaliana.it/scheda/bibit000601,historical_general,preserve_rendered_tei_text,4824e53d156104e204fd208adb7d5007fe1f03cc01e4c8a77d1a6cad7e505419,text_materialized,data/processed/bibit_resolved_v1/historical_general/part-0002.txt,1283275,1304603,21328,21328,6710839f0ae6ccf18522cf96910120e02834903bbe763c6278f3d0ff681ac677
bibit000604,Relazione di Germania (1685),"Contarini, Domenico",Biblioteca Italiana,http://www.bibliotecaitaliana.it/scheda/bibit000604,historical_general,preserve_rendered_tei_text,900b93705823b23275795d21eadf64735fd5894e29f53c5b08b5150008bfd8f4,text_materialized,data/processed/bibit_resolved_v1/historical_general/part-0002.txt,1304604,1374271,69236,69667,8aab012f3f82ad9084a2156c95cbe16992bb2d52a68d26143d0b21fb2e9d2f58
bibit000605,Sonetti,"Pico della Mirandola, Gianfrancesco",Biblioteca Italiana,http://www.bibliotecaitaliana.it/scheda/bibit000605,historical_non_sonnet_poetry,preserve_rendered_tei_text,c2ce93051d2e082fe6c1902783455939f1747e74966d2f6127847fea8a177477,text_materialized,data/processed/bibit_resolved_v1/historical_non_sonnet_poetry/part-0001.txt,13835426,13836296,844,870,9159be884946554c0d8f6a3edc0c53a1e5f73c50a6b1494547b1bc56b42944ce
bibit000606,Scherzi epigrammatici,"Leopardi, Giacomo",Biblioteca Italiana,http://www.bibliotecaitaliana.it/scheda/bibit000606,nineteenth_century_bridge,preserve_rendered_tei_text,17fd92b0d36eedafafef0a9ff9913925a10ce3d9a7efa9cc736e2e56bab05d18,text_materialized,data/processed/bibit_resolved_v1/nineteenth_century_bridge/part-0001.txt,22417243,22420980,3694,3737,22d14565545c614096a48b396d983ac1b74f81f92e596a51eee8ba91083634a2
bibit000607,Satire,"Bolognetti, Francesco",Biblioteca Italiana,http://www.bibliotecaitaliana.it/scheda/bibit000607,historical_non_sonnet_poetry,preserve_rendered_tei_text,9c6535ed5cd6cd84ac0416aa7bf0fb11ff0313e8c73f8a602236d96099e91dc4,text_materialized,data/processed/bibit_resolved_v1/historical_non_sonnet_poetry/part-0001.txt,13836297,14078400,239951,242103,e59d901b0a031a2880e7cad152c683cf021708eb098c8ac6df378a4f1429c00b
bibit000608,Relazione di Germania (1630),"Venier, Sebastiano",Biblioteca Italiana,http://www.bibliotecaitaliana.it/scheda/bibit000608,historical_general,preserve_rendered_tei_text,3b3655f60f88054e178d3fcce41a7717713a010115ef2f27f97c381ae1de6e43,text_materialized,data/processed/bibit_resolved_v1/historical_general/part-0002.txt,1374272,1499748,124627,125476,45876f5ef1c2c788139a0cbc8a6dc6efca39b56452cfb267ab4ed289e44d2660
bibit000612,Il conte di Carmagnola,"Manzoni, Alessandro",Biblioteca Italiana,http://www.bibliotecaitaliana.it/scheda/bibit000612,nineteenth_century_bridge,preserve_rendered_tei_text,7b228705039c037da3875919c3fcea693484ac1fdcc6e362aa2788536c30023d,text_materialized,data/processed/bibit_resolved_v1/nineteenth_century_bridge/part-0001.txt,22420981,22505150,83080,84169,78c03baae832fb367597b121b894dde3e242e2ef1d5d6251dd9c1169785e59b1
bibit000613,Poesie di Mosco,"Leopardi, Giacomo",Biblioteca Italiana,http://www.bibliotecaitaliana.it/scheda/bibit000613,historical_non_sonnet_poetry,preserve_rendered_tei_text,d7da94d84da263af15260bf62d711eef7759947a320f7f859c15715c4efe6e6f,text_materialized,data/processed/bibit_resolved_v1/historical_non_sonnet_poetry/part-0001.txt,14078401,14105910,27256,27509,eca3bf6b5d394535818d0606d9acb4a7c330b9bcf59674241ac9c63ba07309dc
bibit000614,Canti Carnascialeschi del Rinascimento,Non definito,Biblioteca Italiana,http://www.bibliotecaitaliana.it/scheda/bibit000614,historical_non_sonnet_poetry,preserve_rendered_tei_text,18c17dcd0336a40b2298b94fef5ddbb3bd1f7f6486787a68ad0d2dd7db592883,text_materialized,data/processed/bibit_resolved_v1/historical_non_sonnet_poetry/part-0001.txt,14105911,14486685,373662,380774,12a75f67f622b2d2de946458b5cae6acd51004396a76ea975eaee427ee71c71d
bibit000616,Il libro dei bilanci di una azienda mercantile del Trecento,Non definito,Biblioteca Italiana,http://www.bibliotecaitaliana.it/scheda/bibit000616,historical_general,preserve_rendered_tei_text,47d9c585f28e92e3aecfc8001c6f392963baf8ed6d446b52e429325afbc568c3,text_materialized,data/processed/bibit_resolved_v1/historical_general/part-0002.txt,1499749,1636355,136138,136606,703842904a9dd3c75772a030d9f2c85e4717f5bd798daaf895cfd569d5f04ff8
bibit000617,La guerra dei topi e delle rane (1815),"Leopardi, Giacomo",Biblioteca Italiana,http://www.bibliotecaitaliana.it/scheda/bibit000617,nineteenth_century_bridge,preserve_rendered_tei_text,a2917c601dde2e124076533d17125dbe061544510da8abef98dc394c507f7ef1,text_materialized,data/processed/bibit_resolved_v1/nineteenth_century_bridge/part-0001.txt,22505151,22521958,16669,16807,02b7d0c1933fb0d2c59ca1c14959c640cdab29325dbc5969e70a2810d64110e2
bibit000618,Della ragione di stato (1598),"Botero, Giovanni",Biblioteca Italiana,http://www.bibliotecaitaliana.it/scheda/bibit000618,historical_general,preserve_rendered_tei_text,e51a94863545e94cf768ef4f2c893ce5cf41e82988968f6c312e0a3908a640a4,text_materialized,data/processed/bibit_resolved_v1/historical_general/part-0002.txt,1636356,2127065,486134,490709,211bb9225261befc4073bff022e09db6271252c236aa57883d2635c123728ed3
bibit000619,Il Galateo,"Della Casa, Giovanni",Biblioteca Italiana,http://www.bibliotecaitaliana.it/scheda/bibit000619,historical_general,preserve_rendered_tei_text,039f81702d8edd914fd952fc51a29474e6971159cc6f61dd8adad3b2aa0059e6,text_materialized,data/processed/bibit_resolved_v1/historical_general/part-0002.txt,2127066,2257257,128083,130191,9c53ec96319c188930e23e71fdb1bb4285935d277fb22a595dc11a912afe0b7b
bibit000620,Adelchi,"Manzoni, Alessandro",Biblioteca Italiana,http://www.bibliotecaitaliana.it/scheda/bibit000620,nineteenth_century_bridge,preserve_rendered_tei_text,03d951a3e70aa75c6120dafeb34398a2a57ab6759c09530221cde0ce1868d0e3,text_materialized,data/processed/bibit_resolved_v1/nineteenth_century_bridge/part-0001.txt,22521959,22613776,90963,91817,06e441ef5703e87ef0c34db8157a147f0f2319d358ef2ba64cf58084a0b652f5
bibit000621,Don Candeloro e C.,"Verga, Giovanni",Biblioteca Italiana,http://www.bibliotecaitaliana.it/scheda/bibit000621,nineteenth_century_bridge,preserve_rendered_tei_text,6714768a9d39cff37fe9d9d9add33e626d3b03cf160b014f6edf5c9f8f365e57,text_materialized,data/processed/bibit_resolved_v1/nineteenth_century_bridge/part-0001.txt,22613777,22834249,219220,220472,0199901b1df75829e57213214bc210f1afae5cabf01f4a6396cf243abb403a85
bibit000622,Il manoscritto H,Leonardo da Vinci,Biblioteca Italiana,http://www.bibliotecaitaliana.it/scheda/bibit000622,historical_general,preserve_rendered_tei_text,ef6239298502f9d423294820fb3bda911611f0d7a84fe167b6f35948e8045100,text_materialized,data/processed/bibit_resolved_v1/historical_general/part-0002.txt,2257258,2297142,39345,39884,964552e0d0717795ac5608a64cc68cd73cecf01c8104014db95b65e307eca46a
bibit000623,Relazione di Francia,"Giustinian, Marcantonio",Biblioteca Italiana,http://www.bibliotecaitaliana.it/scheda/bibit000623,historical_general,preserve_rendered_tei_text,795ce4eab8fef0f172f54c12d9d2c8b752032f8df3719a841d255df52de8ea3e,text_materialized,data/processed/bibit_resolved_v1/historical_general/part-0002.txt,2297143,2375982,78052,78839,d67e1e1cab89126ae122d1d81c1443756a38089eac12afc3c241be2c93b00a15
bibit000624,"Dissertazione sopra la percezione, il giudizio, e il raziocinio","Leopardi, Giacomo",Biblioteca Italiana,http://www.bibliotecaitaliana.it/scheda/bibit000624,nineteenth_century_bridge,preserve_rendered_tei_text,8c02fd558115377b36881f950904e7a4a336e2c2f128a425c9d8572ecd3d3e36,text_materialized,data/processed/bibit_resolved_v1/nineteenth_century_bridge/part-0001.txt,22834250,22849893,15486,15643,49708cb2bee1518a99da727a528a37cfd672cb2edd9961924dc542ca6128d9ab
bibit000625,Deifira,"Alberti, Leon Battista",Biblioteca Italiana,http://www.bibliotecaitaliana.it/scheda/bibit000625,historical_general,preserve_rendered_tei_text,73f901280fca6840518ab4919bc99cbb34a9858e6025f3e9ec12807b7707ba11,text_materialized,data/processed/bibit_resolved_v1/historical_general/part-0002.txt,2375983,2421888,45443,45905,22d1730be0a7890690e097aae259c6d1653f36e00d7d2b4db245146b89670898
bibit000626,"L'oplomachia pisana, ovvero la battaglia del ponte di Pisa","Borghi, Camillo Ranier",Biblioteca Italiana,http://www.bibliotecaitaliana.it/scheda/bibit000626,historical_general,preserve_rendered_tei_text,f177a6d40368d451b7838d0420d87f035dd3536553465e312209bbe026452659,text_materialized,data/processed/bibit_resolved_v1/historical_general/part-0002.txt,2421889,2674159,251007,252270,58ddde8ae617b05b8c961bfed71e852b5cecd9b583f74efe71bdeb28ed615567
bibit000627,Canzonette,"Parini, Giuseppe",Biblioteca Italiana,http://www.bibliotecaitaliana.it/scheda/bibit000627,nineteenth_century_bridge,preserve_rendered_tei_text,7649242ec2495f4e9b94bb344a2a270916efa3fde0f9d712f27185758debd7ca,text_materialized,data/processed/bibit_resolved_v1/nineteenth_century_bridge/part-0001.txt,22849894,22858386,8409,8492,f1ed3ef8bfe1104c80493cf0adad14b27379e95ad5fddd898a2b8f10615dccd1
bibit000628,Crudo mar,"Figari, Pompeo",Biblioteca Italiana,http://www.bibliotecaitaliana.it/scheda/bibit000628,historical_non_sonnet_poetry,preserve_rendered_tei_text,ea1b45eb7e93e0c77b8b4eada8952a374f71eed6b37cfb22909f3f553b826549,text_materialized,data/processed/bibit_resolved_v1/historical_non_sonnet_poetry/part-0001.txt,14486686,14488393,1686,1707,29aae0da4645af9b637a711a152354e2e192dc97afd7d11e0d857486289e0a6b
bibit000629,Sopra un sepolcro aperto da un aratore,"Leopardi, Giacomo",Biblioteca Italiana,http://www.bibliotecaitaliana.it/scheda/bibit000629,nineteenth_century_bridge,preserve_rendered_tei_text,c7d3ac5476f09244363be5ab6e9b7d93df91cdab8ef08a13f9cd172b49cae3ed,text_materialized,data/processed/bibit_resolved_v1/nineteenth_century_bridge/part-0001.txt,22858387,22858826,433,439,4d98182dad62a52b01a526cf1e0ebb4875f36288d0fdc010c40306da91588534
bibit000632,Per il Giorno delle Ceneri,"Leopardi, Giacomo",Biblioteca Italiana,http://www.bibliotecaitaliana.it/scheda/bibit000632,nineteenth_century_bridge,preserve_rendered_tei_text,2c8cf1f3c1677b46170eee0287ba3fe0f0b428042970f6eb27dc22663ac1e25a,text_materialized,data/processed/bibit_resolved_v1/nineteenth_century_bridge/part-0001.txt,22858827,22860156,1311,1329,3c0c5df114ac67326714f31b1f978606257c52059a50e10bcacd5eb9c41fe6c1
bibit000635,Poesie,"Morandi, Niccolò",Biblioteca Italiana,http://www.bibliotecaitaliana.it/scheda/bibit000635,historical_non_sonnet_poetry,preserve_rendered_tei_text,ce1dc9b61f26c8333121413d573320d9725a3f25560621096278108537403a87,text_materialized,data/processed/bibit_resolved_v1/historical_non_sonnet_poetry/part-0001.txt,14488394,14488412,18,18,b39b1d5f8f7a1598a8c55d01b148bf70a229b0a6552b7fc977a101122e6d23b7
bibit000637,Endimione,"Chariteo (Benedetto Gareth, detto il)",Biblioteca Italiana,http://www.bibliotecaitaliana.it/scheda/bibit000637,historical_non_sonnet_poetry,preserve_rendered_tei_text,8820b13ec77ea9df2195b21801f22b832b9f6859920e3fffd237bb64a96a4a7e,text_materialized,data/processed/bibit_resolved_v1/historical_non_sonnet_poetry/part-0001.txt,14488413,14573856,84640,85443,735678fd8636e894597bdd7f30424dfdc61585a388c636f67730492059287311
bibit000639,Pagine d'arte sparse originali e tradotte,"Foscolo, Ugo",Biblioteca Italiana,http://www.bibliotecaitaliana.it/scheda/bibit000639,nineteenth_century_bridge,preserve_rendered_tei_text,6cb78f5640b6d02c23f8ec39ac4513367ad5bf8f6b8c8f66f7e1c08ad8a5b2ba,text_materialized,data/processed/bibit_resolved_v1/nineteenth_century_bridge/part-0001.txt,22860157,22865941,5696,5784,c5a01633d6745fcf9befacc31cb174398e9908a9ecdb60263df1a87aacb5a4d5
bibit000640,Laude,Iacopone da Todi,Biblioteca Italiana,http://www.bibliotecaitaliana.it/scheda/bibit000640,historical_non_sonnet_poetry,preserve_rendered_tei_text,d53f6495611847f147095dc7c8fc23b6f7504a541201a218bd9743b73ef92130,text_materialized,data/processed/bibit_resolved_v1/historical_non_sonnet_poetry/part-0001.txt,14573857,14846711,268291,272854,7d954e74efee3fea3619f0b90a050c0aaa6bdec1d429f6f689b2967621b6f98e
bibit000641,Discorso intorno alla sedizione nata nel Regno di Francia l'anno 1585,"Tasso, Torquato",Biblioteca Italiana,http://www.bibliotecaitaliana.it/scheda/bibit000641,historical_general,preserve_rendered_tei_text,58133ce4c33e7ad4abbc006846c2a3bfab6c5d6d4187023e4c3e22b52284e3a5,text_materialized,data/processed/bibit_resolved_v1/historical_general/part-0002.txt,2674160,2723836,49178,49676,cd1849a17734e44009fa84538d17810456dc5180451bfeda3c366ada417aaa4b
bibit000642,Volgarizzamento del Liber de doctrina loquendi et tacendi di Albertano da Brescia,Andrea da Grosseto,Biblioteca Italiana,http://www.bibliotecaitaliana.it/scheda/bibit000642,historical_general,preserve_rendered_tei_text,3f0547dacd2dc3668886f6fb62aaaab38c4b4365494c6eda7003759f4d53bf0b,text_materialized,data/processed/bibit_resolved_v1/historical_general/part-0002.txt,2723837,2769943,45278,46106,6609a96b62275a187b12b506bfcf74f082aa3ecf3c09125b143e70f76a86bdcc
bibit000643,La sposa persiana,"Goldoni, Carlo",Biblioteca Italiana,http://www.bibliotecaitaliana.it/scheda/bibit000643,historical_general,preserve_rendered_tei_text,aaf6f539b6860537e36e35df572291bd81000f0f10d52bf52c35f2d8df71251f,text_materialized,data/processed/bibit_resolved_v1/historical_general/part-0002.txt,2769944,2866943,96158,96999,9b648de3734a49707992d4db531b0de098ce7177d27ccdf945f168684b7ed45d
bibit000644,Logica,"Cattaneo, Carlo",Biblioteca Italiana,http://www.bibliotecaitaliana.it/scheda/bibit000644,nineteenth_century_bridge,preserve_rendered_tei_text,04aedab94252d586c72cbcefa1f9427559fe6bb35a6b0d7177670289d96b5b4c,text_materialized,data/processed/bibit_resolved_v1/nineteenth_century_bridge/part-0001.txt,22865942,23036980,169325,171038,3d4735752c94a75f5e680a5f9ba24ea1bb3dc948fe857263706d5a9ffc662dec
bibit000645,Relazione di Costantinopoli (1616),"Valier, Cristoforo",Biblioteca Italiana,http://www.bibliotecaitaliana.it/scheda/bibit000645,historical_general,preserve_rendered_tei_text,791b77eda1d866260f4e07e45c5f8d50f56b786e7b74d811b6da1bbd613a5a3d,text_materialized,data/processed/bibit_resolved_v1/historical_general/part-0002.txt,2866944,3004270,135965,137326,15ab00326e56a0d66c8122dfb2e4e321c97beda73d0eaa8f4d85d0a499889700
bibit000646,Dialoghi,"Tasso, Torquato",Biblioteca Italiana,http://www.bibliotecaitaliana.it/scheda/bibit000646,historical_general,preserve_rendered_tei_text,bdb595182d9919cd5c81230ae1149f19ea705427cf7550d1f1154045876af732,text_materialized,data/processed/bibit_resolved_v1/historical_general/part-0002.txt,3004271,3011451,7094,7180,be2d35f7a00624d2ae864ea7e739e50f4f98dc516c5c6c167d23985ec4a823d2
bibit000647,Il Manso overo de l'Amicizia,"Tasso, Torquato",Biblioteca Italiana,http://www.bibliotecaitaliana.it/scheda/bibit000647,historical_general,preserve_rendered_tei_text,c68703525f4795e8f71d9172eae14562c4984153a2428d0123949e74929b9cf2,text_materialized,data/processed/bibit_resolved_v1/historical_general/part-0002.txt,3011452,3095765,83174,84313,eb6679312f4546d7e57c7d78a822c506e0ce9e3b2ca01502858ed2d7ae027792
bibit000648,Il Ghirlinzone overo l'Epitafio,"Tasso, Torquato",Biblioteca Italiana,http://www.bibliotecaitaliana.it/scheda/bibit000648,historical_general,preserve_rendered_tei_text,4e8086f2c0696c3e88bb24440de73a7d003d374b96f22013a7c8069a3e4cde32,text_materialized,data/processed/bibit_resolved_v1/historical_general/part-0002.txt,3095766,3127293,31192,31527,fadb8600ad5db1391281c91a3d89e53bb7c3bdcc0676e613ab2e34a88b301829
bibit000649,"Statuti Capitoli et Constitutioni del Ordine de Cavalieri di Santo Stephano, fondato e dotato dal Illustr. et Eccell. Signor Cosimo Medici Duca di Fiorenza e Siena",Non definito,Biblioteca Italiana,http://www.bibliotecaitaliana.it/scheda/bibit000649,historical_general,preserve_rendered_tei_text,75abadb5c53814742cb08d32e7446a9341985a80a6d85d9143d5b434586fba85,text_materialized,data/processed/bibit_resolved_v1/historical_general/part-0002.txt,3127294,3323300,194997,196006,b18d726191da7845a8426cbbfd3d58677c342cfb72209d3e909a0313c876dc77
bibit000651,Epistolario,Barnaba di Nanni di Barnaba,Biblioteca Italiana,http://www.bibliotecaitaliana.it/scheda/bibit000651,historical_general,preserve_rendered_tei_text,b5e3dde652f16b61053a589f7b5470d3bf85043c5181be34d541df2bf00f1309,text_materialized,data/processed/bibit_resolved_v1/historical_general/part-0002.txt,3323301,3345950,22637,22649,e8f2c221c2ef6a2afb21b0a44edcf342ef99f939e920f077fe531b59080bd576
bibit000653,La Spagna,Non definito,Biblioteca Italiana,http://www.bibliotecaitaliana.it/scheda/bibit000653,historical_non_sonnet_poetry,preserve_rendered_tei_text,5b57d57567472c5bb028b3148eb6d11ddb818d9088fd9b22558810c5ad2c3dde,text_materialized,data/processed/bibit_resolved_v1/historical_non_sonnet_poetry/part-0001.txt,14846712,15381495,525605,534783,a62889d7f4fe0692fa1cc0e748c78578f851edec254fc6accdab65d4479581c7
bibit000655,Psicologia delle menti associate,"Cattaneo, Carlo",Biblioteca Italiana,http://www.bibliotecaitaliana.it/scheda/bibit000655,nineteenth_century_bridge,preserve_rendered_tei_text,056ca605dd504e7fb2ea31af3a0fbcb307bb048f18d454ff3baa32505fde11d5,text_materialized,data/processed/bibit_resolved_v1/nineteenth_century_bridge/part-0001.txt,23036981,23147257,109095,110276,e2e1163e1b4c1e3e396563af3c7f3b6178363b3a0c0e4794b59455b80171af8e
bibit000656,Della coltivazione,"Alamanni, Luigi",Biblioteca Italiana,http://www.bibliotecaitaliana.it/scheda/bibit000656,historical_non_sonnet_poetry,preserve_rendered_tei_text,0097de26557d1fa50b3b5e83621b5650250262118dc07dafb4e5ecfd2c9e5350,text_materialized,data/processed/bibit_resolved_v1/historical_non_sonnet_poetry/part-0001.txt,15381496,15595551,212286,214055,2368d83454d8aecdaa927a5e0f1589673cd7277da8fa5f25d3e6a5de4a0563c3
bibit000657,La galeria,"Marino, Giovambattista",Biblioteca Italiana,http://www.bibliotecaitaliana.it/scheda/bibit000657,historical_non_sonnet_poetry,preserve_rendered_tei_text,80508241790ae80f0a04eb6fb12150efc5a6c845bae5ce21371634304416ba33,text_materialized,data/processed/bibit_resolved_v1/historical_non_sonnet_poetry/part-0001.txt,15595552,15805523,208194,209971,bb8d8059d377dcb667061a7dc4029ddce340f184368ffe0da099ae9056a7072f
bibit000659,La rappresentazione quando Gesù resucitò Lazero,Non definito,Biblioteca Italiana,http://www.bibliotecaitaliana.it/scheda/bibit000659,historical_general,preserve_rendered_tei_text,15332b23ce9256a20c893af6916ca88f85fd3ecc2a9044ecba3b77ffcb3a4753,text_materialized,data/processed/bibit_resolved_v1/historical_general/part-0002.txt,3345951,3361283,15111,15332,26ba733b331288a9a2e58708802c1810f4a4e4da8aee33aff6507e4bad30488e
bibit000661,Dissertazione sopra le doti dell'anima umana,"Leopardi, Giacomo",Biblioteca Italiana,http://www.bibliotecaitaliana.it/scheda/bibit000661,nineteenth_century_bridge,preserve_rendered_tei_text,4fe987028513cff76282e3fb4942e0da9cef0b126eca37e188ebc548f41e0cc7,text_materialized,data/processed/bibit_resolved_v1/nineteenth_century_bridge/part-0001.txt,23147258,23178257,30715,30999,4ec4e4fb2495a74388b8e1b5b9d199ccafbf6908166b550d9709a3c9ea9700d7
bibit000662,Dialogo,"Tasso, Torquato",Biblioteca Italiana,http://www.bibliotecaitaliana.it/scheda/bibit000662,historical_general,preserve_rendered_tei_text,c9ca2b70ed477279a6238a434cf07490a7e34bec9a8569c081e8423a4aa1103a,text_materialized,data/processed/bibit_resolved_v1/historical_general/part-0002.txt,3361284,3395242,32987,33958,ec54858ea12b7769a3997e49693b0cbca8b612b5a6513fea05c2c74605557942
bibit000663,Edmenegarda,"Prati, Giovanni",Biblioteca Italiana,http://www.bibliotecaitaliana.it/scheda/bibit000663,nineteenth_century_bridge,preserve_rendered_tei_text,a7c717b2733bb35eefcfeebc6c102129f23345020bdb8a0ba612d6aba4432ac5,text_materialized,data/processed/bibit_resolved_v1/nineteenth_century_bridge/part-0001.txt,23178258,23254756,75462,76498,32bb7163f4bd756f7b57af4165f479dc748d391bfed237d2d6d420bb305a93e7
bibit000664,Relazione di Germania (1690),"Corner, Federico",Biblioteca Italiana,http://www.bibliotecaitaliana.it/scheda/bibit000664,historical_general,preserve_rendered_tei_text,0263bf1f3e00a2050a80d59b760142b308d0611fe10b5fb8cd5cc4b95b931cd3,text_materialized,data/processed/bibit_resolved_v1/historical_general/part-0002.txt,3395243,3492019,96087,96776,9a0dff68c8963d9f8efc76f8c88ecb9eb59b74305bec31315420d3cef9b18c0a
bibit000665,"Il Belluzzi, o vero la città felice","Zuccolo, Ludovico",Biblioteca Italiana,http://www.bibliotecaitaliana.it/scheda/bibit000665,historical_general,preserve_rendered_tei_text,3dfed2f1fe4f1a756180163f46bd0500938677e474dadb75760be23a0c110893,text_materialized,data/processed/bibit_resolved_v1/historical_general/part-0002.txt,3492020,3515946,23637,23926,df865fcf0fab02c04edafff67ba921b7557345951d9597c0925026a92e004d39
bibit000666,Promessi Sposi,"Manzoni, Alessandro",Biblioteca Italiana,http://www.bibliotecaitaliana.it/scheda/bibit000666,nineteenth_century_bridge,preserve_rendered_tei_text,d94d0fa66e2fa26a5701ccd0fd3d6f4d2bdeebef2d443895258f55bcd06c7dff,text_materialized,data/processed/bibit_resolved_v1/nineteenth_century_bridge/part-0001.txt,23254757,24576151,1304768,1321394,d8a0ab53126d32a6c0723bb677f51123a695c8e763a3e63d39f740848c2b8f00
bibit000669,Comento di Cristophoro Landini Fiorentino sopra la Comedia di Dante Alighieri poeta Fiorentino,"Landino, Cristoforo",Biblioteca Italiana,http://www.bibliotecaitaliana.it/scheda/bibit000669,historical_general,strip_editorial_square_delimiters_and_labels,8b2f3db71d7c58e5b9caae46129ca0706f111cdc41e5651ce7d341d335e8b08f,text_materialized,data/processed/bibit_resolved_v1/historical_general/part-0002.txt,3515947,7135228,3577809,3619281,8909fa9ee8eba92852fec92ca868f5fc81abf1bde50561e4183390c31574c2bf
bibit000670,Per il progetto di un codice militare disciplinare,"Foscolo, Ugo",Biblioteca Italiana,http://www.bibliotecaitaliana.it/scheda/bibit000670,nineteenth_century_bridge,preserve_rendered_tei_text,9041cf03af58e7831b87b6a2bb78d7e1fc20e49d85c582db3316f02e1ff0a056,text_materialized,data/processed/bibit_resolved_v1/nineteenth_century_bridge/part-0001.txt,24576152,24584779,8518,8627,b52f0be5221a230b4e60e0f49c8993f716845e4e7004cbed1605f5ffc2d81aa3
bibit000671,Relazione dell'ambasceria straordinaria in Francia (1617),"Bon, Ottaviano",Biblioteca Italiana,http://www.bibliotecaitaliana.it/scheda/bibit000671,historical_general,preserve_rendered_tei_text,948a726cb3dc41a2f9c28a34de2776979e8777575740b67d6f09514ce60c9499,text_materialized,data/processed/bibit_resolved_v1/historical_general/part-0002.txt,7135229,7212173,76449,76944,183846f66d10f49205e97fec430ea10efcb1a65283d16158b5fa188d52ec719a
bibit000672,Madrigali,"Strozzi, Giovan Battista, il Giovane",Biblioteca Italiana,http://www.bibliotecaitaliana.it/scheda/bibit000672,historical_non_sonnet_poetry,preserve_rendered_tei_text,85abfa062dca35d09e816e1eec43e0928172029df84de7e854155af3ba759312,text_materialized,data/processed/bibit_resolved_v1/historical_non_sonnet_poetry/part-0001.txt,15805524,15890794,84559,85270,b4f363fd64290faa2396f8c316b0365558f91e4841c6b03cce3161c5e93d8f7e
bibit000674,Le lettere di Gilio de Amoruso,"Amoruso, Gilio de",Biblioteca Italiana,http://www.bibliotecaitaliana.it/scheda/bibit000674,historical_general,preserve_rendered_tei_text,cee463f7c78a2755c58e1368c8b7cac536ae96be2287144800db67b2a09c528a,text_materialized,data/processed/bibit_resolved_v1/historical_general/part-0002.txt,7212174,7256389,43463,44215,e56bf3ff1f5f1c528bce3577e098f2a86f97889c88de43d6b7d1e056a8f326cd
bibit000675,Egle (Editio Princeps),"Giraldi Cinzio, Giambattista",Biblioteca Italiana,http://www.bibliotecaitaliana.it/scheda/bibit000675,historical_general,preserve_rendered_tei_text,b430409956d73ab67ea56dc5ad6194da5004f85a97ea0441d962fb969c80999a,text_materialized,data/processed/bibit_resolved_v1/historical_general/part-0002.txt,7256390,7348202,91460,91812,397fbe8b41c8dd8074eb2f7fab0657cd38f41ca2ba9d127a227b0f915369a701
bibit000676,Traduzione dell'Iliade,"Monti, Vincenzo",Biblioteca Italiana,http://www.bibliotecaitaliana.it/scheda/bibit000676,historical_non_sonnet_poetry,preserve_rendered_tei_text,38eb7d76772e69cf0b05c157150b64f955a0f099750fed5b856ad8371f339a76,text_materialized,data/processed/bibit_resolved_v1/historical_non_sonnet_poetry/part-0001.txt,15890795,16627913,728667,737118,50e77d791e021f3a908d57baee10b1d6cd0dc06f6c8b5573460005541d2c35fb
bibit000677,Discorsi intorno alla tragedia,"Rossi, Nicolò",Biblioteca Italiana,http://www.bibliotecaitaliana.it/scheda/bibit000677,historical_general,preserve_rendered_tei_text,c53ca90c28e6387aa1c1aae4db213f2554bae528d93779c4e0929a7eb47b48ff,text_materialized,data/processed/bibit_resolved_v1/historical_general/part-0002.txt,7348203,7474982,125698,126779,175b2c4371267c9f6d2cedb68a071dd715d86a068cd28e794905493b9e13620c
bibit000678,Poesie,"Ciai, Giovanni",Biblioteca Italiana,http://www.bibliotecaitaliana.it/scheda/bibit000678,historical_non_sonnet_poetry,preserve_rendered_tei_text,4dd1bd4aeff33d75475d7d16ac384830aa4ab8902c3d6dabf44c21a5129fe9ab,text_materialized,data/processed/bibit_resolved_v1/historical_non_sonnet_poetry/part-0001.txt,16627914,16635447,7469,7533,eda0b07532b5a4d03f40a1265119e0439dad63eef483e3d7f884b54d5474dafc
bibit000679,Il Messaggiero,"Tasso, Torquato",Biblioteca Italiana,http://www.bibliotecaitaliana.it/scheda/bibit000679,historical_general,preserve_rendered_tei_text,dabf7581b62285f009b444453dbc8508d76a4632b7c11ee1101ff2e16fd5a531,text_materialized,data/processed/bibit_resolved_v1/historical_general/part-0002.txt,7474983,7608105,131755,133122,f584d1df5c8418d67d848e398eacadcafcbd8a1e76af9298c28b4c48b0119cde
bibit000680,Carmina,"Pico della Mirandola, Giovanni",Biblioteca Italiana,http://www.bibliotecaitaliana.it/scheda/bibit000680,historical_non_sonnet_poetry,preserve_rendered_tei_text,0210d456d952a51124339f8c3aa76aa0e8c158788ed30ce29dacc4e83bc3fe61,text_materialized,data/processed/bibit_resolved_v1/historical_non_sonnet_poetry/part-0001.txt,16635448,16670233,34774,34785,26222df3b666b4581c11c7a1ead7abbc5ac3ea815e1ffaac9944a0cf1ad2b897
bibit000681,Sofonisba,"Alfieri, Vittorio",Biblioteca Italiana,http://www.bibliotecaitaliana.it/scheda/bibit000681,historical_general,preserve_rendered_tei_text,fd83b50bf1ac7b48852697e883a3cbcae3c09ef99cf5d2168973ef382544b7c9,text_materialized,data/processed/bibit_resolved_v1/historical_general/part-0002.txt,7608106,7655770,47182,47664,088ca3c32ba858cc11597c7ef371c895a35da9ee5dedd2129354c6188b161352
bibit000682,Rime d'amore secondo il codice chigiano,"Tasso, Torquato",Biblioteca Italiana,http://www.bibliotecaitaliana.it/scheda/bibit000682,historical_non_sonnet_poetry,preserve_rendered_tei_text,c0feb8576acb33c37c4a2e33eb5b376974faf155af17c3adfb36c99213cdda28,text_materialized,data/processed/bibit_resolved_v1/historical_non_sonnet_poetry/part-0001.txt,16670234,16707926,37257,37692,6313ad447d1401d1cdce4192ca6ad20ed0f689620a7dd6eca21ec1657d93e3b8
bibit000683,Salmi,"Tasso, Bernardo",Biblioteca Italiana,http://www.bibliotecaitaliana.it/scheda/bibit000683,historical_non_sonnet_poetry,preserve_rendered_tei_text,57c5d6c943c891a8157a5c1feb57eec1ce9e72e28afa76801bdd1835f55abbfe,text_materialized,data/processed/bibit_resolved_v1/historical_non_sonnet_poetry/part-0001.txt,16707927,16752460,44227,44533,51243e4a294b588bb51847fcd35c56ebb6e4528ba9dbda9ce722d33c05bb82bd
bibit000684,Discorso sopra il Parere fatto dal signor Francesco Patricio in difesa di Lodovico Ariosto,"Tasso, Torquato",Biblioteca Italiana,http://www.bibliotecaitaliana.it/scheda/bibit000684,historical_general,preserve_rendered_tei_text,8d403578cc8d69712fde85dfdd5879143ecd98940ebef3713a9846756bbff449,text_materialized,data/processed/bibit_resolved_v1/historical_general/part-0002.txt,7655771,7682368,26361,26597,a7d3c423eb91c0ea26de4fe8c6a238faf575a9f0a277f3e17eb27eb23a52aa04
bibit000687,Relazione di Spagna,"Botero, Giovanni",Biblioteca Italiana,http://www.bibliotecaitaliana.it/scheda/bibit000687,historical_general,preserve_rendered_tei_text,ae075ed3ce5e37ce4b6f373841972adf167886427f0b015348d44068c5cae81e,text_materialized,data/processed/bibit_resolved_v1/historical_general/part-0002.txt,7682369,7782440,99147,100071,babcce586e4161a12ea968d475b85437e32a482ba4f944f70ffe1f458cd45337
bibit000688,La politica di Tommaso Campanella,"Cattaneo, Carlo",Biblioteca Italiana,http://www.bibliotecaitaliana.it/scheda/bibit000688,nineteenth_century_bridge,preserve_rendered_tei_text,da0408372dbeec289e0d73c7fa9fccb02f7b2656ecdb6d9d29a91189aeac86e0,text_materialized,data/processed/bibit_resolved_v1/nineteenth_century_bridge/part-0001.txt,24584780,24671905,86342,87125,699fc0dfbb59a674ca1d08c7183f71e366d788e75ba835d837181d882fb920b6
bibit000689,La Canterina,Non definito,Biblioteca Italiana,http://www.bibliotecaitaliana.it/scheda/bibit000689,historical_general,preserve_rendered_tei_text,55d24f4703c68806d3e10ada28cbe0f613059560cb5235ae8c458d45e7048b2f,text_materialized,data/processed/bibit_resolved_v1/historical_general/part-0002.txt,7782441,7799018,16401,16577,f7f2f5363bb947c4d18bc6c28bded631f859fea6195b80a4757119f497bc7709
bibit000690,Le Chiose Ambrosiane alla Commedia,Non definito,Biblioteca Italiana,http://www.bibliotecaitaliana.it/scheda/bibit000690,historical_general,preserve_rendered_tei_text,a048fb54b89d1ae1f8f072ea6a85ba20653c0dc3f33e3c0373852eb3a73bf8c4,text_materialized,data/processed/bibit_resolved_v1/historical_general/part-0002.txt,7799019,8194346,386149,395327,712a8a6e6e860bb825af0dca1cdfbe08033ca67970b98f9f702213e2ee48575d
bibit000691,Rime,"Alighieri, Dante",Biblioteca Italiana,http://www.bibliotecaitaliana.it/scheda/bibit000691,historical_non_sonnet_poetry,preserve_rendered_tei_text,23a70f326a49955a647fe72d253ab539b105cd4c649e32c8b7310c22de654cd7,text_materialized,data/processed/bibit_resolved_v1/historical_non_sonnet_poetry/part-0001.txt,16752461,16790928,37943,38467,9a33123f16b890af4bcc06a79b1bf2dce21a9ac5152e0eb81a8121a169ac1c3f
bibit000694,Relazione di Francia di Angelo Badoer (1603-1605),"Badoer, Angelo",Biblioteca Italiana,http://www.bibliotecaitaliana.it/scheda/bibit000694,historical_general,preserve_rendered_tei_text,54acf29a17485445a54182c48199098f588370275010e7d8a9aad662f5e2cb15,text_materialized,data/processed/bibit_resolved_v1/historical_general/part-0002.txt,8194347,8397009,200515,202662,8895f28b5baf1c8bf8e8a3ff53a1cd05ee9713b9cae08c272a415cf621e562e8
bibit000695,Inni e Odi,"Manzoni, Alessandro",Biblioteca Italiana,http://www.bibliotecaitaliana.it/scheda/bibit000695,nineteenth_century_bridge,preserve_rendered_tei_text,2c0e36b3492d1c94c2da21d4997d3a69583fe7f917e4e2c10d85761f7097eeb8,text_materialized,data/processed/bibit_resolved_v1/nineteenth_century_bridge/part-0001.txt,24671906,24697337,25246,25431,dc83b8644c0bee63333e803c1e652c084fa3671e6e361a9047494e2888fa759f
bibit000696,Le poesie liriche,"Monti, Vincenzo",Biblioteca Italiana,http://www.bibliotecaitaliana.it/scheda/bibit000696,historical_non_sonnet_poetry,strip_editorial_square_delimiters_and_labels,85353af37a28b7608f59f2b5ce5187d6bff49b9f17709c4b5ccf679330e9abd9,text_materialized,data/processed/bibit_resolved_v1/historical_non_sonnet_poetry/part-0001.txt,16790929,17045983,252675,255054,3262b183238433a3e2309ef876cb1ae967d73516528046ea850dcc1a1ed86abf
bibit000698,Poesie,"Tommaseo, Niccolò",Biblioteca Italiana,http://www.bibliotecaitaliana.it/scheda/bibit000698,historical_non_sonnet_poetry,preserve_rendered_tei_text,7616a216a6a43faeee75eedbe28ad276f2a167f292950741dc0f7add46df8604,text_materialized,data/processed/bibit_resolved_v1/historical_non_sonnet_poetry/part-0001.txt,17045984,17156586,109334,110602,741ec31c8146592af2603a5e1b4d9062caa19d34ef511c130fa1bc00907ac7f1
bibit000701,Il sacrificio (1555),"Beccari, Agostino",Biblioteca Italiana,http://www.bibliotecaitaliana.it/scheda/bibit000701,historical_general,preserve_rendered_tei_text,db90ba18dd548074fe716a674726e084c284ec6e209ff7970c1c9cdf741e2a76,text_materialized,data/processed/bibit_resolved_v1/historical_general/part-0002.txt,8397010,8496724,98758,99714,e034e5297798ff41864951fcb304ae9dba41884d35632ddfa35dfee176ef62f5
bibit000702,Estratti dalla Poetica di Lodovico Castelvetro,"Tasso, Torquato",Biblioteca Italiana,http://www.bibliotecaitaliana.it/scheda/bibit000702,historical_non_sonnet_poetry,preserve_rendered_tei_text,28d965da1549365f6637307a89fd674d176ba263b913bd7bab88ec36c257dcbe,text_materialized,data/processed/bibit_resolved_v1/historical_non_sonnet_poetry/part-0001.txt,17156587,17182111,25239,25524,d11b77c25f643e368679929509c063f114f8ff2577c29d0a4c45e246d7b9b190
bibit000703,Protesta,"Alberti, Leon Battista",Biblioteca Italiana,http://www.bibliotecaitaliana.it/scheda/bibit000703,historical_general,preserve_rendered_tei_text,333286a96390f882d5e85bed3a0b62bc00133ac06c4acd57ed6de0a31c73442d,text_materialized,data/processed/bibit_resolved_v1/historical_general/part-0002.txt,8496725,8508942,12106,12217,45ddc8083385b6fc4dd8ce06323883154eca9a9fd7125fac11ee291998367b89
bibit000704,Nuovi canti carnascialeschi del Rinascimento,Non definito,Biblioteca Italiana,http://www.bibliotecaitaliana.it/scheda/bibit000704,historical_non_sonnet_poetry,preserve_rendered_tei_text,186ea6979f2a4f4a662971eceb47c43cbad3846bdd77bac1d349742e97bd991c,text_materialized,data/processed/bibit_resolved_v1/historical_non_sonnet_poetry/part-0001.txt,17182112,17300845,117330,118733,d751d13948536d810c170ce368f78bc243b1e58d5326e56ffdab4e9042ff0981
bibit000705,Rosmunda,"Alfieri, Vittorio",Biblioteca Italiana,http://www.bibliotecaitaliana.it/scheda/bibit000705,historical_general,preserve_rendered_tei_text,c9068806a87f0e9e4493b624def9e49478e9c273f2814d737ff4e52e620a3e2f,text_materialized,data/processed/bibit_resolved_v1/historical_general/part-0002.txt,8508943,8571544,61966,62601,a1b52ac3020062563170cdc0e6bdd48722c591e24b25b076f181629a8ac676fa
bibit000706,Relazione di Costantinopoli (1684),"Donado, Giambattista",Biblioteca Italiana,http://www.bibliotecaitaliana.it/scheda/bibit000706,historical_general,preserve_rendered_tei_text,3b127f74297c2ba5fb7427b6fed554aa4241c5eebd3b8449bd5e2440f8943699,text_materialized,data/processed/bibit_resolved_v1/historical_general/part-0002.txt,8571545,8707790,135011,136245,a937a1ccfdb6fe23fb8f180d9582a6fcb65701e7612bba772da3744c19a2ba59
bibit000707,Poesie,"Benci, Tommaso",Biblioteca Italiana,http://www.bibliotecaitaliana.it/scheda/bibit000707,historical_non_sonnet_poetry,preserve_rendered_tei_text,63acd1b5cc34d9bec4a82af9e4f8d8b30375c1e0b7fbcbfbc024e590eefedbd9,text_materialized,data/processed/bibit_resolved_v1/historical_non_sonnet_poetry/part-0001.txt,17300846,17306037,5109,5191,fddf1b85738dadb9769d77d1d823dc7db64e3fa7929e41cf29c903f315ab0225
bibit000708,Della eredità di Cleonimo. Orazione d'Iseo,"Leopardi, Giacomo",Biblioteca Italiana,http://www.bibliotecaitaliana.it/scheda/bibit000708,nineteenth_century_bridge,preserve_rendered_tei_text,02d3c9fdd5b03f730468e87273ec90cbc8e2893f25c7ff85d62b4cfbb588bd6e,text_materialized,data/processed/bibit_resolved_v1/nineteenth_century_bridge/part-0001.txt,24697338,24700007,2643,2669,e438be35f5beb5a6b0cdfe3274d304d57b44182b627194947d0cf6f6f9c79506
bibit000709,Poeti del Duecento,Non definito,Biblioteca Italiana,http://www.bibliotecaitaliana.it/scheda/bibit000709,historical_non_sonnet_poetry,strip_editorial_square_delimiters_and_labels,ebc45d2015e4f33a4ddfc333ddf933cbba817cd7f23fd30e642639eb79494950,text_materialized,data/processed/bibit_resolved_v1/historical_non_sonnet_poetry/part-0001.txt,17306038,18100011,777484,793973,00e9c14395c6c38ad49e176ae20dfa1dd33278540e7edfb91acf38ad8eb860a0
bibit000710,Poesie,"Risorboli, Niccolò",Biblioteca Italiana,http://www.bibliotecaitaliana.it/scheda/bibit000710,historical_non_sonnet_poetry,preserve_rendered_tei_text,483f6b8a403e668d4180b002fb585739fdf6799e2b1dcd0a2902a284988a8482,text_materialized,data/processed/bibit_resolved_v1/historical_non_sonnet_poetry/part-0001.txt,18100012,18102981,2927,2969,1681ad983193750afbe74c1948eb57720ca152478e7faf22ea00f817b9fcaa78
bibit000712,Poesie,"Bellacci, Andrea",Biblioteca Italiana,http://www.bibliotecaitaliana.it/scheda/bibit000712,historical_non_sonnet_poetry,preserve_rendered_tei_text,3cc329699067616f493128c9809fb22614a2623873544cc5dda3815c512a7b2b,text_materialized,data/processed/bibit_resolved_v1/historical_non_sonnet_poetry/part-0001.txt,18102982,18112636,9536,9654,a63200a365f10be1aeed6f78103f5cdff7e9fdbbc3870c8a5ac9ecd188dd68a9
bibit000714,Avviso per la traduzione dell'Essai sur l'indifférence en matière de religion dell'abate Lamennais,"Manzoni, Alessandro",Biblioteca Italiana,http://www.bibliotecaitaliana.it/scheda/bibit000714,nineteenth_century_bridge,preserve_rendered_tei_text,10c70178fc5dfcec3fc31e967896af93af27f3a74062494fe7f669f4e205949c,text_materialized,data/processed/bibit_resolved_v1/nineteenth_century_bridge/part-0001.txt,24700008,24702801,2769,2793,39c6b468fdd19ec0363291cbfb69317ab8c3cedf0d99de85eed804035b296530
bibit000715,Sentir messa,"Manzoni, Alessandro",Biblioteca Italiana,http://www.bibliotecaitaliana.it/scheda/bibit000715,nineteenth_century_bridge,preserve_rendered_tei_text,ca5a8765d5fccd120ff451c4089f8d8c17796bf3d62630b9570fd9756e6b3fcc,text_materialized,data/processed/bibit_resolved_v1/nineteenth_century_bridge/part-0001.txt,24702802,24817918,113659,115116,5697be34440d41f9a027efe85091703fed6b30a368b71dac368d63f5a7af7234
bibit000716,Saul,"Alfieri, Vittorio",Biblioteca Italiana,http://www.bibliotecaitaliana.it/scheda/bibit000716,historical_general,preserve_rendered_tei_text,4d7e4523ce6c2df8b75b711930fb3cb22910f4ed78101de9a70fd9c4f0972362,text_materialized,data/processed/bibit_resolved_v1/historical_general/part-0002.txt,8707791,8776490,67248,68699,11827304849264df1883c05c20c5309b072c90ebccd13e15f5473e4ca9fccf26
bibit000718,Le imagini dei Dei de gli Antichi,"Cartari, Vincenzo",Biblioteca Italiana,http://www.bibliotecaitaliana.it/scheda/bibit000718,historical_general,preserve_rendered_tei_text,2879e58fc3c1a3960b94888893ba8b6d2edf08ee5acc793f0d1d1cf6f31ebed6,text_materialized,data/processed/bibit_resolved_v1/historical_general/part-0002.txt,8776491,9510673,729369,734182,bc2779dca27cfefa96d3457dbaf37afbc0879136be72173676b7b0d66ac9ab17
bibit000719,Ragionamento sopra la proprietà delle imprese,"Contile, Luca",Biblioteca Italiana,http://www.bibliotecaitaliana.it/scheda/bibit000719,historical_general,preserve_rendered_tei_text,d7ff5460aee5cc3915e4938233fbee7caef095522d5c0bfe2c858cd294a75847,text_materialized,data/processed/bibit_resolved_v1/historical_general/part-0002.txt,9510674,9925371,409644,414697,4d332a92df77e73dd965f70672c8e7a0f48c8ea892bd96e1c3114749c49e6bde
bibit000720,Già languiva la notte,Non definito,Biblioteca Italiana,http://www.bibliotecaitaliana.it/scheda/bibit000720,historical_non_sonnet_poetry,preserve_rendered_tei_text,b7f3c7c43f62fd4baf99840986078d1589f88dca9455766b4b4d57db099eda42,text_materialized,data/processed/bibit_resolved_v1/historical_non_sonnet_poetry/part-0001.txt,18112637,18115823,3144,3186,1bf934cca0c09b3dd3a2bda6204c2a5b92deb25791ccbfd3051a585f5db1f2a8
bibit000721,Lettera sovra il comporre le satire atte alla scena,"Giraldi Cinzio, Giambattista",Biblioteca Italiana,http://www.bibliotecaitaliana.it/scheda/bibit000721,historical_general,preserve_rendered_tei_text,b395d6c665053ba1daa3b1386dbd91034eab1141d26b078e7ba60247069c1798,text_materialized,data/processed/bibit_resolved_v1/historical_general/part-0002.txt,9925372,9966081,40356,40709,b360cac8ebf7be474b2ea8c36900fffd91ec376a1d8e0ef3846330879c250d33
bibit000722,La idropica,"Guarini, Battista",Biblioteca Italiana,http://www.bibliotecaitaliana.it/scheda/bibit000722,historical_general,preserve_rendered_tei_text,8659760fe3db7bcdfed99164eff7b11b927321080b17cc1338f7d2a9ccfe61eb,text_materialized,data/processed/bibit_resolved_v1/historical_general/part-0002.txt,9966082,10174415,206206,208333,6c7520e29f2feccfc819165a4e40f79619c81f3de15c9eb2a2145ffcb571ec42
bibit000724,Dissertazione sopra il moto,"Leopardi, Giacomo",Biblioteca Italiana,http://www.bibliotecaitaliana.it/scheda/bibit000724,nineteenth_century_bridge,preserve_rendered_tei_text,749a6f90673c0b20ac8db669cb2c3ea260940f2919bdcdb342c4986761f9d9f4,text_materialized,data/processed/bibit_resolved_v1/nineteenth_century_bridge/part-0001.txt,24817919,24830491,12452,12572,d9c8fb41747e68bbcf09e18af806d382b9801500d410e893bfcc301ad5a3f799
bibit000725,Rime,"Serdini, Simone (detto il Saviozzo)",Biblioteca Italiana,http://www.bibliotecaitaliana.it/scheda/bibit000725,historical_non_sonnet_poetry,preserve_rendered_tei_text,d5794cd886c494d9ded52a6f9354eef7be8bda05574bf5cee5f22f44e33aaefa,text_materialized,data/processed/bibit_resolved_v1/historical_non_sonnet_poetry/part-0001.txt,18115824,18331251,212916,215427,763d90ae7dc8a6a2df519bb60bb841bafa675269dfed9952ffcadb22b365e105
bibit000727,Della reppubblica de' Viniziani,"Giannotti, Donato",Biblioteca Italiana,http://www.bibliotecaitaliana.it/scheda/bibit000727,historical_general,preserve_rendered_tei_text,037adea578cfafdc3b5a5e49bada8e332cf3bc126d0c32b10e4c1915aabff0e3,text_materialized,data/processed/bibit_resolved_v1/historical_general/part-0002.txt,10174416,10482908,305646,308492,3f673c90f73ea655c5684c503d3ab586e31fdbce539f3101d7808c05d2c880e9
bibit000728,Rime,"Angiolieri, Cecco",Biblioteca Italiana,http://www.bibliotecaitaliana.it/scheda/bibit000728,historical_non_sonnet_poetry,preserve_rendered_tei_text,0f3b422496fec1435369e98e274b48ee02b62c98172647f5f257fe2b6630e092,sonnet_source_without_residual_record_text,,,,0,0,e3b0c44298fc1c149afbf4c8996fb92427ae41e4649b934ca495991b7852b855
bibit000729,Dell'origine e dell'ufficio della letteratura,"Foscolo, Ugo",Biblioteca Italiana,http://www.bibliotecaitaliana.it/scheda/bibit000729,nineteenth_century_bridge,preserve_rendered_tei_text,86b8bbb5aae7dabc16f8fe94335f4e7949ad2ad5c62c8012dadcff2ee0d6c2ab,text_materialized,data/processed/bibit_resolved_v1/nineteenth_century_bridge/part-0001.txt,24830492,24898008,66806,67516,d6d9e6c26fbfba05d3010cb53b92d7f1b37a7093c075a85db9888ed036ca37e0
bibit000730,Proemio all'Archivio glottologico italiano,"Ascoli, Graziadio Isaia",Biblioteca Italiana,http://www.bibliotecaitaliana.it/scheda/bibit000730,nineteenth_century_bridge,preserve_rendered_tei_text,d013c0cfb09bc80dd462448ea8858fb64e3ba62015b7127ee6c4244d4e02aaaa,text_materialized,data/processed/bibit_resolved_v1/nineteenth_century_bridge/part-0001.txt,24898009,24970665,71919,72656,1369fc892814baf749d521dc05b00d1cd5e0c31a400818b83744b7d2013f7826
bibit000731,Zenobia,"Metastasio, Pietro",Biblioteca Italiana,http://www.bibliotecaitaliana.it/scheda/bibit000731,historical_general,preserve_rendered_tei_text,4deb18bf330c8c7dc2a1c5152d9fdf4f33a17a2fd0a967b3962d9261e0d9e793,text_materialized,data/processed/bibit_resolved_v1/historical_general/part-0002.txt,10482909,10533917,50566,51008,e111320bbfbc0c5e56554ce4ef813c6131401e8d872786a7dbefebc958aabe1e
bibit000732,La Lena,"Ariosto, Ludovico",Biblioteca Italiana,http://www.bibliotecaitaliana.it/scheda/bibit000732,historical_general,preserve_rendered_tei_text,13eafafff2d8455448b8849a8f303da25f8fffcdd25ba93aba2536a8f055f4ab,text_materialized,data/processed/bibit_resolved_v1/historical_general/part-0002.txt,10533918,10612095,77427,78177,9710070730bd3e957b62988a22e7765bf1f063d5dc58e23ed865a3f5c9cbe1d0
bibit000733,Inventario,Non definito,Biblioteca Italiana,http://www.bibliotecaitaliana.it/scheda/bibit000733,historical_general,preserve_rendered_tei_text,33479b417b14ed0c968887636db9ec7ae224181d1f84ee57e2186067d6415d7c,text_materialized,data/processed/bibit_resolved_v1/historical_general/part-0002.txt,10612096,10618179,6059,6083,055277f47dae61cdecf368a5cbf3bd8a48a6e30d88990735bb04b34b6217041f
bibit000735,La Feroniade,"Monti, Vincenzo",Biblioteca Italiana,http://www.bibliotecaitaliana.it/scheda/bibit000735,nineteenth_century_bridge,preserve_rendered_tei_text,d14d9afce9e2d646b0136d55f07bbc33a2fe340d6b80cc4ac269635c24953696,text_materialized,data/processed/bibit_resolved_v1/nineteenth_century_bridge/part-0001.txt,24970666,25041581,70336,70915,9ebcb9cac32bd9cd0a0e82bae79382e3bae85f312af38bb2a96ca0ca99a2328d
bibit000736,Dialogo de la partita soa,"Carbone, Ludovico",Biblioteca Italiana,http://www.bibliotecaitaliana.it/scheda/bibit000736,historical_general,preserve_rendered_tei_text,9055bb94a4210e50cc921cccfb2d41c27dd687833156721f33e78440a2f0cc63,text_materialized,data/processed/bibit_resolved_v1/historical_general/part-0002.txt,10618180,10642850,24504,24670,d793672ce7045a49e53595abe478023d8e4db407f59030b19234f8b761f5587d
bibit000738,Comedia delle ninfe fiorentine,"Boccaccio, Giovanni",Biblioteca Italiana,http://www.bibliotecaitaliana.it/scheda/bibit000738,historical_non_sonnet_poetry,strip_editorial_square_delimiters_and_labels,54110398973c50b0bc7df8ec3c248dfb9d6ac68348281abff657bec85ff0d3d1,text_materialized,data/processed/bibit_resolved_v1/historical_non_sonnet_poetry/part-0001.txt,18331252,18622165,288371,290913,793f97b55388442f976341958b39da72b0b910247ec9ede19a705034935c6836
bibit000740,Rime,"Gradenigo, Giorgio",Biblioteca Italiana,http://www.bibliotecaitaliana.it/scheda/bibit000740,historical_non_sonnet_poetry,preserve_rendered_tei_text,ddc16d3797cf861655b6a25d667238cc1b87208e648b0694e87255793125e429,text_materialized,data/processed/bibit_resolved_v1/historical_non_sonnet_poetry/part-0001.txt,18622166,18623838,1659,1672,fda56ce861b3244d15aedec37fd8f37f859e6c87d565364ad67cc18b1fef9d16
bibit000741,Lettere poetiche,"Tasso, Torquato",Biblioteca Italiana,http://www.bibliotecaitaliana.it/scheda/bibit000741,historical_general,strip_editorial_square_delimiters_and_labels,5bcbd6daf37bbe970eb26637d397b96a47eab6828b717014bde65407de1bbf8b,text_materialized,data/processed/bibit_resolved_v1/historical_general/part-0002.txt,10642851,10890469,240019,247618,38412fb7953b6cd3140c7dcabc323cace887cb0c55f4f33fc6ac447de12e4c11
bibit000742,Il libro delle rime,"Sacchetti, Franco",Biblioteca Italiana,http://www.bibliotecaitaliana.it/scheda/bibit000742,historical_non_sonnet_poetry,strip_editorial_square_delimiters_and_labels,b3e24bcc2671e4d886a66e6f892d3299459f30e99b5381069b354211e694bf1e,text_materialized,data/processed/bibit_resolved_v1/historical_non_sonnet_poetry/part-0001.txt,18623839,18880104,253423,256265,142e8b4a293e0d6a92e3e89c56728bb3d8c6b5a264510dbe3d6c3890a729dc50
bibit000743,Sopra una staffilata del Monti ai Romantici,"Manzoni, Alessandro",Biblioteca Italiana,http://www.bibliotecaitaliana.it/scheda/bibit000743,nineteenth_century_bridge,preserve_rendered_tei_text,3787e41c23d48e748733c2d07ab8dffa9ee6a29ad17ef8ff51a9171d0b93404b,text_materialized,data/processed/bibit_resolved_v1/nineteenth_century_bridge/part-0001.txt,25041582,25050851,9111,9269,edc1d9ab833872edd28588e7defa142982ac1d937372ef1e69e8448f7f3fb578
bibit000744,Le Metamorfosi di Ovidio,"Anguillara, Giovanni Andrea dell'",Biblioteca Italiana,http://www.bibliotecaitaliana.it/scheda/bibit000744,historical_non_sonnet_poetry,preserve_rendered_tei_text,d4c3a9a70f9ddaaa792dfc9d0a8317729c531447ee56436d44305ddcfcf83b2c,text_materialized,data/processed/bibit_resolved_v1/historical_non_sonnet_poetry/part-0001.txt,18880105,20399972,1504408,1519867,e7bbb18dc8c60ac3d987590159cb0d2c025e63305ea644d957c1ef0cc3012a84
bibit000745,Amore prigioniero,"Minturno, Antonio",Biblioteca Italiana,http://www.bibliotecaitaliana.it/scheda/bibit000745,historical_general,preserve_rendered_tei_text,be955865c57b550d795c7d70cc589fb89a0eb9ee8b602362a51570b7a353e55d,text_materialized,data/processed/bibit_resolved_v1/historical_general/part-0002.txt,10890470,11037194,145036,146724,f9d098a4d311fedc0d2cf08fb3ba8aae8469290569b356d6b8ffa8e0fa674859
bibit000746,Rime,Niccolò da Correggio,Biblioteca Italiana,http://www.bibliotecaitaliana.it/scheda/bibit000746,historical_non_sonnet_poetry,preserve_rendered_tei_text,317abe0b2fe98ec4cb296825b074865a9a52042fed9ed827cbd2759c01389096,text_materialized,data/processed/bibit_resolved_v1/historical_non_sonnet_poetry/part-0001.txt,20399973,20626810,224078,226837,d7ea0e7725317a32c046acdf11107ee27520ce6afc0b6f11e885deb4340e94a9
bibit000747,Discorsi sopra la prima Deca di Tito Livio,"Machiavelli, Niccolò",Biblioteca Italiana,http://www.bibliotecaitaliana.it/scheda/bibit000747,historical_general,preserve_rendered_tei_text,a64df88dcdd8ab8df622cd4c4a8a0240d8e23abf59a63838d31953e18fd8685d,text_materialized,data/processed/bibit_resolved_v1/historical_general/part-0002.txt,11037195,11751475,707746,714280,ecaf39bad1adf80d4bd65bb11ecbabddff1b82aa417bd60b1b64a137d26321a5
bibit000748,Ah! troppo è ver,Non definito,Biblioteca Italiana,http://www.bibliotecaitaliana.it/scheda/bibit000748,historical_non_sonnet_poetry,preserve_rendered_tei_text,c0eff3ff381667233cddc8264f6e7cef2be385cd8bc5b1974e2f2fd9803b18af,text_materialized,data/processed/bibit_resolved_v1/historical_non_sonnet_poetry/part-0001.txt,20626811,20629270,2444,2459,846413096dfb2a8fcfa0b6d9798e1f2f672496c1872e6e7dff16739b4ff7ca63
bibit000749,La Molza overo de l'Amore,"Tasso, Torquato",Biblioteca Italiana,http://www.bibliotecaitaliana.it/scheda/bibit000749,historical_general,preserve_rendered_tei_text,e1287e139c2bd4afad4f2e8bffd953d7d437cc0aff3812553a5aa0899e2c2494,text_materialized,data/processed/bibit_resolved_v1/historical_general/part-0002.txt,11751476,11775179,23443,23703,2f4ffd975f363ff186b5b35cfb039009ac14e52387ee56380da9e0eb4067cd24
bibit000750,Statuta novissima,Non definito,Biblioteca Italiana,http://www.bibliotecaitaliana.it/scheda/bibit000750,historical_general,preserve_rendered_tei_text,999bfcb4355017204abc705f306916582f68f75281a9ff9ef07fa195c01bb5e4,text_materialized,data/processed/bibit_resolved_v1/historical_general/part-0002.txt,11775180,11782310,7130,7130,4c015233fbcb4441bf0bfdf98f6f7f61460675471e9cb418434986f42993aff7
bibit000751,Poesie,"Medici, Cosimo de'",Biblioteca Italiana,http://www.bibliotecaitaliana.it/scheda/bibit000751,historical_non_sonnet_poetry,preserve_rendered_tei_text,d608352ae6d1e376fbbb83cf81d5cb0e689f78d1961a8c4cce3a2f5a831ed2de,text_materialized,data/processed/bibit_resolved_v1/historical_non_sonnet_poetry/part-0001.txt,20629271,20631406,2118,2135,c868aa4fcd5eb48d491638c7d7d8eac194ee61fda01c4ecd6405c0343e03d842
bibit000752,L'istituzione dell'uomo,"Piccolomini, Alessandro",Biblioteca Italiana,http://www.bibliotecaitaliana.it/scheda/bibit000752,historical_general,strip_editorial_square_delimiters_and_labels,4f1324e4c36970cc97c1f0ddf644db3a1e1a450753e0401b5919c3db281681e9,text_materialized,data/processed/bibit_resolved_v1/historical_general/part-0002.txt,11782311,12724863,934696,942552,61f4ca31829baebee388559d383c5bc06244ae35b6d6152e6606ab42775f8ef6
bibit000753,Dell'indipendenza dell'Italia,"Manzoni, Alessandro",Biblioteca Italiana,http://www.bibliotecaitaliana.it/scheda/bibit000753,nineteenth_century_bridge,preserve_rendered_tei_text,16ecfa044916ee5153d8172a6009a901204636cb1f0875c0c60b4d171976e597,text_materialized,data/processed/bibit_resolved_v1/nineteenth_century_bridge/part-0001.txt,25050852,25088078,36974,37226,a13db051a1de0f050db58656f94016278e69c526a03a5dee4eb2c10d3e766cfc
bibit000754,Precetti della poetica,"Toscanella, Orazio",Biblioteca Italiana,http://www.bibliotecaitaliana.it/scheda/bibit000754,historical_general,preserve_rendered_tei_text,33a39fc25b1854d2fae224eede8bad1edd58784b4f710e57f57b08e5473cfaba,text_materialized,data/processed/bibit_resolved_v1/historical_general/part-0002.txt,12724864,12736122,11169,11258,b585755922d52b4344623e9fda95ac69f68146bbbbf58832d7c59a4cd0f83f26
bibit000755,Manuale di Epitteto,"Leopardi, Giacomo",Biblioteca Italiana,http://www.bibliotecaitaliana.it/scheda/bibit000755,nineteenth_century_bridge,preserve_rendered_tei_text,48cb3c0ec42ebab5d170e2d2d53b3fb302d0559599d888185af89b70cad7bd15,text_materialized,data/processed/bibit_resolved_v1/nineteenth_century_bridge/part-0001.txt,25088079,25138599,50001,50520,8cc052f67f7a3906650e1569bff54ab781f6212493be72e6e76053e3bb8d5480
bibit000756,Frammenti e rime extravaganti,"Petrarca, Francesco",Biblioteca Italiana,http://www.bibliotecaitaliana.it/scheda/bibit000756,historical_non_sonnet_poetry,preserve_rendered_tei_text,a89e4bc284a387daf7736b6f49ed55e6c72e6276b281f1e1979ae10df90edef7,text_materialized,data/processed/bibit_resolved_v1/historical_non_sonnet_poetry/part-0001.txt,20631407,20643632,12077,12225,f0223cdf4829dd417d7ff763191e19a2a1c2fd6b4766e2c453c92ed227f81ab3
bibit000757,Componimenti poetici (1809),"Leopardi, Giacomo",Biblioteca Italiana,http://www.bibliotecaitaliana.it/scheda/bibit000757,nineteenth_century_bridge,preserve_rendered_tei_text,7da24737107a2e2c12de1fa46306a6d4d2d20730159ab6a9db48ae24f3c3431b,text_materialized,data/processed/bibit_resolved_v1/nineteenth_century_bridge/part-0001.txt,25138600,25142951,4320,4351,12562f61ee2c26f65bdaf5ffe95bef512e77f2e443fa3feef184f2ff0931c7da
bibit000758,Degli effetti della fame,"Foscolo, Ugo",Biblioteca Italiana,http://www.bibliotecaitaliana.it/scheda/bibit000758,nineteenth_century_bridge,preserve_rendered_tei_text,437a0530d1a9ab362216383b0a8e77b5d334f2e1ff6145e32d98a8d4c9895ac8,text_materialized,data/processed/bibit_resolved_v1/nineteenth_century_bridge/part-0001.txt,25142952,25176223,32905,33271,0838b2a35051525358d4b2dd6915af9ac67b999d0bd1c7e1bbf7882312f2f524
bibit000759,Levia Gravia,"Carducci, Giosue",Biblioteca Italiana,http://www.bibliotecaitaliana.it/scheda/bibit000759,nineteenth_century_bridge,preserve_rendered_tei_text,b0a102783dc75b3f8760f97af033b5511a2fb350541f7e9fe83e97465ff917f6,text_materialized,data/processed/bibit_resolved_v1/nineteenth_century_bridge/part-0001.txt,25176224,25229821,53184,53597,7c5a5bacd467b8cd5f7badb20e5dba150cb5df92bd1edf6adebdccf9eb01493b
bibit000760,Canzoniere,"Petrarca, Francesco",Biblioteca Italiana,http://www.bibliotecaitaliana.it/scheda/bibit000760,historical_non_sonnet_poetry,preserve_rendered_tei_text,fb29956d9a94cdcdd15d0994a67af1e5f5d816a89602d372ec9e961ee1726b2b,text_materialized,data/processed/bibit_resolved_v1/historical_non_sonnet_poetry/part-0001.txt,20643633,20755084,110030,111451,26798b5c0e7dfd167216b5300659ac93260f3889da5a08470ff690a92fb7670e
bibit000761,Poesie,"Albizzi, Piero degli",Biblioteca Italiana,http://www.bibliotecaitaliana.it/scheda/bibit000761,historical_non_sonnet_poetry,preserve_rendered_tei_text,7b00dc7d21be6adfe42c604faf36d941c4f0c96cf7a765259bcccfbb8f2529fb,text_materialized,data/processed/bibit_resolved_v1/historical_non_sonnet_poetry/part-0001.txt,20755085,20758363,3230,3278,11b24bcdb837330ab5a6cfeb377f53091a061f385fac01ee5e6484b2513c4956
bibit000762,Presso un rivo ch'avea,Non definito,Biblioteca Italiana,http://www.bibliotecaitaliana.it/scheda/bibit000762,historical_non_sonnet_poetry,preserve_rendered_tei_text,de9d6eddf195f16bb4c6cd24dad310760691700d7320e225caff9fbee9155097,text_materialized,data/processed/bibit_resolved_v1/historical_non_sonnet_poetry/part-0001.txt,20758364,20759319,945,955,6d44e18eb61eabdb2ded9ac7f796af37c9671eab569e7280027299105946cb9f
bibit000763,Aminta,"Tasso, Torquato",Biblioteca Italiana,http://www.bibliotecaitaliana.it/scheda/bibit000763,historical_general,preserve_rendered_tei_text,f8b467329b157ca162409ab6c7dea6616a4c69c4290e06c644ea55e344836c69,text_materialized,data/processed/bibit_resolved_v1/historical_general/part-0002.txt,12736123,12809858,73070,73735,84bc775ee39cf1fddf7c7f392af1c1fc23d01968ec918293bf3e89834097c193
bibit000764,Edippo,"Foscolo, Ugo",Biblioteca Italiana,http://www.bibliotecaitaliana.it/scheda/bibit000764,nineteenth_century_bridge,preserve_rendered_tei_text,af4eec0aed9b1b3de63ca481b514b3918ec41944878db46b558b2fc5504d881f,text_materialized,data/processed/bibit_resolved_v1/nineteenth_century_bridge/part-0001.txt,25229822,25281623,51077,51801,5e1c5599df53c284d03760fc24cf0807abc0044329ac47087bf389aae86bafb1
bibit000765,Rime,"Guarini, Battista",Biblioteca Italiana,http://www.bibliotecaitaliana.it/scheda/bibit000765,historical_non_sonnet_poetry,preserve_rendered_tei_text,37b76f2d7ffe8be1d5355d7d79e488de71452ab52c0634afb32db8e70ef81dc6,text_materialized,data/processed/bibit_resolved_v1/historical_non_sonnet_poetry/part-0001.txt,20759320,20808269,48335,48949,f126e556c06b28e5831cc80eeafdd4b0b2d1ddf83e4d55cdd5417911a4b2e170
bibit000766,Dialogo delle lingue,"Speroni, Sperone",Biblioteca Italiana,http://www.bibliotecaitaliana.it/scheda/bibit000766,historical_general,preserve_rendered_tei_text,714434b2b38c04966b6cbd5adb2f776b460b75419f04b21a5c056b7f26f20005,text_materialized,data/processed/bibit_resolved_v1/historical_general/part-0002.txt,12809859,12886158,74989,76299,db2d3b6f9a53b540df9584aaef1bdf189ef224dc425f654f5c22a32f961ea97e
bibit000770,Relazione di Germania,"Mocenigo, Leonardo",Biblioteca Italiana,http://www.bibliotecaitaliana.it/scheda/bibit000770,historical_general,preserve_rendered_tei_text,779ff3dc8ce2d237b2a8a0a9ffbf9d34f6e95dc65a65288427ba4a87fb329c24,text_materialized,data/processed/bibit_resolved_v1/historical_general/part-0002.txt,12886159,12975233,88348,89074,6d24aa88be050197a586685b9cab80f0262ac80e2c11a66995bb552f77e8fe4b
bibit000774,Arbitrato,Giovanni di Bertazzo Montolini,Biblioteca Italiana,http://www.bibliotecaitaliana.it/scheda/bibit000774,historical_general,preserve_rendered_tei_text,cf97fa929ddd2483046059bfc2ead0e084f1ff3ce6b7283afee9cc2198e76e78,text_materialized,data/processed/bibit_resolved_v1/historical_general/part-0002.txt,12975234,12995301,19833,20067,23cce4f9ceacae005471b8d24d4a6eb9dee3e490decb5695700140630357ce80
bibit000776,Rime lugubri,"Marino, Giovambattista",Biblioteca Italiana,http://www.bibliotecaitaliana.it/scheda/bibit000776,historical_non_sonnet_poetry,preserve_rendered_tei_text,d47c2164c8739c7ee55e835592d1eb1cc3db521c2aa1af75cb0e29c69a5e6cf2,text_materialized,data/processed/bibit_resolved_v1/historical_non_sonnet_poetry/part-0001.txt,20808270,20808484,214,214,b5fa022d91bfcebd0d5a2f738f9545390eb59cf9454d0704d6f603ae02651c4a
bibit000777,Noze de Psiche e Cupidine,"Dal Carretto, Galeotto",Biblioteca Italiana,http://www.bibliotecaitaliana.it/scheda/bibit000777,historical_general,preserve_rendered_tei_text,4cd5dafbd272fbd412e8964319bfaec65e06dac66b7fb305187238c01034c715,text_materialized,data/processed/bibit_resolved_v1/historical_general/part-0002.txt,12995302,13088747,92694,93445,fbdb4e45ae19bf94e4dc565c117e54b1429a24527d3e75532419369e66ceb715
bibit000778,Relazione di Giovanni Soranzo dalla Spagna (1565),Non definito,Biblioteca Italiana,http://www.bibliotecaitaliana.it/scheda/bibit000778,historical_general,preserve_rendered_tei_text,d6673bd1b9e790360aa1dfb29a918a3bdc298dce3efbe7841fb2c9cd03660452,text_materialized,data/processed/bibit_resolved_v1/historical_general/part-0002.txt,13088748,13180044,90392,91296,85eb20ff4e54e621dbc4dff65e685abe73d205391ee8c678a0f51ca8a06da18f
bibit000779,Le femmine puntigliose,"Goldoni, Carlo",Biblioteca Italiana,http://www.bibliotecaitaliana.it/scheda/bibit000779,historical_general,preserve_rendered_tei_text,6f117bce3c7cb6fc356c089ad68211bc2334db268523e1045b43514a7bed8fbb,text_materialized,data/processed/bibit_resolved_v1/historical_general/part-0002.txt,13180045,13308159,127084,128114,69a12661daa9f6af3b8c1d5a726b93240ac174f72f5399b4b53b110d20b200a5
bibit000780,Delle cause della grandezza e magnificienza delle città,"Botero, Giovanni",Biblioteca Italiana,http://www.bibliotecaitaliana.it/scheda/bibit000780,historical_general,preserve_rendered_tei_text,1fdbf0f4a1ceea7198302e18e091000575b6b6edff2fe8b66f89e82e7778f614,text_materialized,data/processed/bibit_resolved_v1/historical_general/part-0002.txt,13308160,13415199,105783,107039,8973fffdca8889af20da9da9af02c7bf52e7542c6ec2f0f56f107c6f9a846537
bibit000781,Saggio storico sulla rivoluzione napoletana del 1799,"Cuoco, Vincenzo",Biblioteca Italiana,http://www.bibliotecaitaliana.it/scheda/bibit000781,historical_general,preserve_rendered_tei_text,d0bb4c7afcfaaecd3514faa72923750ed7a62e909bbcdd92c40ef3c288b99c37,text_materialized,data/processed/bibit_resolved_v1/historical_general/part-0002.txt,13415200,13808578,389749,393378,5c5c9893bb56fd16588369a7a5155a94f81fa9ed3fcb042584af0247f2e54282
bibit000784,Poesie,"Vico, Giambattista",Biblioteca Italiana,http://www.bibliotecaitaliana.it/scheda/bibit000784,historical_non_sonnet_poetry,preserve_rendered_tei_text,5c49438b374fbfe71c1ac8d87d8282414bda0b17c22b3a62ef3b728cc52bf8ec,text_materialized,data/processed/bibit_resolved_v1/historical_non_sonnet_poetry/part-0001.txt,20808485,20885037,75654,76552,f21f635875cac8df66bdbd15569f5449b7a65764f494f29af03554210016f0cb
bibit000785,Lettere alla moglie Margherita,"Datini, Francesco",Biblioteca Italiana,http://www.bibliotecaitaliana.it/scheda/bibit000785,historical_general,strip_editorial_square_delimiters_and_labels,b88957dd622ac4eae4f13db5a75e75cdd07706a4e2caadbcbabe67656ff8e7d6,text_materialized,data/processed/bibit_resolved_v1/historical_general/part-0002.txt,13808579,14265152,449462,456573,a422774dd7dea2441c66d347bd82ee79abd0d99abd3ac33ca3ed7256a03515c1
bibit000786,Trattato del sublime,"Leopardi, Giacomo",Biblioteca Italiana,http://www.bibliotecaitaliana.it/scheda/bibit000786,nineteenth_century_bridge,preserve_rendered_tei_text,f8155e5bc4d5fac94f0c1cef9ed529e6926127b5bbc0ff81259ad8db1b98c667,text_materialized,data/processed/bibit_resolved_v1/nineteenth_century_bridge/part-0001.txt,25281624,25282109,482,485,98b99737156ade08dc0945fbc147da2ca2108647b48f29df5c7b0569140e4806
bibit000787,La rappresentazione di San Giovanni Battista quando fu decollato,Non definito,Biblioteca Italiana,http://www.bibliotecaitaliana.it/scheda/bibit000787,historical_general,preserve_rendered_tei_text,825a7454c59836ef355fcdbaf6e678b989fa9157b062c70de0eab1d80c4e4741,text_materialized,data/processed/bibit_resolved_v1/historical_general/part-0002.txt,14265153,14292517,27076,27364,f9ac068ebd0b996ae4a7234c4eef96fb0b4ccc296ac047103b182c573f829f82
bibit000788,Trattato della Dignità,"Tasso, Torquato",Biblioteca Italiana,http://www.bibliotecaitaliana.it/scheda/bibit000788,historical_general,preserve_rendered_tei_text,eecd53ca41e30846fe6418426d6fa70b45aee295bb60eee47c2f3ee94180a294,text_materialized,data/processed/bibit_resolved_v1/historical_general/part-0002.txt,14292518,14313629,20866,21111,bf94a1873edc4a5c9839526da70b9fcf72566425dec4a5fe1cf73a3414cee117
bibit000789,Lettera ai Sigg. compilatori della Biblioteca Italiana in risposta a quella di Mad. la baronessa di Staël Holstein ai medesimi,"Leopardi, Giacomo",Biblioteca Italiana,http://www.bibliotecaitaliana.it/scheda/bibit000789,nineteenth_century_bridge,preserve_rendered_tei_text,0810b5ec43d845c8af403a5a8699014b7d72e2c78fae8fd7a7b47361e82c3166,text_materialized,data/processed/bibit_resolved_v1/nineteenth_century_bridge/part-0001.txt,25282110,25295391,13141,13281,ad7f11aa6b035d7c9b85c6b803a4a2b1f543df1810a06db5db485b0b7f764cf3
bibit000790,Che numero di gente facesse Roma nel colmo della sua grandezza,"Botero, Giovanni",Biblioteca Italiana,http://www.bibliotecaitaliana.it/scheda/bibit000790,historical_general,preserve_rendered_tei_text,1ddfe83ce5a888f492add2af51ec8bbc991c466926cc592a0666913a962f74f5,text_materialized,data/processed/bibit_resolved_v1/historical_general/part-0002.txt,14313630,14317605,3937,3975,62789e862f59341a7e9a8121c90050a0c87268849c1c11897de30077cc833776
bibit000791,Relazione di Germania (1671),"Zorzi, Marino",Biblioteca Italiana,http://www.bibliotecaitaliana.it/scheda/bibit000791,historical_general,preserve_rendered_tei_text,53039348ec6fa814922fae21f967439fb0fde6260493fc2ac81af269e4c9d40f,text_materialized,data/processed/bibit_resolved_v1/historical_general/part-0002.txt,14317606,14370997,53043,53391,372f16bc23ed732c73675e132d17bbf9b9b3e2b6e45fa1fd74a15305ded864ef
bibit000792,Poesie,"Borgianni, Iacopo",Biblioteca Italiana,http://www.bibliotecaitaliana.it/scheda/bibit000792,historical_non_sonnet_poetry,preserve_rendered_tei_text,dee492862d0469767bc444fea15a844469dc6c0b86b6fec6d1a2d32dead14755,text_materialized,data/processed/bibit_resolved_v1/historical_non_sonnet_poetry/part-0001.txt,20885038,20885873,829,835,c3f3a5581298498ac002ee7f05ff6a9a15c0944615c44061ae18cee174d387a4
bibit000793,Ad Arimane,"Leopardi, Giacomo",Biblioteca Italiana,http://www.bibliotecaitaliana.it/scheda/bibit000793,nineteenth_century_bridge,preserve_rendered_tei_text,2b6ff3b67005447a25b65dbdff25d2739f818bb8feded25a60ea94f8c39f865a,text_materialized,data/processed/bibit_resolved_v1/nineteenth_century_bridge/part-0001.txt,25295392,25297506,2099,2114,95c9d5014cd0588bb1b198d9341b404172dea6034669bd4a316bb8ece41c06d1
bibit000794,Della libertà cattolica,"Gioberti, Vincenzo",Biblioteca Italiana,http://www.bibliotecaitaliana.it/scheda/bibit000794,nineteenth_century_bridge,preserve_rendered_tei_text,4e604d501c2d1085b870541d5eff4125fe07117067ad9995624406f965cb2ef3,text_materialized,data/processed/bibit_resolved_v1/nineteenth_century_bridge/part-0001.txt,25297507,25385513,86920,88006,1b5fbd75c050160282e2ab91d4add5e82a23cfaf4e7d67d5effc5d75976f989c
bibit000795,Viaggio in Terrasanta,"Frescobaldi, Leonardo",Biblioteca Italiana,http://www.bibliotecaitaliana.it/scheda/bibit000795,historical_general,strip_editorial_square_delimiters_and_labels,dbef8759871e66ecc4645c110904b4486db3cb914b96bd5e661e41c5d35bccda,text_materialized,data/processed/bibit_resolved_v1/historical_general/part-0002.txt,14370998,14509666,137139,138668,c5527ac6e1a042d77c3935457d62b96f3690a2906a3e0683fb492def6f073163
bibit000796,Relazione d'Austria,"Contarini, Carlo",Biblioteca Italiana,http://www.bibliotecaitaliana.it/scheda/bibit000796,historical_general,preserve_rendered_tei_text,44d711f37b1f9fcb83a57b5daab6cf53c741edde9efa0c6f689359b070fdcda0,text_materialized,data/processed/bibit_resolved_v1/historical_general/part-0002.txt,14509667,14516249,6513,6582,4b9140c15b087eb1eeb1dc49fef30197c520ae0e6ed23312e9b22fa53042340a
bibit000797,Lettera ad Antonio Cesari,"Manzoni, Alessandro",Biblioteca Italiana,http://www.bibliotecaitaliana.it/scheda/bibit000797,nineteenth_century_bridge,preserve_rendered_tei_text,4c806410882329db286dc5d346dca51b697e8d17f3d8003cdade417822edbcf8,text_materialized,data/processed/bibit_resolved_v1/nineteenth_century_bridge/part-0001.txt,25385514,25416161,30319,30647,e2725b0a72e29ec0b7dc1059d5d4ffb1ebe54fb1d972347dfee59615a7c3bc6d
bibit000798,Canzoniere,"Rossi, Niccolò de'",Biblioteca Italiana,http://www.bibliotecaitaliana.it/scheda/bibit000798,historical_non_sonnet_poetry,preserve_rendered_tei_text,4dcbd7afded142526b6ed8f73326cde52ef2774c56c8d9d144e069f26d28d06c,text_materialized,data/processed/bibit_resolved_v1/historical_non_sonnet_poetry/part-0001.txt,20885874,20916388,30300,30514,8e615b95d8d905692300ea8268ac79f2834b9003c9ee82fdceeeda848baaf8a2
bibit000799,Il Pastor fido,"Guarini, Battista",Biblioteca Italiana,http://www.bibliotecaitaliana.it/scheda/bibit000799,historical_non_sonnet_poetry,preserve_rendered_tei_text,fa1c50cc1af23ee7a1bea9259fcd53bc92ae458e0e495036795c6c7fbb271759,text_materialized,data/processed/bibit_resolved_v1/historical_non_sonnet_poetry/part-0001.txt,20916389,21142682,223487,226293,0bbb6405a37bf551e1624d7859d81acc03f9ac6fd9c56bbc48c4d7af92c8b868
bibit000800,Esposizioni sopra la Commedia di Dante,"Boccaccio, Giovanni",Biblioteca Italiana,http://www.bibliotecaitaliana.it/scheda/bibit000800,historical_general,preserve_rendered_tei_text,41cfd12b5fec4f33448c15286c4a9fdc7a217777da29025b2dfeb026227a733f,text_materialized,data/processed/bibit_resolved_v1/historical_general/part-0002.txt,14516250,15937727,1403320,1421477,c3e8059ce783366d220abf80ba4d6bcff21ad6589fe5be4906e783ecfb5e9fc0
bibit000801,Inno ai Patriarchi o de' principii del genere umano,"Leopardi, Giacomo",Biblioteca Italiana,http://www.bibliotecaitaliana.it/scheda/bibit000801,nineteenth_century_bridge,preserve_rendered_tei_text,e65839610084b835cb44315d23d227b2f3731e865299c2aba1914f0166fadddb,text_materialized,data/processed/bibit_resolved_v1/nineteenth_century_bridge/part-0001.txt,25416162,25425669,9430,9507,456e2bfaf31323ab95e50025ff48b45295100fb12375eb9b9e3b7fd6fde65baa
bibit000802,La Cecaria,"Epicuro, Marc'Antonio",Biblioteca Italiana,http://www.bibliotecaitaliana.it/scheda/bibit000802,historical_general,preserve_rendered_tei_text,4708d7efd31951688947b3a30e32ad0ad402a19552decfa287d72aff7e74c9cd,text_materialized,data/processed/bibit_resolved_v1/historical_general/part-0002.txt,15937728,15995867,57570,58139,7e8af38be8321d4846bfda5bcf7c4555284f02b47a619e4d7f0fd4fd4e16160a
bibit000804,Eros,"Verga, Giovanni",Biblioteca Italiana,http://www.bibliotecaitaliana.it/scheda/bibit000804,nineteenth_century_bridge,preserve_rendered_tei_text,aad98c3d0a7733bee912a5bb367fb15f372daa3ef12203b26eee660191c20d21,text_materialized,data/processed/bibit_resolved_v1/nineteenth_century_bridge/part-0001.txt,25425670,25753610,325237,327940,0c29a56f7573ec47b97892256804f87bba3850f5f36d320dbf5f04e09c380f7c
bibit000805,Sopra la ricchezza della lingua italiana ne' termini militari,"Algarotti, Francesco",Biblioteca Italiana,http://www.bibliotecaitaliana.it/scheda/bibit000805,historical_general,preserve_rendered_tei_text,10b0e3e4c105f0e6d66efc3635d7922e1db0980b7a339de0009b205db9511d61,text_materialized,data/processed/bibit_resolved_v1/historical_general/part-0002.txt,15995868,16008664,12734,12796,e4da0088795e0b55c630b018f5c7fcaf1e01280d57de3c135f152200263c89d4
bibit000806,L'animo della folla,"Rossi, Pasquale",Biblioteca Italiana,http://www.bibliotecaitaliana.it/scheda/bibit000806,nineteenth_century_bridge,preserve_rendered_tei_text,22cabaec5f44e995a70a497a6869a104f75f5f41ae2ba2f8659a71b4af887784,text_materialized,data/processed/bibit_resolved_v1/nineteenth_century_bridge/part-0001.txt,25753611,26247278,487536,493667,d477d1d0faee3d64301e3cc2a17fbd01cdec33f7baf6d0e206b87d2989d3c4c4
bibit000807,"Rime degli Arcadi, tomo primo",Non definito,Biblioteca Italiana,http://www.bibliotecaitaliana.it/scheda/bibit000807,historical_non_sonnet_poetry,preserve_rendered_tei_text,a83e93fbffa8751c0965cd297ac001bc2052ac410112e80f4622805c9aa606da,text_materialized,data/processed/bibit_resolved_v1/historical_non_sonnet_poetry/part-0001.txt,21142683,21344875,200187,202192,8314012781faa485c912ba21b4e36dcee9c52c204577e3766c8b60ca37aa4516
bibit000809,Poesie,"Salutati, Coluccio",Biblioteca Italiana,http://www.bibliotecaitaliana.it/scheda/bibit000809,historical_non_sonnet_poetry,preserve_rendered_tei_text,7284e4732eb6a4ab3e5c89e5971aacbb5b696e7e4afbd77b895a153245ddb67e,text_materialized,data/processed/bibit_resolved_v1/historical_non_sonnet_poetry/part-0001.txt,21344876,21345188,312,312,7f46cfadcd3674718fde6f2717f02f6be023f3a19ea709d88043a0ff3b3da945
bibit000810,Discorso primo: qual sia il fine della poesia in generale,"Summo, Faustino",Biblioteca Italiana,http://www.bibliotecaitaliana.it/scheda/bibit000810,historical_general,preserve_rendered_tei_text,06e89f080533a9f4f6a8465fa619eb8f4b2867923e67408878113baeedfb3360,text_materialized,data/processed/bibit_resolved_v1/historical_general/part-0002.txt,16008665,16070663,61283,61998,9ba98160d299b26056b66dd9bdc536a522c6ab4816dcdeb1f2bd6ca2f043bb93
bibit000812,Gli esuli tebani,"Pagano, Francesco Mario",Biblioteca Italiana,http://www.bibliotecaitaliana.it/scheda/bibit000812,historical_general,preserve_rendered_tei_text,929895f0793680c4ec7f5b2991fa3285bf814c954045c9256fc32c526eb01222,text_materialized,data/processed/bibit_resolved_v1/historical_general/part-0002.txt,16070664,16127212,55847,56548,48316e04368fbf2f5a48639d9a74d09c00874867d976bc60d7231bdc167856a4
bibit000815,A Bonaparte: dedica dell'oda,"Foscolo, Ugo",Biblioteca Italiana,http://www.bibliotecaitaliana.it/scheda/bibit000815,nineteenth_century_bridge,preserve_rendered_tei_text,86f0b43d84582994e458746bc1bace674e0a46bda2368fd5ee267f3e2cc735d1,text_materialized,data/processed/bibit_resolved_v1/nineteenth_century_bridge/part-0001.txt,26247279,26250232,2919,2953,523788d175e6afe01298b418727b004c68a1ae764e2e2a295d522eda4bb71745
bibit000816,Dissertazione sopra l'elettricismo,"Leopardi, Giacomo",Biblioteca Italiana,http://www.bibliotecaitaliana.it/scheda/bibit000816,nineteenth_century_bridge,preserve_rendered_tei_text,066a593cc822a8b6c9883457d0746f34802ab85875deb520cb6dbbc2efc5995c,text_materialized,data/processed/bibit_resolved_v1/nineteenth_century_bridge/part-0001.txt,26250233,26263698,13337,13465,624d4602c0d3378bd0490b67c901f05eb916152a55bc96ce4a9775664dd9c051
bibit000817,Adriano in Siria,"Metastasio, Pietro",Biblioteca Italiana,http://www.bibliotecaitaliana.it/scheda/bibit000817,historical_general,preserve_rendered_tei_text,7611e97b3ab6a2e85da33cf7789e88e8fcebd2e2af41b3feafc5bd684f0ec29b,text_materialized,data/processed/bibit_resolved_v1/historical_general/part-0002.txt,16127213,16177110,49533,49897,8839fe488724f49efcffb67b03fe74b457979670e8c620276a5f3a29d54e6f09
bibit000818,Le rime del codice isoldiano,Non definito,Biblioteca Italiana,http://www.bibliotecaitaliana.it/scheda/bibit000818,historical_non_sonnet_poetry,preserve_rendered_tei_text,0508fd822be77c48ae95b67dc9de9a97cad9429ac61e4b998b7c9387cff2d886,text_materialized,data/processed/bibit_resolved_v1/historical_non_sonnet_poetry/part-0001.txt,21345189,21799522,449811,454333,a8f6a8d8dbcca6fcfe82c8aee39d4644d10ddddc4f1546ace34cc61ba1108b0d
bibit000819,La Cassaria (red. in versi),"Ariosto, Ludovico",Biblioteca Italiana,http://www.bibliotecaitaliana.it/scheda/bibit000819,historical_general,preserve_rendered_tei_text,c86cb099791e417ccdd7727ef7432ee3e6968534228f5f21a287addd1d749c41,text_materialized,data/processed/bibit_resolved_v1/historical_general/part-0002.txt,16177111,16309161,128808,132050,a5449742da5fa6529f27cafa482e65550560d39a92e2d5f3e38a71075aaff315
bibit000820,"Osservazioni sulla morale cattolica, appendice al cap. III: Del sistema che fonda la morale sull'utilità","Manzoni, Alessandro",Biblioteca Italiana,http://www.bibliotecaitaliana.it/scheda/bibit000820,nineteenth_century_bridge,preserve_rendered_tei_text,5adfc62acb82af64ec273b4bbcfa3b7dc3c80ebcc53751ea252c866c43383b90,text_materialized,data/processed/bibit_resolved_v1/nineteenth_century_bridge/part-0001.txt,26263699,26367918,102925,104219,74fb8c3225cb00c12fa086c9e64ba15167aa83b1a1ad0ec1884ef1d0ed8c8b72
bibit000823,Il Milione,"Polo, Marco",Biblioteca Italiana,http://www.bibliotecaitaliana.it/scheda/bibit000823,historical_general,strip_editorial_square_delimiters_and_labels,89b36f27e255c363622d0e682789a09569029df34cee1f206056a9882ec6d5fa,text_materialized,data/processed/bibit_resolved_v1/historical_general/part-0002.txt,16309162,16630212,315945,321050,b03d76dd03766a497835d54e331099e75d2ae0d39b9c52f004fbb061c2d32dc6
bibit000824,Carta de logu,Non definito,Biblioteca Italiana,http://www.bibliotecaitaliana.it/scheda/bibit000824,historical_general,preserve_rendered_tei_text,299c3c6d172d49a4fdcea4a3250352d10293d0c52c51daf7d845f095afd8a015,text_materialized,data/processed/bibit_resolved_v1/historical_general/part-0002.txt,16630213,16641429,11185,11216,dcc880301ac5c2bd6365669a4b5d8898e7d56b34803fd4c817b124843d319b98
bibit000826,Ricordi,"Guicciardini, Francesco",Biblioteca Italiana,http://www.bibliotecaitaliana.it/scheda/bibit000826,historical_general,preserve_rendered_tei_text,dd67605f0df5f76b3f7108ff28fa442ac6efae3a8d26f47cd3ff5ac1481db226,text_materialized,data/processed/bibit_resolved_v1/historical_general/part-0002.txt,16641430,16743005,100287,101575,186be6c76795d4396e3f300b4ceaeef744915bb1031e5dfc3d324fc4a418ff92
bibit000827,Commento sopra una canzone d'amore di Girolamo Benivieni,"Pico della Mirandola, Giovanni",Biblioteca Italiana,http://www.bibliotecaitaliana.it/scheda/bibit000827,historical_general,preserve_rendered_tei_text,e175fdf7b3eeac264cf89979fada706738b039694eb75c14ff0ef4ac408e9ae6,text_materialized,data/processed/bibit_resolved_v1/historical_general/part-0002.txt,16743006,16928702,181217,185696,8e4999f9007e759368c5687206ba90866a33d77a2ebb7caaa21766ac01a863c6
bibit000829,Il monte Oliveto,"Tasso, Torquato",Biblioteca Italiana,http://www.bibliotecaitaliana.it/scheda/bibit000829,historical_non_sonnet_poetry,preserve_rendered_tei_text,f2d59a19323c0e0473d45684d9cbb23cb6dd2a6940d7cbc2112e9670300d7b59,text_materialized,data/processed/bibit_resolved_v1/historical_non_sonnet_poetry/part-0001.txt,21799523,21832087,32258,32564,31c4fb7011347507a7d51ec7d644eb3684f9e2fbdb9d8897357cbdd1cd823aae
bibit000830,Libro di ricordi,"Machiavelli, Bernardo",Biblioteca Italiana,http://www.bibliotecaitaliana.it/scheda/bibit000830,historical_general,strip_editorial_square_delimiters_and_labels,5fc12c4308ac7cac0b1321d9bd431610fab9e2db0bd3e89f25705c00454a0339,text_materialized,data/processed/bibit_resolved_v1/historical_general/part-0002.txt,16928703,17225709,293429,297006,d152c7138b5c41d1c05ba99b99517a53c8bfaed24532e67dec3f63dc868e602e
bibit000831,Psiche,"Prati, Giovanni",Biblioteca Italiana,http://www.bibliotecaitaliana.it/scheda/bibit000831,nineteenth_century_bridge,preserve_rendered_tei_text,3310d50d7a937c8c2bfaf52591295ee85b7e3bf6394df8c390a63ef830703747,text_materialized,data/processed/bibit_resolved_v1/nineteenth_century_bridge/part-0001.txt,26367919,26369552,1633,1633,0d73dffeaadafb1741cdbbba793ea4e6fb496fc2d7f92b0e2dac07344337345e
bibit000832,De viris illustribus (liber II),"Petrarca, Francesco",Biblioteca Italiana,http://www.bibliotecaitaliana.it/scheda/bibit000832,historical_general,preserve_rendered_tei_text,d6cd1129b8050bef0092e81847ae48bd2934830e92ece767613fa96b11462589,text_materialized,data/processed/bibit_resolved_v1/historical_general/part-0002.txt,17225710,17297768,71992,72058,12af9e1f094bbb6c571c89271cbeb5e1d0b111b0c03c9a341e82774378f346ce
bibit000834,Filippo,"Alfieri, Vittorio",Biblioteca Italiana,http://www.bibliotecaitaliana.it/scheda/bibit000834,historical_general,preserve_rendered_tei_text,bceac8fccd16896d16dfb608970d7a1a301570b14dd0ae1ea7a5b876b708e84f,text_materialized,data/processed/bibit_resolved_v1/historical_general/part-0002.txt,17297769,17361025,62000,63256,64493cc46875ba5d1f5d2339624d14ca98482e793a23b3fde8b8f27147d12833
bibit000835,Sonetto del signor Torquato Tasso al cavaliere Ercole Cato con la interpretazione e comento del medesimo autore,"Tasso, Torquato",Biblioteca Italiana,http://www.bibliotecaitaliana.it/scheda/bibit000835,historical_non_sonnet_poetry,preserve_rendered_tei_text,5babcd4143061ce1480c4ab1175852265e696c0e2937ce29cc9b9b2ef1766a44,text_materialized,data/processed/bibit_resolved_v1/historical_non_sonnet_poetry/part-0001.txt,21832088,21850373,18108,18285,de1364edc0daa8cd86dbbce6b6cd1a50cf77aad04d19121e9ebd316cf1265500
bibit000837,Le Notti Puniche,"Leopardi, Giacomo",Biblioteca Italiana,http://www.bibliotecaitaliana.it/scheda/bibit000837,nineteenth_century_bridge,preserve_rendered_tei_text,37c57b53dcfc1178777b4074d299b7dbb54933d104363b67c37ec0894ad1a8f0,text_materialized,data/processed/bibit_resolved_v1/nineteenth_century_bridge/part-0001.txt,26369553,26386348,16692,16795,29436098b042cafd01e7553a7be991f84eb148a15b5c80b78bffc482fcf88127
bibit000838,Il barcheggio,Non definito,Biblioteca Italiana,http://www.bibliotecaitaliana.it/scheda/bibit000838,historical_non_sonnet_poetry,preserve_rendered_tei_text,c97c911a7d772e380f31a08780e37f55fc332338ab4574bec4fdd59ed81dac8b,text_materialized,data/processed/bibit_resolved_v1/historical_non_sonnet_poetry/part-0001.txt,21850374,21860766,10290,10392,d59c5c4278e0b6ff435b2a9da4c443575de4bc2efca513fc513fc1970c7ee206
bibit000839,Della ragione di stato,"Zuccolo, Ludovico",Biblioteca Italiana,http://www.bibliotecaitaliana.it/scheda/bibit000839,historical_general,preserve_rendered_tei_text,4cdc206c6fc560bd8f10daa3d04ee900769c2b33c767af9bc2021500e17b81a6,text_materialized,data/processed/bibit_resolved_v1/historical_general/part-0002.txt,17361026,17396508,35122,35482,e6d7cdc7f4a38bffd7c061318b6eb9e63f5d9de6603108f7c8e196d5e3eff3f4
bibit000840,Dell'educare la gioventù italiana,"Leopardi, Giacomo",Biblioteca Italiana,http://www.bibliotecaitaliana.it/scheda/bibit000840,nineteenth_century_bridge,preserve_rendered_tei_text,a6188a661292859955be86ea37c461643dd0105ec4790df2334f7bea9c1f6227,text_materialized,data/processed/bibit_resolved_v1/nineteenth_century_bridge/part-0001.txt,26386349,26388380,2009,2031,fcd63b5d958ef6ae1c84c5d4dfbea4f0d957e19f54b573ec186a388375d73c8d
bibit000841,In difesa dell'orazione inaugurale,"Foscolo, Ugo",Biblioteca Italiana,http://www.bibliotecaitaliana.it/scheda/bibit000841,nineteenth_century_bridge,preserve_rendered_tei_text,ab5b0f8a9c3819d2ee5953bf5b761ebb51662bcb8e3a0518161ccb74e6cb1c42,text_materialized,data/processed/bibit_resolved_v1/nineteenth_century_bridge/part-0001.txt,26388381,26406069,17518,17688,f480612b198d342bcdab47efdf292c646df615f9a31c28feba2189a1eb0bbd24
bibit000842,Sonetti,"Lubrano, Giacomo",Biblioteca Italiana,http://www.bibliotecaitaliana.it/scheda/bibit000842,historical_non_sonnet_poetry,preserve_rendered_tei_text,25198911aaec5a2b1ae8a8344621e720e5f83c2de5b1c840c847a0061e89503d,text_materialized,data/processed/bibit_resolved_v1/historical_non_sonnet_poetry/part-0001.txt,21860767,21861709,941,942,07cdc660a8367fdd29d1b8b27c9c991083ed2b90447d7ef90f1aef0f61206675
bibit000843,Nitteti,"Metastasio, Pietro",Biblioteca Italiana,http://www.bibliotecaitaliana.it/scheda/bibit000843,historical_general,preserve_rendered_tei_text,fb4fc59778731b2babd56747ef732f857c1fa3073e9f46e13e32c84ea3277ada,text_materialized,data/processed/bibit_resolved_v1/historical_general/part-0002.txt,17396509,17449781,52801,53272,3bd8f1de69875157105e83b501ccc5a0279048636c23214f680d91d8cc3380b3
bibit000844,Tre lettere,"Da Porto, Luigi",Biblioteca Italiana,http://www.bibliotecaitaliana.it/scheda/bibit000844,historical_general,preserve_rendered_tei_text,799a23a17fbb8ccba960134e1026ba15f025e09fdf38b2a8f70bd4b0eaa45c47,text_materialized,data/processed/bibit_resolved_v1/historical_general/part-0002.txt,17449782,17467692,17779,17910,90b9cd1664b5739943ef5e4bafc98c5d5bf538e8693fb19fbd8ba0b672255b33
bibit000845,Silva,Niccolò da Correggio,Biblioteca Italiana,http://www.bibliotecaitaliana.it/scheda/bibit000845,historical_non_sonnet_poetry,preserve_rendered_tei_text,2db12362c3ec2733c28213957a04d0bb2c36f6f9c285ee79cfe0e12fbab52264,text_materialized,data/processed/bibit_resolved_v1/historical_non_sonnet_poetry/part-0001.txt,21861710,21868227,6444,6517,ac0c1fa8f3484410191ec5ff637cc0ee095af4668aacdf6d11f2b1c19d43364c
bibit000847,Discorso di un italiano intorno alla poesia romantica,"Leopardi, Giacomo",Biblioteca Italiana,http://www.bibliotecaitaliana.it/scheda/bibit000847,nineteenth_century_bridge,preserve_rendered_tei_text,c709d6cef605edcfb4eb0ed6c744dac81319acf5468dcc52dce009f6293b9357,text_materialized,data/processed/bibit_resolved_v1/nineteenth_century_bridge/part-0001.txt,26406070,26577865,170243,171795,2f84d3167083d9c6d8a95fc4f12c64277f45854801cf1b1f38a90d2cd0091335
bibit000848,Sofrona,"Alberti, Leon Battista",Biblioteca Italiana,http://www.bibliotecaitaliana.it/scheda/bibit000848,historical_general,preserve_rendered_tei_text,c12101fb7a13d1d952500c61ebea2ccbdf9fdffd75aa7a2e4c9e8a49ada6e298,text_materialized,data/processed/bibit_resolved_v1/historical_general/part-0002.txt,17467693,17477746,9975,10053,ad46c7c5216302a90a22fd93409ae9c29973fba0524e829ec279e202dcf3d05f
bibit000849,Il Forestiero napolitano overo de la Gelosia,"Tasso, Torquato",Biblioteca Italiana,http://www.bibliotecaitaliana.it/scheda/bibit000849,historical_general,preserve_rendered_tei_text,4e11584559ba880f3800eb61ababf8a418a49a426ae0426ba86bedb93da96d32,text_materialized,data/processed/bibit_resolved_v1/historical_general/part-0002.txt,17477747,17495158,17183,17411,79736776cf3c612ee1219f7acf3f10d5dec2fbbdc657162422882b1d2d693a47
bibit000850,Canti,"Leopardi, Giacomo",Biblioteca Italiana,http://www.bibliotecaitaliana.it/scheda/bibit000850,nineteenth_century_bridge,preserve_rendered_tei_text,0857e6bc77e9721473e3c00b851988b8f656bef58afe60c641cf654d7bb06309,text_materialized,data/processed/bibit_resolved_v1/nineteenth_century_bridge/part-0001.txt,26577866,26713198,134393,135332,455bb0eb6a34c32fba2d42f447861779651c2b81fa2b40405ecde7cf2907741b
bibit000852,"Dissertazione sopra gli attributi, e la provvidenza dell'essere supremo","Leopardi, Giacomo",Biblioteca Italiana,http://www.bibliotecaitaliana.it/scheda/bibit000852,nineteenth_century_bridge,preserve_rendered_tei_text,d208f649094b7d7d465a00ce619f30b9ddd9d0eb7de6e075af9dcefb6ffc71d9,text_materialized,data/processed/bibit_resolved_v1/nineteenth_century_bridge/part-0001.txt,26713199,26730175,16770,16976,02ece93630349d9b7088eb3a606d8c007a328e38501f420a00d904c6e89fd004
bibit000853,Relazione di Costantinopoli (1612),"Contarini, Simone",Biblioteca Italiana,http://www.bibliotecaitaliana.it/scheda/bibit000853,historical_general,preserve_rendered_tei_text,9772b2c92ba35e102082f49a3a7fdcde6176659772069c5224f698d9ea7be45c,text_materialized,data/processed/bibit_resolved_v1/historical_general/part-0002.txt,17495159,17793699,296120,298540,bc09a4ebbb4371502abab42a58d84f6af9d870d20f971aa35bc3d14d691bc9fe
bibit000854,Istorietta amorosa fra Leonora de' Bardi e Ippolito Bondelmonti,"Alberti, Leon Battista",Biblioteca Italiana,http://www.bibliotecaitaliana.it/scheda/bibit000854,historical_general,preserve_rendered_tei_text,3cf7230173723485ec3f534904433e4b51ddec769a3335c8d3a64d379de22f27,text_materialized,data/processed/bibit_resolved_v1/historical_general/part-0002.txt,17793700,17823065,29082,29365,96fa00c92c0279b024cfa3435f1551bc4c63459796c6fccb682376de34a4f911
bibit000856,Discorsi del poema eroico,"Tasso, Torquato",Biblioteca Italiana,http://www.bibliotecaitaliana.it/scheda/bibit000856,historical_general,preserve_rendered_tei_text,ea85a66474289d2086c5931dcf15f2a21d6c7f45f7bd347ea6c1c64d3a69ab1e,text_materialized,data/processed/bibit_resolved_v1/historical_general/part-0002.txt,17823066,18210056,383350,386990,dd41fd2a04eeb9a950d2b9546a85ab64324d8bb78d91aa06bfa6cf9bc7972ee8
bibit000858,Poesie,"Calzaiuolo, Giovanni di Gino",Biblioteca Italiana,http://www.bibliotecaitaliana.it/scheda/bibit000858,historical_non_sonnet_poetry,preserve_rendered_tei_text,de1307ee0c7ac50ec422db35ece7aef1cad238215bac176746c5fd39a29149df,text_materialized,data/processed/bibit_resolved_v1/historical_non_sonnet_poetry/part-0001.txt,21868228,21874407,6091,6179,087c4adffd6e35998490c7bd81251471d57696641ee0ef26bcbb7c135e181573
bibit000859,Rime,Tullia d'Aragona,Biblioteca Italiana,http://www.bibliotecaitaliana.it/scheda/bibit000859,historical_non_sonnet_poetry,preserve_rendered_tei_text,4e1813f39491322b7ee30cdc18b94952f9326f33d5f53fc5129e8af35e9a6fd3,text_materialized,data/processed/bibit_resolved_v1/historical_non_sonnet_poetry/part-0001.txt,21874408,21942867,68004,68459,8c601426b1b27ff9e18baa6be1ed1251eb06a86df066dd3b71e1b89e5aade1fe
bibit000861,Per la dimostrazione della situazione economica della Provincia pisana,"Gianni, Francesco Maria",Biblioteca Italiana,http://www.bibliotecaitaliana.it/scheda/bibit000861,historical_general,preserve_rendered_tei_text,d8fef676fbfb70921777c18240721a2ff2373d4fa14b73a4f1e716ea75af9578,text_materialized,data/processed/bibit_resolved_v1/historical_general/part-0002.txt,18210057,18214885,4788,4828,f19d47ab3ab10e1e1fcd75d7c6046031e76145b3818fbfc276a0353814821aae
bibit000862,Comento sopra il I canto dell'Inferno,"Giambullari, Pier Francesco",Biblioteca Italiana,http://www.bibliotecaitaliana.it/scheda/bibit000862,historical_general,preserve_rendered_tei_text,2f0154b87487ee245d16495b349281d849b599b41d6013af81ab1017c4c45777,text_materialized,data/processed/bibit_resolved_v1/historical_general/part-0002.txt,18214886,18291892,75551,77006,9433c1a64fc27dc0e9539670526a964cb6f77fa1f2e01c9a9fd99fd73a4291fb
bibit000863,Risposta all'Accademia della Crusca in difesa del suo dialogo del piacere onesto,"Tasso, Torquato",Biblioteca Italiana,http://www.bibliotecaitaliana.it/scheda/bibit000863,historical_general,preserve_rendered_tei_text,e8dbf9c3fa95a489f4d1a65b55802ae943a782c6403341e81785e69f708968e8,text_materialized,data/processed/bibit_resolved_v1/historical_general/part-0002.txt,18291893,18329008,36738,37115,42c5832ee751ebb6c5c2ae8c6b13287957818aba616903969eb9756ec0e7a376
bibit000864,Panfila,"Pistoia (Antonio Cammelli, detto il)",Biblioteca Italiana,http://www.bibliotecaitaliana.it/scheda/bibit000864,historical_general,preserve_rendered_tei_text,7693d46a3ff1961dafad290cb956583fb102391c5fe83643a23c178c90b1ac38,text_materialized,data/processed/bibit_resolved_v1/historical_general/part-0002.txt,18329009,18391630,61875,62621,cad6c415b28c73766ef79a570aec6576fe1355ac9c325d44a2ab9c6d39f5ce99
bibit000866,Canzone sulla Grecia,"Leopardi, Giacomo",Biblioteca Italiana,http://www.bibliotecaitaliana.it/scheda/bibit000866,nineteenth_century_bridge,preserve_rendered_tei_text,f53f0c88e4f2e93b81f8663e8e08e50f0b5073a387ed3daec9627606373830f1,text_materialized,data/processed/bibit_resolved_v1/nineteenth_century_bridge/part-0001.txt,26730176,26732294,2109,2118,6650e0f06ab9bd39ef08383617fdd4f7f44727fd04893b36cda5ee9dbe98e4a7
bibit000867,Relazione di Francia di Giovanni Battista Nani (1644 al 1648),"Nani, Giovan Battista",Biblioteca Italiana,http://www.bibliotecaitaliana.it/scheda/bibit000867,historical_general,preserve_rendered_tei_text,24c7f9be6297b94733ea4214caeae51789107f8d3c759f7c72170ee92630efa6,text_materialized,data/processed/bibit_resolved_v1/historical_general/part-0002.txt,18391631,18484809,92326,93178,bf794d8f53ca8d86bce4f69b61f5754b90e8107cb29815d2d71f871fc25b9358
bibit000868,Relazione del Concordato,Commissarij,Biblioteca Italiana,http://www.bibliotecaitaliana.it/scheda/bibit000868,historical_general,preserve_rendered_tei_text,9e30f5027d1f9dbc6b92105ce12e8205bf6678b34a47be8d55a1e716e38671e3,text_materialized,data/processed/bibit_resolved_v1/historical_general/part-0002.txt,18484810,18618253,132580,133443,a7c64162355dec67e558450d9aebccb2da2127dcf80241d1c13695d577be323d
bibit000869,La famiglia dell'antiquario,"Goldoni, Carlo",Biblioteca Italiana,http://www.bibliotecaitaliana.it/scheda/bibit000869,historical_general,preserve_rendered_tei_text,e8007cc39abe43fae82805d40119132bdd8d9b21779cafa08845b894a6af7baf,text_materialized,data/processed/bibit_resolved_v1/historical_general/part-0002.txt,18618254,18752181,132577,133927,8061ac3db12cd5f386b705e6b24292afff471acfc765b2effacd681394c29969
bibit000870,Pensieri di varia filosofia e di bella letteratura,"Leopardi, Giacomo",Biblioteca Italiana,http://www.bibliotecaitaliana.it/scheda/bibit000870,nineteenth_century_bridge,preserve_rendered_tei_text,293fdfa7cc95f67e647487ef4a4c3f7501336d50d6dfbcab9773406dc73ed4f8,text_materialized,data/processed/bibit_resolved_v1/nineteenth_century_bridge/part-0001.txt,26732295,26761306,28787,29011,2b539c84ce91fc081ec8b6c6d7515f215f16a97a20fbd4c9353dc2ae6b8c2b3d
bibit000871,Poesie,Antonio da Castello San Niccolò,Biblioteca Italiana,http://www.bibliotecaitaliana.it/scheda/bibit000871,historical_non_sonnet_poetry,preserve_rendered_tei_text,76c311065edd287c63c5a67111b47e1e3c17acba802103b40f7d9ae03fe0ce57,text_materialized,data/processed/bibit_resolved_v1/historical_non_sonnet_poetry/part-0001.txt,21942868,21948321,5385,5453,7dae8b6d0876d520391ae148b0f2d4180d066340a48dec4c935cbce1fd82d557
bibit000872,La chioma di Berenice,"Foscolo, Ugo",Biblioteca Italiana,http://www.bibliotecaitaliana.it/scheda/bibit000872,nineteenth_century_bridge,strip_editorial_square_delimiters_and_labels,cbca4fb5904b7cd2f334c79b3d00dcc8685495b4d743555fb241dcee38051ac1,text_materialized,data/processed/bibit_resolved_v1/nineteenth_century_bridge/part-0001.txt,26761307,27069004,301804,307697,10605cc87cdcb2b6bd795fa529cf2fa83bac1010764aa8afc7a77519c3b040a1
bibit000873,Gramatica ragionata della lingua italiana,"Soave, Francesco",Biblioteca Italiana,http://www.bibliotecaitaliana.it/scheda/bibit000873,historical_general,strip_editorial_square_delimiters_and_labels,94e0d2c070c48edd9edfe8f63111ac16d00c439b1b67b336d83f488563cdd2c3,text_materialized,data/processed/bibit_resolved_v1/historical_general/part-0002.txt,18752182,19029499,273116,277317,a2ebad5aed0b34d1aa45534c1f2d3de962762ad4d9ec9cb48b23e65ca8991d45
bibit000874,Canzoniere,"Conti, Giusto de'",Biblioteca Italiana,http://www.bibliotecaitaliana.it/scheda/bibit000874,historical_non_sonnet_poetry,strip_editorial_square_delimiters_and_labels,cf406434e73a2b889387f885261e0b619c0b79366a96064f40df643ca31b7a44,text_materialized,data/processed/bibit_resolved_v1/historical_non_sonnet_poetry/part-0001.txt,21948322,22003587,54745,55265,b391c35e0523d473eaea4c55bdfe1eee3ad3d37e6fc312e69a59b5a9b64e9418
bibit000875,Proemi programmatici,"Landino, Cristoforo",Biblioteca Italiana,http://www.bibliotecaitaliana.it/scheda/bibit000875,historical_non_sonnet_poetry,preserve_rendered_tei_text,4c2ecf69b2f617e7a0c31a5675b240032c0e663234184636e92278dcbea003da,text_materialized,data/processed/bibit_resolved_v1/historical_non_sonnet_poetry/part-0001.txt,22003588,22282457,276974,278869,f19b01c94e94d88b3c2e5025a4b127d1ca62daf82a10fa623dbd750d291ece5b
bibit000876,Lettere,"Pico della Mirandola, Giovanni",Biblioteca Italiana,http://www.bibliotecaitaliana.it/scheda/bibit000876,historical_general,preserve_rendered_tei_text,dbf68d1f353fdd513b2f4dff8908873563d14e2dd5b987d8988dfa3013c43854,text_materialized,data/processed/bibit_resolved_v1/historical_general/part-0002.txt,19029500,19038967,9393,9467,2ab35a8e7388b0c5d7a01e053b7b7557c3195dd0279aa9a157c1b7bb367d9a58
bibit000877,Relazione di Germania,"Cappello, Giovanni",Biblioteca Italiana,http://www.bibliotecaitaliana.it/scheda/bibit000877,historical_general,preserve_rendered_tei_text,aaa2c0f30253f86d25b43260486b8a8d3e2782152c3fa356bca6960f9f49358a,text_materialized,data/processed/bibit_resolved_v1/historical_general/part-0002.txt,19038968,19057870,18683,18902,3c59bf5372c617b42242aea66c4e55c83d8d22faa39c7b1f676b2d0af4d93a6e
bibit000880,Timoleone,"Alfieri, Vittorio",Biblioteca Italiana,http://www.bibliotecaitaliana.it/scheda/bibit000880,historical_general,preserve_rendered_tei_text,f7ecd7d5bf55df342f2553e4b36730d58e1042394c41de88a7a3faed552865ce,text_materialized,data/processed/bibit_resolved_v1/historical_general/part-0002.txt,19057871,19115435,56980,57564,deddc1a71f1c74e0d454aa8230486a502d287ec51563a5c087509a76ff4d21c2
bibit000882,De iure,"Alberti, Leon Battista",Biblioteca Italiana,http://www.bibliotecaitaliana.it/scheda/bibit000882,historical_general,preserve_rendered_tei_text,59fb67da9a209a110be412b87d157cb1a56e6993b6599e4a2df06f1f55f802ae,text_materialized,data/processed/bibit_resolved_v1/historical_general/part-0002.txt,19115436,19142823,27387,27387,5a25c2fc6d5811e8de6f2c29e8e20751a98ab07f705f7ecb1499646af99cb20d
bibit000883,La rappresentazione di San Bernardo d'uno Signore facea rubare le strade,Non definito,Biblioteca Italiana,http://www.bibliotecaitaliana.it/scheda/bibit000883,historical_general,preserve_rendered_tei_text,371e320bff714a1f53cf55ef463c582332be21b996ff11d6a49a278fa9323ed9,text_materialized,data/processed/bibit_resolved_v1/historical_general/part-0002.txt,19142824,19164201,21131,21377,5df2570ee35b0c36d0d284fa07bdc816debf885b41484f038f10ea9a4b9ddebf
bibit000884,L'amore prigioniero,"Di Leo, Mario",Biblioteca Italiana,http://www.bibliotecaitaliana.it/scheda/bibit000884,historical_general,preserve_rendered_tei_text,9786633c0e75b1e7d7b07aaf136dd58c4c5cf782f1b2292922dd1fd8abb4eb7b,text_materialized,data/processed/bibit_resolved_v1/historical_general/part-0002.txt,19164202,19243190,78356,78988,84c1f5e56f38b23dcfb8b069087bd0953f756f3a068c2343ba3ceac03253698a
bibit000885,Martirio de' santi padri del monte Sinai e dell'eremo di Raitu composto da Ammonio monaco,"Leopardi, Giacomo",Biblioteca Italiana,http://www.bibliotecaitaliana.it/scheda/bibit000885,nineteenth_century_bridge,preserve_rendered_tei_text,35ec6699f86026443020d5aeb2d93f50bc4e555be73b63c31a683d42429ba908,text_materialized,data/processed/bibit_resolved_v1/nineteenth_century_bridge/part-0001.txt,27069005,27108128,38471,39123,7fc65c2b41d55cbe20ba47f0a5414d0aef4bd8e418c6dd51af83ba725bdc4c4b
bibit000886,Quando stanco dal corso in grembo a Teti,Non definito,Biblioteca Italiana,http://www.bibliotecaitaliana.it/scheda/bibit000886,historical_non_sonnet_poetry,preserve_rendered_tei_text,47da766bff9aa310963470673b5fa484426aba624c9a27a1a75149fbd6e62ffd,text_materialized,data/processed/bibit_resolved_v1/historical_non_sonnet_poetry/part-0001.txt,22282458,22284392,1910,1934,1c91f7079a0ed16ece47f0767ccb389c011f0100054451dd4c56197973bfc484
bibit000887,Gli amori,"Pigna (Giovan Battista Nicolucci, detto il)",Biblioteca Italiana,http://www.bibliotecaitaliana.it/scheda/bibit000887,historical_non_sonnet_poetry,preserve_rendered_tei_text,e371d4749565de902ffedbc5e70f9dc8c229e340d710567010c61d965d68613c,text_materialized,data/processed/bibit_resolved_v1/historical_non_sonnet_poetry/part-0001.txt,22284393,22365385,80083,80992,2828dcdad6f3169aeec1dac20996b10fbcd424acef59cbd48801d1c36e957ecc
bibit000888,Contenzione di Pluto e Iro,"Fregoso, Antonio Fileremo",Biblioteca Italiana,http://www.bibliotecaitaliana.it/scheda/bibit000888,historical_non_sonnet_poetry,preserve_rendered_tei_text,d4a92fa27316398c5fbc957745892fa7670ddccabc6bd9bf7196f51397037dcb,text_materialized,data/processed/bibit_resolved_v1/historical_non_sonnet_poetry/part-0001.txt,22365386,22378334,12768,12948,611c2dcd433f9b48bc9c003df071b2ac4ec4f4f4a822cf80743259232464f574
bibit000891,Il ritratto del privato politico cristiano,"Malvezzi, Virgilio",Biblioteca Italiana,http://www.bibliotecaitaliana.it/scheda/bibit000891,historical_general,preserve_rendered_tei_text,651ecfef3816e8490cd030790c3467df9d033c065e762c14b48b7a8563f2bce3,text_materialized,data/processed/bibit_resolved_v1/historical_general/part-0002.txt,19243191,19367169,122510,123978,388aa65af67055db9f2cd69b59355b5b5139dad20a0d8f521216efe8de4ad4b2
bibit000892,Relazione di Germania,"Cavalli, Marino",Biblioteca Italiana,http://www.bibliotecaitaliana.it/scheda/bibit000892,historical_general,preserve_rendered_tei_text,91956df9df5c319732380e205720efe58c9f730eb7537e364c08d6aecd89637d,text_materialized,data/processed/bibit_resolved_v1/historical_general/part-0002.txt,19367170,19462497,94437,95327,eb21cfd400924f2bddffa47e3796a73cae0124ad4d4dc507bade91061051a96d
bibit000893,Relatione di S. Girolamo Giustiniani Cavalier (1654),"Giustiniani, Girolamo",Biblioteca Italiana,http://www.bibliotecaitaliana.it/scheda/bibit000893,historical_general,preserve_rendered_tei_text,fa4610d2c4b612f60c8805e9ecf2fb9298340511dd4a995f60885710a9ee358d,text_materialized,data/processed/bibit_resolved_v1/historical_general/part-0002.txt,19462498,19519521,56346,57023,99b87ecbfc622f28ff05f38d08ce9ebb478587e5ea53cf596311102e06c09940
bibit000895,Breve Vetus seu Chronica Antianorum Civitatis Pisarum,Non definito,Biblioteca Italiana,http://www.bibliotecaitaliana.it/scheda/bibit000895,historical_general,preserve_rendered_tei_text,1d38237ed1d0684211e432eda181e698c26b94f365deeb588a15ce3daae3a86c,text_materialized,data/processed/bibit_resolved_v1/historical_general/part-0002.txt,19519522,19862558,342977,343036,2cbc4b6799114c2d7d48966077d558ed2daecf0f95e5b507dd54cd9bca8fea82
bibit000896,Relazione di Giovanni Battista Nani (1659-1660),"Nani, Giovan Battista",Biblioteca Italiana,http://www.bibliotecaitaliana.it/scheda/bibit000896,historical_general,preserve_rendered_tei_text,d5ecda8a968f253aadc4d24c7b89acace5174fb3a9082437e18946466de2f73a,text_materialized,data/processed/bibit_resolved_v1/historical_general/part-0002.txt,19862559,19951803,88515,89244,3e6c3d005e158529f4e7e5ecec16127b66a89e1bd1748166814eefe9713c917d
bibit000897,Epistolario. Carteggio A. Manzoni - A.Rosmini,"Manzoni, Alessandro",Biblioteca Italiana,http://www.bibliotecaitaliana.it/scheda/bibit000897,nineteenth_century_bridge,preserve_rendered_tei_text,7f09d8aedc04ceece320a4ce7c3039ab5f1cb6d2e7e7d134cde50cbb06c5cb90,text_materialized,data/processed/bibit_resolved_v1/nineteenth_century_bridge/part-0001.txt,27108129,27332290,221971,224161,14003174fbca72f03fceae4e01e16614527a01a3551826ad459c9b05d142b0ce
bibit000899,Le baruffe chiozzotte,"Goldoni, Carlo",Biblioteca Italiana,http://www.bibliotecaitaliana.it/scheda/bibit000899,historical_general,preserve_rendered_tei_text,4796f47808e0550695ce627c624b051e09a34878c1ef3a265d103f4f5d122275,text_materialized,data/processed/bibit_resolved_v1/historical_general/part-0002.txt,19951804,20049393,96054,97589,85e3caf2eb063a64f81a3fcfde443ea9b59753d15c947d7a353032b0e6aef68c
bibit000901,Alessandro nell'Indie,"Metastasio, Pietro",Biblioteca Italiana,http://www.bibliotecaitaliana.it/scheda/bibit000901,historical_general,preserve_rendered_tei_text,36b5018edd868dc3c6885fa7287674139c19033fdc220579702145c729e00539,text_materialized,data/processed/bibit_resolved_v1/historical_general/part-0002.txt,20049394,20097075,47299,47681,3eedf595b0b611183ab960f7f9e1d261b8a1c2f20de47e8bc0d31f927931eb20
bibit000902,La bottega del caffè,"Goldoni, Carlo",Biblioteca Italiana,http://www.bibliotecaitaliana.it/scheda/bibit000902,historical_general,preserve_rendered_tei_text,6f262bfe0e2db6d08b4450db54b2835389a514773af41dcd674d775f81c56ca8,text_materialized,data/processed/bibit_resolved_v1/historical_general/part-0002.txt,20097076,20218326,120242,121250,b2c962cd14308b7da47aafda49554f78c325d8e02b1ff745cb058a166fb518fe
bibit000903,Il doge Leonardo Donà (1596),"Seneca, Federico",Biblioteca Italiana,http://www.bibliotecaitaliana.it/scheda/bibit000903,historical_general,preserve_rendered_tei_text,22e3c3be9c88d1bfb8f8ff4b640d3aeda1003c96b058ff8f9dacbff400b119dc,text_materialized,data/processed/bibit_resolved_v1/historical_general/part-0002.txt,20218327,20353353,133875,135026,c24aa38a7cf1e1fa636d51e1d83dafc3632215379b7cc88e1e18305862b0f28a
bibit000904,Battaglie per difesa dell'italica lingua,"Muzio, Girolamo",Biblioteca Italiana,http://www.bibliotecaitaliana.it/scheda/bibit000904,historical_general,strip_editorial_square_delimiters_and_labels,a23c3e351d0671ee1446aba423ea564202034d43f3cb8f3081266a3c0c02d8f8,text_materialized,data/processed/bibit_resolved_v1/historical_general/part-0002.txt,20353354,20872388,513259,519034,cc07577cb4e98de21e197014e1a052398cd05207c6ee7202236bdd7ef2b28816
bibit000905,Lettere,Francesco di Cambio,Biblioteca Italiana,http://www.bibliotecaitaliana.it/scheda/bibit000905,historical_general,preserve_rendered_tei_text,01f70620c7e374d6aa971ae56fb9b66c2a3c4b9a4d73ec17f513beaa1f875b9d,text_materialized,data/processed/bibit_resolved_v1/historical_general/part-0002.txt,20872389,20882941,10411,10552,ed29aab9f84e0f41bc1777881a7abacedba221988b8fc9a4ff7bd85204ff0753
bibit000907,Cronica di Pisa,Non definito,Biblioteca Italiana,http://www.bibliotecaitaliana.it/scheda/bibit000907,historical_general,preserve_rendered_tei_text,b7fe7aef8f2590daa61e459aff4b11b32f17e04c4e9b14743b32abec83c43c29,text_materialized,data/processed/bibit_resolved_v1/historical_general/part-0002.txt,20882942,21254820,369088,371878,6740ed62e117393ae8e810b47a028ba707257481025c54e20cae810b91606211
bibit000908,Il Conte overo de l'Imprese,"Tasso, Torquato",Biblioteca Italiana,http://www.bibliotecaitaliana.it/scheda/bibit000908,historical_general,preserve_rendered_tei_text,c2292d9055bb37d293bafbd14dcfe45865e599b51ba115e2c157dee312dbc240,text_materialized,data/processed/bibit_resolved_v1/historical_general/part-0002.txt,21254821,21418475,162384,163654,86cb2f48b6830d9c0d01660b6aa2e71dc6889e908c1052eb977a67939591a018
bibit000909,Certame coronario,Non definito,Biblioteca Italiana,http://www.bibliotecaitaliana.it/scheda/bibit000909,historical_non_sonnet_poetry,preserve_rendered_tei_text,09ea2e394f815b3f9c04ba4334b0e57ac86e6222e1692688ce2e44ec1d80aa3a,text_materialized,data/processed/bibit_resolved_v1/historical_non_sonnet_poetry/part-0001.txt,22378335,22465534,85930,87199,6477c22b1b2a800377739e8999be8db2deb121f97050fc292664781e5731e681
bibit000912,Posilecheata,"Sarnelli, Pompeo",Biblioteca Italiana,http://www.bibliotecaitaliana.it/scheda/bibit000912,historical_general,preserve_rendered_tei_text,8cc7456c64727fc9b728917fe9e080197c88cb560c4478047d03dba4cd9f87ea,text_materialized,data/processed/bibit_resolved_v1/historical_general/part-0002.txt,21418476,21585011,164488,166535,6f143e4ac92b02c42c19f2e25d32e787edf4eb62ebd7e11c8d489ead47a5736c
bibit000914,Appressamento della morte,"Leopardi, Giacomo",Biblioteca Italiana,http://www.bibliotecaitaliana.it/scheda/bibit000914,nineteenth_century_bridge,preserve_rendered_tei_text,6542a9c8b6762c09c69f748ad7df410b1dfc2e9f85e694fd937528ae8c40a800,text_materialized,data/processed/bibit_resolved_v1/nineteenth_century_bridge/part-0001.txt,27332291,27366109,33559,33818,d3191bbdaa8f8ecac4bb0ca688d28370214c7f7819b8b9927dfa841ce66b6e8a
bibit000915,Poesie,"Meglio, Giovan Matteo di",Biblioteca Italiana,http://www.bibliotecaitaliana.it/scheda/bibit000915,historical_non_sonnet_poetry,preserve_rendered_tei_text,83ba64c69d4a96ce71525525e753b2b92f19e84370aae5af5e64d0be194514f6,text_materialized,data/processed/bibit_resolved_v1/historical_non_sonnet_poetry/part-0001.txt,22465535,22473424,7829,7889,3b2bdedbfc9556c13748e4d696c4f1262d7b292738ac1dab5221ac274ff4c873
bibit000916,Egloghe pescatorie,"Rota, Berardino",Biblioteca Italiana,http://www.bibliotecaitaliana.it/scheda/bibit000916,historical_non_sonnet_poetry,preserve_rendered_tei_text,6f6ea7a177f3cbe93eb289d81ee8f6a3a97401a9c845b8e73c4adcaef3cb6b1c,text_materialized,data/processed/bibit_resolved_v1/historical_non_sonnet_poetry/part-0001.txt,22473425,22561581,85292,88156,95eec3051105e08a67a4868f68d23c3b44f02aab49a7e3599d1f63ec61d2ab70
bibit000917,Novelle porretane,"Arienti, Giovanni Sabadino degli",Biblioteca Italiana,http://www.bibliotecaitaliana.it/scheda/bibit000917,historical_general,preserve_rendered_tei_text,9d3bfddb2298c3974394b5a2893cf2a8d539f91c30f37ac12e238d4ab8154507,text_materialized,data/processed/bibit_resolved_v1/historical_general/part-0002.txt,21585012,22341332,746651,756320,9be30030234c481d8044def0c71a48540c97e212064b6c8388a372ba8a1477d1
bibit000918,Relazione di Francia di Angelo Correr (1638-1641),"Correr, Angelo",Biblioteca Italiana,http://www.bibliotecaitaliana.it/scheda/bibit000918,historical_general,preserve_rendered_tei_text,87a6656b55c99b7aa6f03cb16ed62888011a9b97b487e946fbcd547e7a5d32b4,text_materialized,data/processed/bibit_resolved_v1/historical_general/part-0002.txt,22341333,22411280,69316,69947,87305abf3f16ea2f452016540e9d5a4ad5a8a35d8aceea52f6ff2600eb73c879
bibit000919,Epistole e lettere,"Boccaccio, Giovanni",Biblioteca Italiana,http://www.bibliotecaitaliana.it/scheda/bibit000919,historical_general,preserve_rendered_tei_text,496e0b355f75174f09afb00850c851347dbdcab2308c011ad9aa5c65ebb88c34,text_materialized,data/processed/bibit_resolved_v1/historical_general/part-0002.txt,22411281,22676490,264003,265209,5b7725a5d11c4c86b3e3944904f7c143d72077deed300dc50f1fb13439d85d1c
bibit000920,L'amico tradito,"Cecchini, Pier Maria",Biblioteca Italiana,http://www.bibliotecaitaliana.it/scheda/bibit000920,historical_general,preserve_rendered_tei_text,0ed39e857a51c698ccfeb177450b5f21a9ad4432736e91a60f6c926e6fcae363,text_materialized,data/processed/bibit_resolved_v1/historical_general/part-0002.txt,22676491,22753974,76665,77483,73b72227205dd68c219c047c12483c51230527123662d0898a6fd30a98498da1
bibit000922,"Frammento di una traduzione in volgare dell'impresa di Ciro, descritta da Senofonte","Leopardi, Giacomo",Biblioteca Italiana,http://www.bibliotecaitaliana.it/scheda/bibit000922,nineteenth_century_bridge,preserve_rendered_tei_text,5da41743036bcaf9dd66918598e3939b54ebb71d1f80e3dfc65c348daa9c8c17,text_materialized,data/processed/bibit_resolved_v1/nineteenth_century_bridge/part-0001.txt,27366110,27376940,10736,10830,82e2d3264f5222bbcaa18cb202524ec50891537db9116b39c04682fa1e2c4d56
bibit000923,Libro de natura de amore (ms.),"Equicola, Mario",Biblioteca Italiana,http://www.bibliotecaitaliana.it/scheda/bibit000923,historical_general,strip_editorial_square_delimiters_and_labels,f82ddd5c20cfa26d09789d3e2c2862d925c917e7e4d8d00e4a724f0ef7f323b9,text_materialized,data/processed/bibit_resolved_v1/historical_general/part-0002.txt,22753975,23322825,562957,568850,633669f0f2b2dc07f66565f1c2a2a6a5502416989db87aa4894fe77f67e7294b
bibit000925,Epistolario. Lettere dal 1854 al 1873,"Manzoni, Alessandro",Biblioteca Italiana,http://www.bibliotecaitaliana.it/scheda/bibit000925,nineteenth_century_bridge,strip_editorial_square_delimiters_and_labels,a188cc83468519e89f4345b4c847aa1cc8fb539abedfade34189b359d0fe87f6,text_materialized,data/processed/bibit_resolved_v1/nineteenth_century_bridge/part-0001.txt,27376941,28164310,775050,787369,984bfd78a77685c89d79c05ce09738c08598b8f36fa00282b92d01508a16a4f6
bibit000926,In difesa del Generale Pino,"Foscolo, Ugo",Biblioteca Italiana,http://www.bibliotecaitaliana.it/scheda/bibit000926,nineteenth_century_bridge,preserve_rendered_tei_text,e6f8c879356d83c665a67d66a176b1ac7ff02e4e25bb5a49b5ff4772380a2d71,text_materialized,data/processed/bibit_resolved_v1/nineteenth_century_bridge/part-0001.txt,28164311,28168515,4178,4204,87558a923f82606c0cea25913161599f9ba1ac0bd972fbd0f82446ac2eee2acc
bibit000927,Vita sancti Rainerii confessoris de civitate pisana,Non definito,Biblioteca Italiana,http://www.bibliotecaitaliana.it/scheda/bibit000927,historical_general,preserve_rendered_tei_text,2549fb29ea4f6e2f9568b0c5313d28360078f3d3a3130a6d7a6b6a2f645abf88,text_materialized,data/processed/bibit_resolved_v1/historical_general/part-0002.txt,23322826,23500372,177546,177546,67050138dcc18e5b4097f10b327149298447ff6b694e6ba6bfa977ddfe7b2d1f
bibit000929,"Lamento facto per Zoane Peregrino da Ferrà scriptore, quando el Marchese Nicolò el fieze metere in Castel Vechio de Ferrà, al tenpo de Meser Ziliol in quelo inpresonato","Peregrino da Ferrara, Giovanni",Biblioteca Italiana,http://www.bibliotecaitaliana.it/scheda/bibit000929,historical_non_sonnet_poetry,preserve_rendered_tei_text,98c272a309fcc61ce6db63e27a597932af43a1438299ce9a8302bc9ceeb7c39a,text_materialized,data/processed/bibit_resolved_v1/historical_non_sonnet_poetry/part-0001.txt,22561582,22573607,11891,12025,e117fc36e7fc7e5823721b6887d42c94a1c2f163ad3f4d3cab31f3c048ecb48a
bibit000930,Materiali estetici,"Manzoni, Alessandro",Biblioteca Italiana,http://www.bibliotecaitaliana.it/scheda/bibit000930,nineteenth_century_bridge,preserve_rendered_tei_text,5407b109fe6b197dccc885c4b63c2214b823a82215bec8a2641095941322220a,text_materialized,data/processed/bibit_resolved_v1/nineteenth_century_bridge/part-0001.txt,28168516,28252178,82821,83662,7dfe2078afddf8f39b9d513c52a181727029913b5877a9566853336de420fca2
bibit000933,Le nozze di Figaro,"Da Ponte, Lorenzo",Biblioteca Italiana,http://www.bibliotecaitaliana.it/scheda/bibit000933,historical_general,preserve_rendered_tei_text,1407c35ebd9f989e715e220bad23228f15b41302c0bb944a3a2d2a7faa1d737d,text_materialized,data/processed/bibit_resolved_v1/historical_general/part-0002.txt,23500373,23578144,75713,77771,97e36f254a9ca167fc2465293aab9992ae98c93567206037803d049c819d9cfa
bibit000934,Caratteri morali di Teofrasto,"Leopardi, Giacomo",Biblioteca Italiana,http://www.bibliotecaitaliana.it/scheda/bibit000934,nineteenth_century_bridge,preserve_rendered_tei_text,e406b159a1597ccdc76ff34e07cc4d8e5cbd2738ff1eeffb83b2159e49bc1a1f,text_materialized,data/processed/bibit_resolved_v1/nineteenth_century_bridge/part-0001.txt,28252179,28255025,2817,2846,c2a94f7093a44ce47eeac10b57bc8a3d0c6e7d29c054dd4e80eb9172e08caf06
bibit000935,Vita di Torquato Tasso,"Manso, Giovan Battista",Biblioteca Italiana,http://www.bibliotecaitaliana.it/scheda/bibit000935,historical_general,preserve_rendered_tei_text,bfe554716420a8c642727c9694e635631879a8cfcc1ea314c4823446d444537d,text_materialized,data/processed/bibit_resolved_v1/historical_general/part-0002.txt,23578145,23977926,395678,399781,63322091294051f58b5220b127aef511f810638b797a0c5b43fb30caa039fdf9
bibit000936,Poesie,"Ricci, Niccolò de'",Biblioteca Italiana,http://www.bibliotecaitaliana.it/scheda/bibit000936,historical_non_sonnet_poetry,preserve_rendered_tei_text,c83ed1b88c724d954b6930188aa93d48f120a6dcc11cc560bd99159981751e53,text_materialized,data/processed/bibit_resolved_v1/historical_non_sonnet_poetry/part-0001.txt,22573608,22575831,2187,2223,7b91ab62f0eef2654fede53266a5dd36a74e532b20a531bbbd3f05285b11c6b3
bibit000938,Dell'errore attribuito a Innocenzo per aver dipinto Apollo piuttosto col violino che con la lira,"Leopardi, Giacomo",Biblioteca Italiana,http://www.bibliotecaitaliana.it/scheda/bibit000938,nineteenth_century_bridge,preserve_rendered_tei_text,7b50a0b8b02c7dda3687cb0ef7a706c545f718f563e2d0cb1e3523995d6160e9,text_materialized,data/processed/bibit_resolved_v1/nineteenth_century_bridge/part-0001.txt,28255026,28260042,4965,5016,d3b68adecd87a0bffc77c2703e41cb07955d084428358c36b4202888718f61a9
bibit000939,Vita di Guidubaldo duca di Urbino,"Castiglione, Baldassarre",Biblioteca Italiana,http://www.bibliotecaitaliana.it/scheda/bibit000939,historical_general,preserve_rendered_tei_text,01fd89c202c48d55ac159c2bcd8eb5e596e58ef70f99f8415315499f49d64b5a,text_materialized,data/processed/bibit_resolved_v1/historical_general/part-0002.txt,23977927,24013552,35598,35625,5931ad7d402e805761388669b02abe2f7fe9dd39132e0ebb030eedebbc955eb5
bibit000940,La virtù indiana (1811),"Leopardi, Giacomo",Biblioteca Italiana,http://www.bibliotecaitaliana.it/scheda/bibit000940,nineteenth_century_bridge,preserve_rendered_tei_text,b59fa4469b4266f74ae448e272a77b9def43d86e1af3631c67291d710131a151,text_materialized,data/processed/bibit_resolved_v1/nineteenth_century_bridge/part-0001.txt,28260043,28290951,30682,30908,5073faa5e6c67a5264ff4622ca8a17b0bbc3256bef578dc966f3a00cad7a6263
bibit000941,Poesie,Antonio di Guido,Biblioteca Italiana,http://www.bibliotecaitaliana.it/scheda/bibit000941,historical_non_sonnet_poetry,preserve_rendered_tei_text,2ecf76fd1d848df008ca9f2b19ff23230911a896df643d2d71f3806abac55b95,text_materialized,data/processed/bibit_resolved_v1/historical_non_sonnet_poetry/part-0001.txt,22575832,22602900,26729,27068,800305c8c716273daea25e80615a464b88c7938cad62c3e9f772e69e91524a83
bibit000942,Relazione di Germania,"Minio, Polo",Biblioteca Italiana,http://www.bibliotecaitaliana.it/scheda/bibit000942,historical_general,preserve_rendered_tei_text,fcf0b54239653837bbc1e96342e2873b2e7d57730e69c2fc84a896440b71436c,text_materialized,data/processed/bibit_resolved_v1/historical_general/part-0002.txt,24013553,24046269,32459,32716,48121d4cf26d18b9803a88d7f2e0a1876b3471796b7028dcdbbc1e637693983c
bibit000943,Ercole,"Giraldi Cinzio, Giambattista",Biblioteca Italiana,http://www.bibliotecaitaliana.it/scheda/bibit000943,historical_non_sonnet_poetry,preserve_rendered_tei_text,e06905cd53a3bc7d286c9a278e75d4c2997cae287cfb6bd7985ab02c0833ce98,text_materialized,data/processed/bibit_resolved_v1/historical_non_sonnet_poetry/part-0001.txt,22602901,23573381,960608,970480,5286a125242750c5173e3745d4bf6e6e7704860e975a9464a1c7f7fa673586e6
bibit000944,Poesie,Filippo da Massa,Biblioteca Italiana,http://www.bibliotecaitaliana.it/scheda/bibit000944,historical_non_sonnet_poetry,preserve_rendered_tei_text,2c50db30f88778451cbd52d16d81e65cb45e569ea5bc6a167b8ad5ee220ab5c7,text_materialized,data/processed/bibit_resolved_v1/historical_non_sonnet_poetry/part-0001.txt,23573382,23583464,9918,10082,c7a3a6780adf019f991ba78a4555cf85995b85b91b23290854ca93df3deb0abc
bibit000945,Relazione di Spagna (1578),"Badoer, Alberto",Biblioteca Italiana,http://www.bibliotecaitaliana.it/scheda/bibit000945,historical_general,preserve_rendered_tei_text,0731c31638b2a390c9b2b719ef83f021e07d5b96e021aee1d22283cd3b67f15b,text_materialized,data/processed/bibit_resolved_v1/historical_general/part-0002.txt,24046270,24055939,9569,9669,7e51420469eb3cda956fa3958059ee91f36680b426798cb6af2058c80a7332e3
bibit000946,La veniexiana,Non definito,Biblioteca Italiana,http://www.bibliotecaitaliana.it/scheda/bibit000946,historical_general,preserve_rendered_tei_text,f65017e72e89d869209e15e180ff0ab08c785621d97763ab220cb977e7b027ef,text_materialized,data/processed/bibit_resolved_v1/historical_general/part-0002.txt,24055940,24110080,53022,54140,b12da1df8dcc1d206bda52d28c0b87191d40034d6ae51c1b78af57a5062d9638
bibit000948,Relazione di Germania (1733),"Bragadin, Daniele",Biblioteca Italiana,http://www.bibliotecaitaliana.it/scheda/bibit000948,historical_general,preserve_rendered_tei_text,ae42e780efb9da109081404703d5cb0cdfb9a825b33f62d0fadc07e5b86e3c06,text_materialized,data/processed/bibit_resolved_v1/historical_general/part-0002.txt,24110081,24138961,28678,28880,7def293069608d1b44785a875baa8edc5335e6068aac4811df72e94dffe9d58b
bibit000949,Storia della letteratura italiana,"De Sanctis, Francesco",Biblioteca Italiana,http://www.bibliotecaitaliana.it/scheda/bibit000949,nineteenth_century_bridge,preserve_rendered_tei_text,4fc3aac87d95ac2f03ca3020f97707f19a9cfb34e7af8de8f84e99ebf6916dc2,text_materialized,data/processed/bibit_resolved_v1/nineteenth_century_bridge/part-0001.txt,28290952,29969166,1661172,1678214,ae48cfa68614ed4c281471412043de09bd91e1852d94a915237fc7dcd1a79728
bibit000950,La spada di Federico II,"Monti, Vincenzo",Biblioteca Italiana,http://www.bibliotecaitaliana.it/scheda/bibit000950,nineteenth_century_bridge,preserve_rendered_tei_text,7fcf66a97aedd5382675d59d82c9e157f7fab5dbd9988194223bb5b78bbcabfa,text_materialized,data/processed/bibit_resolved_v1/nineteenth_century_bridge/part-0001.txt,29969167,29980393,11116,11226,6f4c1e35f872a37e946f6da4f77daa76088a04ae5702809f81870c76d16235dc
bibit000951,Liber Abaci,Leonardo Fibonacci,Biblioteca Italiana,http://www.bibliotecaitaliana.it/scheda/bibit000951,historical_general,preserve_rendered_tei_text,754bee0b66a84c80edc42184005a74fd55836f698f3fb1f455cc1255bb7e19f4,text_materialized,data/processed/bibit_resolved_v1/historical_general/part-0002.txt,24138962,24210520,71558,71558,3cc670cb8e165c35848bf7605c8d51b0603b344acde2e4cb8e5fc452ea8ff636
bibit000952,Altre poesie varie,"Leopardi, Giacomo",Biblioteca Italiana,http://www.bibliotecaitaliana.it/scheda/bibit000952,historical_non_sonnet_poetry,preserve_rendered_tei_text,36cebe39fedf9d4c29647981971f63511c377a9bef16f3173cbf1071c9d2b446,text_materialized,data/processed/bibit_resolved_v1/historical_non_sonnet_poetry/part-0001.txt,23583465,23598281,14690,14816,6b3de6a34975d9048602d546ec04c38434bbde1d0b28b0e906016d430f296032
bibit000954,Discorsi,"Tasso, Torquato",Biblioteca Italiana,http://www.bibliotecaitaliana.it/scheda/bibit000954,historical_general,preserve_rendered_tei_text,628b6edfcf91a71bb8a7620a3220859be9e8c10f36ddbe7ac1e529f870802aad,text_materialized,data/processed/bibit_resolved_v1/historical_general/part-0002.txt,24210521,24363910,151560,153389,d72b2bf076f73fa67c2fc42b841c7a2441874f1378d73035bf5e8df274d591eb
bibit000955,La Dirindina,"Gigli, Girolamo",Biblioteca Italiana,http://www.bibliotecaitaliana.it/scheda/bibit000955,historical_general,preserve_rendered_tei_text,c0b4d3454da5250622a8ca3c65031497d948407ec78c131ee8902bbc86d0e7c2,text_materialized,data/processed/bibit_resolved_v1/historical_general/part-0002.txt,24363911,24376277,12244,12366,4c74fd4828dc8079a56a6287d0f62890268ebf8ce5dbc808463b51a318b22162
bibit000957,Rime,"Bandello, Matteo",Biblioteca Italiana,http://www.bibliotecaitaliana.it/scheda/bibit000957,historical_non_sonnet_poetry,strip_editorial_square_delimiters_and_labels,1d670229bbdecc231f2b8f5031686e5014c874be64ab825d374707d4e6c11316,text_materialized,data/processed/bibit_resolved_v1/historical_non_sonnet_poetry/part-0001.txt,23598282,23688428,89237,90146,90f633a7eb401a918d323d2bda78286535e4e716f599c497117011610b33a544
bibit000958,Viaggio di Parnaso,"Cortese, Giulio Cesare",Biblioteca Italiana,http://www.bibliotecaitaliana.it/scheda/bibit000958,historical_non_sonnet_poetry,preserve_rendered_tei_text,c2347af151f51a4026e1d6672c7e671c59af6522653b432835a7eda3468c3dcf,text_materialized,data/processed/bibit_resolved_v1/historical_non_sonnet_poetry/part-0001.txt,23688429,23858586,167788,170157,c793348b57312726d33a0a4003d26976bd9f8e02ee2c09b9071db675a2af8b6d
bibit000959,Relazione di Francia (1686),"Contarini, Domenico",Biblioteca Italiana,http://www.bibliotecaitaliana.it/scheda/bibit000959,historical_general,preserve_rendered_tei_text,78c2dd7c7824ec19cd47d194e4c651200ff4a277fce080b7e1fa810df40f1e81,text_materialized,data/processed/bibit_resolved_v1/historical_general/part-0002.txt,24376278,24457136,80336,80858,b5f73484359a0ccae15d04ec598c6a3f277c137099df7c00eeb520e87fdb8448
bibit000963,Dialogo de Fortuna,"Fregoso, Antonio Fileremo",Biblioteca Italiana,http://www.bibliotecaitaliana.it/scheda/bibit000963,historical_non_sonnet_poetry,preserve_rendered_tei_text,4f1503c5300d081157901d20282d2427acc351dde194b60d73687b294bafbb6c,text_materialized,data/processed/bibit_resolved_v1/historical_non_sonnet_poetry/part-0001.txt,23858587,23919810,60386,61223,c42f6a291538e710fb08cea44bc4a1a45ec64f72bde47123da73d95fc28b0ec8
bibit000965,Della lingua italiana. Quinta redazione e appendice.,"Manzoni, Alessandro",Biblioteca Italiana,http://www.bibliotecaitaliana.it/scheda/bibit000965,nineteenth_century_bridge,preserve_rendered_tei_text,dcc4beebcb6d72428686b6bf8cc7afe53d32206853db551d333a587ec76fa286,text_materialized,data/processed/bibit_resolved_v1/nineteenth_century_bridge/part-0001.txt,29980394,30537409,551069,557015,c09196b3359181b5dd6301c816e2534a32cef158363e21bc7ee77c0795d9f76a
bibit000966,Gli amori pastorali di Dafni e di Cloe,"Caro, Annibale",Biblioteca Italiana,http://www.bibliotecaitaliana.it/scheda/bibit000966,historical_general,preserve_rendered_tei_text,e4b58ee1f8659852e1394184cd8a35a3b57ee5aefb13c41fdb5d84e00811c0e4,text_materialized,data/processed/bibit_resolved_v1/historical_general/part-0002.txt,24457137,24636625,177901,179488,343093a7785e8419f7fcc6204d3e74f61b8e5e8f12006e02f9debbcff30ea1d4
bibit000967,Il primo libro dei madrigali,"Parabosco, Girolamo",Biblioteca Italiana,http://www.bibliotecaitaliana.it/scheda/bibit000967,historical_non_sonnet_poetry,preserve_rendered_tei_text,e8a8112b74df3aab5258625024380437b6fec67501e0441fd2b2548752dc3eeb,text_materialized,data/processed/bibit_resolved_v1/historical_non_sonnet_poetry/part-0001.txt,23919811,23942445,22382,22634,2e3b9a51c07015aefc0dbd6a7237c1d03dfa54074ec2f78ce62099beecb98876
bibit000968,Il verrato,"Guarini, Battista",Biblioteca Italiana,http://www.bibliotecaitaliana.it/scheda/bibit000968,historical_general,preserve_rendered_tei_text,72b8224b9b8989d6c13aceadd805f10923af7cf7603d5fd49350fb0153d1bd00,text_materialized,data/processed/bibit_resolved_v1/historical_general/part-0002.txt,24636626,24818774,180358,182148,8aec2d9b01709253c1013f5c488ecfe5c5adcfa8404d39e9764d62e6902b57c2
bibit000969,La rivoluzione,"Pisacane, Carlo, 1818-1857",Biblioteca Italiana,http://www.bibliotecaitaliana.it/scheda/bibit000969,nineteenth_century_bridge,preserve_rendered_tei_text,85f7c854935d5c9f5171b4c62443f134df8f70423df1821ab1ec739b9953d959,text_materialized,data/processed/bibit_resolved_v1/nineteenth_century_bridge/part-0001.txt,30537410,31004584,463082,467174,0d101cd90a02d35ad19ef0b0130f8919a80546b3e8d59a0608d6395879603974
bibit000970,Rinaldo,"Tasso, Torquato",Biblioteca Italiana,http://www.bibliotecaitaliana.it/scheda/bibit000970,historical_non_sonnet_poetry,preserve_rendered_tei_text,5b9fa9fa1bace1053a3246172d691a395d78955c10b2a029445244473c90d33e,text_materialized,data/processed/bibit_resolved_v1/historical_non_sonnet_poetry/part-0001.txt,23942446,24242100,296750,299654,86572cc1c04f28386f90d012779af22e8ceb0b3a9c46a3a7b195c221174952b4
bibit000972,Vagabondaggio,"Verga, Giovanni",Biblioteca Italiana,http://www.bibliotecaitaliana.it/scheda/bibit000972,nineteenth_century_bridge,preserve_rendered_tei_text,8311f3575d8bd5a48d03f45775dbcd03e1cdf15b10ff5e94a6e7a4f31e4ca17b,text_materialized,data/processed/bibit_resolved_v1/nineteenth_century_bridge/part-0001.txt,31004585,31263775,257788,259190,f651622b1093a5110e015ca9f5823e1e033d53fa6b7f7bca260f1085d07600f2
bibit000974,La rappresentazione della festa de' Magi,Non definito,Biblioteca Italiana,http://www.bibliotecaitaliana.it/scheda/bibit000974,historical_general,preserve_rendered_tei_text,33d8bdf3c7c3923c6f1a7320fcf2e4388d9aa5c2e7c8f206adfb61a00c8d9dd4,text_materialized,data/processed/bibit_resolved_v1/historical_general/part-0002.txt,24818775,24832234,13241,13459,6c7fd2df97de0aa0eda6be23ecd92c39e179cd1305fe859d5460512cf7d365bd
bibit000975,Discorso sopra alcuni punti della storia longobardica in Italia,"Manzoni, Alessandro",Biblioteca Italiana,http://www.bibliotecaitaliana.it/scheda/bibit000975,nineteenth_century_bridge,preserve_rendered_tei_text,4a41680fc8c4d5ea8ebdd127cc2d86fd2d7e76f33d45aaffc9433eb56dfcdb5b,text_materialized,data/processed/bibit_resolved_v1/nineteenth_century_bridge/part-0001.txt,31263776,31699749,432250,435973,6cfae9fc2bcc2dfe635e1e75909e6d501427db2a950a36a07dc346825cf2f5bb
bibit000977,Riso de Democrito e Pianto di Eraclito,"Fregoso, Antonio Fileremo",Biblioteca Italiana,http://www.bibliotecaitaliana.it/scheda/bibit000977,historical_non_sonnet_poetry,preserve_rendered_tei_text,9be42bed96bb2a7381762f2965a2d8b6faca1f04be88459837896b4cf10837cc,text_materialized,data/processed/bibit_resolved_v1/historical_non_sonnet_poetry/part-0001.txt,24242101,24345989,102496,103888,2c288303fe4cd6a016eb2ca1f79bdd8166f00eb7d7bbe15191a2fcb71c7ec029
bibit000978,Rime,"Malatesti, Malatesta",Biblioteca Italiana,http://www.bibliotecaitaliana.it/scheda/bibit000978,historical_non_sonnet_poetry,preserve_rendered_tei_text,a00780b9b4139ff4803859d983c902cfee945fdadd554ccb80bcb9f8e5ca4541,text_materialized,data/processed/bibit_resolved_v1/historical_non_sonnet_poetry/part-0001.txt,24345990,24379668,33322,33678,fa720c0857e6f45a0a092497417cd41294acbc25b23e89eeedec832d9c301151
bibit000980,Relazione di Francia (1663-1665),"Sagredo, Alvise",Biblioteca Italiana,http://www.bibliotecaitaliana.it/scheda/bibit000980,historical_general,preserve_rendered_tei_text,ce8831cbf7b40e90c5444f271875cb15f03fb51babf8f39610266a1e175ccb0a,text_materialized,data/processed/bibit_resolved_v1/historical_general/part-0002.txt,24832235,24917078,84233,84843,eba01b30fac23fa01f91786d76a557cb1d49329a58d9eb162149eb628fc4b926
bibit000981,Favola pastorale,"Giraldi Cinzio, Giambattista",Biblioteca Italiana,http://www.bibliotecaitaliana.it/scheda/bibit000981,historical_non_sonnet_poetry,preserve_rendered_tei_text,0e98ea09841b1a23b7a292b62f6f57b06d53907f3cf5eb81397a494219078713,text_materialized,data/processed/bibit_resolved_v1/historical_non_sonnet_poetry/part-0001.txt,24379669,24398297,18420,18628,7c0f4293abe9fa11c73cc3bbc44c372b231c4628f6eb08d03991de375ed56912
bibit000982,Il campiello,"Goldoni, Carlo",Biblioteca Italiana,http://www.bibliotecaitaliana.it/scheda/bibit000982,historical_general,preserve_rendered_tei_text,a80ee3646540a9ef387965840b46830139ba441db3f681950c0d6cffb1e920ca,text_materialized,data/processed/bibit_resolved_v1/historical_general/part-0002.txt,24917079,25000398,82102,83319,8946d32751efef2747b951b51b11d17639aa886a83d56789328a3fa3e6fce24d
bibit000984,Romolo ed Ersilia,"Metastasio, Pietro",Biblioteca Italiana,http://www.bibliotecaitaliana.it/scheda/bibit000984,historical_general,preserve_rendered_tei_text,e0f920d4d38114632cfc1dc9ed74a1ab50b081075ee60a3b02e6ee88dd4ed4af,text_materialized,data/processed/bibit_resolved_v1/historical_general/part-0002.txt,25000399,25040979,40237,40580,3f495db0f31a83b64715ac95000d8c49f0f23d51dc7e09839b79c53e0315ca0e
bibit000985,Stanze,"Bembo, Pietro",Biblioteca Italiana,http://www.bibliotecaitaliana.it/scheda/bibit000985,historical_non_sonnet_poetry,preserve_rendered_tei_text,6c082028e68b98540094a983269b197c9b67631ed5e60407f67299c75a114bb5,text_materialized,data/processed/bibit_resolved_v1/historical_non_sonnet_poetry/part-0001.txt,24398298,24414067,15627,15769,fbd09ecd4aecefb39bd28270d540e3d19b98da00fd65df1b2f3fd1477d217d32
bibit000986,La Rivoluzione francese del 1789 e la rivoluzione italiana del 1859. Saggio comparativo,"Manzoni, Alessandro",Biblioteca Italiana,http://www.bibliotecaitaliana.it/scheda/bibit000986,nineteenth_century_bridge,preserve_rendered_tei_text,aa69bf5e57f9bd7399ca051ca391d5398591240b8aaebfe5034972bc3dcfaf21,text_materialized,data/processed/bibit_resolved_v1/nineteenth_century_bridge/part-0001.txt,31699750,32141103,437529,441353,07290757fe6751c719b54fa64a7625d722abd19dd96b30aadbd9d0962253426a
bibit000987,Le smanie per la villeggiatura,"Goldoni, Carlo",Biblioteca Italiana,http://www.bibliotecaitaliana.it/scheda/bibit000987,historical_general,preserve_rendered_tei_text,ea0ded9f215dcdabc2acf80c8f10df70f5a66e4222424f9c8136c4c0d69d1c96,text_materialized,data/processed/bibit_resolved_v1/historical_general/part-0002.txt,25040980,25151554,109610,110574,5a738b53747f2ccaa35e56dc033dc1827d4c86d91d594718bc4144bc5b310d35
bibit000988,Historia nova della ruina de venetiani,Non definito,Biblioteca Italiana,http://www.bibliotecaitaliana.it/scheda/bibit000988,historical_non_sonnet_poetry,preserve_rendered_tei_text,fe36f9f0c35700afacdf8c651d193722342ce38a803136f62b40c08796a5b37b,text_materialized,data/processed/bibit_resolved_v1/historical_non_sonnet_poetry/part-0001.txt,24414068,24422857,8744,8789,65347463ad45aa8192b2a50e08996d8b2e16d4903a11aaf7b3f6f5f7866dc0e9
bibit000989,Libreto de tutte le cosse che se magnano,"Savonarola, Michele",Biblioteca Italiana,http://www.bibliotecaitaliana.it/scheda/bibit000989,historical_general,preserve_rendered_tei_text,e5859aada3e38878e744a79d0bfadf321fbc2d97f0153ff00185084ca6955628,text_materialized,data/processed/bibit_resolved_v1/historical_general/part-0002.txt,25151555,25453749,297467,302194,06bc6e3fe155a1aaaafd04e46c443af2f78d496985af7d9b45845b262dc41878
bibit000990,Dell'imitazion poetica. Libro primo,"Partenio, Bernardino",Biblioteca Italiana,http://www.bibliotecaitaliana.it/scheda/bibit000990,historical_general,preserve_rendered_tei_text,ad76576272ebfd827bd97919b114e83a8f5f514e496f75ef924bc204bc4728f5,text_materialized,data/processed/bibit_resolved_v1/historical_general/part-0002.txt,25453750,25526833,72116,73083,51bad95bdec10be25200871260a63e3b998122f07bfe175c977c721333e11643
bibit000991,Rime extravaganti,"Rota, Berardino",Biblioteca Italiana,http://www.bibliotecaitaliana.it/scheda/bibit000991,historical_non_sonnet_poetry,preserve_rendered_tei_text,e353f364822e1df101d766843f609e1caf6fc59735ae384b096a82c4cb7720ef,text_materialized,data/processed/bibit_resolved_v1/historical_non_sonnet_poetry/part-0001.txt,24422858,24423283,405,425,6908f9d6e49dd83d4a85449487a13b99651ba60721d08d2f8e4247bf737c72fd
bibit000992,Lezione sopra un sonetto di monsignor della Casa,"Tasso, Torquato",Biblioteca Italiana,http://www.bibliotecaitaliana.it/scheda/bibit000992,historical_general,preserve_rendered_tei_text,8c13603d038e72c11667584d59f7d9df74206edfddc048383cb5117f43ae4e4a,text_materialized,data/processed/bibit_resolved_v1/historical_general/part-0002.txt,25526834,25565121,37233,38287,5c4ce27da1353e84eb3c1caa8b1997371c260238cefc820c8b23f237be7f4687
bibit000993,Lettera intorno al vocabolario,"Manzoni, Alessandro",Biblioteca Italiana,http://www.bibliotecaitaliana.it/scheda/bibit000993,nineteenth_century_bridge,preserve_rendered_tei_text,815eba34e9f6db7ee60105e6de2336a64c05dbe3392cd7ff453f29a7a9828fdc,text_materialized,data/processed/bibit_resolved_v1/nineteenth_century_bridge/part-0001.txt,32141104,32166308,24933,25204,488dc418224700d5d3ef42d978047d6cc3774d6d244e85e559fa0aed40e15fa9
bibit000994,Il sogno. Elegia inedita,"Leopardi, Giacomo",Biblioteca Italiana,http://www.bibliotecaitaliana.it/scheda/bibit000994,nineteenth_century_bridge,preserve_rendered_tei_text,0c9ddcb846ebcc6bc04652a411fb54b47a696072eb846087befe171cc803dd20,text_materialized,data/processed/bibit_resolved_v1/nineteenth_century_bridge/part-0001.txt,32166309,32170170,3831,3861,74539d03209382696972703e4bdae0d8c2e11372f55b5a2932faa10ebce1dcfa
bibit000995,Titanomachia di Esiodo,"Leopardi, Giacomo",Biblioteca Italiana,http://www.bibliotecaitaliana.it/scheda/bibit000995,nineteenth_century_bridge,preserve_rendered_tei_text,c6dd49246f48df14d1c059cfcf2bdd89962d6f90456a3753e157d554819c617a,text_materialized,data/processed/bibit_resolved_v1/nineteenth_century_bridge/part-0001.txt,32170171,32172873,2689,2702,97af9a055c208cd34db380edb2702848e13d528e93f989a2ce39a159906ef5b4
bibit000996,Rime,"Mantegna, Giovanni Alfonso",Biblioteca Italiana,http://www.bibliotecaitaliana.it/scheda/bibit000996,historical_non_sonnet_poetry,preserve_rendered_tei_text,b29dcd1f36dcaa561fc10ec817e77944b0f177ec31695bef53a7477f76dd3091,text_materialized,data/processed/bibit_resolved_v1/historical_non_sonnet_poetry/part-0001.txt,24423284,24495471,71602,72187,79f3991a596c10354e69679088029d5dab4aee0a9573da9f229175f37039dd2a
bibit000997,Le Lettere (1497-1521),"Castiglione, Baldassarre",Biblioteca Italiana,http://www.bibliotecaitaliana.it/scheda/bibit000997,historical_general,strip_editorial_square_delimiters_and_labels,e1a00e37fce82bf91e64edbddaebed9660069d6b3a77d55426fcfa84b107cdfb,text_materialized,data/processed/bibit_resolved_v1/historical_general/part-0002.txt,25565122,26882357,1305486,1317235,ee543f7c7bebbec68124bf2cda11e7902d3b259936602947a96cb5c75051786e
bibit000998,Diario fiorentino,"Landucci, Luca",Biblioteca Italiana,http://www.bibliotecaitaliana.it/scheda/bibit000998,historical_general,preserve_rendered_tei_text,6453f53fcbcd179e2ae173884cd6896c0cecbee05edfbe6a316a635ec6acc47a,text_materialized,data/processed/bibit_resolved_v1/historical_general/part-0002.txt,26882358,27380978,493023,498620,43e59910ce45929f281167b4a89823c67f00849cb7d9f0530c029aa17c91b971
bibit001000,Della servitù dell'Italia,"Foscolo, Ugo",Biblioteca Italiana,http://www.bibliotecaitaliana.it/scheda/bibit001000,nineteenth_century_bridge,preserve_rendered_tei_text,a542cedb0de3f7a9eaf1a253409480e015f2673ada49030dbcee303892c76cdd,text_materialized,data/processed/bibit_resolved_v1/nineteenth_century_bridge/part-0001.txt,32172874,32548827,372205,375953,d0123a6a9f1a700cba6620025a63c28e3412c2e27f8a3815a7c2319248fc2ba7
bibit001001,L'Arte Poetica di Orazio travestita ed esposta in ottava rima (1811),"Leopardi, Giacomo",Biblioteca Italiana,http://www.bibliotecaitaliana.it/scheda/bibit001001,nineteenth_century_bridge,preserve_rendered_tei_text,31aac075eaec6282bcef26aab3013ebbd8c6a8875c89c790269a555bc9b95ee9,text_materialized,data/processed/bibit_resolved_v1/nineteenth_century_bridge/part-0001.txt,32548828,32564946,15981,16118,fc3cdf66d3c368c02e1ee37161a3b56a0b3c80d70d5ca6c330eb340d49b6f668
bibit001002,Comento de' miei sonetti,"Medici, Lorenzo de'",Biblioteca Italiana,http://www.bibliotecaitaliana.it/scheda/bibit001002,historical_non_sonnet_poetry,preserve_rendered_tei_text,dd3705d69f89194f4bb608973337470fbf61c3aec1b568961c9eeab3b56d3ed2,text_materialized,data/processed/bibit_resolved_v1/historical_non_sonnet_poetry/part-0001.txt,24495472,24726709,228485,231237,5ab87ad7453864217ccffe3c1ae825694b4f1d37ebdc5f0fe617a0c2077eb41e
bibit001003,Il trionfo della Croce,"Leopardi, Giacomo",Biblioteca Italiana,http://www.bibliotecaitaliana.it/scheda/bibit001003,nineteenth_century_bridge,preserve_rendered_tei_text,bfea7eebd6210ef912335034e6a6406e91f9eb3a321a1eaa1b3f9921a9922368,text_materialized,data/processed/bibit_resolved_v1/nineteenth_century_bridge/part-0001.txt,32564947,32574114,9100,9167,1974aac2a698dbd26a6fea161d7e96968cf511bf0d468e98c6327b3b9554ab5d
bibit001004,Discorso su la Italia,"Foscolo, Ugo",Biblioteca Italiana,http://www.bibliotecaitaliana.it/scheda/bibit001004,nineteenth_century_bridge,preserve_rendered_tei_text,d7b2ff8d2ea4f38c77543c76bd37d5c011299499d95f05b5616094855bf2e38b,text_materialized,data/processed/bibit_resolved_v1/nineteenth_century_bridge/part-0001.txt,32574115,32580583,6422,6468,02f686e7523e21a581b93419889f5225627c6c2e80c7dba0f07f4d606403be10
bibit001005,Filosofia della rivoluzione,"Ferrari, Giuseppe",Biblioteca Italiana,http://www.bibliotecaitaliana.it/scheda/bibit001005,nineteenth_century_bridge,preserve_rendered_tei_text,9c68affe68c1e93d48cd79378a3c582844c8970235b69435c00530714f83a999,text_materialized,data/processed/bibit_resolved_v1/nineteenth_century_bridge/part-0001.txt,32580584,33716221,1124114,1135637,d4562a0e4e2e4d4a6e04e55bd6cfe04ab143c82ceeba948be1c965900e04a96d
bibit001006,Poesie,"Scapuccini, Antonio",Biblioteca Italiana,http://www.bibliotecaitaliana.it/scheda/bibit001006,historical_non_sonnet_poetry,preserve_rendered_tei_text,af081efe6b5d9479e303c1aa3ae00f68731024f08f69c5c9edd78c2d24dbb853,text_materialized,data/processed/bibit_resolved_v1/historical_non_sonnet_poetry/part-0001.txt,24726710,24732174,5387,5464,67ae1253efb4999fa44813f411de1a93bd5143b273c6d81795ccd30a4f64950b
bibit001008,Educatione Christiana dei figliuoli,"Antoniano, Silvio",Biblioteca Italiana,http://www.bibliotecaitaliana.it/scheda/bibit001008,historical_general,preserve_rendered_tei_text,141b2a901440a7d07f2fcc97bd2c17aae8a03b5c5f1b6029eb76e1bd2e076d4d,text_materialized,data/processed/bibit_resolved_v1/historical_general/part-0002.txt,27380979,28358226,967856,977247,ca0d9c0eb87c0f5c776254abdf6166fe2653ac638578287a333d31e075090332
bibit001009,"O mio cor, quanto t'inganni",Non definito,Biblioteca Italiana,http://www.bibliotecaitaliana.it/scheda/bibit001009,historical_non_sonnet_poetry,preserve_rendered_tei_text,0583941faf1c283db54cc13449208e5be3c3252c8eb8c831b948a738bb5acc51,text_materialized,data/processed/bibit_resolved_v1/historical_non_sonnet_poetry/part-0001.txt,24732175,24732781,604,606,64f6df1ba090595fbd3ac69fde5f956783b2a1261b14f521b20585644cd504d8
bibit001010,Il teatro comico,"Goldoni, Carlo",Biblioteca Italiana,http://www.bibliotecaitaliana.it/scheda/bibit001010,historical_general,preserve_rendered_tei_text,a391b0c215fbaf17e557ba3c7fde146f8f60fc2c69eeaa16812e6a5a0a1153a5,text_materialized,data/processed/bibit_resolved_v1/historical_general/part-0002.txt,28358227,28457080,97965,98853,13f1f1cda5fa6005ef3f87efac8991620f8d4117d9fde52b898c92a56eacf079
bibit001011,Prometeo,"Monti, Vincenzo",Biblioteca Italiana,http://www.bibliotecaitaliana.it/scheda/bibit001011,historical_non_sonnet_poetry,preserve_rendered_tei_text,471a987c46ea86f1f4b26507baa3d78a5c1db0cdf9bee71d2576a45310014af8,text_materialized,data/processed/bibit_resolved_v1/historical_non_sonnet_poetry/part-0001.txt,24732782,24765258,32230,32476,d0b4115f9cd27f95580a9e50c04381bf311161f0e1928d8eeb8a1efb3f36b53a
bibit001012,Il Ficino overo de l'Arte,"Tasso, Torquato",Biblioteca Italiana,http://www.bibliotecaitaliana.it/scheda/bibit001012,historical_general,preserve_rendered_tei_text,0cb89d9f48633ce5ded9359e9714ba365ab7fa1955b94d6f135edac0d52140cd,text_materialized,data/processed/bibit_resolved_v1/historical_general/part-0002.txt,28457081,28492368,34947,35287,e81b76910c4783eff9744c743f8ab9ed2893f76f7b013d8d70434d3b7325832f
bibit001013,Egloga ovvero Pasturale,"Bellincioni, Bernardo",Biblioteca Italiana,http://www.bibliotecaitaliana.it/scheda/bibit001013,historical_general,preserve_rendered_tei_text,32ac9283aee09724e24b6d71fa7b9541f699bafb81ff37aaca09d0be42b9e1cc,text_materialized,data/processed/bibit_resolved_v1/historical_general/part-0002.txt,28492369,28502860,10367,10491,9d0f950e6d749521bc8b5222dca2239f2d34c4b14e48004a2efd80de14002940
bibit001014,Poesie,"Martelli, Carlo",Biblioteca Italiana,http://www.bibliotecaitaliana.it/scheda/bibit001014,historical_non_sonnet_poetry,preserve_rendered_tei_text,fe3764c5c34db0b3f867dce89148f1c7d0e1d601943326ca16edb5c997317aec,text_materialized,data/processed/bibit_resolved_v1/historical_non_sonnet_poetry/part-0001.txt,24765259,24765286,27,27,e9942100437c61571358e5e459c2b701e6540d85b33f7d66a9a6c08aa207cca2
bibit001015,Difesa di Melchiorre Gioia,"Foscolo, Ugo",Biblioteca Italiana,http://www.bibliotecaitaliana.it/scheda/bibit001015,nineteenth_century_bridge,preserve_rendered_tei_text,0ddfc64ab8dfbd789447e3001cbaf684a6f98ef7a8c7272ea4e0c8841962c75f,text_materialized,data/processed/bibit_resolved_v1/nineteenth_century_bridge/part-0001.txt,33716222,33719451,3193,3229,b869e6c291e4793276b0b4ffa95b7853cef54f91158751f4ccfbb66a8f9c2bce
bibit001016,Poesie,"Ricci, Bernardo de'",Biblioteca Italiana,http://www.bibliotecaitaliana.it/scheda/bibit001016,historical_non_sonnet_poetry,preserve_rendered_tei_text,96589a66b240ac66a8e4bca7e668f6ac24859fdabb8b2747212fdd67af6c8a38,text_materialized,data/processed/bibit_resolved_v1/historical_non_sonnet_poetry/part-0001.txt,24765287,24765298,11,11,be8304c4acca873a6b48c58e6705cc0d3f7860cf6ff4a4486f9978f204e51700
bibit001019,Relazione di Francia (1688),"Venier, Girolamo",Biblioteca Italiana,http://www.bibliotecaitaliana.it/scheda/bibit001019,historical_general,preserve_rendered_tei_text,9f42a690ab11b488945482a5fbdf02140277f6e9c931dfdf330cea989b7f1192,text_materialized,data/processed/bibit_resolved_v1/historical_general/part-0002.txt,28502861,28611066,107336,108205,acde17d7200e846041c4b671b1bd796f142b276e9dc47ffc55a0211795cc9ab2
bibit001020,Relazione di Francia di Pietro Venier (1688-1695),Non definito,Biblioteca Italiana,http://www.bibliotecaitaliana.it/scheda/bibit001020,historical_general,preserve_rendered_tei_text,c6bae77dc51760a61a3dd439817cedaff360ea7b57befcfc9509a94895606013,text_materialized,data/processed/bibit_resolved_v1/historical_general/part-0002.txt,28611067,28783387,171036,172320,c0776de84b45d166abe14cca61b1fc78356887e705ef8220482f8921b428c0b8
bibit001021,Canti (ed. Firenze 1831),"Leopardi, Giacomo",Biblioteca Italiana,http://www.bibliotecaitaliana.it/scheda/bibit001021,nineteenth_century_bridge,preserve_rendered_tei_text,a8c739a070d0ebbcf0ad1b8cbde9ef692589e20f3d9c97677813e486051b17ae,text_materialized,data/processed/bibit_resolved_v1/nineteenth_century_bridge/part-0001.txt,33719452,33798227,78239,78775,fc45cbbd9617b333c1198914876b06109640875eee2c3faff09cf5b5ea7c1b35
bibit001023,Discorsi intorno alla comedia,"Rossi, Nicolò",Biblioteca Italiana,http://www.bibliotecaitaliana.it/scheda/bibit001023,historical_general,preserve_rendered_tei_text,768252df71595a3696e8b21c8b676ccdbb5025024b199f3c1bf6088c6e6f6d25,text_materialized,data/processed/bibit_resolved_v1/historical_general/part-0002.txt,28783388,28846023,62079,62635,b214ac9f571ef13efe016e0a4fb3666bb590b679a24ba3c296a4742fc342e8f7
bibit001025,Poesie,"Medici, Carlo de'",Biblioteca Italiana,http://www.bibliotecaitaliana.it/scheda/bibit001025,historical_non_sonnet_poetry,preserve_rendered_tei_text,f25a8a9ca982f10fc174fac84977c0592c75a6817e2d7e27c3a72d41be209c85,text_materialized,data/processed/bibit_resolved_v1/historical_non_sonnet_poetry/part-0001.txt,24765299,24765886,582,587,10fdd9ee2cd1dc9c9ccceb1879a1ad1595a54fa7b67aba76d0e230876ec793a9
bibit001026,Ecloghe,"Tasso, Torquato",Biblioteca Italiana,http://www.bibliotecaitaliana.it/scheda/bibit001026,historical_non_sonnet_poetry,preserve_rendered_tei_text,0418c01d1fa08adf27b1501b76e86bb531cc79f1a674bdfede745faa7fe77558,text_materialized,data/processed/bibit_resolved_v1/historical_non_sonnet_poetry/part-0001.txt,24765887,24794684,28519,28797,d165363993a1d99b0fe7e544d2c1442b260d6046a3e21abda3e0ee8144d06144
bibit001027,Difesa del Generale Viani,"Foscolo, Ugo",Biblioteca Italiana,http://www.bibliotecaitaliana.it/scheda/bibit001027,nineteenth_century_bridge,preserve_rendered_tei_text,89f620cb4a49120034eea30b28286f2a9d0295d3087e495f3da5f397ff4ba665,text_materialized,data/processed/bibit_resolved_v1/nineteenth_century_bridge/part-0001.txt,33798228,33825684,27219,27456,8e897364071639842aafabc4b79b4a945515f8a29183e5c540a0f25f0ca8537b
bibit001028,Lettere,"Basile, Giovan Battista",Biblioteca Italiana,http://www.bibliotecaitaliana.it/scheda/bibit001028,historical_general,preserve_rendered_tei_text,d1aab34903d0d465079c9fc57ac183773f3eabeafb0166dd0e52692d0fd47506,text_materialized,data/processed/bibit_resolved_v1/historical_general/part-0002.txt,28846024,28897438,50945,51414,082b583d0eb2e7814e278317a2bfc9d92b2428783dbe2c22d0e5510b1c87d0d9
bibit001029,Atti dalla relazione di Domenico Morosini,"Morosini, Domenico",Biblioteca Italiana,http://www.bibliotecaitaliana.it/scheda/bibit001029,historical_general,preserve_rendered_tei_text,630b6016da49d52ee330f5f8db7eb610baf65967c6026134ef3fda4c2c1f3d91,text_materialized,data/processed/bibit_resolved_v1/historical_general/part-0002.txt,28897439,28916123,18528,18684,0e2864a27b7dd6a02bcbe95f8437c853bcda09ee8fe72a1f368c78bbd6bcd3c8
bibit001032,Merope,"Maffei, Scipione",Biblioteca Italiana,http://www.bibliotecaitaliana.it/scheda/bibit001032,historical_general,preserve_rendered_tei_text,b56d0971be2d8d8dadee92dbbd75695a22afedf9ac30dad8b664ad7fb3fee321,text_materialized,data/processed/bibit_resolved_v1/historical_general/part-0002.txt,28916124,28999189,82167,83065,9e354dbd56a6c130633a8d25211d6006998a7d81413dd4153288aa6898f2d9ff
bibit001033,Dissertazione sopra la virtù morale in generale,"Leopardi, Giacomo",Biblioteca Italiana,http://www.bibliotecaitaliana.it/scheda/bibit001033,nineteenth_century_bridge,preserve_rendered_tei_text,450eac48bc1596e789912088a581c70e1f7517a37dc35310b4a95df4142ff25b,text_materialized,data/processed/bibit_resolved_v1/nineteenth_century_bridge/part-0001.txt,33825685,33847890,21937,22205,11ab8315b0ee9469f24104822cac18ff4f29f2f1e68eb2b1f7da9276b9f72530
bibit001034,La Retorica,"Sansovino, Francesco",Biblioteca Italiana,http://www.bibliotecaitaliana.it/scheda/bibit001034,historical_general,preserve_rendered_tei_text,c25f981a5effb06c15c5cb260a56c7799c1fe1be0030fbf4dbb11fe7a4ac2d58,text_materialized,data/processed/bibit_resolved_v1/historical_general/part-0002.txt,28999190,29021432,21983,22242,803b19b5b6ede0d7038857605a85a89808995d9349089623d1f97267e9766b9f
bibit001035,Tre relazioni anonime dalla Francia,Non definito,Biblioteca Italiana,http://www.bibliotecaitaliana.it/scheda/bibit001035,historical_general,preserve_rendered_tei_text,9780e820608cf41e67c946403e2e1b59c5efeaf5bab63855843749f93d77bb9b,text_materialized,data/processed/bibit_resolved_v1/historical_general/part-0002.txt,29021433,29061762,39987,40329,a1e0b0cac1558e52f5c829bdf47a70ca211ceece92bb3df6b10a51346f5580c3
bibit001036,Canzoniere,"Medici, Lorenzo de'",Biblioteca Italiana,http://www.bibliotecaitaliana.it/scheda/bibit001036,historical_non_sonnet_poetry,preserve_rendered_tei_text,4626e6b5a6e8d4d816f8459e4dde43d30e4a522723f9d5d202c00c37f93de3c2,text_materialized,data/processed/bibit_resolved_v1/historical_non_sonnet_poetry/part-0001.txt,24794685,24837646,42458,42961,4aa2e05fda9f6cbabfd77ee83e98ae019dee3afe98d2a85e9189faa0b7bde859
bibit001037,Delle famiglie pisane,"Roncioni, Raffaello",Biblioteca Italiana,http://www.bibliotecaitaliana.it/scheda/bibit001037,nineteenth_century_bridge,preserve_rendered_tei_text,d395099fa092c1236c7161c7f3d0ae00107c5e042a8a8a4f66e3f0cfcdf665f1,text_materialized,data/processed/bibit_resolved_v1/nineteenth_century_bridge/part-0001.txt,33847891,34131114,281834,283223,0a6853ab59ed593dad158d4f97e7845beda8f1896acecb6d208b753dfc313e26
bibit001038,Frammenti,"Parini, Giuseppe",Biblioteca Italiana,http://www.bibliotecaitaliana.it/scheda/bibit001038,nineteenth_century_bridge,preserve_rendered_tei_text,0c306c8622bbca2141de665013ac57d065d56b70e993b8e41c096e9979647673,text_materialized,data/processed/bibit_resolved_v1/nineteenth_century_bridge/part-0001.txt,34131115,34138038,6864,6923,2d598c577da9a74cb66a44cfb9b43364a7f6158e66a7ca830f4ecedcac00a981
bibit001039,Per S. A. il barone Ludovico d'Erthal,"Monti, Vincenzo",Biblioteca Italiana,http://www.bibliotecaitaliana.it/scheda/bibit001039,historical_non_sonnet_poetry,preserve_rendered_tei_text,6f63ee0d942a747d278e07fcfa589cd4cf1bb4eb01e7dd5510fac6304d24eaec,text_materialized,data/processed/bibit_resolved_v1/historical_non_sonnet_poetry/part-0001.txt,24837647,24844820,7121,7173,a6d53733e9dcf6199849cebc33eeb0ee5e3cf78d1af244608f998433766f074b
bibit001040,Cleopatra,"Giraldi Cinzio, Giambattista",Biblioteca Italiana,http://www.bibliotecaitaliana.it/scheda/bibit001040,historical_general,preserve_rendered_tei_text,9af600047ddfef53e0d0a839018e366f674079b2307f4f8ac14323f328634e2d,text_materialized,data/processed/bibit_resolved_v1/historical_general/part-0002.txt,29061763,29181716,118794,119953,3357c907bd2abe29293548744b3e7d67f053ff1b02d6873036e760a77a15c581
bibit001041,Capitoli letterari,"Bolognetti, Francesco",Biblioteca Italiana,http://www.bibliotecaitaliana.it/scheda/bibit001041,historical_non_sonnet_poetry,preserve_rendered_tei_text,235816f0385dfb42edd0b4ec9420515cc7ab85a980e4bca003e33fb093239ae6,text_materialized,data/processed/bibit_resolved_v1/historical_non_sonnet_poetry/part-0001.txt,24844821,24878351,33325,33530,93ac5e878f5b7322f69bf4faaa30d21d438cf96421ccadc7bdd3fe027f66e571
bibit001042,Legazione di Francia di Antonio Foscarini (1608-1611),"Foscarini, Antonio",Biblioteca Italiana,http://www.bibliotecaitaliana.it/scheda/bibit001042,historical_general,preserve_rendered_tei_text,86ebaa9e679616aab2b1e3dfb41477202d440f3a4f0c183d764410321e032439,text_materialized,data/processed/bibit_resolved_v1/historical_general/part-0002.txt,29181717,29193623,11807,11906,38772ab0d15442387bbc6423661c0f635c783d4852179b9d01cee02fe949c110
bibit001045,Relazione di Polo Renier (1769),Non definito,Biblioteca Italiana,http://www.bibliotecaitaliana.it/scheda/bibit001045,historical_general,preserve_rendered_tei_text,b9752226d6714f97782462d49133c47663f1f6a3e49f42447f670688d44ae112,text_materialized,data/processed/bibit_resolved_v1/historical_general/part-0002.txt,29193624,29228911,35029,35287,94a36434c30d48c58fa4c35384e5d97ea805e3b46aeb2b5ec630d7637234740a
bibit001046,Della costruzione e del regolamento di una pubblica universale biblioteca.,"Della Santa, Leopoldo",Biblioteca Italiana,http://www.bibliotecaitaliana.it/scheda/bibit001046,nineteenth_century_bridge,preserve_rendered_tei_text,74c1e28b3128dd97bb3b46110cf9d26b31ddf127c76be38455443401dbaa523c,text_materialized,data/processed/bibit_resolved_v1/nineteenth_century_bridge/part-0001.txt,34138039,34233930,95232,95891,82b67cd59bcc3caec7179710135d95ecac3d52692ef5166ef5e13e96034f87af
bibit001047,Il Balaamo,"Leopardi, Giacomo",Biblioteca Italiana,http://www.bibliotecaitaliana.it/scheda/bibit001047,nineteenth_century_bridge,preserve_rendered_tei_text,985c190019b590ed0572d79663fd9471624c5e32793c6b9f3488a26e0dbb2db7,text_materialized,data/processed/bibit_resolved_v1/nineteenth_century_bridge/part-0001.txt,34233931,34250075,16064,16144,e80270618c00ba9dafc32aca77cbaf9a4d68c5be497342c66711532ed7066bef
bibit001048,I Studenti,"Ariosto, Ludovico",Biblioteca Italiana,http://www.bibliotecaitaliana.it/scheda/bibit001048,historical_general,preserve_rendered_tei_text,0d5801bbd251e1b72b21332fac5e2cb77fe88f8223d59b83d4b17af6cf265c83,text_materialized,data/processed/bibit_resolved_v1/historical_general/part-0002.txt,29228912,29300741,71105,71829,624689618688710d7c648e616fe0031ae06870e7c356acac80a6e933216352d9
bibit001049,Fabula de Cefalo e Procris,Non definito,Biblioteca Italiana,http://www.bibliotecaitaliana.it/scheda/bibit001049,historical_general,preserve_rendered_tei_text,4077e8a92e10d7fbd3684a1bf1ae31a2fe4962e4d95885cb8f2ff9dfda09a393,text_materialized,data/processed/bibit_resolved_v1/historical_general/part-0002.txt,29300742,29305839,5053,5097,973ef112db065b30c045dda6f80ca00c8f7d40358d2ddb06d02c5f0a34968b02
bibit001052,La Lucilla costante,"Fiorillo, Silvio",Biblioteca Italiana,http://www.bibliotecaitaliana.it/scheda/bibit001052,historical_general,preserve_rendered_tei_text,713f9d87cc09b619510757e2937642e18f317c1d92f975de20bd6ac2af49865a,text_materialized,data/processed/bibit_resolved_v1/historical_general/part-0002.txt,29305840,29522184,214087,216344,518f98650e30030ae097ac034165edc0be02366f230509c1d54d2413a9b0fe8c
bibit001053,Consolatoria a Pino de' Rossi,"Boccaccio, Giovanni",Biblioteca Italiana,http://www.bibliotecaitaliana.it/scheda/bibit001053,historical_general,preserve_rendered_tei_text,446bc4ae68e50e3924cf4bf393f7b426f35017dfbc077d9c0e8e4af2e8e26852,text_materialized,data/processed/bibit_resolved_v1/historical_general/part-0002.txt,29522185,29572367,49693,50182,3ca2eafa70b0956e4218dd724f472f0c7394d4337ca7b5a8e332fb2b6d92c95e
bibit001054,Ottavia,"Alfieri, Vittorio",Biblioteca Italiana,http://www.bibliotecaitaliana.it/scheda/bibit001054,historical_general,preserve_rendered_tei_text,24d57464452339feb9d2088cddb12bdc0c2268efbb81ff3dc3183856adda709a,text_materialized,data/processed/bibit_resolved_v1/historical_general/part-0002.txt,29572368,29632346,59390,59978,88aa85e39c062de2f7e489087b2c761fd8a6ac28a07e05d9514a74c8e6946da7
bibit001055,Poesie,"Tedaldi, Piero di Maffeo",Biblioteca Italiana,http://www.bibliotecaitaliana.it/scheda/bibit001055,historical_non_sonnet_poetry,preserve_rendered_tei_text,5da7728cf4cc52fdde7a6df31d250f48ff9ea4552970da1e4ed3132a73699ecd,text_materialized,data/processed/bibit_resolved_v1/historical_non_sonnet_poetry/part-0001.txt,24878352,24878358,6,6,2ba1077631b49dd567fc121ab35a47053ddf36bcd16eb0241dc70ee94504d5ef
bibit001056,Rime,"Trissino, Gian Giorgio",Biblioteca Italiana,http://www.bibliotecaitaliana.it/scheda/bibit001056,historical_non_sonnet_poetry,preserve_rendered_tei_text,7b36d9bae1c6abdc48096887d24471420cf181004f695b945750eda6318b0807,text_materialized,data/processed/bibit_resolved_v1/historical_non_sonnet_poetry/part-0001.txt,24878359,24947833,68672,69474,224485607caae2a6f96baa3a06d97a8657176bda3c59107638816bb6efbd3268
bibit001058,Nella morte di una donna fatta trucidare col suo portato dal corruttore,"Leopardi, Giacomo",Biblioteca Italiana,http://www.bibliotecaitaliana.it/scheda/bibit001058,nineteenth_century_bridge,preserve_rendered_tei_text,181e7e6c65bf2fa09b4ecec7bbc1b76d9efb5dd7f31f96db5ad5d5f64cc72989,text_materialized,data/processed/bibit_resolved_v1/nineteenth_century_bridge/part-0001.txt,34250076,34252205,2112,2129,fe75808d0a99013c45cad55b766b30723d558909d4f6580f8f980133d66289b3
bibit001059,"Supplemento al progetto di varie opere: Il primo delitto, o la vergine guasta","Leopardi, Giacomo",Biblioteca Italiana,http://www.bibliotecaitaliana.it/scheda/bibit001059,nineteenth_century_bridge,preserve_rendered_tei_text,afce942e6f950890b15e3ff0c2d62e8e557dd5f4da4802547faa1628b9b830e8,text_materialized,data/processed/bibit_resolved_v1/nineteenth_century_bridge/part-0001.txt,34252206,34252713,504,507,4f07e40ec21b90b8b1663e3976c1204875fde6f382cbd7da1ee24cfff10d41df
bibit001060,Risposta ai Sonetti dei mesi,Cenne dalla Chitarra,Biblioteca Italiana,http://www.bibliotecaitaliana.it/scheda/bibit001060,historical_non_sonnet_poetry,preserve_rendered_tei_text,dc7231f3f4e1d03d88afbf5b5319d07232fbaf831c5f6e3e728c6c6c9e1998f5,text_materialized,data/processed/bibit_resolved_v1/historical_non_sonnet_poetry/part-0001.txt,24947834,24948103,267,269,e5aa2941f64a267d03dd32b24b1ab60363650345c277a85d8262ee1b51094a31
bibit001061,Rime,Burchiello (Domenico di Giovanni detto il),Biblioteca Italiana,http://www.bibliotecaitaliana.it/scheda/bibit001061,historical_non_sonnet_poetry,preserve_rendered_tei_text,76b9e9c87a2e2efecc984fdcb14866815e5bee962ea94bd395b7e04daaddf4c6,text_materialized,data/processed/bibit_resolved_v1/historical_non_sonnet_poetry/part-0001.txt,24948104,24959235,11089,11131,587de110d34f84d4c7441c1bfb6f85f66afd06109e59581db273148054d02a6c
bibit001062,La musogonia,"Monti, Vincenzo",Biblioteca Italiana,http://www.bibliotecaitaliana.it/scheda/bibit001062,historical_non_sonnet_poetry,preserve_rendered_tei_text,6966f4664f96cc55c9703597064671b922d770a6d66a8dfb4df43575d6ee3394,text_materialized,data/processed/bibit_resolved_v1/historical_non_sonnet_poetry/part-0001.txt,24959236,24982323,22931,23087,bbd067e6b29bd8a3e0fbdc5ec852ca5af75160e3c4700999a4dd7eebbba1dddc
bibit001063,"Rime degli Arcadi, tomo secondo",Non definito,Biblioteca Italiana,http://www.bibliotecaitaliana.it/scheda/bibit001063,historical_non_sonnet_poetry,preserve_rendered_tei_text,b5f8937b469d8a2dadcf626c96c498f0d2ff75bc3195a84cd556588776bb4d48,text_materialized,data/processed/bibit_resolved_v1/historical_non_sonnet_poetry/part-0001.txt,24982324,25198102,214221,215778,2c4486d88bd2e76c01713c4e7da2fcb63d6b52c1d20666271b5bab906ce79fb0
bibit001064,La Torta,"Leopardi, Giacomo",Biblioteca Italiana,http://www.bibliotecaitaliana.it/scheda/bibit001064,nineteenth_century_bridge,preserve_rendered_tei_text,f978feb19fd8dadf3b4f331009b55ac38b97060203dd9f298767baec5f468ec7,text_materialized,data/processed/bibit_resolved_v1/nineteenth_century_bridge/part-0001.txt,34252714,34258857,6119,6143,742c3e8797bd1d8ceb671419289ec52e602ed875972f4507de3cdc306e576f29
bibit001067,Del giudizio sovra la sua Gerusalemme da lui medesimo riformata,"Tasso, Torquato",Biblioteca Italiana,http://www.bibliotecaitaliana.it/scheda/bibit001067,historical_general,preserve_rendered_tei_text,c686cb625924051de5c5c0f7df46aeb560ae8c20d527c70f9072c48f1ebb48df,text_materialized,data/processed/bibit_resolved_v1/historical_general/part-0002.txt,29632347,29842353,208195,210006,27fee52ca55fb299daf7fd48c832d34c6459e42863b4f56e58049885c7a47d98
bibit001068,Poesie,Niccolò da Uzzano,Biblioteca Italiana,http://www.bibliotecaitaliana.it/scheda/bibit001068,historical_non_sonnet_poetry,preserve_rendered_tei_text,48abcf38e54eed141a8d677bf1ab29d65afd1bf650304b221a68c13d3f8ab459,text_materialized,data/processed/bibit_resolved_v1/historical_non_sonnet_poetry/part-0001.txt,25198103,25201534,3404,3431,a39b4e9c852b86b30d03ded539c0a43c5abd4b99d8ef847d822096e07ea7788b
bibit001069,Odi e sonetti,"Foscolo, Ugo",Biblioteca Italiana,http://www.bibliotecaitaliana.it/scheda/bibit001069,historical_non_sonnet_poetry,preserve_rendered_tei_text,b15f73becdb7997745afb99ef4b72f5f735b876884a5abd1b5efa66006fd8999,text_materialized,data/processed/bibit_resolved_v1/historical_non_sonnet_poetry/part-0001.txt,25201535,25207380,5806,5845,7a1af9c2322d088e5d1135ac2f172dbef5c0c2f154b19df2ea808d9464760096
bibit001070,"L'impresario delle Canarie, Intermezzi per la Didone","Metastasio, Pietro",Biblioteca Italiana,http://www.bibliotecaitaliana.it/scheda/bibit001070,historical_general,preserve_rendered_tei_text,5b1b90c753b774e969d5ced9efa8181b5b5b3c6ddce3b9fc06878da3f9f57809,text_materialized,data/processed/bibit_resolved_v1/historical_general/part-0002.txt,29842354,29855029,12488,12675,2a6140dadd9d12e8f4f5dce928e0b5224fe1c4a13d0c7444fe3dc72402e34ac6
bibit001071,Osservazioni sul poema del Bardo,"Foscolo, Ugo",Biblioteca Italiana,http://www.bibliotecaitaliana.it/scheda/bibit001071,nineteenth_century_bridge,preserve_rendered_tei_text,be8d4b0e4bd79fcaad6b7c73769ef49050786e8615dbdd2a88f2cb2bb900d0bb,text_materialized,data/processed/bibit_resolved_v1/nineteenth_century_bridge/part-0001.txt,34258858,34282108,23084,23250,8fbc7bbf3693764afb3e6f3ab26158157f13f6e8d32c614fcee29044312d6990
bibit001073,Il re pastore,"Metastasio, Pietro",Biblioteca Italiana,http://www.bibliotecaitaliana.it/scheda/bibit001073,historical_general,preserve_rendered_tei_text,b5984daeee5ac0ca574f500ad05f10797f2d043cc3ed650c8754960a7967c1e2,text_materialized,data/processed/bibit_resolved_v1/historical_general/part-0002.txt,29855030,29892109,36745,37079,7bc4f2dcab6224294d96845e6544a5b5237ad190fe58620f5af40682bbc69aba
bibit001075,Opera nova,"Aretino, Pietro",Biblioteca Italiana,http://www.bibliotecaitaliana.it/scheda/bibit001075,historical_non_sonnet_poetry,preserve_rendered_tei_text,b7809906f60924dd93b1059581418f9582bb5d928fe957e81c91ed286deb116a,text_materialized,data/processed/bibit_resolved_v1/historical_non_sonnet_poetry/part-0001.txt,25207381,25248916,41146,41535,49cc0c4006ec71c59d6c1de2362d3c2b824e6ff1333f94383ebca49476267fa5
bibit001076,Difesa del sergente Armani,"Foscolo, Ugo",Biblioteca Italiana,http://www.bibliotecaitaliana.it/scheda/bibit001076,nineteenth_century_bridge,preserve_rendered_tei_text,755f1c72269debe7d76fa971cf53a101a36d8abd220dd6598d91f5c2d2c1d9df,text_materialized,data/processed/bibit_resolved_v1/nineteenth_century_bridge/part-0001.txt,34282109,34305466,23144,23357,e4e30c3fae6a917e9c4cad1f7b03e87b86d660cd706c041c4d408cce89d5b222
bibit001077,Relazione di Costantinopoli (1793),"Foscarini, Nicolò",Biblioteca Italiana,http://www.bibliotecaitaliana.it/scheda/bibit001077,historical_general,preserve_rendered_tei_text,9b298d4ca74ab2d2bbf2ca065dcc72eb8bf01dce9499418f0fac97feb8b26d76,text_materialized,data/processed/bibit_resolved_v1/historical_general/part-0002.txt,29892110,29918128,25824,26018,ce6258dca1f43030ff18ec1cc4aa2cdd47752f09ffd1bc2a93c06d07cd643fd1
bibit001079,Relazione di Francia (1605-1608),"Priuli, Pietro",Biblioteca Italiana,http://www.bibliotecaitaliana.it/scheda/bibit001079,historical_general,preserve_rendered_tei_text,7a7b4d27ea5c5b6515e29d51ff8dff4d52ef3a9d830807a0f9d10734085d2ebd,text_materialized,data/processed/bibit_resolved_v1/historical_general/part-0002.txt,29918129,30130566,209455,212437,6f7a37e1b7956f74e046721a585fda09396b4048c4e9e69435db944c9c87d796
bibit001080,Crocifissione e morte di Cristo,"Leopardi, Giacomo",Biblioteca Italiana,http://www.bibliotecaitaliana.it/scheda/bibit001080,nineteenth_century_bridge,preserve_rendered_tei_text,15241c65b59be2bfc9c38cae014f7a69d8dbf789f69b80c7993e886bb675f891,text_materialized,data/processed/bibit_resolved_v1/nineteenth_century_bridge/part-0001.txt,34305467,34314990,9446,9523,8e434687afdf030a7c4aa9dc832ed95f1466313b5bf40e7e61e8cbc8e7a4aff1
bibit001081,Dialogo delle bellezze delle donne intitolato Celso,"Firenzuola, Agnolo",Biblioteca Italiana,http://www.bibliotecaitaliana.it/scheda/bibit001081,historical_general,preserve_rendered_tei_text,a5eeee2c3031ab695c742ddaccfb6da65ca47b9428e4b366ca96a9f4b9ce2583,text_materialized,data/processed/bibit_resolved_v1/historical_general/part-0002.txt,30130567,30252905,121202,122338,419de8f71bafdb149b3848db1033849b8a47824cbeb85f7e836533d5e04a5b10
bibit001082,Il bibliotecario diretto nel formare una pubblica biblioteca,"Paciaudi, Pietro",Biblioteca Italiana,http://www.bibliotecaitaliana.it/scheda/bibit001082,historical_general,preserve_rendered_tei_text,7220d13a74cfb78978dd77288c3d96d564e4e572e5ff3919aa7753a42ef4f3c8,text_materialized,data/processed/bibit_resolved_v1/historical_general/part-0002.txt,30252906,30376910,123032,124004,81a2d6839637da4b8aab9cf5d8b473b85603cc57cf4870c8ece2a26eae0ceb03
bibit001083,Principi di scienza nuova,"Vico, Giambattista",Biblioteca Italiana,http://www.bibliotecaitaliana.it/scheda/bibit001083,historical_general,strip_editorial_square_delimiters_and_labels,d7e238088ca98501cc84f9b744f3a92aa1c3f9907cd7adcb7f042ea033a52992,text_materialized,data/processed/bibit_resolved_v1/historical_general/part-0002.txt,30376911,31241008,851717,864097,eb46e98f937c33accda9c718b1901ad7faeeb32755e244a39ab0cd24739e630a
bibit001084,Epistolario (1814-1815),"Foscolo, Ugo",Biblioteca Italiana,http://www.bibliotecaitaliana.it/scheda/bibit001084,nineteenth_century_bridge,strip_editorial_square_delimiters_and_labels,6e5dc70eece29bcf736a4c4f752021356f3a54e7873bbb98a465835afc5d3f38,text_materialized,data/processed/bibit_resolved_v1/nineteenth_century_bridge/part-0001.txt,34314991,34976994,652046,662003,8be6f221c6fe49c485712204c35652cd212d932529993f5fda039e673af00b68
bibit001085,Poesie,"Cambini, Bernardo di Piero",Biblioteca Italiana,http://www.bibliotecaitaliana.it/scheda/bibit001085,historical_non_sonnet_poetry,preserve_rendered_tei_text,d9b2605f98feca70e0a56a47ffa178970dd9c36819a6e49a452a1c63edbfa517,text_materialized,data/processed/bibit_resolved_v1/historical_non_sonnet_poetry/part-0001.txt,25248917,25273017,23833,24100,fb489e2e80ce43299869f19fc0bb0effca9e56fae01861fd56ccd566db0167a0
bibit001086,Vaiasseide,"Cortese, Giulio Cesare",Biblioteca Italiana,http://www.bibliotecaitaliana.it/scheda/bibit001086,historical_non_sonnet_poetry,preserve_rendered_tei_text,1b51a4a54db7aad11a96850b1000725f103890f45db3351b6b58196cd8970d1d,text_materialized,data/processed/bibit_resolved_v1/historical_non_sonnet_poetry/part-0001.txt,25273018,25429311,154423,156293,c18c31108c752cc68a85eae0defc4d0b7170520a6d5ad415ffc790cf297d0a32
bibit001089,Del felice progresso di Borso d'Este,"Savonarola, Michele",Biblioteca Italiana,http://www.bibliotecaitaliana.it/scheda/bibit001089,historical_general,preserve_rendered_tei_text,8620a9e90700e779d33ee6b781da4f799088f557b22f09a140faed2e219279fc,text_materialized,data/processed/bibit_resolved_v1/historical_general/part-0002.txt,31241009,31440442,197182,199433,d0f7cce9840029ed7ce95f7b5a09b1d80dc98800b327aee36f3f6aec6aef3119
bibit001090,Epigrammi (1812),"Leopardi, Giacomo",Biblioteca Italiana,http://www.bibliotecaitaliana.it/scheda/bibit001090,nineteenth_century_bridge,preserve_rendered_tei_text,90ffe9b57623c08e3da9c1345596d36b6b87fbbe5a02e6328dd0fcde33798aa1,text_materialized,data/processed/bibit_resolved_v1/nineteenth_century_bridge/part-0001.txt,34976995,34991708,14596,14713,eb2014c824b691e61ce75bcc060d03ecbeb1faeae14eb05708fcca69ded37f8f
bibit001091,Noiosi pensieri,Non definito,Biblioteca Italiana,http://www.bibliotecaitaliana.it/scheda/bibit001091,historical_non_sonnet_poetry,preserve_rendered_tei_text,b051b49717024e5c807efdc00f246a35936d8e0c1da9c00eed11b4d845d54a02,text_materialized,data/processed/bibit_resolved_v1/historical_non_sonnet_poetry/part-0001.txt,25429312,25430643,1314,1331,9b7fa32926bf492ec3df43188e6edf4b93712a8be6cf4a2fc297500740321931
bibit001093,Moro per amore,"Orsini, Flavio",Biblioteca Italiana,http://www.bibliotecaitaliana.it/scheda/bibit001093,historical_non_sonnet_poetry,preserve_rendered_tei_text,e9cb0b875c685e73ae031575599fd965a45d010f765507d5013c6cd222756569,text_materialized,data/processed/bibit_resolved_v1/historical_non_sonnet_poetry/part-0001.txt,25430644,25470761,39712,40117,9baf0b474e0685de8f6897f8b362a85b54f86793899221cf242b8b5930b0f789
bibit001096,Poesie,"Roselli, Giovanni",Biblioteca Italiana,http://www.bibliotecaitaliana.it/scheda/bibit001096,historical_non_sonnet_poetry,preserve_rendered_tei_text,e9ad60870d9807914ced6d5b9d16cf7450ffa3c321b8e01ded7f23b9de05e104,text_materialized,data/processed/bibit_resolved_v1/historical_non_sonnet_poetry/part-0001.txt,25470762,25484743,13839,13981,a1708dea7e593d44f9f41a25d57067345cf4571879bc39d91e1decf9a882d3ec
bibit001097,La rappresentazione della natività di Nostro Signore Gesù Cristo (Stanze della festa di Ottaviano Imperatore),Non definito,Biblioteca Italiana,http://www.bibliotecaitaliana.it/scheda/bibit001097,historical_general,preserve_rendered_tei_text,db69d21107bddae990f5722a04f5507fd5f06eee52f9a12d6c4f86ba27feaa6d,text_materialized,data/processed/bibit_resolved_v1/historical_general/part-0002.txt,31440443,31458966,18335,18523,0c4b0955073e31a7e9e9ebe8abd14228a08207f27c44f8fd724159e64f228086
bibit001098,Dell'eccellenza della monarchia,"Botero, Giovanni",Biblioteca Italiana,http://www.bibliotecaitaliana.it/scheda/bibit001098,historical_general,preserve_rendered_tei_text,72882389237c3f004ba94b75e3c3f190256910c8d3be6b06b6334d45e369ff7c,text_materialized,data/processed/bibit_resolved_v1/historical_general/part-0002.txt,31458967,31475772,16602,16805,461c656aca8f3070e6b7dd18ecf7fe8c9746df7da7b00d2fb25ea7b6f71047bb
bibit001099,Quattro dispacci dalla Francia di M.V.,Non definito,Biblioteca Italiana,http://www.bibliotecaitaliana.it/scheda/bibit001099,historical_general,preserve_rendered_tei_text,d2182a1eed4674874267301b1418d68ddb8e1fe3c887c523e20f43edbb980cc3,text_materialized,data/processed/bibit_resolved_v1/historical_general/part-0002.txt,31475773,31521360,45266,45587,0fe5658e9abbbf0e2fab1cd2415174ed633f59183a4115f7adc4a4288f3c6f06
bibit001100,Della poesia lirica,"Foscolo, Ugo",Biblioteca Italiana,http://www.bibliotecaitaliana.it/scheda/bibit001100,nineteenth_century_bridge,preserve_rendered_tei_text,2869b9345abedff502c9921496152434eaebadcd9a5a407baa0d00ceb7276e70,text_materialized,data/processed/bibit_resolved_v1/nineteenth_century_bridge/part-0001.txt,34991709,35002820,11024,11111,e0ee62585dd95eaa58c1fd598bc7125334ea105e2c8a56acc272ec2c4bb0c904
bibit001101,Stanze aggiunte al Floridante,"Tasso, Torquato",Biblioteca Italiana,http://www.bibliotecaitaliana.it/scheda/bibit001101,historical_non_sonnet_poetry,preserve_rendered_tei_text,e225607c32d28af46e791532b4caa3d115e4148656b66d5efae24d67a786321a,text_materialized,data/processed/bibit_resolved_v1/historical_non_sonnet_poetry/part-0001.txt,25484744,25498055,13164,13311,9f010ff8b9ff27df899ab1c212e2acab4178d872b40044d618c47c5c7689ea77
bibit001102,Epistola inspirata da Dio a dover poi fare e sottoscrivere qui in Bologna,"Vigri, Caterina",Biblioteca Italiana,http://www.bibliotecaitaliana.it/scheda/bibit001102,historical_general,preserve_rendered_tei_text,134f0500b32810ee72657e932a5327055be4c712722ebf5f8f2fbb4df41a4fd2,text_materialized,data/processed/bibit_resolved_v1/historical_general/part-0002.txt,31521361,31522707,1337,1346,0a137af07b02b398f3bd5f170a75628202b31f2ee03d89efb0e0481d54641789
bibit001103,D'alcune cause che impedirono finora lo sviluppo della libertà in Italia,"Mazzini, Giuseppe",Biblioteca Italiana,http://www.bibliotecaitaliana.it/scheda/bibit001103,nineteenth_century_bridge,preserve_rendered_tei_text,55ffb7c5c13296f8f6426c85e8bc3397718fbf26f911efcefacdeae8efa0ed8e,text_materialized,data/processed/bibit_resolved_v1/nineteenth_century_bridge/part-0001.txt,35002821,35127395,122561,124574,1c769c8bcaaa71294538f3f53038e96e69475a596b0520dfee9f409d22160c4c
bibit001104,Galealto,"Tasso, Torquato",Biblioteca Italiana,http://www.bibliotecaitaliana.it/scheda/bibit001104,historical_general,preserve_rendered_tei_text,c05d7e448d15981cb0e15031b8c7f676ef37cf99eba7b3e68d1ce576681ec824,text_materialized,data/processed/bibit_resolved_v1/historical_general/part-0002.txt,31522708,31569363,46227,46655,5014c27269f9f02a6d11763397bd5279fa8203250532d12f14cf147c9ffdf7cc
bibit001105,Composizioni per il saggio (1810),"Leopardi, Giacomo",Biblioteca Italiana,http://www.bibliotecaitaliana.it/scheda/bibit001105,nineteenth_century_bridge,preserve_rendered_tei_text,d8e42ffaeada01ae66d119ae86c2147ada77d2a67e1ecb7113f0ef604de330a8,text_materialized,data/processed/bibit_resolved_v1/nineteenth_century_bridge/part-0001.txt,35127396,35148764,21277,21368,9f78baf860200d25a2d5621c09e956179b719b747baaac941d00c26be172bf83
bibit001106,Robe serrate in guardaroba,"Ariosto, Ludovico",Biblioteca Italiana,http://www.bibliotecaitaliana.it/scheda/bibit001106,historical_general,preserve_rendered_tei_text,8fbe7138899cadb031c6458bb56e4542fbec0dc30a69368808ac03d63ae1ef75,text_materialized,data/processed/bibit_resolved_v1/historical_general/part-0002.txt,31569364,31575231,5842,5867,c0c495f813fc9079a5e1704d60d2ec0b969a09708edb89e778a7e32c94991faf
bibit001107,Del modo di ordinare il governo popolare,"Guicciardini, Francesco",Biblioteca Italiana,http://www.bibliotecaitaliana.it/scheda/bibit001107,historical_general,preserve_rendered_tei_text,a7983547b2601f7415a052059a37429f7ae8798e01e013678569d85e25f552bb,text_materialized,data/processed/bibit_resolved_v1/historical_general/part-0002.txt,31575232,31664905,88616,89673,0fc05d96da8ade67d00cad5eb0aab9d109c71ec5204e6683cafc485eba033a05
bibit001108,Dissertazione sopra l'anima delle bestie,"Leopardi, Giacomo",Biblioteca Italiana,http://www.bibliotecaitaliana.it/scheda/bibit001108,nineteenth_century_bridge,preserve_rendered_tei_text,4dd9d3fd149ba9ab10f96c56955e273ac71198fb847503457481a8019fcf074f,text_materialized,data/processed/bibit_resolved_v1/nineteenth_century_bridge/part-0001.txt,35148765,35177179,28151,28414,13f01613fe1e131777a58123323fb2a844afe7eabb38a24839d392febbc8ee6c
bibit001110,Poesie,Cino da Pistoia,Biblioteca Italiana,http://www.bibliotecaitaliana.it/scheda/bibit001110,historical_non_sonnet_poetry,preserve_rendered_tei_text,db65a2ccea2aa8cd7c877abef356688cfa2e61140e1216d29ddadf1cf32193f2,text_materialized,data/processed/bibit_resolved_v1/historical_non_sonnet_poetry/part-0001.txt,25498056,25538437,39713,40381,ebc776fc36314507a014e918fced42dae491989cc8cab6ad1fd8c29667300101
bibit001111,Rime nuove,"Carducci, Giosue",Biblioteca Italiana,http://www.bibliotecaitaliana.it/scheda/bibit001111,historical_non_sonnet_poetry,preserve_rendered_tei_text,2d762e32c78b8da90ccb163e1c7b06a089c7c03a3595f90f885c87d58d1f973e,text_materialized,data/processed/bibit_resolved_v1/historical_non_sonnet_poetry/part-0001.txt,25538438,25617147,77859,78709,ffd567a23a161b92da0a8c7947c1491244f99a4468897c7e901d6f358c3e753d
bibit001112,Relazione di Germania,"Contarini, Gaspare",Biblioteca Italiana,http://www.bibliotecaitaliana.it/scheda/bibit001112,historical_general,preserve_rendered_tei_text,cea0389cf1bc6b4008a5ba9e9fe72c32fd8473010b3d423714873dd8b805cd09,text_materialized,data/processed/bibit_resolved_v1/historical_general/part-0002.txt,31664906,31768113,102194,103207,07af03777691771514f8a2f04c9b988b11aa6d59b075a03b0394007665f707a4
bibit001113,Rime,"Poliziano, Angelo",Biblioteca Italiana,http://www.bibliotecaitaliana.it/scheda/bibit001113,historical_non_sonnet_poetry,preserve_rendered_tei_text,caf18299d4ee1534bd6d75b02e3fca9f33cb39ca8f41991b65a07ddf75fcb3ac,text_materialized,data/processed/bibit_resolved_v1/historical_non_sonnet_poetry/part-0001.txt,25617148,25685507,67666,68359,37682e4e9e73a2f9cce88580dd7da7aa9ad6e1d43ef100e171a794f2f8ae31ca
bibit001115,Lezioni pavesi su la letteratura e la lingua,"Foscolo, Ugo",Biblioteca Italiana,http://www.bibliotecaitaliana.it/scheda/bibit001115,nineteenth_century_bridge,preserve_rendered_tei_text,10b830c745ac7ec9737ef433ccbe7530d79370cadec015000780e00d92d5c3f4,text_materialized,data/processed/bibit_resolved_v1/nineteenth_century_bridge/part-0001.txt,35177180,35240366,62575,63186,68ca0ea4948cc530f8c4ce172aefa61b8e786e7853530255686c8c4fabcf8882
bibit001116,La reina di Scozia,"Della Valle, Federico",Biblioteca Italiana,http://www.bibliotecaitaliana.it/scheda/bibit001116,historical_general,preserve_rendered_tei_text,84a499f79c2e5448980544cff67fdbc1a8d9cb47aa828d54f4e715342e67b4d2,text_materialized,data/processed/bibit_resolved_v1/historical_general/part-0002.txt,31768114,31849388,80371,81274,434467c0748b83e5e1b680ed5290f22847fbf47e94d9f0b566ff5add6b5fbf33
bibit001117,Marianna,"Dolce, Lodovico",Biblioteca Italiana,http://www.bibliotecaitaliana.it/scheda/bibit001117,historical_general,preserve_rendered_tei_text,7474ccc3203874ad0b2452dea7999ea31b76cc0f8cf33c09565981f4c74bb672,text_materialized,data/processed/bibit_resolved_v1/historical_general/part-0002.txt,31849389,31961961,111565,112572,4be025dbfc1b7a671b592e952f340bca9ec6176037b5d66d55b3518e56cb952f
bibit001118,Ricciarda,"Foscolo, Ugo",Biblioteca Italiana,http://www.bibliotecaitaliana.it/scheda/bibit001118,historical_general,preserve_rendered_tei_text,eb31f412fcc66cfb2d5ecf1a56b16679ccd463585710d0ba28d668f7ec72aab4,text_materialized,data/processed/bibit_resolved_v1/historical_general/part-0002.txt,31961962,32018166,55364,56204,f41549b3a64995c46bc8a50e51cd57904ecee769df842f60b1e57d76819dee9a
bibit001119,Alcuni documenti per la storia economica dei secoli XIII-XVI,Non definito,Biblioteca Italiana,http://www.bibliotecaitaliana.it/scheda/bibit001119,historical_general,preserve_rendered_tei_text,cd4c5d9f8f5e90aee340a3d219896fd7f9a663da462370f2e72b03c313919d57,text_materialized,data/processed/bibit_resolved_v1/historical_general/part-0002.txt,32018167,32036342,17956,18175,85c4b79e474346810674d50d8cb0ddd437308e352167e9c2661c7d132f6b47fe
bibit001120,Rime,"Bembo, Pietro",Biblioteca Italiana,http://www.bibliotecaitaliana.it/scheda/bibit001120,historical_non_sonnet_poetry,preserve_rendered_tei_text,4947ee95873df4d19bd8a369daead792815380ad53e47290c43efd19b23971c8,text_materialized,data/processed/bibit_resolved_v1/historical_non_sonnet_poetry/part-0001.txt,25685508,25729120,42663,43612,5a3baa66314622fb40fc225bb571748a4c7de50f91282023b5aa3fb299b57bb9
bibit001121,Della canzone di Legnano,"Carducci, Giosue",Biblioteca Italiana,http://www.bibliotecaitaliana.it/scheda/bibit001121,nineteenth_century_bridge,preserve_rendered_tei_text,f11c7dde84146cea928c08c98e7bcb342137e167572f2981ec94467c1977b90b,text_materialized,data/processed/bibit_resolved_v1/nineteenth_century_bridge/part-0001.txt,35240367,35245474,5022,5107,d674d5be72d7feabc95ed52f42aa46167cc89c3f3c0ca6a92f38a8d292ec7556
bibit001123,Novelle rusticane,"Verga, Giovanni",Biblioteca Italiana,http://www.bibliotecaitaliana.it/scheda/bibit001123,nineteenth_century_bridge,preserve_rendered_tei_text,11372659c69bdbae93ff620e070655b46acd87cb4428f888a487737955309f20,text_materialized,data/processed/bibit_resolved_v1/nineteenth_century_bridge/part-0001.txt,35245475,35469807,223124,224332,5a0cb6c1b8ca40965f3d99e2ae392af30d5f42ceccff52fe7be7ac1e7e279f75
bibit001124,Poemetti in ottava rima,"Pulci, Luigi",Biblioteca Italiana,http://www.bibliotecaitaliana.it/scheda/bibit001124,historical_non_sonnet_poetry,preserve_rendered_tei_text,c56b72c12b475b438cb92f0c5be78a5af403d70717e96fe68d095663b063e900,text_materialized,data/processed/bibit_resolved_v1/historical_non_sonnet_poetry/part-0001.txt,25729121,25786054,56239,56933,81c0c4f0bc625d6ad7b146ca4ef8fe02b795bc191cc8244dba5fc63d5035fda6
bibit001125,Prolusioni accademiche,"Landino, Cristoforo",Biblioteca Italiana,http://www.bibliotecaitaliana.it/scheda/bibit001125,historical_general,preserve_rendered_tei_text,b2a5a803d3619733c75138cb7465df68cc8f7a65d38133ee7121862cf359b6b2,text_materialized,data/processed/bibit_resolved_v1/historical_general/part-0002.txt,32036343,32117971,81180,81628,5852ea8102f53f7f4f9969c952e3b07754f15dd284f630190a6bde4d806b03a2
bibit001126,Mandragola,"Machiavelli, Niccolò",Biblioteca Italiana,http://www.bibliotecaitaliana.it/scheda/bibit001126,historical_general,preserve_rendered_tei_text,8ec4a934af275155744ab279683ed661946727867accf4ce7f172ab2862d37f6,text_materialized,data/processed/bibit_resolved_v1/historical_general/part-0002.txt,32117972,32191643,72973,73671,b80c81ce8dabde23309687944886656a7b7ba0f3a2e1920b808d8f5238799d54
bibit001127,Indice del mio Zibaldone di pensieri,"Leopardi, Giacomo",Biblioteca Italiana,http://www.bibliotecaitaliana.it/scheda/bibit001127,nineteenth_century_bridge,strip_editorial_square_delimiters_and_labels,b0ede4f97907637459004485a0000a3a210598084b2d1bc92782e2e4dab2ab39,text_materialized,data/processed/bibit_resolved_v1/nineteenth_century_bridge/part-0001.txt,35469808,35565525,94664,95717,6bc485171f6f8e5837e7667a48b95980a988cd535430724a6b323e8b01356407
bibit001129,"Il molino, o vero della amicizia scambievole fra' cittadini","Zuccolo, Ludovico",Biblioteca Italiana,http://www.bibliotecaitaliana.it/scheda/bibit001129,historical_general,preserve_rendered_tei_text,0f4e9b3e5025890021c28e65c6dff88a9254ee66ee519c7b0a18769f46db7586,text_materialized,data/processed/bibit_resolved_v1/historical_general/part-0002.txt,32191644,32212569,20695,20925,39f2125e5bc73739187be4a2e4d2e67c98a88d3d971c7626c53d060296feae17
bibit001130,Poesie,"Cellini, Benvenuto",Biblioteca Italiana,http://www.bibliotecaitaliana.it/scheda/bibit001130,historical_non_sonnet_poetry,preserve_rendered_tei_text,e8e4729a30e2cef9f56a5f8644f2bc15383825441213678d751e4144361d603a,text_materialized,data/processed/bibit_resolved_v1/historical_non_sonnet_poetry/part-0001.txt,25786055,25813101,26745,27046,04d2dbb1b3131be112fc65073ddc63a35721e09b2e62343b5b58b975740e9d00
bibit001132,Rime,"Valvasone, Erasmo da",Biblioteca Italiana,http://www.bibliotecaitaliana.it/scheda/bibit001132,historical_non_sonnet_poetry,preserve_rendered_tei_text,82bd30f562d99bd17ab5779ea309efee7b7b11af4b928f28bb495f1cf369608d,text_materialized,data/processed/bibit_resolved_v1/historical_non_sonnet_poetry/part-0001.txt,25813102,25843326,29996,30224,a04b27aa0b73589bdc99a6e84db1519b03efaae0237fa4562c5366e7d81981de
bibit001133,Navigatio sancti Brendani,Non definito,Biblioteca Italiana,http://www.bibliotecaitaliana.it/scheda/bibit001133,historical_general,preserve_rendered_tei_text,ab1193ee7d0ef43c5ea7f46639519909c9bd666ab8ca185a00b9a8782ac8fdb8,text_materialized,data/processed/bibit_resolved_v1/historical_general/part-0002.txt,32212570,32375428,159483,162858,19984b14af564162a52bae23b1682c63ba9bdd04467e3574db30bfa66142019b
bibit001135,Orlando Furioso 1532,"Ariosto, Ludovico",Biblioteca Italiana,http://www.bibliotecaitaliana.it/scheda/bibit001135,historical_non_sonnet_poetry,preserve_rendered_tei_text,d393f2c17f9cfd110bc46ae08b05f8873182f60f52b79ce92cc47e7fb2364078,text_materialized,data/processed/bibit_resolved_v1/historical_non_sonnet_poetry/part-0001.txt,25843327,27326142,1482786,1482815,1cf7d303d9d3b9dac2990e5f1465b56f508d7f1c7c361a5970afd87533adc3e5
bibit001136,Su la Scienza Nuova di Vico,"Cattaneo, Carlo",Biblioteca Italiana,http://www.bibliotecaitaliana.it/scheda/bibit001136,nineteenth_century_bridge,preserve_rendered_tei_text,cffd713371c859f466faa78a6b8bcfbfc804acae705e4ea5b1aa0c731e210938,text_materialized,data/processed/bibit_resolved_v1/nineteenth_century_bridge/part-0001.txt,35565526,35640582,74454,75056,93ea2a29508247abf4536da2bd859342e25f895ab9f9fac48643144c3cbf41a1
bibit001137,Poesie,"Benci, Lorenzo",Biblioteca Italiana,http://www.bibliotecaitaliana.it/scheda/bibit001137,historical_non_sonnet_poetry,preserve_rendered_tei_text,e0fea5e5c00a4e37723b3ca4b6a199405dc3bcf133627133be3ace75baf46868,text_materialized,data/processed/bibit_resolved_v1/historical_non_sonnet_poetry/part-0001.txt,27326143,27326998,844,855,67e463c1dbd1245a74ec95ebee823441257c5fd955224de05e2da22c5ec4b8ec
bibit001138,Lettere,Camilla Pisana,Biblioteca Italiana,http://www.bibliotecaitaliana.it/scheda/bibit001138,historical_general,preserve_rendered_tei_text,55ffc361f16996e9d8b7e3508a173f1f4565e839520302a4cca764cca2d17ea5,text_materialized,data/processed/bibit_resolved_v1/historical_general/part-0002.txt,32375429,32460751,84350,85322,6b096173b7e249e31c080e3d86b45ffe64f34599e6d52dc6928661d4f69e38be
bibit001140,Odi,"Parini, Giuseppe",Biblioteca Italiana,http://www.bibliotecaitaliana.it/scheda/bibit001140,historical_non_sonnet_poetry,preserve_rendered_tei_text,a1f6b8e62201bc7300985a9b3f06d8afd80e7e907cd80dbaeba2ef5282b37a95,text_materialized,data/processed/bibit_resolved_v1/historical_non_sonnet_poetry/part-0001.txt,27326999,27402447,74839,75448,b65fd0d913457d5331fec3446715a06fb051940a304504d090825f8034aaf722
bibit001142,De la Dignità,"Tasso, Torquato",Biblioteca Italiana,http://www.bibliotecaitaliana.it/scheda/bibit001142,historical_general,preserve_rendered_tei_text,169d1c26d882da7d93129cad390680651cfa3330d4e3c70bea80453399604076,text_materialized,data/processed/bibit_resolved_v1/historical_general/part-0002.txt,32460752,32552262,90287,91510,08d58e8c9533711aa6a5a2e3d1cc392381bae931a7f080c2b0a084c8169a8787
bibit001144,Le donne italiane,"Foscolo, Ugo",Biblioteca Italiana,http://www.bibliotecaitaliana.it/scheda/bibit001144,nineteenth_century_bridge,preserve_rendered_tei_text,faf27f6a71eb96a0a0e3801806b18438c26d036bcf7b77a49f152ad9761b4638,text_materialized,data/processed/bibit_resolved_v1/nineteenth_century_bridge/part-0001.txt,35640583,35747154,106034,106571,30c55c070e12c28bbcb503bdf2e6c9f73cabc803736c52af49be7e3525b079da
bibit001145,Per sua Em. Guido Calcagnini,"Monti, Vincenzo",Biblioteca Italiana,http://www.bibliotecaitaliana.it/scheda/bibit001145,historical_non_sonnet_poetry,preserve_rendered_tei_text,aa91b382633820b6110ed9ca968f77a0cdbae08794c635f19839fe6bb037f8a5,text_materialized,data/processed/bibit_resolved_v1/historical_non_sonnet_poetry/part-0001.txt,27402448,27416334,13741,13886,c603e2d69ebdb4ae4d473bf3c45ef21dc1261e7c2a9b5cf1bfde70541b8809c4
bibit001146,Rime,"Varchi, Benedetto",Biblioteca Italiana,http://www.bibliotecaitaliana.it/scheda/bibit001146,historical_non_sonnet_poetry,preserve_rendered_tei_text,12ed83f173cf51d82a3a58384ccfdf422aa60f0900e89cc4ea3b982221352033,text_materialized,data/processed/bibit_resolved_v1/historical_non_sonnet_poetry/part-0001.txt,27416335,27484889,68260,68554,86eb2e1d41a0b22f60646e40e9a0b90fa35189a0cbf61a859cf84cd891f6f25c
bibit001147,Rime,"Tebaldeo, Antonio",Biblioteca Italiana,http://www.bibliotecaitaliana.it/scheda/bibit001147,historical_non_sonnet_poetry,preserve_rendered_tei_text,354227992a4dcd11c4e9b9de7b4ce93c4916b2e5166b57b79a9e903050602ddf,text_materialized,data/processed/bibit_resolved_v1/historical_non_sonnet_poetry/part-0001.txt,27484890,27716092,228294,231202,8f9fb0882240a0c4d6ff8988a9186ee9041bde9d820234855d6967d1e1b9001b
bibit001148,Una lezione accademica sulla pena di morte,"Carmignani, Giovanni",Biblioteca Italiana,http://www.bibliotecaitaliana.it/scheda/bibit001148,nineteenth_century_bridge,preserve_rendered_tei_text,a47b357111a7cb94ec506bab7db1a16c3eeb565de2241005744d0a97e27622b6,text_materialized,data/processed/bibit_resolved_v1/nineteenth_century_bridge/part-0001.txt,35747155,35835709,87634,88554,efedccdd699588e69daa4d13fb47f18d4ce79ea57103bec37bd5916dafeb9220
bibit001149,Pensieri sparsi,"Manzoni, Alessandro",Biblioteca Italiana,http://www.bibliotecaitaliana.it/scheda/bibit001149,nineteenth_century_bridge,strip_editorial_square_delimiters_and_labels,15a671609c6b2a3b6da4939eed6845067113913226f01ebb5a38bae48d693071,text_materialized,data/processed/bibit_resolved_v1/nineteenth_century_bridge/part-0001.txt,35835710,35871156,34935,35446,cf3574905ed200065388396d81c73fce5a496cfed6972d4c2f94273876be092c
bibit001151,Esame su le accuse contro Vincenzo Monti,"Foscolo, Ugo",Biblioteca Italiana,http://www.bibliotecaitaliana.it/scheda/bibit001151,nineteenth_century_bridge,preserve_rendered_tei_text,1e45b25561aec728bd67e9b1e18621b9aa4f0972fae95729f3b2b85caf2eacc4,text_materialized,data/processed/bibit_resolved_v1/nineteenth_century_bridge/part-0001.txt,35871157,35894842,23459,23685,14f563c6a99a2aeb1030797310d96315670c2a94a862965d4e3695965497961d
bibit001155,Ecatonfilea,"Alberti, Leon Battista",Biblioteca Italiana,http://www.bibliotecaitaliana.it/scheda/bibit001155,historical_general,preserve_rendered_tei_text,29517819a18cb73c2b2d5ed68411487d20b426e4d9698af420ec2e4fb7397bf9,text_materialized,data/processed/bibit_resolved_v1/historical_general/part-0002.txt,32552263,32601586,48903,49323,9d31275218bc13b4713c90be59f22708d4d29d3b672106dd8c6904ba5e4a3702
bibit001156,Ave Maria,Non definito,Biblioteca Italiana,http://www.bibliotecaitaliana.it/scheda/bibit001156,historical_non_sonnet_poetry,preserve_rendered_tei_text,27a474a71f934d96a05c8fafe55fc8c0520214a68d645ec480a043522218b96b,text_materialized,data/processed/bibit_resolved_v1/historical_non_sonnet_poetry/part-0001.txt,27716093,27718880,2761,2787,e995b695e723a46ccaa1a924ab233a514795dea8fed2d09e94c96c1340fdbc8b
bibit001157,Sonetti,"Parini, Giuseppe",Biblioteca Italiana,http://www.bibliotecaitaliana.it/scheda/bibit001157,historical_non_sonnet_poetry,preserve_rendered_tei_text,60eb77f4b3a919d22e699383c43d4ab667873cffa783a8b130d8655ae04ef534,text_materialized,data/processed/bibit_resolved_v1/historical_non_sonnet_poetry/part-0001.txt,27718881,27720138,1255,1257,6f86cd42610c62365fac099e18e9e28233f500ce153d9837029ed8ec1c759c30
bibit001158,Della poetica,"Daniello, Bernardino",Biblioteca Italiana,http://www.bibliotecaitaliana.it/scheda/bibit001158,historical_general,preserve_rendered_tei_text,dbf30180a51669874b17884e2f4eb1b5532a4453b6e11ee686c40ee712a89f99,text_materialized,data/processed/bibit_resolved_v1/historical_general/part-0002.txt,32601587,32762113,158073,160526,0965364e774aa1416c1505c0aad3169f2d44c38c116014305bd7e70b6e655feb
bibit001159,Poesie,"Pigli, Giovanni di Iacopo",Biblioteca Italiana,http://www.bibliotecaitaliana.it/scheda/bibit001159,historical_non_sonnet_poetry,preserve_rendered_tei_text,9790e38589c3e4763df616ed3378e1bec1f7ffceeaebd9a200d4aec6583994eb,text_materialized,data/processed/bibit_resolved_v1/historical_non_sonnet_poetry/part-0001.txt,27720139,27722792,2623,2653,b57b95e1255ca18b2ab10c5d2dae6ef4221c838fc6d232d6a7e76301e390e6f5
bibit001160,Epistola latina,"Giraldi Cinzio, Giambattista",Biblioteca Italiana,http://www.bibliotecaitaliana.it/scheda/bibit001160,historical_general,preserve_rendered_tei_text,370e9ae73f75aad9fe577a9283d0729e55528b47a61f068031a1cb3e1c2fcce3,text_materialized,data/processed/bibit_resolved_v1/historical_general/part-0002.txt,32762114,32780096,17969,17982,08e87a919e9f0e56f5d4a1ce27b2edccce61b91eeb5fda9f77ce5e8a4438ea94
bibit001161,Per le vie,"Verga, Giovanni",Biblioteca Italiana,http://www.bibliotecaitaliana.it/scheda/bibit001161,nineteenth_century_bridge,preserve_rendered_tei_text,b5aea4ed931c902b2ca6f5afc474036f0f291f833e4886e37423a6a65f1ca689,text_materialized,data/processed/bibit_resolved_v1/nineteenth_century_bridge/part-0001.txt,35894843,36060067,164337,165224,5a8636f2bac54cba461f0c342db0e3f0dba0e249e85413cd9068bd02feba8d4e
bibit001162,Relazione di Francia di Antonio Capello (1790),Non definito,Biblioteca Italiana,http://www.bibliotecaitaliana.it/scheda/bibit001162,historical_general,preserve_rendered_tei_text,20159e90a557e8d44c56fe047a560130e70be7452cdd023583ed5175f812e8fd,text_materialized,data/processed/bibit_resolved_v1/historical_general/part-0002.txt,32780097,32797254,16990,17157,752679ba3a51951480298f2fb67b633e18d57622a1f3c45ce2be8a2bc126c2bd
bibit001163,Oreste,"Alfieri, Vittorio",Biblioteca Italiana,http://www.bibliotecaitaliana.it/scheda/bibit001163,historical_general,preserve_rendered_tei_text,37b8bbc4668ac9147e60a190e83ec95d097dc015882b63eb6a6c6da44bd85f1f,text_materialized,data/processed/bibit_resolved_v1/historical_general/part-0002.txt,32797255,32860507,62611,63252,d6fd34f77af21fee55fd9c618430b6c158151937f7b51e7e993bf5ca42491a52
bibit001164,"Dialogo morale nel quale si esamina, se siano di maggior pregio l'armi, o le lettere","Della Barba, Pompeo",Biblioteca Italiana,http://www.bibliotecaitaliana.it/scheda/bibit001164,historical_general,preserve_rendered_tei_text,68b5d920e29e8110b2e4fe49b728a60b0f909352ccd66b4a05e12cacef534fc5,text_materialized,data/processed/bibit_resolved_v1/historical_general/part-0002.txt,32860508,32894871,34047,34363,b19bbbf23a8517c2979030a8ed9285ac37e3ae7026895453f538ab3918b4c2d4
bibit001165,Relazione di Germania (1708),"Dolfin, Daniele",Biblioteca Italiana,http://www.bibliotecaitaliana.it/scheda/bibit001165,historical_general,preserve_rendered_tei_text,bd3b563d101e0de5b544fcfa28567ceea05527e96972638f89e26e3137bfbde5,text_materialized,data/processed/bibit_resolved_v1/historical_general/part-0002.txt,32894872,32991564,95792,96692,7cabbee5eddd051c4770a9061eb59e1fe5ff5f1f1b4015855b3dd486cba56867
bibit001166,Atti del bailaggio di Costantinopoli (1600-1603),"Nani, Agostino",Biblioteca Italiana,http://www.bibliotecaitaliana.it/scheda/bibit001166,historical_general,preserve_rendered_tei_text,c98c00ee38e6735d0aa6253df04bd7c679eab3138d1d91925d8ef3f985efed02,text_materialized,data/processed/bibit_resolved_v1/historical_general/part-0002.txt,32991565,33055359,63271,63794,27acecb3306a90b904f9014fb9006fbaf2b9f815583866189792dc5175347b06
bibit001167,Lettere,"Tasso, Torquato",Biblioteca Italiana,http://www.bibliotecaitaliana.it/scheda/bibit001167,historical_general,strip_editorial_square_delimiters_and_labels,4589885efa039b9a281d616a8089dd57a041b06f147048f3247f117473ee0303,text_materialized,data/processed/bibit_resolved_v1/historical_general/part-0002.txt,33055360,36172809,3030398,3117449,67c1a859428d449d8f33ba8f694595777bb4331351ca360729c0e1b1a0bac620
bibit001168,Memoriale,"Portoveneri, Giovanni",Biblioteca Italiana,http://www.bibliotecaitaliana.it/scheda/bibit001168,historical_general,preserve_rendered_tei_text,e90404408170e979a1d5eb0cb322b7d5d950cdc62d21a0939ad7a85f66c3c606,text_materialized,data/processed/bibit_resolved_v1/historical_general/part-0002.txt,36172810,36329262,155315,156452,3be28944f1061189facf087f0ae9e7658cd3990835533b2f40a4481aa7786d35
bibit001169,Il discorso della bellezza e della grazia,"Varchi, Benedetto",Biblioteca Italiana,http://www.bibliotecaitaliana.it/scheda/bibit001169,historical_general,preserve_rendered_tei_text,a4c8f2f686af583c49c80499e7a2e27d8e4496ce508f0be8e4defd52f047d75b,text_materialized,data/processed/bibit_resolved_v1/historical_general/part-0002.txt,36329263,36342322,12901,13059,2f946262d3fd7a446202fd76025859f161dbfae23e3df16fd5f388769b742206
bibit001170,Di alcuni modi di dire opposti alle regole ricevute,"Manzoni, Alessandro",Biblioteca Italiana,http://www.bibliotecaitaliana.it/scheda/bibit001170,nineteenth_century_bridge,preserve_rendered_tei_text,e35f7a8283e493e1728f98dba424676f41ec696f88e80c3635b48e1bc1f7dac0,text_materialized,data/processed/bibit_resolved_v1/nineteenth_century_bridge/part-0001.txt,36060068,36068770,8628,8702,c0d93cd203112b3bb865bb4ceffbaea7ffedac395d89328f4b847c129737c3ba
bibit001171,Rerum memorandarum libri,"Petrarca, Francesco",Biblioteca Italiana,http://www.bibliotecaitaliana.it/scheda/bibit001171,historical_general,preserve_rendered_tei_text,956537aae4bcb4c92f6959ce47530606047eb5cf0c3d7c1d3bdfd19dbb442c58,text_materialized,data/processed/bibit_resolved_v1/historical_general/part-0002.txt,36342323,36694649,349410,352326,925688733372e466829b43c8bfadb7c3f5f563547df239dc3875a0b21b54e6ab
bibit001172,Rime di F. Petrarca con l'interpretazione di G. Leopardi,"Leopardi, Giacomo",Biblioteca Italiana,http://www.bibliotecaitaliana.it/scheda/bibit001172,historical_non_sonnet_poetry,preserve_rendered_tei_text,4e483525cf8ccb0b3402dc60cdb7f9bb0f3f5ec19226d58e75e86b8640230201,text_materialized,data/processed/bibit_resolved_v1/historical_non_sonnet_poetry/part-0001.txt,27722793,27913790,189503,190997,c0a52b84fd01dd452b5d37f856dfd15b8dffa9efe50670a99e48eac042fc089f
bibit001173,Relazione di Francia di Pietro Contarini (1613 al 1616),"Contarini, Pietro",Biblioteca Italiana,http://www.bibliotecaitaliana.it/scheda/bibit001173,historical_general,preserve_rendered_tei_text,ed2deb5cc1a29dbfde9a8fb09feae70d771f019c5e042c6f8e0c6bd90dcb5c3c,text_materialized,data/processed/bibit_resolved_v1/historical_general/part-0002.txt,36694650,36751125,56006,56475,a0b4fcaa9605cc1d8706a2eca6156d50c0d95a9fd532ca8524c2dd84fe2db192
bibit001175,Le rimembranze,"Leopardi, Giacomo",Biblioteca Italiana,http://www.bibliotecaitaliana.it/scheda/bibit001175,nineteenth_century_bridge,preserve_rendered_tei_text,55719c10119ead331c93c8a78da2c101e02dd1478a21bb5df42e60ab574ac2e0,text_materialized,data/processed/bibit_resolved_v1/nineteenth_century_bridge/part-0001.txt,36068771,36074171,5364,5400,87b28cece184f8cbc6a18daea52f5259fb2448139833a000e7ea63d21f0818bf
bibit001176,Il Nifo overo del Piacere,"Tasso, Torquato",Biblioteca Italiana,http://www.bibliotecaitaliana.it/scheda/bibit001176,historical_general,preserve_rendered_tei_text,3c8761f086c2b7d0f8cf98b3dce42fbea7837b51c773880659c68a39239b92dc,text_materialized,data/processed/bibit_resolved_v1/historical_general/part-0002.txt,36751126,36870875,118524,119749,0995a4693feeb4ee6c7b95aeb0f80f81aa35109d188182fbf9d0c20e74d2d65c
bibit001177,Poesie,"Barducci, Ottavante",Biblioteca Italiana,http://www.bibliotecaitaliana.it/scheda/bibit001177,historical_non_sonnet_poetry,preserve_rendered_tei_text,aa51f582f4e87112c74fb51919826ea6899d0a9004ec1abbacf23793c04a0153,text_materialized,data/processed/bibit_resolved_v1/historical_non_sonnet_poetry/part-0001.txt,27913791,27914100,309,309,34807e6a1a8bf3171f6ca6321e7fe1cbfb9150e5a8cd20c7a8e562417e0f87ea
bibit001180,Dissertazione sopra l'urto dei corpi,"Leopardi, Giacomo",Biblioteca Italiana,http://www.bibliotecaitaliana.it/scheda/bibit001180,nineteenth_century_bridge,preserve_rendered_tei_text,5cee7f062cd14435e57b998b9691048e713c79ff70d75ff64aef3eb5f5ad39d8,text_materialized,data/processed/bibit_resolved_v1/nineteenth_century_bridge/part-0001.txt,36074172,36086417,12120,12245,10e7140438b57a5cbab2c36fdcaf53897eedb8853cbc7d8847e9c6044cf78e9a
bibit001181,Annales Pisani,"Maragone, Bernardo",Biblioteca Italiana,http://www.bibliotecaitaliana.it/scheda/bibit001181,historical_general,preserve_rendered_tei_text,8a3d2e9d0b27eb4f51123e49f2939a7c0393d75a6ab33e1e9045e35a531fe402,text_materialized,data/processed/bibit_resolved_v1/historical_general/part-0002.txt,36870876,37044687,173460,173811,ff1218c9f82cb5071bf080366c97ef471b0aa2f219bfbef19a3a37d0a89715a5
bibit001182,Rime,"Matraini Contarini, Chiara",Biblioteca Italiana,http://www.bibliotecaitaliana.it/scheda/bibit001182,historical_non_sonnet_poetry,preserve_rendered_tei_text,18a057d6229329cd214b2421a02c7b1995916efba33f6644135061c689c2c0c1,text_materialized,data/processed/bibit_resolved_v1/historical_non_sonnet_poetry/part-0001.txt,27914101,27975227,60508,61126,f1d0451b3f21e8142caca98b314bd749ed02cf1e4764643f2cc9581180d4797c
bibit001183,La visione d'Ezechiello,"Monti, Vincenzo",Biblioteca Italiana,http://www.bibliotecaitaliana.it/scheda/bibit001183,historical_non_sonnet_poetry,preserve_rendered_tei_text,ff7fafdbafe5f75852033d1b609b8f2d9241755c6bd04356dc6eb5a0149fa458,text_materialized,data/processed/bibit_resolved_v1/historical_non_sonnet_poetry/part-0001.txt,27975228,27983267,7950,8039,6e749e9afd21d7c2337ebecfbb5f4629ba90ae603920fa518f321800842c3bce
bibit001185,Arcadia,"Sannazaro, Iacopo",Biblioteca Italiana,http://www.bibliotecaitaliana.it/scheda/bibit001185,historical_non_sonnet_poetry,preserve_rendered_tei_text,aff7aa8cd7af186bdafb9df33cbcb31d10a9f4312cb77997b31fdfd27ceee08b,text_materialized,data/processed/bibit_resolved_v1/historical_non_sonnet_poetry/part-0001.txt,27983268,28205592,220320,222324,49f154c33429a03737f36756b5034c3d4ffe56a742d8997c201fd33a2f49ec41
bibit001186,Decennali,"Machiavelli, Niccolò",Biblioteca Italiana,http://www.bibliotecaitaliana.it/scheda/bibit001186,historical_non_sonnet_poetry,preserve_rendered_tei_text,519e1c8d51128ffada346b021860a7ba044de1c20bad1fba80f1bad8946cc73f,text_materialized,data/processed/bibit_resolved_v1/historical_non_sonnet_poetry/part-0001.txt,28205593,28233828,28042,28235,bcf5a038886d84cf607eea70b2a4c12a4c0cd67e9639472d8daadeee428787ac
bibit001187,Il romanzo arturiano,Rustichello da Pisa,Biblioteca Italiana,http://www.bibliotecaitaliana.it/scheda/bibit001187,historical_general,strip_editorial_square_delimiters_and_labels,3aa1056703112fa48c2689f8c4f12c1b05cfc1f936ae7f096b762df7449dd942,text_materialized,data/processed/bibit_resolved_v1/historical_general/part-0002.txt,37044688,37694459,640840,649771,afe48331604cb1b953bd3a4ab9fa84ba284664d2db68505bd088986812b8fa75
bibit001188,Guerra di Ferrara. (1482-1484),Non definito,Biblioteca Italiana,http://www.bibliotecaitaliana.it/scheda/bibit001188,historical_non_sonnet_poetry,preserve_rendered_tei_text,b379b93e487a8d2e2049611e8bcc51d86beab9b53a8592fe2b946ea1e5f4d74f,text_materialized,data/processed/bibit_resolved_v1/historical_non_sonnet_poetry/part-0001.txt,28233829,28256200,22229,22371,37df1dbee41ea1e132610cd902e73e31a82c8f8bf774b93780e38da2aaf7461d
bibit001189,Lettere,"Muzio, Girolamo",Biblioteca Italiana,http://www.bibliotecaitaliana.it/scheda/bibit001189,historical_general,preserve_rendered_tei_text,7eff8a896d786e890680b6aca95c1026dc5d1e477793f6a0cc0e0a3cd9a0d982,text_materialized,data/processed/bibit_resolved_v1/historical_general/part-0002.txt,37694460,38098684,399896,404224,4d5f52626e8b5ba81c059e945f67b6accd144cf83efe106b51e2854b77756090
bibit001190,Versi (ed. Bologna 1826),"Leopardi, Giacomo",Biblioteca Italiana,http://www.bibliotecaitaliana.it/scheda/bibit001190,nineteenth_century_bridge,preserve_rendered_tei_text,8557c16cdb0e057b7e5c872506df280d3681a9fea5a353f40a539924f2a79ae0,text_materialized,data/processed/bibit_resolved_v1/nineteenth_century_bridge/part-0001.txt,36086418,36111124,24529,24706,840031b2d2ac2732c325dd1f60a17857e61e65ea814ed80323897ecb42e82b90
bibit001192,Relazione di Francia (1683),"Foscarini, Sebastiano",Biblioteca Italiana,http://www.bibliotecaitaliana.it/scheda/bibit001192,historical_general,preserve_rendered_tei_text,a945f40df97f13fb49db59384eabfe939d6f36b4bd82a04c8865c6299c58970e,text_materialized,data/processed/bibit_resolved_v1/historical_general/part-0002.txt,38098685,38289095,189104,190410,951daf4723460bb4f5d2052ce9743d2aaa70fed46e50c1d5ca609df6d4061858
bibit001193,Poesie,Antonio da Bacchereto,Biblioteca Italiana,http://www.bibliotecaitaliana.it/scheda/bibit001193,historical_non_sonnet_poetry,preserve_rendered_tei_text,c9d2cca5db99098601476945d4b979de1483b9dcad6dd9e69738c93e8d0e618c,text_materialized,data/processed/bibit_resolved_v1/historical_non_sonnet_poetry/part-0001.txt,28256201,28256203,2,2,7fdca686b46a12886513de3f6166c815efcb501bbe0f6ecda4acd20c6d48fed7
bibit001194,Rime inedite del Cinquecento,Non definito,Biblioteca Italiana,http://www.bibliotecaitaliana.it/scheda/bibit001194,historical_non_sonnet_poetry,preserve_rendered_tei_text,2f25ab7a55a9f6b3f2055e2fd9a29104879fe4600cb3f30b2994b9840f04ab22,text_materialized,data/processed/bibit_resolved_v1/historical_non_sonnet_poetry/part-0001.txt,28256204,28435223,177506,179019,d39b20983838647d0565a9314a3fb089ec1bf23885d0c60b55e20db5a8e8f221
bibit001196,Discorso sopra il nome dell'isola Taprobana,"Botero, Giovanni",Biblioteca Italiana,http://www.bibliotecaitaliana.it/scheda/bibit001196,historical_general,preserve_rendered_tei_text,8ccc4721550023fd7375497dec0eb1f7bd3d759708358d5f05958a5d0b6bc56a,text_materialized,data/processed/bibit_resolved_v1/historical_general/part-0002.txt,38289096,38293770,4627,4674,8f120d41fc7cc36509ead6f8fcc13a8367442c35eb410592079c88aaf2c14881
bibit001197,Lettere scritte dall'Inghilterra,"Foscolo, Ugo",Biblioteca Italiana,http://www.bibliotecaitaliana.it/scheda/bibit001197,nineteenth_century_bridge,preserve_rendered_tei_text,849f27d0f72457934609320f65aa6c65943a6fb127090cbbacb1290506da8bd4,text_materialized,data/processed/bibit_resolved_v1/nineteenth_century_bridge/part-0001.txt,36111125,36216201,103653,105076,42b58232f214a11bd894beaf84570329e997f01785991e2729c1d325e2849646
bibit001198,Saggio di novelle,"Foscolo, Ugo",Biblioteca Italiana,http://www.bibliotecaitaliana.it/scheda/bibit001198,nineteenth_century_bridge,preserve_rendered_tei_text,ae06fa0dcba27dcf98979f5db34e997d5bc716fd82999b5b7626ac5eb007dbde,text_materialized,data/processed/bibit_resolved_v1/nineteenth_century_bridge/part-0001.txt,36216202,36222441,6200,6239,3b260816881442d1e94cb63137d80bc0bc7c4d554dd83ec47982fe8b2d2402e8
bibit001199,Rime contro Pietro Aretino,"Franco, Nicolò",Biblioteca Italiana,http://www.bibliotecaitaliana.it/scheda/bibit001199,historical_non_sonnet_poetry,preserve_rendered_tei_text,d5cc1cadbc894bf4c82a3e0348a14185ea1e99816172c0dfd514432bc762787d,text_materialized,data/processed/bibit_resolved_v1/historical_non_sonnet_poetry/part-0001.txt,28435224,28453224,17862,18000,f6ebfcc9dd863e6f86f289bd5ef08d683db9e6e12f0184e336f16217f4cc6e73
bibit001200,De amore,"Alberti, Leon Battista",Biblioteca Italiana,http://www.bibliotecaitaliana.it/scheda/bibit001200,historical_general,preserve_rendered_tei_text,6b18e53bbf042031daf9b59e9ac3e95bf15591aefa6913dd55b73583c708d562,text_materialized,data/processed/bibit_resolved_v1/historical_general/part-0002.txt,38293771,38329152,35038,35381,59fbf58d7791c115b92fa55b776277df4a92ed6e4b8e22c02a75a3572ecbd970
bibit001201,Dialogo de la bella creanza de le donne,"Piccolomini, Alessandro",Biblioteca Italiana,http://www.bibliotecaitaliana.it/scheda/bibit001201,historical_general,preserve_rendered_tei_text,9de21efea029c9c94cfaa657f85adb5669b046f0ab39b43d1787c534f22447f3,text_materialized,data/processed/bibit_resolved_v1/historical_general/part-0002.txt,38329153,38459607,129383,130454,e5c28a7ac2fecbcc053b4acf218316d0d65f0c2a7b3bdf685510ea18dc248389
bibit001202,L'olimpiade,"Metastasio, Pietro",Biblioteca Italiana,http://www.bibliotecaitaliana.it/scheda/bibit001202,historical_general,preserve_rendered_tei_text,2f6a6b93a6eecfa811e09338389b563d70cabb300e44f4018d6498071d66bc92,text_materialized,data/processed/bibit_resolved_v1/historical_general/part-0002.txt,38459608,38519645,59476,60037,e697f159c64e930916667215d71cb6847637ab437c64442d74656c86e653047c
bibit001203,Le ore di ricreazione,"Guicciardini, Ludovico",Biblioteca Italiana,http://www.bibliotecaitaliana.it/scheda/bibit001203,historical_general,preserve_rendered_tei_text,9cbab5966c2ce9684c8b0e867dbd7861eb6b49fdbd34d56032bd03a4ec61ffce,text_materialized,data/processed/bibit_resolved_v1/historical_general/part-0002.txt,38519646,39040039,514258,520393,f15717e01c32b554fa9e364b42a80541d024c5496d1670f2ec2a2201c68b5715
bibit001204,Del modo di ordinare una pubblica biblioteca,"Salvioni, Agostino",Biblioteca Italiana,http://www.bibliotecaitaliana.it/scheda/bibit001204,nineteenth_century_bridge,preserve_rendered_tei_text,55c43a77cc0001293a645e8bd2b8ec6286176b783551ac88a0bfad23970175de,text_materialized,data/processed/bibit_resolved_v1/nineteenth_century_bridge/part-0001.txt,36222442,36256074,33450,33632,ddcf8b345fd59e4154e3e7c15a4a2fbe10ea2d1c38c656f91a2bb732826ac2a2
bibit001205,De veritate prophetica,"Savonarola, Girolamo",Biblioteca Italiana,http://www.bibliotecaitaliana.it/scheda/bibit001205,historical_general,preserve_rendered_tei_text,a546b34cce070e58667e08c0833dfa49bb16b4410739c8bbc0ee976e7b50b516,text_materialized,data/processed/bibit_resolved_v1/historical_general/part-0002.txt,39040040,39216919,176879,176879,3dee6e367cb7dc1f95a87dfc9b7bae2faec82f2c553b6cad7d6722115759ea13
bibit001206,Epistolario (1822-1824),"Foscolo, Ugo",Biblioteca Italiana,http://www.bibliotecaitaliana.it/scheda/bibit001206,nineteenth_century_bridge,strip_editorial_square_delimiters_and_labels,14f92d65c4289f8b0c1b7530abfc16e8f242a35fbefe22875ed120fc97eed509,text_materialized,data/processed/bibit_resolved_v1/nineteenth_century_bridge/part-0001.txt,36256075,37153741,884231,897666,d755dfd576e9afa83145b66c6ffcee1978d1b4ff71211b9c804932df89e5e94d
bibit001211,Il Gonzaga secondo overo del Giuoco,"Tasso, Torquato",Biblioteca Italiana,http://www.bibliotecaitaliana.it/scheda/bibit001211,historical_general,preserve_rendered_tei_text,0c2cf817dfe0d2a600fbfbe2924782836f7e3e0dc112269d2b392d6fc4c0a8be,text_materialized,data/processed/bibit_resolved_v1/historical_general/part-0002.txt,39216920,39288289,70720,71369,5c71cd4951f6e8d7a59e8c48b60ea5a97029890c8fc25ac86d4de0bbe974625d
bibit001212,Discorso della tragedia,"Zinano, Gabriele",Biblioteca Italiana,http://www.bibliotecaitaliana.it/scheda/bibit001212,historical_general,preserve_rendered_tei_text,63e2ae7c29ca61899b6f72fe9dd0b8432df8edfa8dcfea783d22b9346b7630d8,text_materialized,data/processed/bibit_resolved_v1/historical_general/part-0002.txt,39288290,39324912,36162,36622,f8e2ba041a2d35b3fd0ce4a29edb8b3b95ea66a4c050a621d680443cda5d0b29
bibit001213,Discorso sopra la materia della satira,"Sansovino, Francesco",Biblioteca Italiana,http://www.bibliotecaitaliana.it/scheda/bibit001213,historical_general,preserve_rendered_tei_text,e0c12872724eb13c12cbe76cedf13f189520df2f1aeebeb82c0d725d5c8925b2,text_materialized,data/processed/bibit_resolved_v1/historical_general/part-0002.txt,39324913,39331372,6379,6459,54b7d602944bd4f0c1990b17417977c27ed0d7bfcfbd1b8f1909252e6891e9d4
bibit001216,Poemetti in ottava rima,"Medici, Lorenzo de'",Biblioteca Italiana,http://www.bibliotecaitaliana.it/scheda/bibit001216,historical_non_sonnet_poetry,preserve_rendered_tei_text,536cd275748dfe37ddf9aa0c2ed3b90eb502ffb679bfc8b89a14173529e95c57,text_materialized,data/processed/bibit_resolved_v1/historical_non_sonnet_poetry/part-0001.txt,28453225,28552059,97768,98834,4619181ded39c30ac439529f8b7dc41f359dd79d75175eaa44b7d0a716bb195e
bibit001217,Rime per Lucrezia Bendidio,"Tasso, Torquato",Biblioteca Italiana,http://www.bibliotecaitaliana.it/scheda/bibit001217,historical_non_sonnet_poetry,preserve_rendered_tei_text,b911dfa7fc131e09d45c902df4b4de5b4c171b22ff5a660a53acb8e112c66bfb,text_materialized,data/processed/bibit_resolved_v1/historical_non_sonnet_poetry/part-0001.txt,28552060,28574241,21917,22181,1d939d342cdc374e61ef8726271c9d7fe1c862d3a53e04ceb7c47ec7cf63e91b
bibit001218,Nedda,"Verga, Giovanni",Biblioteca Italiana,http://www.bibliotecaitaliana.it/scheda/bibit001218,nineteenth_century_bridge,preserve_rendered_tei_text,dec9be0dff26352b0da12c8e2fdf02b84107e2ab6a4bebb92d02cc626567412d,text_materialized,data/processed/bibit_resolved_v1/nineteenth_century_bridge/part-0001.txt,37153742,37199093,44980,45351,e197a9a3fd223382e518c9b19733dcfb498e243b9963c11eff9e049b58ea4560
bibit001220,Inscrizioni greche triopee,"Leopardi, Giacomo",Biblioteca Italiana,http://www.bibliotecaitaliana.it/scheda/bibit001220,nineteenth_century_bridge,preserve_rendered_tei_text,2a27c447cce40d4348cddf9b081fb13c470b0a85a142a617d30afbf8c5390137,text_materialized,data/processed/bibit_resolved_v1/nineteenth_century_bridge/part-0001.txt,37199094,37204761,5618,5667,1e1950b9c41d796d80c763b76a97235672aa0a14da720765103244880c23da5a
bibit001221,Cantate e altre poesie,"Metastasio, Pietro",Biblioteca Italiana,http://www.bibliotecaitaliana.it/scheda/bibit001221,historical_non_sonnet_poetry,preserve_rendered_tei_text,a1040404261f150aae8f3c148f71730b97078ad8f791560605662a2bc1925857,text_materialized,data/processed/bibit_resolved_v1/historical_non_sonnet_poetry/part-0001.txt,28574242,28817122,240443,242880,da594c8529fc3c6a7ffcab5df6141ab8e1c1cd03c11cdc7f8ba2130f7554fd62
bibit001222,Storia della colonna infame,"Manzoni, Alessandro",Biblioteca Italiana,http://www.bibliotecaitaliana.it/scheda/bibit001222,nineteenth_century_bridge,preserve_rendered_tei_text,051e1c6beb0fed2b5d4d7c2d6688869ac083d466d46f48244d259f836c088414,text_materialized,data/processed/bibit_resolved_v1/nineteenth_century_bridge/part-0001.txt,37204762,37419709,212873,214947,f26c2b28809234441ba0dac13b5de98e4df66c3bb0ab9d0cd6e9f21c5dbd0197
bibit001223,Strambotti a la villanesca,"Aretino, Pietro",Biblioteca Italiana,http://www.bibliotecaitaliana.it/scheda/bibit001223,historical_non_sonnet_poetry,preserve_rendered_tei_text,07579e5e3b0d39b4ab87dfdb0f3515c5aa03f24a610bb4ddbd05f3dbc5bbbdea,text_materialized,data/processed/bibit_resolved_v1/historical_non_sonnet_poetry/part-0001.txt,28817123,28865072,46706,47949,a29be29e37a820dec626cba32d1e47be3923ef63d881812fe1b1db54ecf5c744
bibit001225,Fede e bellezza,"Tommaseo, Niccolò",Biblioteca Italiana,http://www.bibliotecaitaliana.it/scheda/bibit001225,nineteenth_century_bridge,preserve_rendered_tei_text,4d9df5a09aaa47d77b1aabf9f08100c0799e3266631196317cf513405d0527e3,text_materialized,data/processed/bibit_resolved_v1/nineteenth_century_bridge/part-0001.txt,37419710,37701838,278804,282128,f0195b9520daa749d97cbc114335b520e378afed55c75a52d997afe4fa0bbf31
bibit001226,La vita di san Benedetto,"Tasso, Torquato",Biblioteca Italiana,http://www.bibliotecaitaliana.it/scheda/bibit001226,historical_non_sonnet_poetry,preserve_rendered_tei_text,b84094281b80ce0bed99696ec0aa269f76c89f07b800af07a0158bb7fe0d83ac,text_materialized,data/processed/bibit_resolved_v1/historical_non_sonnet_poetry/part-0001.txt,28865073,28867226,2142,2153,ce9cdeb09fbee6e2477df993b15bc45b2174fe51a532169c238468f51a47ea0b
bibit001228,Saggio su la Rivoluzione,"Pisacane, Carlo, 1818-1857",Biblioteca Italiana,http://www.bibliotecaitaliana.it/scheda/bibit001228,nineteenth_century_bridge,preserve_rendered_tei_text,8b5b1f0c7d14982db8fa05f540f80662f70695a6afb16cc865b8581bd25602e3,text_materialized,data/processed/bibit_resolved_v1/nineteenth_century_bridge/part-0001.txt,37701839,38041822,336411,339983,c5e7fb0be866e8d9a04fb8a42ee35652d448add0b28553a33ddcd1e23be8fdb5
bibit001229,Filippiche,"Tassoni, Alessandro",Biblioteca Italiana,http://www.bibliotecaitaliana.it/scheda/bibit001229,historical_general,preserve_rendered_tei_text,110dc9a6e7d4a532f8cd9a4d18112435f8422a33aa6d206097b5e8f777cb4c90,text_materialized,data/processed/bibit_resolved_v1/historical_general/part-0002.txt,39331373,39371381,39691,40008,95af8c85e15255f27f25d2ce814a175ea1e2ff4c88f13f29539f5908004405d4
bibit001230,Relazione di Spagna e Portogallo (1572),"Tiepolo, Antonio",Biblioteca Italiana,http://www.bibliotecaitaliana.it/scheda/bibit001230,historical_general,preserve_rendered_tei_text,a8c75ec499d0c38d81a25115272f8dcae10d44f7ec289b9d256733266ad3d603,text_materialized,data/processed/bibit_resolved_v1/historical_general/part-0002.txt,39371382,39436886,64787,65504,241f253eee860b88b6a43ae1f35b91ea0bd8e7e234911222fc37a61f68421815
bibit001231,Relazione di Costantinopoli (1675-1680),"Morosini, Giovanni",Biblioteca Italiana,http://www.bibliotecaitaliana.it/scheda/bibit001231,historical_general,preserve_rendered_tei_text,bbebbb3a6004d198509f48e697c4e5f6768433e88b036d5694cf87073c45afb0,text_materialized,data/processed/bibit_resolved_v1/historical_general/part-0002.txt,39436887,39547986,110191,111099,77ced7c68199221d5b36eca07cdd7c04da8591ae75d8e7a5ef60f0a035a19e9e
bibit001233,I Malavoglia,"Verga, Giovanni",Biblioteca Italiana,http://www.bibliotecaitaliana.it/scheda/bibit001233,nineteenth_century_bridge,preserve_rendered_tei_text,03cf36c5cf543316803968d5d226e1f1e2cde8eb6661f5bb2418fc148d649473,text_materialized,data/processed/bibit_resolved_v1/nineteenth_century_bridge/part-0001.txt,38041823,38554811,503637,512988,0c845f8b86fbb4b2a3ca4efbdf81e83b1e47df9b36dfd176bd92f3b5949fb381
bibit001234,Egle,"Giraldi Cinzio, Giambattista",Biblioteca Italiana,http://www.bibliotecaitaliana.it/scheda/bibit001234,historical_general,preserve_rendered_tei_text,c0c24278a721f9848f1e741ce7977f4675ecf116bfd41e77136f90f4ac668a65,text_materialized,data/processed/bibit_resolved_v1/historical_general/part-0002.txt,39547987,39635730,86916,87743,4644e6919b09ea0a960cb9c36d0ffbc88b04d514cf934c97db0f43852807ef87
bibit001236,Canzoni e Sonetti,"Venier, Maffio",Biblioteca Italiana,http://www.bibliotecaitaliana.it/scheda/bibit001236,historical_non_sonnet_poetry,preserve_rendered_tei_text,ee8970fa05bca96463e8da820744e441296f2b231eae2672bf14831ffd11f233,text_materialized,data/processed/bibit_resolved_v1/historical_non_sonnet_poetry/part-0001.txt,28867227,28923725,55559,56498,628f0269a29c10f03e6e122f07fef09722c2c6229ac36669f68bc0c33e327529
bibit001237,Della parte che possa competere agli scrittori nelle lingue,"Manzoni, Alessandro",Biblioteca Italiana,http://www.bibliotecaitaliana.it/scheda/bibit001237,nineteenth_century_bridge,preserve_rendered_tei_text,1e03de3f41ff28744b5993cd53dd00b71d7763315ab86fd0ba5332f6b1409b52,text_materialized,data/processed/bibit_resolved_v1/nineteenth_century_bridge/part-0001.txt,38554812,38558575,3735,3763,295d1fd0b11b52936a44bcbbfe93198ea7d0083e27d0da0e8c42cf6a22b36a47
bibit001238,Confessioni di un Italiano,"Nievo, Ippolito",Biblioteca Italiana,http://www.bibliotecaitaliana.it/scheda/bibit001238,nineteenth_century_bridge,preserve_rendered_tei_text,504d3f615e1f4fb287d0269c5b7c5cdf24dbee413eeb7c960c501c6c0bef2cc3,text_materialized,data/processed/bibit_resolved_v1/nineteenth_century_bridge/part-0001.txt,38558576,40587656,2007316,2029080,125e04aa3156fb654ec175d43cc708e232cfb8f981c954baee9c9e396d4effe3
bibit001239,Orphei tragoedia,Non definito,Biblioteca Italiana,http://www.bibliotecaitaliana.it/scheda/bibit001239,historical_general,preserve_rendered_tei_text,69c0260312dd45c76766cfb35278bd17d1b1224b154b53db7549a4a00b3f7f2e,text_materialized,data/processed/bibit_resolved_v1/historical_general/part-0002.txt,39635731,39652253,16332,16522,99f941b6e4d90cf02d8db10baa73ba357b5daee8f7debf84bfd1afc18da69900
bibit001240,Poesie,"Meglio, Antonio di",Biblioteca Italiana,http://www.bibliotecaitaliana.it/scheda/bibit001240,historical_non_sonnet_poetry,preserve_rendered_tei_text,6e1ccb41968cc6a0b7170111afb4454a761cf69bfe3632a2501331e18827b173,text_materialized,data/processed/bibit_resolved_v1/historical_non_sonnet_poetry/part-0001.txt,28923726,29033717,108559,109991,39b00f166dfe91f15403e9c1464709156dbb927bb030526dea8d57ab35b03dfc
bibit001242,Relazione di Francia,"Michiel, Francesco",Biblioteca Italiana,http://www.bibliotecaitaliana.it/scheda/bibit001242,historical_general,preserve_rendered_tei_text,5271a154570a8bdccec1fe05076d23630a9380f0ab389454f5bdac9b648b24c6,text_materialized,data/processed/bibit_resolved_v1/historical_general/part-0002.txt,39652254,39749194,96265,96940,9a694a23333b9a182e91b6db6c8c93279b523df0aed0efab925ce32360f33182
bibit001244,Comedia di Danae,"Taccone, Baldassare",Biblioteca Italiana,http://www.bibliotecaitaliana.it/scheda/bibit001244,historical_general,preserve_rendered_tei_text,38ca747e6b76a750df3b251b60378ef366ce3dde7ce08e291c630bfffb3c0ac9,text_materialized,data/processed/bibit_resolved_v1/historical_general/part-0002.txt,39749195,39782791,33196,33596,38664c22b4bbd462a51ad2735250c0201995b31c24903200d969b83fd4303dc6
bibit001245,Istruzione generale per gli affratellati nella Giovine Italia,"Mazzini, Giuseppe",Biblioteca Italiana,http://www.bibliotecaitaliana.it/scheda/bibit001245,nineteenth_century_bridge,preserve_rendered_tei_text,6469a9c36352516615d7c5e9679c5bf066f35c259463c2efd560c28093be04b3,text_materialized,data/processed/bibit_resolved_v1/nineteenth_century_bridge/part-0001.txt,40587657,40606002,18016,18345,4331044a45327af7e7a1aeb73aa49f24d6d2c84f7e4dd13d10abd5b3a539edda
bibit001246,Se Nerone lo vuole,Non definito,Biblioteca Italiana,http://www.bibliotecaitaliana.it/scheda/bibit001246,historical_non_sonnet_poetry,preserve_rendered_tei_text,cdaad82cbb4c5b24f65a1aa6e1f525213bd37531bba6e5be910a793c6e47f020,text_materialized,data/processed/bibit_resolved_v1/historical_non_sonnet_poetry/part-0001.txt,29033718,29035371,1617,1653,27a1a2010955fd67d62270027510b86bf46363e007fff0431a2bb5f62895c99a
bibit001247,Apologia in difesa della Gerusalemme liberata,"Tasso, Torquato",Biblioteca Italiana,http://www.bibliotecaitaliana.it/scheda/bibit001247,historical_general,preserve_rendered_tei_text,bbb218422e1de99ecfe246f8d2a96e8fe4ce76b00fe5c017d3ad4c9d095c8153,text_materialized,data/processed/bibit_resolved_v1/historical_general/part-0002.txt,39782792,39920425,136234,137633,c018e5340bb89553b5c24366b7516ed0e5c59013c2a5d739ec2d2382ac45c24c
bibit001248,Libro di buoni costumi,Paolo da Certaldo,Biblioteca Italiana,http://www.bibliotecaitaliana.it/scheda/bibit001248,historical_general,strip_editorial_square_delimiters_and_labels,4d3b32c07635eb10d6528cd6b01791db8afe5670c582fcd3bbb3d95076b90f6e,text_materialized,data/processed/bibit_resolved_v1/historical_general/part-0002.txt,39920426,40058113,135887,137687,db1609ed89e7ba776f1d2f1228e2c8801999957f506518d873e87be5509775ef
bibit001249,La vera nuova di Brescia,Non definito,Biblioteca Italiana,http://www.bibliotecaitaliana.it/scheda/bibit001249,historical_non_sonnet_poetry,preserve_rendered_tei_text,a22a70625c18c6ecddb87f1c8a41df017e77bc42fc82d5c54e7f35a84fbf9157,text_materialized,data/processed/bibit_resolved_v1/historical_non_sonnet_poetry/part-0001.txt,29035372,29041515,6100,6143,ec2cd75184d06f3e732f6d328267ebcb8038410557f91ab5959fa4b8abe16d35
bibit001250,Caronte e Menippo,"Leopardi, Giacomo",Biblioteca Italiana,http://www.bibliotecaitaliana.it/scheda/bibit001250,nineteenth_century_bridge,preserve_rendered_tei_text,9a6245bbd9832b2eea0e7866040118cdf41fc3a2eb7af9675c57c81f6e118e27,text_materialized,data/processed/bibit_resolved_v1/nineteenth_century_bridge/part-0001.txt,40606003,40606718,714,715,8a56d168b1a1ce8409b29f04f117e8ec6adcd32ff3c4c9599e261daeee2b910f
bibit001251,Ragguagli di Parnaso,"Boccalini, Traiano",Biblioteca Italiana,http://www.bibliotecaitaliana.it/scheda/bibit001251,historical_non_sonnet_poetry,preserve_rendered_tei_text,41f725fd9a4465f8bfaf67c7fa81c9b38a413adb6c971a5c3b2accda6640bbcc,text_materialized,data/processed/bibit_resolved_v1/historical_non_sonnet_poetry/part-0001.txt,29041516,30817739,1762520,1776223,d4ff1b75209b0bfeeb1b22419444038f798da353ad696873ce69e9bb86cd385c
bibit001252,Memoria intorno ai Druidi,"Foscolo, Ugo",Biblioteca Italiana,http://www.bibliotecaitaliana.it/scheda/bibit001252,nineteenth_century_bridge,preserve_rendered_tei_text,baf39b5e7db23d63458209fc5690e500281dbc2cfeebdf311dd397ba1d588835,text_materialized,data/processed/bibit_resolved_v1/nineteenth_century_bridge/part-0001.txt,40606719,40670994,63768,64275,0ed3f960cfd7e414b61e948133bad5b5b3cd1c01d7f5f0b061b5c16d84bd81de
bibit001253,"Prefazione ai ""Tre tiranni""","Vellutello, Alessandro",Biblioteca Italiana,http://www.bibliotecaitaliana.it/scheda/bibit001253,historical_general,preserve_rendered_tei_text,1ac1c357ccf91ea0d3d99320802fd2b0419720d7e84f596b45308be3a2f01b03,text_materialized,data/processed/bibit_resolved_v1/historical_general/part-0002.txt,40058114,40066840,8644,8726,86e568ffb9a30ad70c8536798ab8aec1abf9a8e51f453409d738efc648d6e883
bibit001254,Il Raverta,"Betussi, Giuseppe",Biblioteca Italiana,http://www.bibliotecaitaliana.it/scheda/bibit001254,historical_general,strip_editorial_square_delimiters_and_labels,aa70b7771f83212c65efd36b916a6ee0fa3e0f4e64444d24a2e278ae7da5797d,text_materialized,data/processed/bibit_resolved_v1/historical_general/part-0002.txt,40066841,40360785,289876,293944,92d5d39294e42797f64ae2eb26b083f85153d408f5cdc0f0ebf84e6b13c1690b
bibit001255,De iciarchia,"Alberti, Leon Battista",Biblioteca Italiana,http://www.bibliotecaitaliana.it/scheda/bibit001255,historical_general,preserve_rendered_tei_text,bbf6d7e340322481000d94219c78ae349016250d161d635745e306280482281d,text_materialized,data/processed/bibit_resolved_v1/historical_general/part-0002.txt,40360786,40583017,219761,222231,4b5a93a4924554bb75974c680c6bad73bd531ba4500cd9bca2e3eb3072476bbd
bibit001257,Testi del Vat.lat. 3196,"Petrarca, Francesco",Biblioteca Italiana,http://www.bibliotecaitaliana.it/scheda/bibit001257,historical_non_sonnet_poetry,strip_editorial_square_delimiters_and_labels,556b38b13c9c9136d9cc7237a8179c5a63a7475581ce3f93c159888fa5544f9d,text_materialized,data/processed/bibit_resolved_v1/historical_non_sonnet_poetry/part-0001.txt,30817740,30854914,36595,37174,cec6b689c96e2cd77e3afc82932f2823f7b4af7ba01e8c452a81587554236467
bibit001258,Tutte le poesie,"Praga, Emilio",Biblioteca Italiana,http://www.bibliotecaitaliana.it/scheda/bibit001258,historical_non_sonnet_poetry,preserve_rendered_tei_text,38ce3e0786588eada49d471672e66f999f279e8b923982746f819437c7a02651,text_materialized,data/processed/bibit_resolved_v1/historical_non_sonnet_poetry/part-0001.txt,30854915,31137987,279740,283072,cfe3f77922cc7851b2c164f6f273e0f2c19fc47c992635007096418344b46f9c
bibit001259,Novelle sparse,"Verga, Giovanni",Biblioteca Italiana,http://www.bibliotecaitaliana.it/scheda/bibit001259,nineteenth_century_bridge,preserve_rendered_tei_text,c4ccfd9e86f1aec696b00185dc22e6704a7803f21bf58755004bbe9caf0b6bf7,text_materialized,data/processed/bibit_resolved_v1/nineteenth_century_bridge/part-0001.txt,40670995,40832036,160052,161041,ab7d05bd5d5fc29ee011e3e17356eb51d325ae2f1a4ad3cbacd58dd91fcfa80d
bibit001262,Poesie,"Roselli, Rosello",Biblioteca Italiana,http://www.bibliotecaitaliana.it/scheda/bibit001262,historical_non_sonnet_poetry,preserve_rendered_tei_text,61a4751cedfa5f745bea12572d1f836a8b3710dc7fe16e830c0b7ddcfd48ddc6,text_materialized,data/processed/bibit_resolved_v1/historical_non_sonnet_poetry/part-0001.txt,31137988,31168623,30284,30635,ffde8e09444944c4355f72f920ee8940175c2df7b52fec909ee0e2f5143abc64
bibit001263,La città del sole,"Campanella, Tommaso",Biblioteca Italiana,http://www.bibliotecaitaliana.it/scheda/bibit001263,historical_general,preserve_rendered_tei_text,1f84c7b3337d0f0385293dbc194e075c4a981cf6e346c3ca8f7984026ed09095,text_materialized,data/processed/bibit_resolved_v1/historical_general/part-0002.txt,40583018,40660446,76712,77428,493dc8a88c812df9620710b01b1b46afd5a23bbad6cee9f7d51cb505d80fc807
bibit001264,Rime in forma di ballata,"Medici, Lorenzo de'",Biblioteca Italiana,http://www.bibliotecaitaliana.it/scheda/bibit001264,historical_non_sonnet_poetry,preserve_rendered_tei_text,3ff5dffebf380cfedac86878b8da33d2a3657284b6326dc74e6e896e02a5edc0,text_materialized,data/processed/bibit_resolved_v1/historical_non_sonnet_poetry/part-0001.txt,31168624,31232301,63030,63677,3bacfaaa5d8b920a14589f9b90cc32c4feb37088b65d3eea2297284bc6dd352e
bibit001265,Inno a Nettuno d'incerto autore,"Leopardi, Giacomo",Biblioteca Italiana,http://www.bibliotecaitaliana.it/scheda/bibit001265,nineteenth_century_bridge,preserve_rendered_tei_text,af6cb38c1bca12b194ab09369ce124d6682e41e2a5e5bcb83f8481e06dbc1ab6,text_materialized,data/processed/bibit_resolved_v1/nineteenth_century_bridge/part-0001.txt,40832037,40873185,37562,41148,1e3a12e833652d5ac1877421923acc52318dc1db5126966bbed5223ac1e11921
bibit001266,Maria Antonietta,"Leopardi, Giacomo",Biblioteca Italiana,http://www.bibliotecaitaliana.it/scheda/bibit001266,nineteenth_century_bridge,preserve_rendered_tei_text,2a573a8e529c0b1dfaaa814e157652be56321281ad93bfcd98a04045a0ab35b2,text_materialized,data/processed/bibit_resolved_v1/nineteenth_century_bridge/part-0001.txt,40873186,40877574,4331,4388,49bb43668057eea6d87b134a1ed61d42180d2003a6a1cc5503203cc5f35b4c88
bibit001267,Il Malpiglio secondo overo del fuggir la moltitudine,"Tasso, Torquato",Biblioteca Italiana,http://www.bibliotecaitaliana.it/scheda/bibit001267,historical_general,preserve_rendered_tei_text,950a31250b31a67c645851f0fcc5d85f717b669db72f04053507dc60a05cc495,text_materialized,data/processed/bibit_resolved_v1/historical_general/part-0002.txt,40660447,40722650,61684,62203,fe73fcbbc8625b2189738efbaf59c7dcd81036891690000957c617ea4d0d3674
bibit001268,Laudes creaturarum,Francesco d'Assisi,Biblioteca Italiana,http://www.bibliotecaitaliana.it/scheda/bibit001268,historical_non_sonnet_poetry,preserve_rendered_tei_text,1c88e7663ed855270a40e8de39d63033354507d12a19053f43a6ffe09edf1802,text_materialized,data/processed/bibit_resolved_v1/historical_non_sonnet_poetry/part-0001.txt,31232302,31233848,1535,1546,5e25607b5d69c8d826eb56a4ef97aeb00f4f5964c433ba88a43bb7c51e0757bb
bibit001269,Le sette armi spirituali,"Vigri, Caterina",Biblioteca Italiana,http://www.bibliotecaitaliana.it/scheda/bibit001269,historical_general,strip_editorial_square_delimiters_and_labels,0abe378bad4986792b09edbf9b85603621945c3552df101cda9e00b1f52c85d8,text_materialized,data/processed/bibit_resolved_v1/historical_general/part-0002.txt,40722651,40836393,112469,113742,446fc5c4d4974b0f86a1270173d94a46c58ac648d0104f266fd244673169622d
bibit001270,Demofoonte,"Metastasio, Pietro",Biblioteca Italiana,http://www.bibliotecaitaliana.it/scheda/bibit001270,historical_general,preserve_rendered_tei_text,25712718018e1f7cc9fde50d74e67137a6fff5f674a9d2c3160d0ecb21e0d835,text_materialized,data/processed/bibit_resolved_v1/historical_general/part-0002.txt,40836394,40897220,59877,60826,72231578cdae91763083063c90ea852e9434dfac5166b9a4396903468d481a6c
bibit001272,Il Principe,"Pigna (Giovan Battista Nicolucci, detto il)",Biblioteca Italiana,http://www.bibliotecaitaliana.it/scheda/bibit001272,historical_general,preserve_rendered_tei_text,cea9961ea98cec1f261c9407adba8a996066dbcd4f9ef694227471d0766d8d47,text_materialized,data/processed/bibit_resolved_v1/historical_general/part-0002.txt,40897221,41249918,350029,352697,03fbd4b383328c38c0abf69e08993345de5f06f20572da23494b6adb41b45a76
bibit001274,Relatione di Michele Soriano (1554),"Soriano, Michele",Biblioteca Italiana,http://www.bibliotecaitaliana.it/scheda/bibit001274,historical_general,preserve_rendered_tei_text,f7a99f87c6c2ad96886eb23b0c15852ba17a1e351030fb8c1c7ce9c859acc08e,text_materialized,data/processed/bibit_resolved_v1/historical_general/part-0002.txt,41249919,41381306,129978,131387,95f4ec2f39c6148370e404e3b46a50c0beb7b2cb24e5ff74a8f5aa9c2f76ccca
bibit001276,Lettere,"Ariosto, Ludovico",Biblioteca Italiana,http://www.bibliotecaitaliana.it/scheda/bibit001276,historical_general,strip_editorial_square_delimiters_and_labels,6ea99d1a59e780a3ee56b30d5493633ffe6a48e7a1c23d35305caa4566800f8e,text_materialized,data/processed/bibit_resolved_v1/historical_general/part-0002.txt,41381307,41840580,455630,459273,cfbe17c3ce4c351ca2dc1900bcc8a770b6e4830bd8f14c155d95d50588d44974
bibit001277,"Discorso sopra le lite delle armi, et delle lettere; et acui si dee il primo luogo di nobiltà attribuire.","Bocchi, Francesco",Biblioteca Italiana,http://www.bibliotecaitaliana.it/scheda/bibit001277,historical_general,preserve_rendered_tei_text,451ec073ee59ce3beb99c09ae32129900f377a152ba3d534896c6b24dbd70850,text_materialized,data/processed/bibit_resolved_v1/historical_general/part-0002.txt,41840581,41878333,37401,37752,baf5bc9c6c6e22a1197bb6d2e2339640f53a92e955e1f5423bfb8139682b6ce7
bibit001278,Postille alla Divina Commedia (ed. Celani),"Tasso, Torquato",Biblioteca Italiana,http://www.bibliotecaitaliana.it/scheda/bibit001278,historical_general,preserve_rendered_tei_text,a73567ca1df38f02e03d88c6edf4f64dff68dd4148e59a94f32d8ee35e507c91,text_materialized,data/processed/bibit_resolved_v1/historical_general/part-0002.txt,41878334,41905763,27230,27429,788f75bd2989d4d32c9a80b9d966099ff5d3b8d0e72df61da8149e72e02ae07f
bibit001279,Principio di un rifacimento del Saggio sopra gli errori popolari degli antichi,"Leopardi, Giacomo",Biblioteca Italiana,http://www.bibliotecaitaliana.it/scheda/bibit001279,nineteenth_century_bridge,preserve_rendered_tei_text,6e210d19f2aa8aa0131d87ed25fe2803eefe5323f8bb625fa77a885e3f0571a2,text_materialized,data/processed/bibit_resolved_v1/nineteenth_century_bridge/part-0001.txt,40877575,40898093,20254,20518,95d633790bddaa31040683ef33de1b91b3c1c8a6942fc1da4a70d84e7b72e488
bibit001280,La locandiera,"Goldoni, Carlo",Biblioteca Italiana,http://www.bibliotecaitaliana.it/scheda/bibit001280,historical_general,preserve_rendered_tei_text,505acd7d63a891ba4dcdeba0ad6870cba89c8c8b5dd45a9c1cdb93aa905f5926,text_materialized,data/processed/bibit_resolved_v1/historical_general/part-0002.txt,41905764,42032081,125229,126317,be97d3b6406b36826e7a6806a8b379c95dcdc1b2af51c0d02863e971a75f9033
bibit001282,Relazione di Francia,"Morosini, Giovanni",Biblioteca Italiana,http://www.bibliotecaitaliana.it/scheda/bibit001282,historical_general,preserve_rendered_tei_text,1655fcb57c384441d96800b75528ddd1899f574c2eb0d2f8409a0daeb34398a9,text_materialized,data/processed/bibit_resolved_v1/historical_general/part-0002.txt,42032082,42089493,56952,57411,d7202b5807c921201a7804ae6aa3bdeffb0dc66ff97848170f01c97506b86522
bibit001283,Testi pistoiesi della fine del Dugento e dei primi del Trecento,Non definito,Biblioteca Italiana,http://www.bibliotecaitaliana.it/scheda/bibit001283,historical_general,strip_editorial_square_delimiters_and_labels,86c4207707e24d9cedba9bcd80ccdd0413bc7ad2dcba4089f58e32084d87c2f4,text_materialized,data/processed/bibit_resolved_v1/historical_general/part-0002.txt,42089494,42385277,293038,295783,9f62057fe388205e0a80b1033a8eaadcc1803d41b9b103a33f19bcb876748140
bibit001285,Sull'Eusebio del Mai,"Leopardi, Giacomo",Biblioteca Italiana,http://www.bibliotecaitaliana.it/scheda/bibit001285,nineteenth_century_bridge,preserve_rendered_tei_text,fb136c9fc1d92366db49b12791aa1ec0b6ac95dc9ae03396f2ea5b603ebfc0e4,text_materialized,data/processed/bibit_resolved_v1/nineteenth_century_bridge/part-0001.txt,40898094,40911191,12983,13097,51cb83c044a7d2537d20addf7f30a7ecd07c4c5256d270fb121fc77275caf244
bibit001286,La Leonora,"Betussi, Giuseppe",Biblioteca Italiana,http://www.bibliotecaitaliana.it/scheda/bibit001286,historical_general,preserve_rendered_tei_text,9842963b3dfcb7c328fccceea65b45aa5783b733b0839bd259b5722e746a8d13,text_materialized,data/processed/bibit_resolved_v1/historical_general/part-0002.txt,42385278,42474771,88553,89493,8632da72ec7c61af55ee0c1993aacf7b439ad3afa0d39e9c968359202ea5c7e3
bibit001288,Intorno ad un elogio funebre di Pietro Teuilié,"Foscolo, Ugo",Biblioteca Italiana,http://www.bibliotecaitaliana.it/scheda/bibit001288,nineteenth_century_bridge,preserve_rendered_tei_text,68771f7605ff2e037fd61baf2e3277cf0d06a52d786282bb2abca746d0623fe0,text_materialized,data/processed/bibit_resolved_v1/nineteenth_century_bridge/part-0001.txt,40911192,40924086,12729,12894,22ceea5d3b59813afe885033530b67b34eadb4b0f13b2844cc23c3117cb266b3
bibit001291,La Cavaletta overo de la poesia Toscana,"Tasso, Torquato",Biblioteca Italiana,http://www.bibliotecaitaliana.it/scheda/bibit001291,historical_general,preserve_rendered_tei_text,998edbf5e629b490d354ffcf1bbee9f985fd1e41d855dc0c97f9711ca935f03a,text_materialized,data/processed/bibit_resolved_v1/historical_general/part-0002.txt,42474772,42559399,83790,84627,0f21d6990a1e36b297ba791a8fe7a5758c2288fdbbd4f9538fd3237a372302e9
bibit001293,Epistolario (1820-1827),"Foscolo, Ugo",Biblioteca Italiana,http://www.bibliotecaitaliana.it/scheda/bibit001293,nineteenth_century_bridge,preserve_rendered_tei_text,f8efdc1c0cb794448d679787dece733d425866f9bdb3cf4ae6dd1ad70e00dc09,text_materialized,data/processed/bibit_resolved_v1/nineteenth_century_bridge/part-0001.txt,40924087,41722801,789806,798714,7b63b66237c5d5cdf0b669bd89a8706c759614e2c20081a02d2125773df7deae
bibit001294,Il palazzo Turchi-Trotti-Di Bagno.Elenco degli ambienti e dei quadri presenti nel palazzo al 1796,"Fioretti, D.",Biblioteca Italiana,http://www.bibliotecaitaliana.it/scheda/bibit001294,historical_general,preserve_rendered_tei_text,822c218982f1d9c2d2d94b70124f0e0b57b120d8674a4ab7e6ad3934c331ade4,text_materialized,data/processed/bibit_resolved_v1/historical_general/part-0002.txt,42559400,42570478,11059,11078,1f1843bb03a8a8ee8e3e3090a36a82b291d44fedf6c9bdbe3b2ba483bf6867c4
bibit001295,Epistolario (1812-1813),"Foscolo, Ugo",Biblioteca Italiana,http://www.bibliotecaitaliana.it/scheda/bibit001295,nineteenth_century_bridge,strip_editorial_square_delimiters_and_labels,49ec2f8121974e83a1bac4a865d4d9bef8e7db934fe1298433794626f514294b,text_materialized,data/processed/bibit_resolved_v1/nineteenth_century_bridge/part-0001.txt,41722802,42457447,723636,734645,c24a9391abfea62a3db332f00aaa7cc4ea6f3bf6b1e78850cdac12da7bdf1165
bibit001296,Representazione di Febo e Feton,Non definito,Biblioteca Italiana,http://www.bibliotecaitaliana.it/scheda/bibit001296,historical_general,preserve_rendered_tei_text,5a7815965d60e922d872d52547ce9c316558da34853a146f47fe909177aeb417,text_materialized,data/processed/bibit_resolved_v1/historical_general/part-0002.txt,42570479,42591552,20887,21073,aa09eae924d9c820b2453cd219ab58ab8affd9f892d02daa3273d2c67aeecf8d
bibit001297,Il ventaglio,"Goldoni, Carlo",Biblioteca Italiana,http://www.bibliotecaitaliana.it/scheda/bibit001297,historical_general,preserve_rendered_tei_text,c42d98165121b8d5d2702c6e40a04065d16b1d74a51233b38d8d1c055fc4a959,text_materialized,data/processed/bibit_resolved_v1/historical_general/part-0002.txt,42591553,42712504,119942,120951,e3eac6d1836863b763eb459e594bfc5b10813b1611862fb51c79acb0459ffbef
bibit001300,Ottave,"Accolti, Bernardo",Biblioteca Italiana,http://www.bibliotecaitaliana.it/scheda/bibit001300,historical_non_sonnet_poetry,preserve_rendered_tei_text,b34e36c1bf49901bca6e4f9d6856464a0476170e1661937ce4310ff9167af5b3,text_materialized,data/processed/bibit_resolved_v1/historical_non_sonnet_poetry/part-0001.txt,31233849,31257111,22964,23262,ad7dca8bbd16a2176ebe6706c9937a7eef5e49db96b969c939077d2ba048b110
bibit001302,Relazione di Spagna (1567),"Tiepolo, Antonio",Biblioteca Italiana,http://www.bibliotecaitaliana.it/scheda/bibit001302,historical_general,preserve_rendered_tei_text,a2e796d899bce1d08f9dc03c103ec7a217b9f5f5ef7bdbc4c0d8b8096e8c8e76,text_materialized,data/processed/bibit_resolved_v1/historical_general/part-0002.txt,42712505,42787764,74443,75259,b780b430450b9b1789da97dd3cb8ec1d1c537f5f3e832037aa2845523d4b0aec
bibit001303,Relazione di Germania (1674),"Morosini, Giovanni",Biblioteca Italiana,http://www.bibliotecaitaliana.it/scheda/bibit001303,historical_general,preserve_rendered_tei_text,2968cf4d3f50bc7aa49e9fba21ac30ebaf82d39045c8f4e16d928578e75b0304,text_materialized,data/processed/bibit_resolved_v1/historical_general/part-0002.txt,42787765,42844698,56449,56933,2fe1566e32f5b11ce389df992c9a3f1f7b13ce75f117a6584d4e6c6114426e73
bibit001304,Rime,"Magno, Celio",Biblioteca Italiana,http://www.bibliotecaitaliana.it/scheda/bibit001304,historical_non_sonnet_poetry,preserve_rendered_tei_text,ad98fee7277899314683dd9da7713b5928e063152afb3399e009d129c1ebc4e5,text_materialized,data/processed/bibit_resolved_v1/historical_non_sonnet_poetry/part-0001.txt,31257112,31397746,139196,140634,334e0cd21889258f6ad64399d79fc9a5a0d30309a150f067f1774addb36a31c9
bibit001305,Il Bardo della Selva Nera,"Monti, Vincenzo",Biblioteca Italiana,http://www.bibliotecaitaliana.it/scheda/bibit001305,nineteenth_century_bridge,preserve_rendered_tei_text,6481c3b73dcad31a9d699a09e8a01cf68296292d3e8c0b35b8cd0eadd6dd2233,text_materialized,data/processed/bibit_resolved_v1/nineteenth_century_bridge/part-0001.txt,42457448,42552712,94542,95264,d6805ea93857e93e0ef2ddfb248c02c1551501a825acb16911b4a32feba104ca
bibit001309,Ercole. Favola di Prodico,"Leopardi, Giacomo",Biblioteca Italiana,http://www.bibliotecaitaliana.it/scheda/bibit001309,nineteenth_century_bridge,preserve_rendered_tei_text,ae6680b1a7beeb30b7f836362729982966e1ba8aaa176ec51757f0e7689ab18a,text_materialized,data/processed/bibit_resolved_v1/nineteenth_century_bridge/part-0001.txt,42552713,42561825,9027,9112,a0eeae45361b9e635197b9e09783a1af3807f86f56c825891624407d7322d151
bibit001311,Il Rangone overo de la pace,"Tasso, Torquato",Biblioteca Italiana,http://www.bibliotecaitaliana.it/scheda/bibit001311,historical_general,preserve_rendered_tei_text,67dc7b34e83f279b36a6eb49305979d95ddee1bf0edd36ea21b14c97becd510f,text_materialized,data/processed/bibit_resolved_v1/historical_general/part-0002.txt,42844699,42865972,21019,21273,8fbe915c0044a2adf10cdd60816a01a2f25abe705259ec9839dce2105ace3736
bibit001312,Relazione di Lorenzo Contarini (1548),"Contarini, Lorenzo",Biblioteca Italiana,http://www.bibliotecaitaliana.it/scheda/bibit001312,historical_general,preserve_rendered_tei_text,5b57eae3313b61043632fe72710ee64c1cc837676b928ac69d009b12d93b2b15,text_materialized,data/processed/bibit_resolved_v1/historical_general/part-0002.txt,42865973,43026723,159144,160750,f0c49dcf46b5ff8fddff7d1968c8ddc0d10f63e42d621050ab8da4b932dedd58
bibit001313,Rime,"Da Porto, Luigi",Biblioteca Italiana,http://www.bibliotecaitaliana.it/scheda/bibit001313,historical_non_sonnet_poetry,preserve_rendered_tei_text,b971f744ca81bf3433c73f3051142cb3bd37621ae344a7770259304d55c78391,text_materialized,data/processed/bibit_resolved_v1/historical_non_sonnet_poetry/part-0001.txt,31397747,31401596,3816,3849,5efb5c653c43424fa5d7db42ee390d90b4169deef40a8186f54fdc779fc7fa16
bibit001314,Relazione di Bernardo Navagero (1546),"Navagero, Bernardo",Biblioteca Italiana,http://www.bibliotecaitaliana.it/scheda/bibit001314,historical_general,preserve_rendered_tei_text,c87392a711be64c201adc3e0dd0be66dafe2100b442408a3a493e44235305353,text_materialized,data/processed/bibit_resolved_v1/historical_general/part-0002.txt,43026724,43145434,117546,118710,c5f201a5a2e1dead6569a8c0935fa4dcae3182ab77e9eb2bd878a28fa4ea389e
bibit001316,Alfea reverente,"Cascina, Pietro",Biblioteca Italiana,http://www.bibliotecaitaliana.it/scheda/bibit001316,historical_general,preserve_rendered_tei_text,b7ad6287a884b81e67f0d63777704b835d4b0fcea9f598c7e52a91704646df12,text_materialized,data/processed/bibit_resolved_v1/historical_general/part-0002.txt,43145435,43161471,15950,16036,93520f65da59f7dee12228dc64a40fef798d5689b2a513090c4f2f7c8115ddc3
bibit001317,Relazione di Francia di Alessandro Zeno (1737),Non definito,Biblioteca Italiana,http://www.bibliotecaitaliana.it/scheda/bibit001317,historical_general,preserve_rendered_tei_text,c6ac52848ff0118eafa60e8a73966094ba099eb92e3d74fd87267d588419174b,text_materialized,data/processed/bibit_resolved_v1/historical_general/part-0002.txt,43161472,43231021,69041,69549,74ff67264ba5d3fe058cfa6e13ee4c775b21328a4056b8560508df8782c0c5f7
bibit001318,Trionfi,"Petrarca, Francesco",Biblioteca Italiana,http://www.bibliotecaitaliana.it/scheda/bibit001318,historical_non_sonnet_poetry,preserve_rendered_tei_text,0b94c3a3e366a2b45121acceebb55d45675470cdb2fce54bb4ef6d8b733f835d,text_materialized,data/processed/bibit_resolved_v1/historical_non_sonnet_poetry/part-0001.txt,31401597,31489912,87254,88315,2f3c28b47442194cb4c27a303ce47e5678532ae38436943adb861a0d704f45e2
bibit001319,Le rime della scuola siciliana,Non definito,Biblioteca Italiana,http://www.bibliotecaitaliana.it/scheda/bibit001319,historical_non_sonnet_poetry,strip_editorial_square_delimiters_and_labels,4886de2a5606b4ae7874c2745eab6c1cc21451bb09e758b460a4d9b707b743d4,text_materialized,data/processed/bibit_resolved_v1/historical_non_sonnet_poetry/part-0001.txt,31489913,31792692,298997,302779,b8cbadc6381792e1149b64546fb27c1e1aec933a54f72a223f8c75bf856148c6
bibit001320,"Annali Pisani di Paolo Tronci. Rifusi, arricchiti di molti fatti e seguitati fino all'anno 1839 da Giuseppe Tabani. Seconda edizione accresciuta delle memorie storiche della città di Pisa dal1839 al 1871 scritte da Giovanni Sforza, Tomo II","Tronci, Paolo",Biblioteca Italiana,http://www.bibliotecaitaliana.it/scheda/bibit001320,historical_general,preserve_rendered_tei_text,b80a54cee83c78da95e00355757e98ae6401abc9caf276b695bb09ce5bc960a5,text_materialized,data/processed/bibit_resolved_v1/historical_general/part-0002.txt,43231022,43632509,399332,401487,8eb08ca9f240df01db9693d5f2b4d07acdc761a386f16bc2a9e2e42cd074bcaa
bibit001321,Rime,"Fregoso, Antonio Fileremo",Biblioteca Italiana,http://www.bibliotecaitaliana.it/scheda/bibit001321,historical_non_sonnet_poetry,preserve_rendered_tei_text,58327756a5c9fc8db50b819945a5781a9e7e51a5d87ffaa19f81ef92b1708766,text_materialized,data/processed/bibit_resolved_v1/historical_non_sonnet_poetry/part-0001.txt,31792693,31803722,10919,11029,0a3ef30178de78418169caa65ba373a1385a8456deb98b3666a578de5b84409c
bibit001322,S' apra al riso,Non definito,Biblioteca Italiana,http://www.bibliotecaitaliana.it/scheda/bibit001322,historical_non_sonnet_poetry,preserve_rendered_tei_text,8cc0e7397e36aef54f9b34ae5efc30d44f656dd59d12d46e954c191807698136,text_materialized,data/processed/bibit_resolved_v1/historical_non_sonnet_poetry/part-0001.txt,31803723,31806247,2505,2524,99ddc2a136067e48b6a667e5ed747dbf9b2964e41cc499f7015d65ebb1414df0
bibit001323,Navigazioni e viaggi,"Ramusio, Giovanni Battista",Biblioteca Italiana,http://www.bibliotecaitaliana.it/scheda/bibit001323,historical_general,strip_editorial_square_delimiters_and_labels,d6a466b316c212e86b687f9971be338232cdfc4f7740dde5edfe7a5832318311,text_materialized,data/processed/bibit_resolved_v1/historical_general/part-0003.txt,0,11710171,11620534,11710171,3bd2a9fbe47f1290bd9fdfb373f3691ff505929fdec9ef31b717958ff1267102
bibit001324,Rime,"Barignano, Pietro",Biblioteca Italiana,http://www.bibliotecaitaliana.it/scheda/bibit001324,historical_non_sonnet_poetry,preserve_rendered_tei_text,a9076e1427dd494d746f747fb553df85d5934f6b7abe9ea341af091a1e447921,text_materialized,data/processed/bibit_resolved_v1/historical_non_sonnet_poetry/part-0001.txt,31806248,31846354,39712,40106,bf6e81388ee7289c81a7e5a39c26e81c542f3367e7a44f5f3ed350fcafbe534c
bibit001325,Juvenilia,"Carducci, Giosue",Biblioteca Italiana,http://www.bibliotecaitaliana.it/scheda/bibit001325,nineteenth_century_bridge,preserve_rendered_tei_text,d2e7f03bda2b528702ea9e7d771c2ab91bb65b201bac85b4cc10a44f733d7169,text_materialized,data/processed/bibit_resolved_v1/nineteenth_century_bridge/part-0001.txt,42561826,42662660,100134,100834,63df4d344962af5de19d17ea4d08810664b7176d1c8ea6734beea46dcca0f61f
bibit001326,Relazione di Spagna (1576),"Priuli, Lorenzo",Biblioteca Italiana,http://www.bibliotecaitaliana.it/scheda/bibit001326,historical_general,preserve_rendered_tei_text,d370b12227a61965afd4f6a554d63a284aa11f7a18713fe08dcb500ff41412e7,text_materialized,data/processed/bibit_resolved_v1/historical_general/part-0003.txt,11710172,11795007,83919,84835,f1937365adfd6e9d0a5e897bfcdca77723a2825569ce148b845e033765bbb8dc
bibit001328,Lettera a Monsieur Guillon,"Foscolo, Ugo",Biblioteca Italiana,http://www.bibliotecaitaliana.it/scheda/bibit001328,nineteenth_century_bridge,preserve_rendered_tei_text,0e290eed8a15d9b3cc0391825fe4f67c8d22dcb9529853778b9d7663abae8c57,text_materialized,data/processed/bibit_resolved_v1/nineteenth_century_bridge/part-0001.txt,42662661,42685894,22983,23233,b5e46ac6ce660fce5adbc99699a324129d2024c5a531e6aab70e2269701fb45a
bibit001329,Il beneficio,"Monti, Vincenzo",Biblioteca Italiana,http://www.bibliotecaitaliana.it/scheda/bibit001329,nineteenth_century_bridge,preserve_rendered_tei_text,39d4527ce9dec9483b5f9a576e236cc5532c8f0481d05b4f9877b4052ba56705,text_materialized,data/processed/bibit_resolved_v1/nineteenth_century_bridge/part-0001.txt,42685895,42696714,10688,10819,f3ae8393e95dc8e820e207fbc40b1964f7caae4855c06071c41169158dad6ab4
bibit001330,Epistolario (1804-1808),"Foscolo, Ugo",Biblioteca Italiana,http://www.bibliotecaitaliana.it/scheda/bibit001330,nineteenth_century_bridge,strip_editorial_square_delimiters_and_labels,58ad404ba209f94f0d50f3319bb2c53cd987b6a59263f26a8f7b8715f29e8c1c,text_materialized,data/processed/bibit_resolved_v1/nineteenth_century_bridge/part-0001.txt,42696715,43491362,782488,794647,884f76298fecaed934c86b0b81feb9c56f80794078add75a58f846b7066c8d79
bibit001331,Le osservationi grammaticali e poetiche della lingua italiana,"San Martino, Matteo",Biblioteca Italiana,http://www.bibliotecaitaliana.it/scheda/bibit001331,historical_general,preserve_rendered_tei_text,c5425f386b17eb465e91031f06531a512d0113848d68879eda8141c756afb3aa,text_materialized,data/processed/bibit_resolved_v1/historical_general/part-0003.txt,11795008,12137164,338025,342156,05a193e6a7034a86fdbb883bed52e949bdb017948825dd6f40d73f4fb33c9c04
bibit001333,Traduzioni poetiche varie,"Leopardi, Giacomo",Biblioteca Italiana,http://www.bibliotecaitaliana.it/scheda/bibit001333,nineteenth_century_bridge,preserve_rendered_tei_text,75dbdb8879abfc8b634ed5c121179791636e9696e97b3e0e092886cc8daf6916,text_materialized,data/processed/bibit_resolved_v1/nineteenth_century_bridge/part-0001.txt,43491363,43502266,10834,10903,f0781beda27e4acc7b1112fc8451c522b57fcba89963f45e06eb4cbdffa6efe0
bibit001335,"Prologo all'Altile""","Giraldi Cinzio, Giambattista",Biblioteca Italiana,http://www.bibliotecaitaliana.it/scheda/bibit001335,historical_general,preserve_rendered_tei_text,431797d532b702d5b28b63aaa9b3513b40b14bb5ab16f32baad7cd7473f32efa,text_materialized,data/processed/bibit_resolved_v1/historical_general/part-0003.txt,12137165,12140843,3645,3678,38d7c980e29eecaf409951b95ba2b8a92808b938afba8ac8639b73d43b4e50b4
bibit001336,L'aromatario,"Zuccolo, Ludovico",Biblioteca Italiana,http://www.bibliotecaitaliana.it/scheda/bibit001336,historical_general,preserve_rendered_tei_text,981e1457fafc8a7cd845f71edab3608339c18839a1c8cb36457f94a0916c3422,text_materialized,data/processed/bibit_resolved_v1/historical_general/part-0003.txt,12140844,12179152,37886,38308,8c6ad51441d5369f8027192c9373b4d2c831b90e635dc7f7659857b028cc7da3
bibit001337,I prencipi e i capitani illustri,"Botero, Giovanni",Biblioteca Italiana,http://www.bibliotecaitaliana.it/scheda/bibit001337,historical_general,preserve_rendered_tei_text,8c6c0320533389d6c61ad2c02cbc46f04a0c0f84c3374f8467aef337be67d847,text_materialized,data/processed/bibit_resolved_v1/historical_general/part-0003.txt,12179153,12203840,24480,24687,1cf376fd84bfe58095e99fb29fdee170e63a4c9d5815d557b3ff764e8b8ba050
bibit001338,Rime cristiane,"Contile, Luca",Biblioteca Italiana,http://www.bibliotecaitaliana.it/scheda/bibit001338,historical_non_sonnet_poetry,preserve_rendered_tei_text,8f43bfe41f7fa3cf53ccebd2fab4f84dcb42427e2a33359fcf0f4a465515ce50,text_materialized,data/processed/bibit_resolved_v1/historical_non_sonnet_poetry/part-0001.txt,31846355,31859904,13474,13549,b6ac69a5d5d9cfb1f94427a4cd379e8ba95f481065471b9b21a7c443a567b2a2
bibit001339,Canzoni del Decameron,"Boccaccio, Giovanni",Biblioteca Italiana,http://www.bibliotecaitaliana.it/scheda/bibit001339,historical_non_sonnet_poetry,preserve_rendered_tei_text,af6f7bd11ec63097b40b482bcad99c81274d10fe8f3deb25adf36701b3697180,text_materialized,data/processed/bibit_resolved_v1/historical_non_sonnet_poetry/part-0001.txt,31859905,31871741,11723,11836,b67247acf9b1c23bd62df7442af9dbcaef1639354ea851ad60b8671c6e3350bb
bibit001341,La Carta Pisana di Filadelfia,Non definito,Biblioteca Italiana,http://www.bibliotecaitaliana.it/scheda/bibit001341,historical_general,preserve_rendered_tei_text,16a058a9c10ecdf7e278ea187e07215475ca37c7d303ab5203c201dcfa6225b8,text_materialized,data/processed/bibit_resolved_v1/historical_general/part-0003.txt,12203841,12205709,1865,1868,7d8932625578acb3814fed78a796ebd4ae7bbf1b1d6e96a889a5dcc135d375cf
bibit001342,Rime,"Beccari, Antonio (detto Antonio da Ferrara)",Biblioteca Italiana,http://www.bibliotecaitaliana.it/scheda/bibit001342,historical_non_sonnet_poetry,strip_editorial_square_delimiters_and_labels,5a36c51ee58ea5acdbea1d6ee500cde933255810fe251b3ac46924924439cfb5,text_materialized,data/processed/bibit_resolved_v1/historical_non_sonnet_poetry/part-0001.txt,31871742,31992732,119219,120990,512f4f16653f58031405489353ab60a9dc8937ddd07ff16504e8f60844fd19e7
bibit001343,Intrichi d'Amore,"Tasso, Torquato",Biblioteca Italiana,http://www.bibliotecaitaliana.it/scheda/bibit001343,historical_general,preserve_rendered_tei_text,ccb5435b0a0a61183054b97de79c5f06228dbd6b014704676a68402cc0b85a52,text_materialized,data/processed/bibit_resolved_v1/historical_general/part-0003.txt,12205710,12490611,281977,284901,4002ca03bf0c61f1566ed32f08df6a422f5b3894e03ebc6e852635ad446d0f71
bibit001345,I ricordi del capitano d'Arce,"Verga, Giovanni",Biblioteca Italiana,http://www.bibliotecaitaliana.it/scheda/bibit001345,nineteenth_century_bridge,preserve_rendered_tei_text,a1d5b0c154611b5134d18d61bbffe407c94f325f519246cf0f0b0d5f4efe76ef,text_materialized,data/processed/bibit_resolved_v1/nineteenth_century_bridge/part-0001.txt,43502267,43678777,175416,176510,a04a7195f130619f7acdc932e6702e2823af62e72e4c8f1c4fa1fcd90883c276
bibit001346,Esule dalle sfere,"Figari, Pompeo",Biblioteca Italiana,http://www.bibliotecaitaliana.it/scheda/bibit001346,historical_non_sonnet_poetry,preserve_rendered_tei_text,9aab1595684d28ead4739f6a17173c100f17efb11478a378b3c513fa1c4a35d4,text_materialized,data/processed/bibit_resolved_v1/historical_non_sonnet_poetry/part-0001.txt,31992733,31996995,4223,4262,7484d83c985c9dbb11523a8ff7789af59c84a754caded2abc18225ac06b58984
bibit001347,Orfeo,"Poliziano, Angelo",Biblioteca Italiana,http://www.bibliotecaitaliana.it/scheda/bibit001347,historical_general,preserve_rendered_tei_text,1a14028592cb33987fa80a67c4d145c365075d1976299ee0d32a3e151d50d8d0,text_materialized,data/processed/bibit_resolved_v1/historical_general/part-0003.txt,12490612,12503634,12885,13022,a57613ea562b7b41e9bb9c24d1bcf92a1e28cc5fdee2be7f816fde60c9677d5d
bibit001348,Della eccellenza e dignità delle donne,"Capra, Galeazzo Flavio",Biblioteca Italiana,http://www.bibliotecaitaliana.it/scheda/bibit001348,historical_general,preserve_rendered_tei_text,fc2ba5d50b8cd8054eeb0f27dc1c7a0e9c4d9342c82f06ee5bf70d2d51ae77a7,text_materialized,data/processed/bibit_resolved_v1/historical_general/part-0003.txt,12503635,12583918,79415,80283,56549fe0e6bd2cde5e3c9094f8c36efa781c2215c34348facf7cc372d981d334
bibit001349,Poesie,"Scambrilla, Francesco",Biblioteca Italiana,http://www.bibliotecaitaliana.it/scheda/bibit001349,historical_non_sonnet_poetry,preserve_rendered_tei_text,c559a48a6cba3119db326613f78f5958e9ee167d97bde0c40ff3ee7ab6ca79b0,text_materialized,data/processed/bibit_resolved_v1/historical_non_sonnet_poetry/part-0001.txt,31996996,32001488,4460,4492,5b96f97065dfac647eba5e23718cc259ff037064080bd29fa8413361e7c683b4
bibit001353,Demetrio,"Metastasio, Pietro",Biblioteca Italiana,http://www.bibliotecaitaliana.it/scheda/bibit001353,historical_general,preserve_rendered_tei_text,2811f06449f48dc75e8e14c84f01baf28e7c65102b3a1c8e55532743843e4140,text_materialized,data/processed/bibit_resolved_v1/historical_general/part-0003.txt,12583919,12648883,64426,64964,bfbee1aa3f2c6b8c8b8627a98abaf12dff686f1b3702f572af9ece44ac5e1121
bibit001356,Canzoniere dei vent'anni,"Betteloni, Vittorio",Biblioteca Italiana,http://www.bibliotecaitaliana.it/scheda/bibit001356,historical_non_sonnet_poetry,preserve_rendered_tei_text,080244f80c962e793f36b3ddcfca1ba9d33874545944422e2c55067642d26239,text_materialized,data/processed/bibit_resolved_v1/historical_non_sonnet_poetry/part-0001.txt,32001489,32057955,55992,56466,78d4a87a9ab53062c3514cac3cee3d1fc0a2de3a7441e9183ed56ddfa7fcf9e3
bibit001357,Sonetti e Madrigali,"Errico, Scipione",Biblioteca Italiana,http://www.bibliotecaitaliana.it/scheda/bibit001357,historical_non_sonnet_poetry,preserve_rendered_tei_text,bb09f7e79a57ff7097f5082860426bc6b33b6a3642ec81716905acb77f1001b4,text_materialized,data/processed/bibit_resolved_v1/historical_non_sonnet_poetry/part-0001.txt,32057956,32113557,55294,55601,542fff240a7e681cfa8f99392cdec4af706981f1bbb4beeb53d58ab6afb99492
bibit001359,Lezioni del sonetto,"Crispolti, Cesare",Biblioteca Italiana,http://www.bibliotecaitaliana.it/scheda/bibit001359,historical_general,preserve_rendered_tei_text,c8b77a2cd9621595fdf657c7f6c4a9fd88586a8415f296f4fd37ecac6ad2f053,text_materialized,data/processed/bibit_resolved_v1/historical_general/part-0003.txt,12648884,12667985,18906,19101,cb1847d923f6532b03b8a7f121f4f503da1a7b5c610ad632a9738d2baebe2584
bibit001360,Poesie volgari,"Pico della Mirandola, Giovanni",Biblioteca Italiana,http://www.bibliotecaitaliana.it/scheda/bibit001360,historical_non_sonnet_poetry,preserve_rendered_tei_text,1e9378893fd07c4cecc2ec6f44200e36b67bf358aac71840d62425068827f0d4,text_materialized,data/processed/bibit_resolved_v1/historical_non_sonnet_poetry/part-0001.txt,32113558,32120293,6666,6735,976d17a46c1ab1ac7ae98b4ea0d3a86f009d472ec63bc57f18e4cc9e1b0bdad8
bibit001361,Rime,"Tinucci, Niccolò",Biblioteca Italiana,http://www.bibliotecaitaliana.it/scheda/bibit001361,historical_non_sonnet_poetry,preserve_rendered_tei_text,8f042663078b2029d3a3d287d1d2c7958925ecec70d23c8f19d79fbd96f3e380,text_materialized,data/processed/bibit_resolved_v1/historical_non_sonnet_poetry/part-0001.txt,32120294,32124471,4129,4177,ae813c1f0b8cde6723b0db2dd788c2e5982f2b29867fa51c667a4a19c286059b
bibit001362,Petrarca spirituale,"Malipiero, Girolamo",Biblioteca Italiana,http://www.bibliotecaitaliana.it/scheda/bibit001362,historical_non_sonnet_poetry,preserve_rendered_tei_text,d1d917f72fa4103145c7937debe606341745ed5d30502ad8f18d17fc14a5a0db,text_materialized,data/processed/bibit_resolved_v1/historical_non_sonnet_poetry/part-0001.txt,32124472,32238305,112767,113833,0679432e193eefa0f86404d0745ec4de3e323a26b5692470dec5cbb8a321fdbb
bibit001363,Sonetti ferraresi del '400 in una raccolta di poeti cortigiani,Non definito,Biblioteca Italiana,http://www.bibliotecaitaliana.it/scheda/bibit001363,historical_non_sonnet_poetry,preserve_rendered_tei_text,2462dac1f2b43819f71afdb05a32982e7e2187b41a264b5b1b4ae8393d920fda,text_materialized,data/processed/bibit_resolved_v1/historical_non_sonnet_poetry/part-0001.txt,32238306,32238331,25,25,86f71772bb3df4846d3c2c8cc4da8e268164316e8f6778a4a93f46fbb24ac51a
bibit001364,Indipendenza politica e liberismo economico,"Manzoni, Alessandro",Biblioteca Italiana,http://www.bibliotecaitaliana.it/scheda/bibit001364,nineteenth_century_bridge,preserve_rendered_tei_text,70e1edbf40f3ad19abed804636528703b337dc877f0cf947242da6e04586ae74,text_materialized,data/processed/bibit_resolved_v1/nineteenth_century_bridge/part-0001.txt,43678778,43687973,9113,9195,033bc52e187e2b67e629168547809f07c3d2bcaddd66eb6101cf65352ccc0346
bibit001365,Poesie,"Bonciani, Antonio",Biblioteca Italiana,http://www.bibliotecaitaliana.it/scheda/bibit001365,historical_non_sonnet_poetry,preserve_rendered_tei_text,e0154080104f1c030bc4e3d09a58c4265dafb0702eb37458dcf8f8fe2e9e4968,text_materialized,data/processed/bibit_resolved_v1/historical_non_sonnet_poetry/part-0001.txt,32238332,32272098,33400,33766,4d1c2046eb46d31a6301560c117d59b6b732778f22d57185f561f7ec3d94895b
bibit001366,Poesie ebraiche,Leone Ebreo,Biblioteca Italiana,http://www.bibliotecaitaliana.it/scheda/bibit001366,historical_non_sonnet_poetry,preserve_rendered_tei_text,b7ca254f2e398e74db81e51012c0b82a85d22af803b1528e35f49309ef60674d,text_materialized,data/processed/bibit_resolved_v1/historical_non_sonnet_poetry/part-0001.txt,32272099,32295505,23188,23406,2016bc533b5c15e2204e0d838e396c4366e190f9ebac286dcf4d7e5c08d652e8
bibit001368,Vita della Beatissima Vergine Ubaldesca,Non definito,Biblioteca Italiana,http://www.bibliotecaitaliana.it/scheda/bibit001368,historical_general,preserve_rendered_tei_text,d940287bd1bdb9de1365542d8fc8f2625aee962fe955e1991298316db4b06b41,text_materialized,data/processed/bibit_resolved_v1/historical_general/part-0003.txt,12667986,12680430,12433,12444,3f3b6ac80ff78263a17f7d6e041720b1151fe6bda5ae889a666019eda2ab1798
bibit001369,Dissertazione sopra i fluidi elastici,"Leopardi, Giacomo",Biblioteca Italiana,http://www.bibliotecaitaliana.it/scheda/bibit001369,nineteenth_century_bridge,preserve_rendered_tei_text,963235ded6962d02179a9ff98deafcaa17b2f98f63b7f25731cd280eff1622a2,text_materialized,data/processed/bibit_resolved_v1/nineteenth_century_bridge/part-0001.txt,43687974,43704498,16361,16524,ef560d93707a6c71fa9d6140bc91e53a60f9dc0170a796c17ddc2403f82557cd
bibit001370,Orazione a Bonaparte pel Congresso di Lione,"Foscolo, Ugo",Biblioteca Italiana,http://www.bibliotecaitaliana.it/scheda/bibit001370,nineteenth_century_bridge,preserve_rendered_tei_text,3207a234d5b0a4f45a0762cdf222fad5f08706c449fb4087fe133ba37e66960a,text_materialized,data/processed/bibit_resolved_v1/nineteenth_century_bridge/part-0001.txt,43704499,43757863,52884,53364,a84c7d75085b06eaead933ba4eb947dbe82add0f505e86c91b9d0bb2e3704baf
bibit001371,Il Pianto d'Aretusa,"Martirano, Bernardino",Biblioteca Italiana,http://www.bibliotecaitaliana.it/scheda/bibit001371,historical_non_sonnet_poetry,preserve_rendered_tei_text,c3d5e526b1dcf954014d7e127f77424f61486f3798f5ee3da04e77526ec9a4a7,text_materialized,data/processed/bibit_resolved_v1/historical_non_sonnet_poetry/part-0001.txt,32295506,32345530,49676,50024,0d81523db512478736c925fafcd35e1dd9ce5c8b932efeb39fc5feb5fd503c4f
bibit001372,Introduzione al Poema di Dante per l'allegoria e Difesa di Dante come cattolico,"Borghini, Vincenzio",Biblioteca Italiana,http://www.bibliotecaitaliana.it/scheda/bibit001372,historical_non_sonnet_poetry,preserve_rendered_tei_text,d27113f51af08668469fd0b061ce58fc1d35664be18c5bb5aa7f820bc4088d0b,text_materialized,data/processed/bibit_resolved_v1/historical_non_sonnet_poetry/part-0001.txt,32345531,32420684,74506,75153,d9520bae9f72f48f5a762a621ad62e673ecb9fbd534a91e929599639971ca484
bibit001373,Daniele Cortis,"Fogazzaro, Antonio",Biblioteca Italiana,http://www.bibliotecaitaliana.it/scheda/bibit001373,nineteenth_century_bridge,preserve_rendered_tei_text,2fa58da6b5231061e344ad844a885e6cad91e7f2cd35c131c5c138645b7fa146,text_materialized,data/processed/bibit_resolved_v1/nineteenth_century_bridge/part-0001.txt,43757864,44334313,571327,576449,a5ae0a38f41ed64d14fd5949e5324c56d26abbbe992b58bf0b55bba6a92926b1
bibit001375,Relazione di Germania (1722),"Priuli, Giovanni",Biblioteca Italiana,http://www.bibliotecaitaliana.it/scheda/bibit001375,historical_general,preserve_rendered_tei_text,4115a5cd72691f931ac59f5d15ef2a52134a99dd46398eb889239c37e923e2b7,text_materialized,data/processed/bibit_resolved_v1/historical_general/part-0003.txt,12680431,12702774,22150,22343,3655228115c75081324648b740741e3ebe3bcc6fcfaf8746f7b9fd44218250bd
bibit001377,Ode,"Tasso, Bernardo",Biblioteca Italiana,http://www.bibliotecaitaliana.it/scheda/bibit001377,historical_non_sonnet_poetry,preserve_rendered_tei_text,2a91261016adda0036fe204e46216b74e9ff37c15d205ffb7be065aae3ed4d94,text_materialized,data/processed/bibit_resolved_v1/historical_non_sonnet_poetry/part-0001.txt,32420685,32544358,122934,123673,f55b9a29fe2b189e5288a6b7f374b2af1ad758fd35cb91d7472acafccbf061c2
bibit001379,Erminia,"Leopardi, Giacomo",Biblioteca Italiana,http://www.bibliotecaitaliana.it/scheda/bibit001379,nineteenth_century_bridge,preserve_rendered_tei_text,cd71919b01695c9e7d3e25df33a287c32ee52a3f6dd1c6c84117ff3504598162,text_materialized,data/processed/bibit_resolved_v1/nineteenth_century_bridge/part-0001.txt,44334314,44340701,6314,6387,19c72514eb10f71446c71aeaf53026af9f2451a512f1f08e1ca3f6acb6b35ab5
bibit001380,Amorose rime,"Borra, Luigi",Biblioteca Italiana,http://www.bibliotecaitaliana.it/scheda/bibit001380,historical_non_sonnet_poetry,preserve_rendered_tei_text,01c1c023607dda18fbea074ecae86bd42cf6a4f464da3e76869ef80303697416,text_materialized,data/processed/bibit_resolved_v1/historical_non_sonnet_poetry/part-0001.txt,32544359,32570826,26194,26467,413169b5728c6e684e0719682b72de8e8a34874c26e648c98c49f0a4e763b504
bibit001383,Relazione di Francia,"Tiepolo, Niccolò",Biblioteca Italiana,http://www.bibliotecaitaliana.it/scheda/bibit001383,historical_general,preserve_rendered_tei_text,22a1fa4d4df0fe603d3973d506969f7841738efe43be535960fb4433e01a4d03,text_materialized,data/processed/bibit_resolved_v1/historical_general/part-0003.txt,12702775,12769543,66178,66768,bc5d2ff948294b2132eaaf2e8602ca07593ce5e80e150f17639a7cf5bee1a1c8
bibit001385,Delle vicende e della rigenerazione de' teatri,"Galdi, Matteo Angelo",Biblioteca Italiana,http://www.bibliotecaitaliana.it/scheda/bibit001385,historical_general,preserve_rendered_tei_text,49da555e324d9a4a3d9811309b71f98aa31fed376ec5af33b9384c3a510563d9,text_materialized,data/processed/bibit_resolved_v1/historical_general/part-0003.txt,12769544,12846338,75891,76794,6b1e6fd627c3184b9b56217c3d67e41a995340811b65d52e0824248f9e4bd711
bibit001387,Commentari della Storia di Napoli,"Foscolo, Ugo",Biblioteca Italiana,http://www.bibliotecaitaliana.it/scheda/bibit001387,nineteenth_century_bridge,preserve_rendered_tei_text,6c75643be0fa94113425acf7156e208111a703e00dee4fe790ba759275b4b5e3,text_materialized,data/processed/bibit_resolved_v1/nineteenth_century_bridge/part-0001.txt,44340702,44382083,41036,41381,9d18fe75ab7d6534bcc4a905b0c7ef3424ec72d44ee7b2f3aba7913f2d4cef41
bibit001389,Gynevera de le clare donne,"Arienti, Giovanni Sabadino degli",Biblioteca Italiana,http://www.bibliotecaitaliana.it/scheda/bibit001389,historical_general,preserve_rendered_tei_text,f1447a4fae9db5ad8f0baa84d8a8523b82acabad70e1c0dc0b77d325417fd361,text_materialized,data/processed/bibit_resolved_v1/historical_general/part-0003.txt,12846339,13207150,358839,360811,9d28f6bfe5e360f521193d71936aedf5d8b2cbb9495183c9a9c120ddc5e6f9c4
bibit001390,Rime di T. Tasso detto il Pentito,"Tasso, Torquato",Biblioteca Italiana,http://www.bibliotecaitaliana.it/scheda/bibit001390,historical_non_sonnet_poetry,preserve_rendered_tei_text,a3b7a67d9ad8e3a125928f1014162d58139d81eb517317d48f158684c1d6a568,text_materialized,data/processed/bibit_resolved_v1/historical_non_sonnet_poetry/part-0001.txt,32570827,32572081,1244,1254,d9c90648cb6d4d96377ad84e89ef960b1f9ee9add7a90501885e41de2c06dab5
bibit001391,Poesie,"Giogante, Michele del",Biblioteca Italiana,http://www.bibliotecaitaliana.it/scheda/bibit001391,historical_non_sonnet_poetry,preserve_rendered_tei_text,b33a7a741508b9b6b73b7acd1960c5b3a6d91dab0b9e7eaaadf348975e79e9c8,text_materialized,data/processed/bibit_resolved_v1/historical_non_sonnet_poetry/part-0001.txt,32572082,32581536,9341,9454,4ccde8b6a177e8f4423c3aae1ac79696a11304bfe8fca8a7c795d75e9d8dfc9a
bibit001392,Lettera intorno al libro De vulgari eloquio,"Manzoni, Alessandro",Biblioteca Italiana,http://www.bibliotecaitaliana.it/scheda/bibit001392,nineteenth_century_bridge,preserve_rendered_tei_text,bf600f2dbc25992b37690a7cab367c91e7232f18bd84669edd3dac5228f067e6,text_materialized,data/processed/bibit_resolved_v1/nineteenth_century_bridge/part-0001.txt,44382084,44397349,15069,15265,151e1b21ff9fa10394017616920651ed4f0c53f66cbe34205effd35d9b53e2a4
bibit001393,Rime varie,"Giambullari, Bernardo",Biblioteca Italiana,http://www.bibliotecaitaliana.it/scheda/bibit001393,historical_non_sonnet_poetry,preserve_rendered_tei_text,917a3d6cefcc8e7f56c1319c6284cadc5e8d4093f9b6addc1f140705ae951940,text_materialized,data/processed/bibit_resolved_v1/historical_non_sonnet_poetry/part-0001.txt,32581537,32654384,72176,72847,6194db60fcbeb30cf7dec1a8da823dfeffa616cbb21d838c336977c9fc94bda2
bibit001394,Poesie,"Alberti, Francesco d'Altobianco",Biblioteca Italiana,http://www.bibliotecaitaliana.it/scheda/bibit001394,historical_non_sonnet_poetry,preserve_rendered_tei_text,4a699b44d535f20f369794b597ef672c646479dda46e379caf207f6d6420e977,text_materialized,data/processed/bibit_resolved_v1/historical_non_sonnet_poetry/part-0001.txt,32654385,32708863,53339,54478,74be66e882242e9ce5e50280a66841883b52456720732d0d9269eae2937b42b6
bibit001395,Del fingere poetando un sogno,"Leopardi, Giacomo",Biblioteca Italiana,http://www.bibliotecaitaliana.it/scheda/bibit001395,nineteenth_century_bridge,preserve_rendered_tei_text,648a343256e6d796c8b2e9dcad19243be295b8e54ccc80268b5b35b72d258c5d,text_materialized,data/processed/bibit_resolved_v1/nineteenth_century_bridge/part-0001.txt,44397350,44398295,940,945,f220681b4485a9b73e58a70e36af9a34cd60baa26a9a9f1310367822c3a3f825
bibit001396,Ricordi,"Pitti, Bonaccorso",Biblioteca Italiana,http://www.bibliotecaitaliana.it/scheda/bibit001396,historical_general,strip_editorial_square_delimiters_and_labels,3ce3c7cbb7940b12cf07af0727f4b4d9e594fd2a04717943ff279a5a5c7ba058,text_materialized,data/processed/bibit_resolved_v1/historical_general/part-0003.txt,13207151,13449747,240620,242596,9c50c9819c05cc3f37e8a711910459a5cb9abc691437556faf39c17143f3f962
bibit001397,Il conto de' contadini,"Ariosto, Ludovico",Biblioteca Italiana,http://www.bibliotecaitaliana.it/scheda/bibit001397,historical_general,preserve_rendered_tei_text,d0258f39e4cd2e2b0e9e0602ff1e84b8692308fa7516a1a169f1f2e02e3a9812,text_materialized,data/processed/bibit_resolved_v1/historical_general/part-0003.txt,13449748,13470132,20272,20384,b694e4674c46f6d97cd9cd8cb565371137892cfec80f7d0ca329bbedc715ae6c
bibit001398,Epistolario. Carteggio A. Manzoni-C. Fauriel,"Manzoni, Alessandro",Biblioteca Italiana,http://www.bibliotecaitaliana.it/scheda/bibit001398,nineteenth_century_bridge,preserve_rendered_tei_text,2316414dbb918b4a7feb05bfc08fea2597ed8137be5ee41e3fc050e0ef8c8454,text_materialized,data/processed/bibit_resolved_v1/nineteenth_century_bridge/part-0001.txt,44398296,44837225,430396,438929,2364172df60ed0b8702bb92ac04be5bf07155382d0d99b2dffde5143e6c0cd66
bibit001399,De nativitate Christi,"Vigri, Caterina",Biblioteca Italiana,http://www.bibliotecaitaliana.it/scheda/bibit001399,historical_non_sonnet_poetry,preserve_rendered_tei_text,267da8353bb8fe4592fb417b77f6186e5824aea144e54f70a99a6555f3e69210,text_materialized,data/processed/bibit_resolved_v1/historical_non_sonnet_poetry/part-0001.txt,32708864,32709573,684,709,96084a0ddcef812c2613457edb94a9ed93279a940875bc16bfad3060fffc40b3
bibit001401,Relazione di Filippo II Re di Spagna (1559),Marcantonio da Mula,Biblioteca Italiana,http://www.bibliotecaitaliana.it/scheda/bibit001401,historical_general,preserve_rendered_tei_text,7632f06860a4d1fd53107cb1d027e6a1229038af6616694982985d524e5db408,text_materialized,data/processed/bibit_resolved_v1/historical_general/part-0003.txt,13470133,13497851,27396,27718,82290db0427a1e634abf6943ee17835251e73a08e9bcde9eea18aa9cba6f5423
bibit001403,Annotazione a Bonaparte liberatore oda,"Foscolo, Ugo",Biblioteca Italiana,http://www.bibliotecaitaliana.it/scheda/bibit001403,nineteenth_century_bridge,preserve_rendered_tei_text,3ea0ac0e5aabe51fcabcc7a15c7556a962cedf47006143b328dfce1af00514f6,text_materialized,data/processed/bibit_resolved_v1/nineteenth_century_bridge/part-0001.txt,44837226,44838164,921,938,e8ca37eed84e20129573e387cbe131ed18153c149cb39429a7ee49206989f2c0
bibit001404,Relazione di Costantinopoli (1634),"Cappello, Giovanni",Biblioteca Italiana,http://www.bibliotecaitaliana.it/scheda/bibit001404,historical_general,preserve_rendered_tei_text,b1577f4c61e3e3693e865f57bc019b0a7fc3c61b782aa04759d5c60c38e67c15,text_materialized,data/processed/bibit_resolved_v1/historical_general/part-0003.txt,13497852,13624860,126071,127008,64e038a4d322b4f6e2d53cda804b7657de28bddf574dcde09901c3170c895c9c
bibit001405,Apologus II,"Valla, Lorenzo",Biblioteca Italiana,http://www.bibliotecaitaliana.it/scheda/bibit001405,historical_general,preserve_rendered_tei_text,2627be0555c78e9e9b9432c0e0b3a9ad88eaa22c35bbe44a812bae46eba931cd,text_materialized,data/processed/bibit_resolved_v1/historical_general/part-0003.txt,13624861,13649794,24717,24933,9b93b7acb411ba7f9aacbea9cf88c3d2611b1952976e6e9f42553bdf39243bce
bibit001407,Dell'arte poetica,"Muzio, Girolamo",Biblioteca Italiana,http://www.bibliotecaitaliana.it/scheda/bibit001407,historical_general,preserve_rendered_tei_text,387a977c12d731a4167e54b4a273bcd612322f9562ab4c0b969f937bfebc3732,text_materialized,data/processed/bibit_resolved_v1/historical_general/part-0003.txt,13649795,13709591,59085,59796,15b3693801f1f1d2932c779e611b150f2f293c4eff511d5c3003d3c8edcf94c9
bibit001408,Virginia,"Alfieri, Vittorio",Biblioteca Italiana,http://www.bibliotecaitaliana.it/scheda/bibit001408,historical_general,preserve_rendered_tei_text,e8e70e2be23c998a25650c2d61874ed419f8d59a8deda15e9e5ebe069d7d119b,text_materialized,data/processed/bibit_resolved_v1/historical_general/part-0003.txt,13709592,13772398,62104,62806,434c917c907e3d2329b4722adb191375447dd5a4c495c78ad8cadf81db2ab620
bibit001409,Esercizi di memoria,"Leopardi, Giacomo",Biblioteca Italiana,http://www.bibliotecaitaliana.it/scheda/bibit001409,nineteenth_century_bridge,preserve_rendered_tei_text,9bacc6fef1fc6fa1b700e0cf08f6c57aa415fd7a1126cdbcbebfc3b991742c22,text_materialized,data/processed/bibit_resolved_v1/nineteenth_century_bridge/part-0001.txt,44838165,44841066,2867,2901,0a9727503b6e31dcf0be06228f628920b0d854548ba117dae4e5cbf89797c9cd
bibit001410,Relazione di Germania,"Quirini, Vincenzo",Biblioteca Italiana,http://www.bibliotecaitaliana.it/scheda/bibit001410,historical_general,preserve_rendered_tei_text,5f36f03ab646ade76fb806fe7a6a2abcb54e32436f205c4290339e353b8915fb,text_materialized,data/processed/bibit_resolved_v1/historical_general/part-0003.txt,13772399,13885714,112505,113315,cc30b9e30fa4b8d33d3d55a4c361bc430a90a250647b48b684fe7592b3564a7a
bibit001411,Epoche della lingua italiana,"Foscolo, Ugo",Biblioteca Italiana,http://www.bibliotecaitaliana.it/scheda/bibit001411,nineteenth_century_bridge,strip_editorial_square_delimiters_and_labels,9bd2056ac572a702fb6e562de53b89565c0f84b08eb92ad657434f07bc9ad797,text_materialized,data/processed/bibit_resolved_v1/nineteenth_century_bridge/part-0001.txt,44841067,45339839,494382,498772,1708672d513ab6a9558388fc48de9c41c3ea7adcd9538564514fc276aa3518c6
bibit001413,Viaggio sentimentale di Yorick lungo la Francia e l'Italia,"Foscolo, Ugo",Biblioteca Italiana,http://www.bibliotecaitaliana.it/scheda/bibit001413,nineteenth_century_bridge,preserve_rendered_tei_text,417b85252b9f9aee82e98e2b9c51432176b8837218d42c0ec5a2db7f27afeaa7,text_materialized,data/processed/bibit_resolved_v1/nineteenth_century_bridge/part-0001.txt,45339840,45597703,252255,257863,813dc75c50374203f9acb5d1ae92887db053396a6d91ae99ae6b252a6151539d
bibit001414,"Rime degli Arcadi, tomo sesto",Non definito,Biblioteca Italiana,http://www.bibliotecaitaliana.it/scheda/bibit001414,historical_non_sonnet_poetry,preserve_rendered_tei_text,8e8552727332e21e674796624a350d528b7074b1d62a690e7d570ee35d9d249c,text_materialized,data/processed/bibit_resolved_v1/historical_non_sonnet_poetry/part-0001.txt,32709574,32826943,116315,117369,2cf566d1bdea51fdeae918a7d37bc09c36943b7427d511dc9645f66cacd8fc55
bibit001415,Dissertazione sopra i sogni,"Leopardi, Giacomo",Biblioteca Italiana,http://www.bibliotecaitaliana.it/scheda/bibit001415,nineteenth_century_bridge,preserve_rendered_tei_text,e6d6f145a3b206040f933564f2ed95303c1e68ac8307e4b802120c6c6a79fb49,text_materialized,data/processed/bibit_resolved_v1/nineteenth_century_bridge/part-0001.txt,45597704,45610268,12444,12564,b38d314d205a5fa478313a60d7f2d08c2652b4a1e51b73329e2f945330183992
bibit001417,Relatione della Pace di Munster del 1658,Non definito,Biblioteca Italiana,http://www.bibliotecaitaliana.it/scheda/bibit001417,historical_general,preserve_rendered_tei_text,b56605dc4b78c69dcb82ab8748fe69133cd3d82ad04723ebb70e5f1315914f97,text_materialized,data/processed/bibit_resolved_v1/historical_general/part-0003.txt,13885715,13926408,40402,40693,446c62311bcd564de63a1ac207a0b3ae6910cb8d527804dd50a6e349f1466adc
bibit001418,Estratto della Relazione di Germania,"Contarini, Marcantonio",Biblioteca Italiana,http://www.bibliotecaitaliana.it/scheda/bibit001418,historical_general,preserve_rendered_tei_text,3a17d8c55e30ffa1166df5558458f208a5c383bb33ddbf331e0900a77443d366,text_materialized,data/processed/bibit_resolved_v1/historical_general/part-0003.txt,13926409,13939158,12668,12749,c980983d8c84765ad9d24a22981c93651c481299ab77ed1161827c841593ecde
bibit001419,De gli eroici furori,"Bruno, Giordano",Biblioteca Italiana,http://www.bibliotecaitaliana.it/scheda/bibit001419,historical_general,preserve_rendered_tei_text,e388eb34b5f10eee48881c6868f1d80c91c31561cc62cde2fbce70287ef2c5b8,text_materialized,data/processed/bibit_resolved_v1/historical_general/part-0003.txt,13939159,14245641,302311,306482,116fe8110cbf524ac3d20df470daeed5fb5b4c52ad0a967972e5aab5d3093aa2
bibit001420,L'Italia liberata dai Goti,"Trissino, Gian Giorgio",Biblioteca Italiana,http://www.bibliotecaitaliana.it/scheda/bibit001420,historical_non_sonnet_poetry,preserve_rendered_tei_text,ecfa426cf85381a968fcce8b401366c06360ed114ec1bbd766879a8a3506b25e,text_materialized,data/processed/bibit_resolved_v1/historical_non_sonnet_poetry/part-0001.txt,32826944,33890415,1054545,1063471,d13d80d5f2b14c94c46c8312fa97fc0c18a1a7f742551d0d34a967b036b9d58e
bibit001421,Egloghe miste,"Baldi, Bernardino",Biblioteca Italiana,http://www.bibliotecaitaliana.it/scheda/bibit001421,historical_non_sonnet_poetry,preserve_rendered_tei_text,3e0bbd5eb52e90a9b17e98bfba2461208c46644746c487a8f861c2715c0bd997,text_materialized,data/processed/bibit_resolved_v1/historical_non_sonnet_poetry/part-0001.txt,33890416,34049502,157753,159086,fe69554b186cb379b5d5ec0cab0719a226c9525fb97fb66c5b5c7f681daea8f8
bibit001422,Quando Iddio fece il mondo e l'uomo e ogni cosa creata,Non definito,Biblioteca Italiana,http://www.bibliotecaitaliana.it/scheda/bibit001422,historical_general,preserve_rendered_tei_text,203cd2ae2f5d57a44acff8cbbb37915a4cd9c286d792455539b5f2f8650d8367,text_materialized,data/processed/bibit_resolved_v1/historical_general/part-0003.txt,14245642,14271282,25372,25640,058aeda58c3c9c81d378843e9b2df35dcd1ef349218f3f509abaaeb67d1ad0f4
bibit001423,Rime,Buonaccorso da Montemagno il Vecchio,Biblioteca Italiana,http://www.bibliotecaitaliana.it/scheda/bibit001423,historical_non_sonnet_poetry,preserve_rendered_tei_text,7ac9592bab207d7d231fefaf467ebe788d86d1cacc3b3fc69995c699c9841a04,text_materialized,data/processed/bibit_resolved_v1/historical_non_sonnet_poetry/part-0001.txt,34049503,34050083,576,580,dba034225112e2135d8bef6d7c688a83a0e3590c513ca294f97b47f20a1352dc
bibit001424,Lettera sulla tragedia,"Giraldi Cinzio, Giambattista",Biblioteca Italiana,http://www.bibliotecaitaliana.it/scheda/bibit001424,historical_general,preserve_rendered_tei_text,956dcc2ab16149c5ee6d0142de2b0794178a6202acfaff2f0f4fbd373914617f,text_materialized,data/processed/bibit_resolved_v1/historical_general/part-0003.txt,14271283,14305696,34073,34413,a54edeeeb491441e4b491b3600ed308553bff2651daafd4b9988b5e41e71ad7d
bibit001425,Relatione di me Alvise Mocenigo K.,"Mocenigo, Alvise",Biblioteca Italiana,http://www.bibliotecaitaliana.it/scheda/bibit001425,historical_general,preserve_rendered_tei_text,d69e1c6643aa53635f1425523317b07c7467ee1dfa060386acd309df2bf330b3,text_materialized,data/processed/bibit_resolved_v1/historical_general/part-0003.txt,14305697,14739672,429985,433975,ec0f5cdd728b16979ef553c75bbd59ab821acf653300f446e0c426b8ce079362
bibit001426,Pasitea,"Visconti, Gasparo",Biblioteca Italiana,http://www.bibliotecaitaliana.it/scheda/bibit001426,historical_general,preserve_rendered_tei_text,80d7cff08cce59aa30827025b48fd9a8f7fbad06dfe9ed5f6b4da6b596cb25b0,text_materialized,data/processed/bibit_resolved_v1/historical_general/part-0003.txt,14739673,14785508,45329,45835,842d1def2f546e4f0b1e19d6cf8645bd1d6fb6c67d1518ed0267c5e9f558a642
bibit001429,La Comedia di Dante Aligieri con la nova espositione di Alessandro Vellutello,"Vellutello, Alessandro",Biblioteca Italiana,http://www.bibliotecaitaliana.it/scheda/bibit001429,historical_general,preserve_rendered_tei_text,4207eb462823dda537b6a08fd8534f159115c66d77ee154e9b408b971ccc2576,text_materialized,data/processed/bibit_resolved_v1/historical_general/part-0003.txt,14785509,18026427,3207843,3240918,de50acf9c58a89c149aba571d79f276ecf9315ae546af6f38357c74e3251eb2c
bibit001430,Per una donna malata di malattia lunga e mortale,"Leopardi, Giacomo",Biblioteca Italiana,http://www.bibliotecaitaliana.it/scheda/bibit001430,nineteenth_century_bridge,preserve_rendered_tei_text,b282aa33f775f5b868f5d8647f46a7dbc53c9c43bc77d284df61aefa0dbb8660,text_materialized,data/processed/bibit_resolved_v1/nineteenth_century_bridge/part-0001.txt,45610269,45613571,3267,3302,a53d451eff8f829d5a01fc8f25befd3681b37cfb17488aa3ec78a0b76a9afcb6
bibit001432,Amorosa opra,"Muzzarelli, Giovanni",Biblioteca Italiana,http://www.bibliotecaitaliana.it/scheda/bibit001432,historical_non_sonnet_poetry,preserve_rendered_tei_text,bfa6387b303ccf4c17af3f203674a45e998a644d0cd6f448b38979a9a5c1700c,text_materialized,data/processed/bibit_resolved_v1/historical_non_sonnet_poetry/part-0001.txt,34050084,34175048,123362,124964,2a3c12937d1001df53888456597506ee58919d0ee377d8c5d8d8b8f1c29068d5
bibit001433,Condanna e viaggio del Redentore al Calvario,"Leopardi, Giacomo",Biblioteca Italiana,http://www.bibliotecaitaliana.it/scheda/bibit001433,nineteenth_century_bridge,preserve_rendered_tei_text,678df3501120a92e86f2ecce9b7bbdf1e1653a2e1e08ae7390c12cdfa365fec0,text_materialized,data/processed/bibit_resolved_v1/nineteenth_century_bridge/part-0001.txt,45613572,45626489,12798,12917,040010fdc6843d4eb4b343e0f55bb4cd8615cb6973007ddaf10fffb9fd45d3c0
bibit001436,L'Acerba,Cecco d'Ascoli,Biblioteca Italiana,http://www.bibliotecaitaliana.it/scheda/bibit001436,historical_non_sonnet_poetry,preserve_rendered_tei_text,88de5a88ad82f53438d6912c451b8c7fa1c8fec3be0bf83e1a9c106b6fc270b6,text_materialized,data/processed/bibit_resolved_v1/historical_non_sonnet_poetry/part-0001.txt,34175049,34352894,175489,177845,22f0df469b4e8141027ca9d1ac3a989edb166a3890e34101796fbc579b951036
bibit001437,Relazione di Francia di Andrea da Lezze (1743),Non definito,Biblioteca Italiana,http://www.bibliotecaitaliana.it/scheda/bibit001437,historical_general,preserve_rendered_tei_text,ed1478cdc6a693716c340bfaa0679a44c59535a1d1c0af6f8599930dad41496c,text_materialized,data/processed/bibit_resolved_v1/historical_general/part-0003.txt,18026428,18070597,43939,44169,8aefabdefc05021b9cba54f56537012917f16864c278cc39500ed43d09f4d932
bibit001438,Relazione di Germania (1738),"Erizzo, Nicolò",Biblioteca Italiana,http://www.bibliotecaitaliana.it/scheda/bibit001438,historical_general,preserve_rendered_tei_text,2e80e3a58ca9578d805f105720a2c24af53105f1921ee98ad3a3534f27a3f7a0,text_materialized,data/processed/bibit_resolved_v1/historical_general/part-0003.txt,18070598,18280071,207946,209473,dd0cecd82438bb2ef1d29b083099527723eefc5c0f7891cfe575b22d1a7d3021
bibit001439,Prudentissimi et gravi documenti circa l'elettion della moglie,"Barbaro, Francesco",Biblioteca Italiana,http://www.bibliotecaitaliana.it/scheda/bibit001439,historical_general,preserve_rendered_tei_text,72146558ff903e8e2ff66f81956a4b41fceba189aca8aef1207b60756df0ac85,text_materialized,data/processed/bibit_resolved_v1/historical_general/part-0003.txt,18280072,18445366,164472,165294,0f8a701c424ff01605a888eb07ff43af6e70c70aa2540f23da5187e76467cbcc
bibit001440,Il Diluvio Universale,"Leopardi, Giacomo",Biblioteca Italiana,http://www.bibliotecaitaliana.it/scheda/bibit001440,nineteenth_century_bridge,preserve_rendered_tei_text,52802927763fd105a7585ef0143da4fa96b7a690183dabf368f796cd9e827713,text_materialized,data/processed/bibit_resolved_v1/nineteenth_century_bridge/part-0001.txt,45626490,45632312,5799,5822,d96b4eceadbbe492871a43eb21a2ecdc427748fa786e35ea2584ea2878a9915f
bibit001441,Villa,"Alberti, Leon Battista",Biblioteca Italiana,http://www.bibliotecaitaliana.it/scheda/bibit001441,historical_general,preserve_rendered_tei_text,c3803ecfa07fbfb820cc997be4ddc9b4ba770e1b1425dbf8d3f9baf7425e3116,text_materialized,data/processed/bibit_resolved_v1/historical_general/part-0003.txt,18445367,18454629,9168,9262,5d43d1e8201afab6621f208422a28485a8d85854211adfe6e6eda00e1db635e7
bibit001442,Relazione di Spagna (1557),"Badoer, Federico",Biblioteca Italiana,http://www.bibliotecaitaliana.it/scheda/bibit001442,historical_general,preserve_rendered_tei_text,2542393d8862ce6d93a251f8bf7f333d47ecfd8ba0104ec255d0421e28063721,text_materialized,data/processed/bibit_resolved_v1/historical_general/part-0003.txt,18454630,18737538,280175,282908,98f36ad18e2a55b24fdf46c58e2b3049fb4c740e0a68b180e67f54dc894e7535
bibit001443,Inno a Satana,"Carducci, Giosue",Biblioteca Italiana,http://www.bibliotecaitaliana.it/scheda/bibit001443,nineteenth_century_bridge,preserve_rendered_tei_text,d6ba8de120ecc1760d4468c064dcb57be94cd5c6dcadda691f82310d128a4621,text_materialized,data/processed/bibit_resolved_v1/nineteenth_century_bridge/part-0001.txt,45632313,45635837,3511,3524,db66b27a33f7df589e7cc5c9995e4752318f3d185563d9f9d994bc089abd4680
bibit001444,Vestigi della storia del sonetto italiano,"Foscolo, Ugo",Biblioteca Italiana,http://www.bibliotecaitaliana.it/scheda/bibit001444,nineteenth_century_bridge,preserve_rendered_tei_text,90e5ddca0960ff6af5019b0825054290f6384abe3ba5bfd86d503afaa977a500,text_materialized,data/processed/bibit_resolved_v1/nineteenth_century_bridge/part-0001.txt,45635838,45652544,16502,16706,5c5cf96f5210d8e7c4de7a825bf7e8543cdd1393de84871e96b2f113550ba066
bibit001445,"Ludovicis carbonis Ferrariensis, artium doctoris et comitis palatini apostolici, oratio habita in funere praestantissimi oratoris et poetae Guarinis Veronensis","Carbone, Ludovico",Biblioteca Italiana,http://www.bibliotecaitaliana.it/scheda/bibit001445,historical_general,preserve_rendered_tei_text,4a34717028b40f62b53bdfaa5f7fe730e960980c55322dd9f62bd837f5a5bad9,text_materialized,data/processed/bibit_resolved_v1/historical_general/part-0003.txt,18737539,18777152,39611,39613,82338514cf9310bb33d21a1b2a45ae2d1bfc25cde256ef61d7d69778ddd180ba
bibit001446,Discorso sopra la vita e le opere di M.Cornelio Frontone,"Leopardi, Giacomo",Biblioteca Italiana,http://www.bibliotecaitaliana.it/scheda/bibit001446,nineteenth_century_bridge,preserve_rendered_tei_text,0d9e93ca677e8269ee8367172695ed0482f606e178294dc3bf01d9fd8877bbdd,text_materialized,data/processed/bibit_resolved_v1/nineteenth_century_bridge/part-0001.txt,45652545,45689444,36243,36899,b124222b99ef429d6575c18c08b7fd0fe1c1f309be7fd879f29dc4c28410f05d
bibit001447,Priapea,"Franco, Nicolò",Biblioteca Italiana,http://www.bibliotecaitaliana.it/scheda/bibit001447,historical_non_sonnet_poetry,preserve_rendered_tei_text,37453776cddaf14d2ff71234945a8b73df5945050a696e4c007a0bef2bc86bf8,text_materialized,data/processed/bibit_resolved_v1/historical_non_sonnet_poetry/part-0001.txt,34352895,34364861,11848,11966,c415d271e2fa51470c7f37ed78dbc36389bdfd6c51d14abe89c5774f0f137f83
bibit001448,Detto d'amore,"Alighieri, Dante",Biblioteca Italiana,http://www.bibliotecaitaliana.it/scheda/bibit001448,historical_non_sonnet_poetry,preserve_rendered_tei_text,bc14dfa767fb02d7f200f0e7ee41787c955c5b720fe8c047b57c1b047c55febc,text_materialized,data/processed/bibit_resolved_v1/historical_non_sonnet_poetry/part-0001.txt,34364862,34376817,11657,11955,9e205aa338002f2545a3e1096a171ddcede127a016251c126fce21bc061aea41
bibit001449,Il secretario,"Tasso, Torquato",Biblioteca Italiana,http://www.bibliotecaitaliana.it/scheda/bibit001449,historical_non_sonnet_poetry,preserve_rendered_tei_text,c4b1e72c469451eb45eda574ec7bbc55d971c4bca6ebee1c5cb842c0356938cf,text_materialized,data/processed/bibit_resolved_v1/historical_non_sonnet_poetry/part-0001.txt,34376818,34423969,46727,47151,5f9f2ddc7301663b424578063ef2d2ec1201cd5628015aa78b0dac6aa37aabae
bibit001450,Poesie,"Pegolotti, Giovanni",Biblioteca Italiana,http://www.bibliotecaitaliana.it/scheda/bibit001450,historical_non_sonnet_poetry,preserve_rendered_tei_text,b61431410ae13736e1f6946466ae0f46219a15f03983d256db98c77df08f24e5,text_materialized,data/processed/bibit_resolved_v1/historical_non_sonnet_poetry/part-0001.txt,34423970,34459412,35012,35442,27ff54c6135ff7ad6838f8ebb6f4fed14bd797b403daf4f89769a85b45a759ae
bibit001451,"Lezioni di G.G. intorno la figura, sito e grandezza dell'Inferno di Dante Alighieri","Galilei, Galileo",Biblioteca Italiana,http://www.bibliotecaitaliana.it/scheda/bibit001451,historical_general,preserve_rendered_tei_text,7f62c5ec684384814d7d11cf5b4d388cfb8980b3361eedaea69f9e56321661e6,text_materialized,data/processed/bibit_resolved_v1/historical_general/part-0003.txt,18777153,18831840,54128,54687,4585a1499b4c7e294b5cfcad6fc90181099f936412b24ef09df22a32566ffbf3
bibit001452,Fioretti di San Francesco,Non definito,Biblioteca Italiana,http://www.bibliotecaitaliana.it/scheda/bibit001452,historical_general,preserve_rendered_tei_text,681e8d7a89e3229398ff2e186481e0b36604ad03d6d4ae0b951b56fb0297d068,text_materialized,data/processed/bibit_resolved_v1/historical_general/part-0003.txt,18831841,19058509,223267,226668,e2f48d181cdc6ee9065757fd11bd7a1fc22a46febe98880399120ba451e8aa53
bibit001453,Dell'unità della lingua. Appendice alla relazione,"Manzoni, Alessandro",Biblioteca Italiana,http://www.bibliotecaitaliana.it/scheda/bibit001453,nineteenth_century_bridge,preserve_rendered_tei_text,b20987c39269b35f243557798eb2adcffa86328f3545d66eb81eb8ec636b3af4,text_materialized,data/processed/bibit_resolved_v1/nineteenth_century_bridge/part-0001.txt,45689445,45809096,118331,119651,da292c81fd2cf8ba32cba51e27abbae01b1263f54eedc7e8fe3e935dffbc8dca
bibit001454,Raccolta completa delle poesie giocose,"Guadagnoli, Antonio",Biblioteca Italiana,http://www.bibliotecaitaliana.it/scheda/bibit001454,historical_non_sonnet_poetry,preserve_rendered_tei_text,2ef3f4fb4b97dce52c8cfff625b7bb8cdcf975796024c528c22d416fe443afa3,text_materialized,data/processed/bibit_resolved_v1/historical_non_sonnet_poetry/part-0001.txt,34459413,34690284,228305,230871,c8a585ba5733b96df857f87632d8c3bdeaf8e21022b66efe9915721145f74352
bibit001455,Il mondo creato,"Tasso, Torquato",Biblioteca Italiana,http://www.bibliotecaitaliana.it/scheda/bibit001455,historical_non_sonnet_poetry,preserve_rendered_tei_text,b6569c8582ab6b9578f034f8139dc64b9cecba36b32022d46990889b7006e1c0,text_materialized,data/processed/bibit_resolved_v1/historical_non_sonnet_poetry/part-0001.txt,34690285,35024301,331684,334016,5337c14e05c360080ac4fbec700767fc64b0bff3cccb10a57947e1e29f186f10
bibit001458,Osservazione sulla morale cattolica,"Manzoni, Alessandro",Biblioteca Italiana,http://www.bibliotecaitaliana.it/scheda/bibit001458,nineteenth_century_bridge,preserve_rendered_tei_text,ab40a997149339c5018db015b5d2c4bc1cb099009d1ae5ec4f219d5ac4144677,text_materialized,data/processed/bibit_resolved_v1/nineteenth_century_bridge/part-0001.txt,45809097,46155156,342052,346059,4f801175e88faf0d0351027455ebb8b009d15708dab4bd76cd8ddd5837266e8e
bibit001460,Poesie,"Calderoni, Anselmo",Biblioteca Italiana,http://www.bibliotecaitaliana.it/scheda/bibit001460,historical_non_sonnet_poetry,preserve_rendered_tei_text,a73c2fc4816d21c332a6a1c91612532c4edd78fcb320ec871db3ca6fa5ed3ff9,text_materialized,data/processed/bibit_resolved_v1/historical_non_sonnet_poetry/part-0001.txt,35024302,35044618,20072,20316,ec8a097fac5ae87aa25c54b8916c06e254528ad659fd222b9e389f84736971a9
bibit001462,Stato e Chiesa,"Minghetti, Marco",Biblioteca Italiana,http://www.bibliotecaitaliana.it/scheda/bibit001462,nineteenth_century_bridge,preserve_rendered_tei_text,06b97afe238666557519179e2aca01cdaccadc9b4fabf92a0f00a07cd588c891,text_materialized,data/processed/bibit_resolved_v1/nineteenth_century_bridge/part-0001.txt,46155157,46616156,456283,460999,2fa5b467d5675657ef49793b5651fd827d202571db62f2d4de499215a57cf42c
bibit001465,Dell'unità della lingua e dei mezzi di diffonderla,"Manzoni, Alessandro",Biblioteca Italiana,http://www.bibliotecaitaliana.it/scheda/bibit001465,nineteenth_century_bridge,preserve_rendered_tei_text,b7da967fac89d59c76febf1e418d00d14d27130b6973faa0ed95708d1f8f2f25,text_materialized,data/processed/bibit_resolved_v1/nineteenth_century_bridge/part-0001.txt,46616157,46776936,159056,160779,c461a1d91814eabd2859994b4230b67b2a7842f2c10a4c7809be549a9d945f69
bibit001466,Stanze per la giostra,"Poliziano, Angelo",Biblioteca Italiana,http://www.bibliotecaitaliana.it/scheda/bibit001466,historical_non_sonnet_poetry,preserve_rendered_tei_text,d86fc55e367d56668baebdee0316f0c5713014391aebeb26d8c33450b21dcbd3,text_materialized,data/processed/bibit_resolved_v1/historical_non_sonnet_poetry/part-0001.txt,35044619,35098431,53388,53812,01da45189abef51946c9d918f216aacbf0a7899da36213be8a251a162da1a004
bibit001467,Il Padre di famiglia,"Tasso, Torquato",Biblioteca Italiana,http://www.bibliotecaitaliana.it/scheda/bibit001467,historical_general,preserve_rendered_tei_text,0906deee8d7a2a2d39aa52b77cf8a98098f74f86636b6ba8e55aaba1690367a1,text_materialized,data/processed/bibit_resolved_v1/historical_general/part-0003.txt,19058510,19157179,97644,98669,220f400f4255d3b0442814a5530bc4ba5c8aafd955948ce4792c0784d46fd653
bibit001468,Ottave estravaganti della Gerusalemme liberata,"Tasso, Torquato",Biblioteca Italiana,http://www.bibliotecaitaliana.it/scheda/bibit001468,historical_non_sonnet_poetry,preserve_rendered_tei_text,c9596ed79f24280d974098e587fa49cb18d98d313c3cb87204f872f64da3ded3,text_materialized,data/processed/bibit_resolved_v1/historical_non_sonnet_poetry/part-0001.txt,35098432,35125491,26057,27059,dffe52244c62950d9692b320fef4331cd3bd42dba3818bd22aff02d80fb63011
bibit001469,Rime,"Rota, Berardino",Biblioteca Italiana,http://www.bibliotecaitaliana.it/scheda/bibit001469,historical_non_sonnet_poetry,preserve_rendered_tei_text,a34cbe2603b6871739b1ef729ba756fe9a28b2f9bfda0c2c27f9dcc50d8c4f4d,text_materialized,data/processed/bibit_resolved_v1/historical_non_sonnet_poetry/part-0001.txt,35125492,35159405,32935,33913,d44c23c8eb3a16163fb1f7204f976ca35d791290a7dd63c12d8456fdf294d406
bibit001470,Lezioni di messer Pierfrancesco Giambullari,"Giambullari, Pier Francesco",Biblioteca Italiana,http://www.bibliotecaitaliana.it/scheda/bibit001470,historical_general,preserve_rendered_tei_text,7fe2464c040c02de5843053da6ee7a342a3bc7e3fbabaa6809a2f67eee60f6f3,text_materialized,data/processed/bibit_resolved_v1/historical_general/part-0003.txt,19157180,19313984,155309,156804,305206633ba30b1f08585cb882ab6f7af9337042b7ed3add3eefecbe8693d660
bibit001474,Dissertazione sullo stato presente della lingua italiana,"Cesari, Antonio",Biblioteca Italiana,http://www.bibliotecaitaliana.it/scheda/bibit001474,nineteenth_century_bridge,preserve_rendered_tei_text,f6898ec9ceb317f75903dba97e314c8e770287b90e12ede2e0ca0e7e9fb6ee29,text_materialized,data/processed/bibit_resolved_v1/nineteenth_century_bridge/part-0001.txt,46776937,46916777,138629,139840,9474e1e2fcf477a4da0e967d009f610b5476ec55bb9fd2ad078872f51c879c85
bibit001475,Rappresentazione Allegorica,Serafino Aquilano,Biblioteca Italiana,http://www.bibliotecaitaliana.it/scheda/bibit001475,historical_non_sonnet_poetry,preserve_rendered_tei_text,24a8983b5cc40eda94bd4e2b870e5989205a62dd23ee58c710ddd239f9c45e5b,text_materialized,data/processed/bibit_resolved_v1/historical_non_sonnet_poetry/part-0001.txt,35159406,35167742,8242,8336,ef21f4ece1650c3e484dbdb93fae5294b4a1d10defb8ec5c0df71fbe6ac2108b
bibit001476,Relazione di Germania (1699),"Ruzini, Carlo",Biblioteca Italiana,http://www.bibliotecaitaliana.it/scheda/bibit001476,historical_general,preserve_rendered_tei_text,dea16e5e4f639deb12919dcba3d7e065d016ad8c51069e514cae0c6566ae9cc9,text_materialized,data/processed/bibit_resolved_v1/historical_general/part-0003.txt,19313985,19565538,249777,251553,90d5eaedc7a850a371c25c26206c4f8970950d99609d3b9d8fe424abc1b3f4f7
bibit001477,Ragionamento,"Aretino, Pietro",Biblioteca Italiana,http://www.bibliotecaitaliana.it/scheda/bibit001477,historical_general,preserve_rendered_tei_text,4f59adfa4b238df8272c6ae53c2e1a68b955517222ba2f103c2b6b9b7f92c1bf,text_materialized,data/processed/bibit_resolved_v1/historical_general/part-0003.txt,19565539,19857616,287608,292077,49e7117eb73b334ad7839a3f03592866c7147c07ebe0aea5f69d302b65e3c596
bibit001478,Ezio,"Metastasio, Pietro",Biblioteca Italiana,http://www.bibliotecaitaliana.it/scheda/bibit001478,historical_general,preserve_rendered_tei_text,16cb8ac3d6c5853e484f36e7dc1946cc3eeacdb6e44f6c62aad01e1a534fddb3,text_materialized,data/processed/bibit_resolved_v1/historical_general/part-0003.txt,19857617,19923124,64972,65507,8ce44cc8a86d29658ec93f35a930efe57985ae8c8dd3444029e170028faaf50b
bibit001479,Delle Speranze d'Italia,"Balbo, Cesare",Biblioteca Italiana,http://www.bibliotecaitaliana.it/scheda/bibit001479,nineteenth_century_bridge,preserve_rendered_tei_text,f4ff65db15ff44c7b19b4ebbafa797944742a0732cd9e9ea69fcd8e6e7eb4de0,text_materialized,data/processed/bibit_resolved_v1/nineteenth_century_bridge/part-0001.txt,46916778,47430397,507128,513619,ae2f940e22651407d567ce40559de5a4a87bb694de4e356bf699ea6f94cfc0b2
bibit001480,Poesie,"Frescobaldi, Giovanni",Biblioteca Italiana,http://www.bibliotecaitaliana.it/scheda/bibit001480,historical_non_sonnet_poetry,preserve_rendered_tei_text,76f053ccba8ca1dd5432f36c2f83a7d5c6aea709453d141aa92c21d990039a9e,text_materialized,data/processed/bibit_resolved_v1/historical_non_sonnet_poetry/part-0001.txt,35167743,35177332,9480,9589,182569f9771c7484ce9074b4df23397c2ffcc6d52ff8cac17301d4e6a7acfb95
bibit001481,Le fiamme,"Giraldi Cinzio, Giambattista",Biblioteca Italiana,http://www.bibliotecaitaliana.it/scheda/bibit001481,historical_non_sonnet_poetry,preserve_rendered_tei_text,0d12c371eb0562eff2a283c1f1baf45278076f877420cbf55289102859e3e3bf,text_materialized,data/processed/bibit_resolved_v1/historical_non_sonnet_poetry/part-0001.txt,35177333,35226538,48721,49205,24fab077e92df1bfaef621887c8d25e1527a6d6d347f3f23ba2cffed97a4e5ab
bibit001483,Poesie,Giovanni di Maffeo da Barberino,Biblioteca Italiana,http://www.bibliotecaitaliana.it/scheda/bibit001483,historical_non_sonnet_poetry,preserve_rendered_tei_text,dcfd55a1dcae23fbc708f9c2471e00c683ee05c5ed538c6c9298a6a5f36abdf2,text_materialized,data/processed/bibit_resolved_v1/historical_non_sonnet_poetry/part-0001.txt,35226539,35228051,1493,1512,f2d5ace1d7856357bea805ef0a599df0841be65660ca0ccbcfb38ea08ec94a5e
bibit001484,Inni cristiani,"Leopardi, Giacomo",Biblioteca Italiana,http://www.bibliotecaitaliana.it/scheda/bibit001484,nineteenth_century_bridge,preserve_rendered_tei_text,8cf47541844e8aaab9965f6389c6122b10b3082138d25a69fed3e0b2560c0d85,text_materialized,data/processed/bibit_resolved_v1/nineteenth_century_bridge/part-0001.txt,47430398,47435303,4861,4905,cc65b0b5de53f3ee0791a2781baf4f71d6084cac486f72356265fd7f237340ca
bibit001487,Ragguaglio d'un'adunanza dell'Accademia de'  Pitagorici (e testi correlati),"Foscolo, Ugo",Biblioteca Italiana,http://www.bibliotecaitaliana.it/scheda/bibit001487,nineteenth_century_bridge,preserve_rendered_tei_text,d91f1629285a2f1735159525346811110a7d4b31d77f9c6437da6c74bf13f671,text_materialized,data/processed/bibit_resolved_v1/nineteenth_century_bridge/part-0001.txt,47435304,47559588,122329,124284,b050267e7816d3b773f77e2d4bd6dc9631794e29268ca8498472e29451ba918f
bibit001488,Del romanzo storico,"Manzoni, Alessandro",Biblioteca Italiana,http://www.bibliotecaitaliana.it/scheda/bibit001488,nineteenth_century_bridge,preserve_rendered_tei_text,f1909755f27b8fb5e3766c2faeb75f687e5fe3c3bfb83862c192c491ce90a45f,text_materialized,data/processed/bibit_resolved_v1/nineteenth_century_bridge/part-0001.txt,47559589,47686284,125408,126695,b08c6ca2f463dbf4de4398b6f8697c5942dbd4780644afff9208009f89528e2f
bibit001489,Poesie campestri,"Pindemonte, Ippolito",Biblioteca Italiana,http://www.bibliotecaitaliana.it/scheda/bibit001489,historical_non_sonnet_poetry,preserve_rendered_tei_text,a1fdda9c3ef8cf18fb8283b00059f1390fcf563fa809c7d6e99b6e96413606e6,text_materialized,data/processed/bibit_resolved_v1/historical_non_sonnet_poetry/part-0001.txt,35228052,35279644,51167,51592,680b90c00a5d0cd8e51e784f7132fdfd5737ee1d35c4c8861c2fd6389138e2e2
bibit001491,Il finto marito,"Scala, Flaminio",Biblioteca Italiana,http://www.bibliotecaitaliana.it/scheda/bibit001491,historical_general,preserve_rendered_tei_text,47c85d1a49aa93a2c36e015e5ee5d1544c93a308201ec6328e3706ca5324c994,text_materialized,data/processed/bibit_resolved_v1/historical_general/part-0003.txt,19923125,20138175,212916,215050,11c6cd8712b8a727cecb885924fe41953b7641537b981227859078b4dcc0858c
bibit001492,La festa di Susanna,Non definito,Biblioteca Italiana,http://www.bibliotecaitaliana.it/scheda/bibit001492,historical_general,preserve_rendered_tei_text,65d91f05d02860e11a3b336d0e47150af6c04c2ec786315a01680189afa99498,text_materialized,data/processed/bibit_resolved_v1/historical_general/part-0003.txt,20138176,20161742,23343,23566,b3edc4bc1b20639571a7c912ad65a0269c1d2556eb564c42cc4996481b566d97
bibit001493,Dialoghi,"Romei, Annibale",Biblioteca Italiana,http://www.bibliotecaitaliana.it/scheda/bibit001493,historical_general,preserve_rendered_tei_text,7e73a9bf04372e14c6fe6da909ec0ee0ceccfefd632ca1514dbfc89af5ebd133,text_materialized,data/processed/bibit_resolved_v1/historical_general/part-0003.txt,20161743,20732326,560534,570583,5611f728dd9461d98d1d0b45ad6bb67cf8bb5f5b716cec32d95b9ae6ce6bfd71
bibit001494,Lettera al Casanova,"Manzoni, Alessandro",Biblioteca Italiana,http://www.bibliotecaitaliana.it/scheda/bibit001494,nineteenth_century_bridge,preserve_rendered_tei_text,aa27c04e8905769760b9ce72bd27e15b44da8de9b13195b882f1d86fbcc0dcbc,text_materialized,data/processed/bibit_resolved_v1/nineteenth_century_bridge/part-0001.txt,47686285,47704096,17639,17811,c3f363b3f38d67a1eab0f98c1c5a058ecc0ee6bf5fef0cf8e671e8aae19def4f
bibit001495,Due lezioni,"Varchi, Benedetto",Biblioteca Italiana,http://www.bibliotecaitaliana.it/scheda/bibit001495,historical_general,preserve_rendered_tei_text,fc13df6e1039f7c6a8f1561367d2a19f54572e2a3b30c3d95629f91c641dd50a,text_materialized,data/processed/bibit_resolved_v1/historical_general/part-0003.txt,20732327,20915425,180954,183098,00c56dd401ac9144bb30c7386db51925b6ae5f88e8c0a3196c2933ab6ff403ef
bibit001496,Scritti vari (1810),"Leopardi, Giacomo",Biblioteca Italiana,http://www.bibliotecaitaliana.it/scheda/bibit001496,nineteenth_century_bridge,preserve_rendered_tei_text,63aa0060e3d5453134687fd27edef01338dce79d4da1517f276fdd86b2db991e,text_materialized,data/processed/bibit_resolved_v1/nineteenth_century_bridge/part-0001.txt,47704097,47716931,12748,12834,6d1e0b98bca8d84ab71d07af494adbb16e25f4dec78ae4e9c1bc88002f77da14
bibit001497,Poesie,"Benci, Leonardo",Biblioteca Italiana,http://www.bibliotecaitaliana.it/scheda/bibit001497,historical_non_sonnet_poetry,preserve_rendered_tei_text,2ae2ba3acf0baa411237c1c2105f55d09c769e19f84bdb702caa6d074c68567f,text_materialized,data/processed/bibit_resolved_v1/historical_non_sonnet_poetry/part-0001.txt,35279645,35283392,3707,3747,cb60754ef70d4cc5860a632525d8e4c6b60a660f268dda369dcead297387a1fc
bibit001498,Expositiones et glose super Comediam Dantis,Guido da Pisa,Biblioteca Italiana,http://www.bibliotecaitaliana.it/scheda/bibit001498,historical_general,preserve_rendered_tei_text,0cdfdcefece3cfd54364f6d511cc393083f6f2853f04a0858b3a14585d9044f1,text_materialized,data/processed/bibit_resolved_v1/historical_general/part-0003.txt,20915426,22373875,1453671,1458449,67103fd9520712bc03f0da4081512bc23854f12e2c1676ae17e3a72a0378c0e6
bibit001499,"Il Carrafa, o vero della epica poesia","Pellegrino, Camillo",Biblioteca Italiana,http://www.bibliotecaitaliana.it/scheda/bibit001499,historical_general,preserve_rendered_tei_text,3b840557c94ff4534b2d43196e6b3e647563c526e6ef0aa2a45cba786f007fed,text_materialized,data/processed/bibit_resolved_v1/historical_general/part-0003.txt,22373876,22446753,72017,72877,ac6ebed745af79772e2f988f72e10ff6e54f630051fee49f668ba280811cc4e7
bibit001500,Discorso sul testo della Commedia,"Foscolo, Ugo",Biblioteca Italiana,http://www.bibliotecaitaliana.it/scheda/bibit001500,nineteenth_century_bridge,preserve_rendered_tei_text,35701b7f8fdf8e2e401f5499efa660d5a792d768def600efb3a5eee473d66b19,text_materialized,data/processed/bibit_resolved_v1/nineteenth_century_bridge/part-0001.txt,47716932,48321591,597505,604659,a1f6980790d3e3fc380a5821b75f498eee1c9f23cd4f096c01e87a826ca727a1
bibit001501,Gerusalemme liberata,"Tasso, Torquato",Biblioteca Italiana,http://www.bibliotecaitaliana.it/scheda/bibit001501,historical_non_sonnet_poetry,preserve_rendered_tei_text,bdda0da3e54295ba634ae4ea4a6d9fb379836ecd8a44eaa02135ea6f87b98ee4,text_materialized,data/processed/bibit_resolved_v1/historical_non_sonnet_poetry/part-0001.txt,35283393,35891699,600229,608306,65d746e941fc40cd5851e71175a77e623b0f4b79b0adcdea2f7d95123d6a77d6
bibit001502,Odae adespotae,"Leopardi, Giacomo",Biblioteca Italiana,http://www.bibliotecaitaliana.it/scheda/bibit001502,nineteenth_century_bridge,preserve_rendered_tei_text,2b2f50b71d3857b0bb3c8539c7279245a63baf0bf6bac38fe158285617d2c868,text_materialized,data/processed/bibit_resolved_v1/nineteenth_century_bridge/part-0001.txt,48321592,48502679,179358,181087,76b0b409c3ab290c2fa80eb358be6a62ca30b8256f0310d86311de774d95ad16
bibit001503,Canzone ad Angelo Mai (Bologna 1820),"Leopardi, Giacomo",Biblioteca Italiana,http://www.bibliotecaitaliana.it/scheda/bibit001503,nineteenth_century_bridge,preserve_rendered_tei_text,68c15f34a49a84afcbbcb8d7c8550c5cc84424342e359aab2728277283fede20,text_materialized,data/processed/bibit_resolved_v1/nineteenth_century_bridge/part-0001.txt,48502680,48510381,7632,7701,d9525b888f29b4ed641e0563cdb31420b969713b856583609785ae48a50c0e95
bibit001505,Epistolario (1809-1811),"Foscolo, Ugo",Biblioteca Italiana,http://www.bibliotecaitaliana.it/scheda/bibit001505,nineteenth_century_bridge,preserve_rendered_tei_text,2aa1d670658d4c456c032212ded5db08bf4223791279adfb39e8a6f0b9fe2caa,text_materialized,data/processed/bibit_resolved_v1/nineteenth_century_bridge/part-0001.txt,48510382,49355703,834336,845321,5fcb2f92eccef2556c06c73127f5f5bf8648d45d003f2ecf0bd393149ee6accc
bibit001506,Statuta nova,Non definito,Biblioteca Italiana,http://www.bibliotecaitaliana.it/scheda/bibit001506,historical_general,preserve_rendered_tei_text,a3dea2c803b91dbc408097d99ba177ff9af0683b54959977a1acc20d417b77f2,text_materialized,data/processed/bibit_resolved_v1/historical_general/part-0003.txt,22446754,22487002,40248,40248,925246060e48ceaf8429e6182c5fd7a72df0c2eac1a5abf3d9308e2a278b2048
bibit001508,Cuore,"De Amicis, Edmondo",Biblioteca Italiana,http://www.bibliotecaitaliana.it/scheda/bibit001508,nineteenth_century_bridge,preserve_rendered_tei_text,cbb2e82d5e03eaa8481d69577dd2052a5297651315c26103b47d2058b339fb20,text_materialized,data/processed/bibit_resolved_v1/nineteenth_century_bridge/part-0001.txt,49355704,49849378,485172,493674,a7b66913ddcfd255e0c88236cf065b57373a6e3db768e30046b5a3dd0f78af54
bibit001511,Traduzioni dall'Eneide,"Leopardi, Giacomo",Biblioteca Italiana,http://www.bibliotecaitaliana.it/scheda/bibit001511,nineteenth_century_bridge,preserve_rendered_tei_text,6270ddd01deec411df42e3f74020d42c422a1617d5008d96c4f8421db8cd4464,text_materialized,data/processed/bibit_resolved_v1/nineteenth_century_bridge/part-0001.txt,49849379,49891779,42081,42400,2eba7f7a8a55ce11abb917ecb0e909d7c9b26bf0e655b98e4e8a17cb9aa4062e
bibit001512,Discorso della nobiltà,"Botero, Giovanni",Biblioteca Italiana,http://www.bibliotecaitaliana.it/scheda/bibit001512,historical_general,preserve_rendered_tei_text,8ba5c898be3b9a5e2ca06a1eb05bf8104cfdaa4ef46823a3b152e72e31e5b984,text_materialized,data/processed/bibit_resolved_v1/historical_general/part-0003.txt,22487003,22513760,26420,26757,c683ac281ee42b399977f3871c9bbd25adf594a1b9ccb8fcc77700e30e7071d2
bibit001514,Comedia de Timon greco,"Dal Carretto, Galeotto",Biblioteca Italiana,http://www.bibliotecaitaliana.it/scheda/bibit001514,historical_general,preserve_rendered_tei_text,d140e80f66ee577b81321d95c576d3de23091f34d97d36a2dabf054407943062,text_materialized,data/processed/bibit_resolved_v1/historical_general/part-0003.txt,22513761,22556119,41914,42358,debddb9b19d72435d99226fee066f70ae386d782e038cfc639c13a4c0945c206
bibit001518,Del primato morale e civile degli Italiani,"Gioberti, Vincenzo",Biblioteca Italiana,http://www.bibliotecaitaliana.it/scheda/bibit001518,nineteenth_century_bridge,preserve_rendered_tei_text,f90bd0cf3c38fe5c598064a1613d2f94e760f41206bdde20aac19fc4100ff8d3,text_materialized,data/processed/bibit_resolved_v1/nineteenth_century_bridge/part-0002.txt,0,1709079,1676030,1709079,ae92d5b47dcd265447e910fb80343a4a2ec5d8859e06b11c1eed4bb82a17670b
bibit001521,Egloghe e prosa,"Guidalotti, Diomede",Biblioteca Italiana,http://www.bibliotecaitaliana.it/scheda/bibit001521,historical_non_sonnet_poetry,preserve_rendered_tei_text,c9d68c333cfa7a11dd0cafdd9af922ba13e6b6909dc2d53c8ed6e5426681e1a7,text_materialized,data/processed/bibit_resolved_v1/historical_non_sonnet_poetry/part-0001.txt,35891700,35942367,50211,50667,fabf7437d781c4e16b4a7695b8558c17934fc50cd830c2f6bcd9fcd6f8d6d41c
bibit001522,Le lagrime della beata Vergine,"Tasso, Torquato",Biblioteca Italiana,http://www.bibliotecaitaliana.it/scheda/bibit001522,historical_non_sonnet_poetry,preserve_rendered_tei_text,3886b25d7305e8cd4df6213a68a6b127731e7cab5f7f01e1039a9e95bad71ed2,text_materialized,data/processed/bibit_resolved_v1/historical_non_sonnet_poetry/part-0001.txt,35942368,35950394,7978,8026,d640c6a37e9a1b40aba3ef43d0d322742b80fe7015dfa8281f39fb38fde95052
bibit001523,Il Minturno overo de la Bellezza,"Tasso, Torquato",Biblioteca Italiana,http://www.bibliotecaitaliana.it/scheda/bibit001523,historical_general,preserve_rendered_tei_text,52e631dc05ec788548f2772068b4777a372916934a9bf548476c95237dd19b75,text_materialized,data/processed/bibit_resolved_v1/historical_general/part-0003.txt,22556120,22598006,41458,41886,21b59277fb7514043c6055c40c6e98357775b270c7241dc50346d0784d0dfcc5
bibit001524,Lettre à M.r C***,"Manzoni, Alessandro",Biblioteca Italiana,http://www.bibliotecaitaliana.it/scheda/bibit001524,nineteenth_century_bridge,preserve_rendered_tei_text,1ee3fabd031ca97eb3523d1d9433a108ad63fe05ed3e73947c3f8a29e4333073,text_materialized,data/processed/bibit_resolved_v1/nineteenth_century_bridge/part-0002.txt,1709080,1880860,166624,171780,990ab6b8f048ba92a6757c99d0a8b4c5fbd69c2dc6f4d649f4819bdeab067acb
bibit001526,Rogo amoroso,"Tasso, Torquato",Biblioteca Italiana,http://www.bibliotecaitaliana.it/scheda/bibit001526,historical_non_sonnet_poetry,preserve_rendered_tei_text,2e4b0fa92e7031e4559fd5c6df6bf9e1d7a4bb9bf96de657703dc7d8d145a0a2,text_materialized,data/processed/bibit_resolved_v1/historical_non_sonnet_poetry/part-0001.txt,35950395,35975503,24894,25108,264d98d9a3ec3649a26b64642415b635cf26554e51e2bc55c4b25c3fde578b4a
bibit001527,Sul nuovo Teatro di Como,"Foscolo, Ugo",Biblioteca Italiana,http://www.bibliotecaitaliana.it/scheda/bibit001527,nineteenth_century_bridge,preserve_rendered_tei_text,ffb883578fb69871b4f1246e1119075caf2f66192c52f38a23f6865332835bd7,text_materialized,data/processed/bibit_resolved_v1/nineteenth_century_bridge/part-0002.txt,1880861,1890745,9827,9884,6470e437771c2d35f3a6f51fa419ad347144ac620c68e3d4b4218984d57abfde
bibit001531,Il codice dei servi,Non definito,Biblioteca Italiana,http://www.bibliotecaitaliana.it/scheda/bibit001531,historical_general,preserve_rendered_tei_text,ca3ba02eaad479c713cf8e34412cbd28d202c39f8779b19eb1d2b80822168adc,text_materialized,data/processed/bibit_resolved_v1/historical_general/part-0003.txt,22598007,22646391,47481,48384,01e8062719852c3ac3afb8271813281e8c9ea06a7c308d08f14bc505d4daf963
bibit001532,Poesie,"Venuti, Comedio",Biblioteca Italiana,http://www.bibliotecaitaliana.it/scheda/bibit001532,historical_non_sonnet_poetry,preserve_rendered_tei_text,00de75f1a7115a0add5521c2d98c304bb8ba9ab270428bbad88dfa11360f6aa4,text_materialized,data/processed/bibit_resolved_v1/historical_non_sonnet_poetry/part-0001.txt,35975504,35993176,17494,17672,65f51b20e9a203f561ddadda2e2b96d28254b0e82ec370f4c3965b86d1715128
bibit001533,Lettera a Rosmini Sul Piacere,"Manzoni, Alessandro",Biblioteca Italiana,http://www.bibliotecaitaliana.it/scheda/bibit001533,nineteenth_century_bridge,preserve_rendered_tei_text,34609560f7ce55103e2ae09bba647cf71cf50d1b1553c835dda646e876067a17,text_materialized,data/processed/bibit_resolved_v1/nineteenth_century_bridge/part-0002.txt,1890746,1907036,16112,16290,1815407e3a0efa82e841927349ee5ec705052bb40e36d804444421cc15ddb455
bibit001535,Il Porzio overo de le Virtù,"Tasso, Torquato",Biblioteca Italiana,http://www.bibliotecaitaliana.it/scheda/bibit001535,historical_general,preserve_rendered_tei_text,46e9344f1816550bfb95d90377b7e74e4a5ee9cc0f1dfef12e1eec5db5a90c1e,text_materialized,data/processed/bibit_resolved_v1/historical_general/part-0003.txt,22646392,22797680,149397,151288,e7c3ab0c38349a9a30feae1dbac0d75f9abdf3c5cc2a9a72496c636a4cbf6504
bibit001536,Dissertazione sopra l'attrazione,"Leopardi, Giacomo",Biblioteca Italiana,http://www.bibliotecaitaliana.it/scheda/bibit001536,nineteenth_century_bridge,preserve_rendered_tei_text,669a5063e2674b812fef01288af7f0c6a6fcfd08302b41d3083117432e6ac8ad,text_materialized,data/processed/bibit_resolved_v1/nineteenth_century_bridge/part-0002.txt,1907037,1917819,10698,10782,260dfc9abddb904361a14d589177aab209bcf92232d0b7d32a071f55f71830d3
bibit001537,Il Crispo,"Marchese, Annibale",Biblioteca Italiana,http://www.bibliotecaitaliana.it/scheda/bibit001537,historical_general,preserve_rendered_tei_text,f3ff1e517d171fb31f4f507f9f13e44984ddc60a3dd5efe951c30ee98f253f91,text_materialized,data/processed/bibit_resolved_v1/historical_general/part-0003.txt,22797681,22886817,87614,89136,a773d0f6fa1e045c2e4cc7781c95192ca5b2c0be555855d608aef192b9bc6bd6
bibit001538,Allegoria della Gerusalemme liberata,"Tasso, Torquato",Biblioteca Italiana,http://www.bibliotecaitaliana.it/scheda/bibit001538,historical_general,preserve_rendered_tei_text,fa8bbe27dee3aaae389a3ccc92be829302ac0c3cf88659d4140f0ebdb99b1733,text_materialized,data/processed/bibit_resolved_v1/historical_general/part-0003.txt,22886818,22902189,15213,15371,3a9b3794bda9e77bfe1572470c839ec7d4234dccef13a5cce0c32c77a817b62d
bibit001540,Adone,"Marino, Giovambattista",Biblioteca Italiana,http://www.bibliotecaitaliana.it/scheda/bibit001540,historical_non_sonnet_poetry,preserve_rendered_tei_text,95eb921c03cefde2f3635e456947eb2444dd3dd5d3c5e7d7f5895663e2c5b716,text_materialized,data/processed/bibit_resolved_v1/historical_non_sonnet_poetry/part-0001.txt,35993177,37618559,1612072,1625382,a063ee4a45f812554e58ec53e0077b4a118629f2f4a1cc83250531dc779cff72
bibit001541,Pausania,"Salfi, Francesco Saverio",Biblioteca Italiana,http://www.bibliotecaitaliana.it/scheda/bibit001541,historical_general,preserve_rendered_tei_text,c26f79e7a617ce39326b098146482268a5e4963a29a59e91e4693bb43598fcda,text_materialized,data/processed/bibit_resolved_v1/historical_general/part-0003.txt,22902190,22973199,68937,71009,e9b8f1a007b329d03764b654a814a8da56b4b2864a4af30a5124cba9ef039bc6
bibit001542,Poesie,"Guinizzelli, Guido",Biblioteca Italiana,http://www.bibliotecaitaliana.it/scheda/bibit001542,historical_non_sonnet_poetry,preserve_rendered_tei_text,24a5ac92adeee4e0cc4a590299c661fb9f781225535e6ba83d020629881f0192,text_materialized,data/processed/bibit_resolved_v1/historical_non_sonnet_poetry/part-0001.txt,37618560,37628338,9619,9778,025e8cd1e4b461286d5035a5237ce63d06ecfec503d876b4b55acc95eb028bab
bibit001543,Della tirannide,"Alfieri, Vittorio",Biblioteca Italiana,http://www.bibliotecaitaliana.it/scheda/bibit001543,historical_general,preserve_rendered_tei_text,74baee3d5aa7903a414e6db5bd5f125bbf6eba85d6bb581393529631da38065a,text_materialized,data/processed/bibit_resolved_v1/historical_general/part-0003.txt,22973200,23175511,200153,202311,1051a16c914148051422f300b1052eebf355fe3e06abad7a852055d390534210
bibit001544,Relazione di Germania (1661),"Molin, Alvise",Biblioteca Italiana,http://www.bibliotecaitaliana.it/scheda/bibit001544,historical_general,preserve_rendered_tei_text,e66ab47017b0c9dcd70a21e5c58301987cfb8dd06bcba7dbf55dc415ced619f6,text_materialized,data/processed/bibit_resolved_v1/historical_general/part-0003.txt,23175512,23311509,134706,135997,7af056026d3cfa6f7f91638a72db0590bb13a13966537a129adbb9fc7f23f2cb
bibit001545,La persa e la rescossa de la bastia,Non definito,Biblioteca Italiana,http://www.bibliotecaitaliana.it/scheda/bibit001545,historical_non_sonnet_poetry,preserve_rendered_tei_text,a30ff71cdfe10102d02c96fd173c4464755309c72a6242a26cf6021347896aed,text_materialized,data/processed/bibit_resolved_v1/historical_non_sonnet_poetry/part-0001.txt,37628339,37638092,9700,9753,c82d7ea834c2c3bb453bbedbacd22d4947c1385bfc3b6fd22a5fee71a8c3e4fd
bibit001546,Della dissimulazione onesta,"Accetto, Torquato",Biblioteca Italiana,http://www.bibliotecaitaliana.it/scheda/bibit001546,historical_general,preserve_rendered_tei_text,5752ca480557aff28b76ff70dd12eccd98dc0b9e457119152857a6381caea4b9,text_materialized,data/processed/bibit_resolved_v1/historical_general/part-0003.txt,23311510,23358471,46455,46961,f3574e2a680a31951e89c8e29b644d1e1dcf4ef8ff3e09073018bf63b46244d3
bibit001547,Rime,"Tasso, Bernardo",Biblioteca Italiana,http://www.bibliotecaitaliana.it/scheda/bibit001547,historical_non_sonnet_poetry,preserve_rendered_tei_text,16ab15216cdc169bd15f280ac11af7d4d6576fb71c94b3ccbbb58b7c776c9bdd,text_materialized,data/processed/bibit_resolved_v1/historical_non_sonnet_poetry/part-0001.txt,37638093,37951292,310981,313199,5c6172773934c094e03f26c87d12691912a12f812dd1f7db70fc3b56ec1cc5fe
bibit001548,Relazione di Francia di Michele Morosini (1648-1653),"Contarini, Alvise",Biblioteca Italiana,http://www.bibliotecaitaliana.it/scheda/bibit001548,historical_general,preserve_rendered_tei_text,da028a4128165a9c68c46eccc7b30b5d78af65740dcc2fe1cf8d4e74bb8247af,text_materialized,data/processed/bibit_resolved_v1/historical_general/part-0003.txt,23358472,23446463,87132,87991,37a8e678fd9af14de9909373f4c781aff5f47a309cae8eccda397cbd6f9128d3
bibit001551,Relazione di Marco Contarini (1746),Non definito,Biblioteca Italiana,http://www.bibliotecaitaliana.it/scheda/bibit001551,historical_general,preserve_rendered_tei_text,00265b5dce263e1dc02338fcc18c5c8bcf81884b21cef22bec73eca4feec775f,text_materialized,data/processed/bibit_resolved_v1/historical_general/part-0003.txt,23446464,23495492,48670,49028,7d0c3ca86b78fd1afcd558b14a3a8e73bb66cd9a51906a334eb8b94d9ca6a881
bibit001552,Il ben divino,"Pigna (Giovan Battista Nicolucci, detto il)",Biblioteca Italiana,http://www.bibliotecaitaliana.it/scheda/bibit001552,historical_non_sonnet_poetry,preserve_rendered_tei_text,a30bd52cb9b0af1c5582e3781c0f530dcd696df925aa87cebfd52fafbc661615,text_materialized,data/processed/bibit_resolved_v1/historical_non_sonnet_poetry/part-0001.txt,37951293,38052898,100315,101605,36a62002affbc291095efa073212d7efccc4de68084c4282f928bdd87b4001d3
bibit001554,Cronaca dei fatti di Toscana (1845-1849),"Giusti, Giuseppe",Biblioteca Italiana,http://www.bibliotecaitaliana.it/scheda/bibit001554,nineteenth_century_bridge,preserve_rendered_tei_text,8abc7121c06d659649400db6ae0953eb3ecc5e830e76c54a316996c55bfbb177,text_materialized,data/processed/bibit_resolved_v1/nineteenth_century_bridge/part-0002.txt,1917820,2068058,149162,150238,04cc02a5f831d1a0a7f23356744d5c4551f03d2ab42017fdfca8cb96083954a6
bibit001555,Rime amorose,"Marino, Giovambattista",Biblioteca Italiana,http://www.bibliotecaitaliana.it/scheda/bibit001555,historical_non_sonnet_poetry,preserve_rendered_tei_text,4a9106299c7b429fa6dffc08c8606c7c9b6b40d28ae9fba108b1ded900c85019,text_materialized,data/processed/bibit_resolved_v1/historical_non_sonnet_poetry/part-0001.txt,38052899,38053213,314,314,50ab02204609e20275702b764e3c3aa493458da97b1fbe7230b3373724d50d17
bibit001556,Rime e lettere,"De Jennaro, Pietro Jacopo",Biblioteca Italiana,http://www.bibliotecaitaliana.it/scheda/bibit001556,historical_non_sonnet_poetry,preserve_rendered_tei_text,1bd65e54a4bb2e604db6c8c1b01a683148a8b65468663f855cb3ed478da67240,text_materialized,data/processed/bibit_resolved_v1/historical_non_sonnet_poetry/part-0001.txt,38053214,38115844,62008,62630,4fedfcfb644e719649f1bc8623c4e8c3415ba47f407b638b26a6c88437d987a4
bibit001557,Poemetti in terzine,"Medici, Lorenzo de'",Biblioteca Italiana,http://www.bibliotecaitaliana.it/scheda/bibit001557,historical_non_sonnet_poetry,preserve_rendered_tei_text,158f5c7ab11c09f7672faa78e63e0ccb25f135b722a8c279d2c34ccc7cf9c9e2,text_materialized,data/processed/bibit_resolved_v1/historical_non_sonnet_poetry/part-0001.txt,38115845,38229902,112528,114057,5644989e1303fb8df311f484d88bc134941f02dd7295879290e2654d1388eb21
bibit001558,Guerra dei topi e delle rane (1826),"Leopardi, Giacomo",Biblioteca Italiana,http://www.bibliotecaitaliana.it/scheda/bibit001558,nineteenth_century_bridge,preserve_rendered_tei_text,5baf51f51bca942cd8ab25ea19780f70f44e9274cafdecbdb6a4a9a26357f962,text_materialized,data/processed/bibit_resolved_v1/nineteenth_century_bridge/part-0002.txt,2068059,2084956,16782,16897,1ebf643751a07db13b0a57b40ab639a95e53c6cc122920320b62a695ac5c0c38
bibit001560,Della Giovine Italia,"Mazzini, Giuseppe",Biblioteca Italiana,http://www.bibliotecaitaliana.it/scheda/bibit001560,nineteenth_century_bridge,preserve_rendered_tei_text,8e2eb016716783868c7ea61d675e0461f4148d5dcc582225de0e980a743765d7,text_materialized,data/processed/bibit_resolved_v1/nineteenth_century_bridge/part-0002.txt,2084957,2134315,48741,49358,64c6119bf8dd232aa57f0afedece76487c36401c3d4cdc3fb115f29dd09ce401
bibit001561,Poesie,"Bruni, Leonardo",Biblioteca Italiana,http://www.bibliotecaitaliana.it/scheda/bibit001561,historical_non_sonnet_poetry,preserve_rendered_tei_text,0dab4c5b4c4dfeaf355266e6e6edbe2efd02b310645150840487ee72d6506288,text_materialized,data/processed/bibit_resolved_v1/historical_non_sonnet_poetry/part-0001.txt,38229903,38238192,8165,8289,ba4dc89ef598a58f55d85be55f6812063beacfa5ec4ef1a1218a225f59e4632b
bibit001562,Addizione al libro delle donne illustri di Boccaccio,"Betussi, Giuseppe - Boccaccio, Giovanni",Biblioteca Italiana,http://www.bibliotecaitaliana.it/scheda/bibit001562,historical_general,preserve_rendered_tei_text,74293f9c910bf30c4cf4fe389420050d7f5c1f0e7eeb19e2d69ee41b379b900e,text_materialized,data/processed/bibit_resolved_v1/historical_general/part-0003.txt,23495493,23739859,242857,244366,c8c130aa6106b1d362bc11fc13c6ad2a87c72c4b8384e0f8caf48be668a29328
bibit001563,Rime d'encomio,"Aretino, Pietro",Biblioteca Italiana,http://www.bibliotecaitaliana.it/scheda/bibit001563,historical_non_sonnet_poetry,preserve_rendered_tei_text,0f804e3738f47be7769735f9410a06fc298581bced31780519e2c83190d995c6,text_materialized,data/processed/bibit_resolved_v1/historical_non_sonnet_poetry/part-0001.txt,38238193,38321142,82180,82949,91581e9a3367d539844a5ca836253be316e951b1aa526410e01aab8d23f83eed
bibit001564,L'inavertito,"Barbieri, Nicolò",Biblioteca Italiana,http://www.bibliotecaitaliana.it/scheda/bibit001564,historical_general,preserve_rendered_tei_text,df37277914396de3447214050ed3a1da02ca312ed53edc8d6493b6ead28e7efa,text_materialized,data/processed/bibit_resolved_v1/historical_general/part-0003.txt,23739860,23941584,199555,201724,4fe837d5865ca2cbe1b7a6177069c8dfde2e5e5560e0dac75d5e25fc98e5b4c4
bibit001565,Discorso o dialogo intorno alla nostra lingua,"Machiavelli, Niccolò",Biblioteca Italiana,http://www.bibliotecaitaliana.it/scheda/bibit001565,historical_general,preserve_rendered_tei_text,023dbdbef9e2b897bcc44f8bea9452b1cdd8da8352aedee39bd8c1fe5dd6faba,text_materialized,data/processed/bibit_resolved_v1/historical_general/part-0003.txt,23941585,23968111,26283,26526,8a82c0a700aa0a7403b8a3a83e3a31137cd78f24cc48e63b9ef31b7bd6f4a802
bibit001566,Relazione di Germania (1665),"Sagredo, Giovanni",Biblioteca Italiana,http://www.bibliotecaitaliana.it/scheda/bibit001566,historical_general,preserve_rendered_tei_text,c05ec694f4abdb8828d2984dd5a95df218d95b80e8ae986ebe5d9b3c541dfdbe,text_materialized,data/processed/bibit_resolved_v1/historical_general/part-0003.txt,23968112,24010391,41922,42279,efe572cfded89f587d46b186cbb7c7ffe49f1570af1785b1b8c2c021bdcd2864
bibit001567,Dissertazione sopra l'ente in generale,"Leopardi, Giacomo",Biblioteca Italiana,http://www.bibliotecaitaliana.it/scheda/bibit001567,nineteenth_century_bridge,preserve_rendered_tei_text,affe03f1ab29f76fcc942d3847d4773f9a976eb47952367a63613bc61dd31a32,text_materialized,data/processed/bibit_resolved_v1/nineteenth_century_bridge/part-0002.txt,2134316,2147052,12561,12736,5b3dc752b7d4c1af975a286ea8a75aec94148839487d2e44c92cf99dc1d0642c
bibit001568,Dell'invenzione. Dialogo,"Manzoni, Alessandro",Biblioteca Italiana,http://www.bibliotecaitaliana.it/scheda/bibit001568,nineteenth_century_bridge,preserve_rendered_tei_text,77bddb79bcfeacc6cc0c833f31664e5ef0c39cbb29dfdf812e4cb336ca145a71,text_materialized,data/processed/bibit_resolved_v1/nineteenth_century_bridge/part-0002.txt,2147053,2268280,119865,121227,005ae6e3303e128ea18f161e605989de92f5b6ccee2a3e208d327aa6c258f38a
bibit001570,Rime,"Brocardo, Antonio",Biblioteca Italiana,http://www.bibliotecaitaliana.it/scheda/bibit001570,historical_non_sonnet_poetry,preserve_rendered_tei_text,eab67570f42a0aadc7da25dd96dc600f499fc2af4f362d625889f3ab73415323,text_materialized,data/processed/bibit_resolved_v1/historical_non_sonnet_poetry/part-0001.txt,38321143,38338296,16988,17153,fa9173632034115840df90e605f54aa97420148aea90f0060bbc9ce12e35dcd6
bibit001572,Memoria relativa alla provincia pisana (7 Maggio 1767),"Gianni, Francesco Maria",Biblioteca Italiana,http://www.bibliotecaitaliana.it/scheda/bibit001572,historical_general,preserve_rendered_tei_text,cb7d7e6f135af773acc120454d1491dbb43c5e503243e254fbb01de6c53d429c,text_materialized,data/processed/bibit_resolved_v1/historical_general/part-0003.txt,24010392,24043297,32590,32905,e501c142cdfac910b9ee1fe2bb075a6773f03205982020c78b492748128d11a6
bibit001574,Ruggero ovvero l'eroica gratitudine,"Metastasio, Pietro",Biblioteca Italiana,http://www.bibliotecaitaliana.it/scheda/bibit001574,historical_general,preserve_rendered_tei_text,fe8e7ca850fd713180f6e557308eea05be33f748398345eac293e84c16433f80,text_materialized,data/processed/bibit_resolved_v1/historical_general/part-0003.txt,24043298,24088017,44312,44719,f07fe1a6f7314c0417e85212402cc8b845bd97a984e0a23c3d6f7b0f4465b31d
bibit001575,Angelica,"Leopardi, Giacomo",Biblioteca Italiana,http://www.bibliotecaitaliana.it/scheda/bibit001575,nineteenth_century_bridge,preserve_rendered_tei_text,27f75d493347793075ee266135d09147abcb032ebe211e3706a7f8d8b7acaac2,text_materialized,data/processed/bibit_resolved_v1/nineteenth_century_bridge/part-0002.txt,2268281,2268565,280,284,91152e015684bd0ff77d303679001cce6155fa10d65ee62b09abaa773180a7a0
bibit001577,La Sereide,"Tesauro, Alessandro",Biblioteca Italiana,http://www.bibliotecaitaliana.it/scheda/bibit001577,historical_non_sonnet_poetry,preserve_rendered_tei_text,eda1a25018323a4e1fb6f4807b68ab0bb9e4d9dfef4797288c4d3431284fd82f,text_materialized,data/processed/bibit_resolved_v1/historical_non_sonnet_poetry/part-0001.txt,38338297,38472649,133601,134352,c3f380476900cfa8c2f75c0e1d287359d3b7422c59d3fbcd3964b92a939f4326
bibit001578,Lettera al s. prof. Girolamo Boccardo,"Manzoni, Alessandro",Biblioteca Italiana,http://www.bibliotecaitaliana.it/scheda/bibit001578,nineteenth_century_bridge,preserve_rendered_tei_text,7b44b32e4c99255b36fcd1cedee8412c94ed1b842ac91c8a90762a0a13f6f4e3,text_materialized,data/processed/bibit_resolved_v1/nineteenth_century_bridge/part-0002.txt,2268566,2327755,58569,59189,31f53f934788aede6434193d0175f0557eafcd7414b53c1cd485befae4edf7a3
bibit001579,Il servitore di due padroni,"Goldoni, Carlo",Biblioteca Italiana,http://www.bibliotecaitaliana.it/scheda/bibit001579,historical_general,preserve_rendered_tei_text,8565ae0d68e654e8f774be1460cfb737285e2c6afadd357dacf1fc3a374fcae8,text_materialized,data/processed/bibit_resolved_v1/historical_general/part-0003.txt,24088018,24222546,133026,134528,98952f9c16b201492a10accd37aaccca40411cf99e92d60ff487d0601677d1ce
bibit001580,Della poetica. Lezion prima,"Salviati, Lionardo",Biblioteca Italiana,http://www.bibliotecaitaliana.it/scheda/bibit001580,historical_general,preserve_rendered_tei_text,aaa34f0c0a3144e5e70cd4f1d4e7b4bc1373041a447a83a91d7e5338ea5aa9c0,text_materialized,data/processed/bibit_resolved_v1/historical_general/part-0003.txt,24222547,24278068,54918,55521,17a4588899d49181e2332332eec444c5a8917f821e6ac7fa98ad9aaec54642b7
bibit001581,Agli Italiani,"Mazzini, Giuseppe",Biblioteca Italiana,http://www.bibliotecaitaliana.it/scheda/bibit001581,nineteenth_century_bridge,preserve_rendered_tei_text,deff699f49eb63b52b63a1bfadba32745e0b7c0ee2b11d5721452815f03bc948,text_materialized,data/processed/bibit_resolved_v1/nineteenth_century_bridge/part-0002.txt,2327756,2437028,108409,109272,552ac2b9772a4278c39cfd439b53a6fdfa814be8f67dec1e7e95c83193df3a54
bibit001582,Viaggio al monte Sinai,"Sigoli, Simone",Biblioteca Italiana,http://www.bibliotecaitaliana.it/scheda/bibit001582,historical_general,strip_editorial_square_delimiters_and_labels,d6336d18f6dfe56045c3c366ff872b708fcd274eea699f62c968d0f3d0d4af56,text_materialized,data/processed/bibit_resolved_v1/historical_general/part-0003.txt,24278069,24387714,108322,109645,81e618a8ac29059288b0bc1e9b37a0a5efc2ee388b896a1b792735c3d054bd2e
bibit001583,Avarchide,"Alamanni, Luigi",Biblioteca Italiana,http://www.bibliotecaitaliana.it/scheda/bibit001583,historical_non_sonnet_poetry,preserve_rendered_tei_text,429f9bfc7ebab2ae33c4d730f479dc83d12e873a5b85b5fdb9ddef4ccc7138ad,text_materialized,data/processed/bibit_resolved_v1/historical_non_sonnet_poetry/part-0001.txt,38472650,39413366,931277,940716,ee2e340ea536f53af19656c21fd233e304a9e09627b2d50256d0e5daf479fd4b
bibit001584,L'egloga e i poemetti,"Tansillo, Luigi",Biblioteca Italiana,http://www.bibliotecaitaliana.it/scheda/bibit001584,historical_non_sonnet_poetry,preserve_rendered_tei_text,17851c01b6ec032fca17e84be6bbcd19da131e36ab9ae66f6b5e556a910af5c9,text_materialized,data/processed/bibit_resolved_v1/historical_non_sonnet_poetry/part-0001.txt,39413367,39636553,221028,223186,f4f1421fd23dc214e3fdf8ad8be283b6d3521f0331130f1754cd00d83e9b2222
bibit001585,Rime,"Cavalcanti, Guido",Biblioteca Italiana,http://www.bibliotecaitaliana.it/scheda/bibit001585,historical_non_sonnet_poetry,preserve_rendered_tei_text,5463fda7741104c5339ff7a759c49f0249bcbacec2cfa90f837c04327aaeccc6,text_materialized,data/processed/bibit_resolved_v1/historical_non_sonnet_poetry/part-0001.txt,39636554,39650717,13983,14163,83ae0fc208ac75c29360df4c09b9d743ac4cca2a470f88b4ce5249148f47eab5
bibit001587,Poesie,Benuccio,Biblioteca Italiana,http://www.bibliotecaitaliana.it/scheda/bibit001587,historical_non_sonnet_poetry,preserve_rendered_tei_text,5ea90caa53f4ea65260e97470a0c94db4b372384e65d93e97f414693b250704c,text_materialized,data/processed/bibit_resolved_v1/historical_non_sonnet_poetry/part-0001.txt,39650718,39652557,1820,1839,c613d336f063319a24b9b21c3649f42e1358d3b3761d6ac1a3d427aa64244f6c
bibit001588,Della scienza bibliografica dei requisiti di un bibliotecario di sue attribuzioni e doveri tanto nella parte scientifica che nella pratica,"Faccio, Domenico",Biblioteca Italiana,http://www.bibliotecaitaliana.it/scheda/bibit001588,nineteenth_century_bridge,preserve_rendered_tei_text,08e18abb0f37393a63416b92ebaf02f133fc337d84ef5005f8036d1d1def6c3a,text_materialized,data/processed/bibit_resolved_v1/nineteenth_century_bridge/part-0002.txt,2437029,2573283,135606,136254,ab7514fceef7f666ea14d6050129ce87ac6266403f6a4e75351e78e658c8fb80
bibit001589,Guerra de' topi e delle rane (1821-1822),"Leopardi, Giacomo",Biblioteca Italiana,http://www.bibliotecaitaliana.it/scheda/bibit001589,nineteenth_century_bridge,preserve_rendered_tei_text,a5bfdd16a52641162ffebaf95006046d896c63aa75069081afc0df4951b83bac,text_materialized,data/processed/bibit_resolved_v1/nineteenth_century_bridge/part-0002.txt,2573284,2589973,16567,16689,bb2883a0919502ea97ccb401f9064c50b6ca73573734e2e7323dfbb0aaba75ff
bibit001590,Lo schiavetto,"Andreini, Giovan Battista",Biblioteca Italiana,http://www.bibliotecaitaliana.it/scheda/bibit001590,historical_general,preserve_rendered_tei_text,4a3a29429dfde3e8ec23a591333daaccb7b5e082241555766f4ad410cd1ac1d6,text_materialized,data/processed/bibit_resolved_v1/historical_general/part-0003.txt,24387715,24615873,225701,228158,87ee355977a22ed6cf62e451a0f59e3e917b80c44d399b491c95912970258396
bibit001591,I tarocchi,"Boiardo, Matteo Maria",Biblioteca Italiana,http://www.bibliotecaitaliana.it/scheda/bibit001591,historical_non_sonnet_poetry,preserve_rendered_tei_text,05b6faaab53c23e5ecb641163303dca4072323e53633f497d55cb07350334f98,text_materialized,data/processed/bibit_resolved_v1/historical_non_sonnet_poetry/part-0001.txt,39652558,39671042,18295,18484,e16dc612211104218f8eac567335c5aaab4743364428bc4f4c43b65018dbd46a
bibit001592,Relazione di Germania,"Giustiniano, Marino",Biblioteca Italiana,http://www.bibliotecaitaliana.it/scheda/bibit001592,historical_general,preserve_rendered_tei_text,1da37f8501285113a807f49282b7ba984544571c6075cd1260a24d66bd1cc9ff,text_materialized,data/processed/bibit_resolved_v1/historical_general/part-0003.txt,24615874,24680387,63849,64513,3b5e2f902d06774266e89778dc45d46d38a4a5980c1372f655ad560d0672d5ca
bibit001593,Rime,"Franco, Veronica",Biblioteca Italiana,http://www.bibliotecaitaliana.it/scheda/bibit001593,historical_non_sonnet_poetry,preserve_rendered_tei_text,367190086e700d712ec01fad48768569e83fa745dedc5f2705c1da4dfec7b17d,text_materialized,data/processed/bibit_resolved_v1/historical_non_sonnet_poetry/part-0001.txt,39671043,39821583,149202,150540,599b1dc34ffe2a9f569171c19b2b4fd58e9481c5d75fb06b1d2a9a2ca96302d1
bibit001594,Primavera e altri racconti,"Verga, Giovanni",Biblioteca Italiana,http://www.bibliotecaitaliana.it/scheda/bibit001594,nineteenth_century_bridge,preserve_rendered_tei_text,ba31951c74cfb9644e349bdcc7767f31e1bb17db1eb945b6cf3e181ce296a49d,text_materialized,data/processed/bibit_resolved_v1/nineteenth_century_bridge/part-0002.txt,2589974,2749946,158778,159972,16c64f72b9517487859bdc19e28d7026beafb0285f651b90a94c391ad01670ee
bibit001595,Lettera al Ch. Pietro Giordani sopra il Frontone del Mai,"Leopardi, Giacomo",Biblioteca Italiana,http://www.bibliotecaitaliana.it/scheda/bibit001595,nineteenth_century_bridge,preserve_rendered_tei_text,8e796f4bce2595236294b1546c8ca2390a374cb3936fe2aeb14a2063243b8f5d,text_materialized,data/processed/bibit_resolved_v1/nineteenth_century_bridge/part-0002.txt,2749947,2803417,52708,53470,f8f8379e6c8eb1ab14602d8ddfccfe21d0b05a48971efc9cc078e4f594d234a0
bibit001596,Fiore di rettorica,"Giamboni, Bono",Biblioteca Italiana,http://www.bibliotecaitaliana.it/scheda/bibit001596,historical_general,preserve_rendered_tei_text,e2d81119593e33516a69e4c0b710de02735cd2df14745a09052dbdba5e4ed1b0,text_materialized,data/processed/bibit_resolved_v1/historical_general/part-0003.txt,24680388,24903989,220003,223601,966a1e7ace138c0fc942124117a07e6aec7ebe5440f87122986161a657351c9e
bibit001597,Rime disperse,"Sannazaro, Iacopo",Biblioteca Italiana,http://www.bibliotecaitaliana.it/scheda/bibit001597,historical_non_sonnet_poetry,preserve_rendered_tei_text,ce1fffb6680e8564fd5cc285965342dbfa61657f83f4c05c85b9c9a46dff3542,text_materialized,data/processed/bibit_resolved_v1/historical_non_sonnet_poetry/part-0001.txt,39821584,39842245,20366,20661,d0a3207b7691b136de06d916fd33ac497a21747d55a4d620546fe92a0663e3df
bibit001598,Storia dell'astronomia,"Leopardi, Giacomo",Biblioteca Italiana,http://www.bibliotecaitaliana.it/scheda/bibit001598,nineteenth_century_bridge,preserve_rendered_tei_text,bcc25a1a2b4ed5675516911092a866406bdeb4fa9660cd8b96a9fda9c37b5f45,text_materialized,data/processed/bibit_resolved_v1/nineteenth_century_bridge/part-0002.txt,2803418,3509227,684202,705809,1612bc3512ca21c0dd9beaf34e8b795da3cab0e1484e03e25b8f46d267d0c3b0
bibit001599,Relazione di Germania (1736),"Foscarini, Marco",Biblioteca Italiana,http://www.bibliotecaitaliana.it/scheda/bibit001599,historical_general,preserve_rendered_tei_text,ecbed4d2c33ddf5e6cba5cd197b0333461220c6e7c420c65f9cc9357e0657403,text_materialized,data/processed/bibit_resolved_v1/historical_general/part-0003.txt,24903990,25036681,131716,132691,f55dcc7b0ade9a2958cd7458cbb4924643163b1d460be75452c8e13da1a8d9c5
bibit001600,Il manuale di mercatura di Saminiato de' Ricci,"Borlandi, Antonia",Biblioteca Italiana,http://www.bibliotecaitaliana.it/scheda/bibit001600,historical_general,preserve_rendered_tei_text,bb31ee5072c17658fd00b1f8db71773b0268fe9828b72f80a42999ae7f68ca31,text_materialized,data/processed/bibit_resolved_v1/historical_general/part-0003.txt,25036682,25126042,88463,89360,b9aa373120898470322d228fd5b0b8a97465e16d72a5fb03dae608c72a27ba38
bibit001601,Dialogo filosofico sopra un moderno libro intitolato,"Leopardi, Giacomo",Biblioteca Italiana,http://www.bibliotecaitaliana.it/scheda/bibit001601,nineteenth_century_bridge,preserve_rendered_tei_text,72efbf819f922e5d5ceac4d289954a7192b305725d2259f28188115e787cf05c,text_materialized,data/processed/bibit_resolved_v1/nineteenth_century_bridge/part-0002.txt,3509228,3544086,34470,34858,a02ec3a6c885d96709c660e34a8c2aa37466ee0191c4b08aae9575d751247873
bibit001602,La rappresentazione di Salamone,Non definito,Biblioteca Italiana,http://www.bibliotecaitaliana.it/scheda/bibit001602,historical_general,preserve_rendered_tei_text,f9e8cd8af26296742ee86bc639d747ef0e0f7f2cf1aa22714148075e0154a304,text_materialized,data/processed/bibit_resolved_v1/historical_general/part-0003.txt,25126043,25146019,19811,19976,6352e36ec7a02b2ea26b74ca5178cdd3c7e4a773c442c804638516eb3ae1bc69
bibit001603,Madrigali inediti,"Strozzi, Giovan Battista, il Vecchio",Biblioteca Italiana,http://www.bibliotecaitaliana.it/scheda/bibit001603,historical_non_sonnet_poetry,preserve_rendered_tei_text,03fe5155973d2ae16b7c082eb928e82d0f5ff61d7eb889343b6c2bac4afc026e,text_materialized,data/processed/bibit_resolved_v1/historical_non_sonnet_poetry/part-0001.txt,39842246,39960565,117197,118319,d356bdbc44bb8f446e33e40d9dd99ebafaaf81a40783fb8c9fd9b03f129830bd
bibit001604,Temistocle,"Metastasio, Pietro",Biblioteca Italiana,http://www.bibliotecaitaliana.it/scheda/bibit001604,historical_general,preserve_rendered_tei_text,c8960708368afab26ff6f4b54488daf07df82a9e2890a7efb1d0b3dc08b3eab7,text_materialized,data/processed/bibit_resolved_v1/historical_general/part-0003.txt,25146020,25201931,55443,55911,585cfd41c9eaa088db9faa99f17899af28580fe029ac5861504946ee1d08faa7
bibit001605,Ambasciata straordinaria di Costantinopoli (1641),"Foscarini, Pietro",Biblioteca Italiana,http://www.bibliotecaitaliana.it/scheda/bibit001605,historical_general,preserve_rendered_tei_text,34947ec8d8351574c8b737470bf61afdcf3610e13852e9d1715334c7ac17b4c0,text_materialized,data/processed/bibit_resolved_v1/historical_general/part-0003.txt,25201932,25237691,35505,35759,f7dcdd7f0ade93fbdd1c51f41cae1462008c5c6bcb86fe96ca34d482f208e57d
bibit001608,Relazione di Germania,"Contarini, Tommaso",Biblioteca Italiana,http://www.bibliotecaitaliana.it/scheda/bibit001608,historical_general,preserve_rendered_tei_text,a1957b7e1b6ff24b696c3f26eb7a9bf2e0947a94dc5bfd3bac999738f49fc927,text_materialized,data/processed/bibit_resolved_v1/historical_general/part-0003.txt,25237692,25345556,106851,107864,fb5bbb4ba3c39e3e346bb6e207a86d8d9190958d6aa5894056449949492724f9
bibit001609,Rime incerte,"Fregoso, Antonio Fileremo",Biblioteca Italiana,http://www.bibliotecaitaliana.it/scheda/bibit001609,historical_non_sonnet_poetry,preserve_rendered_tei_text,549e1781a57a8933faeb1036691f4b2a7aa6fa5d8cd627d61769368a9cc04db1,text_materialized,data/processed/bibit_resolved_v1/historical_non_sonnet_poetry/part-0001.txt,39960566,39969471,8788,8905,145fe99d7be48e86b13a2b613bcfe7c8451c1ae0f31520858b3d9460eec0b8d5
bibit001610,Mastro don Gesualdo,"Verga, Giovanni",Biblioteca Italiana,http://www.bibliotecaitaliana.it/scheda/bibit001610,nineteenth_century_bridge,preserve_rendered_tei_text,51986b5e7322594a4364d21d049a791c13bc3239e315b583159ed09ba512c14f,text_materialized,data/processed/bibit_resolved_v1/nineteenth_century_bridge/part-0002.txt,3544087,4206482,658019,662395,2130a55c9ec06d405f55be689a4cf266ba8d9308aaeb0940dd7b77d3ea5fee68
bibit001611,La rappresentazione del vitello sagginato,"Muzi, Piero di Mariano",Biblioteca Italiana,http://www.bibliotecaitaliana.it/scheda/bibit001611,historical_general,preserve_rendered_tei_text,3a397dc538828424b3e03cf0d634d39e2f81f76ecf0b243b7c682490718477ec,text_materialized,data/processed/bibit_resolved_v1/historical_general/part-0003.txt,25345557,25371067,25212,25510,057d22c52b3986fa188084317b04fcbf40b88a1c81ab27cca112ff8522d4df7e
bibit001613,La secchia rapita,"Tassoni, Alessandro",Biblioteca Italiana,http://www.bibliotecaitaliana.it/scheda/bibit001613,historical_non_sonnet_poetry,preserve_rendered_tei_text,c531b8a9da74251d63502feaef622d6a0f66cbe08c53eb71d18f857d5d60d26e,text_materialized,data/processed/bibit_resolved_v1/historical_non_sonnet_poetry/part-0001.txt,39969472,40233723,261859,264251,749b31cbe030f7238689193104e77bb444ccd0f41559971c6c607b5cba5d16d0
bibit001614,Relazione di Germania,"Soranzo, Giacomo",Biblioteca Italiana,http://www.bibliotecaitaliana.it/scheda/bibit001614,historical_general,preserve_rendered_tei_text,f75ff35b95f96804201e2ecf305368b1b0314bf01d9c44b53ccf50a46fda2a21,text_materialized,data/processed/bibit_resolved_v1/historical_general/part-0003.txt,25371068,25447358,75436,76290,2a0f70f0e2ed1349512d0b02db392964a79c8fa06b865ad37d50ac76c102c471
bibit001617,Relazione di Costantinopoli (1636-1641),"Contarini, Alvise",Biblioteca Italiana,http://www.bibliotecaitaliana.it/scheda/bibit001617,historical_general,preserve_rendered_tei_text,2a45e10eef07a27a4c3a33bb4afb696e7816b73a0cb8c7da4ecb11d85b0a79d2,text_materialized,data/processed/bibit_resolved_v1/historical_general/part-0003.txt,25447359,25694065,244854,246706,09b5197aa0ab0175802a80813b6fef8a1ba3a2c9f9278a1efae4a7323fe68ec8
bibit001618,Sulla polemica fra Branda e Parini,"Manzoni, Alessandro",Biblioteca Italiana,http://www.bibliotecaitaliana.it/scheda/bibit001618,nineteenth_century_bridge,preserve_rendered_tei_text,20ee5ffc6fa219354ef00bfa4e2ed8a1b7919dda3f02c4f2117964fb000d720b,text_materialized,data/processed/bibit_resolved_v1/nineteenth_century_bridge/part-0002.txt,4206483,4211550,5038,5067,de8bfa07c0383df863c590e120f5683ee309e97b7d1d699ad544e13dc898c412
bibit001619,Novelle,"Medici, Lorenzo de'",Biblioteca Italiana,http://www.bibliotecaitaliana.it/scheda/bibit001619,historical_general,preserve_rendered_tei_text,15dae6a29e6eb3e7a9644f21476bba44135496e94bd1843531451f863080340e,text_materialized,data/processed/bibit_resolved_v1/historical_general/part-0003.txt,25694066,25737561,42970,43495,a327b24b05e36d6561938923104907dc9a9ded01258a80953e30b627ca3e12f5
bibit001620,Le rime,Serafino Aquilano,Biblioteca Italiana,http://www.bibliotecaitaliana.it/scheda/bibit001620,historical_non_sonnet_poetry,preserve_rendered_tei_text,4119f4d5504456107b1bcce3853b8169d0fda39d08986f29ce5aac2163ceea9a,text_materialized,data/processed/bibit_resolved_v1/historical_non_sonnet_poetry/part-0001.txt,40233724,40319448,84774,85724,68c349254ec6af82e1040b5bf684a18bdd11b68f6e2e74db41ac3819274537ad
bibit001621,Relazione di Germania (1571),"Michiel, Zuan",Biblioteca Italiana,http://www.bibliotecaitaliana.it/scheda/bibit001621,historical_general,preserve_rendered_tei_text,5b8c61170918b85929e8ba211f9e1842b63331565e3a3edfb3f9a3a3f1751c2c,text_materialized,data/processed/bibit_resolved_v1/historical_general/part-0003.txt,25737562,25852318,113508,114756,f386aeecd45e4ac6d7aec06194137043f9cc1fc96d3ec62e7176c748c63b19e1
bibit001622,Dissertazioni (1810),"Leopardi, Giacomo",Biblioteca Italiana,http://www.bibliotecaitaliana.it/scheda/bibit001622,nineteenth_century_bridge,preserve_rendered_tei_text,86fd5f8884a9cba5e61cc249a0cd6b7ba49ea0c2dbabea587f5833d60778e7b6,text_materialized,data/processed/bibit_resolved_v1/nineteenth_century_bridge/part-0002.txt,4211551,4230194,18499,18643,a36a08a55d4ca1d98c57ac95c226e7be3bca3add82fc3049a3e7c0edd986a9d4
bibit001623,Senso. Nuove storielle vane,"Boito, Camillo",Biblioteca Italiana,http://www.bibliotecaitaliana.it/scheda/bibit001623,nineteenth_century_bridge,preserve_rendered_tei_text,44786231c9a512054e04cc5ea04df556673b6b5de16ff44aed910195a15e7099,text_materialized,data/processed/bibit_resolved_v1/nineteenth_century_bridge/part-0002.txt,4230195,4587442,353185,357247,0d06c1c08ba47ef8955c6fcadef04df9d3d47eb14ca417476378979aea719a7d
bibit001624,Merope,"Alfieri, Vittorio",Biblioteca Italiana,http://www.bibliotecaitaliana.it/scheda/bibit001624,historical_general,preserve_rendered_tei_text,dc405bc22588e7268d89fb826e14a6e6efe836a19751d126e63fd65202220b8c,text_materialized,data/processed/bibit_resolved_v1/historical_general/part-0003.txt,25852319,25916739,63212,64420,acc390abac9996d454ea6507f7080d98898a0b78d827b8e399d006fac6cbb910
bibit001626,Relazione di Francia di Francesco Venier (1740),Non definito,Biblioteca Italiana,http://www.bibliotecaitaliana.it/scheda/bibit001626,historical_general,preserve_rendered_tei_text,4466da475804e960d767598228b513238c02b7457ae1ceb13f91af9662c1139d,text_materialized,data/processed/bibit_resolved_v1/historical_general/part-0003.txt,25916740,25955446,38435,38706,c821094d70bcd5663cdb62363fedbbac4c2b4d2336da030545fff1ddcf2b99dc
bibit001627,Ultime lettere di Iacopo Ortis,"Foscolo, Ugo",Biblioteca Italiana,http://www.bibliotecaitaliana.it/scheda/bibit001627,nineteenth_century_bridge,preserve_rendered_tei_text,85f4fb6d669e4b5db389cac6a31d02b8ce364f2dd2a36e22b4290d8141598196,text_materialized,data/processed/bibit_resolved_v1/nineteenth_century_bridge/part-0002.txt,4587443,4872049,280560,284606,9029efa87cc87ffe59dbfc8f0f2f65612e695c3b6c5bf80e329da44628222bc0
bibit001628,Colloquio spirituale,Simone da Cascina,Biblioteca Italiana,http://www.bibliotecaitaliana.it/scheda/bibit001628,historical_general,preserve_rendered_tei_text,a06a0aee635fc61de63a4849e6dc7b1495a8fd97d5a8f40c3e575d148e2a0c9d,text_materialized,data/processed/bibit_resolved_v1/historical_general/part-0003.txt,25955447,26319326,359545,363879,adc69b7c22b13845a729ebec6b7df55e5d576bfbd83f0ec0dc26486d8ba677e8
bibit001629,Canzoniere,"Tansillo, Luigi",Biblioteca Italiana,http://www.bibliotecaitaliana.it/scheda/bibit001629,historical_non_sonnet_poetry,preserve_rendered_tei_text,d57fe3e23b10d3605cabcc865f4cec6ff82cdd2360eb2a4a0271dec8f9b3b533,text_materialized,data/processed/bibit_resolved_v1/historical_non_sonnet_poetry/part-0001.txt,40319449,40475966,154604,156517,443be903eb07c3e58ccfe694217e187fd35cad252b7ac7f80529f31ac67f0dbe
bibit001630,Fabula di Narciso,"Muzzarelli, Giovanni",Biblioteca Italiana,http://www.bibliotecaitaliana.it/scheda/bibit001630,historical_non_sonnet_poetry,preserve_rendered_tei_text,e9b3ab23a08fcf85dbc6386575c48e57a449964be7c4cda27aca29becf8b625a,text_materialized,data/processed/bibit_resolved_v1/historical_non_sonnet_poetry/part-0001.txt,40475967,40492863,16642,16896,c41ffaa484f03ab25e5d344578bbfd3161b8a820d0fa5648d73af694bbbf2aea
bibit001631,Poesie liriche,"Tansillo, Luigi",Biblioteca Italiana,http://www.bibliotecaitaliana.it/scheda/bibit001631,historical_non_sonnet_poetry,preserve_rendered_tei_text,a23eb68b1115e38892bbdca724ab71920326d667804031b9581d8221333be1cb,text_materialized,data/processed/bibit_resolved_v1/historical_non_sonnet_poetry/part-0001.txt,40492864,40595894,102047,103030,4c0f8c9875c99f304a1f7124d4c10a761ba1bed42c2458eb09d4e06e246b6f5d
bibit001632,Rime marittime,"Marino, Giovambattista",Biblioteca Italiana,http://www.bibliotecaitaliana.it/scheda/bibit001632,historical_non_sonnet_poetry,preserve_rendered_tei_text,2e4e184bf569c1573aa31719f1ecba4699d384dba47a9b1f6750d7dd3c8c4d0d,text_materialized,data/processed/bibit_resolved_v1/historical_non_sonnet_poetry/part-0001.txt,40595895,40596085,190,190,be0c1d993d3ff47f807e079ea67b981261e8f738c68de92fa53cc65d6d5c2a22
bibit001633,Ricordanze A (1436-1459),"Castellani, Francesco",Biblioteca Italiana,http://www.bibliotecaitaliana.it/scheda/bibit001633,historical_general,strip_editorial_square_delimiters_and_labels,70fe52a2b6977e7c522272a28701f4388cab62f9e83c55b5e5b84e2ebf297115,text_materialized,data/processed/bibit_resolved_v1/historical_general/part-0003.txt,26319327,26522186,200593,202859,9b8e6a1bc9969c7132713b2d4a4e7255c92400131b0dfc0e95296b70abe659e0
bibit001635,Argomenti di Idilli,"Leopardi, Giacomo",Biblioteca Italiana,http://www.bibliotecaitaliana.it/scheda/bibit001635,nineteenth_century_bridge,preserve_rendered_tei_text,a432b3e6783961e2b21b0ef8277c67bdd6d84f7ec287a1e48fb1a77c7733c3dc,text_materialized,data/processed/bibit_resolved_v1/nineteenth_century_bridge/part-0002.txt,4872050,4873357,1304,1307,679ee14d28593a5994095d14caf91ee232324b1ba71e6efa5fa8eb2f7e956d98
bibit001637,Opere di Raimondo Montecuccoli,"Foscolo, Ugo",Biblioteca Italiana,http://www.bibliotecaitaliana.it/scheda/bibit001637,nineteenth_century_bridge,preserve_rendered_tei_text,1d397a7121b3cf1813df02172e6311eb20158dd16ae93a95c3be23f2164399f6,text_materialized,data/processed/bibit_resolved_v1/nineteenth_century_bridge/part-0002.txt,4873358,5064265,188912,190907,5282dffa8e59c161a1e91b03671c88d6457035933526dd398f891da51ceb4ecd
bibit001638,Il pellegrino apostolico,"Monti, Vincenzo",Biblioteca Italiana,http://www.bibliotecaitaliana.it/scheda/bibit001638,historical_non_sonnet_poetry,preserve_rendered_tei_text,d4b73109866647b2e40cdd98a9b20a2edfeae427d165ae5cda623f02da35768f,text_materialized,data/processed/bibit_resolved_v1/historical_non_sonnet_poetry/part-0001.txt,40596086,40614060,17828,17974,19d04b04915b8d2aab936ad8140b1ab954467ebb5e0132374ad05381402ce2e3
bibit001640,Facezie,"Carbone, Ludovico",Biblioteca Italiana,http://www.bibliotecaitaliana.it/scheda/bibit001640,historical_general,preserve_rendered_tei_text,662e9676c3392f01239cca8e7030965d35af20afd8602274de6faa0955b3f891,text_materialized,data/processed/bibit_resolved_v1/historical_general/part-0003.txt,26522187,26584830,62248,62643,5e09b0dcc0ab74dec03691a4e2f28518f86570db443021bd95220417b7f10eef
bibit001641,Soneti e Canzone,"Braccesi, Alessandro",Biblioteca Italiana,http://www.bibliotecaitaliana.it/scheda/bibit001641,historical_non_sonnet_poetry,preserve_rendered_tei_text,caad36c6a90e66be43602fbbe95a6f31d1fb73b834d5436fd82865bb2af5bae9,text_materialized,data/processed/bibit_resolved_v1/historical_non_sonnet_poetry/part-0001.txt,40614061,40665308,50617,51247,1c33f6c8c9dff7b9d3287449132b89a834aae888d0b025de04c00b4087302f4f
bibit001642,Orazione a Carlo V,"Della Casa, Giovanni",Biblioteca Italiana,http://www.bibliotecaitaliana.it/scheda/bibit001642,historical_general,preserve_rendered_tei_text,65498b53cc8668e1f3c45b28318159554c0a8811cd708b4458745bfb0ca07c31,text_materialized,data/processed/bibit_resolved_v1/historical_general/part-0003.txt,26584831,26621205,35935,36374,4193c5b8d0f2ec9b2fd4bf317cfda1730569a2964c4572507ec832deaa9cfbf9
bibit001643,Stanze della Gelosia,"Tasso, Torquato",Biblioteca Italiana,http://www.bibliotecaitaliana.it/scheda/bibit001643,historical_non_sonnet_poetry,preserve_rendered_tei_text,cac5b3865d259af0e1c4d7e70cf04a375f15fddf3ed768ae3be5dabd28c697c1,text_materialized,data/processed/bibit_resolved_v1/historical_non_sonnet_poetry/part-0001.txt,40665309,40695491,29903,30182,0ec27ae4c7abbb529a06b244c83948b0d7682ed2983286dce9813358acc89caf
bibit001644,Lettere ai figli esuli,"Macinghi Strozzi, Alessandra",Biblioteca Italiana,http://www.bibliotecaitaliana.it/scheda/bibit001644,nineteenth_century_bridge,preserve_rendered_tei_text,1ca9fadd5e70d6aebec5d57944fde9663bb0bd06879f0a7748fb80a6c4fc4e8a,text_materialized,data/processed/bibit_resolved_v1/nineteenth_century_bridge/part-0002.txt,5064266,5457691,388283,393425,4555a7a4667c17b11b11b75d9b21a142c6bc4f4fbf5f7c3c8c90c11a29521129
bibit001645,Poesie,"Malecarni, Francesco",Biblioteca Italiana,http://www.bibliotecaitaliana.it/scheda/bibit001645,historical_non_sonnet_poetry,preserve_rendered_tei_text,d3db9132ff31249660602c3ab56f8467661de39079109d4a7c17a0b0e6621a43,text_materialized,data/processed/bibit_resolved_v1/historical_non_sonnet_poetry/part-0001.txt,40695492,40712012,16289,16520,24bed1191a4400e78f5ff0f48359845971b2673e0b25fd68f48d9f1c9d08219c
bibit001646,In morte di Lorenzo Mascheroni,"Monti, Vincenzo",Biblioteca Italiana,http://www.bibliotecaitaliana.it/scheda/bibit001646,nineteenth_century_bridge,preserve_rendered_tei_text,15ed1fd88f7ede1e4eb445399cbe366aed128277e95702f60914ed19a56d4f10,text_materialized,data/processed/bibit_resolved_v1/nineteenth_century_bridge/part-0002.txt,5457692,5512237,53969,54545,c857690ef18cd4bd2c1a881bec033f7fe158b650aae9e9170a71a32cfb808b4e
bibit001648,I tre libri d'amore e il Panegirico all'amore,"Cattani da Diacceto, Francesco",Biblioteca Italiana,http://www.bibliotecaitaliana.it/scheda/bibit001648,historical_general,preserve_rendered_tei_text,270de5c7211c06478ba0399ebf4a52cc430b1c4d43b75be85e32b86624aa6a35,text_materialized,data/processed/bibit_resolved_v1/historical_general/part-0003.txt,26621206,26751832,129208,130626,3049df48c3d14445be53305ae1c8eb71e62e81907d076d34335ca7b9892c6dd6
bibit001650,"Le Vite de' più eccellenti architetti, pittori, et scultori italiani","Vasari, Giorgio",Biblioteca Italiana,http://www.bibliotecaitaliana.it/scheda/bibit001650,historical_general,preserve_rendered_tei_text,638ac825fd39b6fe5f809874a326da7e8b2cfb98f0ac43debcb5a7cc4e2069f9,text_materialized,data/processed/bibit_resolved_v1/historical_general/part-0003.txt,26751833,28438014,1673705,1686181,b1074ff714605383ea25b654352f007e96bae1118ecd2911d5a03a2ff0706ab1
bibit001651,Catone in Affrica,"Leopardi, Giacomo",Biblioteca Italiana,http://www.bibliotecaitaliana.it/scheda/bibit001651,nineteenth_century_bridge,preserve_rendered_tei_text,386643024a4e1f0d7f40b76edbca121a6d26b7dfd005d4daaac7bc2c67ae60a8,text_materialized,data/processed/bibit_resolved_v1/nineteenth_century_bridge/part-0002.txt,5512238,5539921,27551,27683,3d0432b000c2cbafac604e7d515aeebc0f3088cc2118de414dd435821a5dac37
bibit001652,Sommario di Spagna,"Navagero, Andrea",Biblioteca Italiana,http://www.bibliotecaitaliana.it/scheda/bibit001652,historical_general,preserve_rendered_tei_text,117605977091d550fee2e9ce5588f16b0418f5c8805c29ee4e85269c08b3be2b,text_materialized,data/processed/bibit_resolved_v1/historical_general/part-0003.txt,28438015,28466063,27892,28048,e206eb250d7e56782fc25b41eecc7ab95c7ff51c872273b3906e7b4312f640e2
bibit001653,Cerva Bianca,"Fregoso, Antonio Fileremo",Biblioteca Italiana,http://www.bibliotecaitaliana.it/scheda/bibit001653,historical_non_sonnet_poetry,preserve_rendered_tei_text,83a07c2be861b2bc61d3b7765b39d2d946aba161aa41552e13b49f71f780c330,text_materialized,data/processed/bibit_resolved_v1/historical_non_sonnet_poetry/part-0001.txt,40712013,40867358,153169,155345,ff1c05000ced9867826847886abf9549aa42ab4397f81cb83d7a4faf41a97f15
bibit001654,Dissertazione sopra l'idrodinamica,"Leopardi, Giacomo",Biblioteca Italiana,http://www.bibliotecaitaliana.it/scheda/bibit001654,nineteenth_century_bridge,preserve_rendered_tei_text,5b94b63c95c6e6f85ef408b5e030988797f052a423a35b02350f316d0bab438e,text_materialized,data/processed/bibit_resolved_v1/nineteenth_century_bridge/part-0002.txt,5539922,5555074,14978,15152,209c4f5906d94fb255ebc3f1822750122fb40b8bb05b05756a37adbeecaff509
bibit001655,Indici delle opere composte da Giacomo Leopardi compilati da lui stesso,"Leopardi, Giacomo",Biblioteca Italiana,http://www.bibliotecaitaliana.it/scheda/bibit001655,nineteenth_century_bridge,preserve_rendered_tei_text,e711810b68c1df069a66211b8fff6771be4c81f2c603bbf79262215996e1849f,text_materialized,data/processed/bibit_resolved_v1/nineteenth_century_bridge/part-0002.txt,5555075,5569561,14320,14486,c2218c0b75221b70d4958183f97a3275f9f01b3aca4d4404bc4695f1ec443e12
bibit001657,Relazione della contea di Nizza,"Botero, Giovanni",Biblioteca Italiana,http://www.bibliotecaitaliana.it/scheda/bibit001657,historical_general,preserve_rendered_tei_text,6386b3bc0589ef6499284ce8e446ec64c6a9ac894a7d7fcba9dcd783fe225c59,text_materialized,data/processed/bibit_resolved_v1/historical_general/part-0003.txt,28466064,28474401,8259,8337,7df91192be3aa16e7ac8beb08460d3a333e1a97e7eac7cdd5a0fc567d167e973
bibit001659,Opere volgari,"Valenziano, Luca",Biblioteca Italiana,http://www.bibliotecaitaliana.it/scheda/bibit001659,historical_non_sonnet_poetry,preserve_rendered_tei_text,6a53a17a9a418d9ebabe9735f68e85d716520095b19e7d5574b806e0756be7d2,text_materialized,data/processed/bibit_resolved_v1/historical_non_sonnet_poetry/part-0001.txt,40867359,40979980,111274,112621,0b7120965dee15d4dcb1b056025803de72bf3b0bafbdda64f3e173897b79b6cc
bibit001660,"Forsennato pensier, che far poss'io",Non definito,Biblioteca Italiana,http://www.bibliotecaitaliana.it/scheda/bibit001660,historical_non_sonnet_poetry,preserve_rendered_tei_text,08da2965c197991b43c102b7f4613701ef881ac152c8fb8f9ab6fb8baaeaf449,text_materialized,data/processed/bibit_resolved_v1/historical_non_sonnet_poetry/part-0001.txt,40979981,40980700,715,719,ec28c94777a0022e623a4efde5197667ad48c5a83a366f9f6dc689453c207c83
bibit001662,Odi di Orazio (1809),"Leopardi, Giacomo",Biblioteca Italiana,http://www.bibliotecaitaliana.it/scheda/bibit001662,nineteenth_century_bridge,preserve_rendered_tei_text,e9072c2f67c68c6382c0515007c66b131c34cc66c08f1571cc7176fd3d90e40f,text_materialized,data/processed/bibit_resolved_v1/nineteenth_century_bridge/part-0002.txt,5569562,5610675,40818,41113,0611a819f2c687ee55262f30e380880a598cb569c2bfad0827e7049e391859af
bibit001664,Dialogo,"Aretino, Pietro",Biblioteca Italiana,http://www.bibliotecaitaliana.it/scheda/bibit001664,historical_general,preserve_rendered_tei_text,b7a59cba7ab60c0b1ce9f95aeb137fdf4c1d76ba686e8852549d0b19e80099cd,text_materialized,data/processed/bibit_resolved_v1/historical_general/part-0003.txt,28474402,28903481,423851,429079,78c72142ed72da668771d2aa31b4d585998c3026d544220049cdfcc5b017bf25
bibit001665,L'uomo di corte: discorso intorno a quello che si conviene a giovane nobile e ben creato nel servire un gran principe,"Giraldi Cinzio, Giambattista",Biblioteca Italiana,http://www.bibliotecaitaliana.it/scheda/bibit001665,historical_general,preserve_rendered_tei_text,10254aae1aadd029e510e5f4605b81cc5c328d5ae31ede01e9701e7bd9133617,text_materialized,data/processed/bibit_resolved_v1/historical_general/part-0003.txt,28903482,29089191,183979,185709,b4e2effb1f92e65c086692334477e52b9084f98e601f7891458ca929fa30f315
bibit001666,Pompeo in Egitto,"Leopardi, Giacomo",Biblioteca Italiana,http://www.bibliotecaitaliana.it/scheda/bibit001666,nineteenth_century_bridge,preserve_rendered_tei_text,3b5d764315a2487f8e821d1ea9aac2fb3b62afeb9d9a5c95358e011837a5e585,text_materialized,data/processed/bibit_resolved_v1/nineteenth_century_bridge/part-0002.txt,5610676,5649673,38208,38997,dfc9751834a6b266940b452202401d79908b93edf69648bedc1a638e71fe517e
bibit001667,Codice trivulziano,Leonardo da Vinci,Biblioteca Italiana,http://www.bibliotecaitaliana.it/scheda/bibit001667,historical_general,preserve_rendered_tei_text,c6af2f0cd4b7cee3a78f623ce21ffb1844d390109f66f1aca96098060cd791c7,text_materialized,data/processed/bibit_resolved_v1/historical_general/part-0003.txt,29089192,29216974,126968,127782,5acdde665cca6f8b2eec3299f87091b6e81ee11062e5b96de4e41d021b45b714
bibit001668,Della nuova scuola drammatica italiana,"Foscolo, Ugo",Biblioteca Italiana,http://www.bibliotecaitaliana.it/scheda/bibit001668,nineteenth_century_bridge,strip_editorial_square_delimiters_and_labels,c1cce0e68084c24cf2070a5a0d14d96a90d1af9e8d1774f991fd7c0fcf99f4d1,text_materialized,data/processed/bibit_resolved_v1/nineteenth_century_bridge/part-0002.txt,5649674,5749658,98872,99984,311a5dba79e3ba2fb18fe93f24663085c76a00b09918c9820f481b9477a3c4f5
bibit001669,"Dissertazione sopra alcune qualità dell'animo umano, che non sono nè vizj nè virtù","Leopardi, Giacomo",Biblioteca Italiana,http://www.bibliotecaitaliana.it/scheda/bibit001669,nineteenth_century_bridge,preserve_rendered_tei_text,d1881e0f7a28cebe900b1fa719a75557f8a7ea7df36d6da44f67f6645d4f4c38,text_materialized,data/processed/bibit_resolved_v1/nineteenth_century_bridge/part-0002.txt,5749659,5763785,13916,14126,4ac7b6bd1439d30328f58653cd7a6f97287952cea6008a99fd498c54a70dd777
bibit001670,Relazione di Francia di Lorenzo Tiepolo (1708),Non definito,Biblioteca Italiana,http://www.bibliotecaitaliana.it/scheda/bibit001670,historical_general,preserve_rendered_tei_text,2e6f3281b61a3e91a48f7732e9fbcf5a26745436da077763920f95a6dfa52f26,text_materialized,data/processed/bibit_resolved_v1/historical_general/part-0003.txt,29216975,29269695,52147,52720,5f33f849dc7af350a5a9ca0b42ab81dd49c4ea30407806b1ccb5f84ae4cd97fd
bibit001671,Canzoni (ed. Bologna 1824),"Leopardi, Giacomo",Biblioteca Italiana,http://www.bibliotecaitaliana.it/scheda/bibit001671,nineteenth_century_bridge,strip_editorial_square_delimiters_and_labels,92eb519eeb9aee572f5fbf51a05faffada29e8a6e8de92e949aa0128aaaa4e2c,text_materialized,data/processed/bibit_resolved_v1/nineteenth_century_bridge/part-0002.txt,5763786,5888012,123368,124226,dfbf18f0dd9bab945eb2a7aacdd0f9778ce4117c51a1f6196d1df74d09d067dc
bibit001672,Argomenti di elegie,"Leopardi, Giacomo",Biblioteca Italiana,http://www.bibliotecaitaliana.it/scheda/bibit001672,nineteenth_century_bridge,preserve_rendered_tei_text,9568034d03b50fe914fd48bdd2752909d7776694bdf60789aaa70738718bdfec,text_materialized,data/processed/bibit_resolved_v1/nineteenth_century_bridge/part-0002.txt,5888013,5891117,2976,3104,92f99c8a9d96ec34632c80ea2032e27c70b119e52b9161c19f0d7b07afe20733
bibit001673,Convivio,"Alighieri, Dante",Biblioteca Italiana,http://www.bibliotecaitaliana.it/scheda/bibit001673,historical_general,preserve_rendered_tei_text,9db7cdcae69021db39ceb3b44089ccda33577148cf7790a82e8045776bc8016a,text_materialized,data/processed/bibit_resolved_v1/historical_general/part-0003.txt,29269696,29680681,404058,410985,7fa61c75f626c8c0bd3482a02aacff9308f56feb433ec7cdd5a3a40631ba33bd
bibit001674,Canzoniere,"Galli, Angelo",Biblioteca Italiana,http://www.bibliotecaitaliana.it/scheda/bibit001674,historical_non_sonnet_poetry,preserve_rendered_tei_text,e0a33d6ae259519394595d21239414c1933abe6c54a0757b623a6537dff574ed,text_materialized,data/processed/bibit_resolved_v1/historical_non_sonnet_poetry/part-0001.txt,40980701,41197287,214165,216586,88471d1e97290fe636309293453db7ffe86319cebedd31de042e916b629043ac
bibit001676,Intermezzo,"Carducci, Giosue",Biblioteca Italiana,http://www.bibliotecaitaliana.it/scheda/bibit001676,nineteenth_century_bridge,preserve_rendered_tei_text,128ed4b24aaf4d71a9caeca7c11cd0c87d463de6b16e8254dbfe1287dabe57eb,text_materialized,data/processed/bibit_resolved_v1/nineteenth_century_bridge/part-0002.txt,5891118,5903434,12192,12316,46b58bf54c70ffa21a310587dea587caed6332fc1e906a85b8fc30ebbb2966ff
bibit001677,Le Considerazioni sulle tre Canzoni di m. G.Battista Pigna intitolate Le tre Sorelle,"Tasso, Torquato",Biblioteca Italiana,http://www.bibliotecaitaliana.it/scheda/bibit001677,historical_general,preserve_rendered_tei_text,dfbacf576213b0e22f563a65ea0d9cb074e9a959c7ed1d5244735397ef9bee30,text_materialized,data/processed/bibit_resolved_v1/historical_general/part-0003.txt,29680682,29744778,62290,64096,0b60c7216ed7768f65735ef5685944aafbf2275334774751b3a4632403dee288
bibit001678,Relazione di Costantinopoli (1641),"Foscarini, Pietro",Biblioteca Italiana,http://www.bibliotecaitaliana.it/scheda/bibit001678,historical_general,preserve_rendered_tei_text,c093f1fd3ad785bd4c2392dfa5b1a36e45eaebf63715d20bfe9052e95bf24786,text_materialized,data/processed/bibit_resolved_v1/historical_general/part-0003.txt,29744779,29816463,71103,71684,068b8072e7bf3cf6831b04bac1cfda269651743d6e9741b2cf5e280bdb039ec7
bibit001679,Rime in burla,"Bronzino, Agnolo",Biblioteca Italiana,http://www.bibliotecaitaliana.it/scheda/bibit001679,historical_non_sonnet_poetry,preserve_rendered_tei_text,ba9f73bd85c25a22588b746b8350c6852e814b0b92af91828b9f07ebb2fcc04f,text_materialized,data/processed/bibit_resolved_v1/historical_non_sonnet_poetry/part-0001.txt,41197288,41619021,417636,421733,d9134e685862e1e15f9148c65ba4881f76075878af05d150b95de2e529e9699c
bibit001680,Breve discorso intorno alla narrazione poetica,"Verdizzotti, Giovan Mario",Biblioteca Italiana,http://www.bibliotecaitaliana.it/scheda/bibit001680,historical_general,preserve_rendered_tei_text,47b90887bf7223c2c62cecff59e3a4c97e3d79b9d7f5e7f6b14027e8163b5ce9,text_materialized,data/processed/bibit_resolved_v1/historical_general/part-0003.txt,29816464,29829816,13258,13352,f06831e16d24d06eece15d236e0717f7db8b8737a2734d7593b849c192749a8e
bibit001681,Alcune lettere mercantili toscane da colonie genovesi alla fine del Trecento,Non definito,Biblioteca Italiana,http://www.bibliotecaitaliana.it/scheda/bibit001681,historical_general,preserve_rendered_tei_text,07dc2096243dfb163c7d2b757ee19eaeb4d858face61104e731aff0b1cd2365a,text_materialized,data/processed/bibit_resolved_v1/historical_general/part-0003.txt,29829817,29839510,9557,9693,bfaf015a1520604b1a67ca821a76d1be2bffe9a4f020214fba5a5e0d10036523
bibit001682,Il più misero amante,Non definito,Biblioteca Italiana,http://www.bibliotecaitaliana.it/scheda/bibit001682,historical_non_sonnet_poetry,preserve_rendered_tei_text,8567be7a8129e919e3443df5d4422576085fb48ef8aad3da7fba1c04db0fe758,text_materialized,data/processed/bibit_resolved_v1/historical_non_sonnet_poetry/part-0001.txt,41619022,41619913,877,891,b59da85a5aeac5714cd1d3c25ce4ba10b3a3929a073515492b49c3a55aedec4f
bibit001683,Ripresentazione di Pavia,"Bellincioni, Bernardo",Biblioteca Italiana,http://www.bibliotecaitaliana.it/scheda/bibit001683,historical_general,preserve_rendered_tei_text,c76d5e55f5db718aad8625df580cc529e7fa965488da3ec5cadac293e64cea08,text_materialized,data/processed/bibit_resolved_v1/historical_general/part-0003.txt,29839511,29851551,11910,12040,091561fe71653785c3de7c4fda8e8fc8e6c5cbf6af03140ddf44db25549622fb
bibit001684,Poesie,"Roselli, Antonio",Biblioteca Italiana,http://www.bibliotecaitaliana.it/scheda/bibit001684,historical_non_sonnet_poetry,preserve_rendered_tei_text,f3fa8fdfb99ed5cd50c19cfd0f5301bbf266c6a4e442f11454be1868fa4c817f,text_materialized,data/processed/bibit_resolved_v1/historical_non_sonnet_poetry/part-0001.txt,41619914,41625456,5463,5542,cc2abeab03e35d488abd305bf69c1918edbd860d8876523200358e914d8c1d2e
bibit001687,Il codice dei beccai,Non definito,Biblioteca Italiana,http://www.bibliotecaitaliana.it/scheda/bibit001687,historical_general,preserve_rendered_tei_text,1cd54cdb6cc2a187fde345febee9b81e422d148f787ba4c829a1f95d2a169bf0,text_materialized,data/processed/bibit_resolved_v1/historical_general/part-0003.txt,29851552,29881913,29985,30361,0537b008936dde999431b0bdce619b8bfd96e8854ae6c8f7d3c6b2fb295218a6
bibit001688,Non perch'io sia bastante a dechiararte,"Sanguinacci, Iacopo",Biblioteca Italiana,http://www.bibliotecaitaliana.it/scheda/bibit001688,historical_non_sonnet_poetry,preserve_rendered_tei_text,8efa6be84d728fe4713544d3cc1a2a792fc89e43cd87febbd17caa031dfa222b,text_materialized,data/processed/bibit_resolved_v1/historical_non_sonnet_poetry/part-0001.txt,41625457,41630766,5258,5309,638cf47c91b49abe2b482ab2400572d24065996931545aa07c96046abceba275
bibit001690,Cronica del Convento di Santa Caterina secoli XIV-XV,Non definito,Biblioteca Italiana,http://www.bibliotecaitaliana.it/scheda/bibit001690,historical_general,preserve_rendered_tei_text,0eafa4b24d44def803962824b05d32e1bb691a392eb8115f815048c1f7afd18b,text_materialized,data/processed/bibit_resolved_v1/historical_general/part-0003.txt,29881914,30024905,142986,142991,cce2218a66bb5ab6f0927a2b09ea727cd39a9ce3e87952a7358155c49f80c7ef
bibit001691,Il canzoniere,"Sforza, Alessandro",Biblioteca Italiana,http://www.bibliotecaitaliana.it/scheda/bibit001691,historical_non_sonnet_poetry,preserve_rendered_tei_text,37f6584c5e69c23a96e06ba1ae1fe436406b91446a2555b0053f493e45cfe500,text_materialized,data/processed/bibit_resolved_v1/historical_non_sonnet_poetry/part-0001.txt,41630767,41676961,45706,46194,86acb7324d803f13741ef33e110bab542fe7031996d2e4aa5cd0212dbdc84bfe
bibit001692,Relazione di Germania,"Soranzo, Gerolamo",Biblioteca Italiana,http://www.bibliotecaitaliana.it/scheda/bibit001692,historical_general,preserve_rendered_tei_text,7d1f589ca52b274fa9a2c263435a8053bb1ffcebfedf1b6a6977f1f463bb946b,text_materialized,data/processed/bibit_resolved_v1/historical_general/part-0003.txt,30024906,30111635,85973,86729,ed1c50e06b0d6c8609e06c5bb0e39e0dfd082a99a9023b37413106a6ef3ca08d
bibit001693,Lettere,"Boiardo, Matteo Maria",Biblioteca Italiana,http://www.bibliotecaitaliana.it/scheda/bibit001693,historical_general,strip_editorial_square_delimiters_and_labels,d5c7344fb3988a34cb88c512cb19ca0ea509b9630d03f96a52bbf3fdc3aa90ec,text_materialized,data/processed/bibit_resolved_v1/historical_general/part-0003.txt,30111636,30676955,561719,565319,721ecce112f362ddbd1d95e667fdc1ab00580a0aebc7fa1728ae63a0961c89df
bibit001695,Silve,"Fregoso, Antonio Fileremo",Biblioteca Italiana,http://www.bibliotecaitaliana.it/scheda/bibit001695,historical_non_sonnet_poetry,preserve_rendered_tei_text,4df287a1a9dfbc9bc3b3199a79d48bf5fe1930665b5e1263ad840361e0e6f816,text_materialized,data/processed/bibit_resolved_v1/historical_non_sonnet_poetry/part-0001.txt,41676962,41835540,156420,158578,165097960a8d27911837a90efcb87e3fa4cb8ecc620b3cbf611092a0bc2e5a77
bibit001697,Descrizione delle pitture e sculture della città di Ferrara,"Brisighella, Carlo",Biblioteca Italiana,http://www.bibliotecaitaliana.it/scheda/bibit001697,historical_general,preserve_rendered_tei_text,8cb0542fe62860eccf2d02e7764ae5a76e9e3d80c71896a19b154161861d50c7,text_materialized,data/processed/bibit_resolved_v1/historical_general/part-0003.txt,30676956,30992036,313368,315080,f858dad66befa735307b02c3763eaf849e5d3beca7b1357df8579c436fd92a71
bibit001698,Commento edito e inedito sopra la Divina Commedia,"Gelli, Giovan Battista",Biblioteca Italiana,http://www.bibliotecaitaliana.it/scheda/bibit001698,historical_general,strip_editorial_square_delimiters_and_labels,11d8c3ab62f08f91f3c7a13c59235a2be8496a8687f15cd749a95d4e0cb3489e,text_materialized,data/processed/bibit_resolved_v1/historical_general/part-0003.txt,30992037,33396338,2383678,2404301,ec6061e15caeddb0d170d2e881488e95c5864aa2027e81eff971e97526d8e4ac
bibit001699,Poesie,"Donati, Jacopo",Biblioteca Italiana,http://www.bibliotecaitaliana.it/scheda/bibit001699,historical_non_sonnet_poetry,preserve_rendered_tei_text,b6304b98536421adc2a7daa9013588455447fce3ca07eb9ee37039eccd5c81b2,text_materialized,data/processed/bibit_resolved_v1/historical_non_sonnet_poetry/part-0001.txt,41835541,41835563,22,22,bf4976628cb4c1dbcadae070f0436e2afbc0da3c8c4acd192cae6a8a8444cfd1
bibit001701,Il Novellino,Masuccio Salernitano,Biblioteca Italiana,http://www.bibliotecaitaliana.it/scheda/bibit001701,historical_general,strip_editorial_square_delimiters_and_labels,d788b16bd4052de75422882c652c4c555ce4b284f8fdeb8a48596f3b59aad27a,text_materialized,data/processed/bibit_resolved_v1/historical_general/part-0003.txt,33396339,34169476,766944,773137,fa0ae26b11b2f8639eda242eb4b019c1d0ba7021b9fbde80dbc271af6c6f8d4a
bibit001702,"Il porto, o vero della repubblica d'Evandria","Zuccolo, Ludovico",Biblioteca Italiana,http://www.bibliotecaitaliana.it/scheda/bibit001702,historical_general,preserve_rendered_tei_text,b77db1cd8cc1fe21affe7d0aa6a08cf854a3883004c4320d8d869bb71140d5bc,text_materialized,data/processed/bibit_resolved_v1/historical_general/part-0003.txt,34169477,34223739,53755,54262,5f9a8c1cd1f1c32cd67100acd95f42dc9d15bf74cc6558756d7d511b6122ec89
bibit001703,Sull'origine e i limiti della giustizia,"Foscolo, Ugo",Biblioteca Italiana,http://www.bibliotecaitaliana.it/scheda/bibit001703,nineteenth_century_bridge,preserve_rendered_tei_text,f97e32e15dea47733fc6e43f3a38e5933069ad4c8e86a3eaa2a3f0d56e27d1bf,text_materialized,data/processed/bibit_resolved_v1/nineteenth_century_bridge/part-0002.txt,5903435,5942575,38650,39140,9ee0ff09d9224c5d64be04aaf865664a91ed743cf0b278ea397680a1b970abba
bibit001704,Volgarizzamento da Luciano,"Leopardi, Giacomo",Biblioteca Italiana,http://www.bibliotecaitaliana.it/scheda/bibit001704,nineteenth_century_bridge,preserve_rendered_tei_text,44f76aeaff2f9e366309393f86a8471721a35d4d231bf51fdc08fef0f2db3c8a,text_materialized,data/processed/bibit_resolved_v1/nineteenth_century_bridge/part-0002.txt,5942576,5944763,2175,2187,374abb38b0d199fff677c729cbb037e1bdf055f5fc115d78ae0d39ec9117d211
bibit001705,Zibaldone di pensieri,"Leopardi, Giacomo",Biblioteca Italiana,http://www.bibliotecaitaliana.it/scheda/bibit001705,nineteenth_century_bridge,preserve_rendered_tei_text,8068e1b27fd92fc73df98ebfe5c86cff807ac7dc2090e6b0e2ed529e750255f5,text_materialized,data/processed/bibit_resolved_v1/nineteenth_century_bridge/part-0002.txt,5944764,11673412,5550879,5728648,b5cc93ff3207121e046c337c83ffc284082cc06052d500e341a78512ce501813
bibit001706,Lettere (1521-1528),"Castiglione, Baldassarre",Biblioteca Italiana,http://www.bibliotecaitaliana.it/scheda/bibit001706,historical_general,preserve_rendered_tei_text,886a94d3960733f255834eb098f84f671e869e350abb03ebcbed4102d6cb3420,text_materialized,data/processed/bibit_resolved_v1/historical_general/part-0003.txt,34223740,34356517,131549,132777,c51f97bdbd24d441ba98e01b224946c938e006bcbf5787c3f9c9416f8ce81c9c
bibit001707,Sette lettere (1522-1525),"Castiglione, Baldassarre",Biblioteca Italiana,http://www.bibliotecaitaliana.it/scheda/bibit001707,historical_general,preserve_rendered_tei_text,61083826bdb7e1012af8820f670489181b326b0f498f6717fc35346b038af828,text_materialized,data/processed/bibit_resolved_v1/historical_general/part-0003.txt,34356518,34375224,18507,18706,91faed3418ff3f8913952d6adcd374d59531f3f7e58d7f7586b9779d38379b1e
bibit001708,Dieci lettere (1521-1525),"Castiglione, Baldassarre",Biblioteca Italiana,http://www.bibliotecaitaliana.it/scheda/bibit001708,historical_general,preserve_rendered_tei_text,5de0eb52e0ded8ea7e9aa49661589fbcf5952c27d6e0826ed367c09902ad47cf,text_materialized,data/processed/bibit_resolved_v1/historical_general/part-0003.txt,34375225,34397646,22201,22421,d3254205d334ae4c12f1b19b87cfd33b1766c167cddebf5c6c1927c354bb829b
